{"type": "FeatureCollection", "crs": {"type": "name", "properties": {"name": "urn:ogc:def:crs:EPSG::32635"}}, "features": [{"type": "Feature", "geometry": {"type": "Point", "coordinates": [629086.08, 5220837.12]}, "properties": {"type": "gap", "gap_m": 16.0, "vineyard_id": "V01", "row_id": "V01-R08", "reachable": true, "id": "T0004", "x": 629086.08, "y": 5220837.12, "order": null, "visited": false}}, {"type": "Feature", "geometry": {"type": "Point", "coordinates": [629063.49, 5220830.13]}, "properties": {"type": "gap", "gap_m": 13.7, "vineyard_id": "V01", "row_id": "V01-R22", "reachable": true, "id": "T0018", "x": 629063.49, "y": 5220830.13, "order": null, "visited": false}}, {"type": "Feature", "geometry": {"type": "Point", "coordinates": [629290.8, 5220795.84]}, "properties": {"type": "gap", "gap_m": 16.3, "vineyard_id": "V02", "row_id": "V02-R010", "reachable": true, "id": "T0027", "x": 629290.8, "y": 5220795.84, "order": 41, "visited": true}}, {"type": "Feature", "geometry": {"type": "Point", "coordinates": [629230.07, 5220913.02]}, "properties": {"type": "gap", "gap_m": 11.8, "vineyard_id": "V02", "row_id": "V02-R021", "reachable": true, "id": "T0040", "x": 629230.07, "y": 5220913.02, "order": null, "visited": false}}, {"type": "Feature", "geometry": {"type": "Point", "coordinates": [629228.97, 5220902.85]}, "properties": {"type": "gap", "gap_m": 12.9, "vineyard_id": "V02", "row_id": "V02-R023", "reachable": true, "id": "T0050", "x": 629228.97, "y": 5220902.85, "order": null, "visited": false}}, {"type": "Feature", "geometry": {"type": "Point", "coordinates": [629241.44, 5220873.3]}, "properties": {"type": "gap", "gap_m": 12.9, "vineyard_id": "V02", "row_id": "V02-R023", "reachable": true, "id": "T0053", "x": 629241.44, "y": 5220873.3, "order": null, "visited": false}}, {"type": "Feature", "geometry": {"type": "Point", "coordinates": [629246.16, 5220808.3]}, "properties": {"type": "gap", "gap_m": 10.4, "vineyard_id": "V02", "row_id": "V02-R034", "reachable": true, "id": "T0080", "x": 629246.16, "y": 5220808.3, "order": null, "visited": false}}, {"type": "Feature", "geometry": {"type": "Point", "coordinates": [629244.91, 5220804.84]}, "properties": {"type": "gap", "gap_m": 21.6, "vineyard_id": "V02", "row_id": "V02-R035", "reachable": true, "id": "T0081", "x": 629244.91, "y": 5220804.84, "order": 49, "visited": true}}, {"type": "Feature", "geometry": {"type": "Point", "coordinates": [629242.51, 5220802.74]}, "properties": {"type": "gap", "gap_m": 30.2, "vineyard_id": "V02", "row_id": "V02-R036", "reachable": true, "id": "T0083", "x": 629242.51, "y": 5220802.74, "order": null, "visited": true}}, {"type": "Feature", "geometry": {"type": "Point", "coordinates": [629256.19, 5220770.02]}, "properties": {"type": "gap", "gap_m": 11.8, "vineyard_id": "V02", "row_id": "V02-R036", "reachable": true, "id": "T0084", "x": 629256.19, "y": 5220770.02, "order": 42, "visited": true}}, {"type": "Feature", "geometry": {"type": "Point", "coordinates": [629241.77, 5220799.28]}, "properties": {"type": "gap", "gap_m": 35.5, "vineyard_id": "V02", "row_id": "V02-R037", "reachable": true, "id": "T0090", "x": 629241.77, "y": 5220799.28, "order": 48, "visited": true}}, {"type": "Feature", "geometry": {"type": "Point", "coordinates": [629240.8, 5220794.87]}, "properties": {"type": "gap", "gap_m": 38.9, "vineyard_id": "V02", "row_id": "V02-R038", "reachable": true, "id": "T0099", "x": 629240.8, "y": 5220794.87, "order": 47, "visited": true}}, {"type": "Feature", "geometry": {"type": "Point", "coordinates": [629239.28, 5220791.57]}, "properties": {"type": "gap", "gap_m": 46.0, "vineyard_id": "V02", "row_id": "V02-R042", "reachable": true, "id": "T0106", "x": 629239.28, "y": 5220791.57, "order": 46, "visited": true}}, {"type": "Feature", "geometry": {"type": "Point", "coordinates": [629236.74, 5220767.13]}, "properties": {"type": "gap", "gap_m": 10.1, "vineyard_id": "V02", "row_id": "V02-R044", "reachable": true, "id": "T0110", "x": 629236.74, "y": 5220767.13, "order": 43, "visited": true}}, {"type": "Feature", "geometry": {"type": "Point", "coordinates": [629233.07, 5220776.29]}, "properties": {"type": "gap", "gap_m": 10.1, "vineyard_id": "V02", "row_id": "V02-R048", "reachable": true, "id": "T0118", "x": 629233.07, "y": 5220776.29, "order": 44, "visited": true}}, {"type": "Feature", "geometry": {"type": "Point", "coordinates": [629237.91, 5220787.82]}, "properties": {"type": "gap", "gap_m": 53.9, "vineyard_id": "V02", "row_id": "V02-R050", "reachable": true, "id": "T0128", "x": 629237.91, "y": 5220787.82, "order": 45, "visited": true}}, {"type": "Feature", "geometry": {"type": "Point", "coordinates": [629237.22, 5220795.49]}, "properties": {"type": "gap", "gap_m": 11.6, "vineyard_id": "V02", "row_id": "V02-R051", "reachable": true, "id": "T0129", "x": 629237.22, "y": 5220795.49, "order": 50, "visited": true}}, {"type": "Feature", "geometry": {"type": "Point", "coordinates": [629232.76, 5220787.23]}, "properties": {"type": "gap", "gap_m": 55.3, "vineyard_id": "V02", "row_id": "V02-R054", "reachable": true, "id": "T0136", "x": 629232.76, "y": 5220787.23, "order": 51, "visited": true}}, {"type": "Feature", "geometry": {"type": "Point", "coordinates": [629230.73, 5220786.66]}, "properties": {"type": "gap", "gap_m": 57.7, "vineyard_id": "V02", "row_id": "V02-R055", "reachable": true, "id": "T0137", "x": 629230.73, "y": 5220786.66, "order": 52, "visited": true}}, {"type": "Feature", "geometry": {"type": "Point", "coordinates": [629214.78, 5220770.77]}, "properties": {"type": "gap", "gap_m": 12.8, "vineyard_id": "V02", "row_id": "V02-R059", "reachable": true, "id": "T0149", "x": 629214.78, "y": 5220770.77, "order": 53, "visited": true}}, {"type": "Feature", "geometry": {"type": "Point", "coordinates": [629224.54, 5220787.13]}, "properties": {"type": "gap", "gap_m": 55.4, "vineyard_id": "V02", "row_id": "V02-R060", "reachable": true, "id": "T0150", "x": 629224.54, "y": 5220787.13, "order": 54, "visited": true}}, {"type": "Feature", "geometry": {"type": "Point", "coordinates": [629216.58, 5220779.44]}, "properties": {"type": "gap", "gap_m": 13.2, "vineyard_id": "V02", "row_id": "V02-R061", "reachable": true, "id": "T0155", "x": 629216.58, "y": 5220779.44, "order": 56, "visited": true}}, {"type": "Feature", "geometry": {"type": "Point", "coordinates": [629221.69, 5220787.19]}, "properties": {"type": "gap", "gap_m": 55.3, "vineyard_id": "V02", "row_id": "V02-R062", "reachable": true, "id": "T0156", "x": 629221.69, "y": 5220787.19, "order": 55, "visited": true}}, {"type": "Feature", "geometry": {"type": "Point", "coordinates": [629219.08, 5220787.24]}, "properties": {"type": "gap", "gap_m": 55.4, "vineyard_id": "V02", "row_id": "V02-R064", "reachable": true, "id": "T0165", "x": 629219.08, "y": 5220787.24, "order": 57, "visited": true}}, {"type": "Feature", "geometry": {"type": "Point", "coordinates": [629216.31, 5220787.23]}, "properties": {"type": "gap", "gap_m": 55.3, "vineyard_id": "V02", "row_id": "V02-R066", "reachable": true, "id": "T0174", "x": 629216.31, "y": 5220787.23, "order": 58, "visited": true}}, {"type": "Feature", "geometry": {"type": "Point", "coordinates": [629234.8, 5220741.32]}, "properties": {"type": "gap", "gap_m": 12.4, "vineyard_id": "V02", "row_id": "V02-R066", "reachable": true, "id": "T0176", "x": 629234.8, "y": 5220741.32, "order": 40, "visited": true}}, {"type": "Feature", "geometry": {"type": "Point", "coordinates": [629231.82, 5220742.04]}, "properties": {"type": "gap", "gap_m": 10.2, "vineyard_id": "V02", "row_id": "V02-R067", "reachable": true, "id": "T0180", "x": 629231.82, "y": 5220742.04, "order": 39, "visited": true}}, {"type": "Feature", "geometry": {"type": "Point", "coordinates": [629211.01, 5220787.43]}, "properties": {"type": "gap", "gap_m": 55.5, "vineyard_id": "V02", "row_id": "V02-R069", "reachable": true, "id": "T0189", "x": 629211.01, "y": 5220787.43, "order": 62, "visited": true}}, {"type": "Feature", "geometry": {"type": "Point", "coordinates": [629205.5, 5220796.78]}, "properties": {"type": "gap", "gap_m": 10.4, "vineyard_id": "V02", "row_id": "V02-R072", "reachable": true, "id": "T0202", "x": 629205.5, "y": 5220796.78, "order": 63, "visited": true}}, {"type": "Feature", "geometry": {"type": "Point", "coordinates": [629208.08, 5220787.29]}, "properties": {"type": "gap", "gap_m": 56.7, "vineyard_id": "V02", "row_id": "V02-R076", "reachable": true, "id": "T0213", "x": 629208.08, "y": 5220787.29, "order": 61, "visited": true}}, {"type": "Feature", "geometry": {"type": "Point", "coordinates": [629207.19, 5220782.87]}, "properties": {"type": "gap", "gap_m": 56.1, "vineyard_id": "V02", "row_id": "V02-R078", "reachable": true, "id": "T0216", "x": 629207.19, "y": 5220782.87, "order": 60, "visited": true}}, {"type": "Feature", "geometry": {"type": "Point", "coordinates": [629204.75, 5220781.12]}, "properties": {"type": "gap", "gap_m": 42.5, "vineyard_id": "V02", "row_id": "V02-R079", "reachable": true, "id": "T0221", "x": 629204.75, "y": 5220781.12, "order": 64, "visited": true}}, {"type": "Feature", "geometry": {"type": "Point", "coordinates": [629203.43, 5220778.01]}, "properties": {"type": "gap", "gap_m": 35.7, "vineyard_id": "V02", "row_id": "V02-R080", "reachable": true, "id": "T0230", "x": 629203.43, "y": 5220778.01, "order": 65, "visited": true}}, {"type": "Feature", "geometry": {"type": "Point", "coordinates": [629201.93, 5220774.32]}, "properties": {"type": "gap", "gap_m": 27.8, "vineyard_id": "V02", "row_id": "V02-R081", "reachable": true, "id": "T0233", "x": 629201.93, "y": 5220774.32, "order": 66, "visited": true}}, {"type": "Feature", "geometry": {"type": "Point", "coordinates": [629200.72, 5220771.81]}, "properties": {"type": "gap", "gap_m": 23.9, "vineyard_id": "V02", "row_id": "V02-R082", "reachable": true, "id": "T0239", "x": 629200.72, "y": 5220771.81, "order": 59, "visited": true}}, {"type": "Feature", "geometry": {"type": "Point", "coordinates": [629198.79, 5220770.23]}, "properties": {"type": "gap", "gap_m": 18.5, "vineyard_id": "V02", "row_id": "V02-R083", "reachable": true, "id": "T0253", "x": 629198.79, "y": 5220770.23, "order": 67, "visited": true}}, {"type": "Feature", "geometry": {"type": "Point", "coordinates": [629160.92, 5220848.26]}, "properties": {"type": "gap", "gap_m": 16.1, "vineyard_id": "V02", "row_id": "V02-R085", "reachable": true, "id": "T0264", "x": 629160.92, "y": 5220848.26, "order": 68, "visited": true}}, {"type": "Feature", "geometry": {"type": "Point", "coordinates": [629148.78, 5220870.6]}, "properties": {"type": "gap", "gap_m": 11.2, "vineyard_id": "V02", "row_id": "V02-R086", "reachable": true, "id": "T0267", "x": 629148.78, "y": 5220870.6, "order": 69, "visited": true}}, {"type": "Feature", "geometry": {"type": "Point", "coordinates": [629139.47, 5220840.03]}, "properties": {"type": "gap", "gap_m": 13.6, "vineyard_id": "V02", "row_id": "V02-R094", "reachable": true, "id": "T0306", "x": 629139.47, "y": 5220840.03, "order": null, "visited": false}}, {"type": "Feature", "geometry": {"type": "Point", "coordinates": [629143.53, 5220756.61]}, "properties": {"type": "gap", "gap_m": 10.8, "vineyard_id": "V02", "row_id": "V02-R109", "reachable": true, "id": "T0349", "x": 629143.53, "y": 5220756.61, "order": 34, "visited": true}}, {"type": "Feature", "geometry": {"type": "Point", "coordinates": [629142.13, 5220752.94]}, "properties": {"type": "gap", "gap_m": 18.8, "vineyard_id": "V02", "row_id": "V02-R111", "reachable": true, "id": "T0350", "x": 629142.13, "y": 5220752.94, "order": 33, "visited": true}}, {"type": "Feature", "geometry": {"type": "Point", "coordinates": [629140.04, 5220751.78]}, "properties": {"type": "gap", "gap_m": 16.3, "vineyard_id": "V02", "row_id": "V02-R112", "reachable": true, "id": "T0351", "x": 629140.04, "y": 5220751.78, "order": 35, "visited": true}}, {"type": "Feature", "geometry": {"type": "Point", "coordinates": [629028.77, 5220774.11]}, "properties": {"type": "gap", "gap_m": 11.5, "vineyard_id": "V03", "row_id": "V03-R09", "reachable": true, "id": "T0358", "x": 629028.77, "y": 5220774.11, "order": null, "visited": false}}, {"type": "Feature", "geometry": {"type": "Point", "coordinates": [629117.24, 5220793.24]}, "properties": {"type": "gap", "gap_m": 31.3, "vineyard_id": "V04", "row_id": "V04-R01", "reachable": true, "id": "T0363", "x": 629117.24, "y": 5220793.24, "order": 30, "visited": true}}, {"type": "Feature", "geometry": {"type": "Point", "coordinates": [629126.84, 5220769.81]}, "properties": {"type": "gap", "gap_m": 13.4, "vineyard_id": "V04", "row_id": "V04-R01", "reachable": true, "id": "T0364", "x": 629126.84, "y": 5220769.81, "order": 32, "visited": true}}, {"type": "Feature", "geometry": {"type": "Point", "coordinates": [629139.43, 5220746.9]}, "properties": {"type": "gap", "gap_m": 31.8, "vineyard_id": "V04", "row_id": "V04-R02", "reachable": true, "id": "T0365", "x": 629139.43, "y": 5220746.9, "order": 36, "visited": true}}, {"type": "Feature", "geometry": {"type": "Point", "coordinates": [629112.44, 5220798.64]}, "properties": {"type": "gap", "gap_m": 20.9, "vineyard_id": "V04", "row_id": "V04-R03", "reachable": true, "id": "T0366", "x": 629112.44, "y": 5220798.64, "order": 29, "visited": true}}, {"type": "Feature", "geometry": {"type": "Point", "coordinates": [629119.11, 5220782.39]}, "properties": {"type": "gap", "gap_m": 13.0, "vineyard_id": "V04", "row_id": "V04-R03", "reachable": true, "id": "T0367", "x": 629119.11, "y": 5220782.39, "order": 31, "visited": true}}, {"type": "Feature", "geometry": {"type": "Point", "coordinates": [629135.01, 5220743.39]}, "properties": {"type": "gap", "gap_m": 60.9, "vineyard_id": "V04", "row_id": "V04-R03", "reachable": true, "id": "T0368", "x": 629135.01, "y": 5220743.39, "order": 37, "visited": true}}, {"type": "Feature", "geometry": {"type": "Point", "coordinates": [629110.97, 5220794.6]}, "properties": {"type": "gap", "gap_m": 12.5, "vineyard_id": "V04", "row_id": "V04-R05", "reachable": true, "id": "T0369", "x": 629110.97, "y": 5220794.6, "order": 28, "visited": true}}, {"type": "Feature", "geometry": {"type": "Point", "coordinates": [629117.33, 5220779.31]}, "properties": {"type": "gap", "gap_m": 13.1, "vineyard_id": "V04", "row_id": "V04-R05", "reachable": true, "id": "T0370", "x": 629117.33, "y": 5220779.31, "order": 26, "visited": true}}, {"type": "Feature", "geometry": {"type": "Point", "coordinates": [629110.7, 5220789.22]}, "properties": {"type": "gap", "gap_m": 13.9, "vineyard_id": "V04", "row_id": "V04-R06", "reachable": true, "id": "T0372", "x": 629110.7, "y": 5220789.22, "order": 27, "visited": true}}, {"type": "Feature", "geometry": {"type": "Point", "coordinates": [629116.37, 5220775.51]}, "properties": {"type": "gap", "gap_m": 14.3, "vineyard_id": "V04", "row_id": "V04-R06", "reachable": true, "id": "T0373", "x": 629116.37, "y": 5220775.51, "order": 24, "visited": true}}, {"type": "Feature", "geometry": {"type": "Point", "coordinates": [629139.79, 5220741.7]}, "properties": {"type": "gap", "gap_m": 11.9, "vineyard_id": "V04", "row_id": "V04-R07", "reachable": true, "id": "T0374", "x": 629139.79, "y": 5220741.7, "order": 38, "visited": true}}, {"type": "Feature", "geometry": {"type": "Point", "coordinates": [629110.23, 5220784.5]}, "properties": {"type": "gap", "gap_m": 13.2, "vineyard_id": "V04", "row_id": "V04-R08", "reachable": true, "id": "T0376", "x": 629110.23, "y": 5220784.5, "order": 23, "visited": true}}, {"type": "Feature", "geometry": {"type": "Point", "coordinates": [629116.1, 5220770.15]}, "properties": {"type": "gap", "gap_m": 11.7, "vineyard_id": "V04", "row_id": "V04-R08", "reachable": true, "id": "T0377", "x": 629116.1, "y": 5220770.15, "order": 25, "visited": true}}, {"type": "Feature", "geometry": {"type": "Point", "coordinates": [629109.67, 5220780.01]}, "properties": {"type": "gap", "gap_m": 12.6, "vineyard_id": "V04", "row_id": "V04-R09", "reachable": true, "id": "T0379", "x": 629109.67, "y": 5220780.01, "order": 22, "visited": true}}, {"type": "Feature", "geometry": {"type": "Point", "coordinates": [629108.86, 5220776.17]}, "properties": {"type": "gap", "gap_m": 14.1, "vineyard_id": "V04", "row_id": "V04-R11", "reachable": true, "id": "T0382", "x": 629108.86, "y": 5220776.17, "order": 21, "visited": true}}, {"type": "Feature", "geometry": {"type": "Point", "coordinates": [629102.27, 5220785.61]}, "properties": {"type": "gap", "gap_m": 10.5, "vineyard_id": "V04", "row_id": "V04-R13", "reachable": true, "id": "T0384", "x": 629102.27, "y": 5220785.61, "order": 18, "visited": true}}, {"type": "Feature", "geometry": {"type": "Point", "coordinates": [629107.55, 5220772.74]}, "properties": {"type": "gap", "gap_m": 11.7, "vineyard_id": "V04", "row_id": "V04-R13", "reachable": true, "id": "T0385", "x": 629107.55, "y": 5220772.74, "order": 20, "visited": true}}, {"type": "Feature", "geometry": {"type": "Point", "coordinates": [629101.81, 5220780.93]}, "properties": {"type": "gap", "gap_m": 12.5, "vineyard_id": "V04", "row_id": "V04-R15", "reachable": true, "id": "T0387", "x": 629101.81, "y": 5220780.93, "order": 19, "visited": true}}, {"type": "Feature", "geometry": {"type": "Point", "coordinates": [629101.45, 5220776.42]}, "properties": {"type": "gap", "gap_m": 14.4, "vineyard_id": "V04", "row_id": "V04-R17", "reachable": true, "id": "T0388", "x": 629101.45, "y": 5220776.42, "order": 17, "visited": true}}, {"type": "Feature", "geometry": {"type": "Point", "coordinates": [629101.49, 5220770.53]}, "properties": {"type": "gap", "gap_m": 10.9, "vineyard_id": "V04", "row_id": "V04-R19", "reachable": true, "id": "T0391", "x": 629101.49, "y": 5220770.53, "order": 16, "visited": true}}, {"type": "Feature", "geometry": {"type": "Point", "coordinates": [629098.19, 5220770.56]}, "properties": {"type": "gap", "gap_m": 10.7, "vineyard_id": "V04", "row_id": "V04-R21", "reachable": true, "id": "T0394", "x": 629098.19, "y": 5220770.56, "order": null, "visited": false}}, {"type": "Feature", "geometry": {"type": "Point", "coordinates": [629136.21, 5220682.1]}, "properties": {"type": "gap", "gap_m": 10.2, "vineyard_id": "V04", "row_id": "V04-R32", "reachable": true, "id": "T0401", "x": 629136.21, "y": 5220682.1, "order": null, "visited": false}}, {"type": "Feature", "geometry": {"type": "Point", "coordinates": [629133.18, 5220681.08]}, "properties": {"type": "gap", "gap_m": 11.0, "vineyard_id": "V04", "row_id": "V04-R34", "reachable": true, "id": "T0406", "x": 629133.18, "y": 5220681.08, "order": 14, "visited": true}}, {"type": "Feature", "geometry": {"type": "Point", "coordinates": [629092.26, 5220712.0]}, "properties": {"type": "gap", "gap_m": 12.0, "vineyard_id": "V04", "row_id": "V04-R43", "reachable": true, "id": "T0424", "x": 629092.26, "y": 5220712.0, "order": 15, "visited": true}}, {"type": "Feature", "geometry": {"type": "Point", "coordinates": [629040.04, 5220696.29]}, "properties": {"type": "gap", "gap_m": 17.3, "vineyard_id": "V04", "row_id": "V04-R66", "reachable": true, "id": "T0448", "x": 629040.04, "y": 5220696.29, "order": null, "visited": false}}, {"type": "Feature", "geometry": {"type": "Point", "coordinates": [629193.28, 5220680.09]}, "properties": {"type": "gap", "gap_m": 12.5, "vineyard_id": "V08", "row_id": "V08-R002", "reachable": true, "id": "T0488", "x": 629193.28, "y": 5220680.09, "order": 70, "visited": true}}, {"type": "Feature", "geometry": {"type": "Point", "coordinates": [629155.76, 5220698.3]}, "properties": {"type": "gap", "gap_m": 14.7, "vineyard_id": "V08", "row_id": "V08-R009", "reachable": true, "id": "T0497", "x": 629155.76, "y": 5220698.3, "order": 11, "visited": true}}, {"type": "Feature", "geometry": {"type": "Point", "coordinates": [629151.36, 5220694.4]}, "properties": {"type": "gap", "gap_m": 12.5, "vineyard_id": "V08", "row_id": "V08-R011", "reachable": true, "id": "T0500", "x": 629151.36, "y": 5220694.4, "order": 12, "visited": true}}, {"type": "Feature", "geometry": {"type": "Point", "coordinates": [629148.66, 5220688.94]}, "properties": {"type": "gap", "gap_m": 10.8, "vineyard_id": "V08", "row_id": "V08-R014", "reachable": true, "id": "T0502", "x": 629148.66, "y": 5220688.94, "order": 13, "visited": true}}, {"type": "Feature", "geometry": {"type": "Point", "coordinates": [629162.32, 5220596.9]}, "properties": {"type": "gap", "gap_m": 10.0, "vineyard_id": "V08", "row_id": "V08-R072", "reachable": true, "id": "T0540", "x": 629162.32, "y": 5220596.9, "order": 10, "visited": true}}, {"type": "Feature", "geometry": {"type": "Point", "coordinates": [629106.33, 5220602.96]}, "properties": {"type": "gap", "gap_m": 10.2, "vineyard_id": "V08", "row_id": "V08-R084", "reachable": true, "id": "T0568", "x": 629106.33, "y": 5220602.96, "order": null, "visited": false}}, {"type": "Feature", "geometry": {"type": "Point", "coordinates": [629161.97, 5220545.59]}, "properties": {"type": "gap", "gap_m": 15.4, "vineyard_id": "V08", "row_id": "V08-R100", "reachable": true, "id": "T0578", "x": 629161.97, "y": 5220545.59, "order": null, "visited": false}}, {"type": "Feature", "geometry": {"type": "Point", "coordinates": [629170.6, 5220530.25]}, "properties": {"type": "gap", "gap_m": 12.6, "vineyard_id": "V08", "row_id": "V08-R104", "reachable": true, "id": "T0601", "x": 629170.6, "y": 5220530.25, "order": null, "visited": false}}, {"type": "Feature", "geometry": {"type": "Point", "coordinates": [629175.44, 5220516.12]}, "properties": {"type": "gap", "gap_m": 15.5, "vineyard_id": "V08", "row_id": "V08-R109", "reachable": true, "id": "T0612", "x": 629175.44, "y": 5220516.12, "order": null, "visited": false}}, {"type": "Feature", "geometry": {"type": "Point", "coordinates": [629214.42, 5220493.57]}, "properties": {"type": "gap", "gap_m": 17.0, "vineyard_id": "V08", "row_id": "V08-R111", "reachable": true, "id": "T0617", "x": 629214.42, "y": 5220493.57, "order": null, "visited": true}}, {"type": "Feature", "geometry": {"type": "Point", "coordinates": [629215.77, 5220487.37]}, "properties": {"type": "gap", "gap_m": 10.7, "vineyard_id": "V08", "row_id": "V08-R113", "reachable": true, "id": "T0625", "x": 629215.77, "y": 5220487.37, "order": 7, "visited": true}}, {"type": "Feature", "geometry": {"type": "Point", "coordinates": [629211.66, 5220487.16]}, "properties": {"type": "gap", "gap_m": 24.4, "vineyard_id": "V08", "row_id": "V08-R114", "reachable": true, "id": "T0627", "x": 629211.66, "y": 5220487.16, "order": 6, "visited": true}}, {"type": "Feature", "geometry": {"type": "Point", "coordinates": [629219.33, 5220480.1]}, "properties": {"type": "gap", "gap_m": 15.2, "vineyard_id": "V08", "row_id": "V08-R115", "reachable": true, "id": "T0629", "x": 629219.33, "y": 5220480.1, "order": null, "visited": true}}, {"type": "Feature", "geometry": {"type": "Point", "coordinates": [629222.08, 5220476.35]}, "properties": {"type": "gap", "gap_m": 22.1, "vineyard_id": "V08", "row_id": "V08-R116", "reachable": true, "id": "T0631", "x": 629222.08, "y": 5220476.35, "order": 5, "visited": true}}, {"type": "Feature", "geometry": {"type": "Point", "coordinates": [629209.44, 5220480.35]}, "properties": {"type": "gap", "gap_m": 17.9, "vineyard_id": "V08", "row_id": "V08-R117", "reachable": true, "id": "T0632", "x": 629209.44, "y": 5220480.35, "order": 4, "visited": true}}, {"type": "Feature", "geometry": {"type": "Point", "coordinates": [629201.62, 5220482.2]}, "properties": {"type": "gap", "gap_m": 10.1, "vineyard_id": "V08", "row_id": "V08-R118", "reachable": true, "id": "T0634", "x": 629201.62, "y": 5220482.2, "order": 3, "visited": true}}, {"type": "Feature", "geometry": {"type": "Point", "coordinates": [629217.08, 5220473.87]}, "properties": {"type": "gap", "gap_m": 12.3, "vineyard_id": "V08", "row_id": "V08-R118", "reachable": true, "id": "T0635", "x": 629217.08, "y": 5220473.87, "order": 2, "visited": true}}, {"type": "Feature", "geometry": {"type": "Point", "coordinates": [629228.38, 5220551.65]}, "properties": {"type": "gap", "gap_m": 16.6, "vineyard_id": "V10", "row_id": "V10-R15", "reachable": true, "id": "T0650", "x": 629228.38, "y": 5220551.65, "order": 9, "visited": true}}, {"type": "Feature", "geometry": {"type": "Point", "coordinates": [629226.52, 5220549.66]}, "properties": {"type": "gap", "gap_m": 10.9, "vineyard_id": "V10", "row_id": "V10-R16", "reachable": true, "id": "T0652", "x": 629226.52, "y": 5220549.66, "order": 8, "visited": true}}, {"type": "Feature", "geometry": {"type": "Point", "coordinates": [629416.16, 5220648.65]}, "properties": {"type": "gap", "gap_m": 12.0, "vineyard_id": "V11", "row_id": "V11-R010", "reachable": true, "id": "T0670", "x": 629416.16, "y": 5220648.65, "order": 77, "visited": true}}, {"type": "Feature", "geometry": {"type": "Point", "coordinates": [629415.73, 5220646.11]}, "properties": {"type": "gap", "gap_m": 17.0, "vineyard_id": "V11", "row_id": "V11-R011", "reachable": true, "id": "T0674", "x": 629415.73, "y": 5220646.11, "order": 78, "visited": true}}, {"type": "Feature", "geometry": {"type": "Point", "coordinates": [629395.23, 5220642.82]}, "properties": {"type": "gap", "gap_m": 11.4, "vineyard_id": "V11", "row_id": "V11-R011", "reachable": true, "id": "T0675", "x": 629395.23, "y": 5220642.82, "order": 75, "visited": true}}, {"type": "Feature", "geometry": {"type": "Point", "coordinates": [629415.57, 5220643.64]}, "properties": {"type": "gap", "gap_m": 17.2, "vineyard_id": "V11", "row_id": "V11-R012", "reachable": true, "id": "T0676", "x": 629415.57, "y": 5220643.64, "order": 80, "visited": true}}, {"type": "Feature", "geometry": {"type": "Point", "coordinates": [629393.6, 5220641.22]}, "properties": {"type": "gap", "gap_m": 10.7, "vineyard_id": "V11", "row_id": "V11-R012", "reachable": true, "id": "T0677", "x": 629393.6, "y": 5220641.22, "order": 76, "visited": true}}, {"type": "Feature", "geometry": {"type": "Point", "coordinates": [629413.69, 5220641.11]}, "properties": {"type": "gap", "gap_m": 14.7, "vineyard_id": "V11", "row_id": "V11-R013", "reachable": true, "id": "T0682", "x": 629413.69, "y": 5220641.11, "order": 79, "visited": true}}, {"type": "Feature", "geometry": {"type": "Point", "coordinates": [629410.07, 5220635.49]}, "properties": {"type": "gap", "gap_m": 13.0, "vineyard_id": "V11", "row_id": "V11-R014", "reachable": true, "id": "T0686", "x": 629410.07, "y": 5220635.49, "order": 74, "visited": true}}, {"type": "Feature", "geometry": {"type": "Point", "coordinates": [629409.43, 5220633.98]}, "properties": {"type": "gap", "gap_m": 11.3, "vineyard_id": "V11", "row_id": "V11-R017", "reachable": true, "id": "T0696", "x": 629409.43, "y": 5220633.98, "order": 74, "visited": true}}, {"type": "Feature", "geometry": {"type": "Point", "coordinates": [629384.65, 5220627.61]}, "properties": {"type": "gap", "gap_m": 10.4, "vineyard_id": "V11", "row_id": "V11-R019", "reachable": true, "id": "T0705", "x": 629384.65, "y": 5220627.61, "order": 73, "visited": true}}, {"type": "Feature", "geometry": {"type": "Point", "coordinates": [629438.92, 5220632.98]}, "properties": {"type": "gap", "gap_m": 13.6, "vineyard_id": "V11", "row_id": "V11-R020", "reachable": true, "id": "T0709", "x": 629438.92, "y": 5220632.98, "order": 81, "visited": true}}, {"type": "Feature", "geometry": {"type": "Point", "coordinates": [629407.46, 5220627.89]}, "properties": {"type": "gap", "gap_m": 10.4, "vineyard_id": "V11", "row_id": "V11-R020", "reachable": true, "id": "T0712", "x": 629407.46, "y": 5220627.89, "order": null, "visited": true}}, {"type": "Feature", "geometry": {"type": "Point", "coordinates": [629441.1, 5220631.04]}, "properties": {"type": "gap", "gap_m": 20.9, "vineyard_id": "V11", "row_id": "V11-R021", "reachable": true, "id": "T0713", "x": 629441.1, "y": 5220631.04, "order": null, "visited": false}}, {"type": "Feature", "geometry": {"type": "Point", "coordinates": [629395.52, 5220587.73]}, "properties": {"type": "gap", "gap_m": 11.2, "vineyard_id": "V11", "row_id": "V11-R045", "reachable": true, "id": "T0749", "x": 629395.52, "y": 5220587.73, "order": 72, "visited": true}}, {"type": "Feature", "geometry": {"type": "Point", "coordinates": [629395.24, 5220585.55]}, "properties": {"type": "gap", "gap_m": 10.9, "vineyard_id": "V11", "row_id": "V11-R047", "reachable": true, "id": "T0755", "x": 629395.24, "y": 5220585.55, "order": 72, "visited": true}}, {"type": "Feature", "geometry": {"type": "Point", "coordinates": [629394.1, 5220582.6]}, "properties": {"type": "gap", "gap_m": 12.1, "vineyard_id": "V11", "row_id": "V11-R049", "reachable": true, "id": "T0761", "x": 629394.1, "y": 5220582.6, "order": 71, "visited": true}}, {"type": "Feature", "geometry": {"type": "Point", "coordinates": [629429.25, 5220598.44]}, "properties": {"type": "gap", "gap_m": 11.3, "vineyard_id": "V11", "row_id": "V11-R052", "reachable": true, "id": "T0768", "x": 629429.25, "y": 5220598.44, "order": 82, "visited": true}}, {"type": "Feature", "geometry": {"type": "Point", "coordinates": [629490.22, 5220578.41]}, "properties": {"type": "gap", "gap_m": 10.9, "vineyard_id": "V11", "row_id": "V11-R054", "reachable": true, "id": "T0771", "x": 629490.22, "y": 5220578.41, "order": null, "visited": false}}, {"type": "Feature", "geometry": {"type": "Point", "coordinates": [629394.32, 5220580.04]}, "properties": {"type": "gap", "gap_m": 13.1, "vineyard_id": "V11", "row_id": "V11-R056", "reachable": true, "id": "T0774", "x": 629394.32, "y": 5220580.04, "order": 71, "visited": true}}, {"type": "Feature", "geometry": {"type": "Point", "coordinates": [629392.66, 5220577.76]}, "properties": {"type": "gap", "gap_m": 11.0, "vineyard_id": "V11", "row_id": "V11-R058", "reachable": true, "id": "T0777", "x": 629392.66, "y": 5220577.76, "order": null, "visited": false}}, {"type": "Feature", "geometry": {"type": "Point", "coordinates": [629387.4, 5220562.89]}, "properties": {"type": "gap", "gap_m": 12.7, "vineyard_id": "V11", "row_id": "V11-R061", "reachable": true, "id": "T0785", "x": 629387.4, "y": 5220562.89, "order": null, "visited": false}}, {"type": "Feature", "geometry": {"type": "Point", "coordinates": [629387.84, 5220561.17]}, "properties": {"type": "gap", "gap_m": 10.9, "vineyard_id": "V11", "row_id": "V11-R064", "reachable": true, "id": "T0789", "x": 629387.84, "y": 5220561.17, "order": null, "visited": false}}, {"type": "Feature", "geometry": {"type": "Point", "coordinates": [629476.25, 5220564.72]}, "properties": {"type": "gap", "gap_m": 11.1, "vineyard_id": "V11", "row_id": "V11-R065", "reachable": true, "id": "T0790", "x": 629476.25, "y": 5220564.72, "order": null, "visited": false}}, {"type": "Feature", "geometry": {"type": "Point", "coordinates": [629388.38, 5220558.8]}, "properties": {"type": "gap", "gap_m": 11.0, "vineyard_id": "V11", "row_id": "V11-R066", "reachable": true, "id": "T0792", "x": 629388.38, "y": 5220558.8, "order": null, "visited": false}}, {"type": "Feature", "geometry": {"type": "Point", "coordinates": [629488.98, 5220538.73]}, "properties": {"type": "gap", "gap_m": 15.7, "vineyard_id": "V11", "row_id": "V11-R077", "reachable": true, "id": "T0814", "x": 629488.98, "y": 5220538.73, "order": null, "visited": false}}, {"type": "Feature", "geometry": {"type": "Point", "coordinates": [629487.3, 5220536.66]}, "properties": {"type": "gap", "gap_m": 20.1, "vineyard_id": "V11", "row_id": "V11-R079", "reachable": true, "id": "T0817", "x": 629487.3, "y": 5220536.66, "order": null, "visited": false}}, {"type": "Feature", "geometry": {"type": "Point", "coordinates": [629479.68, 5220534.06]}, "properties": {"type": "gap", "gap_m": 32.8, "vineyard_id": "V11", "row_id": "V11-R082", "reachable": true, "id": "T0820", "x": 629479.68, "y": 5220534.06, "order": null, "visited": false}}, {"type": "Feature", "geometry": {"type": "Point", "coordinates": [629432.51, 5220535.06]}, "properties": {"type": "gap", "gap_m": 10.2, "vineyard_id": "V11", "row_id": "V11-R085", "reachable": true, "id": "T0826", "x": 629432.51, "y": 5220535.06, "order": 88, "visited": true}}, {"type": "Feature", "geometry": {"type": "Point", "coordinates": [629476.84, 5220529.68]}, "properties": {"type": "gap", "gap_m": 22.3, "vineyard_id": "V11", "row_id": "V11-R086", "reachable": true, "id": "T0828", "x": 629476.84, "y": 5220529.68, "order": null, "visited": false}}, {"type": "Feature", "geometry": {"type": "Point", "coordinates": [629476.57, 5220527.34]}, "properties": {"type": "gap", "gap_m": 28.7, "vineyard_id": "V11", "row_id": "V11-R088", "reachable": true, "id": "T0829", "x": 629476.57, "y": 5220527.34, "order": null, "visited": true}}, {"type": "Feature", "geometry": {"type": "Point", "coordinates": [629477.31, 5220524.46]}, "properties": {"type": "gap", "gap_m": 28.4, "vineyard_id": "V11", "row_id": "V11-R089", "reachable": true, "id": "T0830", "x": 629477.31, "y": 5220524.46, "order": 83, "visited": true}}, {"type": "Feature", "geometry": {"type": "Point", "coordinates": [629474.44, 5220522.06]}, "properties": {"type": "gap", "gap_m": 17.6, "vineyard_id": "V11", "row_id": "V11-R090", "reachable": true, "id": "T0831", "x": 629474.44, "y": 5220522.06, "order": 84, "visited": true}}, {"type": "Feature", "geometry": {"type": "Point", "coordinates": [629473.91, 5220519.76]}, "properties": {"type": "gap", "gap_m": 10.3, "vineyard_id": "V11", "row_id": "V11-R091", "reachable": true, "id": "T0833", "x": 629473.91, "y": 5220519.76, "order": 84, "visited": true}}, {"type": "Feature", "geometry": {"type": "Point", "coordinates": [629485.13, 5220510.05]}, "properties": {"type": "gap", "gap_m": 18.9, "vineyard_id": "V11", "row_id": "V11-R094", "reachable": true, "id": "T0838", "x": 629485.13, "y": 5220510.05, "order": 86, "visited": true}}, {"type": "Feature", "geometry": {"type": "Point", "coordinates": [629477.4, 5220507.78]}, "properties": {"type": "gap", "gap_m": 10.7, "vineyard_id": "V11", "row_id": "V11-R095", "reachable": true, "id": "T0839", "x": 629477.4, "y": 5220507.78, "order": 85, "visited": true}}, {"type": "Feature", "geometry": {"type": "Point", "coordinates": [629485.6, 5220500.3]}, "properties": {"type": "gap", "gap_m": 11.5, "vineyard_id": "V11", "row_id": "V11-R098", "reachable": true, "id": "T0843", "x": 629485.6, "y": 5220500.3, "order": 97, "visited": true}}, {"type": "Feature", "geometry": {"type": "Point", "coordinates": [629494.45, 5220494.21]}, "properties": {"type": "gap", "gap_m": 12.1, "vineyard_id": "V11", "row_id": "V11-R100", "reachable": true, "id": "T0847", "x": 629494.45, "y": 5220494.21, "order": 98, "visited": true}}, {"type": "Feature", "geometry": {"type": "Point", "coordinates": [629488.48, 5220490.93]}, "properties": {"type": "gap", "gap_m": 20.0, "vineyard_id": "V11", "row_id": "V11-R101", "reachable": true, "id": "T0849", "x": 629488.48, "y": 5220490.93, "order": 99, "visited": true}}, {"type": "Feature", "geometry": {"type": "Point", "coordinates": [629494.74, 5220488.82]}, "properties": {"type": "gap", "gap_m": 12.1, "vineyard_id": "V11", "row_id": "V11-R102", "reachable": true, "id": "T0851", "x": 629494.74, "y": 5220488.82, "order": 100, "visited": true}}, {"type": "Feature", "geometry": {"type": "Point", "coordinates": [629487.76, 5220483.49]}, "properties": {"type": "gap", "gap_m": 14.7, "vineyard_id": "V11", "row_id": "V11-R104", "reachable": true, "id": "T0857", "x": 629487.76, "y": 5220483.49, "order": null, "visited": false}}, {"type": "Feature", "geometry": {"type": "Point", "coordinates": [629352.75, 5220481.01]}, "properties": {"type": "gap", "gap_m": 47.4, "vineyard_id": "V13", "row_id": "V13-R09", "reachable": true, "id": "T0867", "x": 629352.75, "y": 5220481.01, "order": null, "visited": false}}, {"type": "Feature", "geometry": {"type": "Point", "coordinates": [629392.07, 5220478.21]}, "properties": {"type": "gap", "gap_m": 17.8, "vineyard_id": "V14", "row_id": "V14-R05", "reachable": true, "id": "T0876", "x": 629392.07, "y": 5220478.21, "order": null, "visited": false}}, {"type": "Feature", "geometry": {"type": "Point", "coordinates": [629391.18, 5220461.04]}, "properties": {"type": "gap", "gap_m": 10.3, "vineyard_id": "V14", "row_id": "V14-R05", "reachable": true, "id": "T0877", "x": 629391.18, "y": 5220461.04, "order": 93, "visited": true}}, {"type": "Feature", "geometry": {"type": "Point", "coordinates": [629389.78, 5220473.77]}, "properties": {"type": "gap", "gap_m": 11.8, "vineyard_id": "V14", "row_id": "V14-R06", "reachable": true, "id": "T0879", "x": 629389.78, "y": 5220473.77, "order": 92, "visited": true}}, {"type": "Feature", "geometry": {"type": "Point", "coordinates": [629396.28, 5220493.23]}, "properties": {"type": "gap", "gap_m": 12.7, "vineyard_id": "V14", "row_id": "V14-R07", "reachable": true, "id": "T0881", "x": 629396.28, "y": 5220493.23, "order": 91, "visited": true}}, {"type": "Feature", "geometry": {"type": "Point", "coordinates": [629399.16, 5220495.86]}, "properties": {"type": "gap", "gap_m": 16.4, "vineyard_id": "V14", "row_id": "V14-R08", "reachable": true, "id": "T0883", "x": 629399.16, "y": 5220495.86, "order": 90, "visited": true}}, {"type": "Feature", "geometry": {"type": "Point", "coordinates": [629397.86, 5220471.18]}, "properties": {"type": "gap", "gap_m": 21.5, "vineyard_id": "V14", "row_id": "V14-R08", "reachable": true, "id": "T0885", "x": 629397.86, "y": 5220471.18, "order": 94, "visited": true}}, {"type": "Feature", "geometry": {"type": "Point", "coordinates": [629413.58, 5220503.66]}, "properties": {"type": "gap", "gap_m": 11.9, "vineyard_id": "V14", "row_id": "V14-R09", "reachable": true, "id": "T0886", "x": 629413.58, "y": 5220503.66, "order": null, "visited": false}}, {"type": "Feature", "geometry": {"type": "Point", "coordinates": [629427.27, 5220502.74]}, "properties": {"type": "gap", "gap_m": 13.9, "vineyard_id": "V14", "row_id": "V14-R09", "reachable": true, "id": "T0887", "x": 629427.27, "y": 5220502.74, "order": 87, "visited": true}}, {"type": "Feature", "geometry": {"type": "Point", "coordinates": [629421.56, 5220500.18]}, "properties": {"type": "gap", "gap_m": 31.1, "vineyard_id": "V14", "row_id": "V14-R10", "reachable": true, "id": "T0889", "x": 629421.56, "y": 5220500.18, "order": 89, "visited": true}}, {"type": "Feature", "geometry": {"type": "Point", "coordinates": [629416.19, 5220498.68]}, "properties": {"type": "gap", "gap_m": 22.5, "vineyard_id": "V14", "row_id": "V14-R11", "reachable": true, "id": "T0891", "x": 629416.19, "y": 5220498.68, "order": null, "visited": false}}, {"type": "Feature", "geometry": {"type": "Point", "coordinates": [629420.53, 5220497.01]}, "properties": {"type": "gap", "gap_m": 32.8, "vineyard_id": "V14", "row_id": "V14-R12", "reachable": true, "id": "T0893", "x": 629420.53, "y": 5220497.01, "order": 96, "visited": true}}, {"type": "Feature", "geometry": {"type": "Point", "coordinates": [629419.23, 5220493.76]}, "properties": {"type": "gap", "gap_m": 34.5, "vineyard_id": "V14", "row_id": "V14-R13", "reachable": true, "id": "T0895", "x": 629419.23, "y": 5220493.76, "order": 95, "visited": true}}, {"type": "Feature", "geometry": {"type": "Point", "coordinates": [629427.26, 5220447.57]}, "properties": {"type": "gap", "gap_m": 10.9, "vineyard_id": "V16", "row_id": "V16-R01", "reachable": true, "id": "T0907", "x": 629427.26, "y": 5220447.57, "order": null, "visited": false}}, {"type": "Feature", "geometry": {"type": "Point", "coordinates": [629426.91, 5220445.53]}, "properties": {"type": "gap", "gap_m": 10.0, "vineyard_id": "V16", "row_id": "V16-R02", "reachable": true, "id": "T0909", "x": 629426.91, "y": 5220445.53, "order": null, "visited": false}}, {"type": "Feature", "geometry": {"type": "Point", "coordinates": [629420.52, 5220433.54]}, "properties": {"type": "gap", "gap_m": 17.2, "vineyard_id": "V16", "row_id": "V16-R04", "reachable": true, "id": "T0913", "x": 629420.52, "y": 5220433.54, "order": null, "visited": false}}, {"type": "Feature", "geometry": {"type": "Point", "coordinates": [629420.93, 5220430.86]}, "properties": {"type": "gap", "gap_m": 18.3, "vineyard_id": "V16", "row_id": "V16-R05", "reachable": true, "id": "T0914", "x": 629420.93, "y": 5220430.86, "order": null, "visited": false}}, {"type": "Feature", "geometry": {"type": "Point", "coordinates": [629523.89, 5220255.47]}, "properties": {"type": "gap", "gap_m": 10.7, "vineyard_id": "V20", "row_id": "V20-R03", "reachable": true, "id": "T0921", "x": 629523.89, "y": 5220255.47, "order": 101, "visited": true}}, {"type": "Feature", "geometry": {"type": "Point", "coordinates": [629592.18, 5220278.34]}, "properties": {"type": "gap", "gap_m": 10.3, "vineyard_id": "V21", "row_id": "V21-R05", "reachable": true, "id": "T0929", "x": 629592.18, "y": 5220278.34, "order": 124, "visited": true}}, {"type": "Feature", "geometry": {"type": "Point", "coordinates": [629538.12, 5220280.92]}, "properties": {"type": "gap", "gap_m": 47.1, "vineyard_id": "V21", "row_id": "V21-R10", "reachable": true, "id": "T0932", "x": 629538.12, "y": 5220280.92, "order": 106, "visited": true}}, {"type": "Feature", "geometry": {"type": "Point", "coordinates": [629535.92, 5220279.02]}, "properties": {"type": "gap", "gap_m": 43.7, "vineyard_id": "V21", "row_id": "V21-R11", "reachable": true, "id": "T0933", "x": 629535.92, "y": 5220279.02, "order": 105, "visited": true}}, {"type": "Feature", "geometry": {"type": "Point", "coordinates": [629533.33, 5220277.46]}, "properties": {"type": "gap", "gap_m": 24.3, "vineyard_id": "V21", "row_id": "V21-R12", "reachable": true, "id": "T0934", "x": 629533.33, "y": 5220277.46, "order": 104, "visited": true}}, {"type": "Feature", "geometry": {"type": "Point", "coordinates": [629536.72, 5220268.33]}, "properties": {"type": "gap", "gap_m": 21.6, "vineyard_id": "V21", "row_id": "V21-R13", "reachable": true, "id": "T0936", "x": 629536.72, "y": 5220268.33, "order": 103, "visited": true}}, {"type": "Feature", "geometry": {"type": "Point", "coordinates": [629534.0, 5220266.39]}, "properties": {"type": "gap", "gap_m": 22.1, "vineyard_id": "V21", "row_id": "V21-R14", "reachable": true, "id": "T0937", "x": 629534.0, "y": 5220266.39, "order": 102, "visited": true}}, {"type": "Feature", "geometry": {"type": "Point", "coordinates": [629686.39, 5220286.97]}, "properties": {"type": "gap", "gap_m": 14.2, "vineyard_id": "V22", "row_id": "V22-R02", "reachable": true, "id": "T0940", "x": 629686.39, "y": 5220286.97, "order": null, "visited": false}}, {"type": "Feature", "geometry": {"type": "Point", "coordinates": [629671.91, 5220295.2]}, "properties": {"type": "gap", "gap_m": 13.1, "vineyard_id": "V22", "row_id": "V22-R03", "reachable": true, "id": "T0942", "x": 629671.91, "y": 5220295.2, "order": null, "visited": false}}, {"type": "Feature", "geometry": {"type": "Point", "coordinates": [629684.32, 5220279.92]}, "properties": {"type": "gap", "gap_m": 21.8, "vineyard_id": "V22", "row_id": "V22-R03", "reachable": true, "id": "T0943", "x": 629684.32, "y": 5220279.92, "order": null, "visited": false}}, {"type": "Feature", "geometry": {"type": "Point", "coordinates": [629669.01, 5220293.03]}, "properties": {"type": "gap", "gap_m": 13.2, "vineyard_id": "V22", "row_id": "V22-R04", "reachable": true, "id": "T0944", "x": 629669.01, "y": 5220293.03, "order": 125, "visited": true}}, {"type": "Feature", "geometry": {"type": "Point", "coordinates": [629681.6, 5220277.5]}, "properties": {"type": "gap", "gap_m": 21.9, "vineyard_id": "V22", "row_id": "V22-R04", "reachable": true, "id": "T0945", "x": 629681.6, "y": 5220277.5, "order": 126, "visited": true}}, {"type": "Feature", "geometry": {"type": "Point", "coordinates": [629677.44, 5220277.7]}, "properties": {"type": "gap", "gap_m": 16.8, "vineyard_id": "V22", "row_id": "V22-R06", "reachable": true, "id": "T0948", "x": 629677.44, "y": 5220277.7, "order": 127, "visited": true}}, {"type": "Feature", "geometry": {"type": "Point", "coordinates": [629664.13, 5220287.58]}, "properties": {"type": "gap", "gap_m": 12.4, "vineyard_id": "V22", "row_id": "V22-R08", "reachable": true, "id": "T0950", "x": 629664.13, "y": 5220287.58, "order": 128, "visited": true}}, {"type": "Feature", "geometry": {"type": "Point", "coordinates": [629651.41, 5220291.76]}, "properties": {"type": "gap", "gap_m": 15.6, "vineyard_id": "V22", "row_id": "V22-R11", "reachable": true, "id": "T0953", "x": 629651.41, "y": 5220291.76, "order": 129, "visited": true}}, {"type": "Feature", "geometry": {"type": "Point", "coordinates": [629494.92, 5220236.99]}, "properties": {"type": "gap", "gap_m": 16.2, "vineyard_id": "V23", "row_id": "V23-R01", "reachable": true, "id": "T0955", "x": 629494.92, "y": 5220236.99, "order": 1, "visited": true}}, {"type": "Feature", "geometry": {"type": "Point", "coordinates": [629497.71, 5220225.05]}, "properties": {"type": "gap", "gap_m": 10.4, "vineyard_id": "V23", "row_id": "V23-R05", "reachable": true, "id": "T0962", "x": 629497.71, "y": 5220225.05, "order": 386, "visited": true}}, {"type": "Feature", "geometry": {"type": "Point", "coordinates": [629493.5, 5220208.22]}, "properties": {"type": "gap", "gap_m": 18.3, "vineyard_id": "V23", "row_id": "V23-R08", "reachable": true, "id": "T0965", "x": 629493.5, "y": 5220208.22, "order": 385, "visited": true}}, {"type": "Feature", "geometry": {"type": "Point", "coordinates": [629493.13, 5220205.79]}, "properties": {"type": "gap", "gap_m": 19.7, "vineyard_id": "V23", "row_id": "V23-R09", "reachable": true, "id": "T0966", "x": 629493.13, "y": 5220205.79, "order": 385, "visited": true}}, {"type": "Feature", "geometry": {"type": "Point", "coordinates": [629690.48, 5220227.07]}, "properties": {"type": "gap", "gap_m": 47.6, "vineyard_id": "V24", "row_id": "V24-R02", "reachable": true, "id": "T0970", "x": 629690.48, "y": 5220227.07, "order": 130, "visited": true}}, {"type": "Feature", "geometry": {"type": "Point", "coordinates": [629653.22, 5220243.67]}, "properties": {"type": "gap", "gap_m": 15.1, "vineyard_id": "V24", "row_id": "V24-R12", "reachable": true, "id": "T0988", "x": 629653.22, "y": 5220243.67, "order": 123, "visited": true}}, {"type": "Feature", "geometry": {"type": "Point", "coordinates": [629651.08, 5220241.76]}, "properties": {"type": "gap", "gap_m": 21.1, "vineyard_id": "V24", "row_id": "V24-R13", "reachable": true, "id": "T0990", "x": 629651.08, "y": 5220241.76, "order": 122, "visited": true}}, {"type": "Feature", "geometry": {"type": "Point", "coordinates": [629649.14, 5220239.58]}, "properties": {"type": "gap", "gap_m": 27.4, "vineyard_id": "V24", "row_id": "V24-R16", "reachable": true, "id": "T0993", "x": 629649.14, "y": 5220239.58, "order": 121, "visited": true}}, {"type": "Feature", "geometry": {"type": "Point", "coordinates": [629647.9, 5220236.78]}, "properties": {"type": "gap", "gap_m": 32.4, "vineyard_id": "V24", "row_id": "V24-R18", "reachable": true, "id": "T0995", "x": 629647.9, "y": 5220236.78, "order": 120, "visited": true}}, {"type": "Feature", "geometry": {"type": "Point", "coordinates": [629645.9, 5220234.69]}, "properties": {"type": "gap", "gap_m": 37.6, "vineyard_id": "V24", "row_id": "V24-R19", "reachable": true, "id": "T0998", "x": 629645.9, "y": 5220234.69, "order": 119, "visited": true}}, {"type": "Feature", "geometry": {"type": "Point", "coordinates": [629643.31, 5220231.53]}, "properties": {"type": "gap", "gap_m": 25.9, "vineyard_id": "V24", "row_id": "V24-R22", "reachable": true, "id": "T1000", "x": 629643.31, "y": 5220231.53, "order": 118, "visited": true}}, {"type": "Feature", "geometry": {"type": "Point", "coordinates": [629642.07, 5220228.61]}, "properties": {"type": "gap", "gap_m": 33.7, "vineyard_id": "V24", "row_id": "V24-R23", "reachable": true, "id": "T1001", "x": 629642.07, "y": 5220228.61, "order": 117, "visited": true}}, {"type": "Feature", "geometry": {"type": "Point", "coordinates": [629639.89, 5220227.05]}, "properties": {"type": "gap", "gap_m": 31.7, "vineyard_id": "V24", "row_id": "V24-R24", "reachable": true, "id": "T1005", "x": 629639.89, "y": 5220227.05, "order": 116, "visited": true}}, {"type": "Feature", "geometry": {"type": "Point", "coordinates": [629634.27, 5220229.61]}, "properties": {"type": "gap", "gap_m": 25.3, "vineyard_id": "V24", "row_id": "V24-R26", "reachable": true, "id": "T1006", "x": 629634.27, "y": 5220229.61, "order": 115, "visited": true}}, {"type": "Feature", "geometry": {"type": "Point", "coordinates": [629630.34, 5220230.5]}, "properties": {"type": "gap", "gap_m": 34.4, "vineyard_id": "V24", "row_id": "V24-R27", "reachable": true, "id": "T1008", "x": 629630.34, "y": 5220230.5, "order": 113, "visited": true}}, {"type": "Feature", "geometry": {"type": "Point", "coordinates": [629634.56, 5220220.24]}, "properties": {"type": "gap", "gap_m": 35.9, "vineyard_id": "V24", "row_id": "V24-R28", "reachable": true, "id": "T1009", "x": 629634.56, "y": 5220220.24, "order": 114, "visited": true}}, {"type": "Feature", "geometry": {"type": "Point", "coordinates": [629625.69, 5220227.15]}, "properties": {"type": "gap", "gap_m": 39.0, "vineyard_id": "V24", "row_id": "V24-R30", "reachable": true, "id": "T1014", "x": 629625.69, "y": 5220227.15, "order": 112, "visited": true}}, {"type": "Feature", "geometry": {"type": "Point", "coordinates": [629623.95, 5220224.92]}, "properties": {"type": "gap", "gap_m": 34.8, "vineyard_id": "V24", "row_id": "V24-R31", "reachable": true, "id": "T1016", "x": 629623.95, "y": 5220224.92, "order": 111, "visited": true}}, {"type": "Feature", "geometry": {"type": "Point", "coordinates": [629622.75, 5220221.96]}, "properties": {"type": "gap", "gap_m": 38.7, "vineyard_id": "V24", "row_id": "V24-R32", "reachable": true, "id": "T1017", "x": 629622.75, "y": 5220221.96, "order": 110, "visited": true}}, {"type": "Feature", "geometry": {"type": "Point", "coordinates": [629599.95, 5220216.61]}, "properties": {"type": "gap", "gap_m": 20.5, "vineyard_id": "V24", "row_id": "V24-R44", "reachable": true, "id": "T1030", "x": 629599.95, "y": 5220216.61, "order": 108, "visited": true}}, {"type": "Feature", "geometry": {"type": "Point", "coordinates": [629572.11, 5220245.43]}, "properties": {"type": "gap", "gap_m": 11.0, "vineyard_id": "V24", "row_id": "V24-R47", "reachable": true, "id": "T1032", "x": 629572.11, "y": 5220245.43, "order": 107, "visited": true}}, {"type": "Feature", "geometry": {"type": "Point", "coordinates": [629602.57, 5220203.8]}, "properties": {"type": "gap", "gap_m": 11.7, "vineyard_id": "V24", "row_id": "V24-R47", "reachable": true, "id": "T1035", "x": 629602.57, "y": 5220203.8, "order": 109, "visited": true}}, {"type": "Feature", "geometry": {"type": "Point", "coordinates": [629568.67, 5220218.87]}, "properties": {"type": "gap", "gap_m": 50.9, "vineyard_id": "V24", "row_id": "V24-R57", "reachable": true, "id": "T1041", "x": 629568.67, "y": 5220218.87, "order": 144, "visited": true}}, {"type": "Feature", "geometry": {"type": "Point", "coordinates": [629509.85, 5220236.86]}, "properties": {"type": "gap", "gap_m": 14.4, "vineyard_id": "V24", "row_id": "V24-R70", "reachable": true, "id": "T1094", "x": 629509.85, "y": 5220236.86, "order": 388, "visited": true}}, {"type": "Feature", "geometry": {"type": "Point", "coordinates": [629509.64, 5220232.15]}, "properties": {"type": "gap", "gap_m": 15.9, "vineyard_id": "V25", "row_id": "V25-R01", "reachable": true, "id": "T1097", "x": 629509.64, "y": 5220232.15, "order": 387, "visited": true}}, {"type": "Feature", "geometry": {"type": "Point", "coordinates": [629517.1, 5220218.06]}, "properties": {"type": "gap", "gap_m": 10.8, "vineyard_id": "V25", "row_id": "V25-R02", "reachable": true, "id": "T1101", "x": 629517.1, "y": 5220218.06, "order": 384, "visited": true}}, {"type": "Feature", "geometry": {"type": "Point", "coordinates": [629533.76, 5220196.29]}, "properties": {"type": "gap", "gap_m": 11.6, "vineyard_id": "V25", "row_id": "V25-R04", "reachable": true, "id": "T1105", "x": 629533.76, "y": 5220196.29, "order": 383, "visited": true}}, {"type": "Feature", "geometry": {"type": "Point", "coordinates": [629542.74, 5220184.92]}, "properties": {"type": "gap", "gap_m": 11.4, "vineyard_id": "V27", "row_id": "V27-R01", "reachable": true, "id": "T1108", "x": 629542.74, "y": 5220184.92, "order": 382, "visited": true}}, {"type": "Feature", "geometry": {"type": "Point", "coordinates": [629564.42, 5220150.3]}, "properties": {"type": "gap", "gap_m": 10.1, "vineyard_id": "V28", "row_id": "V28-R03", "reachable": true, "id": "T1117", "x": 629564.42, "y": 5220150.3, "order": 381, "visited": true}}, {"type": "Feature", "geometry": {"type": "Point", "coordinates": [629792.29, 5220106.54]}, "properties": {"type": "gap", "gap_m": 13.8, "vineyard_id": "V29", "row_id": "V29-R02", "reachable": true, "id": "T1122", "x": 629792.29, "y": 5220106.54, "order": 166, "visited": true}}, {"type": "Feature", "geometry": {"type": "Point", "coordinates": [629744.99, 5220160.81]}, "properties": {"type": "gap", "gap_m": 20.3, "vineyard_id": "V29", "row_id": "V29-R03", "reachable": true, "id": "T1123", "x": 629744.99, "y": 5220160.81, "order": 164, "visited": true}}, {"type": "Feature", "geometry": {"type": "Point", "coordinates": [629786.42, 5220108.98]}, "properties": {"type": "gap", "gap_m": 31.9, "vineyard_id": "V29", "row_id": "V29-R03", "reachable": true, "id": "T1125", "x": 629786.42, "y": 5220108.98, "order": 165, "visited": true}}, {"type": "Feature", "geometry": {"type": "Point", "coordinates": [629675.24, 5220186.69]}, "properties": {"type": "gap", "gap_m": 19.7, "vineyard_id": "V29", "row_id": "V29-R17", "reachable": true, "id": "T1136", "x": 629675.24, "y": 5220186.69, "order": 131, "visited": true}}, {"type": "Feature", "geometry": {"type": "Point", "coordinates": [629680.42, 5220175.79]}, "properties": {"type": "gap", "gap_m": 10.9, "vineyard_id": "V29", "row_id": "V29-R18", "reachable": true, "id": "T1140", "x": 629680.42, "y": 5220175.79, "order": 132, "visited": true}}, {"type": "Feature", "geometry": {"type": "Point", "coordinates": [629679.64, 5220172.9]}, "properties": {"type": "gap", "gap_m": 13.1, "vineyard_id": "V29", "row_id": "V29-R19", "reachable": true, "id": "T1147", "x": 629679.64, "y": 5220172.9, "order": 133, "visited": true}}, {"type": "Feature", "geometry": {"type": "Point", "coordinates": [629648.78, 5220183.33]}, "properties": {"type": "gap", "gap_m": 27.2, "vineyard_id": "V29", "row_id": "V29-R29", "reachable": true, "id": "T1158", "x": 629648.78, "y": 5220183.33, "order": 135, "visited": true}}, {"type": "Feature", "geometry": {"type": "Point", "coordinates": [629647.81, 5220179.37]}, "properties": {"type": "gap", "gap_m": 17.1, "vineyard_id": "V29", "row_id": "V29-R30", "reachable": true, "id": "T1161", "x": 629647.81, "y": 5220179.37, "order": 134, "visited": true}}, {"type": "Feature", "geometry": {"type": "Point", "coordinates": [629646.81, 5220176.21]}, "properties": {"type": "gap", "gap_m": 25.0, "vineyard_id": "V29", "row_id": "V29-R31", "reachable": true, "id": "T1164", "x": 629646.81, "y": 5220176.21, "order": 136, "visited": true}}, {"type": "Feature", "geometry": {"type": "Point", "coordinates": [629641.29, 5220179.16]}, "properties": {"type": "gap", "gap_m": 30.3, "vineyard_id": "V29", "row_id": "V29-R32", "reachable": true, "id": "T1167", "x": 629641.29, "y": 5220179.16, "order": 137, "visited": true}}, {"type": "Feature", "geometry": {"type": "Point", "coordinates": [629638.09, 5220178.66]}, "properties": {"type": "gap", "gap_m": 30.9, "vineyard_id": "V29", "row_id": "V29-R34", "reachable": true, "id": "T1169", "x": 629638.09, "y": 5220178.66, "order": 138, "visited": true}}, {"type": "Feature", "geometry": {"type": "Point", "coordinates": [629635.14, 5220177.97]}, "properties": {"type": "gap", "gap_m": 29.5, "vineyard_id": "V29", "row_id": "V29-R36", "reachable": true, "id": "T1171", "x": 629635.14, "y": 5220177.97, "order": 140, "visited": true}}, {"type": "Feature", "geometry": {"type": "Point", "coordinates": [629633.14, 5220176.14]}, "properties": {"type": "gap", "gap_m": 30.3, "vineyard_id": "V29", "row_id": "V29-R38", "reachable": true, "id": "T1173", "x": 629633.14, "y": 5220176.14, "order": 139, "visited": true}}, {"type": "Feature", "geometry": {"type": "Point", "coordinates": [629630.43, 5220174.75]}, "properties": {"type": "gap", "gap_m": 33.3, "vineyard_id": "V29", "row_id": "V29-R40", "reachable": true, "id": "T1174", "x": 629630.43, "y": 5220174.75, "order": 141, "visited": true}}, {"type": "Feature", "geometry": {"type": "Point", "coordinates": [629625.49, 5220176.77]}, "properties": {"type": "gap", "gap_m": 26.9, "vineyard_id": "V29", "row_id": "V29-R42", "reachable": true, "id": "T1175", "x": 629625.49, "y": 5220176.77, "order": 142, "visited": true}}, {"type": "Feature", "geometry": {"type": "Point", "coordinates": [629622.79, 5220175.6]}, "properties": {"type": "gap", "gap_m": 24.8, "vineyard_id": "V29", "row_id": "V29-R44", "reachable": true, "id": "T1177", "x": 629622.79, "y": 5220175.6, "order": 143, "visited": true}}, {"type": "Feature", "geometry": {"type": "Point", "coordinates": [629621.53, 5220172.66]}, "properties": {"type": "gap", "gap_m": 34.4, "vineyard_id": "V29", "row_id": "V29-R46", "reachable": true, "id": "T1178", "x": 629621.53, "y": 5220172.66, "order": 146, "visited": true}}, {"type": "Feature", "geometry": {"type": "Point", "coordinates": [629616.05, 5220175.27]}, "properties": {"type": "gap", "gap_m": 23.4, "vineyard_id": "V29", "row_id": "V29-R48", "reachable": true, "id": "T1179", "x": 629616.05, "y": 5220175.27, "order": 145, "visited": true}}, {"type": "Feature", "geometry": {"type": "Point", "coordinates": [629642.54, 5220130.1]}, "properties": {"type": "gap", "gap_m": 50.7, "vineyard_id": "V29", "row_id": "V29-R51", "reachable": true, "id": "T1180", "x": 629642.54, "y": 5220130.1, "order": 147, "visited": true}}, {"type": "Feature", "geometry": {"type": "Point", "coordinates": [629820.2, 5220059.97]}, "properties": {"type": "gap", "gap_m": 26.1, "vineyard_id": "V32", "row_id": "V32-R003", "reachable": true, "id": "T1205", "x": 629820.2, "y": 5220059.97, "order": null, "visited": false}}, {"type": "Feature", "geometry": {"type": "Point", "coordinates": [629817.34, 5220060.92]}, "properties": {"type": "gap", "gap_m": 17.7, "vineyard_id": "V32", "row_id": "V32-R006", "reachable": true, "id": "T1212", "x": 629817.34, "y": 5220060.92, "order": null, "visited": false}}, {"type": "Feature", "geometry": {"type": "Point", "coordinates": [629813.69, 5220077.71]}, "properties": {"type": "gap", "gap_m": 15.3, "vineyard_id": "V32", "row_id": "V32-R011", "reachable": true, "id": "T1219", "x": 629813.69, "y": 5220077.71, "order": null, "visited": false}}, {"type": "Feature", "geometry": {"type": "Point", "coordinates": [629806.95, 5220084.89]}, "properties": {"type": "gap", "gap_m": 12.5, "vineyard_id": "V32", "row_id": "V32-R012", "reachable": true, "id": "T1221", "x": 629806.95, "y": 5220084.89, "order": 170, "visited": true}}, {"type": "Feature", "geometry": {"type": "Point", "coordinates": [629809.02, 5220065.12]}, "properties": {"type": "gap", "gap_m": 19.7, "vineyard_id": "V32", "row_id": "V32-R012", "reachable": true, "id": "T1222", "x": 629809.02, "y": 5220065.12, "order": null, "visited": false}}, {"type": "Feature", "geometry": {"type": "Point", "coordinates": [629941.44, 5219926.33]}, "properties": {"type": "gap", "gap_m": 19.9, "vineyard_id": "V32", "row_id": "V32-R017", "reachable": true, "id": "T1234", "x": 629941.44, "y": 5219926.33, "order": null, "visited": false}}, {"type": "Feature", "geometry": {"type": "Point", "coordinates": [629871.55, 5219974.69]}, "properties": {"type": "gap", "gap_m": 12.7, "vineyard_id": "V32", "row_id": "V32-R019", "reachable": true, "id": "T1235", "x": 629871.55, "y": 5219974.69, "order": 171, "visited": true}}, {"type": "Feature", "geometry": {"type": "Point", "coordinates": [629801.19, 5220077.98]}, "properties": {"type": "gap", "gap_m": 12.0, "vineyard_id": "V32", "row_id": "V32-R022", "reachable": true, "id": "T1237", "x": 629801.19, "y": 5220077.98, "order": 169, "visited": true}}, {"type": "Feature", "geometry": {"type": "Point", "coordinates": [629802.71, 5220063.73]}, "properties": {"type": "gap", "gap_m": 12.6, "vineyard_id": "V32", "row_id": "V32-R022", "reachable": true, "id": "T1238", "x": 629802.71, "y": 5220063.73, "order": 168, "visited": true}}, {"type": "Feature", "geometry": {"type": "Point", "coordinates": [629947.9, 5219922.01]}, "properties": {"type": "gap", "gap_m": 13.4, "vineyard_id": "V32", "row_id": "V32-R024", "reachable": true, "id": "T1248", "x": 629947.9, "y": 5219922.01, "order": null, "visited": false}}, {"type": "Feature", "geometry": {"type": "Point", "coordinates": [629874.63, 5219970.57]}, "properties": {"type": "gap", "gap_m": 12.3, "vineyard_id": "V32", "row_id": "V32-R026", "reachable": true, "id": "T1251", "x": 629874.63, "y": 5219970.57, "order": 173, "visited": true}}, {"type": "Feature", "geometry": {"type": "Point", "coordinates": [629795.6, 5220070.17]}, "properties": {"type": "gap", "gap_m": 15.7, "vineyard_id": "V32", "row_id": "V32-R027", "reachable": true, "id": "T1254", "x": 629795.6, "y": 5220070.17, "order": 167, "visited": true}}, {"type": "Feature", "geometry": {"type": "Point", "coordinates": [629951.44, 5219918.19]}, "properties": {"type": "gap", "gap_m": 12.2, "vineyard_id": "V32", "row_id": "V32-R028", "reachable": true, "id": "T1258", "x": 629951.44, "y": 5219918.19, "order": null, "visited": false}}, {"type": "Feature", "geometry": {"type": "Point", "coordinates": [629847.43, 5220014.56]}, "properties": {"type": "gap", "gap_m": 12.2, "vineyard_id": "V32", "row_id": "V32-R029", "reachable": true, "id": "T1260", "x": 629847.43, "y": 5220014.56, "order": null, "visited": false}}, {"type": "Feature", "geometry": {"type": "Point", "coordinates": [629876.6, 5219968.53]}, "properties": {"type": "gap", "gap_m": 11.5, "vineyard_id": "V32", "row_id": "V32-R030", "reachable": true, "id": "T1262", "x": 629876.6, "y": 5219968.53, "order": 172, "visited": true}}, {"type": "Feature", "geometry": {"type": "Point", "coordinates": [629792.63, 5220072.84]}, "properties": {"type": "gap", "gap_m": 12.9, "vineyard_id": "V32", "row_id": "V32-R032", "reachable": true, "id": "T1264", "x": 629792.63, "y": 5220072.84, "order": 163, "visited": true}}, {"type": "Feature", "geometry": {"type": "Point", "coordinates": [629882.57, 5219964.95]}, "properties": {"type": "gap", "gap_m": 12.3, "vineyard_id": "V32", "row_id": "V32-R040", "reachable": true, "id": "T1274", "x": 629882.57, "y": 5219964.95, "order": 174, "visited": true}}, {"type": "Feature", "geometry": {"type": "Point", "coordinates": [629884.13, 5219962.53]}, "properties": {"type": "gap", "gap_m": 11.9, "vineyard_id": "V32", "row_id": "V32-R044", "reachable": true, "id": "T1279", "x": 629884.13, "y": 5219962.53, "order": 175, "visited": true}}, {"type": "Feature", "geometry": {"type": "Point", "coordinates": [629882.05, 5219960.44]}, "properties": {"type": "gap", "gap_m": 11.9, "vineyard_id": "V32", "row_id": "V32-R046", "reachable": true, "id": "T1285", "x": 629882.05, "y": 5219960.44, "order": 176, "visited": true}}, {"type": "Feature", "geometry": {"type": "Point", "coordinates": [629955.05, 5219905.52]}, "properties": {"type": "gap", "gap_m": 12.1, "vineyard_id": "V32", "row_id": "V32-R048", "reachable": true, "id": "T1291", "x": 629955.05, "y": 5219905.52, "order": null, "visited": false}}, {"type": "Feature", "geometry": {"type": "Point", "coordinates": [629850.34, 5219996.15]}, "properties": {"type": "gap", "gap_m": 17.8, "vineyard_id": "V32", "row_id": "V32-R049", "reachable": true, "id": "T1294", "x": 629850.34, "y": 5219996.15, "order": null, "visited": false}}, {"type": "Feature", "geometry": {"type": "Point", "coordinates": [629885.15, 5219956.13]}, "properties": {"type": "gap", "gap_m": 11.6, "vineyard_id": "V32", "row_id": "V32-R052", "reachable": true, "id": "T1296", "x": 629885.15, "y": 5219956.13, "order": 178, "visited": true}}, {"type": "Feature", "geometry": {"type": "Point", "coordinates": [629884.13, 5219957.92]}, "properties": {"type": "gap", "gap_m": 12.2, "vineyard_id": "V32", "row_id": "V32-R053", "reachable": true, "id": "T1298", "x": 629884.13, "y": 5219957.92, "order": 177, "visited": true}}, {"type": "Feature", "geometry": {"type": "Point", "coordinates": [629887.47, 5219953.87]}, "properties": {"type": "gap", "gap_m": 11.0, "vineyard_id": "V32", "row_id": "V32-R058", "reachable": true, "id": "T1305", "x": 629887.47, "y": 5219953.87, "order": 179, "visited": true}}, {"type": "Feature", "geometry": {"type": "Point", "coordinates": [629781.26, 5220001.27]}, "properties": {"type": "gap", "gap_m": 13.3, "vineyard_id": "V32", "row_id": "V32-R099", "reachable": true, "id": "T1351", "x": 629781.26, "y": 5220001.27, "order": 157, "visited": true}}, {"type": "Feature", "geometry": {"type": "Point", "coordinates": [629779.32, 5220004.6]}, "properties": {"type": "gap", "gap_m": 13.6, "vineyard_id": "V32", "row_id": "V32-R103", "reachable": true, "id": "T1358", "x": 629779.32, "y": 5220004.6, "order": 158, "visited": true}}, {"type": "Feature", "geometry": {"type": "Point", "coordinates": [629925.07, 5219862.77]}, "properties": {"type": "gap", "gap_m": 10.0, "vineyard_id": "V32", "row_id": "V32-R104", "reachable": true, "id": "T1359", "x": 629925.07, "y": 5219862.77, "order": 190, "visited": true}}, {"type": "Feature", "geometry": {"type": "Point", "coordinates": [629777.73, 5220006.38]}, "properties": {"type": "gap", "gap_m": 13.6, "vineyard_id": "V32", "row_id": "V32-R116", "reachable": true, "id": "T1376", "x": 629777.73, "y": 5220006.38, "order": 159, "visited": true}}, {"type": "Feature", "geometry": {"type": "Point", "coordinates": [629784.2, 5220019.86]}, "properties": {"type": "gap", "gap_m": 12.9, "vineyard_id": "V32", "row_id": "V32-R123", "reachable": true, "id": "T1388", "x": 629784.2, "y": 5220019.86, "order": 156, "visited": true}}, {"type": "Feature", "geometry": {"type": "Point", "coordinates": [629775.82, 5220008.72]}, "properties": {"type": "gap", "gap_m": 14.1, "vineyard_id": "V32", "row_id": "V32-R123", "reachable": true, "id": "T1389", "x": 629775.82, "y": 5220008.72, "order": 160, "visited": true}}, {"type": "Feature", "geometry": {"type": "Point", "coordinates": [629766.18, 5220017.46]}, "properties": {"type": "gap", "gap_m": 17.1, "vineyard_id": "V32", "row_id": "V32-R134", "reachable": true, "id": "T1402", "x": 629766.18, "y": 5220017.46, "order": 154, "visited": true}}, {"type": "Feature", "geometry": {"type": "Point", "coordinates": [629770.33, 5220017.38]}, "properties": {"type": "gap", "gap_m": 16.3, "vineyard_id": "V32", "row_id": "V32-R137", "reachable": true, "id": "T1411", "x": 629770.33, "y": 5220017.38, "order": 155, "visited": true}}, {"type": "Feature", "geometry": {"type": "Point", "coordinates": [629776.65, 5220020.06]}, "properties": {"type": "gap", "gap_m": 16.3, "vineyard_id": "V32", "row_id": "V32-R138", "reachable": true, "id": "T1412", "x": 629776.65, "y": 5220020.06, "order": 162, "visited": true}}, {"type": "Feature", "geometry": {"type": "Point", "coordinates": [629778.07, 5220018.57]}, "properties": {"type": "gap", "gap_m": 15.6, "vineyard_id": "V32", "row_id": "V32-R139", "reachable": true, "id": "T1414", "x": 629778.07, "y": 5220018.57, "order": 161, "visited": true}}, {"type": "Feature", "geometry": {"type": "Point", "coordinates": [629948.58, 5219851.12]}, "properties": {"type": "gap", "gap_m": 12.9, "vineyard_id": "V32", "row_id": "V32-R140", "reachable": true, "id": "T1420", "x": 629948.58, "y": 5219851.12, "order": 191, "visited": true}}, {"type": "Feature", "geometry": {"type": "Point", "coordinates": [629857.94, 5219934.88]}, "properties": {"type": "gap", "gap_m": 11.9, "vineyard_id": "V32", "row_id": "V32-R144", "reachable": true, "id": "T1426", "x": 629857.94, "y": 5219934.88, "order": 180, "visited": true}}, {"type": "Feature", "geometry": {"type": "Point", "coordinates": [629887.1, 5219901.64]}, "properties": {"type": "gap", "gap_m": 16.9, "vineyard_id": "V32", "row_id": "V32-R146", "reachable": true, "id": "T1432", "x": 629887.1, "y": 5219901.64, "order": null, "visited": false}}, {"type": "Feature", "geometry": {"type": "Point", "coordinates": [629996.23, 5219779.95]}, "properties": {"type": "gap", "gap_m": 10.1, "vineyard_id": "V32", "row_id": "V32-R159", "reachable": true, "id": "T1465", "x": 629996.23, "y": 5219779.95, "order": 215, "visited": true}}, {"type": "Feature", "geometry": {"type": "Point", "coordinates": [629941.67, 5219836.94]}, "properties": {"type": "gap", "gap_m": 16.6, "vineyard_id": "V32", "row_id": "V32-R162", "reachable": true, "id": "T1468", "x": 629941.67, "y": 5219836.94, "order": 193, "visited": true}}, {"type": "Feature", "geometry": {"type": "Point", "coordinates": [629927.01, 5219835.73]}, "properties": {"type": "gap", "gap_m": 11.6, "vineyard_id": "V32", "row_id": "V32-R162", "reachable": true, "id": "T1469", "x": 629927.01, "y": 5219835.73, "order": 192, "visited": true}}, {"type": "Feature", "geometry": {"type": "Point", "coordinates": [629854.4, 5219922.07]}, "properties": {"type": "gap", "gap_m": 23.7, "vineyard_id": "V32", "row_id": "V32-R163", "reachable": true, "id": "T1472", "x": 629854.4, "y": 5219922.07, "order": 181, "visited": true}}, {"type": "Feature", "geometry": {"type": "Point", "coordinates": [629943.39, 5219834.49]}, "properties": {"type": "gap", "gap_m": 10.1, "vineyard_id": "V32", "row_id": "V32-R164", "reachable": true, "id": "T1474", "x": 629943.39, "y": 5219834.49, "order": 194, "visited": true}}, {"type": "Feature", "geometry": {"type": "Point", "coordinates": [629944.65, 5219828.85]}, "properties": {"type": "gap", "gap_m": 10.3, "vineyard_id": "V32", "row_id": "V32-R171", "reachable": true, "id": "T1494", "x": 629944.65, "y": 5219828.85, "order": 196, "visited": true}}, {"type": "Feature", "geometry": {"type": "Point", "coordinates": [629904.35, 5219856.63]}, "properties": {"type": "gap", "gap_m": 15.5, "vineyard_id": "V32", "row_id": "V32-R173", "reachable": true, "id": "T1502", "x": 629904.35, "y": 5219856.63, "order": 189, "visited": true}}, {"type": "Feature", "geometry": {"type": "Point", "coordinates": [629939.69, 5219826.58]}, "properties": {"type": "gap", "gap_m": 22.3, "vineyard_id": "V32", "row_id": "V32-R174", "reachable": true, "id": "T1504", "x": 629939.69, "y": 5219826.58, "order": 197, "visited": true}}, {"type": "Feature", "geometry": {"type": "Point", "coordinates": [629929.08, 5219823.38]}, "properties": {"type": "gap", "gap_m": 18.8, "vineyard_id": "V32", "row_id": "V32-R177", "reachable": true, "id": "T1511", "x": 629929.08, "y": 5219823.38, "order": 195, "visited": true}}, {"type": "Feature", "geometry": {"type": "Point", "coordinates": [629938.71, 5219820.32]}, "properties": {"type": "gap", "gap_m": 12.2, "vineyard_id": "V32", "row_id": "V32-R180", "reachable": true, "id": "T1515", "x": 629938.71, "y": 5219820.32, "order": 198, "visited": true}}, {"type": "Feature", "geometry": {"type": "Point", "coordinates": [629665.76, 5220090.74]}, "properties": {"type": "gap", "gap_m": 11.7, "vineyard_id": "V32", "row_id": "V32-R194", "reachable": true, "id": "T1530", "x": 629665.76, "y": 5220090.74, "order": 148, "visited": true}}, {"type": "Feature", "geometry": {"type": "Point", "coordinates": [629646.4, 5220077.63]}, "properties": {"type": "gap", "gap_m": 27.3, "vineyard_id": "V32", "row_id": "V32-R204", "reachable": true, "id": "T1537", "x": 629646.4, "y": 5220077.63, "order": 149, "visited": true}}, {"type": "Feature", "geometry": {"type": "Point", "coordinates": [629639.73, 5220072.65]}, "properties": {"type": "gap", "gap_m": 33.5, "vineyard_id": "V32", "row_id": "V32-R209", "reachable": true, "id": "T1538", "x": 629639.73, "y": 5220072.65, "order": 150, "visited": true}}, {"type": "Feature", "geometry": {"type": "Point", "coordinates": [629637.16, 5220071.35]}, "properties": {"type": "gap", "gap_m": 29.3, "vineyard_id": "V32", "row_id": "V32-R210", "reachable": true, "id": "T1539", "x": 629637.16, "y": 5220071.35, "order": 151, "visited": true}}, {"type": "Feature", "geometry": {"type": "Point", "coordinates": [629629.23, 5220077.2]}, "properties": {"type": "gap", "gap_m": 33.1, "vineyard_id": "V32", "row_id": "V32-R211", "reachable": true, "id": "T1540", "x": 629629.23, "y": 5220077.2, "order": 152, "visited": true}}, {"type": "Feature", "geometry": {"type": "Point", "coordinates": [629627.48, 5220075.18]}, "properties": {"type": "gap", "gap_m": 27.0, "vineyard_id": "V32", "row_id": "V32-R213", "reachable": true, "id": "T1541", "x": 629627.48, "y": 5220075.18, "order": 153, "visited": true}}, {"type": "Feature", "geometry": {"type": "Point", "coordinates": [629941.25, 5219930.05]}, "properties": {"type": "gap", "gap_m": 14.3, "vineyard_id": "V34", "row_id": "V34-R06", "reachable": true, "id": "T1554", "x": 629941.25, "y": 5219930.05, "order": null, "visited": false}}, {"type": "Feature", "geometry": {"type": "Point", "coordinates": [629992.39, 5219897.41]}, "properties": {"type": "gap", "gap_m": 13.8, "vineyard_id": "V34", "row_id": "V34-R07", "reachable": true, "id": "T1555", "x": 629992.39, "y": 5219897.41, "order": null, "visited": false}}, {"type": "Feature", "geometry": {"type": "Point", "coordinates": [629989.94, 5219934.56]}, "properties": {"type": "gap", "gap_m": 11.5, "vineyard_id": "V35", "row_id": "V35-R06", "reachable": true, "id": "T1563", "x": 629989.94, "y": 5219934.56, "order": null, "visited": false}}, {"type": "Feature", "geometry": {"type": "Point", "coordinates": [629988.28, 5219933.57]}, "properties": {"type": "gap", "gap_m": 10.5, "vineyard_id": "V35", "row_id": "V35-R07", "reachable": true, "id": "T1564", "x": 629988.28, "y": 5219933.57, "order": null, "visited": false}}, {"type": "Feature", "geometry": {"type": "Point", "coordinates": [630009.25, 5219915.15]}, "properties": {"type": "gap", "gap_m": 10.7, "vineyard_id": "V35", "row_id": "V35-R07", "reachable": true, "id": "T1567", "x": 630009.25, "y": 5219915.15, "order": null, "visited": false}}, {"type": "Feature", "geometry": {"type": "Point", "coordinates": [629985.88, 5219931.7]}, "properties": {"type": "gap", "gap_m": 10.0, "vineyard_id": "V35", "row_id": "V35-R08", "reachable": true, "id": "T1568", "x": 629985.88, "y": 5219931.7, "order": null, "visited": false}}, {"type": "Feature", "geometry": {"type": "Point", "coordinates": [629999.93, 5219911.74]}, "properties": {"type": "gap", "gap_m": 15.6, "vineyard_id": "V35", "row_id": "V35-R10", "reachable": true, "id": "T1575", "x": 629999.93, "y": 5219911.74, "order": null, "visited": false}}, {"type": "Feature", "geometry": {"type": "Point", "coordinates": [630010.4, 5219902.65]}, "properties": {"type": "gap", "gap_m": 11.0, "vineyard_id": "V35", "row_id": "V35-R10", "reachable": true, "id": "T1576", "x": 630010.4, "y": 5219902.65, "order": null, "visited": false}}, {"type": "Feature", "geometry": {"type": "Point", "coordinates": [630547.91, 5219879.46]}, "properties": {"type": "gap", "gap_m": 16.4, "vineyard_id": "V38", "row_id": "V38-R02", "reachable": true, "id": "T1582", "x": 630547.91, "y": 5219879.46, "order": null, "visited": false}}, {"type": "Feature", "geometry": {"type": "Point", "coordinates": [630547.86, 5219877.42]}, "properties": {"type": "gap", "gap_m": 17.6, "vineyard_id": "V38", "row_id": "V38-R03", "reachable": true, "id": "T1583", "x": 630547.86, "y": 5219877.42, "order": null, "visited": false}}, {"type": "Feature", "geometry": {"type": "Point", "coordinates": [629983.36, 5219758.43]}, "properties": {"type": "gap", "gap_m": 16.8, "vineyard_id": "V39", "row_id": "V39-R03", "reachable": true, "id": "T1600", "x": 629983.36, "y": 5219758.43, "order": 210, "visited": true}}, {"type": "Feature", "geometry": {"type": "Point", "coordinates": [629899.12, 5219859.9]}, "properties": {"type": "gap", "gap_m": 26.1, "vineyard_id": "V39", "row_id": "V39-R04", "reachable": true, "id": "T1604", "x": 629899.12, "y": 5219859.9, "order": 188, "visited": true}}, {"type": "Feature", "geometry": {"type": "Point", "coordinates": [629955.89, 5219814.15]}, "properties": {"type": "gap", "gap_m": 10.2, "vineyard_id": "V39", "row_id": "V39-R05", "reachable": true, "id": "T1605", "x": 629955.89, "y": 5219814.15, "order": 199, "visited": true}}, {"type": "Feature", "geometry": {"type": "Point", "coordinates": [629940.22, 5219810.59]}, "properties": {"type": "gap", "gap_m": 16.9, "vineyard_id": "V39", "row_id": "V39-R07", "reachable": true, "id": "T1611", "x": 629940.22, "y": 5219810.59, "order": 200, "visited": true}}, {"type": "Feature", "geometry": {"type": "Point", "coordinates": [629987.08, 5219749.0]}, "properties": {"type": "gap", "gap_m": 18.0, "vineyard_id": "V39", "row_id": "V39-R08", "reachable": true, "id": "T1613", "x": 629987.08, "y": 5219749.0, "order": 212, "visited": true}}, {"type": "Feature", "geometry": {"type": "Point", "coordinates": [629939.34, 5219808.06]}, "properties": {"type": "gap", "gap_m": 22.2, "vineyard_id": "V39", "row_id": "V39-R09", "reachable": true, "id": "T1615", "x": 629939.34, "y": 5219808.06, "order": 201, "visited": true}}, {"type": "Feature", "geometry": {"type": "Point", "coordinates": [629853.01, 5219917.65]}, "properties": {"type": "gap", "gap_m": 14.0, "vineyard_id": "V39", "row_id": "V39-R10", "reachable": true, "id": "T1616", "x": 629853.01, "y": 5219917.65, "order": 183, "visited": true}}, {"type": "Feature", "geometry": {"type": "Point", "coordinates": [629892.23, 5219868.4]}, "properties": {"type": "gap", "gap_m": 20.0, "vineyard_id": "V39", "row_id": "V39-R11", "reachable": true, "id": "T1617", "x": 629892.23, "y": 5219868.4, "order": 187, "visited": true}}, {"type": "Feature", "geometry": {"type": "Point", "coordinates": [629943.47, 5219806.45]}, "properties": {"type": "gap", "gap_m": 16.7, "vineyard_id": "V39", "row_id": "V39-R12", "reachable": true, "id": "T1620", "x": 629943.47, "y": 5219806.45, "order": 202, "visited": true}}, {"type": "Feature", "geometry": {"type": "Point", "coordinates": [629973.92, 5219761.84]}, "properties": {"type": "gap", "gap_m": 14.9, "vineyard_id": "V39", "row_id": "V39-R13", "reachable": true, "id": "T1622", "x": 629973.92, "y": 5219761.84, "order": 211, "visited": true}}, {"type": "Feature", "geometry": {"type": "Point", "coordinates": [629889.41, 5219873.49]}, "properties": {"type": "gap", "gap_m": 16.5, "vineyard_id": "V39", "row_id": "V39-R15", "reachable": true, "id": "T1625", "x": 629889.41, "y": 5219873.49, "order": 185, "visited": true}}, {"type": "Feature", "geometry": {"type": "Point", "coordinates": [629891.27, 5219858.38]}, "properties": {"type": "gap", "gap_m": 12.8, "vineyard_id": "V39", "row_id": "V39-R15", "reachable": true, "id": "T1626", "x": 629891.27, "y": 5219858.38, "order": 186, "visited": true}}, {"type": "Feature", "geometry": {"type": "Point", "coordinates": [629942.36, 5219803.71]}, "properties": {"type": "gap", "gap_m": 22.8, "vineyard_id": "V39", "row_id": "V39-R16", "reachable": true, "id": "T1628", "x": 629942.36, "y": 5219803.71, "order": 203, "visited": true}}, {"type": "Feature", "geometry": {"type": "Point", "coordinates": [629977.25, 5219753.42]}, "properties": {"type": "gap", "gap_m": 17.2, "vineyard_id": "V39", "row_id": "V39-R17", "reachable": true, "id": "T1630", "x": 629977.25, "y": 5219753.42, "order": null, "visited": false}}, {"type": "Feature", "geometry": {"type": "Point", "coordinates": [629939.31, 5219801.32]}, "properties": {"type": "gap", "gap_m": 13.6, "vineyard_id": "V39", "row_id": "V39-R18", "reachable": true, "id": "T1632", "x": 629939.31, "y": 5219801.32, "order": 204, "visited": true}}, {"type": "Feature", "geometry": {"type": "Point", "coordinates": [629847.42, 5219919.36]}, "properties": {"type": "gap", "gap_m": 17.0, "vineyard_id": "V39", "row_id": "V39-R19", "reachable": true, "id": "T1633", "x": 629847.42, "y": 5219919.36, "order": 182, "visited": true}}, {"type": "Feature", "geometry": {"type": "Point", "coordinates": [629951.15, 5219800.21]}, "properties": {"type": "gap", "gap_m": 11.6, "vineyard_id": "V39", "row_id": "V39-R20", "reachable": true, "id": "T1635", "x": 629951.15, "y": 5219800.21, "order": 206, "visited": true}}, {"type": "Feature", "geometry": {"type": "Point", "coordinates": [629938.67, 5219799.18]}, "properties": {"type": "gap", "gap_m": 12.3, "vineyard_id": "V39", "row_id": "V39-R20", "reachable": true, "id": "T1636", "x": 629938.67, "y": 5219799.18, "order": 204, "visited": true}}, {"type": "Feature", "geometry": {"type": "Point", "coordinates": [629954.71, 5219798.46]}, "properties": {"type": "gap", "gap_m": 14.8, "vineyard_id": "V39", "row_id": "V39-R22", "reachable": true, "id": "T1638", "x": 629954.71, "y": 5219798.46, "order": 207, "visited": true}}, {"type": "Feature", "geometry": {"type": "Point", "coordinates": [629939.59, 5219797.25]}, "properties": {"type": "gap", "gap_m": 10.5, "vineyard_id": "V39", "row_id": "V39-R22", "reachable": true, "id": "T1639", "x": 629939.59, "y": 5219797.25, "order": 205, "visited": true}}, {"type": "Feature", "geometry": {"type": "Point", "coordinates": [629883.41, 5219877.96]}, "properties": {"type": "gap", "gap_m": 18.5, "vineyard_id": "V39", "row_id": "V39-R23", "reachable": true, "id": "T1642", "x": 629883.41, "y": 5219877.96, "order": 184, "visited": true}}, {"type": "Feature", "geometry": {"type": "Point", "coordinates": [629955.94, 5219796.79]}, "properties": {"type": "gap", "gap_m": 14.9, "vineyard_id": "V39", "row_id": "V39-R24", "reachable": true, "id": "T1644", "x": 629955.94, "y": 5219796.79, "order": 208, "visited": true}}, {"type": "Feature", "geometry": {"type": "Point", "coordinates": [629878.79, 5219874.51]}, "properties": {"type": "gap", "gap_m": 14.5, "vineyard_id": "V39", "row_id": "V39-R29", "reachable": true, "id": "T1654", "x": 629878.79, "y": 5219874.51, "order": null, "visited": false}}, {"type": "Feature", "geometry": {"type": "Point", "coordinates": [629849.41, 5219882.86]}, "properties": {"type": "gap", "gap_m": 16.0, "vineyard_id": "V39", "row_id": "V39-R47", "reachable": true, "id": "T1680", "x": 629849.41, "y": 5219882.86, "order": null, "visited": false}}, {"type": "Feature", "geometry": {"type": "Point", "coordinates": [629851.98, 5219876.58]}, "properties": {"type": "gap", "gap_m": 12.0, "vineyard_id": "V39", "row_id": "V39-R57", "reachable": true, "id": "T1692", "x": 629851.98, "y": 5219876.58, "order": null, "visited": false}}, {"type": "Feature", "geometry": {"type": "Point", "coordinates": [630498.01, 5219824.15]}, "properties": {"type": "gap", "gap_m": 13.7, "vineyard_id": "V40", "row_id": "V40-R01", "reachable": true, "id": "T1713", "x": 630498.01, "y": 5219824.15, "order": null, "visited": false}}, {"type": "Feature", "geometry": {"type": "Point", "coordinates": [630502.96, 5219826.51]}, "properties": {"type": "gap", "gap_m": 14.5, "vineyard_id": "V40", "row_id": "V40-R02", "reachable": true, "id": "T1715", "x": 630502.96, "y": 5219826.51, "order": null, "visited": false}}, {"type": "Feature", "geometry": {"type": "Point", "coordinates": [630030.53, 5219822.85]}, "properties": {"type": "gap", "gap_m": 25.7, "vineyard_id": "V42", "row_id": "V42-R62", "reachable": true, "id": "T1782", "x": 630030.53, "y": 5219822.85, "order": 220, "visited": true}}, {"type": "Feature", "geometry": {"type": "Point", "coordinates": [630030.72, 5219818.34]}, "properties": {"type": "gap", "gap_m": 17.9, "vineyard_id": "V42", "row_id": "V42-R69", "reachable": true, "id": "T1790", "x": 630030.72, "y": 5219818.34, "order": 219, "visited": true}}, {"type": "Feature", "geometry": {"type": "Point", "coordinates": [630030.99, 5219815.44]}, "properties": {"type": "gap", "gap_m": 14.7, "vineyard_id": "V42", "row_id": "V42-R70", "reachable": true, "id": "T1791", "x": 630030.99, "y": 5219815.44, "order": 218, "visited": true}}, {"type": "Feature", "geometry": {"type": "Point", "coordinates": [630025.21, 5219771.84]}, "properties": {"type": "gap", "gap_m": 11.9, "vineyard_id": "V42", "row_id": "V42-R86", "reachable": true, "id": "T1812", "x": 630025.21, "y": 5219771.84, "order": 217, "visited": true}}, {"type": "Feature", "geometry": {"type": "Point", "coordinates": [630022.53, 5219766.99]}, "properties": {"type": "gap", "gap_m": 11.4, "vineyard_id": "V42", "row_id": "V42-R87", "reachable": true, "id": "T1814", "x": 630022.53, "y": 5219766.99, "order": 216, "visited": true}}, {"type": "Feature", "geometry": {"type": "Point", "coordinates": [629988.95, 5219760.13]}, "properties": {"type": "gap", "gap_m": 26.4, "vineyard_id": "V42", "row_id": "V42-R92", "reachable": true, "id": "T1822", "x": 629988.95, "y": 5219760.13, "order": 209, "visited": true}}, {"type": "Feature", "geometry": {"type": "Point", "coordinates": [630041.41, 5219750.54]}, "properties": {"type": "gap", "gap_m": 10.0, "vineyard_id": "V42", "row_id": "V42-R94", "reachable": true, "id": "T1827", "x": 630041.41, "y": 5219750.54, "order": 213, "visited": true}}, {"type": "Feature", "geometry": {"type": "Point", "coordinates": [630043.38, 5219744.93]}, "properties": {"type": "gap", "gap_m": 11.8, "vineyard_id": "V42", "row_id": "V42-R96", "reachable": true, "id": "T1837", "x": 630043.38, "y": 5219744.93, "order": 214, "visited": true}}, {"type": "Feature", "geometry": {"type": "Point", "coordinates": [630445.41, 5219758.65]}, "properties": {"type": "gap", "gap_m": 10.6, "vineyard_id": "V43", "row_id": "V43-R02", "reachable": true, "id": "T1846", "x": 630445.41, "y": 5219758.65, "order": null, "visited": false}}, {"type": "Feature", "geometry": {"type": "Point", "coordinates": [630432.52, 5219757.15]}, "properties": {"type": "gap", "gap_m": 10.5, "vineyard_id": "V43", "row_id": "V43-R02", "reachable": true, "id": "T1847", "x": 630432.52, "y": 5219757.15, "order": null, "visited": false}}, {"type": "Feature", "geometry": {"type": "Point", "coordinates": [630245.75, 5219795.85]}, "properties": {"type": "gap", "gap_m": 42.3, "vineyard_id": "V45", "row_id": "V45-R03", "reachable": true, "id": "T1853", "x": 630245.75, "y": 5219795.85, "order": 221, "visited": true}}, {"type": "Feature", "geometry": {"type": "Point", "coordinates": [630244.29, 5219794.54]}, "properties": {"type": "gap", "gap_m": 39.6, "vineyard_id": "V45", "row_id": "V45-R04", "reachable": true, "id": "T1854", "x": 630244.29, "y": 5219794.54, "order": null, "visited": true}}, {"type": "Feature", "geometry": {"type": "Point", "coordinates": [630246.25, 5219792.42]}, "properties": {"type": "gap", "gap_m": 39.9, "vineyard_id": "V45", "row_id": "V45-R05", "reachable": true, "id": "T1855", "x": 630246.25, "y": 5219792.42, "order": null, "visited": true}}, {"type": "Feature", "geometry": {"type": "Point", "coordinates": [630246.74, 5219790.39]}, "properties": {"type": "gap", "gap_m": 39.7, "vineyard_id": "V45", "row_id": "V45-R06", "reachable": true, "id": "T1856", "x": 630246.74, "y": 5219790.39, "order": null, "visited": false}}, {"type": "Feature", "geometry": {"type": "Point", "coordinates": [630253.98, 5219731.81]}, "properties": {"type": "gap", "gap_m": 11.8, "vineyard_id": "V45", "row_id": "V45-R22", "reachable": true, "id": "T1865", "x": 630253.98, "y": 5219731.81, "order": null, "visited": false}}, {"type": "Feature", "geometry": {"type": "Point", "coordinates": [630224.87, 5219694.54]}, "properties": {"type": "gap", "gap_m": 18.6, "vineyard_id": "V45", "row_id": "V45-R41", "reachable": true, "id": "T1892", "x": 630224.87, "y": 5219694.54, "order": null, "visited": false}}, {"type": "Feature", "geometry": {"type": "Point", "coordinates": [630223.4, 5219691.1]}, "properties": {"type": "gap", "gap_m": 10.7, "vineyard_id": "V45", "row_id": "V45-R42", "reachable": true, "id": "T1893", "x": 630223.4, "y": 5219691.1, "order": null, "visited": false}}, {"type": "Feature", "geometry": {"type": "Point", "coordinates": [629805.09, 5219715.63]}, "properties": {"type": "gap", "gap_m": 13.0, "vineyard_id": "V46", "row_id": "V46-R12", "reachable": true, "id": "T1903", "x": 629805.09, "y": 5219715.63, "order": null, "visited": false}}, {"type": "Feature", "geometry": {"type": "Point", "coordinates": [629802.93, 5219712.9]}, "properties": {"type": "gap", "gap_m": 14.5, "vineyard_id": "V46", "row_id": "V46-R14", "reachable": true, "id": "T1904", "x": 629802.93, "y": 5219712.9, "order": 380, "visited": true}}, {"type": "Feature", "geometry": {"type": "Point", "coordinates": [630496.88, 5219675.88]}, "properties": {"type": "gap", "gap_m": 12.8, "vineyard_id": "V50", "row_id": "V50-R04", "reachable": true, "id": "T1936", "x": 630496.88, "y": 5219675.88, "order": null, "visited": false}}, {"type": "Feature", "geometry": {"type": "Point", "coordinates": [630516.29, 5219678.14]}, "properties": {"type": "gap", "gap_m": 11.1, "vineyard_id": "V50", "row_id": "V50-R05", "reachable": true, "id": "T1937", "x": 630516.29, "y": 5219678.14, "order": null, "visited": false}}, {"type": "Feature", "geometry": {"type": "Point", "coordinates": [630097.13, 5219683.68]}, "properties": {"type": "gap", "gap_m": 21.8, "vineyard_id": "V53", "row_id": "V53-R05", "reachable": true, "id": "T1959", "x": 630097.13, "y": 5219683.68, "order": null, "visited": false}}, {"type": "Feature", "geometry": {"type": "Point", "coordinates": [630098.97, 5219680.59]}, "properties": {"type": "gap", "gap_m": 20.6, "vineyard_id": "V53", "row_id": "V53-R07", "reachable": true, "id": "T1961", "x": 630098.97, "y": 5219680.59, "order": null, "visited": false}}, {"type": "Feature", "geometry": {"type": "Point", "coordinates": [630100.6, 5219676.83]}, "properties": {"type": "gap", "gap_m": 22.1, "vineyard_id": "V53", "row_id": "V53-R09", "reachable": true, "id": "T1964", "x": 630100.6, "y": 5219676.83, "order": null, "visited": false}}, {"type": "Feature", "geometry": {"type": "Point", "coordinates": [630105.01, 5219671.95]}, "properties": {"type": "gap", "gap_m": 20.6, "vineyard_id": "V53", "row_id": "V53-R12", "reachable": true, "id": "T1965", "x": 630105.01, "y": 5219671.95, "order": null, "visited": false}}, {"type": "Feature", "geometry": {"type": "Point", "coordinates": [630107.56, 5219668.48]}, "properties": {"type": "gap", "gap_m": 20.4, "vineyard_id": "V53", "row_id": "V53-R13", "reachable": true, "id": "T1968", "x": 630107.56, "y": 5219668.48, "order": null, "visited": false}}, {"type": "Feature", "geometry": {"type": "Point", "coordinates": [630098.56, 5219657.31]}, "properties": {"type": "gap", "gap_m": 10.2, "vineyard_id": "V53", "row_id": "V53-R17", "reachable": true, "id": "T1971", "x": 630098.56, "y": 5219657.31, "order": null, "visited": false}}, {"type": "Feature", "geometry": {"type": "Point", "coordinates": [630055.85, 5219647.33]}, "properties": {"type": "gap", "gap_m": 11.1, "vineyard_id": "V53", "row_id": "V53-R29", "reachable": true, "id": "T1984", "x": 630055.85, "y": 5219647.33, "order": 370, "visited": true}}, {"type": "Feature", "geometry": {"type": "Point", "coordinates": [630035.79, 5219656.97]}, "properties": {"type": "gap", "gap_m": 11.0, "vineyard_id": "V53", "row_id": "V53-R39", "reachable": true, "id": "T2003", "x": 630035.79, "y": 5219656.97, "order": 373, "visited": true}}, {"type": "Feature", "geometry": {"type": "Point", "coordinates": [630086.08, 5219626.16]}, "properties": {"type": "gap", "gap_m": 10.4, "vineyard_id": "V53", "row_id": "V53-R40", "reachable": true, "id": "T2005", "x": 630086.08, "y": 5219626.16, "order": null, "visited": false}}, {"type": "Feature", "geometry": {"type": "Point", "coordinates": [630106.62, 5219616.08]}, "properties": {"type": "gap", "gap_m": 11.7, "vineyard_id": "V53", "row_id": "V53-R44", "reachable": true, "id": "T2013", "x": 630106.62, "y": 5219616.08, "order": 369, "visited": true}}, {"type": "Feature", "geometry": {"type": "Point", "coordinates": [630094.54, 5219616.42]}, "properties": {"type": "gap", "gap_m": 13.9, "vineyard_id": "V53", "row_id": "V53-R46", "reachable": true, "id": "T2015", "x": 630094.54, "y": 5219616.42, "order": null, "visited": false}}, {"type": "Feature", "geometry": {"type": "Point", "coordinates": [630109.49, 5219609.46]}, "properties": {"type": "gap", "gap_m": 16.8, "vineyard_id": "V53", "row_id": "V53-R47", "reachable": true, "id": "T2020", "x": 630109.49, "y": 5219609.46, "order": 367, "visited": true}}, {"type": "Feature", "geometry": {"type": "Point", "coordinates": [630094.6, 5219608.3]}, "properties": {"type": "gap", "gap_m": 10.8, "vineyard_id": "V53", "row_id": "V53-R48", "reachable": true, "id": "T2021", "x": 630094.6, "y": 5219608.3, "order": 365, "visited": true}}, {"type": "Feature", "geometry": {"type": "Point", "coordinates": [630107.98, 5219605.0]}, "properties": {"type": "gap", "gap_m": 10.5, "vineyard_id": "V53", "row_id": "V53-R48", "reachable": true, "id": "T2022", "x": 630107.98, "y": 5219605.0, "order": 366, "visited": true}}, {"type": "Feature", "geometry": {"type": "Point", "coordinates": [630453.37, 5219659.08]}, "properties": {"type": "gap", "gap_m": 11.3, "vineyard_id": "V54", "row_id": "V54-R02", "reachable": true, "id": "T2023", "x": 630453.37, "y": 5219659.08, "order": null, "visited": true}}, {"type": "Feature", "geometry": {"type": "Point", "coordinates": [630440.47, 5219649.33]}, "properties": {"type": "gap", "gap_m": 14.9, "vineyard_id": "V54", "row_id": "V54-R05", "reachable": true, "id": "T2025", "x": 630440.47, "y": 5219649.33, "order": null, "visited": false}}, {"type": "Feature", "geometry": {"type": "Point", "coordinates": [630442.45, 5219647.71]}, "properties": {"type": "gap", "gap_m": 15.6, "vineyard_id": "V54", "row_id": "V54-R06", "reachable": true, "id": "T2026", "x": 630442.45, "y": 5219647.71, "order": null, "visited": false}}, {"type": "Feature", "geometry": {"type": "Point", "coordinates": [630445.53, 5219643.72]}, "properties": {"type": "gap", "gap_m": 25.7, "vineyard_id": "V54", "row_id": "V54-R08", "reachable": true, "id": "T2027", "x": 630445.53, "y": 5219643.72, "order": 285, "visited": true}}, {"type": "Feature", "geometry": {"type": "Point", "coordinates": [630448.72, 5219641.82]}, "properties": {"type": "gap", "gap_m": 17.0, "vineyard_id": "V54", "row_id": "V54-R09", "reachable": true, "id": "T2029", "x": 630448.72, "y": 5219641.82, "order": 284, "visited": true}}, {"type": "Feature", "geometry": {"type": "Point", "coordinates": [630456.26, 5219641.37]}, "properties": {"type": "gap", "gap_m": 11.1, "vineyard_id": "V54", "row_id": "V54-R10", "reachable": true, "id": "T2030", "x": 630456.26, "y": 5219641.37, "order": 283, "visited": true}}, {"type": "Feature", "geometry": {"type": "Point", "coordinates": [630394.61, 5219616.56]}, "properties": {"type": "gap", "gap_m": 18.4, "vineyard_id": "V56", "row_id": "V56-R01", "reachable": true, "id": "T2054", "x": 630394.61, "y": 5219616.56, "order": null, "visited": false}}, {"type": "Feature", "geometry": {"type": "Point", "coordinates": [630389.06, 5219615.42]}, "properties": {"type": "gap", "gap_m": 15.7, "vineyard_id": "V56", "row_id": "V56-R03", "reachable": true, "id": "T2056", "x": 630389.06, "y": 5219615.42, "order": null, "visited": false}}, {"type": "Feature", "geometry": {"type": "Point", "coordinates": [630208.97, 5219594.5]}, "properties": {"type": "gap", "gap_m": 11.8, "vineyard_id": "V57", "row_id": "V57-R11", "reachable": true, "id": "T2064", "x": 630208.97, "y": 5219594.5, "order": null, "visited": false}}, {"type": "Feature", "geometry": {"type": "Point", "coordinates": [630207.0, 5219598.08]}, "properties": {"type": "gap", "gap_m": 12.2, "vineyard_id": "V57", "row_id": "V57-R13", "reachable": true, "id": "T2067", "x": 630207.0, "y": 5219598.08, "order": null, "visited": false}}, {"type": "Feature", "geometry": {"type": "Point", "coordinates": [630204.7, 5219598.19]}, "properties": {"type": "gap", "gap_m": 17.2, "vineyard_id": "V57", "row_id": "V57-R15", "reachable": true, "id": "T2069", "x": 630204.7, "y": 5219598.19, "order": null, "visited": false}}, {"type": "Feature", "geometry": {"type": "Point", "coordinates": [630202.11, 5219605.89]}, "properties": {"type": "gap", "gap_m": 12.3, "vineyard_id": "V57", "row_id": "V57-R17", "reachable": true, "id": "T2070", "x": 630202.11, "y": 5219605.89, "order": 352, "visited": true}}, {"type": "Feature", "geometry": {"type": "Point", "coordinates": [630200.14, 5219608.62]}, "properties": {"type": "gap", "gap_m": 12.0, "vineyard_id": "V57", "row_id": "V57-R18", "reachable": true, "id": "T2071", "x": 630200.14, "y": 5219608.62, "order": 351, "visited": true}}, {"type": "Feature", "geometry": {"type": "Point", "coordinates": [630198.61, 5219610.87]}, "properties": {"type": "gap", "gap_m": 12.3, "vineyard_id": "V57", "row_id": "V57-R19", "reachable": true, "id": "T2073", "x": 630198.61, "y": 5219610.87, "order": 350, "visited": true}}, {"type": "Feature", "geometry": {"type": "Point", "coordinates": [630196.98, 5219613.16]}, "properties": {"type": "gap", "gap_m": 14.5, "vineyard_id": "V57", "row_id": "V57-R21", "reachable": true, "id": "T2074", "x": 630196.98, "y": 5219613.16, "order": 349, "visited": true}}, {"type": "Feature", "geometry": {"type": "Point", "coordinates": [630195.02, 5219616.37]}, "properties": {"type": "gap", "gap_m": 13.0, "vineyard_id": "V57", "row_id": "V57-R22", "reachable": true, "id": "T2076", "x": 630195.02, "y": 5219616.37, "order": null, "visited": false}}, {"type": "Feature", "geometry": {"type": "Point", "coordinates": [630193.17, 5219618.36]}, "properties": {"type": "gap", "gap_m": 13.4, "vineyard_id": "V57", "row_id": "V57-R24", "reachable": true, "id": "T2078", "x": 630193.17, "y": 5219618.36, "order": null, "visited": false}}, {"type": "Feature", "geometry": {"type": "Point", "coordinates": [630189.55, 5219623.41]}, "properties": {"type": "gap", "gap_m": 13.0, "vineyard_id": "V57", "row_id": "V57-R27", "reachable": true, "id": "T2081", "x": 630189.55, "y": 5219623.41, "order": null, "visited": false}}, {"type": "Feature", "geometry": {"type": "Point", "coordinates": [630188.3, 5219625.4]}, "properties": {"type": "gap", "gap_m": 14.2, "vineyard_id": "V57", "row_id": "V57-R29", "reachable": true, "id": "T2084", "x": 630188.3, "y": 5219625.4, "order": null, "visited": false}}, {"type": "Feature", "geometry": {"type": "Point", "coordinates": [630201.61, 5219556.47]}, "properties": {"type": "gap", "gap_m": 17.8, "vineyard_id": "V57", "row_id": "V57-R50", "reachable": true, "id": "T2129", "x": 630201.61, "y": 5219556.47, "order": 345, "visited": true}}, {"type": "Feature", "geometry": {"type": "Point", "coordinates": [630205.97, 5219553.21]}, "properties": {"type": "gap", "gap_m": 11.5, "vineyard_id": "V57", "row_id": "V57-R52", "reachable": true, "id": "T2134", "x": 630205.97, "y": 5219553.21, "order": 344, "visited": true}}, {"type": "Feature", "geometry": {"type": "Point", "coordinates": [630202.12, 5219548.67]}, "properties": {"type": "gap", "gap_m": 20.1, "vineyard_id": "V57", "row_id": "V57-R55", "reachable": true, "id": "T2141", "x": 630202.12, "y": 5219548.67, "order": 343, "visited": true}}, {"type": "Feature", "geometry": {"type": "Point", "coordinates": [630197.25, 5219545.99]}, "properties": {"type": "gap", "gap_m": 26.0, "vineyard_id": "V57", "row_id": "V57-R57", "reachable": true, "id": "T2143", "x": 630197.25, "y": 5219545.99, "order": 342, "visited": true}}, {"type": "Feature", "geometry": {"type": "Point", "coordinates": [630197.59, 5219543.17]}, "properties": {"type": "gap", "gap_m": 17.4, "vineyard_id": "V57", "row_id": "V57-R58", "reachable": true, "id": "T2145", "x": 630197.59, "y": 5219543.17, "order": 341, "visited": true}}, {"type": "Feature", "geometry": {"type": "Point", "coordinates": [630183.76, 5219542.42]}, "properties": {"type": "gap", "gap_m": 12.7, "vineyard_id": "V57", "row_id": "V57-R60", "reachable": true, "id": "T2152", "x": 630183.76, "y": 5219542.42, "order": 340, "visited": true}}, {"type": "Feature", "geometry": {"type": "Point", "coordinates": [630198.09, 5219540.69]}, "properties": {"type": "gap", "gap_m": 15.3, "vineyard_id": "V57", "row_id": "V57-R60", "reachable": true, "id": "T2153", "x": 630198.09, "y": 5219540.69, "order": 341, "visited": true}}, {"type": "Feature", "geometry": {"type": "Point", "coordinates": [630150.03, 5219599.93]}, "properties": {"type": "gap", "gap_m": 16.6, "vineyard_id": "V57", "row_id": "V57-R62", "reachable": true, "id": "T2159", "x": 630150.03, "y": 5219599.93, "order": 353, "visited": true}}, {"type": "Feature", "geometry": {"type": "Point", "coordinates": [630187.13, 5219536.99]}, "properties": {"type": "gap", "gap_m": 15.2, "vineyard_id": "V57", "row_id": "V57-R63", "reachable": true, "id": "T2161", "x": 630187.13, "y": 5219536.99, "order": null, "visited": false}}, {"type": "Feature", "geometry": {"type": "Point", "coordinates": [630146.78, 5219602.11]}, "properties": {"type": "gap", "gap_m": 11.2, "vineyard_id": "V57", "row_id": "V57-R64", "reachable": true, "id": "T2163", "x": 630146.78, "y": 5219602.11, "order": 354, "visited": true}}, {"type": "Feature", "geometry": {"type": "Point", "coordinates": [630140.95, 5219608.04]}, "properties": {"type": "gap", "gap_m": 12.1, "vineyard_id": "V57", "row_id": "V57-R66", "reachable": true, "id": "T2165", "x": 630140.95, "y": 5219608.04, "order": 356, "visited": true}}, {"type": "Feature", "geometry": {"type": "Point", "coordinates": [630130.79, 5219605.83]}, "properties": {"type": "gap", "gap_m": 10.2, "vineyard_id": "V57", "row_id": "V57-R71", "reachable": true, "id": "T2178", "x": 630130.79, "y": 5219605.83, "order": null, "visited": false}}, {"type": "Feature", "geometry": {"type": "Point", "coordinates": [630146.5, 5219581.69]}, "properties": {"type": "gap", "gap_m": 17.8, "vineyard_id": "V57", "row_id": "V57-R73", "reachable": true, "id": "T2184", "x": 630146.5, "y": 5219581.69, "order": 355, "visited": true}}, {"type": "Feature", "geometry": {"type": "Point", "coordinates": [630147.78, 5219579.33]}, "properties": {"type": "gap", "gap_m": 14.0, "vineyard_id": "V57", "row_id": "V57-R76", "reachable": true, "id": "T2191", "x": 630147.78, "y": 5219579.33, "order": null, "visited": false}}, {"type": "Feature", "geometry": {"type": "Point", "coordinates": [630150.02, 5219571.34]}, "properties": {"type": "gap", "gap_m": 11.5, "vineyard_id": "V57", "row_id": "V57-R80", "reachable": true, "id": "T2204", "x": 630150.02, "y": 5219571.34, "order": 347, "visited": true}}, {"type": "Feature", "geometry": {"type": "Point", "coordinates": [630155.97, 5219569.26]}, "properties": {"type": "gap", "gap_m": 13.9, "vineyard_id": "V57", "row_id": "V57-R82", "reachable": true, "id": "T2207", "x": 630155.97, "y": 5219569.26, "order": 348, "visited": true}}, {"type": "Feature", "geometry": {"type": "Point", "coordinates": [630139.5, 5219567.82]}, "properties": {"type": "gap", "gap_m": 11.1, "vineyard_id": "V57", "row_id": "V57-R82", "reachable": true, "id": "T2208", "x": 630139.5, "y": 5219567.82, "order": 346, "visited": true}}, {"type": "Feature", "geometry": {"type": "Point", "coordinates": [630121.11, 5219591.95]}, "properties": {"type": "gap", "gap_m": 11.3, "vineyard_id": "V57", "row_id": "V57-R87", "reachable": true, "id": "T2221", "x": 630121.11, "y": 5219591.95, "order": 368, "visited": true}}, {"type": "Feature", "geometry": {"type": "Point", "coordinates": [630502.39, 5219598.24]}, "properties": {"type": "gap", "gap_m": 45.1, "vineyard_id": "V59", "row_id": "V59-R01", "reachable": true, "id": "T2242", "x": 630502.39, "y": 5219598.24, "order": 282, "visited": true}}, {"type": "Feature", "geometry": {"type": "Point", "coordinates": [630498.94, 5219596.02]}, "properties": {"type": "gap", "gap_m": 39.0, "vineyard_id": "V59", "row_id": "V59-R02", "reachable": true, "id": "T2243", "x": 630498.94, "y": 5219596.02, "order": null, "visited": true}}, {"type": "Feature", "geometry": {"type": "Point", "coordinates": [630498.65, 5219593.01]}, "properties": {"type": "gap", "gap_m": 30.8, "vineyard_id": "V59", "row_id": "V59-R03", "reachable": true, "id": "T2244", "x": 630498.65, "y": 5219593.01, "order": 281, "visited": true}}, {"type": "Feature", "geometry": {"type": "Point", "coordinates": [630496.86, 5219569.98]}, "properties": {"type": "gap", "gap_m": 23.6, "vineyard_id": "V59", "row_id": "V59-R06", "reachable": true, "id": "T2245", "x": 630496.86, "y": 5219569.98, "order": 276, "visited": true}}, {"type": "Feature", "geometry": {"type": "Point", "coordinates": [630492.8, 5219544.38]}, "properties": {"type": "gap", "gap_m": 11.3, "vineyard_id": "V59", "row_id": "V59-R06", "reachable": true, "id": "T2246", "x": 630492.8, "y": 5219544.38, "order": null, "visited": true}}, {"type": "Feature", "geometry": {"type": "Point", "coordinates": [630493.48, 5219569.11]}, "properties": {"type": "gap", "gap_m": 23.3, "vineyard_id": "V59", "row_id": "V59-R07", "reachable": true, "id": "T2248", "x": 630493.48, "y": 5219569.11, "order": 277, "visited": true}}, {"type": "Feature", "geometry": {"type": "Point", "coordinates": [630562.53, 5219562.57]}, "properties": {"type": "gap", "gap_m": 13.1, "vineyard_id": "V60", "row_id": "V60-R02", "reachable": true, "id": "T2250", "x": 630562.53, "y": 5219562.57, "order": 266, "visited": true}}, {"type": "Feature", "geometry": {"type": "Point", "coordinates": [630559.8, 5219561.81]}, "properties": {"type": "gap", "gap_m": 13.2, "vineyard_id": "V60", "row_id": "V60-R03", "reachable": true, "id": "T2251", "x": 630559.8, "y": 5219561.81, "order": null, "visited": true}}, {"type": "Feature", "geometry": {"type": "Point", "coordinates": [630552.23, 5219559.01]}, "properties": {"type": "gap", "gap_m": 14.4, "vineyard_id": "V60", "row_id": "V60-R05", "reachable": true, "id": "T2252", "x": 630552.23, "y": 5219559.01, "order": 267, "visited": true}}, {"type": "Feature", "geometry": {"type": "Point", "coordinates": [630548.37, 5219556.82]}, "properties": {"type": "gap", "gap_m": 16.6, "vineyard_id": "V60", "row_id": "V60-R06", "reachable": true, "id": "T2254", "x": 630548.37, "y": 5219556.82, "order": 268, "visited": true}}, {"type": "Feature", "geometry": {"type": "Point", "coordinates": [630544.3, 5219555.57]}, "properties": {"type": "gap", "gap_m": 17.1, "vineyard_id": "V60", "row_id": "V60-R08", "reachable": true, "id": "T2255", "x": 630544.3, "y": 5219555.57, "order": 269, "visited": true}}, {"type": "Feature", "geometry": {"type": "Point", "coordinates": [630539.25, 5219555.53]}, "properties": {"type": "gap", "gap_m": 17.0, "vineyard_id": "V60", "row_id": "V60-R12", "reachable": true, "id": "T2256", "x": 630539.25, "y": 5219555.53, "order": 270, "visited": true}}, {"type": "Feature", "geometry": {"type": "Point", "coordinates": [630536.05, 5219554.84]}, "properties": {"type": "gap", "gap_m": 13.7, "vineyard_id": "V60", "row_id": "V60-R13", "reachable": true, "id": "T2257", "x": 630536.05, "y": 5219554.84, "order": 271, "visited": true}}, {"type": "Feature", "geometry": {"type": "Point", "coordinates": [630532.71, 5219554.3]}, "properties": {"type": "gap", "gap_m": 13.4, "vineyard_id": "V60", "row_id": "V60-R15", "reachable": true, "id": "T2259", "x": 630532.71, "y": 5219554.3, "order": 272, "visited": true}}, {"type": "Feature", "geometry": {"type": "Point", "coordinates": [630530.09, 5219553.64]}, "properties": {"type": "gap", "gap_m": 13.7, "vineyard_id": "V60", "row_id": "V60-R18", "reachable": true, "id": "T2261", "x": 630530.09, "y": 5219553.64, "order": 273, "visited": true}}, {"type": "Feature", "geometry": {"type": "Point", "coordinates": [630525.64, 5219552.3]}, "properties": {"type": "gap", "gap_m": 14.3, "vineyard_id": "V60", "row_id": "V60-R23", "reachable": true, "id": "T2262", "x": 630525.64, "y": 5219552.3, "order": null, "visited": false}}, {"type": "Feature", "geometry": {"type": "Point", "coordinates": [630522.21, 5219550.63]}, "properties": {"type": "gap", "gap_m": 16.3, "vineyard_id": "V60", "row_id": "V60-R26", "reachable": true, "id": "T2264", "x": 630522.21, "y": 5219550.63, "order": 274, "visited": true}}, {"type": "Feature", "geometry": {"type": "Point", "coordinates": [630520.06, 5219550.79]}, "properties": {"type": "gap", "gap_m": 14.5, "vineyard_id": "V60", "row_id": "V60-R27", "reachable": true, "id": "T2265", "x": 630520.06, "y": 5219550.79, "order": 274, "visited": true}}, {"type": "Feature", "geometry": {"type": "Point", "coordinates": [630517.41, 5219549.92]}, "properties": {"type": "gap", "gap_m": 15.5, "vineyard_id": "V60", "row_id": "V60-R29", "reachable": true, "id": "T2267", "x": 630517.41, "y": 5219549.92, "order": 275, "visited": true}}, {"type": "Feature", "geometry": {"type": "Point", "coordinates": [630515.57, 5219549.65]}, "properties": {"type": "gap", "gap_m": 15.1, "vineyard_id": "V60", "row_id": "V60-R30", "reachable": true, "id": "T2269", "x": 630515.57, "y": 5219549.65, "order": 275, "visited": true}}, {"type": "Feature", "geometry": {"type": "Point", "coordinates": [630514.09, 5219548.85]}, "properties": {"type": "gap", "gap_m": 18.1, "vineyard_id": "V60", "row_id": "V60-R31", "reachable": true, "id": "T2270", "x": 630514.09, "y": 5219548.85, "order": null, "visited": false}}, {"type": "Feature", "geometry": {"type": "Point", "coordinates": [630508.02, 5219547.38]}, "properties": {"type": "gap", "gap_m": 18.1, "vineyard_id": "V60", "row_id": "V60-R34", "reachable": true, "id": "T2271", "x": 630508.02, "y": 5219547.38, "order": null, "visited": false}}, {"type": "Feature", "geometry": {"type": "Point", "coordinates": [630506.17, 5219546.6]}, "properties": {"type": "gap", "gap_m": 15.6, "vineyard_id": "V60", "row_id": "V60-R35", "reachable": true, "id": "T2272", "x": 630506.17, "y": 5219546.6, "order": null, "visited": false}}, {"type": "Feature", "geometry": {"type": "Point", "coordinates": [630513.81, 5219518.98]}, "properties": {"type": "gap", "gap_m": 12.3, "vineyard_id": "V60", "row_id": "V60-R36", "reachable": true, "id": "T2274", "x": 630513.81, "y": 5219518.98, "order": null, "visited": false}}, {"type": "Feature", "geometry": {"type": "Point", "coordinates": [630297.04, 5219640.66]}, "properties": {"type": "gap", "gap_m": 19.6, "vineyard_id": "V62", "row_id": "V62-R04", "reachable": true, "id": "T2282", "x": 630297.04, "y": 5219640.66, "order": null, "visited": false}}, {"type": "Feature", "geometry": {"type": "Point", "coordinates": [630295.27, 5219631.0]}, "properties": {"type": "gap", "gap_m": 27.2, "vineyard_id": "V62", "row_id": "V62-R08", "reachable": true, "id": "T2284", "x": 630295.27, "y": 5219631.0, "order": null, "visited": false}}, {"type": "Feature", "geometry": {"type": "Point", "coordinates": [630294.93, 5219629.06]}, "properties": {"type": "gap", "gap_m": 29.4, "vineyard_id": "V62", "row_id": "V62-R09", "reachable": true, "id": "T2285", "x": 630294.93, "y": 5219629.06, "order": null, "visited": true}}, {"type": "Feature", "geometry": {"type": "Point", "coordinates": [630296.74, 5219625.02]}, "properties": {"type": "gap", "gap_m": 27.8, "vineyard_id": "V62", "row_id": "V62-R10", "reachable": true, "id": "T2286", "x": 630296.74, "y": 5219625.02, "order": 286, "visited": true}}, {"type": "Feature", "geometry": {"type": "Point", "coordinates": [630296.78, 5219622.63]}, "properties": {"type": "gap", "gap_m": 26.4, "vineyard_id": "V62", "row_id": "V62-R11", "reachable": true, "id": "T2287", "x": 630296.78, "y": 5219622.63, "order": 287, "visited": true}}, {"type": "Feature", "geometry": {"type": "Point", "coordinates": [630299.0, 5219619.49]}, "properties": {"type": "gap", "gap_m": 28.7, "vineyard_id": "V62", "row_id": "V62-R12", "reachable": true, "id": "T2288", "x": 630299.0, "y": 5219619.49, "order": 288, "visited": true}}, {"type": "Feature", "geometry": {"type": "Point", "coordinates": [630299.95, 5219616.94]}, "properties": {"type": "gap", "gap_m": 29.1, "vineyard_id": "V62", "row_id": "V62-R13", "reachable": true, "id": "T2290", "x": 630299.95, "y": 5219616.94, "order": null, "visited": true}}, {"type": "Feature", "geometry": {"type": "Point", "coordinates": [630300.71, 5219615.07]}, "properties": {"type": "gap", "gap_m": 29.3, "vineyard_id": "V62", "row_id": "V62-R14", "reachable": true, "id": "T2292", "x": 630300.71, "y": 5219615.07, "order": null, "visited": true}}, {"type": "Feature", "geometry": {"type": "Point", "coordinates": [630300.87, 5219612.3]}, "properties": {"type": "gap", "gap_m": 28.2, "vineyard_id": "V62", "row_id": "V62-R15", "reachable": true, "id": "T2294", "x": 630300.87, "y": 5219612.3, "order": 289, "visited": true}}, {"type": "Feature", "geometry": {"type": "Point", "coordinates": [630302.48, 5219608.89]}, "properties": {"type": "gap", "gap_m": 29.1, "vineyard_id": "V62", "row_id": "V62-R16", "reachable": true, "id": "T2296", "x": 630302.48, "y": 5219608.89, "order": 290, "visited": true}}, {"type": "Feature", "geometry": {"type": "Point", "coordinates": [630302.89, 5219605.51]}, "properties": {"type": "gap", "gap_m": 28.2, "vineyard_id": "V62", "row_id": "V62-R17", "reachable": true, "id": "T2298", "x": 630302.89, "y": 5219605.51, "order": 291, "visited": true}}, {"type": "Feature", "geometry": {"type": "Point", "coordinates": [630305.11, 5219599.07]}, "properties": {"type": "gap", "gap_m": 28.2, "vineyard_id": "V62", "row_id": "V62-R18", "reachable": true, "id": "T2300", "x": 630305.11, "y": 5219599.07, "order": 293, "visited": true}}, {"type": "Feature", "geometry": {"type": "Point", "coordinates": [630283.85, 5219598.1]}, "properties": {"type": "gap", "gap_m": 10.0, "vineyard_id": "V62", "row_id": "V62-R20", "reachable": true, "id": "T2302", "x": 630283.85, "y": 5219598.1, "order": 294, "visited": true}}, {"type": "Feature", "geometry": {"type": "Point", "coordinates": [630305.18, 5219596.23]}, "properties": {"type": "gap", "gap_m": 28.8, "vineyard_id": "V62", "row_id": "V62-R20", "reachable": true, "id": "T2303", "x": 630305.18, "y": 5219596.23, "order": 292, "visited": true}}, {"type": "Feature", "geometry": {"type": "Point", "coordinates": [630306.34, 5219593.32]}, "properties": {"type": "gap", "gap_m": 28.3, "vineyard_id": "V62", "row_id": "V62-R21", "reachable": true, "id": "T2305", "x": 630306.34, "y": 5219593.32, "order": 295, "visited": true}}, {"type": "Feature", "geometry": {"type": "Point", "coordinates": [630308.22, 5219590.04]}, "properties": {"type": "gap", "gap_m": 29.0, "vineyard_id": "V62", "row_id": "V62-R22", "reachable": true, "id": "T2307", "x": 630308.22, "y": 5219590.04, "order": 296, "visited": true}}, {"type": "Feature", "geometry": {"type": "Point", "coordinates": [630346.8, 5219504.06]}, "properties": {"type": "gap", "gap_m": 11.9, "vineyard_id": "V62", "row_id": "V62-R54", "reachable": true, "id": "T2330", "x": 630346.8, "y": 5219504.06, "order": 241, "visited": true}}, {"type": "Feature", "geometry": {"type": "Point", "coordinates": [630342.7, 5219501.73]}, "properties": {"type": "gap", "gap_m": 20.9, "vineyard_id": "V62", "row_id": "V62-R56", "reachable": true, "id": "T2332", "x": 630342.7, "y": 5219501.73, "order": 240, "visited": true}}, {"type": "Feature", "geometry": {"type": "Point", "coordinates": [630342.76, 5219499.34]}, "properties": {"type": "gap", "gap_m": 25.1, "vineyard_id": "V62", "row_id": "V62-R57", "reachable": true, "id": "T2333", "x": 630342.76, "y": 5219499.34, "order": 237, "visited": true}}, {"type": "Feature", "geometry": {"type": "Point", "coordinates": [630311.92, 5219497.19]}, "properties": {"type": "gap", "gap_m": 16.6, "vineyard_id": "V62", "row_id": "V62-R58", "reachable": true, "id": "T2335", "x": 630311.92, "y": 5219497.19, "order": 239, "visited": true}}, {"type": "Feature", "geometry": {"type": "Point", "coordinates": [630339.89, 5219496.67]}, "properties": {"type": "gap", "gap_m": 31.5, "vineyard_id": "V62", "row_id": "V62-R59", "reachable": true, "id": "T2336", "x": 630339.89, "y": 5219496.67, "order": 238, "visited": true}}, {"type": "Feature", "geometry": {"type": "Point", "coordinates": [630315.38, 5219489.38]}, "properties": {"type": "gap", "gap_m": 12.7, "vineyard_id": "V62", "row_id": "V62-R64", "reachable": true, "id": "T2341", "x": 630315.38, "y": 5219489.38, "order": 235, "visited": true}}, {"type": "Feature", "geometry": {"type": "Point", "coordinates": [630339.08, 5219489.19]}, "properties": {"type": "gap", "gap_m": 29.8, "vineyard_id": "V62", "row_id": "V62-R65", "reachable": true, "id": "T2343", "x": 630339.08, "y": 5219489.19, "order": 236, "visited": true}}, {"type": "Feature", "geometry": {"type": "Point", "coordinates": [630314.61, 5219486.6]}, "properties": {"type": "gap", "gap_m": 11.0, "vineyard_id": "V62", "row_id": "V62-R66", "reachable": true, "id": "T2345", "x": 630314.61, "y": 5219486.6, "order": null, "visited": true}}, {"type": "Feature", "geometry": {"type": "Point", "coordinates": [630296.13, 5219474.07]}, "properties": {"type": "gap", "gap_m": 10.6, "vineyard_id": "V62", "row_id": "V62-R71", "reachable": true, "id": "T2346", "x": 630296.13, "y": 5219474.07, "order": null, "visited": false}}, {"type": "Feature", "geometry": {"type": "Point", "coordinates": [630298.71, 5219464.59]}, "properties": {"type": "gap", "gap_m": 33.7, "vineyard_id": "V62", "row_id": "V62-R73", "reachable": true, "id": "T2348", "x": 630298.71, "y": 5219464.59, "order": 234, "visited": true}}, {"type": "Feature", "geometry": {"type": "Point", "coordinates": [630298.45, 5219460.48]}, "properties": {"type": "gap", "gap_m": 30.8, "vineyard_id": "V62", "row_id": "V62-R75", "reachable": true, "id": "T2349", "x": 630298.45, "y": 5219460.48, "order": 233, "visited": true}}, {"type": "Feature", "geometry": {"type": "Point", "coordinates": [630360.37, 5219470.01]}, "properties": {"type": "gap", "gap_m": 10.7, "vineyard_id": "V62", "row_id": "V62-R80", "reachable": true, "id": "T2371", "x": 630360.37, "y": 5219470.01, "order": 299, "visited": true}}, {"type": "Feature", "geometry": {"type": "Point", "coordinates": [630294.58, 5219453.05]}, "properties": {"type": "gap", "gap_m": 15.1, "vineyard_id": "V62", "row_id": "V62-R82", "reachable": true, "id": "T2379", "x": 630294.58, "y": 5219453.05, "order": 232, "visited": true}}, {"type": "Feature", "geometry": {"type": "Point", "coordinates": [629946.52, 5219670.71]}, "properties": {"type": "gap", "gap_m": 11.8, "vineyard_id": "V63", "row_id": "V63-R003", "reachable": true, "id": "T2406", "x": 629946.52, "y": 5219670.71, "order": 378, "visited": true}}, {"type": "Feature", "geometry": {"type": "Point", "coordinates": [629949.7, 5219668.44]}, "properties": {"type": "gap", "gap_m": 13.5, "vineyard_id": "V63", "row_id": "V63-R004", "reachable": true, "id": "T2408", "x": 629949.7, "y": 5219668.44, "order": 379, "visited": true}}, {"type": "Feature", "geometry": {"type": "Point", "coordinates": [629940.94, 5219665.16]}, "properties": {"type": "gap", "gap_m": 10.7, "vineyard_id": "V63", "row_id": "V63-R005", "reachable": true, "id": "T2411", "x": 629940.94, "y": 5219665.16, "order": null, "visited": false}}, {"type": "Feature", "geometry": {"type": "Point", "coordinates": [629940.2, 5219662.46]}, "properties": {"type": "gap", "gap_m": 21.8, "vineyard_id": "V63", "row_id": "V63-R006", "reachable": true, "id": "T2413", "x": 629940.2, "y": 5219662.46, "order": null, "visited": false}}, {"type": "Feature", "geometry": {"type": "Point", "coordinates": [629937.21, 5219659.46]}, "properties": {"type": "gap", "gap_m": 15.1, "vineyard_id": "V63", "row_id": "V63-R007", "reachable": true, "id": "T2414", "x": 629937.21, "y": 5219659.46, "order": null, "visited": false}}, {"type": "Feature", "geometry": {"type": "Point", "coordinates": [629994.84, 5219641.65]}, "properties": {"type": "gap", "gap_m": 11.6, "vineyard_id": "V63", "row_id": "V63-R034", "reachable": true, "id": "T2436", "x": 629994.84, "y": 5219641.65, "order": null, "visited": true}}, {"type": "Feature", "geometry": {"type": "Point", "coordinates": [630000.81, 5219645.24]}, "properties": {"type": "gap", "gap_m": 10.2, "vineyard_id": "V63", "row_id": "V63-R035", "reachable": true, "id": "T2439", "x": 630000.81, "y": 5219645.24, "order": 377, "visited": true}}, {"type": "Feature", "geometry": {"type": "Point", "coordinates": [629993.34, 5219636.59]}, "properties": {"type": "gap", "gap_m": 12.0, "vineyard_id": "V63", "row_id": "V63-R035", "reachable": true, "id": "T2440", "x": 629993.34, "y": 5219636.59, "order": null, "visited": true}}, {"type": "Feature", "geometry": {"type": "Point", "coordinates": [629984.61, 5219622.11]}, "properties": {"type": "gap", "gap_m": 14.8, "vineyard_id": "V63", "row_id": "V63-R036", "reachable": true, "id": "T2447", "x": 629984.61, "y": 5219622.11, "order": null, "visited": false}}, {"type": "Feature", "geometry": {"type": "Point", "coordinates": [630026.75, 5219624.6]}, "properties": {"type": "gap", "gap_m": 23.2, "vineyard_id": "V63", "row_id": "V63-R055", "reachable": true, "id": "T2469", "x": 630026.75, "y": 5219624.6, "order": 374, "visited": true}}, {"type": "Feature", "geometry": {"type": "Point", "coordinates": [630014.8, 5219610.55]}, "properties": {"type": "gap", "gap_m": 11.4, "vineyard_id": "V63", "row_id": "V63-R055", "reachable": true, "id": "T2470", "x": 630014.8, "y": 5219610.55, "order": 376, "visited": true}}, {"type": "Feature", "geometry": {"type": "Point", "coordinates": [630028.0, 5219620.09]}, "properties": {"type": "gap", "gap_m": 16.6, "vineyard_id": "V63", "row_id": "V63-R057", "reachable": true, "id": "T2472", "x": 630028.0, "y": 5219620.09, "order": 375, "visited": true}}, {"type": "Feature", "geometry": {"type": "Point", "coordinates": [630028.87, 5219619.17]}, "properties": {"type": "gap", "gap_m": 17.2, "vineyard_id": "V63", "row_id": "V63-R058", "reachable": true, "id": "T2475", "x": 630028.87, "y": 5219619.17, "order": 375, "visited": true}}, {"type": "Feature", "geometry": {"type": "Point", "coordinates": [630019.5, 5219607.76]}, "properties": {"type": "gap", "gap_m": 11.1, "vineyard_id": "V63", "row_id": "V63-R058", "reachable": true, "id": "T2476", "x": 630019.5, "y": 5219607.76, "order": null, "visited": false}}, {"type": "Feature", "geometry": {"type": "Point", "coordinates": [630027.82, 5219611.32]}, "properties": {"type": "gap", "gap_m": 18.7, "vineyard_id": "V63", "row_id": "V63-R061", "reachable": true, "id": "T2479", "x": 630027.82, "y": 5219611.32, "order": 372, "visited": true}}, {"type": "Feature", "geometry": {"type": "Point", "coordinates": [630034.99, 5219608.45]}, "properties": {"type": "gap", "gap_m": 18.7, "vineyard_id": "V63", "row_id": "V63-R066", "reachable": true, "id": "T2486", "x": 630034.99, "y": 5219608.45, "order": 371, "visited": true}}, {"type": "Feature", "geometry": {"type": "Point", "coordinates": [630030.77, 5219601.16]}, "properties": {"type": "gap", "gap_m": 15.8, "vineyard_id": "V63", "row_id": "V63-R067", "reachable": true, "id": "T2490", "x": 630030.77, "y": 5219601.16, "order": null, "visited": false}}, {"type": "Feature", "geometry": {"type": "Point", "coordinates": [630040.78, 5219607.93]}, "properties": {"type": "gap", "gap_m": 14.6, "vineyard_id": "V63", "row_id": "V63-R069", "reachable": true, "id": "T2492", "x": 630040.78, "y": 5219607.93, "order": null, "visited": false}}, {"type": "Feature", "geometry": {"type": "Point", "coordinates": [630030.46, 5219595.33]}, "properties": {"type": "gap", "gap_m": 13.1, "vineyard_id": "V63", "row_id": "V63-R069", "reachable": true, "id": "T2493", "x": 630030.46, "y": 5219595.33, "order": null, "visited": false}}, {"type": "Feature", "geometry": {"type": "Point", "coordinates": [630031.1, 5219593.16]}, "properties": {"type": "gap", "gap_m": 13.2, "vineyard_id": "V63", "row_id": "V63-R070", "reachable": true, "id": "T2499", "x": 630031.1, "y": 5219593.16, "order": null, "visited": false}}, {"type": "Feature", "geometry": {"type": "Point", "coordinates": [630053.1, 5219604.68]}, "properties": {"type": "gap", "gap_m": 11.3, "vineyard_id": "V63", "row_id": "V63-R076", "reachable": true, "id": "T2508", "x": 630053.1, "y": 5219604.68, "order": null, "visited": false}}, {"type": "Feature", "geometry": {"type": "Point", "coordinates": [630044.42, 5219583.91]}, "properties": {"type": "gap", "gap_m": 22.8, "vineyard_id": "V63", "row_id": "V63-R081", "reachable": true, "id": "T2509", "x": 630044.42, "y": 5219583.91, "order": 364, "visited": true}}, {"type": "Feature", "geometry": {"type": "Point", "coordinates": [630048.27, 5219583.16]}, "properties": {"type": "gap", "gap_m": 16.5, "vineyard_id": "V63", "row_id": "V63-R082", "reachable": true, "id": "T2512", "x": 630048.27, "y": 5219583.16, "order": 363, "visited": true}}, {"type": "Feature", "geometry": {"type": "Point", "coordinates": [630046.75, 5219574.75]}, "properties": {"type": "gap", "gap_m": 22.7, "vineyard_id": "V63", "row_id": "V63-R084", "reachable": true, "id": "T2516", "x": 630046.75, "y": 5219574.75, "order": 362, "visited": true}}, {"type": "Feature", "geometry": {"type": "Point", "coordinates": [630087.09, 5219573.14]}, "properties": {"type": "gap", "gap_m": 15.5, "vineyard_id": "V63", "row_id": "V63-R106", "reachable": true, "id": "T2527", "x": 630087.09, "y": 5219573.14, "order": 361, "visited": true}}, {"type": "Feature", "geometry": {"type": "Point", "coordinates": [630087.65, 5219570.01]}, "properties": {"type": "gap", "gap_m": 10.1, "vineyard_id": "V63", "row_id": "V63-R107", "reachable": true, "id": "T2529", "x": 630087.65, "y": 5219570.01, "order": 360, "visited": true}}, {"type": "Feature", "geometry": {"type": "Point", "coordinates": [630090.07, 5219568.78]}, "properties": {"type": "gap", "gap_m": 11.8, "vineyard_id": "V63", "row_id": "V63-R108", "reachable": true, "id": "T2532", "x": 630090.07, "y": 5219568.78, "order": 359, "visited": true}}, {"type": "Feature", "geometry": {"type": "Point", "coordinates": [630092.81, 5219568.3]}, "properties": {"type": "gap", "gap_m": 12.8, "vineyard_id": "V63", "row_id": "V63-R109", "reachable": true, "id": "T2535", "x": 630092.81, "y": 5219568.3, "order": 358, "visited": true}}, {"type": "Feature", "geometry": {"type": "Point", "coordinates": [630090.33, 5219561.18]}, "properties": {"type": "gap", "gap_m": 26.7, "vineyard_id": "V63", "row_id": "V63-R110", "reachable": true, "id": "T2539", "x": 630090.33, "y": 5219561.18, "order": 357, "visited": true}}, {"type": "Feature", "geometry": {"type": "Point", "coordinates": [630089.11, 5219555.45]}, "properties": {"type": "gap", "gap_m": 35.5, "vineyard_id": "V63", "row_id": "V63-R111", "reachable": true, "id": "T2541", "x": 630089.11, "y": 5219555.45, "order": null, "visited": false}}, {"type": "Feature", "geometry": {"type": "Point", "coordinates": [630109.58, 5219537.63]}, "properties": {"type": "gap", "gap_m": 10.2, "vineyard_id": "V63", "row_id": "V63-R121", "reachable": true, "id": "T2547", "x": 630109.58, "y": 5219537.63, "order": null, "visited": false}}, {"type": "Feature", "geometry": {"type": "Point", "coordinates": [630142.99, 5219542.72]}, "properties": {"type": "gap", "gap_m": 18.2, "vineyard_id": "V63", "row_id": "V63-R135", "reachable": true, "id": "T2567", "x": 630142.99, "y": 5219542.72, "order": 339, "visited": true}}, {"type": "Feature", "geometry": {"type": "Point", "coordinates": [630137.16, 5219539.96]}, "properties": {"type": "gap", "gap_m": 34.8, "vineyard_id": "V63", "row_id": "V63-R136", "reachable": true, "id": "T2570", "x": 630137.16, "y": 5219539.96, "order": 338, "visited": true}}, {"type": "Feature", "geometry": {"type": "Point", "coordinates": [630143.14, 5219535.58]}, "properties": {"type": "gap", "gap_m": 14.0, "vineyard_id": "V63", "row_id": "V63-R139", "reachable": true, "id": "T2575", "x": 630143.14, "y": 5219535.58, "order": 336, "visited": true}}, {"type": "Feature", "geometry": {"type": "Point", "coordinates": [630130.58, 5219524.07]}, "properties": {"type": "gap", "gap_m": 12.4, "vineyard_id": "V63", "row_id": "V63-R142", "reachable": true, "id": "T2583", "x": 630130.58, "y": 5219524.07, "order": 337, "visited": true}}, {"type": "Feature", "geometry": {"type": "Point", "coordinates": [630137.13, 5219521.16]}, "properties": {"type": "gap", "gap_m": 15.9, "vineyard_id": "V63", "row_id": "V63-R144", "reachable": true, "id": "T2592", "x": 630137.13, "y": 5219521.16, "order": 335, "visited": true}}, {"type": "Feature", "geometry": {"type": "Point", "coordinates": [630138.13, 5219493.36]}, "properties": {"type": "gap", "gap_m": 11.2, "vineyard_id": "V63", "row_id": "V63-R149", "reachable": true, "id": "T2605", "x": 630138.13, "y": 5219493.36, "order": 334, "visited": true}}, {"type": "Feature", "geometry": {"type": "Point", "coordinates": [630145.34, 5219508.53]}, "properties": {"type": "gap", "gap_m": 12.1, "vineyard_id": "V63", "row_id": "V63-R151", "reachable": true, "id": "T2607", "x": 630145.34, "y": 5219508.53, "order": 333, "visited": true}}, {"type": "Feature", "geometry": {"type": "Point", "coordinates": [630142.28, 5219495.1]}, "properties": {"type": "gap", "gap_m": 11.7, "vineyard_id": "V63", "row_id": "V63-R151", "reachable": true, "id": "T2608", "x": 630142.28, "y": 5219495.1, "order": 332, "visited": true}}, {"type": "Feature", "geometry": {"type": "Point", "coordinates": [630151.51, 5219505.79]}, "properties": {"type": "gap", "gap_m": 12.0, "vineyard_id": "V63", "row_id": "V63-R153", "reachable": true, "id": "T2611", "x": 630151.51, "y": 5219505.79, "order": 330, "visited": true}}, {"type": "Feature", "geometry": {"type": "Point", "coordinates": [630153.22, 5219497.55]}, "properties": {"type": "gap", "gap_m": 15.4, "vineyard_id": "V63", "row_id": "V63-R155", "reachable": true, "id": "T2616", "x": 630153.22, "y": 5219497.55, "order": 331, "visited": true}}, {"type": "Feature", "geometry": {"type": "Point", "coordinates": [630192.18, 5219527.06]}, "properties": {"type": "gap", "gap_m": 10.3, "vineyard_id": "V63", "row_id": "V63-R169", "reachable": true, "id": "T2638", "x": 630192.18, "y": 5219527.06, "order": 329, "visited": true}}, {"type": "Feature", "geometry": {"type": "Point", "coordinates": [630195.4, 5219524.49]}, "properties": {"type": "gap", "gap_m": 10.3, "vineyard_id": "V63", "row_id": "V63-R171", "reachable": true, "id": "T2640", "x": 630195.4, "y": 5219524.49, "order": 328, "visited": true}}, {"type": "Feature", "geometry": {"type": "Point", "coordinates": [630175.92, 5219469.87]}, "properties": {"type": "gap", "gap_m": 11.1, "vineyard_id": "V63", "row_id": "V63-R180", "reachable": true, "id": "T2654", "x": 630175.92, "y": 5219469.87, "order": 327, "visited": true}}, {"type": "Feature", "geometry": {"type": "Point", "coordinates": [630190.03, 5219459.94]}, "properties": {"type": "gap", "gap_m": 10.0, "vineyard_id": "V63", "row_id": "V63-R188", "reachable": true, "id": "T2671", "x": 630190.03, "y": 5219459.94, "order": 224, "visited": true}}, {"type": "Feature", "geometry": {"type": "Point", "coordinates": [630227.81, 5219438.68]}, "properties": {"type": "gap", "gap_m": 10.7, "vineyard_id": "V63", "row_id": "V63-R224", "reachable": true, "id": "T2705", "x": 630227.81, "y": 5219438.68, "order": 227, "visited": true}}, {"type": "Feature", "geometry": {"type": "Point", "coordinates": [630230.28, 5219440.52]}, "properties": {"type": "gap", "gap_m": 10.6, "vineyard_id": "V63", "row_id": "V63-R226", "reachable": true, "id": "T2708", "x": 630230.28, "y": 5219440.52, "order": 228, "visited": true}}, {"type": "Feature", "geometry": {"type": "Point", "coordinates": [630236.27, 5219450.48]}, "properties": {"type": "gap", "gap_m": 12.3, "vineyard_id": "V63", "row_id": "V63-R227", "reachable": true, "id": "T2710", "x": 630236.27, "y": 5219450.48, "order": 231, "visited": true}}, {"type": "Feature", "geometry": {"type": "Point", "coordinates": [630232.75, 5219444.99]}, "properties": {"type": "gap", "gap_m": 13.4, "vineyard_id": "V63", "row_id": "V63-R230", "reachable": true, "id": "T2717", "x": 630232.75, "y": 5219444.99, "order": 229, "visited": true}}, {"type": "Feature", "geometry": {"type": "Point", "coordinates": [630233.63, 5219447.58]}, "properties": {"type": "gap", "gap_m": 12.4, "vineyard_id": "V63", "row_id": "V63-R231", "reachable": true, "id": "T2720", "x": 630233.63, "y": 5219447.58, "order": 230, "visited": true}}, {"type": "Feature", "geometry": {"type": "Point", "coordinates": [630281.72, 5219424.28]}, "properties": {"type": "gap", "gap_m": 11.1, "vineyard_id": "V63", "row_id": "V63-R257", "reachable": true, "id": "T2753", "x": 630281.72, "y": 5219424.28, "order": null, "visited": false}}, {"type": "Feature", "geometry": {"type": "Point", "coordinates": [630279.67, 5219407.33]}, "properties": {"type": "gap", "gap_m": 11.3, "vineyard_id": "V63", "row_id": "V63-R257", "reachable": true, "id": "T2754", "x": 630279.67, "y": 5219407.33, "order": null, "visited": false}}, {"type": "Feature", "geometry": {"type": "Point", "coordinates": [630283.21, 5219400.84]}, "properties": {"type": "gap", "gap_m": 16.5, "vineyard_id": "V63", "row_id": "V63-R261", "reachable": true, "id": "T2758", "x": 630283.21, "y": 5219400.84, "order": null, "visited": false}}, {"type": "Feature", "geometry": {"type": "Point", "coordinates": [630287.95, 5219418.82]}, "properties": {"type": "gap", "gap_m": 11.1, "vineyard_id": "V63", "row_id": "V63-R262", "reachable": true, "id": "T2760", "x": 630287.95, "y": 5219418.82, "order": null, "visited": false}}, {"type": "Feature", "geometry": {"type": "Point", "coordinates": [630316.03, 5219409.01]}, "properties": {"type": "gap", "gap_m": 11.4, "vineyard_id": "V63", "row_id": "V63-R279", "reachable": true, "id": "T2822", "x": 630316.03, "y": 5219409.01, "order": 301, "visited": true}}, {"type": "Feature", "geometry": {"type": "Point", "coordinates": [630320.67, 5219401.99]}, "properties": {"type": "gap", "gap_m": 10.1, "vineyard_id": "V63", "row_id": "V63-R282", "reachable": true, "id": "T2828", "x": 630320.67, "y": 5219401.99, "order": 302, "visited": true}}, {"type": "Feature", "geometry": {"type": "Point", "coordinates": [630329.2, 5219396.76]}, "properties": {"type": "gap", "gap_m": 10.6, "vineyard_id": "V63", "row_id": "V63-R295", "reachable": true, "id": "T2839", "x": 630329.2, "y": 5219396.76, "order": 303, "visited": true}}, {"type": "Feature", "geometry": {"type": "Point", "coordinates": [630327.98, 5219369.55]}, "properties": {"type": "gap", "gap_m": 10.4, "vineyard_id": "V63", "row_id": "V63-R304", "reachable": true, "id": "T2846", "x": 630327.98, "y": 5219369.55, "order": null, "visited": true}}, {"type": "Feature", "geometry": {"type": "Point", "coordinates": [630330.21, 5219368.12]}, "properties": {"type": "gap", "gap_m": 13.8, "vineyard_id": "V63", "row_id": "V63-R306", "reachable": true, "id": "T2848", "x": 630330.21, "y": 5219368.12, "order": 308, "visited": true}}, {"type": "Feature", "geometry": {"type": "Point", "coordinates": [630332.31, 5219365.79]}, "properties": {"type": "gap", "gap_m": 16.4, "vineyard_id": "V63", "row_id": "V63-R308", "reachable": true, "id": "T2849", "x": 630332.31, "y": 5219365.79, "order": 307, "visited": true}}, {"type": "Feature", "geometry": {"type": "Point", "coordinates": [630339.44, 5219366.41]}, "properties": {"type": "gap", "gap_m": 11.9, "vineyard_id": "V63", "row_id": "V63-R312", "reachable": true, "id": "T2852", "x": 630339.44, "y": 5219366.41, "order": 304, "visited": true}}, {"type": "Feature", "geometry": {"type": "Point", "coordinates": [630345.4, 5219370.05]}, "properties": {"type": "gap", "gap_m": 16.0, "vineyard_id": "V63", "row_id": "V63-R313", "reachable": true, "id": "T2853", "x": 630345.4, "y": 5219370.05, "order": 305, "visited": true}}, {"type": "Feature", "geometry": {"type": "Point", "coordinates": [630330.31, 5219351.8]}, "properties": {"type": "gap", "gap_m": 12.8, "vineyard_id": "V63", "row_id": "V63-R313", "reachable": true, "id": "T2854", "x": 630330.31, "y": 5219351.8, "order": 306, "visited": true}}, {"type": "Feature", "geometry": {"type": "Point", "coordinates": [630361.44, 5219335.33]}, "properties": {"type": "gap", "gap_m": 19.1, "vineyard_id": "V63", "row_id": "V63-R324", "reachable": true, "id": "T2860", "x": 630361.44, "y": 5219335.33, "order": null, "visited": false}}, {"type": "Feature", "geometry": {"type": "Point", "coordinates": [630362.5, 5219333.4]}, "properties": {"type": "gap", "gap_m": 21.4, "vineyard_id": "V63", "row_id": "V63-R326", "reachable": true, "id": "T2862", "x": 630362.5, "y": 5219333.4, "order": null, "visited": false}}, {"type": "Feature", "geometry": {"type": "Point", "coordinates": [630360.94, 5219327.03]}, "properties": {"type": "gap", "gap_m": 36.0, "vineyard_id": "V63", "row_id": "V63-R327", "reachable": true, "id": "T2863", "x": 630360.94, "y": 5219327.03, "order": null, "visited": false}}, {"type": "Feature", "geometry": {"type": "Point", "coordinates": [630229.89, 5219567.15]}, "properties": {"type": "gap", "gap_m": 22.9, "vineyard_id": "V64", "row_id": "V64-R07", "reachable": true, "id": "T2869", "x": 630229.89, "y": 5219567.15, "order": 223, "visited": true}}, {"type": "Feature", "geometry": {"type": "Point", "coordinates": [630226.69, 5219571.2]}, "properties": {"type": "gap", "gap_m": 21.7, "vineyard_id": "V64", "row_id": "V64-R08", "reachable": true, "id": "T2870", "x": 630226.69, "y": 5219571.2, "order": 222, "visited": true}}, {"type": "Feature", "geometry": {"type": "Point", "coordinates": [630399.09, 5219514.95]}, "properties": {"type": "gap", "gap_m": 12.0, "vineyard_id": "V65", "row_id": "V65-R05", "reachable": true, "id": "T2893", "x": 630399.09, "y": 5219514.95, "order": 251, "visited": true}}, {"type": "Feature", "geometry": {"type": "Point", "coordinates": [630404.52, 5219460.12]}, "properties": {"type": "gap", "gap_m": 10.2, "vineyard_id": "V65", "row_id": "V65-R12", "reachable": true, "id": "T2903", "x": 630404.52, "y": 5219460.12, "order": 250, "visited": true}}, {"type": "Feature", "geometry": {"type": "Point", "coordinates": [630391.25, 5219512.7]}, "properties": {"type": "gap", "gap_m": 14.4, "vineyard_id": "V65", "row_id": "V65-R14", "reachable": true, "id": "T2910", "x": 630391.25, "y": 5219512.7, "order": 243, "visited": true}}, {"type": "Feature", "geometry": {"type": "Point", "coordinates": [630402.35, 5219462.46]}, "properties": {"type": "gap", "gap_m": 16.3, "vineyard_id": "V65", "row_id": "V65-R15", "reachable": true, "id": "T2912", "x": 630402.35, "y": 5219462.46, "order": 249, "visited": true}}, {"type": "Feature", "geometry": {"type": "Point", "coordinates": [630400.1, 5219461.44]}, "properties": {"type": "gap", "gap_m": 23.5, "vineyard_id": "V65", "row_id": "V65-R18", "reachable": true, "id": "T2916", "x": 630400.1, "y": 5219461.44, "order": 248, "visited": true}}, {"type": "Feature", "geometry": {"type": "Point", "coordinates": [630397.57, 5219460.85]}, "properties": {"type": "gap", "gap_m": 16.0, "vineyard_id": "V65", "row_id": "V65-R21", "reachable": true, "id": "T2923", "x": 630397.57, "y": 5219460.85, "order": 247, "visited": true}}, {"type": "Feature", "geometry": {"type": "Point", "coordinates": [630395.59, 5219464.17]}, "properties": {"type": "gap", "gap_m": 14.8, "vineyard_id": "V65", "row_id": "V65-R25", "reachable": true, "id": "T2931", "x": 630395.59, "y": 5219464.17, "order": 246, "visited": true}}, {"type": "Feature", "geometry": {"type": "Point", "coordinates": [630391.13, 5219458.55]}, "properties": {"type": "gap", "gap_m": 21.0, "vineyard_id": "V65", "row_id": "V65-R29", "reachable": true, "id": "T2938", "x": 630391.13, "y": 5219458.55, "order": 245, "visited": true}}, {"type": "Feature", "geometry": {"type": "Point", "coordinates": [630388.15, 5219457.26]}, "properties": {"type": "gap", "gap_m": 13.9, "vineyard_id": "V65", "row_id": "V65-R34", "reachable": true, "id": "T2950", "x": 630388.15, "y": 5219457.26, "order": 244, "visited": true}}, {"type": "Feature", "geometry": {"type": "Point", "coordinates": [630386.65, 5219469.77]}, "properties": {"type": "gap", "gap_m": 20.7, "vineyard_id": "V65", "row_id": "V65-R37", "reachable": true, "id": "T2954", "x": 630386.65, "y": 5219469.77, "order": null, "visited": true}}, {"type": "Feature", "geometry": {"type": "Point", "coordinates": [630376.18, 5219458.14]}, "properties": {"type": "gap", "gap_m": 14.6, "vineyard_id": "V65", "row_id": "V65-R54", "reachable": true, "id": "T2978", "x": 630376.18, "y": 5219458.14, "order": null, "visited": false}}, {"type": "Feature", "geometry": {"type": "Point", "coordinates": [630336.18, 5219615.75]}, "properties": {"type": "gap", "gap_m": 11.4, "vineyard_id": "V65", "row_id": "V65-R64", "reachable": true, "id": "T2991", "x": 630336.18, "y": 5219615.75, "order": null, "visited": false}}, {"type": "Feature", "geometry": {"type": "Point", "coordinates": [630379.31, 5219394.53]}, "properties": {"type": "gap", "gap_m": 10.1, "vineyard_id": "V65", "row_id": "V65-R66", "reachable": true, "id": "T2994", "x": 630379.31, "y": 5219394.53, "order": null, "visited": false}}, {"type": "Feature", "geometry": {"type": "Point", "coordinates": [630334.39, 5219614.15]}, "properties": {"type": "gap", "gap_m": 16.0, "vineyard_id": "V65", "row_id": "V65-R68", "reachable": true, "id": "T2997", "x": 630334.39, "y": 5219614.15, "order": null, "visited": false}}, {"type": "Feature", "geometry": {"type": "Point", "coordinates": [630336.23, 5219537.85]}, "properties": {"type": "gap", "gap_m": 12.9, "vineyard_id": "V65", "row_id": "V65-R70", "reachable": true, "id": "T3006", "x": 630336.23, "y": 5219537.85, "order": null, "visited": false}}, {"type": "Feature", "geometry": {"type": "Point", "coordinates": [630329.01, 5219619.54]}, "properties": {"type": "gap", "gap_m": 11.4, "vineyard_id": "V65", "row_id": "V65-R77", "reachable": true, "id": "T3018", "x": 630329.01, "y": 5219619.54, "order": null, "visited": false}}, {"type": "Feature", "geometry": {"type": "Point", "coordinates": [630345.49, 5219516.48]}, "properties": {"type": "gap", "gap_m": 10.8, "vineyard_id": "V65", "row_id": "V65-R80", "reachable": true, "id": "T3024", "x": 630345.49, "y": 5219516.48, "order": 298, "visited": true}}, {"type": "Feature", "geometry": {"type": "Point", "coordinates": [630343.51, 5219508.12]}, "properties": {"type": "gap", "gap_m": 18.3, "vineyard_id": "V65", "row_id": "V65-R83", "reachable": true, "id": "T3027", "x": 630343.51, "y": 5219508.12, "order": 242, "visited": true}}, {"type": "Feature", "geometry": {"type": "Point", "coordinates": [630368.05, 5219447.73]}, "properties": {"type": "gap", "gap_m": 15.2, "vineyard_id": "V65", "row_id": "V65-R87", "reachable": true, "id": "T3030", "x": 630368.05, "y": 5219447.73, "order": null, "visited": false}}, {"type": "Feature", "geometry": {"type": "Point", "coordinates": [630364.91, 5219449.0]}, "properties": {"type": "gap", "gap_m": 15.9, "vineyard_id": "V65", "row_id": "V65-R89", "reachable": true, "id": "T3032", "x": 630364.91, "y": 5219449.0, "order": 300, "visited": true}}, {"type": "Feature", "geometry": {"type": "Point", "coordinates": [630402.16, 5219555.64]}, "properties": {"type": "gap", "gap_m": 12.5, "vineyard_id": "V66", "row_id": "V66-R004", "reachable": true, "id": "T3034", "x": 630402.16, "y": 5219555.64, "order": null, "visited": false}}, {"type": "Feature", "geometry": {"type": "Point", "coordinates": [630405.17, 5219553.55]}, "properties": {"type": "gap", "gap_m": 21.9, "vineyard_id": "V66", "row_id": "V66-R005", "reachable": true, "id": "T3035", "x": 630405.17, "y": 5219553.55, "order": 297, "visited": true}}, {"type": "Feature", "geometry": {"type": "Point", "coordinates": [630405.8, 5219551.88]}, "properties": {"type": "gap", "gap_m": 22.2, "vineyard_id": "V66", "row_id": "V66-R006", "reachable": true, "id": "T3037", "x": 630405.8, "y": 5219551.88, "order": 297, "visited": true}}, {"type": "Feature", "geometry": {"type": "Point", "coordinates": [630405.11, 5219548.76]}, "properties": {"type": "gap", "gap_m": 20.4, "vineyard_id": "V66", "row_id": "V66-R007", "reachable": true, "id": "T3040", "x": 630405.11, "y": 5219548.76, "order": null, "visited": true}}, {"type": "Feature", "geometry": {"type": "Point", "coordinates": [630413.31, 5219541.84]}, "properties": {"type": "gap", "gap_m": 13.3, "vineyard_id": "V66", "row_id": "V66-R010", "reachable": true, "id": "T3045", "x": 630413.31, "y": 5219541.84, "order": 252, "visited": true}}, {"type": "Feature", "geometry": {"type": "Point", "coordinates": [630405.77, 5219560.13]}, "properties": {"type": "gap", "gap_m": 29.4, "vineyard_id": "V66", "row_id": "V66-R012", "reachable": true, "id": "T3050", "x": 630405.77, "y": 5219560.13, "order": null, "visited": false}}, {"type": "Feature", "geometry": {"type": "Point", "coordinates": [630414.46, 5219488.12]}, "properties": {"type": "gap", "gap_m": 11.3, "vineyard_id": "V66", "row_id": "V66-R019", "reachable": true, "id": "T3065", "x": 630414.46, "y": 5219488.12, "order": null, "visited": false}}, {"type": "Feature", "geometry": {"type": "Point", "coordinates": [630432.88, 5219557.08]}, "properties": {"type": "gap", "gap_m": 12.2, "vineyard_id": "V66", "row_id": "V66-R028", "reachable": true, "id": "T3074", "x": 630432.88, "y": 5219557.08, "order": null, "visited": false}}, {"type": "Feature", "geometry": {"type": "Point", "coordinates": [630432.75, 5219546.82]}, "properties": {"type": "gap", "gap_m": 12.3, "vineyard_id": "V66", "row_id": "V66-R030", "reachable": true, "id": "T3078", "x": 630432.75, "y": 5219546.82, "order": 253, "visited": true}}, {"type": "Feature", "geometry": {"type": "Point", "coordinates": [630424.04, 5219491.22]}, "properties": {"type": "gap", "gap_m": 23.8, "vineyard_id": "V66", "row_id": "V66-R033", "reachable": true, "id": "T3082", "x": 630424.04, "y": 5219491.22, "order": null, "visited": false}}, {"type": "Feature", "geometry": {"type": "Point", "coordinates": [630428.3, 5219493.72]}, "properties": {"type": "gap", "gap_m": 10.3, "vineyard_id": "V66", "row_id": "V66-R035", "reachable": true, "id": "T3084", "x": 630428.3, "y": 5219493.72, "order": 254, "visited": true}}, {"type": "Feature", "geometry": {"type": "Point", "coordinates": [630430.72, 5219491.45]}, "properties": {"type": "gap", "gap_m": 15.8, "vineyard_id": "V66", "row_id": "V66-R038", "reachable": true, "id": "T3088", "x": 630430.72, "y": 5219491.45, "order": 255, "visited": true}}, {"type": "Feature", "geometry": {"type": "Point", "coordinates": [630446.01, 5219555.2]}, "properties": {"type": "gap", "gap_m": 13.5, "vineyard_id": "V66", "row_id": "V66-R041", "reachable": true, "id": "T3097", "x": 630446.01, "y": 5219555.2, "order": null, "visited": false}}, {"type": "Feature", "geometry": {"type": "Point", "coordinates": [630436.94, 5219493.51]}, "properties": {"type": "gap", "gap_m": 12.8, "vineyard_id": "V66", "row_id": "V66-R042", "reachable": true, "id": "T3100", "x": 630436.94, "y": 5219493.51, "order": null, "visited": false}}, {"type": "Feature", "geometry": {"type": "Point", "coordinates": [630457.58, 5219558.1]}, "properties": {"type": "gap", "gap_m": 12.9, "vineyard_id": "V66", "row_id": "V66-R056", "reachable": true, "id": "T3122", "x": 630457.58, "y": 5219558.1, "order": null, "visited": false}}, {"type": "Feature", "geometry": {"type": "Point", "coordinates": [630462.88, 5219559.51]}, "properties": {"type": "gap", "gap_m": 11.9, "vineyard_id": "V66", "row_id": "V66-R064", "reachable": true, "id": "T3140", "x": 630462.88, "y": 5219559.51, "order": null, "visited": false}}, {"type": "Feature", "geometry": {"type": "Point", "coordinates": [630436.26, 5219418.2]}, "properties": {"type": "gap", "gap_m": 16.3, "vineyard_id": "V66", "row_id": "V66-R066", "reachable": true, "id": "T3143", "x": 630436.26, "y": 5219418.2, "order": null, "visited": false}}, {"type": "Feature", "geometry": {"type": "Point", "coordinates": [630452.48, 5219500.98]}, "properties": {"type": "gap", "gap_m": 10.3, "vineyard_id": "V66", "row_id": "V66-R068", "reachable": true, "id": "T3146", "x": 630452.48, "y": 5219500.98, "order": null, "visited": false}}, {"type": "Feature", "geometry": {"type": "Point", "coordinates": [630451.21, 5219488.32]}, "properties": {"type": "gap", "gap_m": 11.3, "vineyard_id": "V66", "row_id": "V66-R068", "reachable": true, "id": "T3147", "x": 630451.21, "y": 5219488.32, "order": null, "visited": false}}, {"type": "Feature", "geometry": {"type": "Point", "coordinates": [630456.17, 5219499.74]}, "properties": {"type": "gap", "gap_m": 17.9, "vineyard_id": "V66", "row_id": "V66-R070", "reachable": true, "id": "T3154", "x": 630456.17, "y": 5219499.74, "order": 256, "visited": true}}, {"type": "Feature", "geometry": {"type": "Point", "coordinates": [630472.9, 5219573.15]}, "properties": {"type": "gap", "gap_m": 17.0, "vineyard_id": "V66", "row_id": "V66-R071", "reachable": true, "id": "T3156", "x": 630472.9, "y": 5219573.15, "order": null, "visited": false}}, {"type": "Feature", "geometry": {"type": "Point", "coordinates": [630464.11, 5219540.32]}, "properties": {"type": "gap", "gap_m": 10.6, "vineyard_id": "V66", "row_id": "V66-R071", "reachable": true, "id": "T3158", "x": 630464.11, "y": 5219540.32, "order": 258, "visited": true}}, {"type": "Feature", "geometry": {"type": "Point", "coordinates": [630467.94, 5219545.24]}, "properties": {"type": "gap", "gap_m": 11.9, "vineyard_id": "V66", "row_id": "V66-R073", "reachable": true, "id": "T3165", "x": 630467.94, "y": 5219545.24, "order": null, "visited": false}}, {"type": "Feature", "geometry": {"type": "Point", "coordinates": [630461.48, 5219501.9]}, "properties": {"type": "gap", "gap_m": 24.7, "vineyard_id": "V66", "row_id": "V66-R074", "reachable": true, "id": "T3168", "x": 630461.48, "y": 5219501.9, "order": 257, "visited": true}}, {"type": "Feature", "geometry": {"type": "Point", "coordinates": [630463.49, 5219500.81]}, "properties": {"type": "gap", "gap_m": 26.1, "vineyard_id": "V66", "row_id": "V66-R075", "reachable": true, "id": "T3169", "x": 630463.49, "y": 5219500.81, "order": 259, "visited": true}}, {"type": "Feature", "geometry": {"type": "Point", "coordinates": [630466.24, 5219506.22]}, "properties": {"type": "gap", "gap_m": 10.2, "vineyard_id": "V66", "row_id": "V66-R078", "reachable": true, "id": "T3177", "x": 630466.24, "y": 5219506.22, "order": 260, "visited": true}}, {"type": "Feature", "geometry": {"type": "Point", "coordinates": [630473.99, 5219546.64]}, "properties": {"type": "gap", "gap_m": 10.0, "vineyard_id": "V66", "row_id": "V66-R079", "reachable": true, "id": "T3178", "x": 630473.99, "y": 5219546.64, "order": 262, "visited": true}}, {"type": "Feature", "geometry": {"type": "Point", "coordinates": [630474.67, 5219554.63]}, "properties": {"type": "gap", "gap_m": 43.9, "vineyard_id": "V66", "row_id": "V66-R084", "reachable": true, "id": "T3184", "x": 630474.67, "y": 5219554.63, "order": null, "visited": false}}, {"type": "Feature", "geometry": {"type": "Point", "coordinates": [630469.39, 5219504.59]}, "properties": {"type": "gap", "gap_m": 18.4, "vineyard_id": "V66", "row_id": "V66-R084", "reachable": true, "id": "T3185", "x": 630469.39, "y": 5219504.59, "order": 261, "visited": true}}, {"type": "Feature", "geometry": {"type": "Point", "coordinates": [630474.68, 5219507.01]}, "properties": {"type": "gap", "gap_m": 17.8, "vineyard_id": "V66", "row_id": "V66-R089", "reachable": true, "id": "T3194", "x": 630474.68, "y": 5219507.01, "order": 263, "visited": true}}, {"type": "Feature", "geometry": {"type": "Point", "coordinates": [630485.86, 5219570.07]}, "properties": {"type": "gap", "gap_m": 15.9, "vineyard_id": "V66", "row_id": "V66-R091", "reachable": true, "id": "T3199", "x": 630485.86, "y": 5219570.07, "order": 280, "visited": true}}, {"type": "Feature", "geometry": {"type": "Point", "coordinates": [630488.42, 5219569.13]}, "properties": {"type": "gap", "gap_m": 20.8, "vineyard_id": "V66", "row_id": "V66-R093", "reachable": true, "id": "T3200", "x": 630488.42, "y": 5219569.13, "order": 279, "visited": true}}, {"type": "Feature", "geometry": {"type": "Point", "coordinates": [630490.67, 5219566.89]}, "properties": {"type": "gap", "gap_m": 25.3, "vineyard_id": "V66", "row_id": "V66-R094", "reachable": true, "id": "T3201", "x": 630490.67, "y": 5219566.89, "order": 278, "visited": true}}, {"type": "Feature", "geometry": {"type": "Point", "coordinates": [630487.24, 5219511.85]}, "properties": {"type": "gap", "gap_m": 16.9, "vineyard_id": "V66", "row_id": "V66-R115", "reachable": true, "id": "T3215", "x": 630487.24, "y": 5219511.85, "order": 264, "visited": true}}, {"type": "Feature", "geometry": {"type": "Point", "coordinates": [630495.44, 5219512.4]}, "properties": {"type": "gap", "gap_m": 24.0, "vineyard_id": "V66", "row_id": "V66-R116", "reachable": true, "id": "T3217", "x": 630495.44, "y": 5219512.4, "order": 265, "visited": true}}, {"type": "Feature", "geometry": {"type": "Point", "coordinates": [630515.42, 5219510.5]}, "properties": {"type": "gap", "gap_m": 11.4, "vineyard_id": "V66", "row_id": "V66-R117", "reachable": true, "id": "T3222", "x": 630515.42, "y": 5219510.5, "order": null, "visited": true}}, {"type": "Feature", "geometry": {"type": "Point", "coordinates": [630091.41, 5219365.56]}, "properties": {"type": "gap", "gap_m": 10.5, "vineyard_id": "V67", "row_id": "V67-R30", "reachable": true, "id": "T3253", "x": 630091.41, "y": 5219365.56, "order": null, "visited": false}}, {"type": "Feature", "geometry": {"type": "Point", "coordinates": [630100.43, 5219365.36]}, "properties": {"type": "gap", "gap_m": 11.3, "vineyard_id": "V67", "row_id": "V67-R33", "reachable": true, "id": "T3257", "x": 630100.43, "y": 5219365.36, "order": 315, "visited": true}}, {"type": "Feature", "geometry": {"type": "Point", "coordinates": [630079.23, 5219385.66]}, "properties": {"type": "gap", "gap_m": 12.3, "vineyard_id": "V68", "row_id": "V68-R042", "reachable": true, "id": "T3285", "x": 630079.23, "y": 5219385.66, "order": null, "visited": false}}, {"type": "Feature", "geometry": {"type": "Point", "coordinates": [630145.7, 5219439.21]}, "properties": {"type": "gap", "gap_m": 13.8, "vineyard_id": "V68", "row_id": "V68-R046", "reachable": true, "id": "T3291", "x": 630145.7, "y": 5219439.21, "order": 326, "visited": true}}, {"type": "Feature", "geometry": {"type": "Point", "coordinates": [630146.95, 5219436.53]}, "properties": {"type": "gap", "gap_m": 13.2, "vineyard_id": "V68", "row_id": "V68-R047", "reachable": true, "id": "T3292", "x": 630146.95, "y": 5219436.53, "order": 325, "visited": true}}, {"type": "Feature", "geometry": {"type": "Point", "coordinates": [630123.12, 5219422.84]}, "properties": {"type": "gap", "gap_m": 20.1, "vineyard_id": "V68", "row_id": "V68-R048", "reachable": true, "id": "T3294", "x": 630123.12, "y": 5219422.84, "order": 324, "visited": true}}, {"type": "Feature", "geometry": {"type": "Point", "coordinates": [630131.02, 5219412.96]}, "properties": {"type": "gap", "gap_m": 44.9, "vineyard_id": "V68", "row_id": "V68-R053", "reachable": true, "id": "T3303", "x": 630131.02, "y": 5219412.96, "order": 322, "visited": true}}, {"type": "Feature", "geometry": {"type": "Point", "coordinates": [630159.61, 5219428.88]}, "properties": {"type": "gap", "gap_m": 16.9, "vineyard_id": "V68", "row_id": "V68-R054", "reachable": true, "id": "T3305", "x": 630159.61, "y": 5219428.88, "order": 225, "visited": true}}, {"type": "Feature", "geometry": {"type": "Point", "coordinates": [630133.78, 5219411.64]}, "properties": {"type": "gap", "gap_m": 49.0, "vineyard_id": "V68", "row_id": "V68-R056", "reachable": true, "id": "T3309", "x": 630133.78, "y": 5219411.64, "order": 321, "visited": true}}, {"type": "Feature", "geometry": {"type": "Point", "coordinates": [630156.41, 5219425.22]}, "properties": {"type": "gap", "gap_m": 23.0, "vineyard_id": "V68", "row_id": "V68-R058", "reachable": true, "id": "T3311", "x": 630156.41, "y": 5219425.22, "order": 226, "visited": true}}, {"type": "Feature", "geometry": {"type": "Point", "coordinates": [630138.94, 5219409.26]}, "properties": {"type": "gap", "gap_m": 63.7, "vineyard_id": "V68", "row_id": "V68-R060", "reachable": true, "id": "T3314", "x": 630138.94, "y": 5219409.26, "order": 320, "visited": true}}, {"type": "Feature", "geometry": {"type": "Point", "coordinates": [630150.52, 5219418.7]}, "properties": {"type": "gap", "gap_m": 12.0, "vineyard_id": "V68", "row_id": "V68-R064", "reachable": true, "id": "T3320", "x": 630150.52, "y": 5219418.7, "order": 323, "visited": true}}, {"type": "Feature", "geometry": {"type": "Point", "coordinates": [630108.0, 5219392.44]}, "properties": {"type": "gap", "gap_m": 13.6, "vineyard_id": "V68", "row_id": "V68-R067", "reachable": true, "id": "T3327", "x": 630108.0, "y": 5219392.44, "order": 318, "visited": true}}, {"type": "Feature", "geometry": {"type": "Point", "coordinates": [630110.45, 5219391.59]}, "properties": {"type": "gap", "gap_m": 15.6, "vineyard_id": "V68", "row_id": "V68-R069", "reachable": true, "id": "T3332", "x": 630110.45, "y": 5219391.59, "order": 317, "visited": true}}, {"type": "Feature", "geometry": {"type": "Point", "coordinates": [630140.75, 5219410.13]}, "properties": {"type": "gap", "gap_m": 11.2, "vineyard_id": "V68", "row_id": "V68-R070", "reachable": true, "id": "T3334", "x": 630140.75, "y": 5219410.13, "order": 319, "visited": true}}, {"type": "Feature", "geometry": {"type": "Point", "coordinates": [630156.04, 5219401.09]}, "properties": {"type": "gap", "gap_m": 14.3, "vineyard_id": "V68", "row_id": "V68-R075", "reachable": true, "id": "T3345", "x": 630156.04, "y": 5219401.09, "order": 314, "visited": true}}, {"type": "Feature", "geometry": {"type": "Point", "coordinates": [630158.11, 5219386.09]}, "properties": {"type": "gap", "gap_m": 10.6, "vineyard_id": "V68", "row_id": "V68-R084", "reachable": true, "id": "T3367", "x": 630158.11, "y": 5219386.09, "order": null, "visited": false}}, {"type": "Feature", "geometry": {"type": "Point", "coordinates": [630159.01, 5219382.52]}, "properties": {"type": "gap", "gap_m": 13.7, "vineyard_id": "V68", "row_id": "V68-R086", "reachable": true, "id": "T3372", "x": 630159.01, "y": 5219382.52, "order": null, "visited": false}}, {"type": "Feature", "geometry": {"type": "Point", "coordinates": [630186.28, 5219385.42]}, "properties": {"type": "gap", "gap_m": 13.0, "vineyard_id": "V68", "row_id": "V68-R111", "reachable": true, "id": "T3407", "x": 630186.28, "y": 5219385.42, "order": 311, "visited": true}}, {"type": "Feature", "geometry": {"type": "Point", "coordinates": [630170.28, 5219348.83]}, "properties": {"type": "gap", "gap_m": 11.3, "vineyard_id": "V68", "row_id": "V68-R113", "reachable": true, "id": "T3412", "x": 630170.28, "y": 5219348.83, "order": 313, "visited": true}}, {"type": "Feature", "geometry": {"type": "Point", "coordinates": [630172.52, 5219346.65]}, "properties": {"type": "gap", "gap_m": 12.4, "vineyard_id": "V68", "row_id": "V68-R114", "reachable": true, "id": "T3413", "x": 630172.52, "y": 5219346.65, "order": null, "visited": false}}, {"type": "Feature", "geometry": {"type": "Point", "coordinates": [630191.16, 5219334.92]}, "properties": {"type": "gap", "gap_m": 11.1, "vineyard_id": "V68", "row_id": "V68-R122", "reachable": true, "id": "T3423", "x": 630191.16, "y": 5219334.92, "order": 312, "visited": true}}, {"type": "Feature", "geometry": {"type": "Point", "coordinates": [630213.26, 5219363.25]}, "properties": {"type": "gap", "gap_m": 11.0, "vineyard_id": "V68", "row_id": "V68-R126", "reachable": true, "id": "T3427", "x": 630213.26, "y": 5219363.25, "order": null, "visited": false}}, {"type": "Feature", "geometry": {"type": "Point", "coordinates": [630226.45, 5219359.66]}, "properties": {"type": "gap", "gap_m": 31.6, "vineyard_id": "V68", "row_id": "V68-R130", "reachable": true, "id": "T3430", "x": 630226.45, "y": 5219359.66, "order": null, "visited": false}}, {"type": "Feature", "geometry": {"type": "Point", "coordinates": [630231.06, 5219362.21]}, "properties": {"type": "gap", "gap_m": 32.2, "vineyard_id": "V68", "row_id": "V68-R133", "reachable": true, "id": "T3438", "x": 630231.06, "y": 5219362.21, "order": null, "visited": false}}, {"type": "Feature", "geometry": {"type": "Point", "coordinates": [630236.71, 5219363.72]}, "properties": {"type": "gap", "gap_m": 19.7, "vineyard_id": "V68", "row_id": "V68-R135", "reachable": true, "id": "T3445", "x": 630236.71, "y": 5219363.72, "order": null, "visited": false}}, {"type": "Feature", "geometry": {"type": "Point", "coordinates": [630241.02, 5219367.04]}, "properties": {"type": "gap", "gap_m": 13.2, "vineyard_id": "V68", "row_id": "V68-R136", "reachable": true, "id": "T3450", "x": 630241.02, "y": 5219367.04, "order": null, "visited": false}}, {"type": "Feature", "geometry": {"type": "Point", "coordinates": [630248.13, 5219367.54]}, "properties": {"type": "gap", "gap_m": 14.4, "vineyard_id": "V68", "row_id": "V68-R139", "reachable": true, "id": "T3468", "x": 630248.13, "y": 5219367.54, "order": null, "visited": true}}, {"type": "Feature", "geometry": {"type": "Point", "coordinates": [630250.4, 5219365.68]}, "properties": {"type": "gap", "gap_m": 14.2, "vineyard_id": "V68", "row_id": "V68-R140", "reachable": true, "id": "T3474", "x": 630250.4, "y": 5219365.68, "order": null, "visited": true}}, {"type": "Feature", "geometry": {"type": "Point", "coordinates": [630252.23, 5219343.46]}, "properties": {"type": "gap", "gap_m": 11.7, "vineyard_id": "V68", "row_id": "V68-R140", "reachable": true, "id": "T3476", "x": 630252.23, "y": 5219343.46, "order": 310, "visited": true}}, {"type": "Feature", "geometry": {"type": "Point", "coordinates": [630255.58, 5219353.04]}, "properties": {"type": "gap", "gap_m": 28.1, "vineyard_id": "V68", "row_id": "V68-R142", "reachable": true, "id": "T3484", "x": 630255.58, "y": 5219353.04, "order": null, "visited": false}}, {"type": "Feature", "geometry": {"type": "Point", "coordinates": [630258.7, 5219358.21]}, "properties": {"type": "gap", "gap_m": 12.0, "vineyard_id": "V68", "row_id": "V68-R143", "reachable": true, "id": "T3486", "x": 630258.7, "y": 5219358.21, "order": null, "visited": false}}, {"type": "Feature", "geometry": {"type": "Point", "coordinates": [630259.96, 5219343.08]}, "properties": {"type": "gap", "gap_m": 16.4, "vineyard_id": "V68", "row_id": "V68-R143", "reachable": true, "id": "T3487", "x": 630259.96, "y": 5219343.08, "order": 309, "visited": true}}, {"type": "Feature", "geometry": {"type": "Point", "coordinates": [630203.29, 5219317.82]}, "properties": {"type": "gap", "gap_m": 19.5, "vineyard_id": "V68", "row_id": "V68-R144", "reachable": true, "id": "T3488", "x": 630203.29, "y": 5219317.82, "order": null, "visited": false}}, {"type": "Feature", "geometry": {"type": "Point", "coordinates": [630262.13, 5219346.7]}, "properties": {"type": "gap", "gap_m": 16.5, "vineyard_id": "V68", "row_id": "V68-R145", "reachable": true, "id": "T3491", "x": 630262.13, "y": 5219346.7, "order": null, "visited": false}}, {"type": "Feature", "geometry": {"type": "Point", "coordinates": [630264.09, 5219347.19]}, "properties": {"type": "gap", "gap_m": 12.6, "vineyard_id": "V68", "row_id": "V68-R146", "reachable": true, "id": "T3495", "x": 630264.09, "y": 5219347.19, "order": null, "visited": false}}, {"type": "Feature", "geometry": {"type": "Point", "coordinates": [630268.29, 5219348.73]}, "properties": {"type": "gap", "gap_m": 19.0, "vineyard_id": "V68", "row_id": "V68-R147", "reachable": true, "id": "T3497", "x": 630268.29, "y": 5219348.73, "order": null, "visited": false}}, {"type": "Feature", "geometry": {"type": "Point", "coordinates": [630203.51, 5219315.8]}, "properties": {"type": "gap", "gap_m": 27.7, "vineyard_id": "V68", "row_id": "V68-R149", "reachable": true, "id": "T3500", "x": 630203.51, "y": 5219315.8, "order": null, "visited": false}}, {"type": "Feature", "geometry": {"type": "Point", "coordinates": [630220.21, 5219299.02]}, "properties": {"type": "gap", "gap_m": 71.4, "vineyard_id": "V68", "row_id": "V68-R150", "reachable": true, "id": "T3502", "x": 630220.21, "y": 5219299.02, "order": null, "visited": false}}, {"type": "Feature", "geometry": {"type": "Point", "coordinates": [630197.44, 5219308.89]}, "properties": {"type": "gap", "gap_m": 19.2, "vineyard_id": "V68", "row_id": "V68-R151", "reachable": true, "id": "T3503", "x": 630197.44, "y": 5219308.89, "order": null, "visited": false}}, {"type": "Feature", "geometry": {"type": "Point", "coordinates": [630202.22, 5219302.81]}, "properties": {"type": "gap", "gap_m": 38.7, "vineyard_id": "V68", "row_id": "V68-R152", "reachable": true, "id": "T3506", "x": 630202.22, "y": 5219302.81, "order": null, "visited": false}}, {"type": "Feature", "geometry": {"type": "Point", "coordinates": [630188.22, 5219310.91]}, "properties": {"type": "gap", "gap_m": 29.9, "vineyard_id": "V68", "row_id": "V68-R154", "reachable": true, "id": "T3509", "x": 630188.22, "y": 5219310.91, "order": null, "visited": false}}, {"type": "Feature", "geometry": {"type": "Point", "coordinates": [630226.35, 5219281.19]}, "properties": {"type": "gap", "gap_m": 14.1, "vineyard_id": "V68", "row_id": "V68-R154", "reachable": true, "id": "T3510", "x": 630226.35, "y": 5219281.19, "order": null, "visited": false}}, {"type": "Feature", "geometry": {"type": "Point", "coordinates": [630300.77, 5219317.52]}, "properties": {"type": "gap", "gap_m": 11.6, "vineyard_id": "V68", "row_id": "V68-R158", "reachable": true, "id": "T3514", "x": 630300.77, "y": 5219317.52, "order": null, "visited": false}}, {"type": "Feature", "geometry": {"type": "Point", "coordinates": [630296.14, 5219310.06]}, "properties": {"type": "gap", "gap_m": 10.4, "vineyard_id": "V68", "row_id": "V68-R161", "reachable": true, "id": "T3519", "x": 630296.14, "y": 5219310.06, "order": null, "visited": false}}, {"type": "Feature", "geometry": {"type": "Point", "coordinates": [630284.05, 5219293.14]}, "properties": {"type": "gap", "gap_m": 11.1, "vineyard_id": "V68", "row_id": "V68-R167", "reachable": true, "id": "T3528", "x": 630284.05, "y": 5219293.14, "order": null, "visited": false}}, {"type": "Feature", "geometry": {"type": "Point", "coordinates": [630280.16, 5219286.16]}, "properties": {"type": "gap", "gap_m": 11.2, "vineyard_id": "V68", "row_id": "V68-R174", "reachable": true, "id": "T3530", "x": 630280.16, "y": 5219286.16, "order": null, "visited": false}}, {"type": "Feature", "geometry": {"type": "Point", "coordinates": [630279.96, 5219283.97]}, "properties": {"type": "gap", "gap_m": 14.0, "vineyard_id": "V68", "row_id": "V68-R176", "reachable": true, "id": "T3531", "x": 630279.96, "y": 5219283.97, "order": null, "visited": false}}, {"type": "Feature", "geometry": {"type": "Point", "coordinates": [630103.26, 5219362.06]}, "properties": {"type": "gap", "gap_m": 13.7, "vineyard_id": "V69", "row_id": "V69-R01", "reachable": true, "id": "T3538", "x": 630103.26, "y": 5219362.06, "order": 316, "visited": true}}, {"type": "Feature", "geometry": {"type": "Point", "coordinates": [630178.0, 5219265.34]}, "properties": {"type": "gap", "gap_m": 12.9, "vineyard_id": "V70", "row_id": "V70-R15", "reachable": true, "id": "T3576", "x": 630178.0, "y": 5219265.34, "order": null, "visited": false}}, {"type": "Feature", "geometry": {"type": "Point", "coordinates": [630168.69, 5219258.66]}, "properties": {"type": "gap", "gap_m": 10.8, "vineyard_id": "V70", "row_id": "V70-R19", "reachable": true, "id": "T3597", "x": 630168.69, "y": 5219258.66, "order": null, "visited": false}}, {"type": "Feature", "geometry": {"type": "Point", "coordinates": [630196.7, 5219229.94]}, "properties": {"type": "gap", "gap_m": 10.2, "vineyard_id": "V70", "row_id": "V70-R21", "reachable": true, "id": "T3605", "x": 630196.7, "y": 5219229.94, "order": null, "visited": false}}]}