{"type": "FeatureCollection", "crs": {"type": "name", "properties": {"name": "urn:ogc:def:crs:EPSG::32635"}}, "features": [{"type": "Feature", "properties": {"vineyard_id": "V01", "area_m2": 849.2}, "geometry": {"type": "MultiPolygon", "coordinates": [[[[629077.3190445079, 5220811.049890809], [629077.2363524488, 5220811.280873362], [629077.1766988239, 5220811.51884891], [629077.1406581303, 5220811.761525619], [629077.1285774595, 5220812.006566379], [629077.1405731549, 5220812.251611314], [629077.1765296916, 5220812.494300506], [629077.2361007882, 5220812.732296727], [629077.3187127428, 5220812.963307942], [629077.4235699569, 5220813.185109387], [629077.5496625983, 5220813.395564994], [629077.6957763259, 5220813.5926479595], [629077.8605039846, 5220813.774460266], [629078.042259157, 5220813.939250964], [629078.2392914415, 5220814.085433027], [629080.5671365979, 5220815.641433325], [629080.7775484659, 5220815.76759894], [629080.999313536, 5220815.872533063], [629081.2302960893, 5220815.955225122], [629081.4682716377, 5220816.014878747], [629081.7109483465, 5220816.050919441], [629081.9559891063, 5220816.063000112], [629082.2010340408, 5220816.051004416], [629082.4437232331, 5220816.01504788], [629082.6817194537, 5220815.955476783], [629082.9127306689, 5220815.872864828], [629083.1345321144, 5220815.768007614], [629083.3449877211, 5220815.641914973], [629083.5420706864, 5220815.495801245], [629083.7238829936, 5220815.331073587], [629083.8886736908, 5220815.149318414], [629084.0348557536, 5220814.95228613], [629097.6223557537, 5220794.624786129], [629097.7485213687, 5220794.414374261], [629097.8534554923, 5220794.192609191], [629097.9152867147, 5220794.019896916], [629097.330269501, 5220793.4457867965], [629091.3712104558, 5220789.996801627], [629091.2838263094, 5220790.093181586], [629091.1376442466, 5220790.29021387], [629077.5501442465, 5220810.6177138705], [629077.4239786315, 5220810.828125739], [629077.3190445079, 5220811.049890809]]], [[[629116.6325486536, 5220807.688774703], [629116.5537529653, 5220807.456434099], [629116.4525633382, 5220807.232935607], [629116.3299542838, 5220807.02043164], [629116.1871065942, 5220806.820968725], [629116.0253959709, 5220806.636467801], [629115.8463797754, 5220806.468705713], [629115.6517820319, 5220806.3192981], [629113.3498820486, 5220804.725166215], [629113.1415768391, 5220804.595551955], [629112.9215702572, 5220804.486979304], [629112.8287139983, 5220804.45200068], [629116.7234949475, 5220808.274167115], [629116.7201458056, 5220808.170968371], [629116.6881915575, 5220807.927719851], [629116.6325486536, 5220807.688774703]]], [[[629090.6370573306, 5220823.547141799], [629090.619529875, 5220823.791853271], [629090.6260727377, 5220824.037104383], [629090.6566229075, 5220824.280533231], [629090.7108861692, 5220824.519795462], [629090.7883399382, 5220824.752586849], [629090.8882382922, 5220824.976665486], [629091.0096191555, 5220825.189873372], [629091.1513135642, 5220825.3901571985], [629091.3119569233, 5220825.575588123], [629091.4900021498, 5220825.744380344], [629091.6837345707, 5220825.894908301], [629091.891288437, 5220826.025722326], [629092.1106648912, 5220826.13556261], [629094.6728612244, 5220827.264787985], [629094.7288196359, 5220827.286236827], [629093.2599837533, 5220830.640670218], [629093.1727219011, 5220830.869965411], [629093.1083550976, 5220831.106709642], [629093.0675032304, 5220831.348622936], [629093.0505597254, 5220831.593375534], [629093.0576877578, 5220831.838610335], [629093.0888186806, 5220832.081965595], [629093.1436526862, 5220832.321097667], [629093.2216616928, 5220832.553703582], [629093.3220944315, 5220832.777543216], [629093.4439836799, 5220832.990460871], [629093.5861555778, 5220833.190406033], [629093.7472409322, 5220833.375453122], [629093.9256884032, 5220833.543820033], [629094.1197794438, 5220833.6938853], [629094.3276448515, 5220833.824203714], [629094.5472827686, 5220833.933520236], [629097.10578255, 5220835.05383352], [629092.2720622126, 5220846.610060241], [629092.1886103936, 5220846.840769388], [629092.1281738686, 5220847.078547316], [629092.0913346747, 5220847.321104093], [629092.0784475933, 5220847.566103767], [629092.089636734, 5220847.811186854], [629092.1247943392, 5220848.053993071], [629092.1835818221, 5220848.292184063], [629092.2654330271, 5220848.523465919], [629092.3695596822, 5220848.745611268], [629092.494958991, 5220848.95648073], [629092.6404232894, 5220849.154043516], [629092.8045516768, 5220849.336396989], [629092.9857635071, 5220849.501784985], [629093.1823136113, 5220849.648614727], [629093.3923091044, 5220849.775472164], [629093.613727615, 5220849.881135591], [629096.1968624368, 5220850.961605162], [629096.4275715839, 5220851.045056981], [629096.665349512, 5220851.105493506], [629096.9079062897, 5220851.1423327], [629097.1529059625, 5220851.155219781], [629097.39798905, 5220851.144030641], [629097.6407952678, 5220851.108873036], [629097.8789862593, 5220851.050085553], [629098.1102681152, 5220850.968234348], [629098.3324134647, 5220850.864107693], [629098.5432829267, 5220850.738708383], [629098.7408457128, 5220850.593244085], [629098.9231991856, 5220850.429115698], [629099.0573205301, 5220850.28216202], [629100.2714656922, 5220847.698903788], [629114.2279377874, 5220814.332439759], [629114.3113896064, 5220814.101730612], [629114.3718261314, 5220813.863952684], [629114.4086653253, 5220813.621395906], [629114.4215524067, 5220813.376396233], [629114.410363266, 5220813.131313146], [629114.3752056608, 5220812.888506928], [629114.3164181778, 5220812.650315937], [629114.313684937, 5220812.642592788], [629115.3568504256, 5220811.136279136], [629109.7080546563, 5220805.592799832], [629106.292256035, 5220810.525156347], [629105.0378337723, 5220809.975871202], [629104.8085385788, 5220809.88860935], [629104.5717943471, 5220809.824242546], [629104.3298810537, 5220809.783390678], [629104.0851284557, 5220809.766447173], [629103.8398936543, 5220809.773575206], [629103.596538395, 5220809.804706128], [629103.3574063218, 5220809.859540135], [629103.1248004072, 5220809.937549141], [629102.9009607736, 5220810.03798188], [629102.6880431187, 5220810.159871128], [629102.4880979562, 5220810.302043026], [629102.303050867, 5220810.4631283805], [629102.134683956, 5220810.6415758515], [629101.9846186886, 5220810.835666892], [629101.8543002752, 5220811.0435323], [629101.8145849291, 5220811.123328068], [629101.7918351089, 5220811.11193739], [629099.2296387757, 5220809.982712015], [629099.0005524486, 5220809.894903295], [629098.7639624751, 5220809.829971784], [629098.522147346, 5220809.78854281], [629098.2774358734, 5220809.771015354], [629098.0321847622, 5220809.777558217], [629098.0258025624, 5220809.778359179], [629097.9991219578, 5220809.590341724], [629097.9410096965, 5220809.351985097], [629097.8598142266, 5220809.12047222], [629097.756317505, 5220808.898032689], [629097.6315162616, 5220808.6868087165], [629097.4866124006, 5220808.488834508], [629097.3230014255, 5220808.306016659], [629097.1422589992, 5220808.14011581], [629096.9461257702, 5220807.992729674], [629094.6278547223, 5220806.422500598], [629094.418219561, 5220806.295048585], [629094.1971013683, 5220806.188758126], [629093.9666296333, 5220806.104652859], [629093.729023925, 5220806.043542762], [629093.4865725162, 5220806.006016359], [629093.2416103464, 5220805.992435049], [629092.9964965353, 5220806.002929628], [629092.7535916627, 5220806.037399028], [629092.5152350357, 5220806.095511289], [629092.2837221585, 5220806.176706759], [629092.0612826269, 5220806.280203481], [629091.8500586551, 5220806.405004725], [629091.6520844456, 5220806.549908586], [629091.469266598, 5220806.713519561], [629091.3033657481, 5220806.894261987], [629091.1559796119, 5220807.090395216], [629088.7734796118, 5220810.607895216], [629088.6460275988, 5220810.817530378], [629088.5397371408, 5220811.03864857], [629088.4556318733, 5220811.269120305], [629088.3945217761, 5220811.5067260135], [629088.3569953728, 5220811.749177422], [629088.3434140631, 5220811.994139592], [629088.3539086424, 5220812.239253403], [629088.3883780424, 5220812.482158275], [629088.4464903037, 5220812.720514903], [629088.5276857736, 5220812.95202778], [629088.6311824952, 5220813.174467311], [629088.7559837386, 5220813.385691283], [629088.9008875996, 5220813.583665492], [629089.0644985747, 5220813.76648334], [629089.245241001, 5220813.93238419], [629089.44137423, 5220814.079770326], [629091.7596452779, 5220815.6499994015], [629091.9692804392, 5220815.777451415], [629092.1903986319, 5220815.883741873], [629092.4208703669, 5220815.9678471405], [629092.6584760752, 5220816.0289572375], [629092.900927484, 5220816.066483641], [629093.1458896538, 5220816.0800649505], [629093.3910034649, 5220816.069570372], [629093.6339083374, 5220816.035100971], [629093.8537918953, 5220815.981492516], [629090.8312265358, 5220822.839650369], [629090.7434178158, 5220823.068736697], [629090.6784863054, 5220823.30532667], [629090.6370573306, 5220823.547141799]]]]}}, {"type": "Feature", "properties": {"vineyard_id": "V02", "area_m2": 28053.6}, "geometry": {"type": "MultiPolygon", "coordinates": [[[[629250.3744327098, 5220733.489885048], [629251.606953506, 5220730.433645719], [629251.687437905, 5220730.201884682], [629251.7448181956, 5220729.963350788], [629251.7785417741, 5220729.720341247], [629251.7882838643, 5220729.475196375], [629251.7739506442, 5220729.23027705], [629251.7356801506, 5220728.98794198], [629251.6738409494, 5220728.750524985], [629251.5890285859, 5220728.520312519], [629251.4820598495, 5220728.299521654], [629251.3539649077, 5220728.090278727], [629251.2059773846, 5220727.894598861], [629251.039522481, 5220727.714366563], [629250.8562032488, 5220727.551317564], [629250.6577851523, 5220727.407022119], [629250.4461790662, 5220727.28286987], [629250.3218551811, 5220727.225488026], [629251.5999697371, 5220724.068555192], [629251.680768729, 5220723.836903645], [629251.7384728293, 5220723.598447876], [629251.7725263162, 5220723.355484347], [629251.7826012359, 5220723.110352928], [629251.7686005614, 5220722.865414369], [629251.7306591269, 5220722.623027562], [629251.669142329, 5220722.385526825], [629251.5846426083, 5220722.155199419], [629251.4779737432, 5220721.934263524], [629251.3501630132, 5220721.7248468725], [629251.2024413054, 5220721.528966261], [629251.0362312607, 5220721.348508129], [629250.8531335727, 5220721.185210384], [629250.6549115723, 5220721.040645676], [629250.4434742456, 5220720.916206239], [629250.2208578495, 5220720.813090494], [629247.6254949613, 5220719.76233292], [629247.3938434138, 5220719.681533928], [629247.1553876456, 5220719.623829828], [629246.9124241162, 5220719.589776341], [629246.6672926972, 5220719.579701421], [629246.4223541381, 5220719.593702096], [629246.1799673314, 5220719.63164353], [629245.942466594, 5220719.693160328], [629245.7121391884, 5220719.777660049], [629245.4912032932, 5220719.884328914], [629245.4866369751, 5220719.887115819], [629245.0741087967, 5220719.719066396], [629244.8426315385, 5220719.637769437], [629244.6043004113, 5220719.579552684], [629244.3614106738, 5220719.544976795], [629244.2038866461, 5220719.538163195], [629244.1754886138, 5220719.4793409705], [629244.0476825271, 5220719.269921485], [629243.8999651624, 5220719.074037599], [629243.733759119, 5220718.893575781], [629243.5506650517, 5220718.730273978], [629243.3524462566, 5220718.585704873], [629243.141011689, 5220718.461260748], [629242.9183975792, 5220718.358140068], [629242.8932572522, 5220718.347961117], [629243.1841745903, 5220717.630517666], [629243.2650993417, 5220717.398910021], [629243.3229328995, 5220717.160485618], [629243.3571182945, 5220716.917540613], [629243.3673263028, 5220716.6724147], [629243.3534586158, 5220716.427468576], [629243.3156487868, 5220716.185061204], [629243.2542609453, 5220715.947527103], [629243.1698862895, 5220715.717153854], [629243.0633373937, 5220715.496160076], [629242.9356403819, 5220715.286674063], [629242.7880250461, 5220715.090713278], [629242.6219130028, 5220714.910164931], [629242.4389040016, 5220714.746767801], [629242.2407605194, 5220714.602095491], [629242.0293907862, 5220714.477541276], [629241.9514711446, 5220714.441397563], [629242.9897920687, 5220711.890151696], [629243.0710137942, 5220711.658648029], [629243.1291530872, 5220711.420297994], [629243.1636500348, 5220711.177397032], [629243.1741724125, 5220710.932284413], [629243.1606188841, 5220710.687320705], [629243.1231199775, 5220710.444865041], [629243.0620368277, 5220710.207252405], [629242.9779576986, 5220709.976771133], [629242.8716923185, 5220709.755640887], [629242.7442640808, 5220709.545991273], [629242.5969001893, 5220709.349841329], [629242.4310198387, 5220709.16908009], [629242.2482205475, 5220709.005448382], [629242.0502627728, 5220708.86052207], [629241.8390529562, 5220708.735696872], [629241.6166251638, 5220708.632174924], [629239.0231847042, 5220707.576681398], [629238.7916810369, 5220707.495459673], [629238.5533310019, 5220707.43732038], [629238.3104300401, 5220707.402823432], [629238.0653174208, 5220707.392301054], [629237.8203537122, 5220707.405854583], [629237.577898049, 5220707.443353489], [629237.3402854117, 5220707.504436639], [629237.1098041398, 5220707.588515768], [629236.8886738941, 5220707.694781148], [629236.7665584363, 5220707.769004788], [629236.3000403678, 5220707.579261765], [629236.0685183003, 5220707.498092504], [629235.830155096, 5220707.4400072275], [629235.5872463229, 5220707.405565326], [629235.3421313254, 5220707.395098495], [629235.0971706946, 5220707.408707536], [629234.8547235356, 5220707.446261386], [629234.617124747, 5220707.507398382], [629234.3866625349, 5220707.59152974], [629234.1655563765, 5220707.697845229], [629234.0449639172, 5220707.771180597], [629233.5604205756, 5220707.57452721], [629233.3288380534, 5220707.493530592], [629233.0904316074, 5220707.4356230525], [629232.8474972224, 5220707.401362271], [629232.6023744888, 5220707.391078198], [629232.3574240729, 5220707.404869876], [629232.1150049809, 5220707.442604482], [629231.8774518414, 5220707.503918612], [629231.6470524208, 5220707.588221777], [629231.4260255916, 5220707.694702092], [629231.3101794097, 5220707.7652694965], [629230.846538412, 5220707.576887032], [629230.6149877541, 5220707.495799366], [629230.376604095, 5220707.437798094], [629230.1336831993, 5220707.403441798], [629229.8885645283, 5220707.393061348], [629229.6436087086, 5220707.406756714], [629229.4011747988, 5220707.444396002], [629229.16359757, 5220707.505616725], [629228.9331650207, 5220707.589829295], [629228.7120963422, 5220707.696222697], [629228.6220372836, 5220707.751033405], [629228.1881595133, 5220707.573565889], [629227.9567982942, 5220707.491939282], [629227.7185503362, 5220707.433383095], [629227.4757100971, 5220707.398461254], [629227.2306162613, 5220707.387510079], [629226.9856292162, 5220707.400635033], [629226.7431083212, 5220707.437709716], [629226.505389185, 5220707.498377079], [629226.2747611731, 5220707.582052862], [629226.0534453588, 5220707.687931222], [629225.8435731347, 5220707.814992491], [629225.8216300937, 5220707.831417923], [629225.2369861994, 5220707.594960677], [629225.0053059929, 5220707.514243898], [629224.7668297621, 5220707.456624422], [629224.5238541634, 5220707.422657158], [629224.2787191843, 5220707.41266923], [629224.0337856092, 5220707.426756825], [629223.7914122819, 5220707.464784274], [629223.5539333903, 5220707.526385351], [629223.3236359857, 5220707.610966803], [629223.1027379583, 5220707.717714066], [629222.9888080388, 5220707.787303037], [629222.4765828042, 5220707.579695554], [629222.2449621934, 5220707.498807921], [629222.0065285246, 5220707.441012573], [629221.7635780443, 5220707.406866114], [629221.5184504986, 5220707.396697389], [629221.2735065997, 5220707.410604331], [629221.0311052914, 5220707.448453007], [629220.7935810306, 5220707.509878915], [629220.563221306, 5220707.594290489], [629220.3422446074, 5220707.7008748], [629220.226532851, 5220707.771434996], [629219.7357290307, 5220707.571675875], [629219.5042266299, 5220707.490450541], [629219.2658775012, 5220707.432307532], [629219.0229770774, 5220707.397806797], [629218.7778646222, 5220707.387280598], [629218.5329007024, 5220707.400830308], [629218.2904444548, 5220707.438325434], [629218.0528308651, 5220707.49940488], [629217.8223482827, 5220707.583480416], [629217.6012163804, 5220707.689742348], [629217.5095146948, 5220707.745478076], [629217.1006437821, 5220707.579499183], [629216.8690676198, 5220707.498484384], [629216.630665721, 5220707.440558127], [629216.3877340265, 5220707.406278273], [629216.1426121013, 5220707.3959749555], [629215.8976606034, 5220707.409747401], [629215.6552385498, 5220707.447462975], [629215.4176805972, 5220707.508758454], [629215.1872745586, 5220707.593043529], [629214.9662393702, 5220707.6995064905], [629214.7567037216, 5220707.827122041], [629214.7434072192, 5220707.837130064], [629214.0955564184, 5220707.574825148], [629213.8639066177, 5220707.4940211475], [629213.6254520972, 5220707.436311892], [629213.382489304, 5220707.402253153], [629213.1373581028, 5220707.392172934], [629212.8924192411, 5220707.406168313], [629212.650031614, 5220707.444104507], [629212.4125295469, 5220707.50561617], [629212.1822003144, 5220707.590110911], [629211.9612621131, 5220707.696775], [629211.8166657072, 5220707.785020484], [629211.3149662527, 5220707.583037586], [629211.0831579779, 5220707.502689342], [629210.8445904182, 5220707.445449181], [629210.6015611094, 5220707.411868356], [629210.356410557, 5220707.402270271], [629210.1114996946, 5220707.41674736], [629209.8691871477, 5220707.455160199], [629209.6318065186, 5220707.517138853], [629209.4016439125, 5220707.602086433], [629209.1809159212, 5220707.709184848], [629209.0996605069, 5220707.758993666], [629208.6696943806, 5220707.584618514], [629208.4380911763, 5220707.503681054], [629208.1996699465, 5220707.445834415], [629207.9567268178, 5220707.411635689], [629207.7116014654, 5220707.401414231], [629207.4666545804, 5220707.415268479], [629207.2242451353, 5220707.453065007], [629206.9867076656, 5220707.514439815], [629206.756329787, 5220707.59880183], [629206.5353301641, 5220707.7053386], [629206.4660655656, 5220707.747555215], [629206.0691817345, 5220707.589113963], [629205.8371401803, 5220707.509441924], [629205.5984067443, 5220707.452897578], [629205.3552805599, 5220707.420025476], [629205.1101030651, 5220707.4111421965], [629204.8652354534, 5220707.42633329], [629204.6230359336, 5220707.465452455], [629204.3858370194, 5220707.528122957], [629204.1559230662, 5220707.613741241], [629203.9355082709, 5220707.721482759], [629203.8631682209, 5220707.766117231], [629203.433366941, 5220707.592922042], [629203.2015841417, 5220707.512500338], [629202.9630347344, 5220707.455184573], [629202.7200160803, 5220707.42152673], [629202.4748685821, 5220707.411850953], [629202.2299531439, 5220707.426250423], [629201.9876284355, 5220707.4645864675], [629201.7502281761, 5220707.526489888], [629201.5200386603, 5220707.611364521], [629201.2992767385, 5220707.7183929775], [629201.1558229437, 5220707.806266294], [629200.603046695, 5220707.588099419], [629200.3706945641, 5220707.509337729], [629200.1317412765, 5220707.45372979], [629199.888488083, 5220707.4218111355], [629199.6432776451, 5220707.41388916], [629199.5846572263, 5220707.417756621], [629215.5697093599, 5220715.637493046], [629250.7553469302, 5220733.717751031], [629250.6369426084, 5220733.633723555], [629250.423912534, 5220733.512030893], [629250.3744327098, 5220733.489885048]]], [[[629301.2613737937, 5220762.604921947], [629301.2947136991, 5220762.361859472], [629301.3040687748, 5220762.116699525], [629301.2893489265, 5220761.871803133], [629301.2506959143, 5220761.629528782], [629301.1884819877, 5220761.392209706], [629301.103306301, 5220761.162131417], [629300.9959891427, 5220760.941509695], [629300.8675640355, 5220760.732469248], [629300.7192677833, 5220760.53702325], [629300.5525285605, 5220760.357053952], [629300.3689521566, 5220760.194294557], [629300.1703065129, 5220760.050312527], [629299.9585046953, 5220759.9264944885], [629299.7355864713, 5220759.824032877], [629297.1371493425, 5220758.780900821], [629296.9052615366, 5220758.700782396], [629296.666637355, 5220758.643778742], [629296.4235748788, 5220758.610438837], [629296.1784149328, 5220758.601083761], [629295.9335185412, 5220758.61580361], [629295.6912441901, 5220758.654456622], [629295.4539251139, 5220758.716670549], [629295.2238468251, 5220758.801846235], [629295.0032251034, 5220758.909163393], [629294.9818226645, 5220758.922312095], [629294.6363068963, 5220758.781603934], [629294.404821008, 5220758.700331552], [629294.166483701, 5220758.642140104], [629293.9235902939, 5220758.607590005], [629293.678479983, 5220758.597013991], [629293.4335133147, 5220758.610513915], [629293.1910494517, 5220758.647959766], [629292.9534234537, 5220758.708990919], [629292.722923789, 5220758.793019611], [629292.5017702953, 5220758.899236601], [629292.2920928017, 5220759.026618959], [629292.0959106169, 5220759.173939925], [629291.9151130829, 5220759.339780717], [629291.7514413784, 5220759.522544197], [629291.6145906231, 5220759.709385613], [629289.351398781, 5220758.78066986], [629289.120130679, 5220758.698779802], [629288.8819495669, 5220758.639952305], [629288.639149259, 5220758.604753909], [629288.3940680549, 5220758.5935235955], [629288.1490662204, 5220758.606369518], [629288.0119376635, 5220758.627172849], [629299.2, 5220767.141263335], [629299.2, 5220767.86873606], [629301.1242517153, 5220763.075433935], [629301.2043701403, 5220762.843546129], [629301.2613737937, 5220762.604921947]]], [[[629129.7286688916, 5220772.914039744], [629129.7382192871, 5220772.887167918], [629130.3505554724, 5220771.214800114], [629115.5161369791, 5220807.089319196], [629117.332719609, 5220808.872033358], [629129.7286688916, 5220772.914039744]]], [[[629097.2949554978, 5220850.669952788], [629097.2577704182, 5220850.912369761], [629097.2445169771, 5220851.157263747], [629097.2553227231, 5220851.402277939], [629097.2900836639, 5220851.645054369], [629097.3484652672, 5220851.883256609], [629097.4299056807, 5220852.114592247], [629097.5336211382, 5220852.336834957], [629097.6586135037, 5220852.547845921], [629097.8036798761, 5220852.745594412], [629097.8665468753, 5220852.8156942045], [629104.9891778659, 5220837.661332344], [629116.1893713652, 5220811.953278509], [629114.2797649049, 5220810.079274858], [629113.7735802778, 5220811.303396321], [629097.4394622575, 5220850.201835484], [629097.3557143545, 5220850.432345803], [629097.2949554978, 5220850.669952788]]], [[[629101.0889397396, 5220855.089285402], [629102.1191488227, 5220855.525216468], [629102.2081770416, 5220855.714282397], [629102.3339479686, 5220855.924930423], [629102.479760391, 5220856.122236414], [629102.644210056, 5220856.304300206], [629102.8257132231, 5220856.469368424], [629103.0225219176, 5220856.615851373], [629103.2327407642, 5220856.742338342], [629103.4543452405, 5220856.847611191], [629104.4313210605, 5220857.25423656], [629104.4549610409, 5220857.293988951], [629104.6004258204, 5220857.4915513825], [629104.764554652, 5220857.673904455], [629104.9457668852, 5220857.839292009], [629105.1423173469, 5220857.986121273], [629105.352313149, 5220858.112978199], [629105.5314860125, 5220858.198480988], [629105.365732493, 5220858.595743225], [629105.2824847699, 5220858.826526095], [629105.2222585846, 5220859.064357387], [629105.1856339477, 5220859.306946654], [629105.1729635749, 5220859.55195763], [629105.1843694885, 5220859.797030725], [629105.2197418434, 5220860.03980575], [629105.2787399845, 5220860.2779446505], [629105.3607957276, 5220860.509154018], [629105.4651188308, 5220860.73120718], [629105.5907046056, 5220860.941965643], [629105.7363435925, 5220861.139399688], [629105.9006332083, 5220861.321607918], [629106.0819912544, 5220861.486835565], [629106.2786711534, 5220861.633491401], [629106.4887787706, 5220861.760163046], [629106.6967047475, 5220861.859161984], [629106.6733993973, 5220862.013178691], [629106.660646822, 5220862.2581854025], [629106.671970511, 5220862.50326231], [629106.707261411, 5220862.74604919], [629106.7661796514, 5220862.984207871], [629106.8481578173, 5220863.215444756], [629106.952406414, 5220863.437532906], [629107.0779214707, 5220863.648333493], [629107.2234942088, 5220863.84581639], [629107.3877226831, 5220864.028079729], [629107.5690252838, 5220864.193368215], [629107.7656559675, 5220864.340090029], [629107.9757210736, 5220864.466832161], [629108.1971975598, 5220864.572374013], [629108.7311901194, 5220864.795387209], [629108.737369687, 5220864.9108526595], [629108.7744309935, 5220865.153375599], [629108.8350852446, 5220865.391098081], [629108.9187483068, 5220865.621730708], [629109.0246144591, 5220865.843052361], [629109.1516641526, 5220866.052931594], [629109.2986738292, 5220866.249347152], [629109.4642277053, 5220866.430407448], [629109.6467314067, 5220866.594368771], [629109.844427323, 5220866.739652085], [629110.0554115344, 5220866.8648582315], [629110.2531911338, 5220866.957343057], [629108.4516538775, 5220870.891123381], [629108.360568285, 5220871.118926655], [629108.29224992, 5220871.354560942], [629108.2473567257, 5220871.595756958], [629108.226321048, 5220871.84019185], [629108.2293454721, 5220872.08551158], [629108.2564008711, 5220872.329353582], [629108.3072266866, 5220872.569369525], [629108.3813334383, 5220872.803247925], [629108.4780074378, 5220873.028736405], [629108.5963176613, 5220873.243663386], [629108.7351247171, 5220873.445959006], [629108.893091817, 5220873.633675047], [629109.0686976517, 5220873.805003701], [629109.260251041, 5220873.958294977], [629109.465907221, 5220874.0920726], [629109.6836856103, 5220874.205048216], [629112.229421288, 5220875.370908353], [629112.4572245615, 5220875.461993945], [629112.6928588493, 5220875.53031231], [629112.9340548645, 5220875.575205505], [629113.1784897574, 5220875.596241183], [629113.4238094864, 5220875.593216758], [629113.6676514886, 5220875.56616136], [629113.907667432, 5220875.515335544], [629114.1415458319, 5220875.441228792], [629114.3670343115, 5220875.344554792], [629114.5819612935, 5220875.226244569], [629114.7842569135, 5220875.087437513], [629114.9719729542, 5220874.929470413], [629115.1433016073, 5220874.753864578], [629115.1636058738, 5220874.728492286], [629115.451707122, 5220874.850804525], [629115.6819688397, 5220874.935483082], [629115.9194217344, 5220874.997184293], [629116.1617790047, 5220875.0353139425], [629116.4067066178, 5220875.04950482], [629116.6518457866, 5220875.039620261], [629116.7533260374, 5220875.02547725], [629116.7814413302, 5220875.06265915], [629116.9478826717, 5220875.242903974], [629117.1311896348, 5220875.405966764], [629117.3295968733, 5220875.55027714], [629117.5411936169, 5220875.674445311], [629117.7639420734, 5220875.77727547], [629118.9678299288, 5220876.262884922], [629118.9848782303, 5220876.285177266], [629119.152299805, 5220876.464511961], [629119.336493073, 5220876.6265729265], [629119.5356841526, 5220876.769799427], [629119.7479547246, 5220876.892812112], [629119.9712605074, 5220876.9944263045], [629122.5736408897, 5220878.027681522], [629122.8058313269, 5220878.106918619], [629123.0446702971, 5220878.163015525], [629123.2878576507, 5220878.195431996], [629123.5330513605, 5220878.203855845], [629123.7778900772, 5220878.188205943], [629124.02001587, 5220878.148633011], [629124.2570969352, 5220878.085518153], [629124.4868500524, 5220877.999469204], [629124.7070625736, 5220877.89131486], [629124.7332672253, 5220877.875078476], [629124.783622808, 5220877.895292582], [629124.7859672458, 5220877.896955445], [629124.999028503, 5220878.018593504], [629125.2229864268, 5220878.118762187], [629126.5398833258, 5220878.631797128], [629126.6747317682, 5220878.774577456], [629126.8598586728, 5220878.935571076], [629127.0598742751, 5220879.077643858], [629127.2728523156, 5220879.199427565], [629127.496741699, 5220879.299749349], [629128.693863051, 5220879.767065273], [629128.8593219827, 5220879.892023702], [629129.0686505011, 5220880.019978726], [629129.2895128308, 5220880.126799828], [629130.7434469933, 5220880.743911856], [629130.8029250264, 5220880.824287596], [629130.9674903689, 5220881.006246835], [629131.1490984085, 5220881.171199666], [629131.3460001606, 5220881.317557504], [629131.5562993536, 5220881.443910842], [629131.7779706914, 5220881.549042828], [629133.3682298616, 5220882.209736312], [629133.5264464653, 5220882.307739028], [629133.7466729062, 5220882.4158650255], [629134.5701270656, 5220882.771138677], [629134.6237962445, 5220882.887219719], [629134.7480864255, 5220883.098744817], [629134.8925112005, 5220883.297068797], [629135.0556796802, 5220883.480281689], [629135.2360204627, 5220883.646619054], [629135.431796768, 5220883.79447897], [629135.6411231629, 5220883.922437467], [629135.86198372, 5220884.029262234], [629137.054033981, 5220884.535242845], [629137.1747896859, 5220884.671605846], [629137.3546602179, 5220884.838451608], [629137.5500183686, 5220884.9868635675], [629137.7589827323, 5220885.115412435], [629137.9795408677, 5220885.222860215], [629139.1228662089, 5220885.7119723195], [629139.2254334302, 5220885.857227792], [629139.3859095399, 5220886.042803477], [629139.5638025113, 5220886.211756155], [629139.7573991377, 5220886.362458719], [629139.9648349778, 5220886.493459821], [629140.184112311, 5220886.60349785], [629141.1888673279, 5220887.047401327], [629141.296887152, 5220887.222370001], [629141.445609761, 5220887.417491763], [629141.6127415074, 5220887.597096596], [629141.7966728207, 5220887.759454806], [629141.995632342, 5220887.903002797], [629142.2077039822, 5220888.02635812], [629142.4308453758, 5220888.128332799], [629143.468535756, 5220888.542281027], [629143.5466443376, 5220888.65201478], [629143.7078213803, 5220888.836982013], [629143.886352271, 5220889.005260466], [629144.0805176591, 5220889.155229525], [629144.2884476262, 5220889.285444905], [629144.5081396931, 5220889.394652562], [629145.3414884378, 5220889.75906638], [629145.3619185915, 5220889.804115565], [629145.4846606733, 5220890.016542723], [629145.6276332211, 5220890.21591616], [629145.7894593311, 5220890.400315799], [629145.9685805293, 5220890.56796577], [629146.1632717809, 5220890.717251513], [629146.3716581025, 5220890.846735326], [629146.5917326201, 5220890.955170206], [629149.1610991937, 5220892.06798439], [629149.390742469, 5220892.154326052], [629149.627742912, 5220892.2177429795], [629149.6848741291, 5220892.227155245], [629149.6974442638, 5220892.3153952705], [629149.7556847709, 5220892.553720594], [629149.8370048007, 5220892.785189749], [629149.9406211969, 5220893.007573559], [629150.0655360769, 5220893.218730347], [629150.2105464423, 5220893.416626559], [629150.3742557638, 5220893.599356345], [629150.5550874312, 5220893.765159917], [629150.7512999368, 5220893.912440497], [629150.9610036468, 5220894.039779693], [629151.182179, 5220894.1459511565], [629151.8337710764, 5220894.4202573495], [629151.9496640189, 5220894.615296761], [629152.0950590061, 5220894.812910561], [629152.2591234164, 5220894.995321597], [629152.4402772197, 5220895.16077315], [629152.636775806, 5220895.30767183], [629152.8467267865, 5220895.434602923], [629153.0681082181, 5220895.540344014], [629154.0947397383, 5220895.970185028], [629154.1926727212, 5220896.137045738], [629154.3369977721, 5220896.335442302], [629154.5000741222, 5220896.5187372025], [629154.6803312573, 5220896.685165211], [629154.8760332023, 5220896.833123533], [629155.0852952406, 5220896.961187252], [629155.3061020644, 5220897.068123042], [629156.1488853813, 5220897.426353087], [629156.2399608855, 5220897.620334247], [629156.3654940907, 5220897.831124026], [629156.5110838306, 5220898.02859439], [629156.6753279965, 5220898.210843588], [629156.856644827, 5220898.376116465], [629157.0532881422, 5220898.522821349], [629157.2633641593, 5220898.649545395], [629157.4848497316, 5220898.755068178], [629158.0947163047, 5220899.009707243], [629158.1443318692, 5220899.151128647], [629158.2478519706, 5220899.373557298], [629158.3726754148, 5220899.584768152], [629158.5176000837, 5220899.78272713], [629158.6812302737, 5220899.965527779], [629158.8619901366, 5220900.13140963], [629159.058138856, 5220900.278775151], [629159.2677874125, 5220900.406205129], [629159.4889167761, 5220900.512472345], [629159.5273882801, 5220900.52868763], [629159.4489539004, 5220900.715545645], [629159.3652125836, 5220900.94614987], [629159.3044776706, 5220901.183851756], [629159.2673340719, 5220901.426362106], [629159.2541395009, 5220901.671345412], [629159.2650210282, 5220901.91644235], [629159.2998738592, 5220902.159292502], [629159.3583623416, 5220902.397557091], [629159.4399231996, 5220902.628941496], [629159.5437709575, 5220902.85121736], [629159.6689055047, 5220903.062244045], [629159.814121727, 5220903.259989248], [629159.9780211129, 5220903.442548575], [629160.1590252215, 5220903.60816388], [629160.3553908846, 5220903.755240197], [629160.5652269932, 5220903.882361101], [629160.786512711, 5220903.988302347], [629161.1695140636, 5220904.149068656], [629161.1973574858, 5220904.34273246], [629161.2559057664, 5220904.580982362], [629161.337524695, 5220904.81234629], [629161.4414282368, 5220905.034596083], [629161.5666157437, 5220905.245591355], [629161.7118815918, 5220905.443300105], [629161.8758267914, 5220905.625818291], [629162.0568724606, 5220905.7913881615], [629162.2532750309, 5220905.93841519], [629162.4631430379, 5220906.065483425], [629162.684455338, 5220906.171369129], [629163.1988846055, 5220906.387150972], [629163.2381506095, 5220906.547972456], [629163.3194236675, 5220906.7794581065], [629163.4229949351, 5220907.0018629385], [629163.5478669642, 5220907.213045071], [629163.6928371692, 5220907.410970704], [629163.8565094075, 5220907.5937337065], [629164.0373074261, 5220907.75957397], [629164.2334900412, 5220907.9068943625], [629164.4431679071, 5220908.034276109], [629164.664321711, 5220908.140492452], [629165.0319469633, 5220908.295342572], [629165.0323283151, 5220908.303812342], [629165.0673333987, 5220908.546640595], [629165.1259712543, 5220908.784868467], [629165.2076771674, 5220909.01620169], [629165.311664265, 5220909.238412401], [629165.4369310949, 5220909.449360589], [629165.5822712688, 5220909.647014707], [629165.7462850815, 5220909.829471238], [629165.9273929903, 5220909.994973026], [629166.1238508271, 5220910.141926199], [629166.3337665953, 5220910.268915517], [629166.5551186916, 5220910.374718003], [629166.913222163, 5220910.52476932], [629166.914019166, 5220910.541471652], [629166.9496766595, 5220910.784204962], [629167.0089544773, 5220911.022274398], [629167.0912817416, 5220911.253387224], [629167.195865596, 5220911.475317695], [629167.3216988406, 5220911.6859285], [629167.4675696326, 5220911.8831913415], [629167.6320731564, 5220912.065206471], [629167.8136251533, 5220912.230220983], [629168.0104771783, 5220912.376645696], [629168.2207334386, 5220912.5030704625], [629168.4423690519, 5220912.608277742], [629168.7187533245, 5220912.723215222], [629168.7498651182, 5220912.939792622], [629168.8083854177, 5220913.178049398], [629168.8899771738, 5220913.40942291], [629168.9938546133, 5220913.631684904], [629169.1190173395, 5220913.842694877], [629169.2642599671, 5220914.040420686], [629169.4281837303, 5220914.222958124], [629169.6092099535, 5220914.388549257], [629169.8055952551, 5220914.53559935], [629170.0154483374, 5220914.662692231], [629170.2367482006, 5220914.7686039265], [629172.8186695818, 5220915.8519699685], [629173.0492849882, 5220915.93568049], [629173.1332342918, 5220915.9571183305], [629175.2173349946, 5220916.8349033035], [629175.4478374495, 5220916.918924342], [629175.685465474, 5220916.979947604], [629175.9279305805, 5220917.017385404], [629176.1728976971, 5220917.030877193], [629176.4180076567, 5220917.02029304], [629176.6608999164, 5220916.985734875], [629176.899235291, 5220916.9275355125], [629177.1307184806, 5220916.846255443], [629177.3531201754, 5220916.74267744], [629177.5642985256, 5220916.617799016], [629177.6003667399, 5220916.591379251], [629177.9112001616, 5220916.72308571], [629178.1415210773, 5220916.807603118], [629178.3790170895, 5220916.869138155], [629178.6214009818, 5220916.907098204], [629178.8663384648, 5220916.921117689], [629179.1114706568, 5220916.911061595], [629179.3544368006, 5220916.877026767], [629179.5928969996, 5220916.81934098], [629179.8245547515, 5220916.738559778], [629179.8516640237, 5220916.726005312], [629180.0586507809, 5220916.851242455], [629180.27999549, 5220916.957060395], [629182.8623755687, 5220918.039332602], [629183.0930264143, 5220918.122945424], [629183.3307621027, 5220918.183547892], [629183.5732931094, 5220918.220556369], [629183.8182837282, 5220918.233614446], [629184.0633745653, 5220918.222596363], [629184.3062052623, 5220918.187608233], [629184.5444372265, 5220918.12898701], [629184.7757761541, 5220918.047297248], [629184.9979941248, 5220917.943325665], [629185.1703709919, 5220917.840979822], [629185.6646084482, 5220918.0451126695], [629185.8956890426, 5220918.127530359], [629186.1337352671, 5220918.186901324], [629186.3764546062, 5220918.222653793], [629186.6215095401, 5220918.234443448], [629186.8665400557, 5220918.222156749], [629187.1091863754, 5220918.185912023], [629187.3471116823, 5220918.126058327], [629187.5780246258, 5220918.043172085], [629187.7997013878, 5220917.938051536], [629187.9387519534, 5220917.854516029], [629188.3621027945, 5220918.03813681], [629188.5917007135, 5220918.124599012], [629188.8286678334, 5220918.188140342], [629189.0707220313, 5220918.228148865], [629189.315532193, 5220918.244239274], [629189.560740663, 5220918.236256613], [629189.8039859495, 5220918.204277758], [629190.0429254675, 5220918.148610681], [629190.2752580987, 5220918.069791489], [629190.4987463531, 5220917.968579252], [629190.5949621297, 5220917.913052371], [629190.8951692478, 5220918.042565809], [629191.1249355807, 5220918.128579464], [629191.3620263385, 5220918.191657901], [629191.6041582074, 5220918.231193639], [629191.8489993253, 5220918.24680593], [629192.0941917383, 5220918.238344416], [629192.3373741095, 5220918.2058905875], [629192.5762044596, 5220918.149756993], [629192.808382722, 5220918.070484229], [629193.0316728929, 5220917.968835736], [629193.1638628917, 5220917.892203326], [629193.4364307886, 5220918.007626658], [629193.2073333057, 5220918.550019844], [629193.1230772844, 5220918.780436509], [629193.0618117615, 5220919.01800219], [629193.0241267573, 5220919.260428997], [629193.0103851991, 5220919.50538223], [629193.0207194256, 5220919.750502854], [629193.0550299127, 5220919.993430223], [629193.1129862315, 5220920.231824816], [629193.194030231, 5220920.463390761], [629193.2973814132, 5220920.685897951], [629193.4220444497, 5220920.897203521], [629193.5668187672, 5220921.095272482], [629193.7303101101, 5220921.278197324], [629193.9109439674, 5220921.444216377], [629194.106980736, 5220921.59173079], [629194.316532475, 5220921.719319917], [629194.5375810865, 5220921.825755005], [629196.6663287879, 5220922.724901146], [629193.7122730475, 5220929.88510677], [629193.6299462029, 5220930.116219745], [629193.5706688173, 5220930.3542892905], [629193.5350117645, 5220930.597022665], [629193.5233184414, 5220930.842082215], [629193.5357014611, 5220931.087107881], [629193.5720415683, 5220931.329739935], [629193.631988788, 5220931.567641694], [629193.7149657957, 5220931.798522037], [629193.8201734774, 5220932.020157459], [629193.9465986256, 5220932.23041349], [629194.093023697, 5220932.427265249], [629194.2580385383, 5220932.608816947], [629194.4400539661, 5220932.77332014], [629194.6373170725, 5220932.9191905735], [629194.8479281059, 5220933.045023436], [629195.069858767, 5220933.149606887], [629195.8766329993, 5220933.482454319], [629195.9431406247, 5220933.625182828], [629196.0680620933, 5220933.836335719], [629196.2130786335, 5220934.034227406], [629196.3767936567, 5220934.216952083], [629196.5576304977, 5220934.382750013], [629196.7538475988, 5220934.530024471], [629196.9635552821, 5220934.657357122], [629197.1847339479, 5220934.763521685], [629199.765415399, 5220935.849838051], [629199.995934976, 5220935.933812101], [629200.2335754345, 5220935.994786925], [629200.4760481671, 5220936.0321753], [629200.7210180287, 5220936.045617155], [629200.9661258257, 5220936.034983039], [629201.209011036, 5220936.000375364], [629201.4473345423, 5220935.942127421], [629201.6788011589, 5220935.8608001685], [629201.9011817358, 5220935.757176833], [629202.1123346265, 5220935.632255364], [629202.3102263132, 5220935.487238824], [629202.4929509908, 5220935.323523802], [629202.6587489207, 5220935.14268696], [629202.8060233783, 5220934.946469859], [629202.9333560299, 5220934.736762176], [629203.0395205927, 5220934.5155835105], [629203.7426263496, 5220932.845267164], [629206.167340636, 5220933.909355917], [629206.3965645912, 5220933.99680473], [629206.6332562531, 5220934.061364577], [629206.8751361514, 5220934.10241371], [629207.1198748507, 5220934.119556805], [629207.3651153834, 5220934.112628764], [629207.6084959491, 5220934.081696307], [629207.8476726598, 5220934.027057332], [629208.0803421132, 5220933.9492380405], [629208.3042635751, 5220933.848987876], [629208.5172805596, 5220933.727272303], [629208.7173415967, 5220933.5852635065], [629208.9025199892, 5220933.424329111], [629209.0710323678, 5220933.246019003], [629209.2212558663, 5220933.052050405], [629209.3517437503, 5220932.844291341], [629209.4612393501, 5220932.624742644], [629210.0401965751, 5220931.305486285], [629211.9549293554, 5220932.136763801], [629211.9790305836, 5220932.155098164], [629212.1879108654, 5220932.283783613], [629212.4083987112, 5220932.391375557], [629213.2735928044, 5220932.762173025], [629213.3864893429, 5220932.949983982], [629213.5328893315, 5220933.146854396], [629213.697881039, 5220933.328427117], [629213.8798755053, 5220933.492953501], [629214.0771200241, 5220933.6388490675], [629214.2877150229, 5220933.764708764], [629214.5096323567, 5220933.869320491], [629215.1035929954, 5220934.114456884], [629215.1346178859, 5220934.1828061445], [629215.2574320566, 5220934.395191633], [629215.4004722617, 5220934.594516534], [629215.562360946, 5220934.7788612405], [629215.7415390329, 5220934.9464504095], [629215.9362809394, 5220935.095670068], [629216.1447111947, 5220935.225083148], [629216.3648225013, 5220935.333443331], [629217.2358301813, 5220935.71033304], [629217.2823986075, 5220935.811666547], [629217.4062023731, 5220936.023476709], [629217.5501710159, 5220936.222132055], [629217.7129180393, 5220936.405719426], [629217.8928761005, 5220936.572470777], [629218.0883121049, 5220936.720780199], [629218.297343897, 5220936.849219393], [629218.5179583863, 5220936.956551419], [629218.617682528, 5220936.999151296], [629218.5496184756, 5220937.159620981], [629218.4650161818, 5220937.38991073], [629218.4033936139, 5220937.627384045], [629218.3653442308, 5220937.869753931], [629218.351234469, 5220938.114686229], [629218.3612002131, 5220938.359822111], [629218.3951454874, 5220938.602800784], [629218.4527433807, 5220938.841282228], [629218.5334391934, 5220939.072969737], [629218.6364557811, 5220939.295632036], [629218.7608010374, 5220939.507124764], [629218.9052774498, 5220939.70541113], [629219.0684936312, 5220939.888581528], [629219.2488777208, 5220940.054871927], [629219.444692521, 5220940.20268086], [629219.6540522283, 5220940.3305848455], [629219.8749405945, 5220940.4373520985], [629220.0871361681, 5220940.527355956], [629220.1288712855, 5220940.707846974], [629220.2073057618, 5220940.940309766], [629220.3081478926, 5220941.1639652625], [629220.4304265133, 5220941.3766595395], [629220.5729640139, 5220941.576344235], [629220.7343876802, 5220941.761096275], [629220.9131429141, 5220941.929136398], [629221.107508205, 5220942.078846285], [629221.3156117089, 5220942.208784148], [629221.5354492753, 5220942.317698615], [629222.2145963623, 5220942.613603135], [629222.2783499107, 5220942.8007637225], [629222.3798393451, 5220943.0241262335], [629222.5027334348, 5220943.236465489], [629222.6458486423, 5220943.435736545], [629222.8078066901, 5220943.620020314], [629222.9870478336, 5220943.78754204], [629223.1818458827, 5220943.936688401], [629223.3903248257, 5220944.066023032], [629223.6104768962, 5220944.174300373], [629226.1806392802, 5220945.285275314], [629226.4103442937, 5220945.371452593], [629226.6473900651, 5220945.434699876], [629226.8894937142, 5220945.4744080575], [629227.1343236505, 5220945.490194726], [629227.3795220278, 5220945.481907847], [629227.6227274517, 5220945.449627228], [629227.8615977211, 5220945.393663749], [629228.0938323847, 5220945.314556369], [629228.2351065254, 5220945.250365505], [629229.0636066954, 5220945.607468566], [629229.2934013084, 5220945.693406641], [629229.4793938783, 5220945.742824806], [629229.7570284607, 5220945.86018929], [629229.7576765891, 5220945.8627248285], [629229.8414414598, 5220946.093320498], [629229.947405308, 5220946.314595394], [629230.0745476438, 5220946.524418517], [629230.221644017, 5220946.720769157], [629230.3872778092, 5220946.901756348], [629230.5698538764, 5220947.0656370865], [629230.7676139111, 5220947.21083311], [629230.9786533762, 5220947.335946102], [629231.0750045106, 5220947.380949568], [629230.4086815316, 5220948.991697382], [629230.3261361223, 5220949.222732384], [629230.266633582, 5220949.460745754], [629230.2307469525, 5220949.703445293], [629230.2188218416, 5220949.9484936735], [629230.230973095, 5220950.193530943], [629230.2670836892, 5220950.43619726], [629230.3268058596, 5220950.674155616], [629230.4095644489, 5220950.905114341], [629230.5145624466, 5220951.126849175], [629230.6407886648, 5220951.337224694], [629230.7870274759, 5220951.534214863], [629230.9518705201, 5220951.715922561], [629231.133730269, 5220951.880597842], [629231.3308553137, 5220952.026654795], [629231.5413472323, 5220952.152686809], [629231.7631788723, 5220952.2574801305], [629232.7903165516, 5220952.682379318], [629232.8956802769, 5220952.799225739], [629233.0770446756, 5220952.964446414], [629233.2737302132, 5220953.111094687], [629233.4838427005, 5220953.237758254], [629233.7053586395, 5220953.343217276], [629235.21963763, 5220953.974966011], [629235.354325314, 5220954.096822415], [629235.551512477, 5220954.2427954925], [629235.7620579936, 5220954.368737948], [629235.9839341951, 5220954.473436886], [629237.5096999522, 5220955.103845037], [629237.5201461153, 5220955.11534539], [629237.7021092981, 5220955.279906372], [629237.8993260752, 5220955.425839437], [629238.1098971415, 5220955.551739169], [629238.3317945821, 5220955.6563930875], [629238.4799484295, 5220955.717571353], [629238.0851342783, 5220956.697376854], [629238.0047154017, 5220956.929160634], [629237.9474025471, 5220957.167710741], [629237.9137476687, 5220957.410729805], [629237.9040748817, 5220957.655877422], [629237.91847734, 5220957.900792684], [629237.9568163402, 5220958.143116925], [629238.0187226568, 5220958.3805164285], [629238.103600098, 5220958.610704909], [629238.2106312477, 5220958.831465526], [629238.3387853375, 5220959.040672231], [629238.4868281734, 5220959.236310253], [629238.6533340219, 5220959.416495488], [629238.8366993407, 5220959.579492655], [629239.0351582217, 5220959.723732002], [629239.2467993972, 5220959.8478244245], [629239.2863451185, 5220959.866063242], [629239.0278288819, 5220960.483228634], [629238.944259614, 5220960.713895264], [629238.8837020381, 5220960.951642391], [629238.8467393571, 5220961.1941803815], [629238.8337275417, 5220961.439173462], [629238.8447919029, 5220961.684262214], [629238.8798258847, 5220961.9270863], [629238.9384920909, 5220962.165307191], [629239.0202255339, 5220962.3966306895], [629239.1242390756, 5220962.618829023], [629239.2495310091, 5220962.829762302], [629239.3948947043, 5220963.027399122], [629239.5589302297, 5220963.209836133], [629239.7400578333, 5220963.3753163675], [629239.9365331572, 5220963.522246159], [629240.1464640368, 5220963.649210494], [629240.3678287229, 5220963.754986636], [629242.9504131154, 5220964.836771207], [629243.1810797451, 5220964.920340476], [629243.4188268725, 5220964.9808980515], [629243.661364863, 5220965.017860732], [629243.9063579431, 5220965.030872548], [629244.1514466956, 5220965.019808186], [629244.3942707815, 5220964.984774205], [629244.6324916724, 5220964.926107998], [629244.863815171, 5220964.844374555], [629245.0860135051, 5220964.740361013], [629245.2969467837, 5220964.61506908], [629245.4945836039, 5220964.469705384], [629245.677020615, 5220964.305669859], [629245.8425008489, 5220964.124542255], [629245.9894306406, 5220963.928066932], [629246.0004623486, 5220963.909826406], [629246.0944753148, 5220963.947985864], [629246.3260548706, 5220964.028990963], [629246.5644591958, 5220964.086907233], [629246.8073923262, 5220964.121176911], [629247.0525146829, 5220964.131469959], [629247.2974656037, 5220964.117687251], [629247.5398860772, 5220964.0799615225], [629247.7774414619, 5220964.018656092], [629248.0078439695, 5220963.934361365], [629248.2288746978, 5220963.827889144], [629248.4384050003, 5220963.700264816], [629248.6344169854, 5220963.552717474], [629248.8150229506, 5220963.386668078], [629248.9784835619, 5220963.203715775], [629249.1232246041, 5220963.005622496], [629249.2478521417, 5220962.794295986], [629249.3511659435, 5220962.571771437], [629251.5886659436, 5220957.059271437], [629251.6696710414, 5220956.827691881], [629251.7275873116, 5220956.589287556], [629251.7618569891, 5220956.346354426], [629251.7721500379, 5220956.101232069], [629251.7583673304, 5220955.856281148], [629251.7206416016, 5220955.613860675], [629251.659336171, 5220955.3763052905], [629251.5750414432, 5220955.145902783], [629251.4685692228, 5220954.924872054], [629251.3409448953, 5220954.715341751], [629251.1933975527, 5220954.519329767], [629251.0273481567, 5220954.338723801], [629250.8443958536, 5220954.175263191], [629250.6463025742, 5220954.030522148], [629250.4349760651, 5220953.90589461], [629250.2713816814, 5220953.829940933], [629251.5921711181, 5220950.676771365], [629251.6757403862, 5220950.446104735], [629251.736297962, 5220950.208357608], [629251.773260643, 5220949.965819618], [629251.7862724583, 5220949.720826537], [629251.7752080971, 5220949.475737786], [629251.7401741152, 5220949.2329137], [629251.6815079089, 5220948.994692809], [629251.599774466, 5220948.763369311], [629251.4957609242, 5220948.541170976], [629251.3704689908, 5220948.330237698], [629251.2251052954, 5220948.132600877], [629251.06106977, 5220947.950163866], [629250.8799421665, 5220947.784683633], [629250.6834668426, 5220947.6377538415], [629250.4735359631, 5220947.510789506], [629250.252171277, 5220947.405013364], [629250.2408516798, 5220947.400271848], [629251.5998657217, 5220944.027623147], [629251.6802845984, 5220943.7958393665], [629251.737597453, 5220943.5572892595], [629251.7712523313, 5220943.314270196], [629251.7809251184, 5220943.069122579], [629251.76652266, 5220942.824207316], [629251.7281836598, 5220942.581883076], [629251.6662773432, 5220942.344483571], [629251.581399902, 5220942.1142950915], [629251.4743687522, 5220941.893534475], [629251.3462146624, 5220941.684327769], [629251.1981718265, 5220941.488689748], [629251.0316659779, 5220941.3085045125], [629250.8483006591, 5220941.145507346], [629250.6498417781, 5220941.0012679985], [629250.4382006027, 5220940.877175576], [629250.2154153528, 5220940.774425155], [629250.211809511, 5220940.772972175], [629251.5897544668, 5220937.436037952], [629251.6721546947, 5220937.204951131], [629251.7315076734, 5220936.96690042], [629251.7672418014, 5220936.72417838], [629251.7790129395, 5220936.479122557], [629251.7667077255, 5220936.23409297], [629251.730444665, 5220935.99144939], [629251.670572991, 5220935.753528606], [629251.5876693008, 5220935.522621927], [629251.4825320021, 5220935.300953108], [629251.3561736245, 5220935.090656944], [629251.2098110684, 5220934.893758698], [629251.0448538851, 5220934.712154612], [629250.8628907024, 5220934.54759363], [629250.6656739254, 5220934.401660565], [629250.4551028594, 5220934.275760832], [629250.2332054187, 5220934.171106915], [629250.1253277378, 5220934.126560185], [629251.5744523669, 5220930.619269331], [629251.6568994806, 5220930.388199233], [629251.7163007589, 5220930.150160571], [629251.7520841347, 5220929.9074457865], [629251.7639049948, 5220929.6623923555], [629251.7516494977, 5220929.417360278], [629251.7154356706, 5220929.174709344], [629251.6556122723, 5220928.936776417], [629251.572755435, 5220928.705852921], [629251.4676631154, 5220928.484162775], [629251.3413474098, 5220928.273840976], [629251.1950248075, 5220928.076913038], [629251.0301044752, 5220927.895275486], [629250.848174686, 5220927.730677587], [629250.6509875229, 5220927.584704509], [629250.4404420065, 5220927.458762053], [629250.2787779003, 5220927.382475997], [629251.5818252465, 5220924.259118385], [629251.6650640956, 5220924.0283323135], [629251.7252811366, 5220923.7904987065], [629251.7618964459, 5220923.547908031], [629251.7745573982, 5220923.302896569], [629251.7631420618, 5220923.057823913], [629251.7277603722, 5220922.815050247], [629251.668753075, 5220922.576913616], [629251.5866884422, 5220922.3457074035], [629251.4823568013, 5220922.123658253], [629251.356762923, 5220921.912904618], [629251.211116345, 5220921.715476174], [629251.0468197236, 5220921.533274261], [629250.8654553249, 5220921.368053586], [629250.6687697873, 5220921.221405314], [629250.4586573, 5220921.094741747], [629250.4012526056, 5220921.067412594], [629251.5788184685, 5220918.220802618], [629251.6613638778, 5220917.989767617], [629251.7208664182, 5220917.751754247], [629251.7567530477, 5220917.509054707], [629251.7686781585, 5220917.264006328], [629251.7565269051, 5220917.018969057], [629251.720416311, 5220916.77630274], [629251.6606941406, 5220916.538344384], [629251.5779355514, 5220916.30738566], [629251.4729375535, 5220916.085650825], [629251.3467113354, 5220915.875275306], [629251.2004725243, 5220915.678285138], [629251.03562948, 5220915.49657744], [629250.8537697311, 5220915.331902158], [629250.6566446865, 5220915.185845206], [629250.4461527679, 5220915.059813191], [629250.229470835, 5220914.957452592], [629251.5704451893, 5220911.814454077], [629251.6553894342, 5220911.584804836], [629251.7174608764, 5220911.347947422], [629251.7560640841, 5220911.106153934], [629251.7708287487, 5220910.861743822], [629251.7616132373, 5220910.617061635], [629251.7285059514, 5220910.374454532], [629251.6718244789, 5220910.1362497695], [629251.5921125475, 5220909.904732369], [629251.4901348087, 5220909.682123207], [629251.3668695034, 5220909.470557702], [629251.223499077, 5220909.272065336], [629251.0613988372, 5220909.088550185], [629250.8821237611, 5220908.921772651], [629250.6873935785, 5220908.773332581], [629250.4790762751, 5220908.644653914], [629250.3303676097, 5220908.571834746], [629251.5736070307, 5220905.595838765], [629251.656956191, 5220905.36509251], [629251.7172869142, 5220905.127287715], [629251.7540181827, 5220904.884714571], [629251.7667962542, 5220904.639709188], [629251.7554980688, 5220904.394631103], [629251.7202324342, 5220904.151840552], [629251.6613389777, 5220903.91367574], [629251.5793848756, 5220903.682430326], [629251.4751593907, 5220903.460331328], [629251.3496662712, 5220903.249517682], [629251.2041140847, 5220903.052019637], [629251.0399045782, 5220902.869739208], [629250.8586191791, 5220902.704431857], [629250.6620037648, 5220902.557689581], [629250.4519518492, 5220902.43092559], [629250.2304863469, 5220902.325360691], [629250.2272509105, 5220902.324009069], [629251.5694331541, 5220899.165112991], [629251.654178739, 5220898.934875933], [629251.7159490726, 5220898.697441012], [629251.7541492732, 5220898.455094852], [629251.7684114516, 5220898.21017138], [629251.7585982556, 5220897.965029344], [629251.7248041915, 5220897.722029596], [629251.6673547146, 5220897.483512355], [629251.5868030947, 5220897.251774673], [629251.4839250881, 5220897.029048311], [629251.3597114661, 5220896.817478245], [629251.215358474, 5220896.619102011], [629251.0522563095, 5220896.435830081], [629250.8719757362, 5220896.2694274625], [629250.6762529543, 5220896.121496704], [629250.4669728812, 5220895.99346246], [629250.2461509984, 5220895.886557771], [629250.0601667044, 5220895.807534969], [629251.578604054, 5220892.271259885], [629251.6642250865, 5220892.041346955], [629251.7268984222, 5220891.80414879], [629251.766020483, 5220891.561949737], [629251.7812145018, 5220891.317082307], [629251.772334152, 5220891.071904707], [629251.7394649562, 5220890.828778129], [629251.6829234627, 5220890.590044018], [629251.6032541972, 5220890.358001512], [629251.5012244178, 5220890.134885307], [629251.3778167276, 5220889.922844135], [629251.2342196098, 5220889.723920069], [629251.071815983, 5220889.540028854], [629250.8921698834, 5220889.372941466], [629250.6970114007, 5220889.224267045], [629250.488220018, 5220889.095437409], [629250.2678065104, 5220888.987693258], [629250.1360761126, 5220888.931129684], [629251.5817105006, 5220885.482870543], [629251.6653502536, 5220885.252229462], [629251.7259804789, 5220885.014500852], [629251.7630172746, 5220884.771974168], [629251.7761039559, 5220884.526985075], [629251.7651144911, 5220884.281892953], [629251.7301547147, 5220884.039058173], [629251.6715613083, 5220883.800819365], [629251.5898985587, 5220883.569470901], [629251.4859529226, 5220883.347240793], [629251.3607254534, 5220883.136269236], [629251.21542216, 5220882.938588004], [629251.0514423926, 5220882.756100874], [629250.8703653661, 5220882.590565298], [629250.6739349512, 5220882.443575473], [629250.46404288, 5220882.3165469915], [629250.242710528, 5220882.210703208], [629250.1484790411, 5220882.171197976], [629251.5765733883, 5220878.749721936], [629251.6598509373, 5220878.518949826], [629251.7201078597, 5220878.281126321], [629251.7567638487, 5220878.038541789], [629251.769465887, 5220877.793532453], [629251.758091647, 5220877.548457886], [629251.7227506688, 5220877.305678291], [629251.6637833054, 5220877.067531767], [629251.5817574449, 5220876.836311797], [629251.477463041, 5220876.614245154], [629251.3519045057, 5220876.403470461], [629251.2062910367, 5220876.206017596], [629251.042024971, 5220876.0237881355], [629250.8606882807, 5220875.85853705], [629250.6640273372, 5220875.711855797], [629250.453936093, 5220875.585156998], [629250.3765279728, 5220875.548288716], [629251.5594335473, 5220872.789326649], [629251.644930551, 5220872.559367568], [629251.7074759318, 5220872.322135631], [629251.7464673436, 5220872.079915511], [629251.7615292775, 5220871.835039921], [629251.7525166791, 5220871.589867146], [629251.7195163445, 5220871.346758334], [629251.6628460849, 5220871.108054755], [629251.583051666, 5220870.876055257], [629251.4809015517, 5220870.6529941205], [629251.3573795033, 5220870.441019546], [629251.2136751057, 5220870.242172965], [629251.051172311, 5220870.058369379], [629250.8714361095, 5220869.891378917], [629250.6761974596, 5220869.742809787], [629250.4673366159, 5220869.614092793], [629250.2468650227, 5220869.506467549], [629249.9300371003, 5220869.370627509], [629251.5407916725, 5220865.535060346], [629251.6245718502, 5220865.304470237], [629251.6853468203, 5220865.066778589], [629251.7225312867, 5220864.824274502], [629251.7357671425, 5220864.579293423], [629251.7249269194, 5220864.3341946555], [629251.6901150146, 5220864.091338633], [629251.6316666857, 5220863.853064191], [629251.5501448221, 5220863.621666044], [629251.4463345238, 5220863.399372682], [629251.321235541, 5220863.188324912], [629251.1760526451, 5220862.99055524], [629251.0121840268, 5220862.807968295], [629250.8312078303, 5220862.642322489], [629250.6348669557, 5220862.495213082], [629250.4250522725, 5220862.368056819], [629250.2758001607, 5220862.296570973], [629251.6060590945, 5220858.970923638], [629251.685888552, 5220858.738936193], [629251.7425948629, 5220858.500241177], [629251.7756319146, 5220858.257137352], [629251.7846815421, 5220858.011965941], [629251.7696565925, 5220857.767088078], [629251.7307017643, 5220857.524862072], [629251.668192214, 5220857.287620692], [629251.5827299424, 5220857.057648701], [629251.4751379981, 5220856.837160855], [629251.3464525503, 5220856.628280573], [629251.1979129101, 5220856.433019486], [629251.0309495957, 5220856.253258065], [629250.8471705549, 5220856.090727513], [629250.6483456803, 5220855.946993085], [629250.4363897642, 5220855.8234390225], [629250.2133440579, 5220855.72125522], [629250.1986914481, 5220855.715394176], [629251.5906337195, 5220852.338906904], [629251.6728973362, 5220852.107771415], [629251.7321095916, 5220851.869685663], [629251.7677002392, 5220851.626942543], [629251.7793265216, 5220851.381879804], [629251.7668764715, 5220851.136857534], [629251.7304699895, 5220850.894235431], [629251.6704576899, 5220850.65635008], [629251.5874175242, 5220850.425492445], [629251.4821492144, 5220850.203885813], [629251.3556665519, 5220849.9936643755], [629251.2091876337, 5220849.796852681], [629251.0441231322, 5220849.615346133], [629250.8620627087, 5220849.450892739], [629250.6647597044, 5220849.305076276], [629250.4541142553, 5220849.179301035], [629250.2321549921, 5220849.0747783], [629250.1945430782, 5220849.059272951], [629251.5810032634, 5220845.741087131], [629251.6643683495, 5220845.51034663], [629251.7247154856, 5220845.272546], [629251.7614634961, 5220845.02997539], [629251.7742584774, 5220844.784970891], [629251.762977207, 5220844.539892026], [629251.7277283295, 5220844.297099042], [629251.668851311, 5220844.058930167], [629251.5869131692, 5220843.827679096], [629251.4827030136, 5220843.605572905], [629251.3572244445, 5220843.394750598], [629251.2116858894, 5220843.197242508], [629251.047488964, 5220843.014950747], [629250.8662149746, 5220842.849630883], [629250.6696096886, 5220842.702875038], [629250.4595665225, 5220842.57609655], [629250.2381083069, 5220842.470516365], [629250.1175151247, 5220842.420128094], [629251.5950034328, 5220838.840434894], [629251.677365001, 5220838.609334291], [629251.7366781556, 5220838.371273655], [629251.7723716784, 5220838.128545641], [629251.7841018211, 5220837.88348785], [629251.7717556163, 5220837.638460326], [629251.7354519645, 5220837.395822816], [629251.67554049, 5220837.157912051], [629251.5925981726, 5220836.927019243], [629251.4874237925, 5220836.705368017], [629251.3610302364, 5220836.495092993], [629251.2146347433, 5220836.298219236], [629251.0496471818, 5220836.116642747], [629250.8676564723, 5220835.952112208], [629250.6704152849, 5220835.806212137], [629250.4598231601, 5220835.680347633], [629250.237908215, 5220835.575730838], [629250.1568385795, 5220835.542270026], [629251.6020045003, 5220831.993358079], [629251.6832714963, 5220831.7618703], [629251.7414573994, 5220831.523531639], [629251.7760018476, 5220831.280637428], [629251.7865721588, 5220831.035526872], [629251.7730665351, 5220830.7905605165], [629251.7356150433, 5220830.548097525], [629251.6745783616, 5220830.310472948], [629251.5905443064, 5220830.079975237], [629251.4843221719, 5220829.858824215], [629251.3569349352, 5220829.649149685], [629251.209609405, 5220829.452970928], [629251.0437644068, 5220829.272177252], [629250.8609971185, 5220829.108509799], [629250.6630676889, 5220828.9635447785], [629250.4518822869, 5220828.838678279], [629250.2696370872, 5220828.753814679], [629251.5943560809, 5220825.517345147], [629251.6760388439, 5220825.286003748], [629251.73465286, 5220825.04777001], [629251.7696336437, 5220824.804938256], [629251.7806443112, 5220824.559847085], [629251.7675788237, 5220824.314856862], [629251.730563009, 5220824.072326975], [629251.6699533495, 5220823.83459312], [629251.5863335496, 5220823.603944804], [629251.4805089134, 5220823.382603296], [629251.3534985902, 5220823.172700237], [629251.2065257588, 5220822.976257106], [629251.0410058479, 5220822.79516576], [629250.8585329046, 5220822.631170207], [629250.6608642433, 5220822.485849813], [629250.4499035212, 5220822.3606040925], [629250.2276824053, 5220822.256639232], [629250.1919058185, 5220822.241995521], [629251.5808652401, 5220818.83865268], [629251.6623113415, 5220818.607227855], [629251.7206816584, 5220818.368934291], [629251.7554140525, 5220818.126066885], [629251.7661740319, 5220817.880964581], [629251.7528579722, 5220817.635987849], [629251.7155941142, 5220817.393495949], [629251.6547413293, 5220817.1558242105], [629251.570885663, 5220816.925261543], [629251.4648346915, 5220816.70402839], [629251.3376097432, 5220816.494255348], [629251.1904360643, 5220816.297962646], [629251.0247310174, 5220816.11704069], [629250.842090433, 5220815.953231858], [629250.6442732397, 5220815.808113718], [629250.62432479, 5220815.79629806], [629250.7650027776, 5220815.816137728], [629251.0101255111, 5220815.826421801], [629251.255075927, 5220815.812630123], [629251.497495019, 5220815.774895517], [629251.7350481586, 5220815.713581387], [629251.9654475792, 5220815.629278222], [629252.1864744084, 5220815.522797908], [629252.357237887, 5220815.418777771], [629252.9088343892, 5220815.643378488], [629253.1403243159, 5220815.724639366], [629253.3786645142, 5220815.782818972], [629253.6215596378, 5220815.817357002], [629253.866670474, 5220815.827920836], [629254.1116364714, 5220815.81440874], [629254.3540984733, 5220815.776950842], [629254.5917214385, 5220815.715907881], [629254.8222169277, 5220815.631867736], [629255.0433651434, 5220815.5256397575], [629255.1864292814, 5220815.438716322], [629255.6884850342, 5220815.643731616], [629255.919893418, 5220815.725224417], [629256.1581751984, 5220815.783642819], [629256.4010355916, 5220815.818424222], [629256.6461357194, 5220815.829233662], [629256.8911151334, 5220815.815967038], [629257.133614548, 5220815.778752115], [629257.3712985613, 5220815.717947292], [629257.6018781464, 5220815.634138155], [629257.8231326956, 5220815.528131829], [629257.883631239, 5220815.491456851], [629258.2559646586, 5220815.64464972], [629258.4871567573, 5220815.726754106], [629258.7252832399, 5220815.785802348], [629258.9680508182, 5220815.821225779], [629259.2131215078, 5220815.832683254], [629259.4581351439, 5220815.82006443], [629259.7007321113, 5220815.783490833], [629259.9385760686, 5220815.723314686], [629260.1693764485, 5220815.64011552], [629260.390910517, 5220815.534694587], [629260.5762045594, 5220815.423035929], [629261.1184397883, 5220815.642801597], [629261.3500610422, 5220815.723687389], [629261.5884951703, 5220815.781480841], [629261.8314459219, 5220815.8156253705], [629262.0765735484, 5220815.825792147], [629262.3215173366, 5220815.811883259], [629262.5639183442, 5220815.774032656], [629262.8014421167, 5220815.71260486], [629263.0318011706, 5220815.628191455], [629263.1303916014, 5220815.580637091], [629263.2847194826, 5220815.643578983], [629263.516163221, 5220815.7249713205], [629263.7544703386, 5220815.783286277], [629263.9973458077, 5220815.817962251], [629264.2424506048, 5220815.82866529], [629264.4874242365, 5220815.81529232], [629264.7299074731, 5220815.777972129], [629264.9675650682, 5220815.717064133], [629265.1981082493, 5220815.633154907], [629265.4193167597, 5220815.527052543], [629265.6290602403, 5220815.399778866], [629265.6449087412, 5220815.3878904395], [629266.2704285057, 5220815.644107198], [629266.5017491707, 5220815.72584866], [629266.7399680277, 5220815.784523124], [629266.982790899, 5220815.819565523], [629267.2278792675, 5220815.830638381], [629267.4728727983, 5220815.8176350575], [629267.7154120699, 5220815.780680784], [629267.9531612964, 5220815.72013145], [629268.1838308228, 5220815.636570178], [629268.4051991754, 5220815.53080171], [629268.5514350276, 5220815.4423664855], [629269.0436012192, 5220815.64433014], [629269.2748693211, 5220815.726220198], [629269.5130504331, 5220815.785047695], [629269.7558507412, 5220815.820246091], [629270.0009319453, 5220815.831476404], [629270.2459337796, 5220815.818630482], [629270.4884967427, 5220815.7818320375], [629270.7262848204, 5220815.721435458], [629270.9570079836, 5220815.6380223995], [629271.1784442422, 5220815.532396171], [629271.3046582328, 5220815.456179743], [629271.7640359589, 5220815.643663565], [629271.9954601263, 5220815.725111532], [629272.2337532198, 5220815.78348377], [629272.4766203468, 5220815.818218121], [629272.7217225641, 5220815.828980076], [629272.9666994031, 5220815.815665991], [629273.2091916034, 5220815.778404088], [629273.4468638321, 5220815.717553219], [629273.6774271759, 5220815.6336994115], [629273.8986611838, 5220815.527650223], [629274.0359438963, 5220815.444391344], [629274.5061931032, 5220815.635896065], [629274.7376789915, 5220815.717168448], [629274.9760162986, 5220815.775359895], [629275.2189097058, 5220815.809909995], [629275.4640200166, 5220815.820486008], [629275.708986685, 5220815.806986084], [629275.951450548, 5220815.769540234], [629276.189076546, 5220815.70850908], [629276.4195762108, 5220815.624480388], [629276.6407297045, 5220815.518263399], [629276.7918812876, 5220815.426436447], [629277.3278506575, 5220815.641599178], [629277.5597384634, 5220815.7217176035], [629277.798362645, 5220815.778721257], [629278.0414251211, 5220815.812061163], [629278.2865850672, 5220815.821416238], [629278.5314814588, 5220815.80669639], [629278.7737558099, 5220815.768043377], [629279.0110748861, 5220815.705829451], [629279.2411531749, 5220815.620653764], [629279.4617748966, 5220815.513336605], [629279.6708153435, 5220815.384911499], [629279.8662613417, 5220815.236615247], [629280.0462306396, 5220815.069876024], [629280.2089900342, 5220814.88629962], [629280.3529720637, 5220814.6876539765], [629280.4767901025, 5220814.475852159], [629280.5792517152, 5220814.252933935], [629286.6220969553, 5220799.200234384], [629289.2556864524, 5220785.029127304], [629289.3221847602, 5220784.757128877], [629289.418682982, 5220784.494272903], [629292.6311250498, 5220777.0598178115], [629292.7381749481, 5220776.841816374], [629292.8658728361, 5220776.635230903], [629293.0130135663, 5220776.442011046], [629293.1782084996, 5220776.263980315], [629293.3598986107, 5220776.102818871], [629297.1017633535, 5220773.095433844], [629297.49160938, 5220772.124329194], [629279.7740354623, 5220758.641294958], [629279.6960816564, 5220758.653467343], [629279.4585578837, 5220758.7148951385], [629279.22819883, 5220758.799308544], [629279.0072229785, 5220758.905894611], [629278.9816798136, 5220758.921470928], [629278.6265353408, 5220758.77535028], [629278.3953432422, 5220758.693245894], [629278.1572167596, 5220758.634197652], [629277.9144491813, 5220758.598774221], [629277.6693784918, 5220758.587316746], [629277.4243648556, 5220758.59993557], [629277.1817678883, 5220758.636509168], [629276.943923931, 5220758.696685314], [629276.7131235512, 5220758.77988448], [629276.4915894828, 5220758.885305413], [629276.3634676845, 5220758.9625119325], [629275.8890149663, 5220758.768768383], [629275.6576065824, 5220758.687275583], [629275.419324802, 5220758.6288571805], [629275.1764644088, 5220758.594075778], [629274.931364281, 5220758.583266337], [629274.686384867, 5220758.596532961], [629274.4438854522, 5220758.633747885], [629274.2062014389, 5220758.6945527075], [629273.9756218538, 5220758.778361845], [629273.7543673045, 5220758.88436817], [629273.5538426284, 5220759.005928748], [629273.0336656107, 5220758.794121512], [629272.802175684, 5220758.712860634], [629272.5638354857, 5220758.654681028], [629272.320940362, 5220758.620142998], [629272.075829526, 5220758.609579164], [629271.8308635287, 5220758.62309126], [629271.5884015266, 5220758.660549158], [629271.3507785614, 5220758.721592119], [629271.1202830722, 5220758.805632264], [629270.8991348566, 5220758.9118602425], [629270.7044524289, 5220759.030146108], [629270.1054205755, 5220758.78702721], [629269.8738380533, 5220758.706030592], [629269.6354316074, 5220758.648123053], [629269.3924972223, 5220758.613862271], [629269.1473744888, 5220758.603578199], [629268.9024240728, 5220758.617369876], [629268.6600049809, 5220758.655104483], [629268.4224518413, 5220758.716418613], [629268.1920524207, 5220758.800721778], [629267.9710255915, 5220758.907202092], [629267.8299617721, 5220758.993130757], [629267.309647537, 5220758.782124411], [629267.078042999, 5220758.701190768], [629266.8396208159, 5220758.643348057], [629266.5966771236, 5220758.609153335], [629266.3515516027, 5220758.598935916], [629266.1066049461, 5220758.612794199], [629265.8641961238, 5220758.650594722], [629265.6266596654, 5220758.711973444], [629265.3962831767, 5220758.796339255], [629265.1752853094, 5220758.902879667], [629265.1719341273, 5220758.90492228], [629264.8691220612, 5220758.781255168], [629264.6377167467, 5220758.699753652], [629264.3994371665, 5220758.641326277], [629264.1565780833, 5220758.606535727], [629263.9114783627, 5220758.595717057], [629263.6664984493, 5220758.608974455], [629263.4239976333, 5220758.646180245], [629263.1863113303, 5220758.706976117], [629262.9557285891, 5220758.790776571], [629262.7344700479, 5220758.896774564], [629262.5867376721, 5220758.986324178], [629262.0582341069, 5220758.772302686], [629261.8265893573, 5220758.691484206], [629261.5881384445, 5220758.633760046], [629261.3451777807, 5220758.59968612], [629261.1000472102, 5220758.589590578], [629260.8551074743, 5220758.603570647], [629260.6127174763, 5220758.64149169], [629260.3752115648, 5220758.702988507], [629260.1448770514, 5220758.787468851], [629259.9239321832, 5220758.894119129], [629259.7145047802, 5220759.021912241], [629259.5186117429, 5220759.169617469], [629259.3381396281, 5220759.335812332], [629259.174826481, 5220759.518896282], [629259.0302450967, 5220759.71710612], [629258.9057878727, 5220759.928532977], [629258.8026534002, 5220760.151140697], [629258.0991001682, 5220761.888491413], [629258.0631267339, 5220761.656325534], [629258.0019776428, 5220761.4187298585], [629257.9178345525, 5220761.1882719295], [629257.811507807, 5220760.967171184], [629257.6840213911, 5220760.757556941], [629257.5366030686, 5220760.5614479035], [629257.3706725584, 5220760.380732707], [629257.1878278623, 5220760.217151737], [629256.9898298744, 5220760.072280369], [629256.7785854237, 5220759.947513792], [629256.5561289097, 5220759.844053578], [629253.9623956237, 5220758.789279839], [629253.7308694244, 5220758.708122365], [629253.4925032634, 5220758.650049223], [629253.2495927374, 5220758.615619687], [629253.0044772073, 5220758.605165334], [629252.7595172698, 5220758.618786846], [629252.5170720229, 5220758.656353039], [629252.2794763469, 5220758.71750213], [629252.0490184182, 5220758.80164522], [629251.8279176723, 5220758.907971966], [629251.6872323684, 5220758.993536119], [629251.2336774644, 5220758.809577702], [629251.6389712432, 5220757.723265988], [629251.7133485273, 5220757.489473481], [629251.7644519918, 5220757.2495165], [629251.7917894819, 5220757.005705963], [629251.7950977229, 5220756.760389897], [629251.7743448546, 5220756.5159308305], [629251.7297307384, 5220756.274683039], [629251.6616850327, 5220756.038969868], [629251.5708630547, 5220755.811061367], [629251.4581394698, 5220755.593152418], [629251.3245998678, 5220755.387341604], [629251.171530308, 5220755.1956109945], [629251.0004049338, 5220755.019807061], [629250.8128717764, 5220754.861622891], [629250.6107368824, 5220754.722581886], [629250.3959469214, 5220754.604023085], [629250.2319798223, 5220754.533500556], [629251.6131296289, 5220751.100725932], [629251.6934269428, 5220750.86890001], [629251.7506146894, 5220750.630319881], [629251.7841421193, 5220750.3872832], [629251.7936863452, 5220750.142130545], [629251.7791554508, 5220749.897222869], [629251.7406893765, 5220749.6549187675], [629251.6786585718, 5220749.4175517615], [629251.5936604271, 5220749.187407823], [629251.4865135212, 5220748.966703367], [629251.3582497372, 5220748.7575638965], [629251.2101043256, 5220748.562003538], [629251.0435040074, 5220748.381905647], [629250.8600532351, 5220748.219004662], [629250.6615187398, 5220748.074869411], [629250.449812517, 5220747.950887993], [629250.2269734137, 5220747.848254419], [629250.1527528873, 5220747.8183923755], [629251.6106707859, 5220744.101659276], [629251.6889460086, 5220743.869142812], [629251.7440537158, 5220743.630073664], [629251.7754631903, 5220743.3867542], [629251.7828719415, 5220743.141527719], [629251.7662086191, 5220742.896755886], [629251.7256337, 5220742.6547959875], [629251.661537943, 5220742.417978229], [629251.574538625, 5220742.188583296], [629251.4654735973, 5220741.968820387], [629251.3353932154, 5220741.760805938], [629251.1855502249, 5220741.566543243], [629251.0173876954, 5220741.387903157], [629250.8325251241, 5220741.226606082], [629250.6327428385, 5220741.084205397], [629250.4199648513, 5220740.962072499], [629250.1962403309, 5220740.861383595], [629250.0077010047, 5220740.787427556], [629250.5619402712, 5220739.365841578], [629249.7189882449, 5220738.806703039], [629213.2835374752, 5220720.0842242325], [629193.0232568918, 5220709.666105799], [629188.3294527503, 5220707.448562771], [629188.2749654315, 5220707.457185792], [629188.0375685695, 5220707.51910224], [629187.8073837116, 5220707.603989505], [629187.5866276635, 5220707.711030076], [629187.4627598695, 5220707.786915241], [629186.9649763711, 5220707.583958705], [629186.7335239282, 5220707.502591124], [629186.4952105745, 5220707.444301656], [629186.2523313978, 5220707.409651661], [629186.0072254573, 5220707.398974839], [629185.7622532573, 5220707.41237401], [629185.519774014, 5220707.449720137], [629185.2821229349, 5220707.510653553], [629185.05158873, 5220707.594587437], [629184.8303915695, 5220707.70071346], [629184.7225786734, 5220707.766150789], [629184.2478491538, 5220707.569595054], [629184.016839834, 5220707.486977799], [629183.7788449802, 5220707.427401242], [629183.5361566128, 5220707.391439137], [629183.2911119537, 5220707.379437819], [629183.0460709167, 5220707.391512868], [629182.803393381, 5220707.427547994], [629182.5654164639, 5220707.487196159], [629182.3344320133, 5220707.569882918], [629182.1126645358, 5220707.674811954], [629181.9846644044, 5220707.7515584575], [629181.5326685602, 5220707.564913956], [629181.3015815067, 5220707.48251438], [629181.0635306296, 5220707.423162071], [629180.820808489, 5220707.387428626], [629180.5757526318, 5220707.375658178], [629180.3307230799, 5220707.387964082], [629180.0880796016, 5220707.424227825], [629179.8501589866, 5220707.4841001695], [629179.6192525403, 5220707.56700451], [629179.397584018, 5220707.672142433], [629179.2168406361, 5220707.780744442], [629178.7108956443, 5220707.573231127], [629178.4796130602, 5220707.49138198], [629178.2414215456, 5220707.4325966155], [629177.998615015, 5220707.39744117], [629177.7535318279, 5220707.38625421], [629177.5085322695, 5220707.399143471], [629177.2659758196, 5220707.435984824], [629177.0281984292, 5220707.496423464], [629176.7974900246, 5220707.579877336], [629176.5760724539, 5220707.6855427325], [629176.4303465257, 5220707.7735769525], [629175.929376554, 5220707.568416656], [629175.6980502869, 5220707.486691049], [629175.4598274085, 5220707.428032913], [629175.2170021358, 5220707.393007158], [629174.9719130088, 5220707.381951099], [629174.7269203697, 5220707.394971214], [629174.4843836315, 5220707.431942112], [629174.2466385557, 5220707.492507742], [629174.0159747571, 5220707.576084824], [629173.7946136546, 5220707.681868467], [629173.5950175821, 5220707.802591637], [629173.05270999, 5220707.5814297525], [629172.8212642327, 5220707.500043157], [629172.5829556688, 5220707.441734109], [629172.3400793397, 5220707.40706416], [629172.0949742772, 5220707.396367201], [629171.8500009772, 5220707.409746246], [629171.6075186664, 5220707.447072451], [629171.3698625821, 5220707.507986343], [629171.139321482, 5220707.5919012865], [629170.9181156034, 5220707.698009136], [629170.7083752794, 5220707.825288015], [629170.5121204243, 5220707.972512159], [629170.3312410795, 5220708.138263717], [629170.1674792118, 5220708.320946413], [629170.0224119378, 5220708.5188009115], [629169.9953330908, 5220708.5645451145], [629167.5904484953, 5220707.581091818], [629167.3590812205, 5220707.499482378], [629167.1208289182, 5220707.440943869], [629166.8779860886, 5220707.406040047], [629166.6328914409, 5220707.395107058], [629166.3879053706, 5220707.408250189], [629166.1453872272, 5220707.445342868], [629165.9076725931, 5220707.506027869], [629165.6770507905, 5220707.589720764], [629165.4557428331, 5220707.695615545], [629165.3378444172, 5220707.767005799], [629164.8823606188, 5220707.581784211], [629164.6508334201, 5220707.500629588], [629164.4124665441, 5220707.44255938], [629164.1695555941, 5220707.408132835], [629163.9244399352, 5220707.397681501], [629163.6794801652, 5220707.411306028], [629163.4370353809, 5220707.4488752065], [629163.1994404577, 5220707.510027222], [629162.9689835649, 5220707.59417315], [629162.7478841281, 5220707.700502618], [629162.5876158556, 5220707.797979745], [629162.0505725534, 5220707.578884858], [629161.819137175, 5220707.497468753], [629161.5808360473, 5220707.439129321], [629161.3379641407, 5220707.404428406], [629161.092860444, 5220707.393700195], [629160.8478854401, 5220707.407048006], [629160.605398372, 5220707.444343293], [629160.3677345229, 5220707.505226882], [629160.1371827255, 5220707.589112431], [629159.9159633196, 5220707.695192075], [629159.7261759512, 5220707.810329591], [629159.1859048717, 5220707.587625175], [629158.9547667807, 5220707.505368872], [629158.7421872693, 5220707.452507195], [629150.0729328715, 5220726.075821255], [629132.5602220045, 5220773.905256327], [629120.0399008258, 5220810.224026171], [629120.0433481361, 5220810.3500075145], [629120.0329322325, 5220810.496841567], [629120.0081742305, 5220810.641947635], [629119.969312563, 5220810.783928271], [629119.9167214893, 5220810.921416122], [629119.8543220618, 5220811.0632627215], [629129.9227915903, 5220817.858484389], [629155.5538786848, 5220826.757095973], [629181.5782744436, 5220835.202323503], [629181.7372158346, 5220835.264092037], [629181.8881196189, 5220835.343500888], [629182.0290356022, 5220835.439523819], [629204.4522431056, 5220852.663976519], [629232.0465943066, 5220858.119017404], [629232.2244519494, 5220858.165665419], [629232.3952658485, 5220858.233724146], [629248.0, 5220865.589444108], [629248.0, 5220868.906034286], [629231.2833869967, 5220861.026199693], [629203.5260130609, 5220855.538931355], [629203.392097975, 5220855.505996089], [629203.2617736163, 5220855.460901262], [629203.1361415433, 5220855.404028033], [629203.016263653, 5220855.33585712], [629202.9031532056, 5220855.256964734], [629180.406461854, 5220837.9760652], [629154.6133479329, 5220829.605891391], [629154.5843825255, 5220829.596164592], [629128.7539488513, 5220820.628343779], [629128.6333584145, 5220820.580539614], [629128.5173491526, 5220820.522495297], [629128.406788675, 5220820.45464493], [629118.6320418131, 5220813.857657027], [629107.7309603392, 5220838.879152362], [629107.7133339437, 5220838.918086254], [629100.3437057134, 5220854.597968187], [629100.4625505268, 5220854.707339912], [629100.6584914572, 5220854.8549816], [629100.8679602947, 5220854.982706785], [629101.0889397396, 5220855.089285402]]]]}}, {"type": "Feature", "properties": {"vineyard_id": "V03", "area_m2": 536.4}, "geometry": {"type": "MultiPolygon", "coordinates": [[[[629046.6528139326, 5220748.466392914], [629046.7355913607, 5220748.23544094], [629046.7953329408, 5220747.997487457], [629046.8314633289, 5220747.754824086], [629046.8436345697, 5220747.509787808], [629046.8317294474, 5220747.264738456], [629046.7958626146, 5220747.022035991], [629046.7363794891, 5220746.784017768], [629046.6538529253, 5220746.552976034], [629046.5490776995, 5220746.331135847], [629046.4230628542, 5220746.120633649], [629046.2770219814, 5220745.923496691], [629046.1123615345, 5220745.74162351], [629045.9306672836, 5220745.576765644], [629045.7336890436, 5220745.430510766], [629045.2523518823, 5220745.108513361], [629046.4394559466, 5220743.315354506], [629046.564685168, 5220743.104383989], [629046.6686326497, 5220742.882154744], [629046.7502973209, 5220742.650806958], [629046.8088927058, 5220742.412568637], [629046.8438544992, 5220742.169734147], [629046.8548459996, 5220741.924642117], [629046.841761353, 5220741.679652915], [629046.8047265717, 5220741.437125924], [629046.7440983208, 5220741.19939681], [629046.6604604835, 5220740.968755034], [629046.554618538, 5220740.747421803], [629046.4275918001, 5220740.537528677], [629046.2806036066, 5220740.341097041], [629046.1150695343, 5220740.16001864], [629045.9325837666, 5220739.996037357], [629045.7349037413, 5220739.8507324215], [629043.4001661387, 5220738.305093288], [629043.1891956226, 5220738.179864067], [629042.9669663769, 5220738.075916585], [629042.7356185908, 5220737.994251913], [629042.4973802702, 5220737.935656529], [629042.2545457799, 5220737.900694735], [629042.0094537492, 5220737.889703235], [629041.7644645481, 5220737.902787881], [629041.5219375566, 5220737.939822663], [629041.2842084423, 5220738.000450914], [629041.0535666663, 5220738.084088751], [629040.8322334352, 5220738.189930696], [629040.622340309, 5220738.316957435], [629040.4259086732, 5220738.463945628], [629040.2448302717, 5220738.629479701], [629040.0808489887, 5220738.811965468], [629039.9355440534, 5220739.009645494], [629034.5995951995, 5220747.069767793], [629043.3049144933, 5220753.557387291], [629046.4215544708, 5220748.898484404], [629046.5477978485, 5220748.688119183], [629046.6528139326, 5220748.466392914]]], [[[629026.0947026791, 5220760.111693041], [629026.0361072941, 5220760.349931362], [629026.0011455008, 5220760.592765852], [629025.9901540003, 5220760.8378578825], [629026.003238647, 5220761.082847084], [629026.0402734283, 5220761.325374075], [629026.1009016791, 5220761.56310319], [629026.1845395165, 5220761.793744965], [629026.290381462, 5220762.015078196], [629026.4174081999, 5220762.224971322], [629026.5643963934, 5220762.421402958], [629026.7299304657, 5220762.60248136], [629026.9124162333, 5220762.766462643], [629027.1100962587, 5220762.911767578], [629029.4448338613, 5220764.457406711], [629029.6558043774, 5220764.582635933], [629029.8780336231, 5220764.686583415], [629030.1093814091, 5220764.768248086], [629030.3476197298, 5220764.82684347], [629030.5904542201, 5220764.861805264], [629030.8355462508, 5220764.872796765], [629031.0805354519, 5220764.859712118], [629031.3230624434, 5220764.822677337], [629031.5607915577, 5220764.762049085], [629031.7914333337, 5220764.678411248], [629032.0127665647, 5220764.572569303], [629032.222659691, 5220764.445542565], [629032.4190913268, 5220764.298554371], [629032.5674562071, 5220764.16292559], [629033.0060808329, 5220764.456349831], [629033.2164460537, 5220764.582593209], [629033.4381723234, 5220764.687609293], [629033.6691242967, 5220764.770386721], [629033.90707778, 5220764.830128301], [629034.149741151, 5220764.866258689], [629034.3947774289, 5220764.87842993], [629034.6398267804, 5220764.866524807], [629034.8825292462, 5220764.830657975], [629035.1205474689, 5220764.771174849], [629035.351589203, 5220764.688648285], [629035.5734293901, 5220764.58387306], [629035.7839315882, 5220764.457858215], [629035.9810685458, 5220764.3118173415], [629036.1629417264, 5220764.147156895], [629036.3277995918, 5220763.965462645], [629036.4740544708, 5220763.768484404], [629037.1832949999, 5220762.708277652], [629037.2902524127, 5220762.801914344], [629037.489797596, 5220762.944647089], [629039.8443558231, 5220764.459921174], [629040.0569303973, 5220764.5824077735], [629040.2804871529, 5220764.683468614], [629040.5128731163, 5220764.762130425], [629040.7518502836, 5220764.817635652], [629040.995117174, 5220764.849449746], [629041.2403309945, 5220764.857266322], [629041.4851302017, 5220764.841010101], [629041.7271572456, 5220764.800837641], [629041.9640812735, 5220764.737135823], [629042.1936205775, 5220764.650518131], [629042.4135645684, 5220764.541818741], [629042.6217950655, 5220764.412084487], [629042.8163066952, 5220764.262564781], [629042.9952262044, 5220764.094699579], [629043.1568305002, 5220763.910105516], [629043.2995632448, 5220763.710560333], [629046.0900520157, 5220759.374468035], [629032.9409833237, 5220749.575154357], [629026.4055440534, 5220759.447145494], [629026.280314832, 5220759.65811601], [629026.1763673503, 5220759.880345255], [629026.0947026791, 5220760.111693041]]], [[[629001.1538042804, 5220760.014854588], [629001.0957545371, 5220760.253226448], [629001.0613488473, 5220760.496140352], [629001.0509185565, 5220760.7412569085], [629001.0645641143, 5220760.986215508], [629001.1021541064, 5220761.228657066], [629001.1633265206, 5220761.466246738], [629001.2474922332, 5220761.696696405], [629001.3538406822, 5220761.917786713], [629001.4813476742, 5220762.127388439], [629001.6287852469, 5220762.323483005], [629001.7947334959, 5220762.504181912], [629001.977594249, 5220762.667744933], [629002.1756064572, 5220762.812596864], [629004.5138769496, 5220764.352886156], [629004.7251336467, 5220764.477631995], [629004.9476003157, 5220764.581070373], [629005.1791344807, 5220764.662205119], [629005.4175063412, 5220764.720254862], [629005.660420246, 5220764.754660551], [629005.9055368012, 5220764.765090843], [629006.1504954004, 5220764.751445285], [629006.3929369585, 5220764.713855293], [629006.6305266307, 5220764.652682878], [629006.8609762986, 5220764.568517166], [629007.0820666059, 5220764.462168717], [629007.2916683321, 5220764.334661725], [629007.4877628979, 5220764.1872241525], [629007.6684618056, 5220764.021275903], [629007.8320248257, 5220763.8384151505], [629007.9768767571, 5220763.640402942], [629010.2593767571, 5220760.175402942], [629010.3841225967, 5220759.964146245], [629010.4875609735, 5220759.741679576], [629010.5686957195, 5220759.510145411], [629010.6267454628, 5220759.271773551], [629010.6611511526, 5220759.028859646], [629010.6715814434, 5220758.78374309], [629010.6579358856, 5220758.538784491], [629010.6203458935, 5220758.296342933], [629010.5591734793, 5220758.05875326], [629010.4750077667, 5220757.828303593], [629010.3686593177, 5220757.607213286], [629010.2411523258, 5220757.397611559], [629010.093714753, 5220757.201516993], [629009.927766504, 5220757.020818086], [629009.744905751, 5220756.857255066], [629009.5468935427, 5220756.712403134], [629007.2086230504, 5220755.172113842], [629006.9973663532, 5220755.047368003], [629006.7748996842, 5220754.943929626], [629006.5433655193, 5220754.86279488], [629006.3049936587, 5220754.804745137], [629006.062079754, 5220754.770339447], [629005.8169631987, 5220754.759909156], [629005.5720045995, 5220754.773554713], [629005.3295630415, 5220754.811144706], [629005.0919733692, 5220754.87231712], [629004.8615237013, 5220754.956482832], [629004.640433394, 5220755.062831282], [629004.4308316679, 5220755.1903382735], [629004.2347371021, 5220755.337775846], [629004.0540381944, 5220755.503724095], [629003.8904751742, 5220755.686584848], [629003.7456232428, 5220755.884597057], [629001.4631232428, 5220759.349597056], [629001.3383774032, 5220759.560853753], [629001.2349390264, 5220759.783320422], [629001.1538042804, 5220760.014854588]]], [[[629056.025449365, 5220762.194945179], [629055.9912595329, 5220761.952000799], [629055.9334216207, 5220761.713577451], [629055.8524926393, 5220761.481971284], [629055.7492519788, 5220761.259412792], [629055.6246939034, 5220761.0480453335], [629055.4800179752, 5220760.849904493], [629055.3166175027, 5220760.666898477], [629055.1360661217, 5220760.500789731], [629054.9401026408, 5220760.353177974], [629052.6236402134, 5220758.780281976], [629052.4141518679, 5220758.65258879], [629052.193156145, 5220758.546043931], [629051.9627813547, 5220758.461673482], [629051.7252461318, 5220758.400289979], [629051.4828380704, 5220758.362484577], [629051.2378916928, 5220758.348621364], [629050.9927659665, 5220758.358833849], [629050.7498215861, 5220758.393023682], [629050.5113982388, 5220758.450861594], [629050.2797920719, 5220758.531790575], [629050.0948585466, 5220758.617577727], [629055.9668713027, 5220762.993681942], [629055.9839932352, 5220762.9274253445], [629056.0217986369, 5220762.685017283], [629056.0356618502, 5220762.440070906], [629056.025449365, 5220762.194945179]]], [[[629039.6623902682, 5220773.610039432], [629039.6010067649, 5220773.847574655], [629039.5632013632, 5220774.089982716], [629039.5493381498, 5220774.334929094], [629039.559550635, 5220774.5800548205], [629039.5937404672, 5220774.822999201], [629039.6515783793, 5220775.061422548], [629039.7325073607, 5220775.293028715], [629039.8357480213, 5220775.515587208], [629039.9603060967, 5220775.726954666], [629040.1049820249, 5220775.925095506], [629040.2683824974, 5220776.108101523], [629040.4489338783, 5220776.274210269], [629040.6448973593, 5220776.421822025], [629042.9613597867, 5220777.994718024], [629043.1708481322, 5220778.122411209], [629043.391843855, 5220778.228956069], [629043.6222186454, 5220778.313326517], [629043.8597538683, 5220778.374710021], [629044.1021619296, 5220778.412515422], [629044.3471083072, 5220778.426378636], [629044.5922340336, 5220778.41616615], [629044.835178414, 5220778.381976318], [629045.0736017613, 5220778.324138406], [629045.3052079281, 5220778.243209424], [629045.5277664206, 5220778.139968764], [629045.739133879, 5220778.015410689], [629045.9372747189, 5220777.870734761], [629046.1202807357, 5220777.707334288], [629046.2863894814, 5220777.526782907], [629046.4340012382, 5220777.330819426], [629054.4142286187, 5220765.578041807], [629046.1654428977, 5220759.430652919], [629046.120451893, 5220759.492468211], [629039.937951893, 5220768.92746821], [629039.8137165726, 5220769.139025535], [629039.710815723, 5220769.361741345], [629039.630240336, 5220769.593470764], [629039.5727663963, 5220769.831982112], [629039.5389474097, 5220770.074978393], [629039.5291090714, 5220770.320119421], [629039.5433461298, 5220770.565044354], [629039.5815214745, 5220770.807394431], [629039.643267456, 5220771.044835688], [629039.7279894267, 5220771.275081435], [629039.8348714677, 5220771.495914281], [629039.9628842465, 5220771.705207485], [629040.11079493, 5220771.900945438], [629040.2771790577, 5220772.081243077], [629040.4598984909, 5220772.243887134], [629039.9809987618, 5220772.949180573], [629039.853305576, 5220773.158668919], [629039.7467607164, 5220773.379664642], [629039.6623902682, 5220773.610039432]]]]}}, {"type": "Feature", "properties": {"vineyard_id": "V04", "area_m2": 15239.3}, "geometry": {"type": "MultiPolygon", "coordinates": [[[[629148.3108231219, 5220682.787753638], [629148.112309873, 5220682.643589126], [629147.4561563503, 5220682.214615803], [629148.8734797218, 5220680.014743053], [629148.9960753934, 5220679.802231364], [629149.0972509454, 5220679.5787265], [629149.1760320017, 5220679.346380935], [629149.2316598579, 5220679.1074322825], [629149.2635987872, 5220678.86418175], [629149.2715412002, 5220678.618971974], [629149.2554106073, 5220678.3741644565], [629149.2153623548, 5220678.132116828], [629149.1517821292, 5220677.895160141], [629149.065282243, 5220677.665576418], [629148.9566957372, 5220677.445576673], [629148.8270683594, 5220677.237279627], [629148.6776484919, 5220677.042691292], [629148.5098751299, 5220676.863685663], [629148.3253640225, 5220676.701986658], [629148.1258921128, 5220676.55915153], [629147.9100587489, 5220676.420095455], [629148.8492066379, 5220674.968860754], [629148.9722312994, 5220674.756597122], [629149.0738580894, 5220674.533297073], [629149.1531082862, 5220674.301111107], [629149.2092186674, 5220674.062275302], [629149.241648859, 5220673.819089777], [629149.2500865408, 5220673.573896543], [629149.2344504531, 5220673.329056944], [629149.1948911801, 5220673.086928919], [629149.1317896993, 5220672.849844293], [629149.0457537123, 5220672.620086322], [629148.9376117928, 5220672.399867699], [629148.8084054065, 5220672.19130925], [629148.6593788816, 5220671.996419509], [629148.491967425, 5220671.817075368], [629148.3077833004, 5220671.655004011], [629148.1086003017, 5220671.511766273], [629147.8379361302, 5220671.3366094325], [629148.8444844555, 5220669.784790679], [629148.9677314835, 5220669.572656083], [629149.069592217, 5220669.349462653], [629149.1490856814, 5220669.117359861], [629149.2054463112, 5220668.878582986], [629149.2381313227, 5220668.635431579], [629149.2468259414, 5220668.390247322], [629149.2314464332, 5220668.145391472], [629149.1921409115, 5220667.903222124], [629149.1292879096, 5220667.666071504], [629149.0434927365, 5220667.4362235], [629148.9355816466, 5220667.215891675], [629148.8065938826, 5220667.0071979435], [629148.6577716672, 5220666.812152142], [629148.4905482398, 5220666.632632667], [629148.3065340533, 5220666.470368389], [629148.1075012648, 5220666.326922003], [629147.5458309582, 5220665.962608642], [629148.866598972, 5220663.911281587], [629148.9891323216, 5220663.6987339575], [629149.0902423289, 5220663.475199434], [629149.1689552494, 5220663.242830777], [629149.2245130342, 5220663.003865823], [629149.2563806317, 5220662.760605936], [629149.2642511395, 5220662.51539384], [629149.2480487603, 5220662.270591063], [629149.2079295319, 5220662.02855519], [629149.1442798243, 5220661.791617158], [629149.0577126191, 5220661.562058808], [629148.9490616057, 5220661.342090916], [629148.8193731529, 5220661.13383189], [629148.6698962313, 5220660.939287379], [629148.5020703853, 5220660.760330955], [629148.3175118696, 5220660.598686064], [629148.1179980835, 5220660.455909435], [629147.305294273, 5220659.932641731], [629147.2911470018, 5220659.705154914], [629147.2519913008, 5220659.462961298], [629147.1892850195, 5220659.225771841], [629147.1036320538, 5220658.995870804], [629146.9958572885, 5220658.775472265], [629146.8669986535, 5220658.5666987775], [629146.7182971279, 5220658.371560947], [629146.5511847886, 5220658.191938058], [629146.3672710188, 5220658.029559974], [629146.1683270087, 5220657.885990487], [629143.8201530176, 5220656.360841673], [629143.608094707, 5220656.237463435], [629143.384964333, 5220656.135464647], [629143.1529107633, 5220656.055827612], [629142.9141688005, 5220655.999319279], [629142.6710376601, 5220655.966483853], [629142.4258588281, 5220655.957637557], [629142.1809935106, 5220655.972865587], [629141.9387998946, 5220656.012021288], [629141.7016104368, 5220656.07472757], [629141.4717094015, 5220656.160380535], [629141.2513108612, 5220656.2681553], [629141.0425373744, 5220656.397013935], [629140.8473995441, 5220656.5457154615], [629140.6677766539, 5220656.7128278], [629140.5053985707, 5220656.89674157], [629140.3618290839, 5220657.09568558], [629139.7055826464, 5220658.106066207], [629139.6436586087, 5220658.051030995], [629139.445186291, 5220657.906810138], [629137.1020243795, 5220656.373972163], [629136.8903716439, 5220656.249899457], [629136.6675768225, 5220656.147169792], [629136.435785551, 5220656.066772509], [629136.197230106, 5220656.009481879], [629135.954207907, 5220655.9758496415], [629135.7090593905, 5220655.966199693], [629135.4641454709, 5220655.980624969], [629135.2218248029, 5220656.018986545], [629134.9844310671, 5220656.080914978], [629134.754250495, 5220656.165813864], [629134.5334998514, 5220656.27286558], [629134.3243050855, 5220656.40103916], [629134.1610830599, 5220656.52457614], [629133.9139462989, 5220656.363593161], [629133.7020518694, 5220656.23993368], [629133.4790570207, 5220656.137638939], [629133.2471093152, 5220656.057694091], [629133.0084425361, 5220656.0008690525], [629132.7653551749, 5220655.967711076], [629132.5201882957, 5220655.958539492], [629132.2753029898, 5220655.973442629], [629132.0330576362, 5220656.012276961], [629131.7957851904, 5220656.07466849], [629131.5657707156, 5220656.160016355], [629131.3452293769, 5220656.267498607], [629131.1362851082, 5220656.396080134], [629130.9409501567, 5220656.544522625], [629130.7611057049, 5220656.7113965], [629130.666884872, 5220656.817828591], [629129.9906401404, 5220656.374223677], [629129.779144521, 5220656.24988334], [629129.5564798266, 5220656.14687193], [629129.3247904397, 5220656.066181506], [629129.0863076559, 5220656.008589159], [629128.8433281947, 5220655.974649535], [629128.5981920812, 5220655.964689491], [629128.3532601101, 5220655.97880495], [629128.1108911103, 5220656.016859969], [629127.8734192277, 5220656.07848806], [629127.6431314462, 5220656.163095709], [629127.4222455631, 5220656.269868099], [629127.2128888305, 5220656.397776954], [629127.0170774676, 5220656.545590441], [629126.8366972455, 5220656.711885034], [629126.7650767018, 5220656.792265409], [629126.0899195764, 5220656.355502999], [629125.8776358011, 5220656.2325131], [629125.6543191121, 5220656.130922879], [629125.422120171, 5220656.051710706], [629125.1832751806, 5220655.995639437], [629124.9400843488, 5220655.96324907], [629124.6948897361, 5220655.954851541], [629124.4500527007, 5220655.970527723], [629124.2079311571, 5220656.010126647], [629123.9708568681, 5220656.073266951], [629123.7411129887, 5220656.159340562], [629123.5209120781, 5220656.267518544], [629123.3123747915, 5220656.396759082], [629123.1175094568, 5220656.54581752], [629123.0082353574, 5220656.647854546], [629122.5810516949, 5220656.370737025], [629122.3689243187, 5220656.2474775715], [629122.1457368544, 5220656.145603765], [629121.9136387197, 5220656.066096705], [629121.6748651463, 5220656.00972209], [629121.4317156543, 5220655.977022837], [629121.1865319064, 5220655.968313857], [629120.9416751558, 5220655.983679024], [629120.6995035071, 5220656.022970361], [629120.4623492056, 5220656.085809472], [629120.2324961768, 5220656.171591182], [629120.0121580312, 5220656.279489366], [629119.8034567455, 5220656.408464907], [629119.608402227, 5220656.557275697], [629119.4997675067, 5220656.6584576825], [629119.0496694638, 5220656.363982167], [629118.8380230259, 5220656.23989872], [629118.6152334189, 5220656.137157747], [629118.3834462282, 5220656.056748699], [629118.1448936914, 5220655.999445961], [629117.9018731999, 5220655.965801389], [629117.6567251735, 5220655.956138998], [629117.4118105221, 5220655.970551843], [629117.1694879074, 5220656.00890112], [629116.9320910289, 5220656.070817504], [629116.7019061481, 5220656.155704707], [629116.4811500713, 5220656.262745219], [629116.2719488002, 5220656.390908181], [629116.0763170575, 5220656.538959313], [629115.8961388837, 5220656.705472803], [629115.8948275748, 5220656.706948099], [629115.37434147, 5220656.3684529895], [629115.1623560576, 5220656.244949542], [629114.9392859582, 5220656.142819001], [629114.7072794588, 5220656.06304494], [629114.4685709088, 5220656.006395627], [629114.2254592018, 5220655.973416625], [629113.9802856368, 5220655.96442554], [629113.7354113691, 5220655.979508961], [629113.4931946717, 5220656.0185216265], [629113.2559682239, 5220656.081087824], [629113.026016646, 5220656.166605006], [629112.8055544974, 5220656.274249596], [629112.5967049492, 5220656.402984916], [629112.4014793365, 5220656.551571176], [629112.2890696998, 5220656.656027823], [629111.861504505, 5220656.376436379], [629111.6498292085, 5220656.252402168], [629111.4270157077, 5220656.149713024], [629111.1952098184, 5220656.069357897], [629110.9566439582, 5220656.012110653], [629110.7136156467, 5220655.978522614], [629110.4684653794, 5220655.96891725], [629110.2235540873, 5220655.983387067], [629109.9812404001, 5220656.021792713], [629109.7438579311, 5220656.083764318], [629109.5136928031, 5220656.168705065], [629109.2929616323, 5220656.275796927], [629109.0837901804, 5220656.40400855], [629108.8881928828, 5220656.5521051865], [629108.7080534486, 5220656.718660585], [629108.6905541824, 5220656.7383574685], [629108.1003447708, 5220656.355691113], [629107.8881869264, 5220656.23248411], [629107.6649742819, 5220656.130665487], [629107.4328564971, 5220656.0512158135], [629107.1940689931, 5220655.994900234], [629106.9509114241, 5220655.9622610975], [629106.7057255305, 5220655.953612736], [629106.4608725865, 5220655.96903844], [629106.2187106595, 5220656.00838965], [629105.9815719016, 5220656.071287393], [629105.7517400883, 5220656.157125928], [629105.531428626, 5220656.265078586], [629105.3227592343, 5220656.39410572], [629105.1277415135, 5220656.542964731], [629105.002094343, 5220656.660050078], [629104.5382452758, 5220656.354586622], [629104.3269720909, 5220656.229868708], [629104.1044917507, 5220656.126459739], [629103.8729468628, 5220656.045355599], [629103.6345673309, 5220655.987337367], [629103.3916488804, 5220655.952963787], [629103.1465309486, 5220655.9425658975], [629102.9015741552, 5220655.956243835], [629102.6591375681, 5220655.993865874], [629102.4215559842, 5220656.055069694], [629102.1911174438, 5220656.139265868], [629101.9700411962, 5220656.245643541], [629101.7604563265, 5220656.373178238], [629101.5643812516, 5220656.520641731], [629101.3837042815, 5220656.686613864], [629101.2201654344, 5220656.869496237], [629101.1740424801, 5220656.932563687], [629100.2723354965, 5220656.368104469], [629100.0582445245, 5220656.248288059], [629099.833440397, 5220656.1500331815], [629099.6000881008, 5220656.074286086], [629099.360434946, 5220656.021776259], [629099.1167889235, 5220655.993009397], [629098.8714964777, 5220655.9882625425], [629098.6269199089, 5220656.007581409], [629098.3854146233, 5220656.050779946], [629098.1493064486, 5220656.117442127], [629097.9208692359, 5220656.206925961], [629097.7023029601, 5220656.318369667], [629097.4957125341, 5220656.450699983], [629097.3030875366, 5220656.602642495], [629097.1641058703, 5220656.7363471845], [629105.3332010765, 5220659.544168752], [629105.4557291889, 5220659.592394714], [629105.5735557639, 5220659.651180597], [629135.3599638608, 5220676.183214747], [629148.9152822864, 5220683.499838816], [629148.8089402398, 5220683.326386296], [629148.6608236536, 5220683.130804105], [629148.4942498822, 5220682.95068166], [629148.3108231219, 5220682.787753638]]], [[[629149.1572852843, 5220734.2492780825], [629149.2139409106, 5220734.010571031], [629149.246926342, 5220733.767460196], [629149.2537860043, 5220733.580542345], [629157.8157225376, 5220711.862884989], [629157.8943964881, 5220711.630503135], [629157.9499141974, 5220711.391528867], [629157.9817409995, 5220711.148263639], [629157.9895703848, 5220710.903050227], [629157.9733269521, 5220710.658250171], [629157.9331671344, 5220710.416221029], [629157.8694776929, 5220710.1792936735], [629157.7828719916, 5220709.949749845], [629157.6782575812, 5220709.738043622], [629150.0729328715, 5220726.075821255], [629144.2391333187, 5220742.008667921], [629148.8518595941, 5220734.916332017], [629148.9753686477, 5220734.704349871], [629149.0775050877, 5220734.481282473], [629149.1572852843, 5220734.2492780825]]], [[[629023.5585693207, 5220738.8414682485], [629038.4054392427, 5220749.906064451], [629040.0004097375, 5220747.493297267], [629040.1120529185, 5220747.640580491], [629040.2787074329, 5220747.820628233], [629040.462207225, 5220747.983473998], [629040.6607850916, 5220748.12754949], [629041.2382464276, 5220748.504706778], [629039.9289813321, 5220750.521221086], [629039.8056378148, 5220750.733299593], [629039.731923999, 5220750.894624213], [629072.45711172, 5220775.282996286], [629072.5675793014, 5220775.182335473], [629072.691598697, 5220775.351456789], [629072.8553741517, 5220775.534127304], [629073.0362658243, 5220775.699865409], [629073.2325316294, 5220775.847074955], [629075.1368884357, 5220777.1344496235], [629076.0962961498, 5220777.689735778], [629076.2137259289, 5220777.732469299], [629076.4513865433, 5220777.793365514], [629076.6938716298, 5220777.8306736825], [629076.9388459242, 5220777.844034508], [629077.1839501903, 5220777.833319318], [629077.4268239401, 5220777.798631304], [629077.6651281666, 5220777.740304532], [629077.8965678697, 5220777.658900722], [629078.1189141587, 5220777.555203835], [629078.330025717, 5220777.430212529], [629078.5278694252, 5220777.285130539], [629078.7105399402, 5220777.121355085], [629078.8762780449, 5220776.940463412], [629079.023487591, 5220776.744197607], [629087.4415365012, 5220764.291747574], [629087.7001127398, 5220764.459338508], [629087.9122902956, 5220764.582511563], [629088.1355192288, 5220764.684294469], [629088.3676497231, 5220764.763707], [629088.6064462349, 5220764.819984372], [629088.8496090232, 5220764.852584601], [629089.0947962976, 5220764.8611937305], [629089.3396467704, 5220764.845728849], [629089.5818023977, 5220764.806338892], [629089.8189310887, 5220764.743403206], [629090.0487491641, 5220764.657527897], [629090.2690433506, 5220764.54953999], [629090.4776920944, 5220764.420479468], [629090.6726859943, 5220764.271589255], [629090.7433344545, 5220764.2057337845], [629091.1590027709, 5220764.462647102], [629091.3737741791, 5220764.5812395075], [629091.599135493, 5220764.67820958], [629091.6858244236, 5220764.70580319], [629090.794282497, 5220766.86879635], [629090.7120319095, 5220767.099936476], [629090.6528330753, 5220767.338025565], [629090.6172561113, 5220767.580770692], [629090.6056436432, 5220767.825834085], [629090.6181075055, 5220768.070855654], [629090.6545276642, 5220768.313475704], [629090.7145533734, 5220768.551357672], [629090.7976065527, 5220768.782210625], [629090.9028873546, 5220769.003811323], [629091.0293818673, 5220769.21402563], [629091.1758718796, 5220769.410829067], [629091.3409466126, 5220769.59232631], [629091.5230163063, 5220769.756769441], [629091.7203275302, 5220769.902574782], [629091.9044149913, 5220770.012478318], [629090.7941859802, 5220772.706530534], [629090.7119504049, 5220772.937676], [629090.6527670339, 5220773.175768934], [629090.6172058355, 5220773.4185163705], [629090.6056092835, 5220773.663580518], [629090.6180890591, 5220773.908601277], [629090.6545249752, 5220774.151218961], [629090.7145661339, 5220774.38909703], [629090.7976343062, 5220774.619944589], [629090.9029295002, 5220774.841538449], [629091.0294376655, 5220775.05174454], [629091.1759404592, 5220775.248538462], [629091.3410269796, 5220775.430024984], [629091.523107353, 5220775.59445629], [629091.7204280461, 5220775.740248816], [629091.8034478271, 5220775.78980581], [629090.795758541, 5220778.227720317], [629090.7132787098, 5220778.458778739], [629090.6538437273, 5220778.696808988], [629090.618025985, 5220778.939518703], [629090.6061704269, 5220779.184570458], [629090.6183912288, 5220779.429604269], [629090.6545706978, 5220779.672260327], [629090.7143604056, 5220779.910201722], [629090.7971845447, 5220780.141136948], [629090.9022454735, 5220780.362841972], [629091.0285313976, 5220780.573181655], [629091.1748261147, 5220780.770130309], [629091.3397207266, 5220780.951791212], [629091.521627208, 5220781.116414869], [629091.7187937002, 5220781.262415866], [629091.929321382, 5220781.388388132], [629092.1511827569, 5220781.493118485], [629092.7164898079, 5220781.726782897], [629090.8761106132, 5220786.243999212], [629098.9970520835, 5220790.9442390455], [629099.1030464348, 5220791.011664337], [629099.2030272804, 5220791.087722228], [629099.2962933783, 5220791.171879268], [629115.4887992723, 5220807.062491175], [629120.1922339868, 5220800.577194666], [629122.9582809682, 5220792.553484869], [629122.9360672763, 5220792.535647669], [629120.6694229356, 5220790.89177315], [629120.4639892733, 5220790.757654073], [629120.246398862, 5220790.644316834], [629120.018747216, 5220790.552852936], [629119.7832267452, 5220790.4841432255], [629119.6319571077, 5220790.455727718], [629127.6539331728, 5220778.932403649], [629129.7286688916, 5220772.914039744], [629129.7382192871, 5220772.887167918], [629147.2776837307, 5220724.984665434], [629147.3263544055, 5220724.867373692], [629155.1247920577, 5220708.114750351], [629153.8019745951, 5220707.593244786], [629153.569592741, 5220707.514570836], [629153.3306184735, 5220707.459053127], [629153.0873532452, 5220707.427226325], [629152.8421398335, 5220707.41939694], [629152.5973397774, 5220707.435640372], [629152.3553106354, 5220707.47580019], [629152.1183832802, 5220707.539489632], [629151.8888394521, 5220707.626095333], [629151.6688897832, 5220707.734783233], [629151.4606525095, 5220707.86450661], [629151.2661330694, 5220708.014016155], [629151.0872047917, 5220708.181872009], [629150.9255908534, 5220708.366457631], [629150.7828476852, 5220708.565995358], [629150.752856753, 5220708.61803811], [629148.5863952831, 5220707.729388412], [629148.8882034242, 5220707.249843714], [629149.0085377198, 5220707.036043401], [629149.1073364776, 5220706.811477771], [629149.1836482115, 5220706.578309515], [629149.2367379979, 5220706.3387841685], [629149.2660945529, 5220706.095208494], [629149.271435157, 5220705.849928257], [629149.2527083774, 5220705.605305641], [629149.210094563, 5220705.363696495], [629149.1440041082, 5220705.127427648], [629149.0550735, 5220704.898774496], [629148.9441591892, 5220704.679939096], [629148.812329341, 5220704.473028952], [629148.6608535488, 5220704.280036721], [629148.4911906075, 5220704.102821026], [629148.3049744639, 5220703.943088548], [629148.1039984813, 5220703.802377599], [629147.9509886133, 5220703.706078705], [629148.8698922439, 5220702.281430009], [629148.9925972661, 5220702.068981441], [629149.0938878291, 5220701.845528675], [629149.1727884492, 5220701.613223684], [629149.2285392705, 5220701.374303692], [629149.2606033819, 5220701.131069629], [629149.2686719886, 5220700.885863973], [629149.2526673854, 5220700.641048186], [629149.2127437055, 5220700.39897998], [629149.1492854357, 5220700.161990603], [629149.0629037139, 5220699.9323623935], [629148.9544304431, 5220699.712306796], [629148.8249102804, 5220699.503943065], [629148.6755905758, 5220699.3092778595], [629148.5079093594, 5220699.1301859105], [629148.3234814933, 5220698.968391971], [629148.1240831183, 5220698.825454206], [629147.8307574581, 5220698.636258081], [629148.8309876663, 5220697.123039003], [629148.9560666733, 5220696.911979394], [629149.0598559313, 5220696.689676208], [629149.1413558931, 5220696.458270347], [629149.1997816695, 5220696.2199903745], [629149.2345705885, 5220695.9771310575], [629149.2453876133, 5220695.732031264], [629149.2321285706, 5220695.48705144], [629149.1949211519, 5220695.2445508735], [629149.1341236851, 5220695.006864979], [629149.0503216829, 5220694.7762828], [629148.9443222047, 5220694.555024971], [629148.817146083, 5220694.345222324], [629148.6700180938, 5220694.148895374], [629148.5043551597, 5220693.967934856], [629148.3217527055, 5220693.804083521], [629148.1239692926, 5220693.658919344], [629147.7257444143, 5220693.3956947], [629148.8295814611, 5220691.723883318], [629148.9545530628, 5220691.512760094], [629149.0582291973, 5220691.290404128], [629149.1396114068, 5220691.058956829], [629149.1979159365, 5220690.82064716], [629149.2325812816, 5220690.577770174], [629149.2432735958, 5220690.332664908], [629149.2298899066, 5220690.087691861], [629149.1925591059, 5220689.845210259], [629149.13164071, 5220689.607555329], [629149.0477213962, 5220689.37701582], [629148.9416093534, 5220689.1558119515], [629148.8143264985, 5220688.946074041], [629148.6670986351, 5220688.749821976], [629148.5013436481, 5220688.568945773], [629148.3186578483, 5220688.405187368], [629148.1208006002, 5220688.260123844], [629147.6363635556, 5220687.940267452], [629148.4683260622, 5220686.6677055], [629133.9272577928, 5220678.819012702], [629133.9118092958, 5220678.81055673], [629104.2331685029, 5220662.338335524], [629087.0561218519, 5220656.434366868], [629086.9234709409, 5220656.53400797], [629086.7894720719, 5220656.656955226], [629086.3529854149, 5220656.369567925], [629086.1417008905, 5220656.244869223], [629085.9192111486, 5220656.141480484], [629085.6876588872, 5220656.060397398], [629085.449274081, 5220656.00240084], [629085.2063525061, 5220655.968049348], [629084.9612336298, 5220655.957673746], [629084.7162780812, 5220655.971373958], [629084.473844916, 5220656.00901804], [629084.2362688981, 5220656.070243462], [629084.0058380144, 5220656.1544605885], [629083.7847714403, 5220656.2608583635], [629083.5751981678, 5220656.388412117], [629083.379136502, 5220656.5358934365], [629083.3252953838, 5220656.585361592], [629082.9727888189, 5220656.352417348], [629082.7617141901, 5220656.227363689], [629082.5393985413, 5220656.123601128], [629082.3079828937, 5220656.042128958], [629082.0696959065, 5220655.983731797], [629081.8268324136, 5220655.9489720445], [629081.5817313232, 5220655.938184454], [629081.3367530928, 5220655.951472918], [629081.0942569968, 5220655.988709459], [629080.8565784049, 5220656.049535469], [629080.6260062922, 5220656.133365163], [629080.4047611939, 5220656.239391211], [629080.1949738214, 5220656.366592528], [629079.9986645416, 5220656.513744094], [629079.8625373647, 5220656.638393748], [629079.4645636319, 5220656.37504851], [629079.2535667149, 5220656.249863775], [629079.0313155563, 5220656.145963155], [629078.7999505559, 5220656.064347266], [629078.5616998853, 5220656.005802117], [629078.3188580286, 5220655.970891528], [629078.0737636858, 5220655.959951706], [629077.8287772491, 5220655.97308801], [629077.586258072, 5220656.010173929], [629077.348541747, 5220656.070852306], [629077.1179176117, 5220656.154538773], [629076.896606703, 5220656.260427386], [629076.6867403659, 5220656.387498378], [629076.4903397278, 5220656.534527987], [629076.3092962343, 5220656.7001002375], [629076.296459537, 5220656.714391554], [629075.7647828811, 5220656.3645175], [629075.55346771, 5220656.239870738], [629075.3309525602, 5220656.136536694], [629075.0993803742, 5220656.05551053], [629074.8609813186, 5220655.997572573], [629074.6180513067, 5220655.963280796], [629074.3729298875, 5220655.95296545], [629074.127977714, 5220655.966725874], [629073.8855538096, 5220656.00442955], [629073.647992849, 5220656.06571337], [629073.4175826743, 5220656.149987138], [629073.1965422612, 5220656.256439251], [629072.9870003499, 5220656.384044518], [629072.7909749434, 5220656.531574029], [629072.6415750997, 5220656.668907392], [629072.1755953294, 5220656.362075831], [629071.964315601, 5220656.237369003], [629071.7418298356, 5220656.133971707], [629071.5102806926, 5220656.052879715], [629071.271898117, 5220655.994873989], [629071.0289778633, 5220655.960513155], [629070.7838593862, 5220655.950128126], [629070.5389033108, 5220655.963818916], [629070.2964686978, 5220656.001453675], [629070.0588903253, 5220656.06266996], [629069.8284562028, 5220656.146878224], [629069.6073855368, 5220656.253267497], [629069.3978073588, 5220656.38081319], [629069.201740021, 5220656.52828697], [629069.0210717593, 5220656.694268582], [629068.9289908764, 5220656.797251751], [629068.2544245012, 5220656.354314125], [629068.0429847761, 5220656.229878764], [629067.8203663928, 5220656.126767309], [629067.5887132882, 5220656.045972781], [629067.3502564079, 5220655.988273277], [629067.1072922222, 5220655.954224473], [629066.8621606091, 5220655.944154277], [629066.6172223199, 5220655.958159672], [629066.3748362444, 5220655.996105778], [629066.1373366928, 5220656.057627154], [629065.9070109158, 5220656.142131314], [629065.6860770764, 5220656.248804436], [629065.4766628883, 5220656.376619202], [629065.2807851245, 5220656.5243446855], [629065.1339688639, 5220656.659574285], [629064.6681765793, 5220656.352262693], [629064.4570095747, 5220656.227365084], [629064.2346172906, 5220656.123766877], [629064.0031414861, 5220656.042465779], [629063.7648113997, 5220655.984244765], [629063.5219222805, 5220655.949664534], [629063.2768132834, 5220655.939058114], [629063.0318449422, 5220655.952527649], [629062.7893764359, 5220655.9899434205], [629062.5517428686, 5220656.050945095], [629062.3212327815, 5220656.134945192], [629062.1000661129, 5220656.241134746], [629061.8903728186, 5220656.368491092], [629061.6941723597, 5220656.51578772], [629061.5133542537, 5220656.681606081], [629061.5001195627, 5220656.696380868], [629061.0000882822, 5220656.371002546], [629060.7881351375, 5220656.247443729], [629060.5650917235, 5220656.145254924], [629060.33310607, 5220656.0654202625], [629060.0944123255, 5220656.008708597], [629059.8513092415, 5220655.975666092], [629059.6061380334, 5220655.966610965], [629059.3612598341, 5220655.981630422], [629059.1190329544, 5220656.020579817], [629058.8817901716, 5220656.083084045], [629058.6518162634, 5220656.168541158], [629058.4313260043, 5220656.276128156], [629058.222442836, 5220656.404808919], [629058.0271784175, 5220656.553344179], [629057.8767969444, 5220656.693012967], [629057.3675529358, 5220656.355271932], [629057.1566871007, 5220656.229866524], [629056.9345447627, 5220656.1257334445], [629056.7032652743, 5220656.043875551], [629056.4650759831, 5220655.985081179], [629056.2222707822, 5220655.949916552], [629055.9771880186, 5220655.938720323], [629055.7321879731, 5220655.951600319], [629055.4896301301, 5220655.988432498], [629055.2518504544, 5220656.048862145], [629055.0211388939, 5220656.132307292], [629054.7997173275, 5220656.237964315], [629054.5897181655, 5220656.364815679], [629054.3931638149, 5220656.511639737], [629054.3742323213, 5220656.528917085], [629054.1234721461, 5220656.359631192], [629053.9136415988, 5220656.232501109], [629053.6923605157, 5220656.126550182], [629053.4617599547, 5220656.042798777], [629053.2240607252, 5220655.982053465], [629052.9815520007, 5220655.944899258], [629052.7365692729, 5220655.931693969], [629052.4914718593, 5220655.942564775], [629052.2486201818, 5220655.977406981], [629052.0103530352, 5220656.035885041], [629051.778965062, 5220656.117435777], [629051.5566846551, 5220656.221273811], [629051.3456524963, 5220656.346399126], [629051.1479009406, 5220656.491606697], [629050.9653344435, 5220656.655498097], [629050.7997112203, 5220656.83649496], [629050.652626313, 5220657.032854188], [629040.4739390531, 5220672.110362153], [629040.4060516683, 5220672.161649482], [629040.225734959, 5220672.328012943], [629040.0625929945, 5220672.511249446], [629039.9181969215, 5220672.709594325], [629035.6307084854, 5220679.2510162145], [629035.4107841667, 5220679.106733792], [629035.1992948131, 5220678.982382798], [629034.9766353096, 5220678.879360168], [629034.744949989, 5220678.798658069], [629034.5064701076, 5220678.741053705], [629034.2634923569, 5220678.707101838], [629034.0183567455, 5220678.697129442], [629033.7734240635, 5220678.711232558], [629033.5310531463, 5220678.749275365], [629033.2935781585, 5220678.8108914895], [629033.063286114, 5220678.895487535], [629032.842394851, 5220679.002248795], [629032.6330316733, 5220679.1301470995], [629032.4372128625, 5220679.277950719], [629032.256824261, 5220679.444236224], [629032.0936031096, 5220679.627402193], [629031.9491213171, 5220679.825684639], [629027.4890346238, 5220686.624028578], [629027.445917754, 5220686.5838373955], [629027.2509228966, 5220686.434948436], [629024.9447866353, 5220684.846951098], [629024.7361370615, 5220684.7178919185], [629024.5158421806, 5220684.609905428], [629024.2860235529, 5220684.524031597], [629024.0488944572, 5220684.461097436], [629023.8067385765, 5220684.421709036], [629023.5618880043, 5220684.40624573], [629023.3167007853, 5220684.414856436], [629023.0735382068, 5220684.447458229], [629022.8347420569, 5220684.503737136], [629022.6026120733, 5220684.583151161], [629022.3793837946, 5220684.684935503], [629022.1672070313, 5220684.808109922], [629021.9681251614, 5220684.951488183], [629021.7840554522, 5220685.113689474], [629021.6167705958, 5220685.293151707], [629021.4678816363, 5220685.488146565], [629020.2903816362, 5220687.198146565], [629020.1613224564, 5220687.406796139], [629020.0533359663, 5220687.627091019], [629019.9674621349, 5220687.856909648], [629019.9045279742, 5220688.0940387435], [629019.8651395744, 5220688.336194624], [629019.8496762676, 5220688.581045196], [629019.8582869737, 5220688.826232416], [629019.8908887669, 5220689.069394994], [629019.9471676742, 5220689.308191144], [629020.0265816989, 5220689.5403211275], [629020.1283660405, 5220689.763549406], [629020.2515404603, 5220689.9757261695], [629020.3949187212, 5220690.174808039], [629020.5571200121, 5220690.358877748], [629020.736582246, 5220690.526162605], [629020.9315771034, 5220690.675051564], [629021.4072183917, 5220691.002576486], [629010.0453777222, 5220708.254969821], [629009.920656062, 5220708.466240794], [629009.8172431472, 5220708.688719301], [629009.7361349008, 5220708.92026275], [629009.6781124396, 5220709.158641253], [629009.6743871477, 5220709.184964565], [629009.6467659726, 5220709.202124951], [629009.4520652676, 5220709.351398365], [629009.2729334527, 5220709.519036992], [629009.1110956654, 5220709.7034263825], [629008.968110492, 5220709.902790764], [629002.285610492, 5220720.257790764], [629002.1628549579, 5220720.47021015], [629002.0615112659, 5220720.693638824], [629001.9825554113, 5220720.925925048], [629001.926747782, 5220721.164831777], [629001.8946258362, 5220721.408058208], [629001.8864989255, 5220721.65326194], [629001.9024453168, 5220721.898081525], [629001.9423114373, 5220722.140159218], [629002.0057133548, 5220722.377163676], [629002.092040474, 5220722.606812418], [629002.2004614176, 5220722.826893803], [629002.3299320325, 5220723.035288324], [629002.4792054462, 5220723.2299890295], [629002.6468440738, 5220723.409120844], [629002.831233464, 5220723.570958631], [629003.0301977292, 5220723.713656839], [629002.2137258023, 5220724.946116045], [629002.1440438142, 5220725.063422908], [629023.4736737475, 5220738.782635143], [629023.5585693207, 5220738.8414682485]], [[629127.5613439066, 5220764.821123318], [629127.8044547412, 5220764.85410875], [629127.9469843849, 5220764.859339418], [629127.4051436502, 5220765.637677115], [629127.100260453, 5220765.425684941], [629126.8922000387, 5220765.295678092], [629126.6723985927, 5220765.18669075], [629126.442972923, 5220765.099772519], [629126.4181085238, 5220765.093052293], [629126.7976065816, 5220764.541790518], [629126.8675650667, 5220764.582551056], [629127.0906324651, 5220764.684687495], [629127.3226368547, 5220764.764467692], [629127.5613439066, 5220764.821123318]]], [[[629005.704734978, 5220731.834541475], [629005.7187666509, 5220732.07947826], [629005.7567387607, 5220732.321860263], [629005.8182856152, 5220732.559353214], [629005.9028144846, 5220732.7896699235], [629006.0095113097, 5220733.010592317], [629006.1373485416, 5220733.219992791], [629006.285095038, 5220733.4158547055], [629006.4513279194, 5220733.596291802], [629006.6344462723, 5220733.759566373], [629006.8326865665, 5220733.904105995], [629007.1165208961, 5220734.090435336], [629006.1241453192, 5220735.610788667], [629006.0002874567, 5220735.822567198], [629005.8977839295, 5220736.045466152], [629005.8176219027, 5220736.2773388885], [629005.7605733806, 5220736.515952348], [629005.7271877716, 5220736.75900855], [629005.7177865974, 5220737.004166733], [629005.7324603964, 5220737.249065888], [629005.7710678519, 5220737.491347503], [629005.833237153, 5220737.728678273], [629005.9183695753, 5220737.958772575], [629006.0256452472, 5220738.179414472], [629006.1540310452, 5220738.388479063], [629006.3022905438, 5220738.583952943], [629006.4689959231, 5220738.76395359], [629006.6525417191, 5220738.926747501], [629006.8511602856, 5220739.07076688], [629007.100007723, 5220739.233196307], [629002.1012917019, 5220746.797294821], [629001.9762343507, 5220747.008367262], [629001.8724679019, 5220747.230681096], [629001.7909916831, 5220747.462095318], [629001.7325903549, 5220747.700381284], [629001.697826354, 5220747.943244169], [629001.6870344768, 5220748.18834507], [629001.7003186548, 5220748.433323533], [629001.7375509542, 5220748.675820281], [629001.7983728077, 5220748.913499936], [629001.8821984674, 5220749.144073515], [629001.9882206466, 5220749.365320468], [629002.1154182935, 5220749.575110066], [629002.2625664255, 5220749.771421919], [629002.4282479255, 5220749.952365438], [629002.6108671902, 5220750.116198038], [629002.808665496, 5220750.261341921], [629004.8684639332, 5220751.622554686], [629004.9080233311, 5220751.674941107], [629005.074348836, 5220751.855292828], [629005.2575509979, 5220752.018473354], [629005.4558654799, 5220752.162911171], [629007.7973497085, 5220753.698310666], [629008.0088666341, 5220753.8226147555], [629008.2315489792, 5220753.925588004], [629008.4632521911, 5220754.006238721], [629008.5575937737, 5220754.02900461], [629004.9832526222, 5220759.454400661], [629004.8584940437, 5220759.665649836], [629004.7550422518, 5220759.888110267], [629004.6738935438, 5220760.119639538], [629004.6158294261, 5220760.358007899], [629004.5814090879, 5220760.600919727], [629004.5709640159, 5220760.846035654], [629004.584594802, 5220761.090995075], [629004.622170174, 5220761.333438899], [629004.6833282608, 5220761.571032261], [629004.7674800764, 5220761.801487003], [629004.8738151928, 5220762.022583723], [629005.0013095449, 5220762.2321931375], [629005.1487352923, 5220762.428296594], [629005.3146726443, 5220762.609005509], [629005.4975235336, 5220762.772579555], [629005.6955270065, 5220762.917443427], [629008.0337046111, 5220764.457873722], [629008.2449537853, 5220764.5826323], [629008.4674142163, 5220764.686084093], [629008.6989434882, 5220764.767232801], [629008.9373118478, 5220764.825296918], [629009.1802236773, 5220764.859717256], [629009.4253396031, 5220764.870162329], [629009.6702990249, 5220764.856531543], [629009.9127428493, 5220764.81895617], [629010.15033621, 5220764.757798084], [629010.380790953, 5220764.673646268], [629010.601887673, 5220764.567311152], [629010.8114970878, 5220764.439816799], [629011.0076005443, 5220764.2923910525], [629011.0897431758, 5220764.216962948], [629011.454914355, 5220764.457780292], [629011.6661071816, 5220764.582634233], [629011.8885208833, 5220764.686186451], [629012.1200134945, 5220764.767439682], [629012.3583556148, 5220764.8256114125], [629012.6012518794, 5220764.860141418], [629012.8463630644, 5220764.870697154], [629013.0913286151, 5220764.857176964], [629013.3337893793, 5220764.819711055], [629013.5714103275, 5220764.758660243], [629013.8019030398, 5220764.674612482], [629014.0230477456, 5220764.568377198], [629014.2327147004, 5220764.440977493], [629014.4288846968, 5220764.293640298], [629014.6096685105, 5220764.12778455], [629014.6626783112, 5220764.068581473], [629015.2434005378, 5220764.450531387], [629015.454745509, 5220764.575127614], [629015.677285362, 5220764.678408446], [629015.9088769167, 5220764.759379233], [629016.1472898198, 5220764.8172601815], [629016.3902280247, 5220764.851493867], [629016.6353519036, 5220764.861750599], [629016.8803007796, 5220764.847931601], [629017.1227156611, 5220764.810169957], [629017.3602619604, 5220764.748829332], [629017.5906519766, 5220764.664500469], [629017.811666928, 5220764.557995504], [629018.0211783198, 5220764.430340135], [629018.2171684428, 5220764.282763753], [629018.3479475525, 5220764.162489484], [629018.7830216946, 5220764.448182073], [629018.9944590773, 5220764.572621415], [629019.2170755194, 5220764.675737061], [629019.4487271032, 5220764.756535948], [629019.6871828971, 5220764.814239942], [629019.9301464418, 5220764.84829332], [629020.1752778653, 5220764.8583681295], [629020.420216418, 5220764.844367346], [629020.6626032079, 5220764.806425802], [629020.9001039175, 5220764.744908898], [629021.1304312851, 5220764.660409074], [629021.3513671326, 5220764.55374011], [629021.5607837267, 5220764.4259292865], [629021.7566642712, 5220764.278207491], [629021.9060119767, 5220764.1406514235], [629022.3733191252, 5220764.448025572], [629022.584660547, 5220764.572627819], [629022.8071974581, 5220764.675914991], [629023.0387867063, 5220764.756892375], [629023.2771979605, 5220764.814780115], [629023.5201351902, 5220764.84902072], [629023.765258777, 5220764.859284435], [629024.0102080466, 5220764.845472415], [629024.2526240038, 5220764.807717675], [629024.4901720503, 5220764.746383817], [629024.7205644688, 5220764.662061518], [629024.941582454, 5220764.555562847], [629025.1510974821, 5220764.427913446], [629025.3470918088, 5220764.280342648], [629025.4198988831, 5220764.213387635], [629025.7892497276, 5220764.457548656], [629026.0003041592, 5220764.582636398], [629026.222603049, 5220764.6864348585], [629026.4540055371, 5220764.767944398], [629026.6922830909, 5220764.826380038], [629026.9351409674, 5220764.861179008], [629027.1802403125, 5220764.872006179], [629027.4252206855, 5220764.858757276], [629027.6677227915, 5220764.821559895], [629027.9054112027, 5220764.760772266], [629028.1359968497, 5220764.676979808], [629028.3572590667, 5220764.570989489], [629028.5670669775, 5220764.4438220505], [629028.7634000174, 5220764.296702188], [629028.9443673918, 5220764.131046744], [629029.1082262859, 5220763.948451073], [629029.253398649, 5220763.750673668], [629036.748445247, 5220752.412656737], [629021.8073281939, 5220741.277823073], [629005.8411909521, 5220731.008407894], [629005.8064755348, 5220731.107977876], [629005.7488016129, 5220731.346440946], [629005.7147788748, 5220731.589408783], [629005.704734978, 5220731.834541475]]], [[[629144.7407685376, 5220746.819367088], [629144.7972631786, 5220746.580621885], [629144.8300846604, 5220746.337488862], [629144.8389168942, 5220746.092309523], [629144.8236748206, 5220745.847445079], [629144.7845052292, 5220745.6052537095], [629144.7217853446, 5220745.3680678485], [629144.6361191936, 5220745.138171726], [629144.528331788, 5220744.9177793665], [629144.3994611795, 5220744.709013271], [629144.2507484624, 5220744.513883969], [629144.0836258215, 5220744.334270664], [629143.8997027393, 5220744.171903129], [629143.7007504954, 5220744.028345052], [629143.5382664548, 5220743.922824238], [629139.3866253787, 5220755.261482703], [629144.4357927456, 5220747.486626836], [629144.5591588207, 5220747.274561449], [629144.6611448115, 5220747.051425225], [629144.7407685376, 5220746.819367088]]], [[[629039.6292787654, 5220756.418305589], [629039.5719608171, 5220756.656854472], [629039.5383007496, 5220756.899872818], [629039.528622728, 5220757.145020228], [629039.5430199566, 5220757.389935798], [629039.5813537824, 5220757.632260857], [629039.6432550298, 5220757.869661683], [629039.7281275558, 5220758.099851976], [629039.8351539917, 5220758.320614877], [629039.9633036143, 5220758.529824319], [629040.1113422727, 5220758.725465502], [629040.2778442737, 5220758.905654293], [629040.461206112, 5220759.068655374], [629040.659661913, 5220759.212898959], [629041.167114702, 5220759.544944881], [629041.0974503711, 5220759.663753499], [629040.9946960496, 5220759.88653695], [629040.914273115, 5220760.118319322], [629040.8569560841, 5220760.356868425], [629040.8232969514, 5220760.599886902], [629040.8136198724, 5220760.845034348], [629040.8280180431, 5220761.089949863], [629040.866352801, 5220761.332274775], [629040.9282549614, 5220761.569675363], [629041.0131283727, 5220761.799865329], [629041.1201556576, 5220762.020627819], [629041.2483060849, 5220762.2298367685], [629041.3963454957, 5220762.425477382], [629041.5628481898, 5220762.605665532], [629041.7462106551, 5220762.768665909], [629041.9446670108, 5220762.91290873], [629044.2876592677, 5220764.446006014], [629044.4992982707, 5220764.570102142], [629044.7220817215, 5220764.672856463], [629044.953864094, 5220764.753279398], [629045.192413197, 5220764.810596429], [629045.4354316724, 5220764.844255562], [629045.6805791194, 5220764.8539326405], [629045.9254946338, 5220764.83953447], [629046.1678195458, 5220764.801199712], [629046.4052201337, 5220764.739297552], [629046.6354101001, 5220764.65442414], [629046.8561725898, 5220764.547396855], [629047.0653815394, 5220764.419246429], [629047.2610221524, 5220764.271207018], [629047.4412103025, 5220764.104704323], [629047.4495233508, 5220764.095352805], [629047.9987697359, 5220764.453752977], [629048.2105653042, 5220764.577581705], [629048.4334783568, 5220764.680054568], [629048.6653621191, 5220764.760184695], [629048.9039834236, 5220764.817200392], [629049.1470442169, 5220764.850552564], [629049.3922036905, 5220764.859920012], [629049.6371008247, 5220764.845212523], [629049.8793771263, 5220764.806571738], [629050.1166993422, 5220764.744369788], [629050.3467819294, 5220764.659205713], [629050.5674090668, 5220764.551899689], [629050.7764559949, 5220764.423485132], [629050.971909477, 5220764.275198745], [629051.061676495, 5220764.192039184], [629051.4644465876, 5220764.457746276], [629051.6756189751, 5220764.582634783], [629051.898015724, 5220764.686223405], [629052.1294950324, 5220764.767514527], [629052.3678276278, 5220764.8257252695], [629052.6107182372, 5220764.860295032], [629052.8558276911, 5220764.870890888], [629053.1007954517, 5220764.857410795], [629053.3432623453, 5220764.819984573], [629053.3832603681, 5220764.809715051], [629040.3603551072, 5220755.104424384], [629039.936554712, 5220755.752101945], [629039.8124577699, 5220755.963740471], [629039.7097025915, 5220756.186523526], [629039.6292787654, 5220756.418305589]]], [[[629138.4845606664, 5220763.18612234], [629138.5487049443, 5220762.94931772], [629138.5893294383, 5220762.70736614], [629138.6060429122, 5220762.462597726], [629138.5986844063, 5220762.2173697315], [629138.5673247869, 5220761.974043838], [629138.5122660643, 5220761.734963404], [629138.434038484, 5220761.5024309065], [629138.3333954206, 5220761.278685761], [629138.2113061217, 5220761.065882754], [629138.0689463739, 5220760.866071296], [629137.9076871794, 5220760.68117568], [629137.7290815526, 5220760.512976552], [629137.5348495629, 5220760.363093762], [629137.5219599211, 5220760.354120622], [629134.1209338201, 5220769.642754364], [629138.1582812963, 5220763.8432277925], [629138.2884042958, 5220763.635240001], [629138.3975143491, 5220763.415499442], [629138.4845606664, 5220763.18612234]]], [[[629090.8548173724, 5220792.967708351], [629090.7934451873, 5220793.205246499], [629090.7556513359, 5220793.447656361], [629090.7417997938, 5220793.692603399], [629090.7520239588, 5220793.937728639], [629090.7862253666, 5220794.180671389], [629090.8440746391, 5220794.419091981], [629090.925014656, 5220794.650694291], [629091.0282659209, 5220794.873247865], [629091.1528340675, 5220795.084609387], [629091.2975194365, 5220795.282743334], [629091.4609286286, 5220795.4657415645], [629091.6414879241, 5220795.631841707], [629091.8374584385, 5220795.779444126], [629092.2365520769, 5220796.050404027], [629091.17961581, 5220797.597698719], [629091.0513393995, 5220797.806830446], [629090.9441791687, 5220798.027528433], [629090.8591671292, 5220798.257667238], [629090.7971219934, 5220798.495030499], [629090.75864129, 5220798.737332278], [629090.7440956092, 5220798.982239076], [629090.7536250338, 5220799.2273923075], [629090.7871377902, 5220799.470431011], [629090.8443111323, 5220799.709014594], [629090.9245944496, 5220799.940845363], [629091.0272145699, 5220800.163690662], [629091.1511832051, 5220800.37540437], [629091.2953064697, 5220800.573947567], [629091.4581963778, 5220800.757408174], [629091.6382842106, 5220800.924019366], [629091.8338356237, 5220801.072176584], [629092.0691933964, 5220801.232946324], [629091.1876125447, 5220802.513537399], [629091.058578752, 5220802.722202674], [629090.9506190658, 5220802.9425106915], [629090.8647731971, 5220803.172339765], [629090.8018678882, 5220803.409476517], [629090.7625089518, 5220803.651637188], [629090.747075436, 5220803.89648964], [629090.7557159739, 5220804.141675809], [629090.7883473524, 5220804.38483442], [629090.8446553136, 5220804.62362372], [629090.9240975808, 5220804.85574404], [629091.0259090819, 5220805.078959933], [629091.1491093162, 5220805.291121708], [629091.2925117982, 5220805.490186132], [629091.4547354836, 5220805.674236104], [629091.6342180696, 5220805.841499125], [629091.8292310407, 5220805.990364358], [629092.3226601344, 5220806.330049406], [629091.1957182604, 5220807.95430893], [629091.0659225306, 5220808.162501113], [629090.957158205, 5220808.382413], [629090.8704727436, 5220808.61192672], [629090.8067009749, 5220808.848831928], [629090.7664570558, 5220809.090847101], [629090.7501285573, 5220809.335641498], [629090.7578727317, 5220809.580857615], [629090.7896149984, 5220809.824133888], [629090.8450496619, 5220810.063127434], [629090.9236428564, 5220810.295536612], [629091.0246376861, 5220810.5191231975], [629091.1470615158, 5220810.7317339275], [629091.2897353371, 5220810.931321245], [629091.4512851231, 5220811.115963015], [629091.6301550609, 5220811.283881036], [629091.8246225356, 5220811.433458166], [629092.2321192998, 5220811.716187103], [629092.2159843962, 5220811.954439589], [629092.2234798253, 5220812.199663436], [629092.2549753021, 5220812.442971783], [629092.310167508, 5220812.682021436], [629092.3885249116, 5220812.914510218], [629092.4892928887, 5220813.138199136], [629092.6115009882, 5220813.35093394], [629092.7539722796, 5220813.55066588], [629092.9153346863, 5220813.7354714265], [629093.0940342001, 5220813.903570803], [629093.2883498472, 5220814.05334512], [629095.587239547, 5220815.651815059], [629095.7952999612, 5220815.7818219075], [629096.0151014073, 5220815.89080925], [629096.244527077, 5220815.97772748], [629096.4813674757, 5220816.041739527], [629096.7233417009, 5220816.0822289195], [629096.9681194086, 5220816.098805723], [629097.2133432556, 5220816.091310294], [629097.4566516022, 5220816.059814817], [629097.695701256, 5220816.004622611], [629097.9281900383, 5220815.926265208], [629098.151878955, 5220815.8254972305], [629098.3646137593, 5220815.703289132], [629098.564345699, 5220815.56081784], [629098.7199674825, 5220815.424937149], [629099.0456472653, 5220815.651659525], [629099.253635057, 5220815.781782525], [629099.4733756151, 5220815.890892578], [629099.7027527178, 5220815.977938895], [629099.9395573381, 5220816.042083173], [629100.1815089182, 5220816.082707668], [629100.426277332, 5220816.099421142], [629100.6715053258, 5220816.092062635], [629100.9148312202, 5220816.060703016], [629101.1539116537, 5220816.0056442935], [629101.3864441509, 5220815.927416713], [629101.610189297, 5220815.82677365], [629101.8229923038, 5220815.704684351], [629102.0228037619, 5220815.562324603], [629102.2076993779, 5220815.401065408], [629102.3758985058, 5220815.222459782], [629102.5257812963, 5220815.028227792], [629103.500997089, 5220813.627360036], [629103.5423132718, 5220813.676622916], [629103.7176342496, 5220813.848243052], [629103.9089327238, 5220814.001852331], [629106.1755770645, 5220815.645726849], [629106.3810107268, 5220815.779845927], [629106.5986011381, 5220815.893183165], [629106.8262527841, 5220815.984647064], [629107.0617732549, 5220816.053356774], [629107.3028943597, 5220816.098650587], [629107.5472939705, 5220816.120092295], [629107.7926183852, 5220816.117475405], [629108.0365049958, 5220816.090825119], [629108.2766050409, 5220816.040398093], [629108.5106062257, 5220815.966679967], [629108.736254991, 5220815.8703806875], [629108.9513782157, 5220815.752427668], [629109.1539041457, 5220815.613956861], [629109.3418823455, 5220815.456301817], [629109.5135024823, 5220815.280980839], [629109.6671117602, 5220815.089682365], [629113.7078996861, 5220809.518071527], [629097.330269501, 5220793.4457867965], [629092.355127624, 5220790.566273367], [629091.173394377, 5220792.306834312], [629091.0457111731, 5220792.516328742], [629090.9391768436, 5220792.737329541], [629090.8548173724, 5220792.967708351]]]]}}, {"type": "Feature", "properties": {"vineyard_id": "V05", "area_m2": 2005.7}, "geometry": {"type": "Polygon", "coordinates": [[[629359.6358786, 5220605.394696032], [629359.4134062468, 5220605.291269881], [629359.1818676232, 5220605.2101478595], [629358.943492573, 5220605.152111216], [629358.7005767778, 5220605.117718876], [629358.4554596498, 5220605.107302056], [629358.2105018009, 5220605.120961076], [629357.968062309, 5220605.158564392], [629357.730475999, 5220605.219749862], [629355.0564788152, 5220606.050255166], [629354.826033773, 5220606.134433543], [629354.6049493105, 5220606.240794143], [629354.3953545919, 5220606.368312653], [629354.1992681288, 5220606.515761002], [629354.0185783413, 5220606.681719181], [629353.8550253706, 5220606.864588923], [629353.7101843214, 5220607.062609091], [629353.5854500919, 5220607.273872644], [629353.4820239411, 5220607.496344998], [629353.4009019195, 5220607.727883621], [629353.3428652763, 5220607.966258671], [629353.308472936, 5220608.209174466], [629353.298056116, 5220608.454291594], [629353.3117151358, 5220608.699249444], [629353.3493184515, 5220608.941688935], [629353.4105039226, 5220609.179275245], [629369.3055039226, 5220660.356775246], [629369.3896822997, 5220660.587220288], [629369.4960428989, 5220660.80830475], [629369.6235614094, 5220661.017899469], [629369.7710097585, 5220661.213985932], [629369.9369679377, 5220661.39467572], [629370.1198376793, 5220661.55822869], [629370.3178578475, 5220661.703069739], [629370.5291214001, 5220661.827803968], [629370.7515937532, 5220661.931230119], [629370.9831323768, 5220662.012352141], [629371.221507427, 5220662.070388784], [629371.4644232222, 5220662.104781124], [629371.7095403502, 5220662.115197944], [629371.9544981992, 5220662.1015389245], [629372.1969376911, 5220662.063935609], [629372.4345240011, 5220662.002750138], [629373.3737505411, 5220661.711039799], [629373.5592704451, 5220661.820322521], [629373.7818468977, 5220661.923524456], [629374.0134671422, 5220662.004413138], [629374.2519005494, 5220662.062209565], [629374.4948508749, 5220662.096357126], [629374.7399783746, 5220662.106526961], [629374.9849223363, 5220662.092621128], [629375.227323816, 5220662.05477355], [629375.4648483552, 5220661.993348718], [629376.4444589576, 5220661.688013056], [629376.4646947734, 5220661.702760761], [629376.6761739269, 5220661.827129101], [629376.8988249794, 5220661.930169993], [629377.13050368, 5220662.010891096], [629377.3689788358, 5220662.06851502], [629377.6119538009, 5220662.102486817], [629377.8570885934, 5220662.112479319], [629378.1020224314, 5220662.098396293], [629378.344396468, 5220662.060373366], [629378.581876509, 5220661.99877672], [629380.0519497264, 5220661.539401287], [629380.0671529818, 5220661.553000746], [629380.2651618049, 5220661.6978573045], [629380.4764155869, 5220661.822608081], [629380.6988798387, 5220661.926051657], [629380.9304121076, 5220662.007191813], [629381.1687826116, 5220662.065247127], [629381.4116957122, 5220662.099658493], [629381.6568120236, 5220662.110094512], [629381.9017709416, 5220662.096454678], [629382.144213378, 5220662.058870351], [629382.3818044795, 5220661.997703489], [629384.790044851, 5220661.249945266], [629384.9109366738, 5220661.382602526], [629385.0931675028, 5220661.546867073], [629385.2906215818, 5220661.692478897], [629385.5013973202, 5220661.818035676], [629385.7234648321, 5220661.92232823], [629385.954685486, 5220662.0043521635], [629386.1928325009, 5220662.063317543], [629386.4356123906, 5220662.098656498], [629386.6806870521, 5220662.110028696], [629386.9256962825, 5220662.097324617], [629387.1682805088, 5220662.060666607], [629387.4061035125, 5220662.000407702], [629389.5609785815, 5220661.340333117], [629389.5989677932, 5220661.381903522], [629389.7814263469, 5220661.545915085], [629389.9790822571, 5220661.691252821], [629390.1900319895, 5220661.81651705], [629390.4122439828, 5220661.920501408], [629390.6435782139, 5220662.0022044685], [629390.8818068078, 5220662.060839387], [629391.1246354929, 5220662.095841476], [629391.3697256963, 5220662.106873647], [629391.6147170652, 5220662.093829655], [629391.857250199, 5220662.056835121], [629392.0949893707, 5220661.996246319], [629392.6108522948, 5220661.837445608], [629392.7916603533, 5220661.921698324], [629393.0231265821, 5220662.003026681], [629393.2614498106, 5220662.061275762], [629393.5043348559, 5220662.095884595], [629393.7494426023, 5220662.106519881], [629393.9944125281, 5220662.0930791935], [629394.236885439, 5220662.055691975], [629394.4745261883, 5220661.994718285], [629397.1492625272, 5220661.1665966045], [629397.3797825049, 5220661.082623653], [629397.600961677, 5220660.976460146], [629397.8106699677, 5220660.849128495], [629398.0068877713, 5220660.701854973], [629398.187725403, 5220660.536057905], [629398.3514412978, 5220660.353334009], [629398.496458782, 5220660.155443015], [629398.6213812579, 5220659.944290719], [629398.7250056538, 5220659.721910637], [629398.8063340102, 5220659.490444408], [629398.8645830905, 5220659.252121179], [629398.8991919243, 5220659.009236135], [629398.9098272095, 5220658.764128388], [629398.8963865226, 5220658.519158462], [629398.8589993046, 5220658.276685552], [629398.7980256149, 5220658.039044802], [629398.6865059576, 5220657.67884933], [629400.4449423159, 5220657.13863156], [629400.607362721, 5220657.079867499], [629400.6487501069, 5220657.102359948], [629400.8747566083, 5220657.197816629], [629401.1090312175, 5220657.270661149], [629401.3493177419, 5220657.320191976], [629401.5933020911, 5220657.345932099], [629401.8386345622, 5220657.347633629], [629402.0829524696, 5220657.325280178], [629402.3239028981, 5220657.279087024], [629402.5591653634, 5220657.2094990285], [629402.7864741596, 5220657.117186366], [629403.0036401784, 5220657.003038054], [629403.2085719923, 5220656.868153407], [629403.3992959963, 5220656.713831435], [629403.5739754138, 5220656.541558345], [629404.4539754138, 5220655.584058345], [629404.6109279862, 5220655.39549322], [629404.7486421749, 5220655.192452044], [629404.8657917167, 5220654.976890217], [629404.9612483976, 5220654.750883715], [629405.0340929175, 5220654.516609106], [629405.0836237438, 5220654.276322582], [629405.1093638678, 5220654.032338233], [629405.1110653977, 5220653.787005762], [629405.0887119471, 5220653.542687855], [629405.0425187919, 5220653.301737426], [629404.9729307974, 5220653.06647496], [629404.880618134, 5220652.839166164], [629404.7664698232, 5220652.622000146], [629404.6315851755, 5220652.4170683315], [629404.4772632038, 5220652.226344327], [629404.3049901131, 5220652.05166491], [629403.8265292072, 5220651.611930605], [629404.4522252099, 5220650.930742283], [629404.6091241936, 5220650.742132566], [629404.7467806807, 5220650.539052266], [629404.863868964, 5220650.323457158], [629404.9592614193, 5220650.097423541], [629405.0320393649, 5220649.863128242], [629405.0815019098, 5220649.622827652], [629405.1071727023, 5220649.3788359985], [629405.1088045188, 5220649.133503054], [629405.086381644, 5220648.889191508], [629405.0401200224, 5220648.648254216], [629404.9704651787, 5220648.413011534], [629404.8780879271, 5220648.185728978], [629404.7638779113, 5220647.968595404], [629404.6289350358, 5220647.763701928], [629404.4745588744, 5220647.5730217835], [629404.3022361539, 5220647.398391326], [629403.5848668698, 5220646.739461807], [629404.4457386894, 5220645.8050757935], [629404.6029222594, 5220645.616703179], [629404.7408852024, 5220645.413830946], [629404.85829886, 5220645.198412865], [629404.9540324745, 5220644.97252353], [629405.0271640788, 5220644.738338379], [629405.0769893756, 5220644.498112743], [629405.1030285202, 5220644.254160126], [629405.1050307412, 5220644.008829924], [629405.0829767563, 5220643.764484802], [629405.0370789572, 5220643.523477938], [629404.9677793649, 5220643.288130359], [629404.8757453724, 5220643.060708591], [629404.7618633173, 5220642.843402829], [629404.6272299462, 5220642.638305847], [629404.4731418518, 5220642.447392841], [629404.3010829869, 5220642.272502408], [629402.2418346971, 5220640.375268505], [629402.0534620825, 5220640.218084935], [629401.8505898495, 5220640.080121992], [629401.6351717685, 5220639.962708334], [629401.4092824335, 5220639.86697472], [629401.1750972823, 5220639.793843115], [629400.9348716458, 5220639.744017818], [629400.6909190284, 5220639.717978674], [629400.4455888269, 5220639.715976452], [629400.2012437055, 5220639.738030437], [629399.9602368411, 5220639.783928237], [629399.7248892616, 5220639.853227829], [629399.497467493, 5220639.945261821], [629399.2801617312, 5220640.059143877], [629399.0750647493, 5220640.193777248], [629398.8841517436, 5220640.347865342], [629398.7092613106, 5220640.519924208], [629398.143423507, 5220641.1340817595], [629387.6230380939, 5220606.88969132], [629387.5395692451, 5220606.658988334], [629387.4338894747, 5220606.437577624], [629387.3070165366, 5220606.227591495], [629387.1601722866, 5220606.03105223], [629386.994770915, 5220605.849852608], [629386.8124053275, 5220605.685737682], [629386.6148318043, 5220605.540287967], [629386.4039530866, 5220605.414904224], [629386.1818000515, 5220605.310793966], [629385.9505121544, 5220605.228959834], [629385.712316824, 5220605.170189933], [629385.4695080117, 5220605.135050251], [629385.2244240991, 5220605.123879201], [629384.979425378, 5220605.136784367], [629384.7368713204, 5220605.173641466], [629384.499097854, 5220605.234095542], [629382.3795003131, 5220605.885267392], [629382.3224869157, 5220605.823081926], [629382.139763019, 5220605.659366032], [629381.9418720241, 5220605.514348548], [629381.7307197292, 5220605.389426072], [629381.5083396465, 5220605.285801676], [629381.2768734178, 5220605.204473319], [629381.0385501892, 5220605.146224239], [629380.7956651439, 5220605.111615405], [629380.5505573975, 5220605.10098012], [629380.3055874717, 5220605.114420807], [629380.0631145607, 5220605.151808025], [629379.8254738114, 5220605.212781715], [629379.3670916049, 5220605.354700841], [629379.2277560172, 5220605.289498593], [629378.9964217861, 5220605.207795532], [629378.7581931922, 5220605.149160614], [629378.515364507, 5220605.114158525], [629378.2702743036, 5220605.103126354], [629378.0252829347, 5220605.116170346], [629377.782749801, 5220605.15316488], [629377.5450106292, 5220605.213753682], [629375.4512617403, 5220605.858283062], [629375.4390633263, 5220605.844897474], [629375.2568324973, 5220605.680632927], [629375.0593784183, 5220605.535021103], [629374.8486026799, 5220605.409464324], [629374.626535168, 5220605.30517177], [629374.395314514, 5220605.2231478365], [629374.1571674992, 5220605.164182457], [629373.9143876095, 5220605.128843502], [629373.669312948, 5220605.117471304], [629373.4243037176, 5220605.130175383], [629373.1817194913, 5220605.166833393], [629372.9438964876, 5220605.227092298], [629370.354121216, 5220606.0203841515], [629370.3491479754, 5220606.013769332], [629370.1832039491, 5220605.833066547], [629370.0003470182, 5220605.669499254], [629369.8023381951, 5220605.524642696], [629369.5910844131, 5220605.399891919], [629369.3686201613, 5220605.296448343], [629369.1370878924, 5220605.2153081875], [629368.8987173884, 5220605.157252873], [629368.6558042878, 5220605.122841507], [629368.4106879764, 5220605.112405488], [629368.1657290584, 5220605.126045322], [629367.923286622, 5220605.163629649], [629367.6856955205, 5220605.224796511], [629366.1332543405, 5220605.706829232], [629366.0910758208, 5220605.669237295], [629365.8928052266, 5220605.524739239], [629365.6813260731, 5220605.400370899], [629365.4586750206, 5220605.297330007], [629365.2269963201, 5220605.216608904], [629364.9885211643, 5220605.15898498], [629364.7455461991, 5220605.125013183], [629364.5004114066, 5220605.115020681], [629364.2554775686, 5220605.129103707], [629364.013103532, 5220605.167126634], [629363.775623491, 5220605.22872328], [629362.8329886514, 5220605.523282274], [629362.8171186823, 5220605.511698777], [629362.6057295549, 5220605.387177479], [629362.3831531024, 5220605.283975544], [629362.1515328578, 5220605.203086862], [629361.9130994506, 5220605.145290435], [629361.6701491252, 5220605.111142875], [629361.4250216255, 5220605.10097304], [629361.1800776637, 5220605.114878872], [629360.937676184, 5220605.152726451], [629360.7001516449, 5220605.214151283], [629359.803462682, 5220605.493641027], [629359.6358786, 5220605.394696032]]]}}, {"type": "Feature", "properties": {"vineyard_id": "V06", "area_m2": 3489.6}, "geometry": {"type": "MultiPolygon", "coordinates": [[[[629239.8393520607, 5220560.155906799], [629240.0374837862, 5220560.0112183895], [629240.2204795091, 5220559.8478063885], [629240.3865768807, 5220559.667244543], [629240.5341762922, 5220559.4712717645], [629240.6618562809, 5220559.261775375], [629240.7683872185, 5220559.040772941], [629240.8527431539, 5220558.810392836], [629240.9141116935, 5220558.572853747], [629240.9519018244, 5220558.330443304], [629240.9657496072, 5220558.085496054], [629240.9555216801, 5220557.840370971], [629240.9213165436, 5220557.597428745], [629240.863463612, 5220557.359009041], [629240.7825200405, 5220557.127407974], [629240.67926536, 5220556.904855985], [629239.3776297552, 5220554.425794721], [629239.2530583648, 5220554.214435109], [629239.108369955, 5220554.016303384], [629238.9449579543, 5220553.833307661], [629238.7643961095, 5220553.667210289], [629238.5684233301, 5220553.519610878], [629238.3589269408, 5220553.391930889], [629238.1379245067, 5220553.285399951], [629237.9075444017, 5220553.201044016], [629237.6700053123, 5220553.139675477], [629237.4275948699, 5220553.101885346], [629237.1826476194, 5220553.088037563], [629236.9375225368, 5220553.09826549], [629236.6945803107, 5220553.132470626], [629236.4561606074, 5220553.190323558], [629236.2245595391, 5220553.271267129], [629236.0020075506, 5220553.37452181], [629234.3497540718, 5220554.24204049], [629234.3196192648, 5220554.191175404], [629234.1744811862, 5220553.993372839], [629234.0106539453, 5220553.810748766], [629233.829715288, 5220553.645061957], [629233.6334077526, 5220553.497908064], [629233.4236218879, 5220553.370704261], [629233.2023780463, 5220553.264675589], [629232.9718069272, 5220553.180843163], [629232.7341290565, 5220553.120014335], [629232.4916334018, 5220553.082774919], [629232.246655329, 5220553.069483553], [629232.0015541108, 5220553.080268238], [629231.758690206, 5220553.115025112], [629231.5204025266, 5220553.173419448], [629231.2889859133, 5220553.254888875], [629231.0666690344, 5220553.3586488], [629225.696684886, 5220556.193747463], [629224.7541585404, 5220554.409420198], [629224.7515931362, 5220554.405092106], [629220.8891864922, 5220570.119322181], [629239.6279924496, 5220560.28047819], [629239.8393520607, 5220560.155906799]]], [[[629142.4866662201, 5220596.502177043], [629142.4512204671, 5220596.744941363], [629142.4397404597, 5220596.990010998], [629142.4523367564, 5220597.235025794], [629142.488888048, 5220597.477626123], [629142.5490423257, 5220597.715475612], [629142.6322202709, 5220597.94628364], [629142.7376208344, 5220598.167827401], [629142.8515333543, 5220598.379780064], [629142.7380836728, 5220598.57034121], [629142.6338474588, 5220598.792435172], [629142.5518821857, 5220599.023676627], [629142.4929772239, 5220599.2618385935], [629142.4576998606, 5220599.504627441], [629142.4463898358, 5220599.749704979], [629142.4591560714, 5220599.994710979], [629142.4958756216, 5220600.237285898], [629142.5561948569, 5220600.475093607], [629142.6395328703, 5220600.705843887], [629142.7450870709, 5220600.927314489], [629142.7873958554, 5220601.005906052], [629142.73138138, 5220601.100368992], [629142.6275338546, 5220601.322644966], [629142.5459732385, 5220601.554029456], [629142.4874850053, 5220601.7922941055], [629142.4526324284, 5220602.035144295], [629142.4417511573, 5220602.280241244], [629142.4549459844, 5220602.525224535], [629142.4920898366, 5220602.767734846], [629142.5528249982, 5220603.005436669], [629142.6365665562, 5220603.236040806], [629142.7425080339, 5220603.457326413], [629143.8522015973, 5220605.510048919], [629143.8030817463, 5220605.592360872], [629143.6986150097, 5220605.814346496], [629143.616409705, 5220606.045502731], [629143.5572575143, 5220606.283603412], [629143.5217281057, 5220606.526355504], [629143.5101636467, 5220606.771421168], [629143.5226755092, 5220607.016440289], [629143.5591431974, 5220607.2590532], [629143.6192155073, 5220607.496923405], [629143.7023139099, 5220607.727760083], [629143.807638122, 5220607.949340152], [629145.1323201715, 5220610.416163508], [629145.2588558635, 5220610.62635303], [629145.4053844274, 5220610.823127765], [629145.5704947131, 5220611.004592666], [629145.7525966184, 5220611.1690001255], [629145.9499364021, 5220611.31476681], [629146.1606135746, 5220611.4404889075], [629146.3825991992, 5220611.544955644], [629146.6137554331, 5220611.627160949], [629146.8518561155, 5220611.686313139], [629147.0946082067, 5220611.721842548], [629147.339673871, 5220611.733407007], [629147.5846929926, 5220611.720895144], [629147.8273059031, 5220611.684427456], [629148.0651761076, 5220611.624355146], [629148.2960127859, 5220611.5412567435], [629148.5175928547, 5220611.435932531], [629150.106685237, 5220610.58259127], [629150.1339201614, 5220610.627731659], [629150.2806407305, 5220610.824363273], [629150.4459280682, 5220611.00566692], [629150.6281903675, 5220611.169896549], [629150.8256723423, 5220611.315470537], [629151.0364721337, 5220611.4409869285], [629151.2585596242, 5220611.545236932], [629151.4897959898, 5220611.627216562], [629151.7279542981, 5220611.686136311], [629151.9707409544, 5220611.721428748], [629152.2158177904, 5220611.732753989], [629152.460824582, 5220611.720002966], [629152.7034017802, 5220611.683298477], [629152.9412132339, 5220611.622994007], [629153.1719686886, 5220611.53967032], [629153.3934458434, 5220611.4341298705], [629154.755726508, 5220610.700872211], [629154.8443414563, 5220610.820407697], [629155.0090627468, 5220611.002225773], [629155.1908121472, 5220611.167022836], [629155.3878393114, 5220611.3132118005], [629155.5982467602, 5220611.4393847855], [629155.8200081547, 5220611.544326677], [629156.0509878116, 5220611.627026826], [629156.2889612705, 5220611.686688786], [629156.5316367168, 5220611.72273798], [629156.7766770533, 5220611.7348272335], [629157.0217224078, 5220611.722840121], [629157.2644128593, 5220611.686892085], [629157.5024111663, 5220611.627329323], [629157.7334252751, 5220611.544725461], [629157.9552303931, 5220611.439876015], [629159.4045647011, 5220610.665579007], [629159.5211564762, 5220610.8223515665], [629159.6861556467, 5220611.003917506], [629159.868156875, 5220611.168436409], [629160.0654073902, 5220611.314323869], [629160.2760075618, 5220611.440174909], [629160.4979291952, 5220611.544777515], [629160.7290350635, 5220611.627124308], [629160.967099491, 5220611.686422242], [629161.2098297871, 5220611.722100245], [629161.4548883265, 5220611.73381472], [629161.6999150611, 5220611.721452849], [629161.94255025, 5220611.685133684], [629162.1804571834, 5220611.625206999], [629162.4113446875, 5220611.542249919], [629162.6329891894, 5220611.437061368], [629164.233339436, 5220610.5789363915], [629164.2621677491, 5220610.626789868], [629164.4087571301, 5220610.823519302], [629164.5739234996, 5220611.004933157], [629164.7560762152, 5220611.16928432], [629164.9534610467, 5220611.314989999], [629165.1641770703, 5220611.440646969], [629165.3861949755, 5220611.545045083], [629165.6173766084, 5220611.627178933], [629165.8554955636, 5220611.686257523], [629166.0982586254, 5220611.721711894], [629166.3433278528, 5220611.733200601], [629166.588343095, 5220611.720613003], [629166.8309447216, 5220611.684070324], [629167.0687963461, 5220611.62392449], [629167.2996073273, 5220611.540754738], [629167.5211548295, 5220611.43536204], [629172.6792714247, 5220608.663403291], [629173.5938786226, 5220610.402686006], [629173.7185827048, 5220610.613967355], [629173.8633954962, 5220610.81200819], [629174.0269223707, 5220610.994901268], [629174.2075884751, 5220611.160885229], [629174.403653896, 5220611.308361556], [629174.6132304162, 5220611.435909973], [629174.8342996993, 5220611.54230212], [629175.0647327272, 5220611.626513379], [629175.302310304, 5220611.6877327515], [629175.5447444277, 5220611.725370661], [629175.7897003251, 5220611.739064635], [629176.0348189371, 5220611.728682792], [629176.2777396373, 5220611.694325115], [629176.5161229667, 5220611.636322487], [629176.7476731635, 5220611.555233506], [629176.9701602728, 5220611.4518391015], [629186.8591166363, 5220606.251700798], [629186.8503875607, 5220606.287001743], [629186.815122905, 5220606.529792436], [629186.8038257078, 5220606.774870567], [629186.816604767, 5220607.019875898], [629186.8533370136, 5220607.262448894], [629186.9136686958, 5220607.5002534455], [629186.9970187866, 5220607.7309993645], [629187.1025845791, 5220607.952464441], [629188.4299560207, 5220610.417841705], [629188.5567208582, 5220610.627893109], [629188.7034639266, 5220610.824507932], [629188.8687720095, 5220611.005792664], [629189.0510531, 5220611.170001436], [629189.2485517315, 5220611.315552826], [629189.4593658841, 5220611.441045095], [629189.6814653022, 5220611.545269685], [629189.9127110472, 5220611.627222855], [629190.150876096, 5220611.686115351], [629190.393666789, 5220611.7213800065], [629190.6387449193, 5220611.732677204], [629190.8837502503, 5220611.719898144], [629191.1263232469, 5220611.683165898], [629191.3641277985, 5220611.622834216], [629191.594873717, 5220611.539484125], [629191.8163387936, 5220611.433918333], [629193.8235935975, 5220610.353202314], [629193.8574540195, 5220610.4162488235], [629193.9840013549, 5220610.626431336], [629194.1305408191, 5220610.823197954], [629194.295661157, 5220611.004653708], [629194.4777721694, 5220611.169051079], [629194.6751200277, 5220611.314806832], [629194.8858041643, 5220611.440517258], [629195.1077955755, 5220611.544971697], [629195.338956363, 5220611.627164197], [629195.5770603218, 5220611.686303197], [629195.8198143806, 5220611.721819159], [629196.0648806853, 5220611.733370042], [629196.3098991133, 5220611.720844607], [629196.5525100032, 5220611.684363479], [629196.7903768796, 5220611.624277992], [629197.0212089543, 5220611.541166802], [629197.2427831885, 5220611.435830316], [629198.6252831885, 5220610.693330316], [629198.8354657007, 5220610.56678298], [629198.9562823125, 5220610.476806328], [629200.1181433116, 5220610.761121207], [629200.3590246963, 5220610.807673061], [629200.6033090508, 5220610.830390251], [629200.8486437835, 5220610.829053997], [629201.0926661866, 5220610.80367717], [629201.333026191, 5220610.75450416], [629201.5674089985, 5220610.682008531], [629201.7935573745, 5220610.586888456], [629202.0092933865, 5220610.470059994], [629202.2125393789, 5220610.332648264], [629202.4013379815, 5220610.17597662], [629202.5738709606, 5220610.001553893], [629202.7284767295, 5220609.81105987], [629202.8636663498, 5220609.606329112], [629202.8674694798, 5220609.59911978], [629202.9677590793, 5220609.6806711545], [629203.1723631426, 5220609.816052445], [629203.3892516684, 5220609.930727133], [629203.6163359015, 5220610.023590838], [629203.8514288968, 5220610.093749231], [629206.5705571963, 5220610.761837019], [629206.8113948798, 5220610.808614437], [629207.0556578528, 5220610.831560388], [629207.3009937293, 5220610.830453889], [629207.5450397907, 5220610.805305599], [629207.7854457401, 5220610.756357707], [629207.8138560619, 5220610.747599414], [629215.8536838513, 5220578.03750043], [629215.8505621653, 5220578.036738085], [629215.6096589804, 5220577.990299177], [629215.3653640012, 5220577.967696528], [629215.1200299221, 5220577.969147811], [629214.8760194443, 5220577.994639051], [629214.6356825221, 5220578.043924754], [629214.4013337315, 5220578.116530268], [629214.1752299793, 5220578.211756367], [629213.9595487684, 5220578.328685969], [629213.7563672266, 5220578.466192979], [629213.5676421034, 5220578.622953129], [629213.3951909249, 5220578.797456732], [629213.24067449, 5220578.988023224], [629213.2112133736, 5220579.032684577], [629213.1244391182, 5220579.033446322], [629212.8805026159, 5220579.059636005], [629212.6403077726, 5220579.109609537], [629212.4061677955, 5220579.182885643], [629212.1803375809, 5220579.278758636], [629211.9649919971, 5220579.396305206], [629211.7622049397, 5220579.534393315], [629211.5739293592, 5220579.6916931], [629211.4019784521, 5220579.866689678], [629211.2480081997, 5220580.057697736], [629211.1135014198, 5220580.26287776], [629210.999753486, 5220580.480253758], [629210.9882789579, 5220580.5086584315], [629210.8736051199, 5220580.486385563], [629210.629342147, 5220580.463439612], [629210.3840062706, 5220580.4645461105], [629210.1399602091, 5220580.489694401], [629209.8995542597, 5220580.538642293], [629209.6651036632, 5220580.6109183915], [629209.4388663068, 5220580.705826637], [629209.2230209799, 5220580.822453013], [629209.0196463912, 5220580.959674343], [629208.830701149, 5220581.116169109], [629208.6580048993, 5220581.2904301835], [629208.5032208014, 5220581.480779336], [629208.3678395108, 5220581.685383399], [629208.2531648233, 5220581.902271925], [629208.1603011189, 5220582.129356158], [629208.0901427259, 5220582.364449154], [629207.3049006457, 5220585.560397356], [629207.2756657334, 5220585.536670175], [629207.0709349758, 5220585.401480556], [629206.8539391527, 5220585.287009033], [629206.6267680525, 5220585.194358033], [629206.3916094572, 5220585.124419834], [629203.6718566885, 5220584.458878793], [629203.4309753038, 5220584.4123269385], [629203.1866909493, 5220584.3896097485], [629202.9413562166, 5220584.390946003], [629202.6973338134, 5220584.41632283], [629202.456973809, 5220584.46549584], [629202.2225910015, 5220584.537991469], [629201.9964426255, 5220584.633111544], [629201.7807066136, 5220584.749940006], [629201.5774606211, 5220584.8873517355], [629201.3886620186, 5220585.04402338], [629201.2161290394, 5220585.218446107], [629201.0615232706, 5220585.40894013], [629200.9263336502, 5220585.613670887], [629200.8118621283, 5220585.830666711], [629200.7192111281, 5220586.057837811], [629200.6492729293, 5220586.292996407], [629199.8738595898, 5220589.461745511], [629199.872902646, 5220589.455352515], [629199.8129759606, 5220589.217445582], [629199.7300188811, 5220588.986558078], [629199.6248303297, 5220588.764913576], [629199.6136281767, 5220588.74402225], [629199.6467555879, 5220588.688778617], [629199.7516974789, 5220588.467017223], [629199.8343976283, 5220588.236037566], [629199.8940595884, 5220587.998064107], [629199.930108782, 5220587.755388661], [629199.9421980357, 5220587.510348325], [629199.9302109231, 5220587.26530297], [629199.8942628868, 5220587.022612519], [629199.8347001262, 5220586.784614211], [629199.7520962631, 5220586.553600103], [629199.6472468177, 5220586.331794985], [629199.5671181496, 5220586.181809609], [629199.6367670214, 5220586.064837097], [629199.7410170246, 5220585.842749607], [629199.8229966549, 5220585.611513241], [629199.8819164034, 5220585.373354932], [629199.9172088411, 5220585.130568276], [629199.9285340821, 5220584.885491441], [629199.9157830585, 5220584.640484649], [629199.8790785695, 5220584.397907451], [629199.8187740992, 5220584.160095997], [629199.735450413, 5220583.929340542], [629199.6299099631, 5220583.707863388], [629199.5787120378, 5220583.612745468], [629199.6444182541, 5220583.502639128], [629199.7488849907, 5220583.280653503], [629199.8310902953, 5220583.049497269], [629199.8902424859, 5220582.811396587], [629199.9257718945, 5220582.568644496], [629199.9373363536, 5220582.323578832], [629199.924824491, 5220582.07855971], [629199.8883568029, 5220581.8359468], [629199.8282844928, 5220581.598076595], [629199.7451860904, 5220581.367239917], [629199.6895638679, 5220581.2502224175], [629217.3421400532, 5220571.981705335], [629221.9716852373, 5220553.146366421], [629221.8296292106, 5220553.181210455], [629221.5982299396, 5220553.262729127], [629221.3759351464, 5220553.366536359], [629219.2082367921, 5220554.511568915], [629219.150506102, 5220554.402950077], [629219.0248711101, 5220554.19222095], [629218.8791860186, 5220553.994820922], [629218.7148538544, 5220553.812651066], [629218.5334572262, 5220553.647465777], [629218.3367430826, 5220553.500855878], [629218.1266058885, 5220553.3742333045], [629217.9050693797, 5220553.268817499], [629217.6742670741, 5220553.185623676], [629217.4364217239, 5220553.125453034], [629217.19382391, 5220553.088885053], [629216.9488099818, 5220553.0762719], [629216.7037395576, 5220553.087735048], [629216.4609727993, 5220553.1231641], [629216.2228476837, 5220553.182217854], [629215.9916574857, 5220553.264327591], [629215.7696286933, 5220553.3687025495], [629214.5580547033, 5220554.012651649], [629214.5458810804, 5220553.996318477], [629214.3806914676, 5220553.814925786], [629214.198517695, 5220553.6505979635], [629214.0011141957, 5220553.504917577], [629213.7903820734, 5220553.379287607], [629213.5683507933, 5220553.274917941], [629213.3371586384, 5220553.192813713], [629213.0990321153, 5220553.133765634], [629212.8562645128, 5220553.098342369], [629212.6111938152, 5220553.086885062], [629212.3661801878, 5220553.0995040545], [629212.1235832454, 5220553.136077818], [629211.8857393294, 5220553.196254128], [629211.6549390065, 5220553.279453453], [629211.4334050105, 5220553.384874538], [629209.855507772, 5220554.233093087], [629209.8421396846, 5220554.2100273445], [629209.6989048794, 5220554.010842237], [629209.5368362343, 5220553.826655725], [629209.3574945588, 5220553.659241628], [629209.1626070115, 5220553.510212233], [629208.9540504658, 5220553.381002775], [629208.7338334355, 5220553.272857613], [629208.5040767308, 5220553.186818243], [629208.2669930343, 5220553.123713271], [629208.0248655918, 5220553.084150433], [629207.7800262228, 5220553.068510739], [629207.5348328643, 5220553.07694481], [629207.2916468623, 5220553.109371422], [629207.0528102311, 5220553.165478285], [629206.8206230979, 5220553.244725063], [629206.5973215518, 5220553.346348565], [629205.2382453671, 5220554.04729636], [629205.2151425016, 5220554.014956601], [629205.053649495, 5220553.830265168], [629204.8748311953, 5220553.662292158], [629204.6804097205, 5220553.512655241], [629204.4722574556, 5220553.382795505], [629204.2523790207, 5220553.273963569], [629204.0228919653, 5220553.187207542], [629203.7860063753, 5220553.123362935], [629203.5440035884, 5220553.083044606], [629203.2992142236, 5220553.066640842], [629203.0539957364, 5220553.074309619], [629202.810709715, 5220553.105977084], [629202.5716991366, 5220553.161338261], [629202.3392658037, 5220553.239859994], [629202.1156481766, 5220553.340786072], [629200.070693071, 5220554.387410963], [629199.9634384318, 5220554.205769558], [629199.8185893648, 5220554.007755255], [629199.6550289897, 5220553.824892136], [629199.4743324826, 5220553.658941274], [629199.2782400496, 5220553.511500864], [629199.0686401679, 5220553.38399084], [629198.847551399, 5220553.2776391925], [629198.6171029487, 5220553.1934701465], [629198.3795141615, 5220553.132294295], [629198.1370731472, 5220553.0947007965], [629197.8921147455, 5220553.081051695], [629197.6469980394, 5220553.09147844], [629197.404083637, 5220553.125880617], [629197.1657109369, 5220553.183926911], [629196.9341755983, 5220553.265058308], [629196.711707433, 5220553.368493467], [629194.9867074329, 5220554.275993466], [629194.7754489311, 5220554.40073625], [629194.5774346277, 5220554.545585318], [629194.3945715085, 5220554.709145692], [629194.2286206456, 5220554.889842199], [629194.172630637, 5220554.964307654], [629143.7463040682, 5220582.20620121], [629143.536432246, 5220582.333263143], [629143.3400252614, 5220582.480284274], [629143.158974621, 5220582.645848709], [629142.9950239414, 5220582.828361972], [629142.8497521572, 5220583.026066361], [629142.7245583151, 5220583.237057874], [629142.6206481005, 5220583.459304547], [629142.5390222252, 5220583.690666025], [629142.4804667912, 5220583.928914168], [629142.4455457194, 5220584.171754517], [629142.4345953185, 5220584.416848388], [629142.4477210472, 5220584.661835391], [629142.4847964974, 5220584.904356169], [629142.5454646123, 5220585.142075113], [629142.6291411248, 5220585.37270286], [629142.7350201842, 5220585.594018339], [629142.7846915904, 5220585.6859629955], [629142.7249850609, 5220585.786546775], [629142.6210353414, 5220586.008774974], [629142.5393683409, 5220586.240121938], [629142.4807705571, 5220586.478359669], [629142.4458063187, 5220586.721193807], [629142.4348123504, 5220586.966285727], [629142.4478945303, 5220587.21127506], [629142.4849268696, 5220587.4538024245], [629142.545552727, 5220587.691532149], [629142.6291882419, 5220587.922174767], [629142.7350279589, 5220588.143509064], [629142.7718635171, 5220588.211722814], [629142.7312988087, 5220588.279974507], [629142.6272275463, 5220588.502145812], [629142.5454340116, 5220588.73344807], [629142.4867059209, 5220588.971653712], [629142.4516088578, 5220589.214468689], [629142.4404808264, 5220589.459554558], [629142.4534289956, 5220589.70455101], [629142.4903286673, 5220589.947098595], [629142.5508244777, 5220590.184861446], [629142.634333819, 5220590.415549778], [629142.7400524507, 5220590.636941936], [629142.7861341728, 5220590.722389911], [629142.7351239568, 5220590.80790657], [629142.6306994354, 5220591.0299120555], [629142.5485380893, 5220591.261083918], [629142.4894311775, 5220591.499195844], [629142.4539479316, 5220591.741954687], [629142.442430075, 5220591.987022546], [629142.4549885306, 5220592.232039284], [629142.4915023538, 5220592.474645255], [629142.5516198965, 5220592.712504032], [629142.6347621939, 5220592.943324904], [629142.7401285403, 5220593.16488494], [629142.8223796689, 5220593.317983163], [629142.7257809397, 5220593.480594073], [629142.6217575754, 5220593.702787809], [629142.5400139065, 5220593.934107695], [629142.4813371695, 5220594.172325992], [629142.4462924532, 5220594.415148528], [629142.4352172575, 5220594.660236792], [629142.4482182425, 5220594.905230447], [629142.4851702017, 5220595.1477700705], [629142.5457172676, 5220595.385519875], [629142.6292763385, 5220595.616190199], [629142.727306725, 5220595.821368147], [629142.6278619986, 5220596.032871442], [629142.5457363565, 5220596.264055991], [629142.4866662201, 5220596.502177043]]], [[[629211.4724700784, 5220610.825852189], [629211.7164805562, 5220610.800360949], [629211.9568174783, 5220610.751075246], [629212.1911662689, 5220610.678469731], [629212.417270021, 5220610.583243633], [629212.632951232, 5220610.46631403], [629212.8361327737, 5220610.328807021], [629213.0248578968, 5220610.172046871], [629213.1973090754, 5220609.997543268], [629213.3518255102, 5220609.806976776], [629213.4869191236, 5220609.602182654], [629213.60128889, 5220609.385133183], [629213.6938333664, 5220609.157918666], [629213.7636612987, 5220608.9227273045], [629220.4061612986, 5220581.722727305], [629220.4526002054, 5220581.4818241205], [629220.4752028552, 5220581.237529141], [629220.4737515716, 5220580.992195062], [629220.4482603315, 5220580.748184584], [629220.3989746296, 5220580.507847662], [629220.3263691139, 5220580.273498871], [629220.2311430152, 5220580.047395119], [629220.1142134131, 5220579.831713908], [629219.9767064034, 5220579.628532367], [629219.819946254, 5220579.439807244], [629219.6454426505, 5220579.267356065], [629219.4548761584, 5220579.11283963], [629219.2500820367, 5220578.977746016], [629219.0330325653, 5220578.8633762505], [629218.8058180488, 5220578.770831774], [629218.765659209, 5220578.75890868], [629210.8933517453, 5220610.7874499755], [629210.9828410201, 5220610.804700823], [629211.2271359992, 5220610.827303472], [629211.4724700784, 5220610.825852189]]]]}}, {"type": "Feature", "properties": {"vineyard_id": "V07", "area_m2": 1361.7}, "geometry": {"type": "MultiPolygon", "coordinates": [[[[629216.8287566758, 5220553.496501038], [629216.6325803307, 5220553.64382978], [629216.4517893704, 5220553.809677738], [629216.2881249106, 5220553.992447706], [629216.1431631295, 5220554.190379509], [629216.0183000881, 5220554.401566955], [629215.914738286, 5220554.623976194], [629215.8334750801, 5220554.855465304], [629215.7752930791, 5220555.093804917], [629215.7407526077, 5220555.336699693], [629215.7301863095, 5220555.581810423], [629215.7436959437, 5220555.826776557], [629215.7811514053, 5220556.069238936], [629215.8421919774, 5220556.306862514], [629215.9262298063, 5220556.537358847], [629216.0324555616, 5220556.758508131], [629217.3671731163, 5220559.219916072], [629217.4945637856, 5220559.429588516], [629217.6418925277, 5220559.625764862], [629217.8077404859, 5220559.806555822], [629217.9905104538, 5220559.970220282], [629218.1884422567, 5220560.115182063], [629218.3996297031, 5220560.240045104], [629218.6220389425, 5220560.343606906], [629218.8535280523, 5220560.424870113], [629219.0918676659, 5220560.483052113], [629219.3347624424, 5220560.517592585], [629219.5798731723, 5220560.528158883], [629219.8248393055, 5220560.514649249], [629220.0673016841, 5220560.477193787], [629220.1767486783, 5220560.449079122], [629222.6671415154, 5220550.316897396], [629217.0384291202, 5220553.369110368], [629216.8287566758, 5220553.496501038]]], [[[629213.4876977308, 5220610.831763166], [629213.7330337837, 5220610.8306965325], [629213.9770839283, 5220610.805587898], [629214.2174978281, 5220610.75667907], [629214.4519601658, 5220610.684441069], [629214.6782129409, 5220610.589569586], [629214.8940772158, 5220610.4729782855], [629215.0974740991, 5220610.335790005], [629215.286444768, 5220610.179325942], [629215.4591693315, 5220610.005092932], [629215.6139843574, 5220609.814768934], [629215.7493988929, 5220609.610186871], [629215.8641088215, 5220609.393316982], [629215.9570094241, 5220609.166247841], [629216.0272060169, 5220608.931166249], [629223.062206017, 5220580.3186662495], [629223.1090225689, 5220580.07783617], [629223.1320082105, 5220579.833576929], [629223.1309415777, 5220579.588240876], [629223.1058329426, 5220579.344190732], [629223.1056327394, 5220579.343206622], [629249.78627271, 5220565.277437076], [629249.9974234016, 5220565.15251189], [629250.1953125353, 5220565.007491866], [629250.3780343308, 5220564.843773627], [629250.5438290772, 5220564.662933867], [629250.6911000804, 5220564.466714174], [629250.8184290403, 5220564.257004249], [629250.9245897093, 5220564.035823714], [629251.0085597022, 5220563.805302659], [629251.069530342, 5220563.567661127], [629251.1069144481, 5220563.325187736], [629251.1203519912, 5220563.080217638], [629251.1097135603, 5220562.835110028], [629251.0751016095, 5220562.592225428], [629251.0168494707, 5220562.353902946], [629250.9355181437, 5220562.122437761], [629250.8318908936, 5220561.900059009], [629250.7769592826, 5220561.795862041], [629250.8308750264, 5220561.70706763], [629250.9370406127, 5220561.485889456], [629251.0210157306, 5220561.255370268], [629251.0819916537, 5220561.017730092], [629251.1193811505, 5220560.775257532], [629251.1328241398, 5220560.530287732], [629251.1221911582, 5220560.285179886], [629251.0875846072, 5220560.042294515], [629251.0293377668, 5220559.80397074], [629250.9480115857, 5220559.5725037465], [629250.8443892797, 5220559.35012269], [629250.6514990667, 5220558.984219376], [629250.7150652173, 5220558.810665404], [629250.7764550709, 5220558.573131822], [629250.8142669532, 5220558.330724772], [629250.828136715, 5220558.085778765], [629250.8179307829, 5220557.840652766], [629250.7837474458, 5220557.597707471], [629250.7259159076, 5220557.359282577], [629250.644993118, 5220557.127674247], [629250.5417584074, 5220556.905112995], [629249.2403452529, 5220554.425934944], [629249.1157928283, 5220554.214564156], [629248.9711221973, 5220554.016419448], [629248.8077266173, 5220553.8334090635], [629248.6271796771, 5220553.66729549], [629248.4312201425, 5220553.519678495], [629248.2217352107, 5220553.391979708], [629248.0007423364, 5220553.285428941], [629247.7703698016, 5220553.201052334], [629247.5328362196, 5220553.139662481], [629247.2904291691, 5220553.101850598], [629247.045483162, 5220553.087980837], [629246.8003571627, 5220553.098186769], [629246.5574118682, 5220553.132370106], [629246.3267160725, 5220553.1883269], [629245.5715898271, 5220551.81467467], [629249.8103618375, 5220549.54596889], [629250.0207253263, 5220549.419722626], [629250.2177015595, 5220549.273465045], [629250.3993935484, 5220549.108604686], [629250.5640514999, 5220548.926729247], [629250.7100896678, 5220548.729590286], [629250.8361016249, 5220548.519086358], [629250.940873807, 5220548.297244734], [629251.0233972006, 5220548.066201868], [629251.0828770606, 5220547.828182829], [629251.1187405633, 5220547.58547987], [629251.1306423235, 5220547.340430357], [629251.1184677208, 5220547.095394245], [629251.0823340034, 5220546.85273137], [629251.0225891585, 5220546.614778707], [629250.9398085618, 5220546.383827869], [629250.8347894355, 5220546.16210304], [629250.6375996746, 5220545.793680459], [629250.6677988981, 5220545.757635477], [629250.8061665071, 5220545.555039028], [629250.9240099136, 5220545.339855738], [629251.0201942213, 5220545.114157941], [629251.0937931224, 5220544.88011923], [629251.1440978197, 5220544.639993525], [629251.1706238511, 5220544.3960933685], [629251.1731157566, 5220544.150767652], [629251.1515495378, 5220543.9063789975], [629251.1061328889, 5220543.665281], [629251.0373031974, 5220543.429795564], [629250.9515915313, 5220543.216774885], [629250.9577617142, 5220543.203523805], [629251.0390249202, 5220542.972034696], [629251.0972069211, 5220542.733695082], [629251.1317473925, 5220542.490800305], [629251.1423136906, 5220542.245689576], [629251.1288040564, 5220542.000723443], [629251.0913485949, 5220541.758261064], [629251.0303080227, 5220541.520637486], [629250.9462701939, 5220541.290141152], [629250.8400444386, 5220541.068991869], [629249.5053268839, 5220538.607583928], [629249.3779362146, 5220538.397911483], [629249.2306074725, 5220538.201735138], [629249.0647595143, 5220538.020944178], [629248.8819895464, 5220537.857279718], [629248.6840577435, 5220537.712317937], [629248.472870297, 5220537.5874548955], [629248.2504610576, 5220537.483893094], [629248.0189719478, 5220537.402629887], [629247.7806323343, 5220537.344447887], [629247.5377375578, 5220537.309907415], [629247.2926268278, 5220537.299341117], [629247.0476606947, 5220537.312850751], [629246.8051983161, 5220537.350306213], [629246.5675747374, 5220537.411346785], [629246.3370784034, 5220537.495384614], [629246.1159291202, 5220537.601610369], [629226.2314953791, 5220548.384098857], [629223.7152326788, 5220558.621532313], [629225.5882587542, 5220557.60586939], [629226.4489959864, 5220559.214041292], [629226.5752422503, 5220559.42440478], [629226.7214998318, 5220559.621381014], [629226.88636019, 5220559.803073003], [629227.0682356298, 5220559.967730954], [629227.2653745912, 5220560.113769122], [629227.4758785182, 5220560.23978108], [629227.697720143, 5220560.344553262], [629227.8370147259, 5220560.3943062015], [629222.6039190672, 5220563.142919983], [629211.0194638073, 5220610.274362116], [629213.0026084104, 5220610.761960972], [629213.2434384896, 5220610.808777524], [629213.4876977308, 5220610.831763166]]], [[[629193.7624347825, 5220581.551834596], [629193.701044929, 5220581.789368178], [629193.6632330468, 5220582.031775229], [629193.649363285, 5220582.276721235], [629193.6595692171, 5220582.521847234], [629193.6937525544, 5220582.764792529], [629193.7515840924, 5220583.003217422], [629193.832506882, 5220583.234825753], [629193.9357415925, 5220583.457387005], [629194.0478847179, 5220583.671018451], [629193.954124974, 5220583.825432369], [629193.8479593876, 5220584.0466105435], [629193.7639842697, 5220584.277129732], [629193.7030083465, 5220584.514769908], [629193.6656188497, 5220584.757242467], [629193.6521758604, 5220585.002212267], [629193.6628088419, 5220585.247320114], [629193.6974153928, 5220585.4902054835], [629193.7556622333, 5220585.72852926], [629193.8369884144, 5220585.959996253], [629193.9406107204, 5220586.18237731], [629193.9983295725, 5220586.291867153], [629193.9490709597, 5220586.372995751], [629193.8429102907, 5220586.594176286], [629193.7589402979, 5220586.824697341], [629193.6979696581, 5220587.062338873], [629193.660585552, 5220587.304812264], [629193.6471480089, 5220587.549782362], [629193.6577864398, 5220587.794889972], [629193.6923983906, 5220588.037774572], [629193.7506505294, 5220588.276097054], [629193.8319818564, 5220588.507562239], [629193.9356091064, 5220588.729940991], [629195.2413946418, 5220591.206818893], [629195.3663198275, 5220591.417969584], [629195.5113398513, 5220591.615858718], [629195.6750580912, 5220591.798580513], [629195.8558978508, 5220591.96437526], [629196.0521175445, 5220592.111646264], [629196.2618274693, 5220592.238975223], [629196.4830080041, 5220592.345135893], [629196.7135290593, 5220592.429105885], [629196.9511705913, 5220592.490076525], [629197.193643982, 5220592.527460632], [629197.4386140804, 5220592.540898175], [629197.6837216902, 5220592.530259743], [629197.9266062914, 5220592.495647793], [629198.1649287724, 5220592.437395654], [629198.3963939573, 5220592.356064327], [629198.61877271, 5220592.2524370765], [629214.102777586, 5220584.0894228285], [629208.452793983, 5220607.068833751], [629208.4059774311, 5220607.30966383], [629208.3829917895, 5220607.553923071], [629208.3840584223, 5220607.799259124], [629208.4091670574, 5220608.043309269], [629208.4405852528, 5220608.197747053], [629219.0566875632, 5220565.006056076], [629194.9890072112, 5220577.64728456], [629194.7776656534, 5220577.771886577], [629194.5795548962, 5220577.916603696], [629194.3965828547, 5220578.080042211], [629194.2305116494, 5220578.260628123], [629194.0829406371, 5220578.456622289], [629193.9552910072, 5220578.6661371775], [629193.8487920953, 5220578.887155047], [629193.7644695443, 5220579.117547372], [629193.7031354264, 5220579.355095352], [629193.6653804226, 5220579.597511268], [629193.6515681344, 5220579.842460522], [629193.6618315816, 5220580.08758412], [629193.6960719216, 5220580.330521387], [629193.7539594012, 5220580.568932705], [629193.8349365323, 5220580.8005220415], [629193.9382234608, 5220581.023059065], [629193.9670705373, 5220581.077981118], [629193.9533621571, 5220581.100469187], [629193.8468113894, 5220581.321462061], [629193.7624347825, 5220581.551834596]]]]}}, {"type": "Feature", "properties": {"vineyard_id": "V08", "area_m2": 1991.8}, "geometry": {"type": "Polygon", "coordinates": [[[629449.9813834184, 5220550.5382051505], [629449.9553424215, 5220550.78215757], [629449.9533383377, 5220551.027487757], [629449.9753904673, 5220551.271833045], [629450.0212864365, 5220551.512840258], [629450.0905842417, 5220551.748188363], [629450.1826165074, 5220551.975610831], [629450.2964969124, 5220552.192917458], [629450.4311287263, 5220552.398015462], [629450.5852153711, 5220552.588929637], [629450.7572729081, 5220552.7638213765], [629450.9456443293, 5220552.921006377], [629451.1485155147, 5220553.058970861], [629451.3639327041, 5220553.176386154], [629451.5898213122, 5220553.272121483], [629451.8240059081, 5220553.345254866], [629462.4265116932, 5220556.093278413], [629462.4290348544, 5220556.32633993], [629462.4557239386, 5220556.570222298], [629462.50618916, 5220556.810314318], [629462.5799445107, 5220557.044303773], [629462.6762796864, 5220557.269937215], [629462.7942669268, 5220557.485041673], [629462.9327699501, 5220557.687545572], [629463.0904548967, 5220557.87549869], [629463.2658031742, 5220558.047090934], [629463.4571260829, 5220558.200669777], [629463.6625810785, 5220558.334756172], [629463.8801895172, 5220558.448058793], [629464.1078557108, 5220558.539486475], [629464.3433871092, 5220558.608158718], [629472.6483871093, 5220560.593158718], [629472.8895154166, 5220560.6384141715], [629473.1339184352, 5220560.659817], [629473.3792424306, 5220560.657161083], [629473.6231247985, 5220560.630471999], [629473.8632168185, 5220560.580006777], [629474.0972062731, 5220560.506251427], [629474.3228397159, 5220560.409916251], [629474.5379441736, 5220560.291929011], [629474.7404480726, 5220560.153425988], [629474.9284011897, 5220559.99574104], [629475.0999934337, 5220559.820392763], [629475.2535722773, 5220559.6290698545], [629475.3714625646, 5220559.44843148], [629479.7190059081, 5220560.575254867], [629479.9592311662, 5220560.625081988], [629480.2031835859, 5220560.6511229845], [629480.448513772, 5220560.653127069], [629480.6928590608, 5220560.631074939], [629480.9338662736, 5220560.585178969], [629481.1692143792, 5220560.515881164], [629481.3966368465, 5220560.423848899], [629481.613943473, 5220560.309968494], [629481.819041477, 5220560.175336679], [629482.0099556529, 5220560.021250035], [629482.166095918, 5220559.867640096], [629485.0289097287, 5220560.583505412], [629485.2695533596, 5220560.631271085], [629485.5137200803, 5220560.655219553], [629485.7590584318, 5220560.655120178], [629486.0032056718, 5220560.630973919], [629486.2438105287, 5220560.583013317], [629486.4785558464, 5220560.511700257], [629486.705180899, 5220560.417721525], [629486.9215031634, 5220560.301982186], [629487.1254393382, 5220560.165596874], [629487.3150254061, 5220560.0098790545], [629487.4884355499, 5220559.836328374], [629487.6439997351, 5220559.646616221], [629487.7802197936, 5220559.442569627], [629487.8957838516, 5220559.226153674], [629487.9895789642, 5220558.999452564], [629488.0607018332, 5220558.764649552], [629488.2978904987, 5220557.816109411], [629499.2800459408, 5220560.581908415], [629499.5206088731, 5220560.630078864], [629499.7647349589, 5220560.654438068], [629500.0100731303, 5220560.654751436], [629500.2542606468, 5220560.631015948], [629500.4949458491, 5220560.583460192], [629500.7298108069, 5220560.512542154], [629500.9565936426, 5220560.418944814], [629501.1731103134, 5220560.3035695655], [629501.3772756454, 5220560.167527536], [629501.5671234147, 5220560.012128884], [629501.7408252837, 5220559.838870184], [629501.8967084083, 5220559.649420011], [629502.0332715489, 5220559.445602874], [629502.0888777773, 5220559.3418898], [629503.0327629747, 5220559.578218474], [629503.2733921167, 5220559.626057085], [629503.5175515672, 5220559.65007956], [629503.7628899376, 5220559.650054549], [629504.0070444852, 5220559.625982292], [629504.2476638681, 5220559.57809462], [629504.4824307903, 5220559.506852716], [629504.7090843179, 5220559.41294268], [629504.9254416535, 5220559.297268914], [629505.1294191577, 5220559.160945423], [629505.3190524158, 5220559.005285075], [629505.4925151557, 5220558.831786963], [629505.6481368364, 5220558.642121972], [629505.7844187359, 5220558.438116677], [629505.9000483853, 5220558.221735761], [629505.9939122077, 5220557.995063091], [629506.0651062431, 5220557.760281648], [629506.7451738513, 5220555.044124794], [629506.7930124624, 5220554.803495652], [629506.8170349373, 5220554.559336202], [629506.8170099261, 5220554.313997831], [629506.7929376699, 5220554.069843284], [629506.7450499977, 5220553.829223901], [629506.6738080939, 5220553.594456979], [629506.5926303732, 5220553.398533121], [629506.7363180255, 5220552.828351099], [629506.7845242831, 5220552.5877953395], [629506.8089198269, 5220552.343672883], [629506.8092697142, 5220552.09833476], [629506.7855705756, 5220551.854143714], [629506.7380506468, 5220551.613451435], [629506.6671675706, 5220551.378575923], [629506.613904851, 5220551.249467862], [629506.727371536, 5220550.795512373], [629506.7751133336, 5220550.554864004], [629506.7990375765, 5220550.310694909], [629506.798913861, 5220550.0653565675], [629506.7747433789, 5220549.821211725], [629506.7267589048, 5220549.580611628], [629506.6554225554, 5220549.345873387], [629506.561421339, 5220549.119257659], [629506.5421345547, 5220549.083218348], [629506.7378636528, 5220548.302324109], [629506.7857631155, 5220548.061707073], [629506.8098473354, 5220547.817553705], [629506.8098843684, 5220547.572215336], [629506.7858738577, 5220547.328054708], [629506.7380470376, 5220547.087423223], [629506.6668645067, 5220546.852638291], [629506.6320717526, 5220546.768605278], [629506.7402170106, 5220546.336783752], [629506.7880694541, 5220546.09615736], [629506.8121059645, 5220545.851999291], [629506.8120950566, 5220545.606660919], [629506.7880368357, 5220545.362504988], [629506.7401629955, 5220545.121882853], [629506.6689345874, 5220544.887111835], [629506.60189811, 5220544.725291812], [629506.7482044223, 5220544.134409424], [629506.7954147565, 5220543.893656229], [629506.8187998205, 5220543.649434905], [629506.8181344031, 5220543.404097435], [629506.7934249127, 5220543.160006555], [629506.7449093153, 5220542.919512993], [629506.6730548425, 5220542.684932834], [629506.5785534922, 5220542.458525212], [629506.4922538702, 5220542.298117991], [629506.7383960765, 5220541.305108341], [629506.7856673027, 5220541.064367095], [629506.8091141364, 5220540.820151692], [629506.8085107718, 5220540.574814063], [629506.7838630197, 5220540.330716941], [629506.7354082514, 5220540.090211115], [629506.6636131128, 5220539.855612789], [629506.6185444507, 5220539.747559799], [629506.7427083673, 5220539.251751916], [629506.7905580406, 5220539.011124973], [629506.8145917399, 5220538.766966627], [629506.8145780074, 5220538.521628256], [629506.7905169756, 5220538.277472602], [629506.7426403651, 5220538.036851018], [629506.6714092541, 5220537.802080821], [629506.5896795472, 5220537.604799088], [629506.7381566202, 5220537.013404908], [629506.7861501157, 5220536.77280661], [629506.8103297522, 5220536.528662673], [629506.8104626667, 5220536.283324338], [629506.786547579, 5220536.039154345], [629506.7388148047, 5220535.798504187], [629506.6677240364, 5220535.563691454], [629506.5842509599, 5220535.361860419], [629506.7445601345, 5220534.719368363], [629506.7922023502, 5220534.47870026], [629506.8160255563, 5220534.234521286], [629506.8158003225, 5220533.989183017], [629506.7915288176, 5220533.745048196], [629506.7434447898, 5220533.504467975], [629506.6720113143, 5220533.269759272], [629506.6079912843, 5220533.115601693], [629506.7479152259, 5220532.5575142475], [629506.7958312324, 5220532.316900506], [629506.8199322396, 5220532.072748794], [629506.8199861412, 5220531.827410429], [629506.7959924182, 5220531.583248151], [629506.7481821433, 5220531.342613378], [629506.6770157557, 5220531.107823553], [629506.5831786264, 5220530.881139831], [629506.4675744583, 5220530.6647453], [629506.3313165829, 5220530.460723958], [629506.1757172378, 5220530.271040642], [629506.0022749299, 5220530.097522105], [629505.8126600033, 5220529.941839427], [629505.6086985536, 5220529.805491917], [629505.392354841, 5220529.689792675], [629505.1657123736, 5220529.5958559485], [629504.9309538424, 5220529.524586399], [629453.7484538424, 5220516.692086399], [629453.5078401002, 5220516.644170392], [629453.2636883891, 5220516.6200693855], [629453.0183500233, 5220516.620015483], [629452.7741877456, 5220516.644009206], [629452.5335529723, 5220516.691819482], [629452.3312232245, 5220516.7531469995], [629450.9841614043, 5220530.867027558], [629450.9592444012, 5220531.053552258], [629450.9203677273, 5220531.237674296], [629450.1190599614, 5220534.432633841], [629450.1619524742, 5220534.535396308], [629450.0397829897, 5220535.023216248], [629449.991930546, 5220535.263842639], [629449.9678940357, 5220535.508000708], [629449.9679049435, 5220535.753339079], [629449.9919631643, 5220535.9974950105], [629450.0398370044, 5220536.238117145], [629450.1110654124, 5220536.472888163], [629450.145391442, 5220536.55574811], [629450.0396363473, 5220536.9776758915], [629449.9917368846, 5220537.218292927], [629449.9676526646, 5220537.462446296], [629449.9676156316, 5220537.707784664], [629449.9916261424, 5220537.951945292], [629450.0394529625, 5220538.192576777], [629450.1106354933, 5220538.427361708], [629450.2044882085, 5220538.654038978], [629450.2441465688, 5220538.728261498], [629450.0476284641, 5220539.514487627], [629449.9998866664, 5220539.755135995], [629449.9759624236, 5220539.999305091], [629449.9760861389, 5220540.244643431], [629450.000256621, 5220540.488788274], [629450.048241095, 5220540.729388371], [629450.1195774442, 5220540.964126612], [629450.1386512611, 5220541.010109282], [629450.0336819747, 5220541.426648901], [629449.985475717, 5220541.66720466], [629449.9610801733, 5220541.911327117], [629449.9607302858, 5220542.1566652395], [629449.9844294245, 5220542.400856286], [629450.0319493533, 5220542.641548565], [629450.1028324295, 5220542.876424076], [629450.1963960103, 5220543.103220842], [629450.1989179333, 5220543.1079552565], [629450.0423261488, 5220543.733375205], [629449.9944875378, 5220543.974004346], [629449.9704650629, 5220544.218163797], [629449.9704900739, 5220544.463502167], [629449.99456233, 5220544.707656714], [629450.0424500019, 5220544.948276097], [629450.1136919056, 5220545.183043019], [629450.1311866883, 5220545.225266986], [629450.0362931482, 5220545.602060674], [629449.9881226992, 5220545.842623606], [629449.9637634947, 5220546.086749692], [629449.9634501273, 5220546.332087863], [629449.9871856148, 5220546.57627538], [629450.0347413714, 5220546.8169605825], [629450.1056594094, 5220547.05182554], [629450.1992567492, 5220547.278608376], [629450.3146319974, 5220547.495125047], [629450.4411841078, 5220547.685048365], [629450.0475538695, 5220549.259213307], [629449.9997881964, 5220549.499856938], [629449.9758397285, 5220549.744023658], [629449.9759391028, 5220549.98936201], [629450.000085362, 5220550.233509249], [629450.0218919166, 5220550.342906601], [629449.9813834184, 5220550.5382051505]]]}}, {"type": "Feature", "properties": {"vineyard_id": "V09", "area_m2": 3804.5}, "geometry": {"type": "MultiPolygon", "coordinates": [[[[629250.0427660156, 5220491.483474515], [629250.2387626073, 5220491.335906725], [629250.4193512491, 5220491.169838489], [629250.5827927736, 5220490.986869135], [629250.7275131496, 5220490.788760757], [629250.8521186407, 5220490.577421247], [629250.955409228, 5220490.354885922], [629251.0363901666, 5220490.123297917], [629251.0942815659, 5220489.884887551], [629251.1285259, 5220489.641950847], [629251.1387933772, 5220489.396827417], [629251.1249851162, 5220489.151877936], [629251.0872340979, 5220488.909461399], [629251.0259038855, 5220488.671912411], [629250.9415851223, 5220488.441518699], [629250.8506707214, 5220488.252835532], [629250.9506780156, 5220488.037952392], [629251.0318968765, 5220487.80644772], [629251.0900332205, 5220487.568096966], [629251.1245271628, 5220487.325195577], [629251.1350465077, 5220487.080082828], [629251.1214899485, 5220486.8351192875], [629251.083988042, 5220486.592664088], [629251.0229019522, 5220486.355052207], [629250.9388199714, 5220486.124571975], [629250.8325518554, 5220485.903443044], [629249.4973628223, 5220483.442290824], [629249.3699319904, 5220483.232642787], [629249.2225656719, 5220483.036494667], [629249.0566830848, 5220482.855735479], [629248.8738817689, 5220482.692106034], [629248.6759222011, 5220482.547182171], [629248.46471084, 5220482.422359586], [629248.2422817666, 5220482.31884039], [629248.2406344708, 5220482.318262469], [629249.8449880071, 5220481.449247483], [629250.0547192374, 5220481.32195362], [629250.2509635742, 5220481.174715456], [629250.431831077, 5220481.008950975], [629250.595579893, 5220480.826256581], [629250.7406330316, 5220480.6283917185], [629250.8655935518, 5220480.417261936], [629250.9692580153, 5220480.1949005285], [629251.0506280769, 5220479.963448958], [629251.1089200982, 5220479.725136228], [629251.1435726953, 5220479.482257423], [629251.1542521447, 5220479.237151597], [629251.1408555974, 5220478.992179253], [629251.1035120698, 5220478.749699609], [629251.0425812, 5220478.512047878], [629250.958649786, 5220478.281512774], [629250.852526133, 5220478.060314476], [629249.8178514761, 5220476.150124235], [629249.8457284577, 5220476.134990278], [629250.055339278, 5220476.007498236], [629250.2514443593, 5220475.8600746505], [629250.432155103, 5220475.694139291], [629250.5957311655, 5220475.511290204], [629250.7405972199, 5220475.313288328], [629250.865358127, 5220475.102040529], [629250.9688123713, 5220474.879581238], [629251.0499636313, 5220474.648052861], [629251.1080303766, 5220474.409685141], [629251.1424533923, 5220474.166773691], [629251.1529011661, 5220473.921657881], [629251.1392730803, 5220473.676698308], [629251.1017003806, 5220473.43425407], [629251.0405449128, 5220473.196660035], [629250.9563956374, 5220472.966204365], [629250.8500629581, 5220472.745106473], [629250.6811183546, 5220472.433907929], [629250.7253509046, 5220472.373096174], [629250.8495224123, 5220472.161501388], [629250.9523560845, 5220471.938754553], [629251.0328615766, 5220471.707000842], [629251.090263577, 5220471.468472172], [629251.1240092725, 5220471.225465701], [629251.1337736743, 5220470.9803217165], [629251.1194627453, 5220470.735401089], [629251.0812143078, 5220470.493062537], [629251.0193967152, 5220470.255639914], [629250.9346053047, 5220470.025419731], [629250.8276566637, 5220469.804619131], [629249.8775533503, 5220468.066090641], [629250.0426714839, 5220467.966355477], [629250.2392294325, 5220467.819536236], [629250.4204500987, 5220467.654157923], [629250.5845882285, 5220467.471813219], [629250.7300630818, 5220467.274258205], [629250.8554736566, 5220467.063395442], [629250.95961218, 5220466.841255656], [629251.0414757415, 5220466.609978174], [629251.1002759502, 5220466.371790323], [629251.1354465277, 5220466.128985984], [629251.1466487624, 5220465.883903495], [629251.1337747705, 5220465.6389031345], [629251.0969485356, 5220465.396344389], [629251.0365247146, 5220465.158563232], [629250.9530852217, 5220464.927849627], [629250.8474336251, 5220464.706425471], [629249.8921770074, 5220462.933836987], [629250.035692845, 5220462.846970966], [629250.2321165092, 5220462.69997212], [629250.4131859334, 5220462.534428229], [629250.5771573198, 5220462.351933568], [629250.7224515344, 5220462.1542456625], [629250.8476693145, 5220461.943268356], [629250.9516047444, 5220461.7210334735], [629251.0332568693, 5220461.489681259], [629251.0918393342, 5220461.25143976], [629251.1267879584, 5220461.0086033745], [629251.1377661672, 5220460.763510749], [629251.1246682346, 5220460.518522257], [629251.0876203008, 5220460.275997275], [629251.0269791577, 5220460.038271449], [629250.9433288126, 5220459.807634209], [629250.8374748641, 5220459.586306718], [629249.5068957609, 5220457.122659168], [629249.3798576404, 5220456.912772931], [629249.2328587944, 5220456.7163492665], [629249.0673149021, 5220456.535279843], [629248.8848202417, 5220456.371308456], [629248.6871323368, 5220456.226014242], [629248.4761550296, 5220456.100796462], [629248.2539201471, 5220455.996861031], [629248.0225679327, 5220455.915208907], [629247.7843264346, 5220455.856626442], [629247.5414900489, 5220455.821677818], [629247.2963974224, 5220455.810699609], [629247.0514089314, 5220455.823797542], [629246.8088839487, 5220455.860845475], [629246.5711581227, 5220455.921486618], [629246.340520883, 5220456.005136964], [629246.119193392, 5220456.110990912], [629242.2905157174, 5220458.178802319], [629242.0867508315, 5220458.620872257], [629239.0176261988, 5220488.589947754], [629238.9927055776, 5220488.748748161], [629236.8898618382, 5220498.650205342], [629249.8332490284, 5220491.611120701], [629250.0427660156, 5220491.483474515]]], [[[629142.619718088, 5220549.618077195], [629142.5381910321, 5220549.849473513], [629142.4797373568, 5220550.087746643], [629142.4449200026, 5220550.330601885], [629142.4340742799, 5220550.57570041], [629142.4473046387, 5220550.820681785], [629142.4844836636, 5220551.063186706], [629142.5452533002, 5220551.300879718], [629142.6290283037, 5220551.531471707], [629142.7350018751, 5220551.752741946], [629142.8533203612, 5220551.971532832], [629142.7880683428, 5220552.0544561045], [629142.6559807225, 5220552.261201787], [629142.5447937606, 5220552.479898783], [629142.4555782486, 5220552.708440921], [629142.3891933805, 5220552.944627216], [629142.3462784789, 5220553.186183064], [629142.3272468377, 5220553.430782151], [629142.3322817421, 5220553.676068854], [629142.3613347032, 5220553.919680927], [629142.414125925, 5220554.159272253], [629142.4901469994, 5220554.392535436], [629142.5886658017, 5220554.617224026], [629142.708733542, 5220554.831174146], [629142.8491939023, 5220555.032325343], [629143.0086941727, 5220555.218740419], [629143.0532029967, 5220555.265867408], [629143.0434836759, 5220555.333312351], [629143.0324600665, 5220555.57840294], [629143.0455126174, 5220555.823393853], [629143.0825156254, 5220556.065925694], [629143.1431127313, 5220556.303662749], [629143.2267203517, 5220556.53431548], [629143.3325332999, 5220556.755662575], [629144.6626560157, 5220559.219556559], [629144.7896552548, 5220559.429466325], [629144.9366177128, 5220559.625917216], [629145.1021280611, 5220559.807017302], [629145.2845923443, 5220559.97102249], [629145.4822533318, 5220560.116353323], [629145.6932074401, 5220560.2416101815], [629145.9154230658, 5220560.345586777], [629146.1467601511, 5220560.427281756], [629146.3849907933, 5220560.485908352], [629146.6278207011, 5220560.5209019575], [629146.8729112897, 5220560.531925567], [629147.1179022029, 5220560.518873016], [629147.3604340442, 5220560.481870009], [629147.5981710992, 5220560.421272903], [629147.8288238304, 5220560.337665282], [629148.0501709258, 5220560.231852334], [629198.6201709257, 5220532.931852334], [629198.8300806916, 5220532.804853095], [629199.0265315823, 5220532.6578906365], [629199.2076316685, 5220532.492380288], [629199.3716368574, 5220532.3099160055], [629199.516967689, 5220532.112255018], [629199.6422245483, 5220531.90130091], [629199.7462011431, 5220531.679085284], [629199.8278961221, 5220531.447748199], [629199.8865227178, 5220531.209517556], [629199.9215163242, 5220530.966687649], [629199.9325399337, 5220530.721597061], [629199.9194873829, 5220530.476606147], [629199.8824843748, 5220530.234074306], [629199.821887269, 5220529.996337251], [629199.7382796485, 5220529.76568452], [629199.6324667003, 5220529.544337424], [629198.5730104372, 5220527.581820822], [629198.6401612344, 5220527.545506784], [629198.8499787706, 5220527.418355228], [629199.0463229462, 5220527.2712502275], [629199.2273028593, 5220527.105608482], [629199.2597852048, 5220527.069417388], [629231.509711851, 5220509.542335223], [629232.6495307883, 5220504.1753799], [629232.1105456356, 5220503.183644284], [629231.9829576276, 5220502.974091863], [629231.8354442618, 5220502.778054307], [629231.6694261724, 5220502.597419564], [629231.4865022046, 5220502.433927244], [629231.2884340159, 5220502.289151869], [629231.0771291115, 5220502.164487704], [629230.854622473, 5220502.061135334], [629230.7105815352, 5220502.010722681], [629233.422473982, 5220500.53589695], [629236.0414349785, 5220488.204248298], [629238.9304896056, 5220459.993502043], [629194.946693392, 5220483.748490912], [629194.7368071551, 5220483.875529033], [629194.5403834909, 5220484.022527879], [629194.3593140667, 5220484.188071771], [629194.1953426803, 5220484.370566431], [629194.0500484657, 5220484.568254337], [629193.9248306856, 5220484.779231643], [629193.8208952557, 5220485.001466526], [629193.7392431308, 5220485.23281874], [629193.6806606659, 5220485.471060239], [629193.6457120416, 5220485.713896625], [629193.6347338329, 5220485.9589892505], [629193.6478317655, 5220486.203977742], [629193.6848796993, 5220486.446502725], [629193.7455208424, 5220486.684228551], [629193.8291711875, 5220486.91486579], [629193.935025136, 5220487.136193281], [629194.8659937202, 5220488.859937827], [629194.7398285161, 5220488.936144521], [629194.5432705675, 5220489.082963763], [629194.3620499014, 5220489.248342076], [629194.1979117716, 5220489.43068678], [629194.0524369183, 5220489.628241794], [629193.9270263435, 5220489.8391045565], [629193.8228878201, 5220490.0612443425], [629193.7410242585, 5220490.292521825], [629193.6822240499, 5220490.5307096755], [629193.6470534723, 5220490.773514015], [629193.6358512377, 5220491.018596504], [629193.6487252295, 5220491.263596864], [629193.6855514644, 5220491.50615561], [629193.7459752855, 5220491.743936767], [629193.8294147784, 5220491.974650372], [629193.935066375, 5220492.196074528], [629195.0426106508, 5220494.25125027], [629194.9347236468, 5220494.310210362], [629194.7254690625, 5220494.43828626], [629194.5297757292, 5220494.586255972], [629194.3495282808, 5220494.752694472], [629194.186462599, 5220494.935998864], [629194.0421490952, 5220495.134403826], [629193.9179775876, 5220495.345998611], [629193.8151439154, 5220495.568745446], [629193.7346384233, 5220495.800499157], [629193.6772364231, 5220496.039027829], [629193.6434907274, 5220496.282034298], [629193.6337263258, 5220496.527178283], [629193.6480372548, 5220496.772098911], [629193.6862856924, 5220497.014437462], [629193.7481032851, 5220497.251860086], [629193.8328946957, 5220497.48208027], [629193.9398433364, 5220497.70288087], [629194.0429848874, 5220497.891612477], [629193.919641873, 5220498.1004594695], [629193.8161876289, 5220498.322918761], [629193.7350363687, 5220498.554447138], [629193.6769696235, 5220498.792814857], [629193.6425466079, 5220499.035726308], [629193.632098834, 5220499.280842118], [629193.6457269199, 5220499.52580169], [629193.6832996196, 5220499.768245929], [629193.7444550873, 5220500.005839963], [629193.8286043628, 5220500.236295634], [629193.9349370421, 5220500.457393526], [629194.9540472631, 5220502.33461014], [629194.806536426, 5220502.445284544], [629194.6256689231, 5220502.611049024], [629194.4619201071, 5220502.7937434185], [629194.3168669685, 5220502.991608281], [629194.1919064483, 5220503.202738063], [629194.0882419848, 5220503.425099471], [629194.0068719232, 5220503.656551042], [629193.948579902, 5220503.894863771], [629193.9139273048, 5220504.137742576], [629193.9032478554, 5220504.3828484025], [629193.9166444027, 5220504.627820746], [629193.9408071686, 5220504.7847148385], [629190.7353068229, 5220506.525920712], [629190.7136519202, 5220506.375444596], [629190.6550715944, 5220506.137202571], [629190.573421547, 5220505.9058496235], [629190.4694881125, 5220505.683613808], [629189.1602924059, 5220503.208536717], [629189.0350765203, 5220502.9975582855], [629188.8897840808, 5220502.799869075], [629188.7258143331, 5220502.617372943], [629188.5447463954, 5220502.4518274255], [629188.3483240512, 5220502.304826816], [629188.1384389548, 5220502.17778681], [629187.9171124145, 5220502.071930874], [629187.686475926, 5220501.988278458], [629187.4487506445, 5220501.927635181], [629187.2062259945, 5220501.890585069], [629186.961237621, 5220501.877484936], [629186.716144896, 5220501.888460944], [629186.4733081964, 5220501.923407388], [629186.2350661723, 5220501.981987714], [629186.0037132248, 5220502.063637761], [629185.7814774088, 5220502.167571195], [629174.5989774088, 5220508.082571195], [629174.3879989774, 5220508.207787082], [629174.1903097678, 5220508.353079521], [629174.0078136352, 5220508.517049269], [629173.842268117, 5220508.698117206], [629173.6952675072, 5220508.894539551], [629173.568227502, 5220509.104424647], [629173.4623715662, 5220509.325751187], [629173.3787191501, 5220509.556387676], [629173.3180758724, 5220509.794112957], [629173.2810257608, 5220510.036637607], [629173.2679256283, 5220510.2816259805], [629173.2789016365, 5220510.526718706], [629173.31384808, 5220510.769555405], [629173.3724284058, 5220511.007797429], [629173.4540784532, 5220511.239150377], [629173.5580118877, 5220511.461386193], [629174.8672075943, 5220513.936463283], [629174.9924234799, 5220514.147441715], [629175.1377159194, 5220514.345130925], [629175.3016856671, 5220514.527627057], [629175.4827536048, 5220514.693172575], [629175.573983293, 5220514.761448004], [629165.358452353, 5220520.310454573], [629165.1488720123, 5220520.4379967125], [629164.9528021738, 5220520.585467167], [629164.7721310974, 5220520.751445716], [629164.6085987444, 5220520.934333895], [629164.4637800207, 5220521.132370391], [629164.3390696098, 5220521.343648005], [629164.235668541, 5220521.5661320165], [629164.1545726233, 5220521.797679785], [629164.0965628547, 5220522.036061376], [629164.0621979008, 5220522.278981048], [629164.0518087152, 5220522.524099348], [629164.0654953511, 5220522.769055655], [629164.103125999, 5220523.011490907], [629164.164338255, 5220523.2490703175], [629164.2485426116, 5220523.479505868], [629164.354928135, 5220523.700578338], [629164.5619640893, 5220524.081724435], [629164.1976019916, 5220524.424526645], [629164.0273797166, 5220524.601205149], [629163.8752946303, 5220524.793717598], [629163.7428113951, 5220525.000209993], [629163.6312058968, 5220525.218693698], [629163.5415529575, 5220525.447064595], [629163.474715984, 5220525.68312335], [629163.4313386529, 5220525.924596586], [629163.4118387115, 5220526.169158785], [629163.416403955, 5220526.414454678], [629163.4449904176, 5220526.658121932], [629163.4973227959, 5220526.8978138985], [629163.5623310392, 5220527.098589341], [629153.5743679041, 5220532.511101471], [629153.3646605874, 5220532.638434727], [629153.1684439102, 5220532.785709749], [629152.9876075464, 5220532.951508199], [629152.823893049, 5220533.134233348], [629152.6788770783, 5220533.332125451], [629152.5539562174, 5220533.543278702], [629152.450333522, 5220533.765659577], [629152.369006936, 5220533.9971264275], [629152.3107596784, 5220534.235450102], [629152.2761527022, 5220534.478335411], [629152.2655192915, 5220534.723443239], [629152.2789618521, 5220534.968413062], [629152.3163509244, 5220535.210885687], [629152.3773264316, 5220535.44852597], [629152.4253341684, 5220535.580312206], [629151.5762361266, 5220536.035854138], [629151.3659976826, 5220536.16230853], [629151.169166292, 5220536.308760981], [629150.9876375487, 5220536.473801073], [629150.8231596738, 5220536.65583938], [629150.6773166792, 5220536.8531227745], [629150.5515131125, 5220537.063751308], [629150.446960531, 5220537.285696514], [629150.3646658331, 5220537.516820937], [629150.3054215617, 5220537.754898725], [629150.2697982716, 5220537.997637057], [629150.2581390346, 5220538.242698231], [629150.2705561353, 5220538.487722172], [629150.3069299905, 5220538.730349169], [629150.3669103, 5220538.968242588], [629150.4499194206, 5220539.199111388], [629150.555157929, 5220539.420732174], [629151.6452787754, 5220541.452640571], [629143.7534530467, 5220545.694848714], [629143.5433170999, 5220545.821473358], [629143.3466044004, 5220545.968085194], [629143.1652093993, 5220546.133272271], [629143.0008790295, 5220546.315443745], [629142.8551958824, 5220546.512845207], [629142.7295629663, 5220546.7235755725], [629142.6251901947, 5220546.9456053935], [629142.5430827347, 5220547.1767964], [629142.4840313258, 5220547.414922097], [629142.4486046656, 5220547.657689204], [629142.4371439319, 5220547.902759742], [629142.4497594981, 5220548.147773545], [629142.4863298693, 5220548.390370999], [629142.5465028527, 5220548.628215756], [629142.6296989499, 5220548.859017243], [629142.7351169367, 5220549.080552713], [629142.818474668, 5220549.235624002], [629142.7235333739, 5220549.395786163], [629142.619718088, 5220549.618077195]]]]}}, {"type": "Feature", "properties": {"vineyard_id": "V10", "area_m2": 799.1}, "geometry": {"type": "Polygon", "coordinates": [[[629453.747345162, 5220503.508683458], [629453.5763317068, 5220503.474797261], [629452.8434794534, 5220511.322483765], [629503.0376548378, 5220523.85631654], [629503.278314174, 5220523.904003021], [629503.5224887623, 5220523.927871139], [629503.7678270678, 5220523.92769103], [629504.0119663485, 5220523.903464429], [629504.2525554098, 5220523.855424652], [629504.4872772474, 5220523.784034347], [629504.7138713616, 5220523.689981043], [629504.9301555273, 5220523.574170525], [629505.13404681, 5220523.43771811], [629505.3235816248, 5220523.281937911], [629505.496934648, 5220523.108330175], [629505.6524363952, 5220522.918566841], [629505.7885892997, 5220522.7144754315], [629505.9040821344, 5220522.49802146], [629505.9978026402, 5220522.271289497], [629506.0688482375, 5220522.036463093], [629506.7471986105, 5220519.319876859], [629506.7948850913, 5220519.079217522], [629506.8187532086, 5220518.835042934], [629506.8185730997, 5220518.589704629], [629506.7943464989, 5220518.345565348], [629506.7463067216, 5220518.104976287], [629506.6749164172, 5220517.87025445], [629506.5808631134, 5220517.643660335], [629506.559113387, 5220517.603041214], [629506.7446848543, 5220516.859826326], [629506.7923669365, 5220516.619166118], [629506.8162305909, 5220516.374991094], [629506.8160459978, 5220516.129652792], [629506.7918149347, 5220515.885513954], [629506.74377076, 5220515.64492577], [629506.6723761654, 5220515.410205238], [629506.6112099984, 5220515.262850733], [629506.7486623554, 5220514.72459163], [629506.797628115, 5220514.4841893185], [629506.8227945442, 5220514.240145127], [629506.8239192764, 5220513.994809334], [629506.8009914798, 5220513.750544656], [629506.7542319616, 5220513.5097034965], [629506.6840910414, 5220513.274605287], [629506.5912442149, 5220513.047514153], [629506.4765856477, 5220512.830617105], [629506.3582459637, 5220512.651739426], [629506.7552417078, 5220511.1325711645], [629506.8055497878, 5220510.892446169], [629506.8320792553, 5220510.648546386], [629506.8345746169, 5220510.403220705], [629506.8130118408, 5220510.158831746], [629506.7675985886, 5220509.917733108], [629506.6987722146, 5220509.682246704], [629506.6071955544, 5220509.454640394], [629506.5299413466, 5220509.306503117], [629506.7377424291, 5220508.476877387], [629506.7856030208, 5220508.236252616], [629506.8096477985, 5220507.9920953605], [629506.8096451982, 5220507.746756989], [629506.7855952448, 5220507.502600243], [629506.7377295526, 5220507.261976487], [629506.6665090941, 5220507.027203059], [629506.5726197616, 5220506.800540954], [629506.4569657604, 5220506.584173053], [629506.3206609021, 5220506.380183096], [629506.1650178767, 5220506.19053562], [629505.9915356118, 5220506.017057032], [629505.8018848363, 5220505.861418027], [629505.5978919909, 5220505.725117493], [629505.3815216381, 5220505.609468078], [629505.154857543, 5220505.515583551], [629504.9200826045, 5220505.444368069], [629490.4675826045, 5220501.824368069], [629490.2269578335, 5220501.776507477], [629489.9828005783, 5220501.7524627], [629489.7374622067, 5220501.7524653], [629489.4933054612, 5220501.776515254], [629489.2526817049, 5220501.824380945], [629489.0179082761, 5220501.895601404], [629488.7912461711, 5220501.989490736], [629488.5748782699, 5220502.105144738], [629488.3708883139, 5220502.241449596], [629488.1812408377, 5220502.397092622], [629488.0077622501, 5220502.570574886], [629487.8521232449, 5220502.760225662], [629487.7158227107, 5220502.9642185075], [629487.6001732962, 5220503.18058886], [629487.5062887684, 5220503.407252955], [629487.4750511837, 5220503.5102334], [629481.0710522024, 5220501.8367121685], [629480.8309272063, 5220501.786404089], [629480.5870274237, 5220501.759874621], [629480.3417017427, 5220501.75737926], [629480.0973127837, 5220501.7789420355], [629479.8562141459, 5220501.824355288], [629479.6207277412, 5220501.893181662], [629479.3931214322, 5220501.984758322], [629479.1755871921, 5220502.098203335], [629478.9702199945, 5220502.232424163], [629478.778997638, 5220502.386128187], [629478.6037616982, 5220502.557835153], [629478.4461997931, 5220502.745891429], [629478.3078293301, 5220502.948485929], [629478.1899828921, 5220503.163667558], [629478.093795405, 5220503.389364], [629478.0201932067, 5220503.623401674], [629477.7299629758, 5220504.734014476], [629466.3824561329, 5220501.836262161], [629466.1420538223, 5220501.787296401], [629465.8980096307, 5220501.762129972], [629465.6526738371, 5220501.76100524], [629465.4084091595, 5220501.783933036], [629465.1675680001, 5220501.830692555], [629464.932469791, 5220501.9008334745], [629464.7053786565, 5220501.993680301], [629464.4884816082, 5220502.108338868], [629464.2838674834, 5220502.243704951], [629464.0935068278, 5220502.398474902], [629463.9192329189, 5220502.5711582], [629463.7627241093, 5220502.76009181], [629463.6254876648, 5220502.9634561995], [629463.5088452471, 5220503.179292857], [629463.4139201865, 5220503.405523159], [629463.3971990121, 5220503.459749309], [629456.9247760046, 5220501.843666189], [629456.6841157968, 5220501.795984107], [629456.4399407723, 5220501.7721204525], [629456.19460247, 5220501.772305045], [629455.9504636321, 5220501.7965361085], [629455.7098754488, 5220501.844580283], [629455.475154916, 5220501.915974878], [629455.2485625208, 5220502.010032323], [629455.0322804718, 5220502.125846795], [629454.8283916832, 5220502.262302936], [629454.6388597155, 5220502.4180866], [629454.4655098654, 5220502.591697504], [629454.3100115865, 5220502.781463681], [629454.1738624125, 5220502.9855575785], [629454.058373534, 5220503.20201366], [629453.9646571722, 5220503.428747337], [629453.926909699, 5220503.553521965], [629453.747345162, 5220503.508683458]]]}}, {"type": "Feature", "properties": {"vineyard_id": "V11", "area_m2": 408.8}, "geometry": {"type": "Polygon", "coordinates": [[[629206.4942739991, 5220466.867098418], [629206.284292304, 5220466.993978693], [629206.0877581696, 5220467.140829811], [629205.9065643277, 5220467.306237514], [629205.7424557735, 5220467.488608836], [629205.5970129623, 5220467.686187441], [629205.471636588, 5220467.89707054], [629205.3675340934, 5220468.119227213], [629205.2857080426, 5220468.35051797], [629205.2269464651, 5220468.588715353], [629205.1918152671, 5220468.831525393], [629205.1806527812, 5220469.076609696], [629205.1935665081, 5220469.321607966], [629205.2304320817, 5220469.564160735], [629205.2908944666, 5220469.801932089], [629205.3743713765, 5220470.032632159], [629205.4800588833, 5220470.254039177], [629206.8087852432, 5220472.718686466], [629206.9356655187, 5220472.928668161], [629207.0825166361, 5220473.125202295], [629207.2479243391, 5220473.306396137], [629207.4302956611, 5220473.470504692], [629207.6278742665, 5220473.615947503], [629207.8387573652, 5220473.741323877], [629208.0609140379, 5220473.845426371], [629208.2922047944, 5220473.927252422], [629208.530402178, 5220473.986013999], [629208.773212218, 5220474.021145198], [629209.0182965208, 5220474.0323076835], [629209.2632947906, 5220474.019393956], [629209.5058475604, 5220473.982528383], [629209.7436189139, 5220473.922065998], [629209.9743189835, 5220473.838589088], [629210.1957260013, 5220473.732901582], [629239.1203875749, 5220458.139205702], [629239.1277942772, 5220458.066881491], [629239.153573518, 5220457.904065243], [629239.1970629616, 5220457.745060941], [629239.2577373772, 5220457.591788911], [629240.6881176773, 5220454.488564681], [629240.6749411168, 5220454.460960823], [629239.346214757, 5220451.996313534], [629239.2193344814, 5220451.786331839], [629239.072483364, 5220451.5897977045], [629238.907075661, 5220451.408603863], [629238.724704339, 5220451.244495308], [629238.5271257337, 5220451.099052497], [629238.3162426349, 5220450.973676123], [629238.0940859623, 5220450.8695736285], [629237.8627952058, 5220450.787747578], [629237.6245978222, 5220450.728986001], [629237.3817877822, 5220450.693854802], [629237.1367034793, 5220450.682692316], [629236.8917052095, 5220450.695606044], [629236.6491524398, 5220450.732471617], [629236.4113810862, 5220450.792934001], [629236.1806810166, 5220450.876410912], [629235.9592739989, 5220450.982098418], [629234.8047951346, 5220451.604494371], [629234.7808232665, 5220451.573034524], [629234.6137166468, 5220451.393406313], [629234.4298080476, 5220451.231022374], [629234.2308686093, 5220451.087446553], [629234.0188142272, 5220450.964061563], [629233.7956871012, 5220450.86205567], [629233.5636360673, 5220450.782411246], [629233.3248959039, 5220450.725895311], [629233.0817658092, 5220450.693052143], [629232.8365872591, 5220450.6841980405], [629232.5917214568, 5220450.699418274], [629232.3495265942, 5220450.738566263], [629232.1123351398, 5220450.801264991], [629231.8824313772, 5220450.886910636], [629231.6620294054, 5220450.994678384], [629229.704170072, 5220452.074105731], [629229.6680995921, 5220452.0064032255], [629229.5422542673, 5220451.795799638], [629229.3963721608, 5220451.598545165], [629229.2318581969, 5220451.416539472], [629229.0502967353, 5220451.251535374], [629228.8534363118, 5220451.105121951], [629228.6431728002, 5220450.978709245], [629228.4215311529, 5220450.873514678], [629228.1906459001, 5220450.790551334], [629227.9527405931, 5220450.730618192], [629227.71010639, 5220450.694292442], [629227.4650799907, 5220450.681923921], [629227.2200211335, 5220450.693631746], [629226.9772898693, 5220450.729303163], [629226.7392238326, 5220450.788594635], [629226.5081157297, 5220450.870935156], [629226.2861912578, 5220450.97553174], [629224.7547864625, 5220451.791432205], [629224.7537132232, 5220451.789660791], [629224.6066289204, 5220451.59330111], [629224.4410062544, 5220451.412303736], [629224.2584402617, 5220451.248411776], [629224.0606891529, 5220451.103203596], [629223.8496573792, 5220450.9780776305], [629223.6273772919, 5220450.874238912], [629223.3959895698, 5220450.7926874645], [629223.1577226031, 5220450.734208672], [629222.9148710329, 5220450.699365717], [629222.6697736528, 5220450.688494158], [629222.4247908843, 5220450.7016986925], [629222.1822820454, 5220450.7388521535], [629221.9445826289, 5220450.799596733], [629221.7139818101, 5220450.883347428], [629221.4927004008, 5220450.989297674], [629218.3252004008, 5220452.7017976735], [629218.1153694623, 5220452.828927111], [629217.9190097809, 5220452.976011414], [629217.7380124078, 5220453.14163408], [629217.5741204466, 5220453.324200072], [629217.4289122665, 5220453.521951181], [629217.3037863016, 5220453.732982955], [629217.1999475835, 5220453.955263042], [629217.1183961356, 5220454.186650764], [629217.0599173432, 5220454.424917731], [629217.0250743887, 5220454.667769301], [629217.0142028291, 5220454.912866682], [629217.0274073634, 5220455.15784945], [629217.0645608245, 5220455.400358289], [629217.1253054045, 5220455.638057705], [629217.1917050781, 5220455.820883878], [629215.7611912576, 5220456.58303174], [629215.5505876708, 5220456.708877065], [629215.3533331966, 5220456.854759172], [629215.1713275036, 5220457.019273135], [629215.006323406, 5220457.2008345965], [629214.8599099835, 5220457.39769502], [629214.7334972774, 5220457.607958532], [629214.6283027112, 5220457.82960018], [629214.5453393658, 5220458.060485432], [629214.485406224, 5220458.298390739], [629214.4490804746, 5220458.541024942], [629214.4367119542, 5220458.786051341], [629214.4484197785, 5220459.031110198], [629214.4840911949, 5220459.273841462], [629214.543382668, 5220459.511907499], [629214.6257231886, 5220459.743015602], [629214.7303197724, 5220459.964940074], [629214.8805101258, 5220460.246839935], [629208.4545294053, 5220463.789678385], [629208.2457518155, 5220463.918530372], [629208.0506092503, 5220464.0672256835], [629207.870981039, 5220464.2343323035], [629207.7085970998, 5220464.418240903], [629207.5650212785, 5220464.617180341], [629207.4416362889, 5220464.829234723], [629207.3396303958, 5220465.052361849], [629207.2599859718, 5220465.284412883], [629207.2034700364, 5220465.523153046], [629207.1706268686, 5220465.766283141], [629207.1617727663, 5220466.011461691], [629207.1769929993, 5220466.256327494], [629207.2130792266, 5220466.47958031], [629206.4942739991, 5220466.867098418]]]}}, {"type": "Feature", "properties": {"vineyard_id": "V12", "area_m2": 1310.6}, "geometry": {"type": "MultiPolygon", "coordinates": [[[[629599.2941144811, 5220251.542413101], [629599.3898138253, 5220251.316509244], [629599.462909901, 5220251.082313001], [629599.5126987532, 5220250.842079809], [629599.5387008878, 5220250.598123244], [629599.5406658903, 5220250.352792742], [629599.5185748364, 5220250.108450969], [629599.4726404751, 5220249.86745107], [629599.4033051796, 5220249.632114007], [629599.3112366863, 5220249.404706203], [629599.1973216655, 5220249.18741772], [629599.0626571809, 5220248.982341167], [629598.9085401252, 5220248.791451539], [629598.7364547299, 5220248.61658721], [629598.5480582715, 5220248.45943222], [629596.3125085906, 5220246.773514777], [629596.1096154298, 5220246.635582614], [629595.8941795387, 5220246.518201638], [629595.6682756828, 5220246.422502293], [629595.4340794396, 5220246.349406218], [629595.1938462472, 5220246.299617366], [629594.9498896822, 5220246.273615231], [629594.7045591798, 5220246.271650229], [629594.4602174071, 5220246.293741283], [629594.2192175087, 5220246.3396756435], [629593.9838804454, 5220246.409010939], [629593.7564726417, 5220246.501079433], [629593.5391841592, 5220246.614994453], [629593.3341076047, 5220246.749658938], [629593.2314835092, 5220246.832513746], [629593.1690422832, 5220246.785543798], [629592.9659808769, 5220246.647859441], [629592.7504018401, 5220246.530741571], [629592.5243813165, 5220246.435318097], [629592.2900960074, 5220246.362507998], [629592.0498022084, 5220246.313012475], [629591.8058140802, 5220246.287308198], [629591.5604813618, 5220246.285642712], [629591.3161667413, 5220246.308032058], [629591.0752231021, 5220246.354260614], [629590.8399708632, 5220246.423883173], [629590.6126756324, 5220246.516229232], [629590.3955263867, 5220246.6304094475], [629590.1906143922, 5220246.765324202], [629589.9999130635, 5220246.9196741935], [629589.8252589586, 5220247.091972946], [629589.6683340919, 5220247.28056113], [629571.7237400078, 5220271.135866262], [629582.0193575751, 5220274.528758303], [629599.0388013413, 5220251.960742152], [629599.1767335054, 5220251.757848991], [629599.2941144811, 5220251.542413101]]], [[[629609.7398213454, 5220270.11617858], [629609.8354379155, 5220269.890239676], [629609.9084481805, 5220269.656016667], [629609.9581490116, 5220269.415765249], [629609.9840617626, 5220269.171799174], [629609.9859368795, 5220268.926467968], [629609.9637563041, 5220268.682134305], [629609.9177336473, 5220268.441151253], [629609.8483121324, 5220268.205839609], [629609.7561603268, 5220267.978465552], [629609.6421657024, 5220267.761218822], [629609.50742609, 5220267.5561916195], [629609.3532391057, 5220267.365358471], [629609.1810896543, 5220267.190557204], [629608.9926356291, 5220267.03347125], [629608.9350857444, 5220266.990103648], [629609.4902463228, 5220266.254640468], [629609.6282696017, 5220266.05180928], [629609.7457473278, 5220265.836426131], [629609.8415481263, 5220265.6105652815], [629609.914749383, 5220265.376401893], [629609.96464613, 5220265.136191087], [629609.9907578343, 5220264.892246226], [629609.9928330258, 5220264.646916631], [629609.9708517193, 5220264.4025649605], [629609.9250256069, 5220264.161544454], [629609.8557960191, 5220263.926176273], [629609.7638296745, 5220263.69872714], [629609.6500122595, 5220263.481387516], [629609.5154398979, 5220263.276250497], [629609.3614085951, 5220263.085291669], [629609.1894017569, 5220262.910350067], [629609.0010759031, 5220262.753110474], [629608.8769538943, 5220262.659417617], [629609.4796735162, 5220261.85958519], [629609.6175302945, 5220261.656640801], [629609.734831226, 5220261.441161317], [629609.8304466386, 5220261.215221923], [629609.9034557036, 5220260.98099854], [629609.9531553038, 5220260.740746868], [629609.9790668051, 5220260.496780659], [629609.9809406652, 5220260.251449444], [629609.958758838, 5220260.007115895], [629609.9127349467, 5220259.766133078], [629609.8433122264, 5220259.53082179], [629609.7511592559, 5220259.303448206], [629609.6371635187, 5220259.086202059], [629609.5024228559, 5220258.881175548], [629609.3482348941, 5220258.690343189], [629609.1760845473, 5220258.515542804], [629608.9876297176, 5220258.358457815], [629606.7514538598, 5220256.673371011], [629606.5485094702, 5220256.535514233], [629606.3330299861, 5220256.418213301], [629606.1070905927, 5220256.322597889], [629605.87286721, 5220256.249588824], [629605.632615537, 5220256.199889223], [629605.388649329, 5220256.173977722], [629605.1433181135, 5220256.172103862], [629604.8989845645, 5220256.194285689], [629604.6580017477, 5220256.240309581], [629604.4226904591, 5220256.309732301], [629604.1953168752, 5220256.401885272], [629603.978070728, 5220256.5158810085], [629603.7730442166, 5220256.650621671], [629603.5822118581, 5220256.804809634], [629603.4074114729, 5220256.97695998], [629603.250326484, 5220257.16541481], [629588.5454168733, 5220276.679402935], [629596.5430749536, 5220279.31500884], [629601.8781393442, 5220280.628644884], [629609.4846614922, 5220270.534601146], [629609.62251931, 5220270.331657463], [629609.7398213454, 5220270.11617858]]], [[[629551.7331083912, 5220297.890222096], [629551.660298292, 5220298.124507405], [629551.6108027693, 5220298.364801204], [629551.5850984921, 5220298.608789332], [629551.5834330067, 5220298.854122051], [629551.6058223525, 5220299.098436671], [629551.652050908, 5220299.339380311], [629551.7216734667, 5220299.57463255], [629551.8140195257, 5220299.801927781], [629551.9281997415, 5220300.019077026], [629552.0631144965, 5220300.223989021], [629552.2174644879, 5220300.414690349], [629552.3897632407, 5220300.589344454], [629552.5783514238, 5220300.746269321], [629554.8159577169, 5220302.429456202], [629555.019019123, 5220302.567140558], [629555.2345981599, 5220302.684258428], [629555.4606186834, 5220302.779681902], [629555.6949039923, 5220302.852492002], [629555.9351977912, 5220302.901987525], [629555.9855110522, 5220302.907288053], [629556.9424914097, 5220303.628985222], [629557.1453845705, 5220303.766917386], [629557.3608204615, 5220303.884298362], [629557.5867243174, 5220303.979997707], [629557.8209205606, 5220304.053093782], [629558.0611537531, 5220304.102882634], [629558.305110318, 5220304.128884769], [629558.5504408203, 5220304.130849771], [629558.7947825931, 5220304.108758717], [629559.0357824916, 5220304.062824356], [629559.2711195549, 5220303.993489061], [629559.4985273585, 5220303.901420567], [629559.715815841, 5220303.787505547], [629559.9208923954, 5220303.652841062], [629560.1117820225, 5220303.498724006], [629560.2866463509, 5220303.326638611], [629560.4438013413, 5220303.1382421525], [629580.111421644, 5220277.058707548], [629569.8196833457, 5220273.667093909], [629552.0833340919, 5220297.245561129], [629551.9456497359, 5220297.448622536], [629551.8285318658, 5220297.664201573], [629551.7331083912, 5220297.890222096]]], [[[629571.7870533615, 5220299.097278077], [629571.7140442965, 5220299.33150146], [629571.6643446963, 5220299.571753132], [629571.6384331951, 5220299.815719341], [629571.6365593349, 5220300.061050556], [629571.6587411622, 5220300.305384105], [629571.7047650535, 5220300.546366922], [629571.7741877738, 5220300.78167821], [629571.8663407443, 5220301.009051794], [629571.9803364815, 5220301.226297941], [629572.1150771442, 5220301.431324452], [629572.2692651061, 5220301.622156811], [629572.4414154529, 5220301.796957196], [629572.6298702826, 5220301.954042185], [629574.8660461403, 5220303.639128989], [629575.06899053, 5220303.776985767], [629575.284470014, 5220303.894286699], [629575.5104094074, 5220303.989902111], [629575.7446327902, 5220304.062911176], [629575.9848844631, 5220304.112610777], [629576.2288506713, 5220304.138522278], [629576.4741818866, 5220304.140396138], [629576.7185154357, 5220304.118214311], [629576.9594982526, 5220304.072190419], [629577.1948095411, 5220304.002767699], [629577.4221831249, 5220303.910614728], [629577.6394292722, 5220303.7966189915], [629577.8444557837, 5220303.661878329], [629578.0013442065, 5220303.535116251], [629578.1387163283, 5220303.638810887], [629578.3415475166, 5220303.776834167], [629578.5569306648, 5220303.894311893], [629578.7827915149, 5220303.990112691], [629579.0169549036, 5220304.063313948], [629579.2571657095, 5220304.113210695], [629579.5011105711, 5220304.139322399], [629579.7464401661, 5220304.141397591], [629579.9907918364, 5220304.119416284], [629580.231812342, 5220304.0735901715], [629580.4671805232, 5220304.004360584], [629580.6946296563, 5220303.91239424], [629580.9119692814, 5220303.798576824], [629581.1171062993, 5220303.664004463], [629581.2810311911, 5220303.531779287], [629581.4135315957, 5220303.631627008], [629581.6164752791, 5220303.769484826], [629581.8319541622, 5220303.886786861], [629582.0578930657, 5220303.982403432], [629582.2921160745, 5220304.055413697], [629582.5323674928, 5220304.105114528], [629582.7763335682, 5220304.1310272785], [629583.0216647739, 5220304.132902396], [629583.2659984365, 5220304.11072182], [629583.5069814891, 5220304.064699164], [629583.7422931333, 5220303.995277649], [629583.9696671892, 5220303.903125843], [629584.1869139205, 5220303.789131219], [629584.3919411221, 5220303.654391606], [629584.5827742704, 5220303.500204622], [629584.7575755375, 5220303.32805517], [629584.9146614921, 5220303.139601146], [629599.9143064598, 5220283.234699878], [629595.769776542, 5220282.214205374], [629595.6589209232, 5220282.1823425535], [629586.6386617384, 5220279.209741308], [629572.1378264839, 5220298.45291481], [629571.9999697057, 5220298.655859199], [629571.8826687742, 5220298.871338683], [629571.7870533615, 5220299.097278077]]]]}}, {"type": "Feature", "properties": {"vineyard_id": "V13", "area_m2": 523.7}, "geometry": {"type": "MultiPolygon", "coordinates": [[[[629538.4225098134, 5220200.345849247], [629538.5181043027, 5220200.1199010005], [629538.5910916774, 5220199.8856708575], [629538.6407690292, 5220199.645414583], [629538.6666579379, 5220199.401445976], [629538.6685090794, 5220199.1561145885], [629538.646304626, 5220198.911783095], [629538.6002584189, 5220198.670804542], [629538.5308139081, 5220198.435499682], [629538.4386398821, 5220198.2081346335], [629538.4210732112, 5220198.174664673], [629512.3752691984, 5220234.99804276], [629538.1673908527, 5220200.764296748], [629538.3052288367, 5220200.561339593], [629538.4225098134, 5220200.345849247]]], [[[629505.8104051235, 5220230.749202312], [629505.2802134429, 5220231.452922912], [629505.2928709302, 5220240.887116078], [629505.5291289864, 5220239.705825797], [629505.5678631194, 5220239.553923823], [629505.6222390786, 5220239.4068939015], [629505.6916629688, 5220239.266341897], [629505.7753765407, 5220239.133802919], [629536.1851261598, 5220196.14070863], [629535.4386909425, 5220195.578335236], [629535.2357337876, 5220195.440497251], [629535.0202434419, 5220195.323216275], [629534.7942951953, 5220195.227621785], [629534.5600650526, 5220195.1546344105], [629534.3198087784, 5220195.104957059], [629534.0758401718, 5220195.07906815], [629533.8305087839, 5220195.077217009], [629533.5861772901, 5220195.099421462], [629533.3451987363, 5220195.14546767], [629533.1098938776, 5220195.214912181], [629532.8825288286, 5220195.307086206], [629532.6652932387, 5220195.421102061], [629532.4602792057, 5220195.55586171], [629532.3794454274, 5220195.621185834], [629532.3130400341, 5220195.571087367], [629532.1101726973, 5220195.433117224], [629531.8947587835, 5220195.315695922], [629531.6688728462, 5220195.21995429], [629531.4346902905, 5220195.146814375], [629531.1944664224, 5220195.096980553], [629530.9505147293, 5220195.070932751], [629530.7051845992, 5220195.068921823], [629530.4608386952, 5220195.090967136], [629530.2198302022, 5220195.136856383], [629529.9844801635, 5220195.206147622], [629529.7570551289, 5220195.298173544], [629529.5397453257, 5220195.412047887], [629529.3346435659, 5220195.54667398], [629529.1437250918, 5220195.700755298], [629528.9688285526, 5220195.872807956], [629528.8116382975, 5220196.0611749925], [629528.177078129, 5220196.902282917], [629526.442281249, 5220195.587016954], [629526.2397421581, 5220195.448565398], [629526.0246077228, 5220195.330632827], [629525.7989498053, 5220195.234354996], [629525.5649416146, 5220195.160659112], [629525.3248367775, 5220195.110254908], [629525.0809476349, 5220195.083627803], [629524.8356229726, 5220195.081034232], [629524.591225401, 5220195.10249917], [629524.3501086025, 5220195.147815901], [629524.1145946636, 5220195.216547999], [629523.8869517123, 5220195.308033534], [629523.6693720748, 5220195.421391454], [629523.4639511616, 5220195.555530057], [629523.2726672887, 5220195.709157518], [629523.0973626242, 5220195.880794318], [629522.939725448, 5220196.068787502], [629505.2640190579, 5220219.382521115], [629505.2793951812, 5220230.843035786], [629505.456274599, 5220230.8275008295], [629505.6973913974, 5220230.782184099], [629505.8104051235, 5220230.749202312]]], [[[629500.5395634893, 5220225.792118946], [629500.4658676055, 5220226.026127136], [629500.4154634012, 5220226.266231974], [629500.3888362966, 5220226.510121116], [629500.386242725, 5220226.755445778], [629500.407707664, 5220226.999843351], [629500.4530243945, 5220227.240960149], [629500.5217564917, 5220227.476474088], [629500.6132420278, 5220227.704117039], [629500.7265999472, 5220227.921696677], [629500.8607385511, 5220228.12711759], [629501.0143660115, 5220228.318401462], [629501.1860028118, 5220228.493706128], [629501.3739959957, 5220228.651343304], [629502.2773708891, 5220229.33625245], [629502.2693158174, 5220223.33244606], [629500.892225448, 5220225.148787502], [629500.7537738922, 5220225.351326593], [629500.6358413209, 5220225.5664610285], [629500.5395634893, 5220225.792118946]]], [[[629500.6324901865, 5220237.701650753], [629500.5368956972, 5220237.927598999], [629500.4639083225, 5220238.161829142], [629500.4142309708, 5220238.402085416], [629500.388342062, 5220238.646054023], [629500.3864909206, 5220238.891385411], [629500.4086953739, 5220239.135716904], [629500.454741581, 5220239.376695458], [629500.5241860918, 5220239.612000317], [629500.6163601178, 5220239.839365366], [629500.7303759725, 5220240.056600956], [629500.8651356209, 5220240.261614989], [629501.0193412541, 5220240.452433068], [629501.1915077874, 5220240.627217511], [629501.3799771632, 5220240.784285047], [629502.2936538318, 5220241.4726601895], [629502.2855435889, 5220235.427732295], [629500.8876091472, 5220237.283203252], [629500.7497711632, 5220237.486160407], [629500.6324901865, 5220237.701650753]]]]}}, {"type": "Feature", "properties": {"vineyard_id": "V14", "area_m2": 16340.4}, "geometry": {"type": "MultiPolygon", "coordinates": [[[[629609.8394631137, 5220176.717222173], [629609.912607379, 5220176.483040976], [629609.9624456635, 5220176.242818034], [629609.9884979972, 5220175.998866824], [629609.9905134819, 5220175.753536732], [629609.9684727073, 5220175.509190419], [629609.9225879383, 5220175.2681810735], [629609.85330107, 5220175.032829748], [629609.7612793732, 5220174.8054030035], [629609.6474090668, 5220174.588091085], [629609.5127867843, 5220174.382986825], [629609.3587090118, 5220174.192065489], [629609.1866596026, 5220174.017165753], [629608.9982954864, 5220173.859971999], [629607.7769275988, 5220172.938495296], [629609.4963375394, 5220170.643215552], [629609.6336164551, 5220170.43987983], [629609.7503039493, 5220170.224067538], [629609.8452762576, 5220169.997857067], [629609.9176187448, 5220169.7634269465], [629609.966634713, 5220169.523034868], [629609.991852112, 5220169.278995939], [629609.9930280842, 5220169.033660385], [629609.9701513045, 5220168.789390924], [629609.9234420886, 5220168.548540004], [629609.8533502719, 5220168.31342715], [629609.7605508771, 5220168.086316629], [629609.6459376127, 5220167.869395638], [629609.5106142674, 5220167.664753246], [629609.3558840789, 5220167.4743602695], [629609.1832371834, 5220167.300050299], [629608.9943362649, 5220167.143502032], [629608.8548058879, 5220167.038978862], [629609.4854936777, 5220166.205121746], [629609.6237112281, 5220166.0024228925], [629609.7413952613, 5220165.7871524], [629609.8374124155, 5220165.561383441], [629609.9108379931, 5220165.327290295], [629609.9609648659, 5220165.087127406], [629609.9873102844, 5220164.843207674], [629609.989620528, 5220164.59788018], [629609.9678733477, 5220164.353507562], [629609.9222781807, 5220164.11244326], [629609.8532741334, 5220163.877008857], [629609.7615257527, 5220163.649471715], [629609.6479166254, 5220163.43202314], [629609.5135408696, 5220163.2267572805], [629609.3596925973, 5220163.03565096], [629609.1878534515, 5220162.860544637], [629608.9996783369, 5220162.70312468], [629608.8689433021, 5220162.604243242], [629609.4819183083, 5220161.798132747], [629609.620657955, 5220161.595790891], [629609.7388965619, 5220161.380824502], [629609.835495427, 5220161.155303825], [629609.9095242502, 5220160.921400746], [629609.9602700936, 5220160.681367882], [629609.987244247, 5220160.437516879], [629609.9901869345, 5220160.192196156], [629609.9690698164, 5220159.947768286], [629609.9240962621, 5220159.706587241], [629609.8556993916, 5220159.47097573], [629609.764537904, 5220159.243202817], [629609.6514897343, 5220159.025462081], [629609.5176435983, 5220158.819850485], [629609.3642885073, 5220158.62834818], [629609.1929013547, 5220158.452799439], [629609.0051326925, 5220158.294894892], [629608.9794825654, 5220158.275390262], [629609.4891433283, 5220157.6067776205], [629609.6281205531, 5220157.404598868], [629609.7466115816, 5220157.189771513], [629609.8434752804, 5220156.964364458], [629609.9177787992, 5220156.730548497], [629609.9688065542, 5220156.490575405], [629609.9960671203, 5220156.246756255], [629609.9992979636, 5220156.001439157], [629609.9784679691, 5220155.756986651], [629609.933777741, 5220155.515752946], [629609.8656576708, 5220155.280061256], [629609.7747637918, 5220155.052181421], [629609.661971462, 5220154.834308047], [629609.528366933, 5220154.628539375], [629609.3752368895, 5220154.436857069], [629609.2040560575, 5220154.261107135], [629609.0164730021, 5220154.10298214], [629608.8842258584, 5220154.002174623], [629609.4817857187, 5220153.219867322], [629609.6209643515, 5220153.017827165], [629609.7396694027, 5220152.803117996], [629609.8367576778, 5220152.57780758], [629609.9112941638, 5220152.344065781], [629609.9625610335, 5220152.104143659], [629609.9900645588, 5220151.860351795], [629609.993539866, 5220151.615038039], [629609.9729534857, 5220151.370564897], [629609.9285036761, 5220151.129286777], [629609.8606185131, 5220150.893527321], [629609.7699517681, 5220150.66555702], [629609.6573766113, 5220150.447571354], [629609.523977203, 5220150.241669643], [629609.3710382525, 5220150.049834834], [629609.2000326454, 5220149.8739144], [629609.0126072592, 5220149.7156025525], [629606.7874790509, 5220148.015954219], [629606.5854388946, 5220147.876775586], [629606.3707297251, 5220147.758070535], [629606.1454193095, 5220147.66098226], [629605.9116775099, 5220147.586445774], [629605.727082835, 5220147.547001344], [629605.7187041679, 5220147.5017061075], [629605.6506474495, 5220147.265996117], [629605.5598148237, 5220147.03809186], [629605.447081058, 5220146.820188178], [629605.3135318407, 5220146.6143836025], [629605.1604533233, 5220146.422660145], [629604.9893197357, 5220146.246864207], [629604.801779188, 5220146.088688799], [629602.5754146543, 5220144.390660248], [629602.3732732647, 5220144.251628686], [629602.1584777649, 5220144.13307992], [629601.9330967532, 5220144.03615564], [629601.6993007718, 5220143.961789278], [629601.4593414039, 5220143.910697025], [629601.2155295894, 5220143.883370927], [629600.9702133693, 5220143.880074146], [629600.7257552731, 5220143.900838436], [629600.4845095656, 5220143.945463823], [629600.248799575, 5220144.013520542], [629600.0208953173, 5220144.104353167], [629599.8029916352, 5220144.217086933], [629599.59718706, 5220144.350636151], [629599.4054636027, 5220144.503714668], [629599.3323064798, 5220144.574931563], [629599.0968878681, 5220144.395514603], [629598.8946961707, 5220144.256556213], [629598.6798577777, 5220144.138085198], [629598.4544417, 5220144.041242498], [629598.220618818, 5220143.966960761], [629597.9806409735, 5220143.915955361], [629597.7368192846, 5220143.888717509], [629597.4915018873, 5220143.885509518], [629597.2470513224, 5220143.906362285], [629597.0058217823, 5220143.951074986], [629596.7701364394, 5220144.019217012], [629596.5422650723, 5220144.11013212], [629596.324402207, 5220144.222944745], [629596.118645982, 5220144.356568442], [629595.9269779421, 5220144.509716341], [629595.8180643138, 5220144.615818234], [629595.5018993984, 5220144.376617563], [629595.2992198302, 5220144.238371734], [629595.0839657588, 5220144.120657668], [629594.8582101985, 5220144.024609016], [629594.6241272987, 5220143.951150779], [629594.3839714057, 5220143.9009903995], [629594.140055352, 5220143.87461095], [629593.8947281826, 5220143.872266479], [629593.6503525322, 5220143.893979564], [629593.409281872, 5220143.939541099], [629593.173837844, 5220144.008512298], [629592.9462879032, 5220144.100228932], [629592.7288234797, 5220144.21380772], [629592.5235388749, 5220144.348154836], [629592.3324110918, 5220144.501976444], [629592.1572807953, 5220144.673791158], [629592.1250849684, 5220144.712266179], [629591.683284224, 5220144.381939102], [629591.4798233242, 5220144.244845781], [629591.2639046491, 5220144.128355256], [629591.0376076131, 5220144.033589397], [629590.8031115808, 5220143.961460848], [629590.5626748769, 5220143.9126642505], [629590.3186130384, 5220143.887669538], [629590.0732765143, 5220143.886717427], [629589.8290280293, 5220143.909817085], [629589.58821983, 5220143.956746049], [629589.3531710308, 5220144.027052369], [629589.1261452802, 5220144.120058956], [629588.9093289603, 5220144.234870105], [629588.7048101309, 5220144.370380123], [629588.5145584199, 5220144.525283974], [629588.4992435388, 5220144.540480445], [629588.2966226852, 5220144.388054674], [629588.0935651779, 5220144.250364567], [629587.8779894573, 5220144.133240593], [629587.6519716359, 5220144.037810719], [629587.4176883886, 5220143.964993985], [629587.1773959912, 5220143.915491658], [629586.9334085908, 5220143.889780473], [629586.6880759195, 5220143.88810804], [629586.4437606651, 5220143.910490468], [629586.2028157171, 5220143.956712201], [629585.9675615068, 5220144.026328098], [629585.740263661, 5220144.118667721], [629585.5231111824, 5220144.232841788], [629585.3181953677, 5220144.367750741], [629585.1274896684, 5220144.522095332], [629584.9528306848, 5220144.694389139], [629584.7959004784, 5220144.882972879], [629569.0250548107, 5220165.847290002], [629608.7337358852, 5220178.361541007], [629609.4883180716, 5220177.361382838], [629609.6262919827, 5220177.158518065], [629609.7437172866, 5220176.943106332], [629609.8394631137, 5220176.717222173]]], [[[629712.2305310738, 5220204.950248585], [629712.3055711738, 5220204.716667978], [629712.357355032, 5220204.47685691], [629712.3853839417, 5220204.233124891], [629712.389387969, 5220203.987819196], [629712.3693285532, 5220203.74330225], [629712.3253988771, 5220203.501928888], [629712.2580220078, 5220203.266023666], [629712.1678468211, 5220203.037858479], [629712.0557417535, 5220202.819630684], [629711.9227864381, 5220202.613441934], [629711.7702613074, 5220202.421277938], [629711.5996352613, 5220202.244989343], [629711.4125515224, 5220202.086273902], [629711.1874585073, 5220201.91356873], [629711.859177688, 5220201.043782886], [629711.9994266527, 5220200.842484241], [629712.1192695628, 5220200.628408101], [629712.2175522655, 5220200.403616138], [629712.2933282447, 5220200.170273219], [629712.3458677363, 5220199.930626566], [629712.3746647562, 5220199.686984106], [629712.3794419734, 5220199.44169225], [629712.3601533808, 5220199.197113291], [629712.3169847378, 5220198.955602661], [629712.2503517822, 5220198.719486236], [629712.1608962258, 5220198.491037948], [629712.0494795747, 5220198.27245788], [629711.9171748317, 5220198.065851076], [629711.7652561641, 5220197.873207272], [629711.5951866318, 5220197.696381734], [629711.4086040973, 5220197.537077389], [629709.1925278085, 5220195.825643522], [629708.9912291634, 5220195.685394557], [629708.7771530239, 5220195.565551647], [629708.5523610602, 5220195.467268945], [629708.3190181418, 5220195.391492966], [629708.0793714885, 5220195.338953474], [629707.8357290288, 5220195.310156454], [629707.5904371724, 5220195.305379237], [629707.3458582143, 5220195.324667829], [629707.1043475834, 5220195.367836473], [629706.8682311592, 5220195.434469428], [629706.6397828717, 5220195.523924984], [629706.421202803, 5220195.635341635], [629706.2616227499, 5220195.73753187], [629706.060250115, 5220195.581422343], [629705.859210256, 5220195.440802673], [629705.645355321, 5220195.320565476], [629705.4207448497, 5220195.221868704], [629705.187541964, 5220195.145662861], [629704.947992535, 5220195.092681848], [629704.7044035546, 5220195.063435905], [629704.459120918, 5220195.058206683], [629704.214506831, 5220195.077044545], [629703.972917061, 5220195.119768069], [629703.7366782494, 5220195.185965807], [629703.5080655053, 5220195.275000238], [629703.2892804944, 5220195.386013911], [629703.0824302358, 5220195.517937704], [629702.8895068107, 5220195.669501118], [629702.7123681771, 5220195.839244516], [629702.7092048437, 5220195.84293572], [629702.3787395211, 5220195.58935509], [629702.1770070832, 5220195.449730808], [629701.9625604692, 5220195.330552092], [629701.7374649174, 5220195.232966698], [629701.5038882209, 5220195.157914426], [629701.264079851, 5220195.106118072], [629701.0203492934, 5220195.078076461], [629700.7750438066, 5220195.074059652], [629700.5305258166, 5220195.094106326], [629700.2891501653, 5220195.138023425], [629700.0532414321, 5220195.205388001], [629699.8250715471, 5220195.295551298], [629699.606837911, 5220195.407644995], [629699.400642233, 5220195.540589565], [629699.231477653, 5220195.674845146], [629699.1112484095, 5220195.581572342], [629698.9102581056, 5220195.44088185], [629698.6964455456, 5220195.320569317], [629698.471869861, 5220195.221793417], [629698.2386938384, 5220195.145505416], [629697.9991630904, 5220195.092440009], [629697.755584429, 5220195.063108247], [629697.5103036499, 5220195.057792608], [629697.2656829412, 5220195.076544286], [629697.0240781339, 5220195.119182692], [629696.7878160144, 5220195.185297195], [629696.5591719161, 5220195.274251075], [629696.3403478066, 5220195.385187659], [629696.1334510817, 5220195.517038567], [629695.94047427, 5220195.668534002], [629695.7632758437, 5220195.8382149795], [629695.7622872283, 5220195.8393677445], [629695.4498667715, 5220195.598119662], [629695.2485601583, 5220195.457882135], [629695.0344772103, 5220195.338051388], [629694.8096796629, 5220195.239781457], [629694.5763324396, 5220195.164018735], [629694.3366828016, 5220195.11149286], [629694.0930387061, 5220195.082709683], [629693.8477465787, 5220195.077946402], [629693.6031687169, 5220195.09724889], [629693.3616605389, 5220195.140431255], [629693.1255479009, 5220195.207077626], [629692.8971046964, 5220195.296546161], [629692.6785309582, 5220195.407975231], [629692.4719316713, 5220195.540291713], [629692.2792964993, 5220195.692221325], [629692.2350764456, 5220195.734756691], [629692.0465670273, 5220195.588745043], [629691.8454684757, 5220195.448209321], [629691.6315633588, 5220195.328061422], [629691.4069117001, 5220195.229458436], [629691.1736770178, 5220195.153349963], [629690.9341054894, 5220195.100468971], [629690.6905043197, 5220195.07132473], [629690.4452195211, 5220195.066197918], [629690.2006133203, 5220195.0851379065], [629689.9590414088, 5220195.127962294], [629689.7228302562, 5220195.194258659], [629689.4942547049, 5220195.28338853], [629689.2755160624, 5220195.394493539], [629689.0687209015, 5220195.526503682], [629688.8758607726, 5220195.678147632], [629688.6987930242, 5220195.847964972], [629688.6797140789, 5220195.870246479], [629688.2961594071, 5220195.576482107], [629688.0943000189, 5220195.437041424], [629687.8797450617, 5220195.318057867], [629687.6545608174, 5220195.220677311], [629687.4209159331, 5220195.1458375845], [629687.1810605368, 5220195.094259435], [629686.9373045671, 5220195.0664395895], [629686.6919955272, 5220195.062645966], [629686.4474958775, 5220195.082915101], [629686.206160283, 5220195.127051792], [629685.9703129374, 5220195.194630977], [629685.7422251798, 5220195.285001831], [629685.5240936198, 5220195.397294035], [629685.3180189836, 5220195.530426154], [629685.1259858826, 5220195.68311605], [629685.0537414774, 5220195.753160014], [629684.8397620472, 5220195.5891412115], [629684.6379568897, 5220195.449622055], [629684.4234482107, 5220195.330555085], [629684.1983018458, 5220195.233086983], [629683.9646860776, 5220195.158156419], [629683.7248507533, 5220195.106485016], [629683.4811056186, 5220195.078570398], [629683.2357980723, 5220195.074681396], [629682.9912905601, 5220195.094855466], [629682.749937823, 5220195.138898319], [629682.5140642199, 5220195.206385799], [629682.2859413425, 5220195.296667964], [629682.0677661386, 5220195.408875348], [629681.861639755, 5220195.541927333], [629681.6695473011, 5220195.694542554], [629681.6535521358, 5220195.710038473], [629681.496018909, 5220195.588290572], [629681.294769319, 5220195.447971226], [629681.0807350996, 5220195.328053464], [629680.8559775176, 5220195.229692161], [629680.622661111, 5220195.153834591], [629680.3830328445, 5220195.101211302], [629680.1394004695, 5220195.072329086], [629679.8941102986, 5220195.067466095], [629679.6495246105, 5220195.086669161], [629679.407998899, 5220195.129753349], [629679.1718591888, 5220195.196303735], [629678.9433796342, 5220195.285679401], [629678.7247606184, 5220195.397019612], [629678.518107562, 5220195.5292521], [629678.3254106467, 5220195.681103393], [629678.1875618072, 5220195.813592655], [629677.8980948322, 5220195.590357745], [629677.6967005916, 5220195.450246088], [629677.4825427755, 5220195.3305491945], [629677.2576838405, 5220195.23241981], [629677.0242893011, 5220195.1568029765], [629676.7846068745, 5220195.104426923], [629676.5409448332, 5220195.075796061], [629676.2956497761, 5220195.071186121], [629676.0510840286, 5220195.090641499], [629675.8096028925, 5220195.133974829], [629675.5735319632, 5220195.200768787], [629675.3451447327, 5220195.290380113], [629675.126640695, 5220195.401945798], [629674.9201241634, 5220195.534391405], [629674.727584005, 5220195.686441409], [629674.6995537261, 5220195.713437552], [629674.5241597082, 5220195.579054244], [629674.3223249221, 5220195.439577953], [629674.1077909584, 5220195.320556547], [629673.8826238965, 5220195.223136268], [629673.6489922184, 5220195.148255325], [629673.4091459247, 5220195.096634863], [629673.1653948665, 5220195.068772016], [629672.9200864997, 5220195.064935117], [629672.6755832778, 5220195.08516112], [629672.4342399008, 5220195.129255234], [629672.1983806371, 5220195.196792812], [629671.9702769404, 5220195.287123428], [629671.752125574, 5220195.3993771495], [629671.5460274549, 5220195.532472912], [629671.3539674206, 5220195.68512893], [629671.1777951142, 5220195.855875043], [629671.0192071714, 5220196.043066872], [629669.855925378, 5220197.561355644], [629669.7579999365, 5220197.459999952], [629669.5710575705, 5220197.30111802], [629667.3511160923, 5220195.594700769], [629667.1495007522, 5220195.454907453], [629666.935154104, 5220195.335549038], [629666.7101404232, 5220195.237775013], [629666.4766267142, 5220195.162526994], [629666.236861842, 5220195.110529661], [629665.9931548734, 5220195.082283776], [629665.7478528394, 5220195.078061363], [629665.5033181331, 5220195.097903086], [629665.261905757, 5220195.141617858], [629665.0259406446, 5220195.208784683], [629664.7976952686, 5220195.2987567065], [629664.5793677571, 5220195.410667448], [629664.3730607232, 5220195.543439149], [629664.1807610163, 5220195.695793143], [629664.1488862581, 5220195.726589141], [629663.9789182399, 5220195.5935073225], [629663.7785592639, 5220195.451919197], [629663.5652870082, 5220195.33065147], [629663.3411554008, 5220195.230872017], [629663.108322952, 5220195.15354177], [629662.869031965, 5220195.099405458], [629662.6255869432, 5220195.068984447], [629662.3803323952, 5220195.062571705], [629662.1356302564, 5220195.080228993], [629661.9077149259, 5220195.119401068], [629708.6150453058, 5220209.839287006], [629711.8741760983, 5220205.591541759], [629712.0137898679, 5220205.389802045], [629712.1329574091, 5220205.175349222], [629712.2305310738, 5220204.950248585]]], [[[629536.0325883336, 5220195.72692277], [629535.857764016, 5220195.899048813], [629535.700652828, 5220196.087481801], [629505.2868991034, 5220236.436045643], [629505.2928709302, 5220240.887116078], [629505.5291289864, 5220239.705825797], [629505.5678631194, 5220239.553923823], [629505.6222390786, 5220239.4068939015], [629505.6916629688, 5220239.266341897], [629505.7753765407, 5220239.133802919], [629536.8097280911, 5220195.2576507265], [629536.645749363, 5220195.324083651], [629536.4284873691, 5220195.438049184], [629536.2234421266, 5220195.572761341], [629536.0325883336, 5220195.72692277]]], [[[629511.3686952896, 5220242.4973427], [629511.3190528059, 5220242.737606181], [629511.2931993036, 5220242.981578542], [629511.2913837662, 5220243.226910196], [629511.3136236783, 5220243.471238465], [629511.3597048572, 5220243.712210334], [629511.4291835163, 5220243.947505112], [629511.5213905378, 5220244.174856781], [629511.6354379179, 5220244.392075823], [629511.7702273178, 5220244.597070296], [629511.9244606422, 5220244.787865994], [629512.0966525394, 5220244.962625449], [629512.2851447075, 5220245.119665632], [629512.6222484246, 5220245.373566998], [629511.2048937517, 5220247.246866106], [629511.0666428262, 5220247.449542198], [629510.9489233479, 5220247.66479331], [629510.8528690194, 5220247.890546455], [629510.7794048965, 5220248.124627507], [629510.7292384788, 5220248.364782139], [629510.7028528964, 5220248.60869753], [629510.7005022569, 5220248.854024639], [629510.714849594, 5220249.015546599], [629519.5613448999, 5220252.83339989], [629519.6644204338, 5220252.803003639], [629519.8918052113, 5220252.710878292], [629520.1090652059, 5220252.596908948], [629520.314108085, 5220252.462193194], [629520.5049591736, 5220252.308028417], [629520.5199734046, 5220252.2932454], [629520.7122250067, 5220252.43746319], [629520.9154688923, 5220252.574878035], [629521.1312031134, 5220252.691709805], [629521.3573500311, 5220252.786833347], [629521.5917317272, 5220252.859332568], [629521.8320909778, 5220252.908509263], [629522.0761129918, 5220252.933889831], [629522.3214477039, 5220252.935229846], [629522.5657324067, 5220252.912516401], [629522.8066145049, 5220252.8659682395], [629523.0417741723, 5220252.796033646], [629523.2689466928, 5220252.703386128], [629523.4859442707, 5220252.5889179325], [629523.6906771008, 5220252.45373145], [629523.881173494, 5220252.299128602], [629523.9952201797, 5220252.186320991], [629524.3323126595, 5220252.439639132], [629524.5354397412, 5220252.577226577], [629524.7510746385, 5220252.694241567], [629524.9771406695, 5220252.78955718], [629525.2114606946, 5220252.862255478], [629525.4517780839, 5220252.911636334], [629525.6957784498, 5220252.937224185], [629525.9411119351, 5220252.938772606], [629526.1854158443, 5220252.916266683], [629526.4263373973, 5220252.869923162], [629526.6615563878, 5220252.800188356], [629526.8888075282, 5220252.707733849], [629527.105902266, 5220252.593450029], [629527.31074986, 5220252.458437513], [629527.5013775161, 5220252.3039965425], [629527.5264987765, 5220252.279190399], [629527.738843469, 5220252.439169444], [629527.9418022946, 5220252.577004968], [629528.1572940618, 5220252.694283333], [629528.3832434672, 5220252.789875084], [629528.6174744945, 5220252.86285962], [629528.8577313708, 5220252.912534059], [629529.1017002912, 5220252.938420011], [629529.3470317015, 5220252.940268179], [629529.5913629262, 5220252.918060764], [629529.8323409219, 5220252.872011636], [629530.0676449388, 5220252.802564274], [629530.2950088707, 5220252.710387492], [629530.5122430786, 5220252.596369004], [629530.7172554783, 5220252.461606871], [629530.9080716883, 5220252.307398925], [629531.0609888159, 5220252.156768528], [629531.4235277442, 5220252.427969792], [629531.6269554313, 5220252.5651123915], [629531.8428458838, 5220252.681655212], [629532.0691199588, 5220252.776475883], [629532.3035985132, 5220252.848661229], [629532.5440233904, 5220252.897516064], [629532.7880791675, 5220252.922569892], [629533.0334154537, 5220252.923581429], [629533.2776695268, 5220252.900540935], [629533.5184890862, 5220252.8536703], [629533.7535549081, 5220252.783420916], [629533.98060318, 5220252.690469323], [629534.1974473032, 5220252.575710694], [629534.3467565787, 5220252.4768334385], [629534.490503157, 5220252.57578851], [629534.7052498948, 5220252.694425584], [629534.9305910348, 5220252.7914425265], [629535.1643564191, 5220252.865905011], [629535.4042947589, 5220252.917095925], [629535.6480953171, 5220252.944522271], [629535.8934101609, 5220252.947919917], [629536.1378767742, 5220252.927256144], [629536.37914081, 5220252.882729954], [629536.6148787638, 5220252.814770158], [629536.84282035, 5220252.724031248], [629537.0607703667, 5220252.611387088], [629537.266629836, 5220252.477922503], [629537.4584162189, 5220252.32492283], [629537.5720086473, 5220252.214433961], [629537.8651836925, 5220252.434689109], [629538.0683287496, 5220252.572250013], [629538.2839789343, 5220252.689236826], [629538.5100574172, 5220252.784522901], [629538.7443869391, 5220252.857190582], [629538.9847107785, 5220252.906540038], [629539.2287144854, 5220252.932096007], [629539.4740481708, 5220252.933612372], [629539.7183491372, 5220252.9110745285], [629539.9592646328, 5220252.8646995295], [629540.1944745096, 5220252.79493399], [629540.4217135679, 5220252.702449792], [629540.6387933714, 5220252.588137607], [629540.8436233228, 5220252.453098326], [629541.0342307978, 5220252.2986324495], [629541.1166179158, 5220252.2172575155], [629541.4110525455, 5220252.43912986], [629541.6139972463, 5220252.576986181], [629541.8294769949, 5220252.694286626], [629542.0554166039, 5220252.7899015285], [629542.2896401513, 5220252.862910065], [629542.5298919363, 5220252.912609124], [629542.7738582029, 5220252.938520074], [629543.0191894225, 5220252.940393381], [629543.2635229214, 5220252.918211003], [629543.5045056343, 5220252.872186568], [629543.7398167661, 5220252.802763317], [629543.967190142, 5220252.710609833], [629544.1844360321, 5220252.5966136055], [629544.3894622396, 5220252.461872481], [629544.58029425, 5220252.307684088], [629544.6888647301, 5220252.200759094], [629544.9853025071, 5220252.425494694], [629545.1878456837, 5220252.563940273], [629545.4029835993, 5220252.681866495], [629545.6286443581, 5220252.778137666], [629545.8626547237, 5220252.8518266445], [629546.1027610481, 5220252.902223762], [629546.3466509766, 5220252.92884367], [629546.5919757154, 5220252.931430001], [629546.8363726534, 5220252.9099578485], [629547.0774881144, 5220252.864634003], [629547.3130000246, 5220252.795894954], [629547.5406402759, 5220252.7044027], [629547.7582165679, 5220252.591038359], [629547.9636335223, 5220252.456893694], [629548.1549128612, 5220252.303260588], [629548.3302124601, 5220252.131618614], [629548.487844088, 5220251.943620778], [629549.0429261161, 5220251.211439128], [629550.6297398015, 5220252.430423957], [629550.831397331, 5220252.570156407], [629551.0457799993, 5220252.689450112], [629551.2708231844, 5220252.787156209], [629551.5043595972, 5220252.862333735], [629551.5807438886, 5220252.8788749045], [629551.5805870864, 5220252.933249813], [629551.6039302733, 5220253.177475143], [629551.651099325, 5220253.41823643], [629551.7216399778, 5220253.65321501], [629551.8148728863, 5220253.880147911], [629551.9299001669, 5220254.096849644], [629552.0656140439, 5220254.301233254], [629552.2207075185, 5220254.491330416], [629552.3936869558, 5220254.665310388], [629552.5828864692, 5220254.82149765], [629552.7733253441, 5220254.963589814], [629552.037988844, 5220255.982088383], [629551.9043103054, 5220256.187808982], [629551.7914396102, 5220256.405641769], [629551.7004637651, 5220256.6334888935], [629551.6322589172, 5220256.869156064], [629551.5874819163, 5220257.110373678], [629551.5665639896, 5220257.354818675], [629551.5697065882, 5220257.600136919], [629551.5968794469, 5220257.84396586], [629551.6478208764, 5220258.083957291], [629551.7220402829, 5220258.317799966], [629551.818822893, 5220258.54324185], [629551.937236637, 5220258.758111815], [629552.076141126, 5220258.9603405455], [629552.2341986338, 5220259.147980469], [629552.4098869803, 5220259.31922451], [629552.6015141904, 5220259.472423495], [629552.8035934599, 5220259.618320865], [629552.0527876797, 5220260.644229583], [629551.9177842874, 5220260.849083192], [629551.8035101381, 5220261.066183019], [629551.7110657544, 5220261.293438278], [629551.6413414263, 5220261.528660375], [629551.595008637, 5220261.769583992], [629551.5725135967, 5220262.013888903], [629551.5740729452, 5220262.259222318], [629551.5996716646, 5220262.503221544], [629551.6490632257, 5220262.743536734], [629551.7217719605, 5220262.977853521], [629551.8170976442, 5220263.203915305], [629551.9341222384, 5220263.41954499], [629552.0717187322, 5220263.622665943], [629552.2285619964, 5220263.811321998], [629552.4031415442, 5220263.983696295], [629552.5937760796, 5220264.138128773], [629552.73982058, 5220264.245010655], [629552.3590431259, 5220264.754284439], [629576.8087474614, 5220272.81161628], [629592.1875739875, 5220252.402805197], [629592.2279885949, 5220252.434061815], [629592.4291890337, 5220252.57445163], [629592.4555538752, 5220252.589235293], [629577.1208048259, 5220272.914453913], [629593.3214952232, 5220278.253346229], [629603.4014895478, 5220264.89315345], [629603.4174317147, 5220264.912975067], [629603.589190239, 5220265.088160471], [629603.7605441047, 5220265.231642556], [629603.3173712415, 5220265.80348348], [629603.1767809418, 5220266.004543879], [629603.0565749882, 5220266.218416377], [629602.9579110297, 5220266.443041264], [629602.8817392543, 5220266.67625528], [629602.8287932377, 5220266.915812447], [629602.7995828791, 5220267.159405696], [629602.7943894902, 5220267.404689094], [629602.813263086, 5220267.649300427], [629602.8560219036, 5220267.890883953], [629602.9222541522, 5220268.127113092], [629603.0113219791, 5220268.355712826], [629603.1223676123, 5220268.574481618], [629603.2543216217, 5220268.781312602], [629603.4059132182, 5220268.974213883], [629603.5756824916, 5220269.151327718], [629603.7619944711, 5220269.310948403], [629603.9491149404, 5220269.455965506], [629603.3017677751, 5220270.304527601], [629603.162712668, 5220270.506652795], [629603.0441388829, 5220270.721434484], [629602.9471883499, 5220270.946804204], [629602.8727947556, 5220271.180591521], [629602.8216745512, 5220271.420544936], [629602.7943200521, 5220271.664353565], [629602.790994697, 5220271.9096694], [629602.811730511, 5220272.154129913], [629602.8563277968, 5220272.395380817], [629602.9243570581, 5220272.631098734], [629603.0151631362, 5220272.8590135705], [629603.1278715186, 5220273.076930383], [629603.2613967621, 5220273.282750513], [629603.4144529457, 5220273.4744918], [629603.5855660546, 5220273.650307671], [629603.7730881762, 5220273.808504923], [629603.9788358132, 5220273.965464738], [629603.3214512505, 5220274.81072817], [629603.180518158, 5220275.011548438], [629603.0599475253, 5220275.225215561], [629602.9609005133, 5220275.449671806], [629602.8843309991, 5220275.682755537], [629602.830976389, 5220275.922222032], [629602.8013505168, 5220276.165765097], [629602.7957386962, 5220276.411039279], [629602.8141949719, 5220276.655682453], [629602.8565415998, 5220276.897338571], [629602.922370759, 5220277.133680355], [629603.0110484783, 5220277.362431701], [629603.1217207431, 5220277.581389612], [629603.253321719, 5220277.7884454], [629603.4045840164, 5220277.981605008], [629603.574050897, 5220278.159008201], [629603.7600903019, 5220278.318946491], [629604.0104217213, 5220278.513636104], [629603.303964134, 5220279.4358841125], [629603.1645085261, 5220279.637733189], [629603.0455091045, 5220279.852279348], [629602.9481118985, 5220280.077456392], [629602.8732548966, 5220280.311095742], [629602.8216590125, 5220280.550947323], [629602.7938211429, 5220280.794701235], [629602.7929015257, 5220280.853883885], [629645.6958916273, 5220291.417751551], [629653.5510974511, 5220278.793270899], [629653.6845305004, 5220278.599743118], [629661.4349314058, 5220268.418544161], [629661.4888088998, 5220268.350266553], [629697.6778606928, 5220224.094122701], [629706.6715932427, 5220212.372259688], [629653.9983184055, 5220195.7721973155], [629653.9195902604, 5220195.848096838], [629653.8834584658, 5220195.890517038], [629653.5382421266, 5220195.627203579], [629651.7988312135, 5220195.0790255945], [629651.630877172, 5220195.093285425], [629651.3896298293, 5220195.137901972], [629651.1539173451, 5220195.205950053], [629650.9260097592, 5220195.296774329], [629650.7081019462, 5220195.409500109], [629650.5022924776, 5220195.543041785], [629650.3105634111, 5220195.696113277], [629650.2188818213, 5220195.785356802], [629649.9514741382, 5220195.5797530245], [629649.7498764533, 5220195.439934249], [629649.5355448797, 5220195.320548767], [629649.3105435479, 5220195.2227463275], [629649.0770393434, 5220195.14746882], [629648.8372810396, 5220195.095441209], [629648.5935776398, 5220195.067164549], [629648.3482761411, 5220195.062911158], [629648.103738931, 5220195.082722001], [629647.8623210365, 5220195.126406287], [629647.6263474439, 5220195.193543312], [629647.398090708, 5220195.283486512], [629647.1797490657, 5220195.3953696815], [629646.9734252666, 5220195.5281153275], [629646.7811063216, 5220195.680445036], [629646.6427232502, 5220195.814110931], [629646.3660305284, 5220195.601824788], [629646.1642878004, 5220195.462215375], [629645.9498324035, 5220195.343052465], [629645.72472966, 5220195.24548366], [629645.4911474327, 5220195.170448604], [629645.251335246, 5220195.118669924], [629645.0076026224, 5220195.090646277], [629644.7622968402, 5220195.086647547], [629644.5177803283, 5220195.106712243], [629644.2764079144, 5220195.150647131], [629644.0405041467, 5220195.218029094], [629643.8123409074, 5220195.308209208], [629643.5941155334, 5220195.420318987], [629643.3879296542, 5220195.553278754], [629643.1957689526, 5220195.705808035], [629643.1692621444, 5220195.731464529], [629642.9842221454, 5220195.589425124], [629642.7825134746, 5220195.449766509], [629642.5680871481, 5220195.330551296], [629642.3430082087, 5220195.232927592], [629642.1094442896, 5220195.157835566], [629641.869644739, 5220195.105998397], [629641.6259189576, 5220195.077915304], [629641.3806141581, 5220195.073856743], [629641.1360927597, 5220195.0938618], [629640.894709637, 5220195.137737815], [629640.6587894418, 5220195.2050622385], [629640.4306042141, 5220195.295186699], [629640.2123515027, 5220195.407243251], [629640.0061332004, 5220195.540152725], [629639.8139353021, 5220195.692635132], [629639.6571203987, 5220195.844345494], [629639.3410125466, 5220195.601822182], [629639.1392689331, 5220195.462214048], [629638.9248127803, 5220195.343052497], [629638.6997094182, 5220195.24548512], [629638.4661267151, 5220195.170451545], [629638.2263142, 5220195.118674386], [629637.9825813987, 5220195.090652285], [629637.7372755911, 5220195.08665511], [629637.4927592064, 5220195.1067213565], [629637.2513870711, 5220195.150657775], [629637.0154837307, 5220195.218041235], [629636.7873210633, 5220195.308222795], [629636.5690964003, 5220195.420333958], [629636.3629113642, 5220195.553295034], [629636.1707516299, 5220195.705825533], [629635.9996439563, 5220195.87144633], [629635.6174967563, 5220195.577402525], [629635.4159495156, 5220195.437511044], [629635.2016610171, 5220195.318048263], [629634.9766949761, 5220195.220164673], [629634.7432179387, 5220195.144802948], [629634.5034784161, 5220195.092688863], [629634.2597852313, 5220195.064324303], [629634.0144852827, 5220195.059982435], [629633.7699409429, 5220195.0797050735], [629633.5285073075, 5220195.12330228], [629633.2925095146, 5220195.190354188], [629633.0642203519, 5220195.280215051], [629632.8458383688, 5220195.392019461], [629632.6394667029, 5220195.524690679], [629632.4470928267, 5220195.67695101], [629632.3934463676, 5220195.728731388], [629632.209847804, 5220195.589526213], [629632.0073119601, 5220195.451069907], [629631.7921802907, 5220195.33313229], [629631.566524631, 5220195.236849167], [629631.3325181686, 5220195.163147796], [629631.0924145137, 5220195.11273796], [629630.8485259955, 5220195.086105136], [629630.603201394, 5220195.083505811], [629630.3588033192, 5220195.104965019], [629630.1176854579, 5220195.150276095], [629629.8821699072, 5220195.219002669], [629629.6545248105, 5220195.310482866], [629629.4369425144, 5220195.423835683], [629629.2315184555, 5220195.55796947], [629629.0402309799, 5220195.711592444], [629629.0143439006, 5220195.736936704], [629628.8237444784, 5220195.58907175], [629628.6227539794, 5220195.448381538], [629628.4089412524, 5220195.3280693], [629628.1843654306, 5220195.2292937115], [629627.9511893021, 5220195.153006035], [629627.7116584806, 5220195.09994096], [629627.4680797785, 5220195.070609535], [629627.2227989921, 5220195.065294237], [629626.9781783094, 5220195.084046255], [629626.7365735612, 5220195.126684996], [629626.5003115335, 5220195.192799826], [629626.2716675586, 5220195.281754024], [629626.052843603, 5220195.392690912], [629625.8459470611, 5220195.524542107], [629625.6529704595, 5220195.676037809], [629625.5760416804, 5220195.7497031735], [629625.3688090942, 5220195.590094933], [629625.1673266318, 5220195.45011017], [629624.9530934563, 5220195.330548206], [629624.7281727504, 5220195.23256049], [629624.4947306233, 5220195.157090696], [629624.2550152505, 5220195.104865638], [629624.0113352219, 5220195.076388274], [629623.7660373095, 5220195.071932856], [629623.5214838663, 5220195.091542291], [629623.2800300755, 5220195.135027732], [629623.0440012692, 5220195.201970388], [629622.8156705338, 5220195.291725566], [629622.5972368192, 5220195.403428873], [629622.3908037613, 5220195.536004546], [629622.1983594235, 5220195.68817581], [629622.0372711318, 5220195.843516705], [629621.6982151675, 5220195.583918129], [629621.4963339395, 5220195.444509068], [629621.2817603474, 5220195.32555912], [629621.0565608521, 5220195.228213837], [629620.8229042477, 5220195.15341071], [629620.5830407751, 5220195.101870134], [629620.3392804507, 5220195.074088469], [629620.0939708196, 5220195.070333272], [629619.8494743478, 5220195.090640705], [629619.6081456698, 5220195.134815197], [629619.3723089128, 5220195.202431325], [629619.1442353136, 5220195.292837907], [629618.9261213458, 5220195.405164277], [629618.720067566, 5220195.538328674], [629618.5280583848, 5220195.691048649], [629618.4450758579, 5220195.771528889], [629618.2126021929, 5220195.594910794], [629618.0102008318, 5220195.45625797], [629617.7951837356, 5220195.338111599], [629617.569621636, 5220195.241609497], [629617.3356868193, 5220195.16768103], [629617.095632206, 5220195.117038171], [629616.8517696529, 5220195.090168638], [629616.6064476899, 5220195.087331199], [629616.3620289016, 5220195.1085531805], [629616.1208671745, 5220195.153630203], [629615.8852850278, 5220195.22212815], [629615.6575512465, 5220195.313387349], [629615.4398590312, 5220195.426528924], [629615.2343048771, 5220195.56046326], [629615.0428683831, 5220195.713900495], [629614.9464493452, 5220195.808114635], [629614.6512080472, 5220195.588511943], [629614.4474063189, 5220195.451925809], [629614.2311981693, 5220195.335973436], [629614.0046658011, 5220195.241771511], [629613.7699908448, 5220195.170227248], [629613.5294333486, 5220195.122029658], [629613.2853100125, 5220195.097642912], [629613.0399718778, 5220195.097301865], [629612.795781685, 5220195.121009803], [629612.5550911189, 5220195.168538406], [629612.3202181613, 5220195.239429945], [629612.0934247674, 5220195.333001698], [629611.8768950811, 5220195.4483525185], [629611.6727144021, 5220195.584371513], [629611.4828491018, 5220195.739748745], [629611.4254805528, 5220195.796958019], [629611.1615786602, 5220195.594404294], [629610.9598629229, 5220195.4547558855], [629610.7454305642, 5220195.335551523], [629610.5203466851, 5220195.237939208], [629610.2867789664, 5220195.162859001], [629610.046976793, 5220195.111033967], [629609.8741442221, 5220195.091128345], [629609.8507732854, 5220195.015371079], [629609.7558197891, 5220194.789152711], [629609.6391502423, 5220194.573330715], [629609.5018882366, 5220194.369983578], [629609.34535568, 5220194.181069641], [629609.1710600666, 5220194.008408251], [629608.9806799586, 5220193.85366223], [629608.6418531017, 5220193.604836257], [629609.4839736463, 5220192.4805338485], [629609.621240725, 5220192.277190135], [629609.7379156562, 5220192.061371051], [629609.8328747961, 5220191.835155052], [629609.9052036365, 5220191.600720721], [629609.9542056111, 5220191.360325789], [629609.9794088041, 5220191.116285392], [629609.9805704948, 5220190.87094977], [629609.9576794957, 5220190.626681642], [629609.9109562596, 5220190.385833441], [629609.8408507566, 5220190.150724668], [629609.7480381413, 5220189.923619549], [629609.6334122497, 5220189.70670523], [629609.498076992, 5220189.502070716], [629609.3433357205, 5220189.311686747], [629609.1706786784, 5220189.137386826], [629608.9817686472, 5220188.980849557], [629608.7525154769, 5220188.809135254], [629609.5141874952, 5220187.785199642], [629609.6507814499, 5220187.581403155], [629609.7667421184, 5220187.365199455], [629609.8609527363, 5220187.1386707015], [629609.9325060036, 5220186.903998491], [629609.9807128236, 5220186.6634428445], [629610.0051089379, 5220186.419320445], [629610.0054593986, 5220186.173982323], [629609.9817608307, 5220185.92979122], [629609.9342414644, 5220185.689098831], [629609.8633589371, 5220185.454223153], [629609.7697958862, 5220185.227426169], [629609.6544533753, 5220185.010892057], [629609.5184422155, 5220184.806706158], [629609.3630722689, 5220184.616834897], [629609.1898398328, 5220184.443106834], [629609.0004132303, 5220184.287195068], [629608.6711023749, 5220184.042231555], [629609.4995268162, 5220182.938130779], [629609.6369630733, 5220182.734901372], [629609.7538175721, 5220182.5191794615], [629609.8489649398, 5220182.293042568], [629609.9214888552, 5220182.058668511], [629609.9555934921, 5220181.892065828], [629567.1122963568, 5220168.389935821], [629552.0834004784, 5220188.36797288], [629551.9457103722, 5220188.571030387], [629551.828586398, 5220188.786606107], [629551.7331565234, 5220189.0126239285], [629551.6603397903, 5220189.246907176], [629551.6108374634, 5220189.487199574], [629551.5851262775, 5220189.731186974], [629551.5834538452, 5220189.976519645], [629551.605836273, 5220190.220834899], [629551.6520580059, 5220190.461779847], [629551.7216739033, 5220190.697034057], [629551.814013526, 5220190.924331903], [629551.928187593, 5220191.141484382], [629552.0630965456, 5220191.346400197], [629552.217441137, 5220191.537105896], [629552.3897349442, 5220191.7117648795], [629552.5783186838, 5220191.868695086], [629552.8844886322, 5220192.099017828], [629552.07653022, 5220193.1796335345], [629551.9394368981, 5220193.383094435], [629551.8229463737, 5220193.59901311], [629551.7281805142, 5220193.8253101455], [629551.6560519665, 5220194.059806177], [629551.6072553679, 5220194.300242881], [629551.5822606565, 5220194.54430472], [629551.581308545, 5220194.789641244], [629551.6044082026, 5220195.0338897295], [629551.6195593462, 5220195.111635311], [629551.5654360359, 5220195.116442864], [629551.32436423, 5220195.161998336], [629551.088918468, 5220195.230963616], [629550.8613662211, 5220195.322674528], [629550.6438989419, 5220195.436247849], [629550.4386109591, 5220195.570589803], [629550.2474793084, 5220195.724406606], [629550.0723446917, 5220195.896216915], [629550.038447892, 5220195.936722583], [629549.5857789012, 5220195.595779219], [629549.3828017444, 5220195.457970691], [629549.1672943804, 5220195.340720989], [629548.9413322627, 5220195.245159292], [629548.7070915301, 5220195.17220591], [629548.4668280489, 5220195.122563426], [629548.2228556877, 5220195.096709925], [629547.9775240339, 5220195.094894387], [629547.7331957651, 5220195.117134299], [629547.4922238963, 5220195.163215478], [629547.2569291184, 5220195.232694137], [629547.0295774486, 5220195.324901159], [629546.8123584078, 5220195.438948539], [629546.607363934, 5220195.573737939], [629546.4677036575, 5220195.686634975], [629546.3313390805, 5220195.583696701], [629546.128510586, 5220195.445669463], [629545.9131297308, 5220195.328187533], [629545.6872707508, 5220195.232382325], [629545.4531087908, 5220195.159176499], [629545.2128989589, 5220195.109275063], [629544.968954607, 5220195.083158597], [629544.7236250526, 5220195.081078618], [629544.4792729534, 5220195.103055155], [629544.2382515535, 5220195.148876563], [629544.002882021, 5220195.218101556], [629543.7754310931, 5220195.310063462], [629543.5580892465, 5220195.423876634], [629543.352949602, 5220195.558444992], [629543.1619877665, 5220195.712472567], [629542.987042807, 5220195.884475991], [629542.974302449, 5220195.899734512], [629542.5556857395, 5220195.582142922], [629542.3531907859, 5220195.443626821], [629542.1380939486, 5220195.325625689], [629541.9124667278, 5220195.229275941], [629541.678482037, 5220195.155505479], [629541.4383932768, 5220195.105024752], [629541.194512633, 5220195.078319917], [629540.9491888096, 5220195.075648157], [629540.7047844093, 5220195.097035201], [629540.58158396, 5220195.120149476], [629508.4084429968, 5220240.606314287], [629507.1434147434, 5220246.9314555535], [629510.9322170235, 5220241.905021393], [629511.0030788293, 5220241.97709505], [629511.1914016141, 5220242.134338317], [629511.4264832098, 5220242.311795647], [629511.3686952896, 5220242.4973427]]], [[[629501.374293068, 5220241.626724698], [629502.2956112968, 5220242.931646676], [629502.2922266845, 5220240.408943312], [629501.374293068, 5220241.626724698]]], [[[629552.3926785472, 5220268.47500496], [629552.5817218561, 5220268.631381249], [629553.035409246, 5220268.970597473], [629552.0499636361, 5220270.320593358], [629551.9152117273, 5220270.525612478], [629551.8012040739, 5220270.742852372], [629551.7090386318, 5220270.970220901], [629551.6396030042, 5220271.205528381], [629551.5935658946, 5220271.446508673], [629551.5713706653, 5220271.690841005], [629551.5732310687, 5220271.936172322], [629551.5991291878, 5220272.180139951], [629551.6488156097, 5220272.42039435], [629551.721811827, 5220272.654621737], [629551.8174148463, 5220272.880566374], [629551.9347039581, 5220273.096052293], [629552.0725496042, 5220273.299004244], [629552.2296242558, 5220273.487467689], [629552.404415198, 5220273.659627624], [629552.5287558533, 5220273.7601031605], [629552.0770963066, 5220274.363876604], [629551.9399536786, 5220274.567304271], [629551.823410828, 5220274.783194708], [629551.7285901263, 5220275.00946877], [629551.6564047487, 5220275.243947314], [629551.6075498798, 5220275.484372185], [629551.5824960186, 5220275.728427959], [629551.5814844477, 5220275.9737642445], [629551.604524909, 5220276.218018321], [629551.6513955102, 5220276.458837887], [629551.7216448619, 5220276.693903718], [629551.8145964242, 5220276.920952003], [629551.929355023, 5220277.137796142], [629552.0648154701, 5220277.342347807], [629552.2196732075, 5220277.532637055], [629552.3924368705, 5220277.706831295], [629552.5814426505, 5220277.863252942], [629552.7623878961, 5220277.998611078], [629552.0781065739, 5220278.912526698], [629551.9408760109, 5220279.115895056], [629551.8242398354, 5220279.331735088], [629551.7293213175, 5220279.557968135], [629551.6570345745, 5220279.792415449], [629551.6080757674, 5220280.032819176], [629551.5829163961, 5220280.276864096], [629551.5817987592, 5220280.522199921], [629551.6047336201, 5220280.766463936], [629551.6515001034, 5220281.007303743], [629551.7216478226, 5220281.2423999235], [629551.8145012166, 5220281.469488373], [629551.9291660567, 5220281.686382105], [629552.0645380575, 5220281.890992315], [629552.2193135128, 5220282.081348495], [629552.3920018504, 5220282.255617409], [629552.5809399869, 5220282.412120755], [629552.7014990259, 5220282.5023876205], [629552.0848547342, 5220283.321040971], [629551.9470387548, 5220283.5240130685], [629551.8297811415, 5220283.739516129], [629551.7342111493, 5220283.965474738], [629551.6612491694, 5220284.199712792], [629551.6115978657, 5220284.439974451], [629551.5857354073, 5220284.6839458635], [629551.5839108638, 5220284.929277451], [629551.6061418067, 5220285.173606535], [629551.6522141397, 5220285.414580096], [629551.7216841611, 5220285.649877424], [629551.8138828366, 5220285.877232479], [629551.9279222426, 5220286.094455706], [629552.0627041173, 5220286.299455128], [629552.2169304374, 5220286.490256487], [629552.3891159192, 5220286.665022263], [629552.5776023227, 5220286.8220693655], [629552.8561399062, 5220287.031875641], [629552.0818817411, 5220288.062493111], [629551.9443232574, 5220288.265639807], [629551.8273390136, 5220288.481291385], [629551.7320556318, 5220288.707371004], [629551.6593907431, 5220288.941701392], [629551.6100441504, 5220289.182025819], [629551.5844910879, 5220289.42602983], [629551.582977646, 5220289.6713635335], [629551.6055183997, 5220289.915664231], [629551.6518962694, 5220290.156579175], [629551.7216646107, 5220290.39178822], [629551.8141515164, 5220290.619026177], [629551.9284662871, 5220290.836104618], [629552.0635080088, 5220291.040932961], [629552.2179761564, 5220291.231538596], [629552.3903831167, 5220291.406085887], [629552.5790685166, 5220291.562893847], [629552.7918787969, 5220291.722768973], [629552.0852983523, 5220292.660452142], [629551.9474440063, 5220292.863398184], [629551.8301456576, 5220293.078879074], [629551.7345329531, 5220293.304819614], [629551.6615266955, 5220293.539043872], [629551.6118299749, 5220293.77929614], [629551.5859213979, 5220294.023262658], [629551.5840504783, 5220294.268593896], [629551.606235234, 5220294.512927179], [629551.6522620138, 5220294.753909444], [629551.7216875545, 5220294.989219901], [629551.8138432503, 5220295.21659238], [629551.9278415914, 5220295.433837161], [629552.0625847116, 5220295.638862058], [629552.2167749609, 5220295.829692568], [629552.3889274028, 5220296.00449089], [629552.5773841154, 5220296.16157362], [629554.8135801703, 5220297.84663362], [629555.0165262121, 5220297.984487966], [629555.2320071022, 5220298.1017863145], [629555.4579476416, 5220298.197399019], [629555.6921718994, 5220298.270405277], [629555.932424168, 5220298.320101997], [629556.1763906867, 5220298.346010574], [629556.4217219246, 5220298.347881494], [629556.6660552076, 5220298.325696738], [629556.9070374728, 5220298.279669958], [629557.1423479293, 5220298.210244417], [629557.3697204086, 5220298.118088721], [629557.5869651894, 5220298.004090381], [629557.7919900859, 5220297.86934726], [629557.9828205961, 5220297.715157011], [629558.157618918, 5220297.543004569], [629558.314701648, 5220297.354547856], [629574.9020304175, 5220275.3419672055], [629551.8430799867, 5220267.742954433], [629551.9294601693, 5220267.906080942], [629552.064969696, 5220268.110600097], [629552.2198730902, 5220268.30085218], [629552.3926785472, 5220268.47500496]]], [[[629557.5030436532, 5220299.095264075], [629557.4298984582, 5220299.329444982], [629557.3800592202, 5220299.569667727], [629557.3540059181, 5220299.813618832], [629557.3519894597, 5220300.058948917], [629557.3740292644, 5220300.303295318], [629557.4199130769, 5220300.544304846], [629557.4891990109, 5220300.779656447], [629557.581219805, 5220301.007083556], [629557.6950892489, 5220301.224395926], [629557.8297107173, 5220301.42950072], [629557.9837877321, 5220301.620422669], [629558.1558364471, 5220301.795323087], [629558.3441999393, 5220301.952517589], [629560.5793959635, 5220303.638903883], [629560.7822601899, 5220303.776878599], [629560.9976714564, 5220303.894304758], [629561.2235552352, 5220303.990051482], [629561.4577361419, 5220304.063196677], [629561.6979588863, 5220304.1130359145], [629561.9419099921, 5220304.1390892165], [629562.187240077, 5220304.141105675], [629562.4315864778, 5220304.1190658705], [629562.6725960053, 5220304.0731820585], [629562.9079476059, 5220304.003896125], [629563.1353747152, 5220303.91187533], [629563.3526870857, 5220303.798005886], [629563.5577918804, 5220303.663384418], [629563.7487138283, 5220303.509307403], [629563.7769971474, 5220303.4814852355], [629563.9850178452, 5220303.638646494], [629564.1877907434, 5220303.7767553935], [629564.4031242743, 5220303.894324042], [629564.6289446581, 5220303.990220188], [629564.8630771211, 5220304.0635203], [629565.1032668396, 5220304.113518457], [629565.3472006554, 5220304.139733151], [629565.5925293523, 5220304.141911917], [629565.8368902811, 5220304.120033775], [629566.0779301124, 5220304.0743094245], [629566.3133275007, 5220304.005179212], [629566.5408154407, 5220303.913308904], [629566.758203099, 5220303.799583257], [629566.9633969137, 5220303.665097514], [629567.1544207563, 5220303.511146846], [629567.3240310547, 5220303.34452265], [629567.7140551889, 5220303.638857275], [629567.9169028515, 5220303.776856342], [629568.132300021, 5220303.8943083575], [629568.3581723049, 5220303.990082195], [629568.5923444297, 5220304.063255501], [629568.8325611899, 5220304.113123574], [629569.0765091666, 5220304.13920616], [629569.3218390077, 5220304.141252067], [629569.5661880524, 5220304.119241593], [629569.8072030861, 5220304.073386712], [629570.0425630021, 5220304.004129029], [629570.2700011558, 5220303.912135536], [629570.4873271935, 5220303.798292179], [629570.6924481465, 5220303.663695332], [629570.8747699085, 5220303.516594937], [629571.0368767439, 5220303.638901255], [629571.239740036, 5220303.776877345], [629571.4551505076, 5220303.894304962], [629571.6810336382, 5220303.990053215], [629571.9152140497, 5220304.063199995], [629572.1554364568, 5220304.11304086], [629572.3993873863, 5220304.139095813], [629572.6447174575, 5220304.141113933], [629572.8890640076, 5220304.119075783], [629573.1300738457, 5220304.073193601], [629573.3654259156, 5220304.003909261], [629573.5928536479, 5220303.911890007], [629573.8101667892, 5220303.798022034], [629574.0152724955, 5220303.663401954], [629574.2061954864, 5220303.509326232], [629574.3810970691, 5220303.3372787], [629574.5382928461, 5220303.148916272], [629591.4128709954, 5220280.783068648], [629575.2122021215, 5220275.444183425], [629557.854191252, 5220298.451104804], [629557.7162165358, 5220298.65396903], [629557.5987903768, 5220298.869380297], [629557.5030436532, 5220299.095264075]]], [[[629602.9481664833, 5220289.169847485], [629602.87330211, 5220289.403484473], [629602.8216986586, 5220289.643334427], [629602.7938530985, 5220289.88708746], [629602.7900335977, 5220290.132396098], [629602.8102769401, 5220290.3768978845], [629602.8543881711, 5220290.618238134], [629602.9219424756, 5220290.854092607], [629603.0122892685, 5220291.082189897], [629603.1245584611, 5220291.300333302], [629603.2576688395, 5220291.506421981], [629603.410338478, 5220291.698471189], [629603.5810970847, 5220291.874631384], [629603.7683001609, 5220292.033206051], [629603.9844127841, 5220292.198762799], [629603.3022586355, 5220293.090612222], [629603.1629482877, 5220293.292561581], [629603.0441032557, 5220293.507193301], [629602.9468680824, 5220293.73244036], [629602.8721791956, 5220293.966133507], [629602.8207558902, 5220294.206022148], [629602.7930934008, 5220294.449796026], [629602.789458132, 5220294.695107463], [629602.8098850937, 5220294.939593977], [629602.8541775631, 5220295.18090103], [629602.9219089793, 5220295.416704702], [629603.0124270519, 5220295.644734076], [629603.1248600422, 5220295.862793103], [629603.2581251593, 5220296.068781756], [629603.4109389872, 5220296.260716252], [629603.581829845, 5220296.436748156], [629603.7691519606, 5220296.595182185], [629603.9352626692, 5220296.722236266], [629603.317412048, 5220297.526389783], [629603.1776634121, 5220297.728036095], [629603.0583524988, 5220297.942409188], [629602.9606283376, 5220298.167444529], [629602.8854320657, 5220298.400974907], [629602.8334878641, 5220298.640751296], [629602.8052959839, 5220298.884464517], [629602.8011279285, 5220299.129767481], [629602.8210238384, 5220299.374297785], [629602.8647921052, 5220299.6157004675], [629602.9320112163, 5220299.851650691], [629603.0220338153, 5220300.079876123], [629603.1339929351, 5220300.298178831], [629603.2668103483, 5220300.504456438], [629603.4192069505, 5220300.69672238], [629603.589715079, 5220300.873125029], [629603.7766926476, 5220301.031965532], [629605.997012203, 5220302.737890816], [629606.1986585156, 5220302.877639452], [629606.4130316076, 5220302.996950366], [629606.6380669491, 5220303.094674527], [629606.8715973267, 5220303.1698707985], [629607.1113737153, 5220303.221815], [629607.3550869371, 5220303.250006881], [629607.6003899006, 5220303.254174936], [629607.8449202043, 5220303.234279025], [629608.0863228873, 5220303.190510759], [629608.1627683659, 5220303.168732449], [629608.762147146, 5220303.630045327], [629608.9636768142, 5220303.769962122], [629609.177950306, 5220303.889451818], [629609.4029040505, 5220303.987363663], [629609.6363716205, 5220304.062754713], [629609.8761045953, 5220304.114898911], [629610.1197942155, 5220304.14329408], [629610.3650936169, 5220304.147666758], [629610.6096404319, 5220304.127974835], [629610.8510795414, 5220304.084407955], [629611.0870857544, 5220304.01738569], [629611.3153862023, 5220303.927553501], [629611.5337822268, 5220303.815776522], [629611.7401705551, 5220303.683131226], [629611.9325635544, 5220303.530895059], [629611.9914147103, 5220303.474105305], [629612.2009790567, 5220303.635240141], [629612.4025744335, 5220303.775062244], [629612.6169040361, 5220303.894451264], [629612.8419037535, 5220303.992257419], [629613.0754067153, 5220304.06753878], [629613.3151641602, 5220304.119570349], [629613.5588670932, 5220304.147851033], [629613.8041685217, 5220304.152108473], [629614.0487060588, 5220304.132301668], [629614.2901246743, 5220304.088621368], [629614.5260993752, 5220304.021488237], [629614.7543575959, 5220303.931548806], [629614.9727010851, 5220303.81966924], [629615.1790270756, 5220303.686927], [629615.3713485353, 5220303.534600467], [629615.4583779296, 5220303.450540491], [629615.698653139, 5220303.635265556], [629615.9002571004, 5220303.775075282], [629616.114594033, 5220303.894451141], [629616.3395997551, 5220303.992243481], [629616.5731073385, 5220304.067510505], [629616.8128679777, 5220304.119527353], [629617.0565726466, 5220304.147793074], [629617.3018743359, 5220304.152035452], [629617.5464106564, 5220304.132213633], [629617.7878265895, 5220304.08851851], [629618.0237971679, 5220304.0213708915], [629618.252049866, 5220303.931417446], [629618.4703864855, 5220303.8195244735], [629618.6767043252, 5220303.686769566], [629618.8690164319, 5220303.534431225], [629619.0130656128, 5220303.395279865], [629619.3167253146, 5220303.628212283], [629619.5184806375, 5220303.767803495], [629619.7329467849, 5220303.886947056], [629619.9580583303, 5220303.98449555], [629620.1916473266, 5220304.0595095325], [629620.431464184, 5220304.111266576], [629620.6751993351, 5220304.1392682325], [629620.920505477, 5220304.143244831], [629621.1650201777, 5220304.123158074], [629621.4063886268, 5220304.079201409], [629621.6422863142, 5220304.011798162], [629621.8704414163, 5220303.921597463], [629622.0886566747, 5220303.809467996], [629622.2948305571, 5220303.676489625], [629622.4869774964, 5220303.523943009], [629622.6059247113, 5220303.408790724], [629622.9017641477, 5220303.635717909], [629623.1035213823, 5220303.775306357], [629623.3179891611, 5220303.894446982], [629623.5431020424, 5220303.9919923935], [629623.7766920659, 5220304.067003176], [629624.016509632, 5220304.118756935], [629624.2602451664, 5220304.146755254], [629624.5055513628, 5220304.150728493], [629624.7500657883, 5220304.130638388], [629624.9914336354, 5220304.086678417], [629625.2273303997, 5220304.01927194], [629625.4554842664, 5220303.929068117], [629625.6736979892, 5220303.816935661], [629625.8798700506, 5220303.683954468], [629625.9605333115, 5220303.619913616], [629625.9809763047, 5220303.635603683], [629626.182694749, 5220303.775248181], [629626.3971294183, 5220303.894448387], [629626.6222151894, 5220303.992056339], [629626.8557843633, 5220304.0671320185], [629627.0955875411, 5220304.118952405], [629627.3393152873, 5220304.147018441], [629627.5846203703, 5220304.151059834], [629627.829140368, 5220304.131037665], [629628.0705204194, 5220304.087144756], [629628.3064359024, 5220304.019803821], [629628.534614822, 5220303.929663391], [629628.7528596906, 5220303.817591566], [629628.9590686907, 5220303.68466766], [629629.1512559169, 5220303.532171802], [629629.2548112766, 5220303.431973281], [629629.5180483491, 5220303.634810632], [629629.719499077, 5220303.77484106], [629629.9337051468, 5220303.894451579], [629630.1586036368, 5220303.992490275], [629630.3920286517, 5220304.06801298], [629630.631732181, 5220304.12029237], [629630.8754057486, 5220304.1488249665], [629631.1207026448, 5220304.153335985], [629631.3652605265, 5220304.133781981], [629631.6067241677, 5220304.0903512705], [629631.8427681414, 5220304.023462115], [629632.071119215, 5220303.933758694], [629632.289578243, 5220303.8221049], [629632.4960413455, 5220303.68957602], [629632.68852017, 5220303.537448381], [629632.8651610401, 5220303.367187053], [629632.8665219109, 5220303.3655896485], [629633.21072726, 5220303.630690874], [629643.2736792812, 5220293.910941217], [629606.1778181471, 5220284.776944566], [629603.3040389604, 5220288.528286433], [629603.1645769841, 5220288.73013111], [629603.0455707936, 5220288.944673514], [629602.9481664833, 5220289.169847485]]]]}}, {"type": "Feature", "properties": {"vineyard_id": "V15", "area_m2": 17225.2}, "geometry": {"type": "MultiPolygon", "coordinates": [[[[629608.4049791122, 5220092.718732518], [629608.1683031201, 5220092.783349787], [629607.9391003873, 5220092.870854209], [629607.7195782617, 5220092.98040307], [629607.5118508611, 5220093.110941354], [629607.3179187141, 5220093.2612119075], [629607.1396494934, 5220093.429767541], [629606.9787600287, 5220093.6149849715], [629603.3337600287, 5220098.252484972], [629603.1917997738, 5220098.452580456], [629603.0701358834, 5220098.665626963], [629602.9699400474, 5220098.88957274], [629602.8921772062, 5220099.122261066], [629602.8375962587, 5220099.361451026], [629602.8067228493, 5220099.604839088], [629602.7998543057, 5220099.850081295], [629602.8170567757, 5220100.094815828], [629602.8581645902, 5220100.33668576], [629602.9227818585, 5220100.573361753], [629603.0102862808, 5220100.802564485], [629603.1198351418, 5220101.02208661], [629603.2503734261, 5220101.229814011], [629603.2853210776, 5220101.274915815], [629609.3541430618, 5220092.6948571475], [629609.1368257838, 5220092.667290778], [629608.8915835775, 5220092.660422234], [629608.6468490446, 5220092.677624704], [629608.4049791122, 5220092.718732518]]], [[[629569.9525569768, 5220145.670326592], [629569.8986962385, 5220145.9096797565], [629569.8685555671, 5220146.153159646], [629569.8681818048, 5220146.168113094], [629557.5137571084, 5220162.21948709], [629559.6925141135, 5220162.906125661], [629592.7040357166, 5220116.234664083], [629570.3915197722, 5220144.799225274], [629570.250162448, 5220144.9997471515], [629570.1291403789, 5220145.213158902], [629570.0296190736, 5220145.437405254], [629569.9525569768, 5220145.670326592]]], [[[629551.6842127742, 5220170.105472217], [629551.6320642813, 5220170.345204257], [629551.6036647467, 5220170.588893369], [629551.5992876735, 5220170.834192692], [629551.6189752152, 5220171.07873986], [629551.6625377702, 5220171.32017975], [629551.7295558071, 5220171.556187164], [629551.8193839056, 5220171.784489221], [629551.9311569721, 5220172.002887248], [629552.0637985708, 5220172.209277952], [629552.2160312905, 5220172.401673679], [629552.386389047, 5220172.578221552], [629552.5732312022, 5220172.737221318], [629552.6804445233, 5220172.819741288], [629557.8732224423, 5220165.478227679], [629555.5653742407, 5220164.750905821], [629552.1169378218, 5220169.231255495], [629551.9770174165, 5220169.4327826565], [629551.8575238822, 5220169.647054007], [629551.7596080069, 5220169.872005998], [629551.6842127742, 5220170.105472217]]], [[[629551.7280485244, 5220184.480581372], [629551.655938296, 5220184.715083038], [629551.6071604807, 5220184.955523553], [629551.5821848357, 5220185.199587344], [629551.58125189, 5220185.444923942], [629551.6043706286, 5220185.689170621], [629551.651318405, 5220185.929975154], [629551.7216430869, 5220186.16501846], [629551.8146674088, 5220186.392036945], [629551.9294954959, 5220186.608844294], [629552.0650214908, 5220186.813352537], [629552.219940204, 5220187.003592147], [629552.3927596838, 5220187.17773101], [629552.5818155842, 5220187.334092077], [629554.8244376852, 5220189.010590246], [629555.0279092941, 5220189.1476676725], [629555.243837069, 5220189.264141329], [629555.4701415075, 5220189.35888951], [629555.7046431738, 5220189.430999738], [629555.9450836891, 5220189.479777553], [629556.1891474794, 5220189.5047531985], [629556.4344840772, 5220189.505686144], [629556.6787307567, 5220189.482567405], [629556.9195352893, 5220189.435619629], [629557.1545785953, 5220189.365294947], [629557.3815970793, 5220189.272270625], [629557.5984044294, 5220189.157442538], [629557.802912672, 5220189.021916543], [629557.9931522812, 5220188.866997831], [629558.1672911453, 5220188.69417835], [629558.323652212, 5220188.50512245], [629572.1695328477, 5220169.983731564], [629560.8780165281, 5220166.425193087], [629551.796430068, 5220179.264677393], [629551.7468698691, 5220179.379942962], [629551.6725194927, 5220179.613744028], [629551.6214436454, 5220179.853706888], [629551.5941342158, 5220180.09752057], [629551.5908542085, 5220180.342837015], [629551.6116352116, 5220180.587293692], [629551.656277093, 5220180.8285363475], [629551.7243499267, 5220181.064241685], [629551.8151981343, 5220181.292139731], [629551.9279467977, 5220181.510035706], [629552.0615100857, 5220181.715831149], [629552.2146017109, 5220181.907544141], [629552.3857473173, 5220182.083328377], [629552.573298679, 5220182.241490963], [629553.0154447581, 5220182.578664058], [629552.0763477881, 5220183.83487755], [629551.9392703613, 5220184.038349159], [629551.8227967051, 5220184.254276934], [629551.7280485244, 5220184.480581372]]], [[[629563.2194615251, 5220196.913515656], [629563.1688798863, 5220197.153583176], [629563.1420725436, 5220197.397452574], [629563.1392976666, 5220197.642775252], [629563.1605819789, 5220197.887188621], [629563.2057205007, 5220198.1283388445], [629563.2742785235, 5220198.363903515], [629563.3655957961, 5220198.591614016], [629563.4787928832, 5220198.8092773715], [629563.612779635, 5220199.0147973625], [629563.7662656858, 5220199.206194721], [629563.9377728811, 5220199.381626185], [629564.1256495127, 5220199.539402254], [629566.3556214599, 5220201.232690509], [629566.5580581733, 5220201.371291713], [629566.7731053923, 5220201.489383247], [629566.9986920946, 5220201.585827823], [629567.2326457568, 5220201.659696629], [629567.4727132773, 5220201.710278269], [629567.7165826748, 5220201.737085611], [629567.9619053534, 5220201.739860488], [629568.2063187219, 5220201.718576176], [629568.4474689456, 5220201.673437654], [629568.6830336164, 5220201.604879631], [629568.9107441176, 5220201.513562359], [629569.1284074725, 5220201.400365272], [629569.3339274641, 5220201.266378519], [629569.5253248225, 5220201.112892468], [629569.7007562865, 5220200.941385273], [629569.858532355, 5220200.753508641], [629589.1576616756, 5220175.337566104], [629581.2549670232, 5220172.84701991], [629563.6464676451, 5220196.03649136], [629563.5078664413, 5220196.238928073], [629563.3897749082, 5220196.453975292], [629563.2933303314, 5220196.679561994], [629563.2194615251, 5220196.913515656]]], [[[629602.9216780968, 5220180.73861804], [629603.0139578574, 5220180.965940196], [629603.1280747333, 5220181.183122735], [629603.2629297167, 5220181.38807407], [629603.4172240803, 5220181.57882041], [629603.5894718851, 5220181.753524762], [629603.7780142905, 5220181.910504626], [629604.0622236282, 5220182.124424267], [629603.2936150671, 5220183.136955758], [629603.1550441309, 5220183.339413191], [629603.03698475, 5220183.554478063], [629602.9405739009, 5220183.780079181], [629602.866740073, 5220184.014043885], [629602.8161943263, 5220184.254118965], [629602.7894234441, 5220184.4979923675], [629602.7866852444, 5220184.743315458], [629602.8080060978, 5220184.9877256425], [629602.8531806727, 5220185.228869115], [629602.9217739133, 5220185.464423533], [629603.0131252292, 5220185.692120379], [629603.1263548571, 5220185.909766808], [629603.260372334, 5220186.1152667655], [629603.4138869984, 5220186.3066411745], [629603.5854204199, 5220186.482046994], [629603.7733206383, 5220186.639794973], [629604.091285059, 5220186.881160479], [629603.2909459241, 5220187.937976109], [629603.1526044155, 5220188.140590382], [629603.0347887308, 5220188.355788851], [629602.9386334991, 5220188.581499036], [629602.8650647482, 5220188.815547227], [629602.8147909853, 5220189.055679411], [629602.7882963741, 5220189.2995829815], [629602.7858360724, 5220189.544909017], [629602.8074337741, 5220189.789294892], [629602.8528814815, 5220190.030387037], [629602.9217415084, 5220190.265863604], [629603.0133506953, 5220190.493456823], [629603.1268267952, 5220190.710974848], [629603.2610769715, 5220190.916322862], [629603.4148083217, 5220191.10752325], [629603.5865403287, 5220191.282734649], [629603.7746191192, 5220191.440269678], [629604.0827210217, 5220191.673598939], [629603.2894642496, 5220192.722433881], [629603.1512503242, 5220192.925135206], [629603.033570141, 5220193.1404078035], [629602.9375570243, 5220193.366178479], [629602.864135633, 5220193.600272939], [629602.8140130553, 5220193.840436724], [629602.787671999, 5220194.084356926], [629602.7853661428, 5220194.329684462], [629602.8071176932, 5220194.5740566915], [629602.8527171713, 5220194.815120177], [629602.9217254288, 5220195.050553346], [629603.0134778786, 5220195.278088848], [629603.1270908946, 5220195.495535391], [629603.2614703212, 5220195.700798847], [629603.4153220111, 5220195.891902416], [629603.5871642883, 5220196.067005667], [629603.775342218, 5220196.224422258], [629603.8549786977, 5220196.284653068], [629603.769789474, 5220196.437454104], [629603.6719004652, 5220196.662417787], [629603.5965331156, 5220196.895893009], [629603.5444132539, 5220197.135631276], [629603.516042823, 5220197.379323778], [629603.5116950456, 5220197.624623622], [629603.5314117931, 5220197.869168436], [629603.5750031826, 5220198.110603122], [629603.642049405, 5220198.34660253], [629603.7319047687, 5220198.574893857], [629603.8437039173, 5220198.793278534], [629603.976370164, 5220198.999653396], [629604.1286258602, 5220199.19203094], [629604.2990047004, 5220199.368558466], [629604.4858658432, 5220199.527535917], [629606.7049349432, 5220201.235087477], [629606.9064788136, 5220201.374983813], [629607.120764434, 5220201.494451757], [629607.3457281168, 5220201.592340765], [629607.5792033386, 5220201.667708115], [629607.8189416055, 5220201.719827976], [629608.0626341068, 5220201.748198407], [629608.3079339508, 5220201.752546185], [629608.5524787656, 5220201.732829437], [629608.793913451, 5220201.689238047], [629609.0299128592, 5220201.622191825], [629609.2582041867, 5220201.532336461], [629609.4765888633, 5220201.4205373125], [629609.6829637251, 5220201.2878710665], [629609.8753412694, 5220201.13561537], [629610.0117204441, 5220201.003986461], [629610.3152505034, 5220201.236220699], [629610.5171791866, 5220201.375561014], [629610.7317932671, 5220201.494437896], [629610.9570258941, 5220201.591706495], [629611.1907079543, 5220201.666430061], [629611.4305889619, 5220201.717888965], [629611.6743587315, 5220201.74558763], [629611.919669627, 5220201.749259303], [629612.1641591702, 5220201.728868623], [629612.4054727934, 5220201.684611964], [629612.6412865144, 5220201.616915542], [629612.8693293182, 5220201.52643131], [629613.0874050277, 5220201.41403068], [629613.293413455, 5220201.280796133], [629613.485370626, 5220201.12801079], [629613.62277642, 5220200.994657562], [629613.9314099519, 5220201.231027887], [629614.1332727505, 5220201.370463633], [629614.3478306175, 5220201.489441943], [629614.5730172434, 5220201.586816992], [629614.806663958, 5220201.661651004], [629615.0465206156, 5220201.713223287], [629615.2902772656, 5220201.741037171], [629615.5355863981, 5220201.744824795], [629615.7800855521, 5220201.72454968], [629616.0214200672, 5220201.680407088], [629616.2572657599, 5220201.612822135], [629616.4853513073, 5220201.522445702], [629616.703480121, 5220201.410148163], [629616.9095515012, 5220201.277011005], [629617.1015808678, 5220201.124316412], [629617.1913769121, 5220201.037251143], [629617.4476551916, 5220201.232274068], [629617.6499469028, 5220201.37108682], [629617.8648705528, 5220201.489403096], [629618.0903563098, 5220201.586083446], [629618.3242326226, 5220201.660196784], [629618.5642471345, 5220201.711029358], [629618.8080883746, 5220201.738091624], [629619.0534080183, 5220201.741122957], [629619.2978435035, 5220201.720094163], [629619.5390407827, 5220201.675207761], [629619.7746769944, 5220201.606896033], [629620.002482833, 5220201.515816855], [629620.2202644036, 5220201.402847372], [629620.425924351, 5220201.269075542], [629620.5625190713, 5220201.159771444], [629620.662328096, 5220201.236160013], [629620.8642360241, 5220201.375530401], [629621.0788323972, 5220201.494439245], [629621.3040505351, 5220201.591741388], [629621.537721464, 5220201.666499756], [629621.7775948048, 5220201.717994387], [629622.0213604463, 5220201.745729357], [629622.2666707921, 5220201.749437566], [629622.5111633696, 5220201.729083299], [629622.7524835815, 5220201.68486258], [629622.9883073822, 5220201.61720128], [629623.2163636597, 5220201.526751013], [629623.4344561072, 5220201.414382863], [629623.6404843754, 5220201.281179], [629623.8324642994, 5220201.128422247], [629624.0085470075, 5220200.957583738], [629624.0295163986, 5220200.932805835], [629624.4291226943, 5220201.2371283695], [629624.6313638757, 5220201.37601473], [629624.8462444546, 5220201.494409212], [629625.0716950133, 5220201.591171613], [629625.3055443398, 5220201.665370057], [629625.5455403372, 5220201.716289973], [629625.7893717128, 5220201.7434409745], [629626.0346902371, 5220201.746561582], [629626.2791333589, 5220201.725621743], [629626.520346957, 5220201.680823119], [629626.7560080127, 5220201.612597146], [629626.9838469812, 5220201.521600877], [629627.2016696488, 5220201.408710655], [629627.4073782639, 5220201.275013676], [629627.5989917401, 5220201.121797514], [629627.729039894, 5220200.995016391], [629628.0301697197, 5220201.225848928], [629628.2319715196, 5220201.365372941], [629628.4464773338, 5220201.484445072], [629628.6716213535, 5220201.581918592], [629628.9052353188, 5220201.656854777], [629629.1450693996, 5220201.708531951], [629629.3888138625, 5220201.736452433], [629629.6341213152, 5220201.740347337], [629629.8786293127, 5220201.720179151], [629630.1199831095, 5220201.676142104], [629630.3558583364, 5220201.6086603], [629630.583983386, 5220201.518383623], [629630.8021612897, 5220201.406181489], [629631.0082908747, 5220201.273134464], [629631.2003870005, 5220201.120523864], [629631.2537178779, 5220201.068860055], [629631.462606757, 5220201.228700054], [629631.6645283776, 5220201.368050603], [629631.8791364328, 5220201.486938363], [629632.1043641297, 5220201.584218376], [629632.3380424025, 5220201.658953786], [629632.5779208017, 5220201.710424848], [629632.8216891671, 5220201.738135868], [629633.066999876, 5220201.741819973], [629633.3114904525, 5220201.721441685], [629633.5528063184, 5220201.677197256], [629633.78862347, 5220201.609512786], [629634.0166708594, 5220201.519040111], [629634.2347522655, 5220201.406650535], [629634.4407674451, 5220201.273426429], [629634.6327323595, 5220201.120650816], [629634.6790760258, 5220201.075678543], [629634.8783712048, 5220201.229489558], [629635.0797143235, 5220201.369674669], [629635.2938284636, 5220201.489449672], [629635.5186515892, 5220201.587661072], [629635.7520185303, 5220201.663363037], [629635.9916818358, 5220201.715826515], [629636.2353334172, 5220201.744546255], [629636.4806267765, 5220201.749245672], [629636.7251996045, 5220201.729879505], [629636.9666965313, 5220201.686634263], [629637.2027918093, 5220201.61992642], [629637.4312117121, 5220201.53039841], [629637.649756431, 5220201.418912435], [629637.856321261, 5220201.286542168], [629638.0489168699, 5220201.134562406], [629638.2063693722, 5220200.983029554], [629638.542590302, 5220201.237965175], [629638.7451231262, 5220201.376425898], [629638.9602522235, 5220201.494368206], [629639.1859057832, 5220201.590656251], [629639.4199106381, 5220201.664362726], [629639.6600131936, 5220201.714777797], [629639.9039011309, 5220201.74141594], [629640.1492256756, 5220201.744020616], [629640.3936242185, 5220201.722566739], [629640.6347430678, 5220201.677260921], [629640.8702601173, 5220201.6085394835], [629641.0979072092, 5220201.517064251], [629641.3154919773, 5220201.40371618], [629641.5209189614, 5220201.269586873], [629641.7122097873, 5220201.115968071], [629641.7951630136, 5220201.034757812], [629642.065041855, 5220201.238649793], [629642.2678159216, 5220201.376756978], [629642.4831504469, 5220201.494323805], [629642.7089716418, 5220201.590218041], [629642.9431047247, 5220201.663516172], [629643.1832948661, 5220201.713512298], [629643.4272289035, 5220201.739724928], [629643.6725576189, 5220201.741901619], [629643.9169183627, 5220201.720021411], [629644.1579578072, 5220201.67429502], [629644.3933546108, 5220201.605162818], [629644.6208417737, 5220201.513290584], [629644.8382284701, 5220201.399563099], [629645.0434211473, 5220201.265075621], [629645.1985483653, 5220201.140052734], [629645.3189710433, 5220201.233460664], [629645.5199722432, 5220201.374135587], [629645.733794121, 5220201.494431561], [629645.9583774552, 5220201.593190067], [629646.1915593857, 5220201.669460008], [629646.4310942431, 5220201.722506862], [629646.6746751755, 5220201.75181976], [629646.9199563655, 5220201.757116402], [629647.1645756213, 5220201.738345778], [629647.4061771254, 5220201.695688658], [629647.6424341237, 5220201.629555858], [629647.8710713318, 5220201.540584268], [629648.0898868485, 5220201.429630737], [629648.2967733607, 5220201.297763805], [629648.4897384384, 5220201.146253425], [629648.6669237223, 5220200.976558723], [629648.6707091051, 5220200.972144122], [629649.0182969472, 5220201.237011572], [629649.2204976967, 5220201.3759567905], [629649.435343807, 5220201.49441381], [629649.660766193, 5220201.591241824], [629649.8945939136, 5220201.665508329], [629650.1345750802, 5220201.716498096], [629650.378398543, 5220201.743720064], [629650.6237161488, 5220201.746912073], [629650.8681653547, 5220201.726043382], [629651.1093919815, 5220201.681314967], [629651.3450728848, 5220201.613157587], [629651.5729383287, 5220201.522227636], [629651.7907938444, 5220201.409400817], [629651.9965413641, 5220201.275763717], [629652.1881994269, 5220201.122603331], [629652.3639222607, 5220200.95139468], [629652.5220175586, 5220200.763786595], [629655.875001489, 5220196.363636833], [629602.7997365899, 5220179.636886682], [629602.785384832, 5220179.772735029], [629602.7836477912, 5220180.018067252], [629602.8059658778, 5220180.262388392], [629602.8521241561, 5220180.503345504], [629602.9216780968, 5220180.73861804]]], [[[629660.2538891188, 5220086.909937483], [629660.6234681802, 5220086.448708969], [629660.7673016083, 5220086.249955701], [629660.8909612125, 5220086.038061343], [629660.9932560826, 5220085.815066554], [629661.0732010636, 5220085.583118894], [629661.1300262413, 5220085.344452148], [629661.1631843584, 5220085.101364806], [629661.1723560839, 5220084.856197933], [629661.157453089, 5220084.611312618], [629661.1186188981, 5220084.369067241], [629661.0562275052, 5220084.13179476], [629660.970879774, 5220083.901780236], [629660.8633976494, 5220083.681238835], [629660.734816243, 5220083.472294492], [629660.5863738644, 5220083.276959454], [629660.4195000947, 5220083.097114906], [629660.2358020192, 5220082.934492848], [629659.8190806058, 5220082.600577003], [629660.6932367258, 5220081.452185814], [629660.8320776012, 5220081.249913404], [629660.9504237565, 5220081.035006206], [629661.0471354536, 5220080.809533891], [629661.121281306, 5220080.575667885], [629661.1721472488, 5220080.335660443], [629661.1992434149, 5220080.091822967], [629661.2023088535, 5220079.846503747], [629661.1813140429, 5220079.602065341], [629661.1364611743, 5220079.360861823], [629661.0681822057, 5220079.125216117], [629660.9771347005, 5220078.897397618], [629660.8641954963, 5220078.679600344], [629660.7304522592, 5220078.4739218], [629660.5771930097, 5220078.282342785], [629660.4058937181, 5220078.106708309], [629660.2182040906, 5220077.948709827], [629657.9902392619, 5220076.2527815495], [629657.7879668515, 5220076.113940675], [629657.5730596526, 5220075.995594519], [629657.3475873389, 5220075.898882822], [629657.113721332, 5220075.82473697], [629656.8737138895, 5220075.773871027], [629656.6298764141, 5220075.746774861], [629656.3845571942, 5220075.743709422], [629656.1401187878, 5220075.764704233], [629655.8989152703, 5220075.809557101], [629655.6632695637, 5220075.87783607], [629655.4354510648, 5220075.968883575], [629655.2176537905, 5220076.081822779], [629655.0119752473, 5220076.215566017], [629654.8203962322, 5220076.368825266], [629654.6447617557, 5220076.540124558], [629654.4867632742, 5220076.727814185], [629648.6687481812, 5220084.371022436], [629660.71403205, 5220087.382343403], [629660.6925139048, 5220087.351144416], [629660.5340953092, 5220087.163809248], [629660.3580774849, 5220086.992903888], [629660.2538891188, 5220086.909937483]]], [[[629712.3847337723, 5220099.1492420025], [629712.3894945033, 5220098.903949825], [629712.3701894723, 5220098.659372164], [629712.3270045975, 5220098.417864435], [629712.2603557727, 5220098.18175249], [629712.1708848624, 5220097.953310215], [629712.0594535206, 5220097.734737636], [629711.927134892, 5220097.528139723], [629711.7752032771, 5220097.335506131], [629711.6051218607, 5220097.158692025], [629711.4185286197, 5220096.99940022], [629710.2158977655, 5220096.070760153], [629710.2106306137, 5220096.052488308], [629710.1198957717, 5220095.824545102], [629710.0072555015, 5220095.606593075], [629709.8737945906, 5220095.400731224], [629709.7207983404, 5220095.208942111], [629709.5497401886, 5220095.033072769], [629709.3622675188, 5220094.874816917], [629707.136631678, 5220093.175833367], [629706.9345499539, 5220093.036715096], [629706.7198053338, 5220092.918074189], [629706.4944659251, 5220092.821053225], [629706.26070187, 5220092.746586568], [629706.0207644438, 5220092.695391371], [629705.7769643752, 5220092.6679606745], [629705.5316495921, 5220092.66455865], [629705.28718261, 5220092.68521806], [629705.0459177796, 5220092.729739944], [629704.8101786129, 5220092.7976955315], [629704.5822354072, 5220092.888430374], [629704.3642833801, 5220093.001070644], [629704.1584215288, 5220093.134531555], [629703.9666324152, 5220093.287527805], [629703.8922879278, 5220093.359838479], [629703.6552991221, 5220093.177446801], [629703.4537668022, 5220093.037533826], [629703.2394910458, 5220092.918048192], [629703.0145354457, 5220092.8201406095], [629702.781066447, 5220092.744753985], [629702.541332484, 5220092.69261433], [629702.2976423256, 5220092.66422378], [629702.0523428415, 5220092.65985575], [629701.8077963997, 5220092.679552308], [629701.5663581161, 5220092.723123765], [629701.3303531734, 5220092.790150503], [629701.1020544282, 5220092.879987018], [629700.8836605222, 5220092.991768137], [629700.677274708, 5220093.124417344], [629700.484884594, 5220093.276657158], [629700.4729719938, 5220093.288152927], [629700.3418489601, 5220093.187307778], [629700.1402697614, 5220093.047462352], [629699.9259539727, 5220092.928048536], [629699.7009655724, 5220092.830216351], [629699.4674713217, 5220092.754907975], [629699.227719898, 5220092.702848668], [629698.9840202385, 5220092.67453979], [629698.7387193042, 5220092.67025397], [629698.4941794772, 5220092.690032484], [629698.2527558096, 5220092.733684853], [629698.0167733433, 5220092.8007906815], [629697.7885047187, 5220092.890703704], [629697.5701482871, 5220093.002558009], [629697.3638069405, 5220093.135276377], [629697.1714678588, 5220093.28758066], [629697.0698533179, 5220093.385705419], [629696.8075847841, 5220093.183151967], [629696.6062889585, 5220093.042898956], [629696.392215228, 5220092.923051742], [629696.16742524, 5220092.824764521], [629695.9340838448, 5220092.748983851], [629695.6944382477, 5220092.696439542], [629695.4507963668, 5220092.667637625], [629695.2055046065, 5220092.662855477], [629694.9609252606, 5220092.682139153], [629694.7194137619, 5220092.725302941], [629694.4832959981, 5220092.7919311505], [629694.2548459125, 5220092.881382114], [629694.0362636041, 5220092.992794372], [629693.8296541402, 5220093.125094961], [629693.6370072828, 5220093.277009756], [629693.4601783265, 5220093.447075734], [629693.4549477505, 5220093.453201708], [629693.1148287411, 5220093.193432763], [629692.9127812099, 5220093.054264837], [629692.6980657507, 5220092.935571163], [629692.4727501905, 5220092.838494827], [629692.2390044417, 5220092.763970728], [629691.9990796032, 5220092.712716572], [629691.7552862827, 5220092.6852259645], [629691.509972343, 5220092.681763657], [629691.2655002915, 5220092.702362992], [629691.0242245276, 5220092.746825587], [629690.7884686688, 5220092.814723243], [629690.560503173, 5220092.905402068], [629690.3425234726, 5220093.017988776], [629690.136628831, 5220093.151399095], [629689.9448021265, 5220093.30434821], [629689.7764630987, 5220093.468001569], [629689.3991177274, 5220093.180476348], [629689.1969127991, 5220093.041537211], [629688.9820631263, 5220092.923086654], [629688.7566378284, 5220092.826265419], [629688.5228078743, 5220092.752005947], [629688.2828251743, 5220092.701023398], [629688.0390008929, 5220092.673808763], [629687.7936831913, 5220092.670624131], [629687.5492346131, 5220092.691500175], [629687.3080093317, 5220092.736235845], [629687.0723304785, 5220092.804400314], [629686.8444677695, 5220092.895337118], [629686.6266156473, 5220093.008170488], [629686.420872147, 5220093.141813776], [629686.2491253237, 5220093.279070887], [629686.118358727, 5220093.178938797], [629685.916484556, 5220093.039519517], [629685.7019169854, 5220092.920558707], [629685.476722418, 5220092.823202026], [629685.2430696004, 5220092.748387071], [629685.0032087371, 5220092.696834353], [629684.7594498195, 5220092.66904035], [629684.5141403788, 5220092.665272735], [629684.2696428794, 5220092.6855677925], [629684.0283119658, 5220092.729730069], [629683.7924717865, 5220092.7973342575], [629683.5643936114, 5220092.887729294], [629683.346273958, 5220093.000044624], [629683.3012396267, 5220093.029145298], [629712.0579575077, 5220100.218324767], [629712.129401853, 5220100.09068316], [629712.2276694471, 5220099.865884592], [629712.303429743, 5220099.632536581], [629712.3559531277, 5220099.392886397], [629712.3847337723, 5220099.1492420025]]], [[[629763.0890778748, 5220106.661863485], [629763.2280606967, 5220106.4596885815], [629763.3465576724, 5220106.244864506], [629763.4434276113, 5220106.019460132], [629763.5177376028, 5220105.785646229], [629763.5687720012, 5220105.545674549], [629763.5960393173, 5220105.301856154], [629763.5992769519, 5220105.056539146], [629763.5784537247, 5220104.812086063], [629763.5337701751, 5220104.570851122], [629763.4656566298, 5220104.335157546], [629763.3747690596, 5220104.1072751945], [629763.2619827614, 5220103.889398699], [629763.128383929, 5220103.683626328], [629762.9752591922, 5220103.491939783], [629762.8040832259, 5220103.316185109], [629762.6165045482, 5220103.158054922], [629762.2562991831, 5220102.88346681], [629763.0842592961, 5220101.785134776], [629763.222151884, 5220101.582214716], [629763.3394908377, 5220101.3667559335], [629763.4351461186, 5220101.140833417], [629763.5081965141, 5220100.906622921], [629763.5579385089, 5220100.666380022], [629763.5838930606, 5220100.4224183895], [629763.5858102123, 5220100.177087509], [629763.5636715011, 5220099.932750049], [629763.5176901348, 5220099.691759115], [629763.4483089391, 5220099.45643558], [629763.3561960929, 5220099.229045738], [629763.242238693, 5220099.011779478], [629763.1075342118, 5220098.806729193], [629762.953379927, 5220098.615869629], [629762.7812604285, 5220098.441038868], [629762.5928333211, 5220098.283920627], [629762.5819431688, 5220098.275711259], [629762.6448392352, 5220098.184508944], [629762.7636557913, 5220097.969861459], [629762.8608610805, 5220097.744601502], [629762.9355189628, 5220097.5108984485], [629762.986910442, 5220097.271002987], [629763.01454059, 5220097.027225442], [629763.0181433136, 5220096.7819135245], [629762.9976839162, 5220096.537429722], [629762.9533594334, 5220096.296128548], [629762.885596734, 5220096.060333863], [629762.7950484098, 5220095.8323165], [629762.6825864909, 5220095.614272391], [629762.5492940467, 5220095.4083014205], [629762.3964547565, 5220095.2163872], [629762.2255405462, 5220095.04037797], [629762.0381974131, 5220094.881968793], [629759.8139523091, 5220093.181164949], [629759.6119844698, 5220093.041881395], [629759.3973369853, 5220092.923064839], [629759.1720770281, 5220092.825859549], [629758.9383739745, 5220092.751201667], [629758.698478513, 5220092.699810188], [629758.4547009679, 5220092.67218004], [629758.2093890501, 5220092.668577316], [629757.9649052477, 5220092.689036714], [629757.7236040732, 5220092.733361197], [629757.4878093889, 5220092.801123896], [629757.2597920264, 5220092.89167222], [629757.0417479177, 5220093.004134139], [629756.8357769465, 5220093.137426583], [629756.6438627262, 5220093.290265874], [629756.5084609492, 5220093.421748113], [629756.1975679204, 5220093.183825043], [629755.9956548827, 5220093.044462058], [629755.7810541501, 5220092.925561082], [629755.555832445, 5220092.828267196], [629755.3221587755, 5220092.753517395], [629755.0822835469, 5220092.702031559], [629754.8385168887, 5220092.674305526], [629754.5932064072, 5220092.670606311], [629754.3487145761, 5220092.690969542], [629754.1073959857, 5220092.735199108], [629753.8715746659, 5220092.8028690545], [629753.6435217048, 5220092.893327683], [629753.4254333773, 5220093.005703828], [629753.2194099929, 5220093.138915245], [629753.0274356697, 5220093.291679037], [629752.998424082, 5220093.319828649], [629752.804034585, 5220093.171176741], [629752.6020707863, 5220093.031887328], [629752.3874267485, 5220092.913064546], [629752.1621696111, 5220092.815852722], [629751.9284687234, 5220092.7411880605], [629751.6885747529, 5220092.689789622], [629751.4447980094, 5220092.662152403], [629751.1994861963, 5220092.658542563], [629750.9550018006, 5220092.678994869], [629750.7136993404, 5220092.723312352], [629750.4779026905, 5220092.791068211], [629750.2498827016, 5220092.88160992], [629750.0318353307, 5220092.994065515], [629749.8258604931, 5220093.127351984], [629749.6339418393, 5220093.280185707], [629749.5504925965, 5220093.361214603], [629749.3397594563, 5220093.200567268], [629749.1375859617, 5220093.061582396], [629748.922763088, 5220092.943083242], [629748.6973596971, 5220092.846211017], [629748.4635465465, 5220092.771898655], [629748.2235753849, 5220092.720861823], [629747.9797572659, 5220092.693592034], [629747.734440291, 5220092.690351913], [629747.4899869967, 5220092.711172661], [629747.2487516023, 5220092.755853764], [629747.0130573361, 5220092.82396492], [629746.7851740629, 5220092.914850179], [629746.5672964233, 5220093.027634268], [629746.3615226978, 5220093.161231013], [629746.1698346001, 5220093.314353807], [629745.9940781911, 5220093.48552799], [629745.9537704511, 5220093.533341233], [629745.5019439475, 5220093.185188235], [629745.3004928388, 5220093.045158355], [629745.0862864441, 5220092.9255484175], [629744.8613876876, 5220092.827510334], [629744.6279624676, 5220092.751988262], [629744.3882587963, 5220092.6997095235], [629744.1445851512, 5220092.671177589], [629743.8992882427, 5220092.666667238], [629743.6547304142, 5220092.686221907], [629743.4132668911, 5220092.729653273], [629743.1772230993, 5220092.79654307], [629742.9488722695, 5220092.8862471115], [629742.7304135448, 5220092.997901499], [629742.5239508025, 5220093.13043094], [629742.3314723915, 5220093.282559102], [629742.2965145182, 5220093.316254624], [629742.1310946515, 5220093.189334084], [629741.9293550806, 5220093.0497201085], [629741.7149023783, 5220092.9305523485], [629741.4898018412, 5220092.832978454], [629741.2562213107, 5220092.757938117], [629741.0164102949, 5220092.706154014], [629740.772678305, 5220092.678124855], [629740.5273726134, 5220092.674120578], [629740.2828556478, 5220092.694179744], [629740.0414822404, 5220092.738109174], [629739.8055769491, 5220092.805485803], [629739.5774116707, 5220092.895660757], [629739.3591837616, 5220093.007765602], [629739.1529948759, 5220093.140720707], [629739.0432940057, 5220093.227792714], [629738.9803195085, 5220093.179941254], [629738.7779287669, 5220093.041272929], [629738.5629207194, 5220092.923110091], [629738.337366011, 5220092.826590714], [629738.1034368569, 5220092.752644332], [629737.8633861227, 5220092.701983089], [629737.6195256282, 5220092.675094879], [629737.3742038831, 5220092.672238653], [629737.1297834702, 5220092.693441915], [629736.8886182915, 5220092.7385004675], [629736.6530308996, 5220092.806980372], [629736.4252901297, 5220092.898222131], [629736.2075892502, 5220093.011347033], [629736.0020248393, 5220093.145265627], [629735.9088048136, 5220093.219970183], [629735.8612902504, 5220093.183641731], [629735.6593144533, 5220093.044369716], [629735.4446601804, 5220092.925565425], [629735.2193946695, 5220092.828373007], [629734.9856873507, 5220092.753728477], [629734.7457889534, 5220092.702350705], [629734.50200983, 5220092.674734485], [629734.2566977068, 5220092.671145778], [629734.0122150737, 5220092.691619145], [629733.7709164321, 5220092.735957414], [629733.53512562, 5220092.803733586], [629733.3071134315, 5220092.894294938], [629733.0890757488, 5220093.006769315], [629732.8831123939, 5220093.140073528], [629732.7812021032, 5220093.221243765], [629732.7280133851, 5220093.180674272], [629732.525876834, 5220093.041635675], [629732.3110854602, 5220092.923079434], [629732.0857078218, 5220092.8261473095], [629731.8519144286, 5220092.751772812], [629731.611956839, 5220092.7006722065], [629731.3681459756, 5220092.673337623], [629731.1228298704, 5220092.670032305], [629730.8783710515, 5220092.6907880865], [629730.6371237909, 5220092.735405078], [629730.4014114318, 5220092.803453593], [629730.173504013, 5220092.894278287], [629729.9555964074, 5220093.007004469], [629729.7497871845, 5220093.140546523], [629729.5580583997, 5220093.293618368], [629729.3822565058, 5220093.464745837], [629729.2240745714, 5220093.65228088], [629727.7756034485, 5220095.551301948], [629727.6910215063, 5220095.419778974], [629727.5387310752, 5220095.227428925], [629727.3683203624, 5220095.050932167], [629727.1814305164, 5220094.89198846], [629724.9620531221, 5220093.184837623], [629724.760483994, 5220093.044977681], [629724.5461768049, 5220092.925548433], [629724.3211954501, 5220092.827700047], [629724.0877066231, 5220092.752374857], [629723.8479589489, 5220092.700298286], [629723.6042613287, 5220092.6719718585], [629723.3589607037, 5220092.667668374], [629723.1144194531, 5220092.687429279], [629722.8729926427, 5220092.731064263], [629722.6370053448, 5220092.798153099], [629722.4087302461, 5220092.8880496835], [629722.1903657605, 5220092.999888264], [629721.9840148574, 5220093.132591773], [629721.7916648089, 5220093.284882204], [629721.6827489699, 5220093.390042355], [629721.4241236228, 5220093.192977183], [629721.2219189833, 5220093.054037626], [629721.0070695565, 5220092.935586622], [629720.7816444597, 5220092.838764918], [629720.5478146599, 5220092.764504961], [629720.3078320657, 5220092.713521913], [629720.0640078408, 5220092.686306771], [629719.8186901459, 5220092.68312163], [629719.5742415242, 5220092.703997166], [629719.3330161497, 5220092.748732334], [629719.0973371548, 5220092.816896313], [629718.8694742568, 5220092.907832644], [629718.6516219001, 5220093.020665562], [629718.445878122, 5220093.1543084225], [629718.2542243474, 5220093.307474174], [629718.0785063072, 5220093.478687745], [629717.920416262, 5220093.666300256], [629712.7887489956, 5220100.401022639], [629762.6143824448, 5220112.857431002], [629760.4002984291, 5220111.150314044], [629760.1988895393, 5220111.010223446], [629759.9847192083, 5220110.890548946], [629759.8952611306, 5220110.8515202], [629763.0890778748, 5220106.661863485]]], [[[629587.9136311639, 5220150.289449432], [629588.138448027, 5220150.387675165], [629588.3718101409, 5220150.463392009], [629588.6114701009, 5220150.515870769], [629588.8551198506, 5220150.544606044], [629589.1004129098, 5220150.5493211], [629589.344986972, 5220150.529970527], [629589.5864866555, 5220150.486740682], [629589.8225861863, 5220150.420047893], [629590.0510117968, 5220150.330534447], [629590.2695636236, 5220150.219062407], [629590.4761368929, 5220150.08670531], [629590.6687421915, 5220149.934737829], [629590.764672309, 5220149.84242612], [629591.0151147463, 5220150.035113794], [629591.2166674883, 5220150.174997348], [629591.430960685, 5220150.294451701], [629591.6559305754, 5220150.3923264425], [629591.8894105767, 5220150.467678985], [629592.1291521486, 5220150.519783642], [629592.3728464488, 5220150.548138618], [629592.618146568, 5220150.552470839], [629592.8626901319, 5220150.532738581], [629593.1041220523, 5220150.489131881], [629593.340117208, 5220150.422070691], [629593.5684028363, 5220150.332200849], [629593.7867804221, 5220150.220387851], [629593.9931468698, 5220150.087708516], [629594.1855147576, 5220149.9354406195], [629594.3451275463, 5220149.7813678], [629594.6747891876, 5220150.035066133], [629594.8763258654, 5220150.174972831], [629595.0906053435, 5220150.294451791], [629595.3155639932, 5220150.392352366], [629595.54903534, 5220150.467731718], [629595.788770927, 5220150.519863905], [629596.0324619694, 5220150.548246864], [629596.2777615895, 5220150.552607253], [629596.5223074176, 5220150.532903078], [629596.7637443439, 5220150.489324101], [629596.9997471987, 5220150.422290012], [629597.2280431454, 5220150.332446385], [629597.4464335694, 5220150.220658464], [629597.6528152516, 5220150.088002828], [629597.8452006234, 5220149.935757022], [629598.0217369086, 5220149.7653872585], [629598.0332867928, 5220149.7518130075], [629598.3963223038, 5220150.033438295], [629598.5149770919, 5220150.116490629], [629583.1822117998, 5220170.3089394765], [629591.0849064522, 5220172.79948567], [629603.5727510591, 5220156.353648365], [629603.6045332714, 5220156.384945071], [629603.7953746808, 5220156.539121831], [629603.8622499892, 5220156.587926621], [629603.2648606317, 5220157.395323054], [629603.1287891264, 5220157.5994687425], [629603.0133826195, 5220157.815968753], [629602.9197525383, 5220158.0427380735], [629602.8488005919, 5220158.27759279], [629602.8012100862, 5220158.518271124], [629602.7774393439, 5220158.762455211], [629602.77771729, 5220159.007793425], [629602.802041248, 5220159.251923026], [629602.8501769648, 5220159.49249291], [629602.9216608669, 5220159.72718626], [629603.0158045257, 5220159.953742849], [629603.131701286, 5220160.169980814], [629603.2682349986, 5220160.373817665], [629603.4240907693, 5220160.563290342], [629603.5977676219, 5220160.736574119], [629603.7152838137, 5220160.8327945685], [629603.3015653692, 5220161.374018876], [629603.1623141273, 5220161.576008995], [629603.0435319123, 5220161.790675485], [629602.9463626615, 5220162.01595099], [629602.8717421681, 5220162.249665985], [629602.8203890681, 5220162.489569664], [629602.79279792, 5220162.733351626], [629602.7892344416, 5220162.978664118], [629602.8097329511, 5220163.223144644], [629602.8540960368, 5220163.464438724], [629602.9218964578, 5220163.700222565], [629603.0124812591, 5220163.928225438], [629603.1249780593, 5220164.146251553], [629603.258303453, 5220164.352201196], [629603.4111734437, 5220164.544090963], [629603.5821158097, 5220164.720072849], [629603.7694842828, 5220164.878452051], [629604.0088191777, 5220165.0614025565], [629603.2836748742, 5220166.025108166], [629603.145961006, 5220166.228149558], [629603.0288118043, 5220166.44371157], [629602.9333554799, 5220166.669718223], [629602.8605113295, 5220166.903992947], [629602.8109808821, 5220167.14427955], [629602.7852411431, 5220167.388263939], [629602.78354, 5220167.633596413], [629602.805893836, 5220167.877914285], [629602.8520873712, 5220168.118864641], [629602.9216757368, 5220168.354126996], [629603.0139887587, 5220168.581435647], [629603.128137412, 5220168.798601486], [629603.263022383, 5220169.003533087], [629603.4173446554, 5220169.194256848], [629603.5896180214, 5220169.368935993], [629603.7781833947, 5220169.525888268], [629605.4979794561, 5220170.819955985], [629603.2886394224, 5220173.769315203], [629603.1513625103, 5220173.972652278], [629603.0346771425, 5220174.188465719], [629602.9397070631, 5220174.414677126], [629602.8673668858, 5220174.649107959], [629602.818353286, 5220174.88950052], [629602.7931382916, 5220175.133539699], [629602.7919647367, 5220175.378875264], [629602.8148439231, 5220175.623144499], [629602.8615555121, 5220175.863994959], [629602.9316496452, 5220176.099107122], [629603.0244512779, 5220176.326216728], [629603.1390666795, 5220176.54313659], [629603.1852095404, 5220176.612914522], [629682.7613520885, 5220201.691456417], [629682.7936393174, 5220201.685604341], [629683.0295932926, 5220201.618398404], [629683.2578237512, 5220201.528388546], [629683.4761327088, 5220201.416441615], [629683.6824177312, 5220201.283635718], [629683.8746921804, 5220201.13124985], [629683.9418765806, 5220201.066317681], [629684.1618872256, 5220201.23537261], [629684.3635273781, 5220201.375130135], [629684.5778952109, 5220201.4944504965], [629684.8029262448, 5220201.592184577], [629685.0364533077, 5220201.667391142], [629685.2762274065, 5220201.719345912], [629685.5199393855, 5220201.747548535], [629685.7652421651, 5220201.751727403], [629686.0097733454, 5220201.731842271], [629686.2511779575, 5220201.688084645], [629686.4871311431, 5220201.620875934], [629686.7153605438, 5220201.530863395], [629686.9336681861, 5220201.418913897], [629687.1399516476, 5220201.286105577], [629687.3322243062, 5220201.133717449], [629687.4158553384, 5220201.052888091], [629687.6555964805, 5220201.236270355], [629687.8575421593, 5220201.3755860375], [629688.0721707393, 5220201.494436739], [629688.2974152298, 5220201.591677862], [629688.5311064036, 5220201.666372922], [629688.7709936865, 5220201.717802565], [629689.014766833, 5220201.745471493], [629689.2600781745, 5220201.749113242], [629689.5045652287, 5220201.728692738], [629689.7458734515, 5220201.684406644], [629689.9816789129, 5220201.616681456], [629690.2097106773, 5220201.526169407], [629690.4277726741, 5220201.413742176], [629690.6337648473, 5220201.280482501], [629690.8257033796, 5220201.127673743], [629691.0017397979, 5220200.956787535], [629691.0367127067, 5220200.915440052], [629691.4591213904, 5220201.237128186], [629691.6613625082, 5220201.37601464], [629691.8762430327, 5220201.49440922], [629692.1016935471, 5220201.591171725], [629692.3355428395, 5220201.665370276], [629692.5755388135, 5220201.716290303], [629692.8193701766, 5220201.743441416], [629693.0646886997, 5220201.746562136], [629693.309131831, 5220201.725622409], [629693.5503454497, 5220201.680823896], [629693.7860065368, 5220201.612598032], [629694.0138455472, 5220201.521601867], [629694.2316682666, 5220201.408711745], [629694.4373769432, 5220201.275014861], [629694.5726474873, 5220201.166851205], [629694.6618000849, 5220201.235359912], [629694.8634359419, 5220201.375123633], [629695.0778001074, 5220201.494450584], [629695.3028281374, 5220201.59219158], [629695.5363528889, 5220201.667405322], [629695.7761253908, 5220201.719367461], [629696.0198365028, 5220201.747577574], [629696.2651391539, 5220201.751763981], [629696.5096709452, 5220201.7318863645], [629696.7510769021, 5220201.688136158], [629696.9870321531, 5220201.620934699], [629697.2152643203, 5220201.530929174], [629697.433575403, 5220201.418986386], [629697.6398629461, 5220201.286184405], [629697.832140288, 5220201.133802187], [629697.9711905981, 5220200.999418383], [629698.2607466574, 5220201.22372707], [629698.4618359688, 5220201.364276013], [629698.6757331856, 5220201.484437975], [629698.9003783608, 5220201.583055732], [629699.1336080384, 5220201.6591795385], [629699.3731760894, 5220201.712076283], [629699.6167753421, 5220201.74123654], [629699.8620598031, 5220201.74637948], [629700.1066672484, 5220201.727455573], [629700.348241975, 5220201.684647069], [629700.5844574859, 5220201.618366235], [629700.8130388969, 5220201.529251393], [629701.0317848439, 5220201.418160766], [629701.2385886838, 5220201.2861642195], [629701.4314587826, 5220201.134532951], [629701.4442593661, 5220201.1222581295], [629701.5912911721, 5220201.235285701], [629701.7929019397, 5220201.375085612], [629702.0072446838, 5220201.494451037], [629702.2322551665, 5220201.592232421], [629702.4657664141, 5220201.667488078], [629702.7055295854, 5220201.719493253], [629702.94923563, 5220201.747747109], [629703.1945375256, 5220201.751977545], [629703.4390728809, 5220201.732143821], [629703.6804866865, 5220201.688436945], [629703.9164539957, 5220201.621277838], [629704.1447023142, 5220201.531313281], [629704.363033486, 5220201.419409679], [629704.5693448625, 5220201.286644727], [629704.7616495524, 5220201.1342970235], [629704.8654790678, 5220201.033988047], [629705.1402607196, 5220201.240034874], [629705.3435305228, 5220201.377411377], [629705.5592867781, 5220201.494202451], [629705.7854516351, 5220201.589283332], [629706.0198470026, 5220201.661738341], [629706.2602155252, 5220201.710869695], [629706.5042423224, 5220201.736204233], [629706.7495772828, 5220201.7374979695], [629706.9938576968, 5220201.714738445], [629707.2347310103, 5220201.668144846], [629707.4698774816, 5220201.598165896], [629707.6970325217, 5220201.505475528], [629707.9140085034, 5220201.390966401], [629708.1187158294, 5220201.255741303], [629708.3091830563, 5220201.1011025235], [629708.3300362501, 5220201.080468108], [629708.5315013569, 5220201.235316362], [629708.7331224876, 5220201.375101327], [629708.9474740798, 5220201.494450862], [629709.1724918105, 5220201.592215566], [629709.4060086362, 5220201.667453912], [629709.6457756622, 5220201.719441313], [629709.8894838006, 5220201.747677103], [629710.1347860092, 5220201.751889355], [629710.3793198934, 5220201.732037501], [629710.6207304583, 5220201.688312729], [629710.8566927882, 5220201.62113613], [629711.0849344368, 5220201.531154652], [629711.3032573125, 5220201.419234866], [629711.5095588464, 5220201.28645462], [629711.701852242, 5220201.134092661], [629711.801330432, 5220201.037973211], [629712.0553280405, 5220201.2330095265], [629712.2570145542, 5220201.372700137], [629712.4714219663, 5220201.491949365], [629712.6964854164, 5220201.589608773], [629712.9300374205, 5220201.664737849], [629713.1698287448, 5220201.716613058], [629713.4135500682, 5220201.744734813], [629713.6588542208, 5220201.748832288], [629713.9033787895, 5220201.728866021], [629714.1447688693, 5220201.685028298], [629714.3806997417, 5220201.617741301], [629714.6088992632, 5220201.5276530385], [629714.8271697479, 5220201.415631112], [629715.0334091316, 5220201.282754352], [629715.2256312163, 5220201.130302436], [629715.2824619331, 5220201.075339088], [629715.474395819, 5220201.223898879], [629715.6755421091, 5220201.364366265], [629715.889488036, 5220201.484441479], [629716.1141731839, 5220201.58296813], [629716.2742480567, 5220201.635143129], [629718.1073165222, 5220199.441626318], [629726.0283595753, 5220188.140560465], [629726.1426744822, 5220187.989926006], [629726.2680481813, 5220187.848363037], [629734.7182072381, 5220179.00478618], [629745.524848064, 5220164.940982567], [629745.6451114669, 5220164.796108277], [629761.2928233348, 5220147.328834179], [629760.8260306154, 5220146.962637435], [629763.0411862931, 5220144.156430938], [629763.1835652686, 5220143.95663318], [629763.3056750455, 5220143.743841924], [629763.4063396399, 5220143.520106464], [629763.4845895969, 5220143.287581496], [629763.5396713264, 5220143.048506362], [629763.5710543614, 5220142.805183486], [629763.5784364662, 5220142.559956202], [629763.5617465469, 5220142.315186181], [629763.5211453367, 5220142.073230692], [629763.4570238473, 5220141.836419901], [629763.3699996037, 5220141.607034422], [629763.2609106972, 5220141.387283365], [629763.1308077133, 5220141.179283053], [629762.980943615, 5220140.98503664], [629762.8127616755, 5220140.806414829], [629762.6278815785, 5220140.645137842], [629761.9518320635, 5220140.111479708], [629763.105889871, 5220138.564626179], [629763.2427721305, 5220138.361023223], [629763.3590386851, 5220138.144983863], [629763.4535698241, 5220137.918588677], [629763.5254551611, 5220137.684017974], [629763.5740024011, 5220137.443530797], [629763.5987440074, 5220137.19944317], [629763.599441705, 5220136.954105791], [629763.5760887747, 5220136.709881391], [629763.5289101178, 5220136.469121987], [629763.4583600907, 5220136.234146222], [629763.3651181288, 5220136.00721704], [629763.250082203, 5220135.790519896], [629763.1143601722, 5220135.5861417], [629762.9592591138, 5220135.396050727], [629762.7862727357, 5220135.222077655], [629762.5970669914, 5220135.065897942], [629762.4789751065, 5220134.977793374], [629763.0808301102, 5220134.18706313], [629763.2196629886, 5220133.984785231], [629763.3380006477, 5220133.769873353], [629763.434703431, 5220133.544397216], [629763.5088400377, 5220133.310528278], [629763.559696492, 5220133.070518825], [629763.5867830183, 5220132.826680278], [629763.5898387585, 5220132.581360937], [629763.5688342842, 5220132.336923361], [629763.52397188, 5220132.095721617], [629763.4556835953, 5220131.8600786105], [629763.3646270836, 5220131.632263711], [629763.251679269, 5220131.414470902], [629763.1179279007, 5220131.208797646], [629762.9646610774, 5220131.01722469], [629762.7933548425, 5220130.841596986], [629762.6056589684, 5220130.683605924], [629762.5029945574, 5220130.605464118], [629763.0747099372, 5220129.861602134], [629763.2144906481, 5220129.659978054], [629763.3338356608, 5220129.4456239445], [629763.4315956179, 5220129.220604151], [629763.5068290373, 5220128.987085738], [629763.5588113803, 5220128.747317615], [629763.5870420282, 5220128.5036088815], [629763.5912491047, 5220128.258306583], [629763.5713920933, 5220128.013773118], [629763.5276622279, 5220127.7723634755], [629763.4604806508, 5220127.536402563], [629763.3704943575, 5220127.308162813], [629763.2585699651, 5220127.089842298], [629763.1257853669, 5220126.883543566], [629762.9734193509, 5220126.691253385], [629762.8029392853, 5220126.514823615], [629762.6159869861, 5220126.35595337], [629762.4556345519, 5220126.232710142], [629763.0576501619, 5220125.452523133], [629763.1978169726, 5220125.251167274], [629763.3175725164, 5220125.037042249], [629763.415763482, 5220124.8122101985], [629763.4914442365, 5220124.578836379], [629763.543885933, 5220124.3391683055], [629763.5725835293, 5220124.095514115], [629763.5772606519, 5220123.85022033], [629763.5578722574, 5220123.605649263], [629763.5146050667, 5220123.364156268], [629763.4478757667, 5220123.128067053], [629763.3583269967, 5220122.899655288], [629763.2468211604, 5220122.681120702], [629763.1144321202, 5220122.474567904], [629762.9624348547, 5220122.281986108], [629762.7922931807, 5220122.105229984], [629762.6056456558, 5220121.9460017895], [629762.2464215935, 5220121.668813769], [629763.0907077657, 5220120.552338666], [629763.2289068686, 5220120.349627235], [629763.3465713105, 5220120.134346033], [629763.4425679182, 5220119.908568338], [629763.5159721919, 5220119.67446851], [629763.5660772084, 5220119.434301061], [629763.592400429, 5220119.190378932], [629763.5946883465, 5220118.945051229], [629763.5729189271, 5220118.70068059], [629763.5273018223, 5220118.459620439], [629763.4582763497, 5220118.224192318], [629763.3665072623, 5220117.996663526], [629763.2528783466, 5220117.77922529], [629763.1184839113, 5220117.573971661], [629762.964618248, 5220117.382879342], [629762.7927631674, 5220117.207788657], [629762.6045737276, 5220117.050385826], [629762.5660859435, 5220117.021281098], [629763.0710516021, 5220116.366354447], [629763.2111422, 5220116.164945557], [629763.2434991176, 5220116.107039388], [629672.1827085449, 5220093.341841745], [629672.1249187452, 5220093.397656515], [629671.9925031037, 5220093.294290385], [629669.7203950942, 5220092.7262633825], [629669.5275350059, 5220092.779607724], [629669.2986244926, 5220092.867873762], [629669.0794678305, 5220092.978151929], [629668.8721756181, 5220093.109380186], [629668.6787441928, 5220093.260294732], [629668.586936797, 5220093.347679684], [629668.3677274027, 5220093.18173201], [629668.1650881729, 5220093.04342706], [629667.9498684505, 5220092.9256502045], [629667.7241409193, 5220092.8295356985], [629667.4900794588, 5220092.756009177], [629667.249938209, 5220092.705778741], [629667.006029861, 5220092.679328137], [629666.7607033859, 5220092.676912098], [629666.5163214117, 5220092.698553893], [629666.2752374703, 5220092.744045099], [629666.0397733318, 5220092.81294761], [629665.8121966448, 5220092.90459786], [629665.594699097, 5220093.018113203], [629665.3893753088, 5220093.152400428], [629665.1982026604, 5220093.306166274], [629665.023022249, 5220093.47792989], [629664.8655211577, 5220093.666037101], [629664.1110755256, 5220094.662625761], [629662.181070252, 5220093.181830547], [629661.9793294797, 5220093.042218307], [629661.764875752, 5220092.923052393], [629661.5397743754, 5220092.825480435], [629661.3061931992, 5220092.750442107], [629661.1400670756, 5220092.7145708045], [629661.129391381, 5220092.657668852], [629661.0607342522, 5220092.422133048], [629660.9693211803, 5220092.194460988], [629660.856032523, 5220091.976845279], [629660.7219593121, 5220091.77138168], [629660.5683927458, 5220091.580048916], [629660.3968117543, 5220091.404689628], [629660.2088687563, 5220091.246992621], [629660.123250133, 5220091.182036467], [629660.6444008872, 5220090.457264831], [629646.6911940422, 5220086.96896312], [629641.9082031893, 5220093.25244547], [629641.8269592754, 5220093.19052472], [629641.6247710758, 5220093.05156124], [629641.4099356647, 5220092.933084818], [629641.1845220248, 5220092.836236443], [629640.9507010125, 5220092.761948822], [629640.7107244519, 5220092.710937382], [629640.4669034487, 5220092.683693392], [629640.2215861322, 5220092.680479228], [629639.9771350424, 5220092.701325841], [629639.735904377, 5220092.74603247], [629639.500217319, 5220092.814168564], [629639.2723436637, 5220092.905077935], [629639.0544779589, 5220093.017885078], [629638.8487183707, 5220093.1515035955], [629638.657046476, 5220093.304646671], [629638.6170835217, 5220093.343575973], [629638.419595977, 5220093.193044092], [629638.2174144734, 5220093.05407087], [629638.0025847715, 5220092.935584095], [629637.7771757984, 5220092.83872486], [629637.543358366, 5220092.764425972], [629637.3033842638, 5220092.713402968], [629637.0595645735, 5220092.68614723], [629636.8142474123, 5220092.682921244], [629636.5697953182, 5220092.703756079], [629636.3285624988, 5220092.748451084], [629636.0928721579, 5220092.816575821], [629635.8649941223, 5220092.907474211], [629635.6471229821, 5220093.020270856], [629635.4413569554, 5220093.153879459], [629635.2496776818, 5220093.307013298], [629635.0739311371, 5220093.47819761], [629635.0523374665, 5220093.503815126], [629634.6430053135, 5220093.191029404], [629634.4409909828, 5220093.051813289], [629634.2263038406, 5220092.933068404], [629634.0010114418, 5220092.835938328], [629633.7672834751, 5220092.761358477], [629633.5273708687, 5220092.710047095], [629633.2835841122, 5220092.682498339], [629633.0382710053, 5220092.678977518], [629632.7937940472, 5220092.699518541], [629632.5525076848, 5220092.743923585], [629632.3167356376, 5220092.811765006], [629632.0887485193, 5220092.902389454], [629631.8707419706, 5220093.014924165], [629631.6648155135, 5220093.148285369], [629631.4729523327, 5220093.301188726], [629631.2970001751, 5220093.472161692], [629631.2880767725, 5220093.4827221325], [629630.9070839798, 5220093.191255541], [629630.7051471656, 5220093.05192701], [629630.490526148, 5220092.933062652], [629630.2652878449, 5220092.835807198], [629630.0316014243, 5220092.761097269], [629629.791717414, 5220092.709652363], [629629.5479460285, 5220092.681967924], [629629.3026349192, 5220092.6783105675], [629629.0581465663, 5220092.698715515], [629628.8168355261, 5220092.742986257], [629628.5810257562, 5220092.810696441], [629628.3529882333, 5220092.901193981], [629628.1349190836, 5220093.013607336], [629627.928918432, 5220093.146853905], [629627.7369701775, 5220093.29965045], [629627.5828685338, 5220093.449224575], [629627.2407367135, 5220093.18965003], [629627.038244248, 5220093.051130291], [629626.8231495302, 5220092.933125296], [629626.5975240401, 5220092.836771496], [629626.3635406746, 5220092.76299683], [629626.123452821, 5220092.712511791], [629625.879572657, 5220092.685802575], [629625.6342488817, 5220092.683126409], [629625.3898440972, 5220092.704509063], [629625.1487120552, 5220092.749744612], [629624.913174989, 5220092.818397413], [629624.6855012495, 5220092.909806302], [629624.4678834591, 5220093.02309096], [629624.2624173961, 5220093.157160396], [629624.071081811, 5220093.310723446], [629624.0558166871, 5220093.325659119], [629623.8744268367, 5220093.1876670625], [629623.6721146791, 5220093.048884111], [629623.4571736018, 5220092.930599498], [629623.231673605, 5220092.833952365], [629622.9977863769, 5220092.7598734815], [629622.7577643791, 5220092.709076265], [629622.513919155, 5220092.68204992], [629622.2685990673, 5220092.679054726], [629622.0241666826, 5220092.700119528], [629621.7829760183, 5220092.745041462], [629621.5473498723, 5220092.8133879015], [629621.3195574533, 5220092.904500637], [629621.1017925268, 5220093.017502201], [629620.896152288, 5220093.151304326], [629620.7567275063, 5220093.262906754], [629620.6479874976, 5220093.177977641], [629620.4474571315, 5220093.036632359], [629620.2340381135, 5220092.915623106], [629620.0097857856, 5220092.816115267], [629619.77685982, 5220092.739067158], [629619.5375034214, 5220092.685220793], [629619.2940217225, 5220092.655094743], [629619.0487595854, 5220092.648979138], [629618.8040790182, 5220092.666932874], [629618.5623364289, 5220092.708783048], [629618.3258599305, 5220092.77412662], [629618.0969269212, 5220092.862334294], [629617.8777421508, 5220092.972556583], [629617.6704164885, 5220093.103731986], [629617.4769465938, 5220093.254597212], [629617.2991956878, 5220093.423699346], [629617.2240415711, 5220093.510755868], [629616.7894043539, 5220093.184920365], [629616.5861183517, 5220093.047567833], [629616.3703483248, 5220092.930802205], [629616.1441722563, 5220092.835747995], [629615.9097683459, 5220092.7633206295], [629615.6693940309, 5220092.714217622], [629615.4253642476, 5220092.688911862], [629615.1800291362, 5220092.687647058], [629614.935751408, 5220092.71043539], [629614.6948835909, 5220092.757057394], [629614.4597453737, 5220092.8270640755], [629614.232601266, 5220092.919781231], [629614.0156387899, 5220093.034315945], [629613.8109474123, 5220093.169565183], [629613.6745760157, 5220093.280310688], [629613.5547667396, 5220093.190304218], [629613.3516192813, 5220093.052746859], [629613.1359670546, 5220092.935763811], [629612.9220988423, 5220092.845628437], [629562.6973081991, 5220163.8530910695], [629574.0726003664, 5220167.4380316315], [629587.2371848205, 5220149.827998659], [629587.4981904808, 5220150.029462829], [629587.6995246611, 5220150.169660777], [629587.9136311639, 5220150.289449432]]], [[[629736.6838027752, 5220185.002205531], [629736.9032239451, 5220184.8924546], [629737.1108310695, 5220184.761725115], [629737.3046247787, 5220184.611276071], [629737.482738733, 5220184.442556374], [629737.6434575977, 5220184.257190889], [629756.8043107291, 5220159.832760878], [629749.4321553471, 5220168.062172298], [629738.6009794122, 5220182.157905997], [629738.4261392757, 5220182.361767612], [629735.7020194399, 5220185.212715503], [629735.7315137355, 5220185.213514378], [629735.9762323262, 5220185.196086586], [629736.2180643078, 5220185.154756097], [629736.4546807058, 5220185.089920946], [629736.6838027752, 5220185.002205531]]], [[[629656.2473440376, 5220197.610111616], [629656.2660766814, 5220197.854733783], [629656.3086962878, 5220198.096341908], [629656.3747924065, 5220198.332609171], [629656.4637284958, 5220198.56126019], [629656.5746480525, 5220198.780092931], [629656.7064828607, 5220198.986999915], [629656.8579632792, 5220199.179988514], [629657.0276304687, 5220199.357200143], [629657.2138504413, 5220199.516928157], [629659.4260311188, 5220201.233394483], [629659.6270104748, 5220201.374100613], [629659.8408136725, 5220201.494429784], [629660.0653816706, 5220201.593223158], [629660.2985517564, 5220201.669529302], [629660.5380783747, 5220201.722613347], [629660.781654753, 5220201.751964062], [629661.0269351177, 5220201.757298787], [629661.2715572849, 5220201.738566143], [629661.5131654092, 5220201.695946537], [629661.7494326725, 5220201.629850418], [629661.9780836918, 5220201.540914329], [629662.1969164327, 5220201.429994772], [629662.4038234166, 5220201.298159964], [629662.5818825285, 5220201.158397984], [629662.666260479, 5220201.22314491], [629662.867992917, 5220201.362769192], [629663.082439531, 5220201.481947908], [629663.3075350828, 5220201.579533302], [629663.5411117793, 5220201.654585574], [629663.7809201492, 5220201.706381928], [629664.0246507068, 5220201.734423539], [629664.2699561935, 5220201.738440348], [629664.5144741836, 5220201.718393674], [629664.7558498349, 5220201.674476575], [629664.9917585681, 5220201.607111999], [629665.2199284531, 5220201.516948702], [629665.4381620892, 5220201.404855005], [629665.6443577672, 5220201.271910435], [629665.7440550883, 5220201.192786769], [629665.7952888976, 5220201.232272459], [629665.9967268084, 5220201.372321324], [629666.21092193, 5220201.491951448], [629666.4358114463, 5220201.590010727], [629666.6692295481, 5220201.665554795], [629666.9089282915, 5220201.717856125], [629667.1525992467, 5220201.746411023], [629667.397895729, 5220201.7509444915], [629667.6424553995, 5220201.73141287], [629667.8839230145, 5220201.68800426], [629668.1199731092, 5220201.621136708], [629668.3483323919, 5220201.531454187], [629668.5668016381, 5220201.419820388], [629668.7732768693, 5220201.287310406], [629668.9657696163, 5220201.135200383], [629669.1424260687, 5220200.964955223], [629669.2891304306, 5220200.7927840445], [629669.8662721914, 5220201.235646609], [629670.0680052062, 5220201.3752700575], [629670.2824523124, 5220201.494447888], [629670.5075482673, 5220201.592032352], [629670.7411252738, 5220201.667083659], [629670.9809338575, 5220201.718879023], [629671.2246645308, 5220201.746919626], [629671.4699700342, 5220201.750935423], [629671.7144879414, 5220201.730887738], [629671.9558634113, 5220201.686969643], [629672.1917718663, 5220201.619604092], [629672.3518591052, 5220201.556343475], [629656.4561865609, 5220196.546798188], [629656.4114196666, 5220196.648558169], [629656.3351135222, 5220196.881728255], [629656.2820294779, 5220197.121254873], [629656.2526787618, 5220197.364831251], [629656.2473440376, 5220197.610111616]]]]}}, {"type": "Feature", "properties": {"vineyard_id": "V16", "area_m2": 16666.7}, "geometry": {"type": "MultiPolygon", "coordinates": [[[[629832.5113180444, 5219939.225549554], [629832.277714397, 5219939.150581212], [629832.0378874323, 5219939.098871022], [629831.7941468152, 5219939.070916986], [629831.548839901, 5219939.066988314], [629831.3043291295, 5219939.087122842], [629831.062969273, 5219939.131126663], [629830.8270847589, 5219939.198575996], [629830.5989472839, 5219939.288821269], [629830.3807539368, 5219939.400993368], [629830.1746060387, 5219939.534012016], [629829.9824889066, 5219939.68659617], [629829.8062527335, 5219939.857276361], [629829.64759477, 5219940.044408848], [629808.10509477, 5219968.139408847], [629807.9655429791, 5219968.341191439], [629807.8464413207, 5219968.55568086], [629807.748936809, 5219968.780811459], [629807.6739684658, 5219969.014415107], [629807.6222582771, 5219969.254242071], [629807.5943042404, 5219969.497982688], [629807.5903755684, 5219969.743289602], [629807.6105100961, 5219969.987800374], [629807.6545139172, 5219970.229160231], [629807.6549458447, 5219970.2306707725], [629833.2046976902, 5219939.621562125], [629833.1527206559, 5219939.581707516], [629832.9509380645, 5219939.442155724], [629832.7364486438, 5219939.323054066], [629832.5113180444, 5219939.225549554]]], [[[629763.4348087973, 5220008.981593369], [629763.5082485682, 5220008.747504675], [629763.5583900022, 5220008.507344825], [629763.5847502098, 5220008.263426691], [629763.5870753279, 5220008.018099338], [629763.5653429643, 5220007.773725401], [629763.5197624133, 5220007.532658336], [629763.450772641, 5220007.29721975], [629763.3590380562, 5220007.069677045], [629763.2454421134, 5220006.852221582], [629763.1110788033, 5220006.646947576], [629762.9572421183, 5220006.455831927], [629762.7854135898, 5220006.280715185], [629762.5972480202, 5220006.123283819], [629762.5119217546, 5220006.058739169], [629763.0998120953, 5220005.280215612], [629763.2378728517, 5220005.077409931], [629763.3553903749, 5220004.862048495], [629763.451232907, 5220004.636205351], [629763.524477432, 5220004.402055493], [629763.5744185651, 5220004.161853911], [629763.6005753459, 5220003.917913878], [629763.6026958702, 5220003.6725846715], [629763.5807597163, 5220003.428228944], [629763.5349781413, 5220003.187199974], [629763.4657920469, 5220002.9518190045], [629763.3738677328, 5220002.724352881], [629763.2600904806, 5220002.506992228], [629763.1255560273, 5220002.301830348], [629762.9715600132, 5220002.11084306], [629762.7995855043, 5220001.935869676], [629762.6112887089, 5220001.778595287], [629762.2947056177, 5220001.539532334], [629763.0945585693, 5220000.48055131], [629763.2326412007, 5220000.277760522], [629763.3501819534, 5220000.062411764], [629763.4460488458, 5219999.836578959], [629763.5193186271, 5219999.602437003], [629763.5692856694, 5219999.362240809], [629763.5954687628, 5219999.1183036], [629763.5976157497, 5219998.872974622], [629763.5757059535, 5219998.6286165295], [629763.5299503775, 5219998.387582623], [629763.4607896729, 5219998.152194193], [629763.3688898952, 5219997.9247181555], [629763.2551360893, 5219997.7073452305], [629763.1206237667, 5219997.50216884], [629762.9666483544, 5219997.311164942], [629762.79469272, 5219997.136173009], [629762.6064128904, 5219996.97887831], [629762.3716490737, 5219996.801560183], [629762.9915151964, 5219995.981270547], [629763.1296446956, 5219995.778511681], [629763.2472352193, 5219995.563190094], [629763.3431543065, 5219995.337379454], [629763.4164782038, 5219995.103254439], [629763.4665007622, 5219994.863069801], [629763.4927402368, 5219994.61913865], [629763.4949439273, 5219994.373810176], [629763.4730906109, 5219994.129447025], [629763.427390747, 5219993.8884025505], [629763.3582844504, 5219993.65299814], [629763.2664372523, 5219993.425500868], [629763.1527336915, 5219993.208101657], [629763.0182687956, 5219993.002894181], [629762.8643375348, 5219992.811854699], [629762.6924223513, 5219992.636823026], [629762.5041788826, 5219992.479484814], [629760.2702705364, 5219990.791393139], [629760.0675116698, 5219990.65326364], [629759.8521900839, 5219990.535673116], [629759.6263794434, 5219990.439754029], [629759.3922544284, 5219990.366430132], [629759.1520697905, 5219990.316407573], [629758.9081386392, 5219990.290168099], [629758.6628101647, 5219990.287964408], [629758.4184470145, 5219990.309817725], [629758.1774025393, 5219990.355517589], [629757.941998129, 5219990.424623885], [629757.7145008569, 5219990.516471083], [629757.497101646, 5219990.630174644], [629757.2918941698, 5219990.764639541], [629757.1008546881, 5219990.918570802], [629757.0183800079, 5219990.999576996], [629756.7254055967, 5219990.778568995], [629756.5225317265, 5219990.64060846], [629756.3071122523, 5219990.523197358], [629756.0812217814, 5219990.427466424], [629755.8470357625, 5219990.354337598], [629755.6068095348, 5219990.304515152], [629755.3628566085, 5219990.278478902], [629755.1175263834, 5219990.276479593], [629754.8731815236, 5219990.298536477], [629754.632175204, 5219990.344437135], [629754.396828447, 5219990.41373952], [629754.1694077705, 5219990.505776212], [629753.95210336, 5219990.619660845], [629753.7470079757, 5219990.75429665], [629753.5560967984, 5219990.90838701], [629753.388227861, 5219991.07354198], [629753.0046290057, 5219990.783805011], [629752.8018389271, 5219990.645721339], [629752.5864907715, 5219990.52817948], [629752.3606584594, 5219990.432311428], [629752.1265168793, 5219990.359040445], [629751.8863209425, 5219990.3090721695], [629751.6423838675, 5219990.282887823], [629751.3970549013, 5219990.280739577], [629751.1526966963, 5219990.302648118], [629750.9116625554, 5219990.348402456], [629750.6762737692, 5219990.417561952], [629750.4487972603, 5219990.509460562], [629750.2314237519, 5219990.623213252], [629750.0262466697, 5219990.757724521], [629749.8352419812, 5219990.911698952], [629749.771872965, 5219990.973967808], [629749.5090127958, 5219990.775879035], [629749.306071268, 5219990.638018044], [629749.090594219, 5219990.520712639], [629748.8646568105, 5219990.425092536], [629748.6304349434, 5219990.352078609], [629748.3901843022, 5219990.302374021], [629748.146218632, 5219990.276457456], [629747.9008874556, 5219990.274578502], [629747.6565534461, 5219990.296755258], [629747.4155696739, 5219990.342774147], [629747.1802569443, 5219990.412191982], [629746.9528814475, 5219990.504340233], [629746.7356329339, 5219990.61833146], [629746.5306036255, 5219990.753067867], [629746.35391105, 5219990.895825162], [629746.2013246205, 5219990.780853422], [629745.9983739556, 5219990.643005882], [629745.7828891322, 5219990.52571476], [629745.5569453865, 5219990.430109632], [629745.3227186806, 5219990.35711123], [629745.0824647455, 5219990.307422565], [629744.8384973581, 5219990.28152217], [629744.5931660576, 5219990.279659477], [629744.3488335186, 5219990.3018524265], [629744.107852797, 5219990.347887288], [629743.8725446688, 5219990.417320719], [629743.64517528, 5219990.50948404], [629743.4279343223, 5219990.623489667], [629743.2229139444, 5219990.758239662], [629743.032088605, 5219990.91243631], [629742.8572960563, 5219991.084594614], [629742.7002196463, 5219991.273056595], [629715.4802768354, 5220027.398402821], [629735.9393398282, 5220006.939339829], [629736.0460531234, 5220006.842422634], [629736.1615769324, 5220006.756196655], [629736.2848442937, 5220006.681458262], [629736.4147167283, 5220006.618897726], [629736.5499947532, 5220006.569092848], [629736.6894289606, 5220006.532503619], [629736.8317315564, 5220006.509467971], [629736.9755882551, 5220006.500198658], [629737.1196704169, 5220006.50478129], [629737.2626473204, 5220006.523173543], [629737.4031984517, 5220006.555205548], [629760.5243243377, 5220013.007612772], [629763.0828510296, 5220009.625310335], [629763.2210808696, 5220009.4226198625], [629763.3387779546, 5220009.207356505], [629763.4348087973, 5220008.981593369]]], [[[629655.0695466875, 5220084.948156545], [629654.5088339647, 5220085.677040257], [629654.4177657278, 5220085.808276823], [629718.0816182928, 5220101.724239964], [629720.4693608655, 5220098.62659108], [629720.7437244047, 5220098.836360369], [629720.9457009215, 5220098.9756313395], [629721.1603558082, 5220099.094434522], [629721.3856218213, 5220099.191625777], [629721.6193295256, 5220099.266269098], [629721.8592281885, 5220099.317645632], [629722.1030074547, 5220099.345260591], [629722.3483195964, 5220099.348848031], [629722.5928021236, 5220099.328373401], [629722.8341005361, 5220099.284033885], [629723.0698909982, 5220099.216256495], [629723.2979027188, 5220099.125693965], [629723.5159398203, 5220099.013218462], [629723.7219024864, 5220098.879913185], [629723.8606295174, 5220098.769417715], [629723.9409654053, 5220098.830963804], [629724.1428063444, 5220098.970431191], [629724.3573455587, 5220099.089443132], [629724.5825169182, 5220099.186853478], [629724.8161518996, 5220099.2617241135], [629725.0560004703, 5220099.313333994], [629725.2997527574, 5220099.341186088], [629725.5450612933, 5220099.345012164], [629725.7895636224, 5220099.3247753745], [629726.030905054, 5220099.280670612], [629726.2667613378, 5220099.21312263], [629726.4948610491, 5220099.122781951], [629726.7130074629, 5220099.010518605], [629726.9190997101, 5220098.877413751], [629727.1111530095, 5220098.72474926], [629727.287317783, 5220098.553995375], [629727.4458974673, 5220098.366796549], [629727.888287173, 5220097.789346864], [629729.2515328882, 5220098.831404538], [629729.4535245504, 5220098.970653541], [629729.6681923569, 5220099.089433378], [629729.893468939, 5220099.186600132], [629730.1271847603, 5220099.261218035], [629730.3670890094, 5220099.312568476], [629730.6108712775, 5220099.340156923], [629730.8561838078, 5220099.343717682], [629731.1006641069, 5220099.323216463], [629731.3419576955, 5220099.2788507035], [629731.5777407849, 5220099.21104767], [629731.8057426545, 5220099.120460342], [629732.0237675221, 5220099.007961125], [629732.2297156887, 5220098.874633449], [629732.4216037611, 5220098.721761332], [629732.5975837524, 5220098.550817016], [629732.7559608787, 5220098.363446787], [629763.0909608786, 5220058.6784467865], [629763.2302098819, 5220058.476455124], [629763.348989718, 5220058.261787318], [629763.4461564723, 5220058.036510736], [629763.5207743756, 5220057.802794914], [629763.5721248171, 5220057.562890665], [629763.5997132635, 5220057.319108397], [629763.6032740233, 5220057.073795866], [629763.5827728043, 5220056.829315567], [629763.5384070445, 5220056.588021979], [629763.4706040104, 5220056.35223889], [629763.3800166823, 5220056.12423702], [629763.2675174657, 5220055.906212152], [629763.1341897895, 5220055.700263985], [629762.9813176723, 5220055.508375913], [629762.8103733559, 5220055.332395921], [629762.6230031274, 5220055.174018796], [629761.3069751866, 5220054.168054135], [629763.0833974673, 5220051.849296549], [629763.2228648537, 5220051.64745561], [629763.3418767948, 5220051.432916396], [629763.4392871406, 5220051.207745036], [629763.5141577763, 5220050.974110055], [629763.5657676565, 5220050.734261485], [629763.5936197501, 5220050.490509197], [629763.5974458262, 5220050.245200662], [629763.5772090374, 5220050.000698333], [629763.5331042752, 5220049.759356901], [629763.4655562926, 5220049.523500617], [629763.3752156135, 5220049.295400905], [629763.262952268, 5220049.077254492], [629763.1298474136, 5220048.871162245], [629762.9771829227, 5220048.679108946], [629762.8064290378, 5220048.502944172], [629762.6192302123, 5220048.344364488], [629762.5410268747, 5220048.2844521655], [629763.0882032696, 5220047.56878376], [629763.1279423098, 5220047.511152562], [629763.1562285105, 5220047.487858065], [629763.3671112619, 5220047.643184631], [629763.5715507977, 5220047.778814248], [629763.7882999282, 5220047.893752192], [629764.015271241, 5220047.986891548], [629764.2502788783, 5220048.057335335], [629764.491059588, 5220048.104405139], [629764.7352945204, 5220048.127647651], [629764.9806315595, 5220048.126839035], [629765.2247079755, 5220048.101987079], [629765.465173179, 5220048.053331118], [629765.6997113589, 5220047.981339738], [629765.926063784, 5220047.886706254], [629766.1420505568, 5220047.77034204], [629766.3455916068, 5220047.633367744], [629766.5347267223, 5220047.477102506], [629766.7076344286, 5220047.3030512445], [629766.8626495304, 5220047.112890168], [629767.3055537946, 5220046.511570816], [629768.820820387, 5220047.641100889], [629769.0244791552, 5220047.777900095], [629769.2405659178, 5220047.894078525], [629769.466999641, 5220047.988517318], [629769.7015996445, 5220048.060306976], [629769.9421066017, 5220048.108756125], [629770.1862042993, 5220048.133398175], [629770.431541943, 5220048.133995809], [629770.6757567972, 5220048.11054327], [629770.9164969394, 5220048.063266419], [629771.1514439102, 5220047.992620559], [629771.3783350422, 5220047.899286049], [629771.5949852495, 5220047.78416175], [629771.7993080721, 5220047.648356372], [629771.9893357698, 5220047.493177795], [629772.1632382718, 5220047.320120474], [629772.2546755061, 5220047.209255692], [629772.8425887277, 5220047.64293109], [629773.0469317255, 5220047.778706109], [629773.263599035, 5220047.893798218], [629773.4905040315, 5220047.987099017], [629773.725461496, 5220048.057709969], [629773.9662086597, 5220048.10495105], [629774.2104269958, 5220048.128367305], [629774.4557645479, 5220048.12773322], [629774.6998585816, 5220048.103054904], [629774.940358338, 5220048.054570022], [629775.1749476726, 5220047.982745509], [629775.4013673622, 5220047.888273075], [629775.6174368613, 5220047.772062541], [629775.8210753023, 5220047.635233078], [629776.0103215361, 5220047.479102429], [629776.168023715, 5220047.320582963], [629776.6073696555, 5220047.643528062], [629776.8119406716, 5220047.778959285], [629777.0288012036, 5220047.893686902], [629777.2558627657, 5220047.986606026], [629777.4909386312, 5220048.056821793], [629777.731764891, 5220048.103657989], [629777.9760222564, 5220048.126663554], [629778.2213583955, 5220048.125616933], [629778.4654105873, 5220048.100528205], [629778.7058284756, 5220048.051638988], [629778.9402967049, 5220047.9794201115], [629779.1665572177, 5220047.884567084], [629779.382431002, 5220047.767993391], [629779.5858390748, 5220047.630821701], [629779.7748225054, 5220047.474373053], [629779.917702235, 5220047.33026903], [629780.3429388857, 5220047.643287959], [629780.5474178924, 5220047.77885806], [629780.7642004704, 5220047.893732907], [629780.991198885, 5220047.9868061915], [629781.2262270175, 5220048.057181568], [629781.4670214184, 5220048.104181282], [629781.711263106, 5220048.127352701], [629781.9565998992, 5220048.1264726715], [629782.2006690708, 5220048.101549668], [629782.4411201011, 5220048.052823714], [629782.6756373154, 5220047.980764067], [629782.9019621846, 5220047.886064699], [629783.1179150764, 5220047.769637618], [629783.3214162466, 5220047.632604081], [629783.5105058675, 5220047.476283795], [629783.5683075577, 5220047.41806594], [629783.8735106507, 5220047.643046842], [629784.077897667, 5220047.778755589], [629784.2946022871, 5220047.893777432], [629784.5215375273, 5220047.987004646], [629784.7565178772, 5220048.057539402], [629784.9972803475, 5220048.104702411], [629785.2415062641, 5220048.128039469], [629785.4868435978, 5220048.127325827], [629785.7309296161, 5220048.102568357], [629785.9714136372, 5220048.054005489], [629786.2059796683, 5220047.982104907], [629786.4323687104, 5220047.887559054], [629786.6484005135, 5220047.77127846], [629786.8519945729, 5220047.634382968], [629787.0411901666, 5220047.4781909585], [629787.0687094008, 5220047.45051116], [629787.3278429942, 5220047.642330435], [629787.531959033, 5220047.778446413], [629787.748433896, 5220047.893900084], [629787.9751828121, 5220047.987579568], [629788.2100220653, 5220048.058582679], [629788.4506900252, 5220048.106225619], [629788.6948689278, 5220048.130049559], [629788.9402071969, 5220048.129825064], [629789.1843420905, 5220048.105554293], [629789.4249224565, 5220048.0574709885], [629789.6596313743, 5220047.986038219], [629789.8862084687, 5220047.891943921], [629790.1024716784, 5220047.776094275], [629790.3063382705, 5220047.639604974], [629790.4958448983, 5220047.483790485], [629790.6691665094, 5220047.310151389], [629790.8246339216, 5220047.120359924], [629808.0452588997, 5220023.856574574], [629808.0673250101, 5220023.889894366], [629808.2221855734, 5220024.080181314], [629808.3949518233, 5220024.254372989], [629808.583959926, 5220024.410791829], [629808.9678807358, 5220024.697979238], [629808.0817312219, 5220025.877693481], [629807.9441857924, 5220026.080849016], [629807.8272154061, 5220026.296508111], [629807.731946552, 5220026.522593851], [629807.6592967212, 5220026.756928908], [629807.6099655714, 5220026.997256506], [629807.5844281884, 5220027.241262159], [629807.5829305112, 5220027.486595959], [629807.6054869633, 5220027.730895208], [629807.6518803136, 5220027.971807171], [629807.721663769, 5220028.207011732], [629807.8141652766, 5220028.434243746], [629807.9284939962, 5220028.651314842], [629808.0635488797, 5220028.856134506], [629808.2180292748, 5220029.046730215], [629808.390447451, 5220029.221266426], [629808.579142927, 5220029.378062261], [629808.8019429506, 5220029.545419851], [629808.092502741, 5220030.480921806], [629807.9540273518, 5220030.683444602], [629807.836069465, 5220030.898565158], [629807.7397650795, 5220031.124211744], [629807.666041659, 5220031.358211261], [629807.6156092003, 5220031.598310165], [629807.5889533957, 5220031.842196173], [629807.5863309551, 5220032.087520529], [629807.6077671341, 5220032.331920625], [629807.6530554905, 5220032.573042754], [629807.7217598727, 5220032.808564779], [629807.8132186199, 5220033.036218495], [629807.9265509344, 5220033.25381147], [629808.0606653641, 5220033.459248167], [629808.2142703137, 5220033.650550117], [629808.3254966979, 5220033.764180146], [629808.2025244468, 5220033.886480702], [629808.0463646514, 5220034.075702886], [629801.7863646514, 5220042.468202886], [629801.6495038251, 5220042.67182025], [629801.533260013, 5220042.8878718475], [629801.4387527063, 5220043.114276984], [629801.3668920621, 5220043.348855252], [629801.3183701377, 5220043.589347539], [629801.2936542258, 5220043.833437768], [629801.2929823541, 5220044.07877522], [629801.316360993, 5220044.322997159], [629801.3635649936, 5220044.563751597], [629801.4341397553, 5220044.798719934], [629801.527405605, 5220045.025639298], [629801.6424643411, 5220045.242324333], [629801.7782078855, 5220045.44668824], [629801.9333289533, 5220045.636762885], [629802.106333644, 5220045.810717747], [629802.2955558277, 5220045.966877542], [629804.5399606933, 5220047.64098829], [629804.7435780574, 5220047.777849116], [629804.9596296548, 5220047.894092929], [629805.1860347907, 5220047.9886002345], [629805.42061306, 5220048.060460879], [629805.6611053456, 5220048.108982803], [629805.9051955753, 5220048.133698715], [629806.150533027, 5220048.134370587], [629806.3947549666, 5220048.110991948], [629806.6355094037, 5220048.063787947], [629806.870477741, 5220047.993213185], [629807.0973971053, 5220047.899947336], [629807.3140821389, 5220047.7848886], [629807.5184460467, 5220047.649145056], [629807.7085206923, 5220047.494023988], [629807.8824755531, 5220047.3210192975], [629808.0386353486, 5220047.131797113], [629809.5374823689, 5220045.122360433], [629810.8114595795, 5220046.083844191], [629811.0143025942, 5220046.22185009], [629811.2296958078, 5220046.33930936], [629811.4555648661, 5220046.4350908045], [629811.6897345263, 5220046.508271997], [629811.7103375538, 5220046.51254983], [629813.1871391714, 5220047.628594445], [629813.3898936443, 5220047.766730394], [629813.6052114896, 5220047.8843277665], [629813.8310190787, 5220047.980254036], [629814.0651417613, 5220048.053585381], [629814.3053248079, 5220048.103615579], [629814.5492551244, 5220048.129862812], [629814.7945835285, 5220048.132074307], [629815.0389473736, 5220048.110228763], [629815.2799933024, 5220048.064536567], [629815.5153999106, 5220047.995437758], [629815.7429001041, 5220047.903597796], [629815.9603029316, 5220047.789901151], [629816.1655146849, 5220047.655442783], [629816.3565590628, 5220047.5015175985], [629816.5315962035, 5220047.329607983], [629816.6889404035, 5220047.141369519], [629818.0659595061, 5220045.319234445], [629818.1367658839, 5220045.427279341], [629818.2907077075, 5220045.618310312], [629818.4626325686, 5220045.793332478], [629818.6508847366, 5220045.950660282], [629820.884886418, 5220047.638628435], [629821.087652922, 5220047.776746723], [629821.3029810094, 5220047.894325341], [629821.528796953, 5220047.990231942], [629821.762926022, 5220048.063542894], [629822.0031134255, 5220048.113552172], [629822.2470460272, 5220048.139778159], [629822.4923746231, 5220048.141968285], [629822.7367365644, 5220048.1201014565], [629822.9777785125, 5220048.074388265], [629823.2131791012, 5220048.005268952], [629823.4406712946, 5220047.913409175], [629823.658064218, 5220047.799693595], [629823.8632642592, 5220047.665217352], [629824.0542952293, 5220047.511275528], [629824.2293173957, 5220047.339350667], [629824.3866451991, 5220047.151098499], [629825.1422294178, 5220046.151093605], [629827.1275977655, 5220047.640013079], [629827.3308596858, 5220047.777401246], [629827.5466092395, 5220047.894204699], [629827.7727686407, 5220047.989298557], [629828.0071598506, 5220048.061767015], [629828.2475255537, 5220048.110912161], [629828.4915508969, 5220048.1362607], [629828.7368857828, 5220048.137568514], [629828.9811675022, 5220048.114823006], [629829.2220434888, 5220048.068243228], [629829.457193975, 5220047.998277769], [629829.6843543332, 5220047.905600435], [629829.9013368848, 5220047.791103759], [629830.1060519695, 5220047.655890406], [629830.2965280687, 5220047.501262555], [629830.4709307939, 5220047.328709357], [629830.6275805511, 5220047.139892594], [629865.4850805511, 5220000.6598925935], [629865.622468718, 5220000.456630673], [629865.739272171, 5220000.24088112], [629865.8343660291, 5220000.014721719], [629865.9068344866, 5219999.780330509], [629865.9559796326, 5219999.539964805], [629865.9813281724, 5219999.295939462], [629865.9826359857, 5219999.050604576], [629865.9598904776, 5219998.806322857], [629865.9133106997, 5219998.56544687], [629865.8433452409, 5219998.330296384], [629865.7506679067, 5219998.103136026], [629865.6361712305, 5219997.886153474], [629865.5009578778, 5219997.68143839], [629865.3463300272, 5219997.49096229], [629865.1737768295, 5219997.316559565], [629864.984960066, 5219997.159909808], [629863.1731871644, 5219995.801177581], [629863.1933264782, 5219995.771611777], [629864.0820945917, 5219996.439609734], [629864.2852111066, 5219996.577212779], [629864.5008370171, 5219996.694244328], [629864.7268957277, 5219996.789577302], [629864.9612101692, 5219996.862293594], [629865.2015237657, 5219996.911692905], [629865.4455221656, 5219996.937299494], [629865.6908555313, 5219996.938866754], [629865.9351611681, 5219996.916379593], [629866.1760862792, 5219996.870054574], [629866.4113106242, 5219996.8003378315], [629866.638568864, 5219996.707900777], [629866.8556723775, 5219996.593633629], [629867.0605303393, 5219996.458636844], [629867.2511698549, 5219996.304210513], [629867.425754962, 5219996.131841847], [629867.4536752957, 5219996.098260587], [629867.9007549997, 5219996.4377091825], [629868.1031982356, 5219996.576300859], [629868.3182510115, 5219996.694382273], [629868.543842252, 5219996.790816233], [629868.77779939, 5219996.86467403], [629869.0178692905, 5219996.915244371], [629869.2617399491, 5219996.942040238], [629869.5070627581, 5219996.9448035695], [629869.7514751245, 5219996.923507756], [629869.9926232238, 5219996.878357885], [629870.2281846679, 5219996.8097887775], [629870.4558908714, 5219996.718460789], [629870.673548899, 5219996.605253459], [629870.8790625851, 5219996.471257036], [629871.0704527203, 5219996.317761978], [629871.2458761131, 5219996.146246527], [629871.4036433405, 5219995.958362471], [629910.2586433404, 5219944.7833624715], [629910.3972350174, 5219944.580919236], [629910.5153164306, 5219944.36586646], [629910.6117503914, 5219944.140275219], [629910.685608188, 5219943.906318081], [629910.7361785296, 5219943.66624818], [629910.7629743959, 5219943.422377521], [629910.7657377283, 5219943.177054713], [629910.7444419143, 5219942.932642346], [629910.6992920442, 5219942.691494247], [629910.6307229359, 5219942.4559328025], [629910.5393949475, 5219942.228226598], [629910.4261876174, 5219942.010568571], [629910.292191194, 5219941.805054884], [629910.1386961362, 5219941.613664749], [629909.9671806854, 5219941.438241357], [629909.7792966292, 5219941.280474129], [629907.5492450002, 5219939.587290817], [629907.3468017643, 5219939.44869914], [629907.1317489884, 5219939.330617727], [629906.906157748, 5219939.234183767], [629906.6722006099, 5219939.16032597], [629906.4321307094, 5219939.109755629], [629906.1882600508, 5219939.082959762], [629905.9429372419, 5219939.08019643], [629905.6985248754, 5219939.101492244], [629905.4573767761, 5219939.146642114], [629905.2218153321, 5219939.215211222], [629904.9941091286, 5219939.3065392105], [629904.776451101, 5219939.4197465405], [629904.5709374149, 5219939.553742964], [629904.3795472797, 5219939.707238021], [629904.2041238869, 5219939.878753472], [629904.0463566595, 5219940.066637528], [629904.0137200536, 5219940.109622428], [629903.3129054083, 5219939.582890265], [629903.1097888934, 5219939.44528722], [629902.8941629829, 5219939.328255671], [629902.6681042723, 5219939.232922697], [629902.4337898308, 5219939.160206405], [629902.1934762343, 5219939.110807094], [629901.9494778344, 5219939.085200505], [629901.7041444688, 5219939.083633245], [629901.4598388319, 5219939.106120406], [629901.2189137208, 5219939.152445425], [629900.9836893758, 5219939.222162168], [629900.756431136, 5219939.314599222], [629900.5393276225, 5219939.42886637], [629900.3344696608, 5219939.563863155], [629900.1438301451, 5219939.718289486], [629899.969245038, 5219939.890658152], [629899.8123956899, 5219940.079309149], [629861.3473956898, 5219991.256809149], [629861.2196742304, 5219991.445339408], [629860.3376135821, 5219990.778871564], [629860.1348470781, 5219990.640753277], [629859.9195189908, 5219990.523174658], [629859.6937030471, 5219990.427268057], [629859.6713016252, 5219990.42025368], [629864.9818831353, 5219983.830481003], [629864.9838597497, 5219983.82918998], [629865.1751269753, 5219983.675541794], [629865.3504130411, 5219983.503885998], [629865.5080298462, 5219983.315875734], [629894.7155298463, 5219944.7833757335], [629894.8539594548, 5219944.580821642], [629894.971868714, 5219944.365674429], [629895.0681220933, 5219944.14000608], [629895.1417926202, 5219943.905989906], [629895.1921708072, 5219943.665879608], [629895.2187714846, 5219943.421987582], [629895.2213384735, 5219943.17666264], [629895.1998470523, 5219942.932267396], [629895.1545041953, 5219942.691155509], [629895.085746579, 5219942.455649018], [629894.9942363766, 5219942.228015982], [629894.8808548816, 5219942.010448629], [629894.7466940196, 5219941.805042252], [629894.5930458333, 5219941.613775026], [629894.4213900384, 5219941.438488961], [629894.2333797745, 5219941.280872156], [629892.001973731, 5219939.589474193], [629891.799419639, 5219939.451044585], [629891.5842724262, 5219939.333135325], [629891.3586040776, 5219939.236881946], [629891.1245879028, 5219939.163211419], [629890.8844776055, 5219939.112833233], [629890.6405855791, 5219939.086232555], [629890.395260637, 5219939.0836655665], [629890.1508653929, 5219939.105156987], [629889.9097535062, 5219939.150499844], [629889.6742470162, 5219939.219257461], [629889.4466139794, 5219939.310767663], [629889.2290466262, 5219939.4241491575], [629889.0236402492, 5219939.55831002], [629888.8323730241, 5219939.711958206], [629888.679832121, 5219939.861339903], [629888.3088143278, 5219939.579730637], [629888.106350061, 5219939.441169686], [629887.8912793668, 5219939.323120912], [629887.6656734934, 5219939.226721189], [629887.4317051489, 5219939.1528989], [629887.1916275762, 5219939.102364994], [629886.9477528537, 5219939.075606139], [629886.7024296282, 5219939.072880038], [629886.4580204965, 5219939.094212946], [629886.2168792521, 5219939.139399413], [629885.9813282171, 5219939.208004271], [629885.7536358766, 5219939.299366817], [629885.5359950325, 5219939.412607178], [629885.3305016849, 5219939.54663479], [629885.1391348472, 5219939.700158892], [629884.9637374866, 5219939.871700965], [629884.8059987756, 5219940.059608962], [629884.7914110326, 5219940.078828189], [629884.1531575613, 5219939.59284059], [629883.9509056233, 5219939.453969894], [629883.736015875, 5219939.335592055], [629883.5105578223, 5219939.238847116], [629883.2767027497, 5219939.164666785], [629883.036702809, 5219939.113765458], [629882.7928693312, 5219939.086633341], [629882.5475505658, 5219939.0835317345], [629882.3031090666, 5219939.1044905055], [629882.061898939, 5219939.149307813], [629881.8262431682, 5219939.217552038], [629881.5984112483, 5219939.308565954], [629881.380597325, 5219939.421473046], [629881.1748990656, 5219939.555185958], [629880.9832974569, 5219939.70841696], [629880.8813267653, 5219939.807841379], [629880.6032611799, 5219939.595709485], [629880.4011367747, 5219939.456653233], [629880.1863557576, 5219939.33807823], [629879.9609865872, 5219939.241126419], [629879.7271996917, 5219939.166731499], [629879.4872465667, 5219939.115609935], [629879.2434380921, 5219939.088254053], [629878.9981222765, 5219939.084927307], [629878.7536616457, 5219939.105661736], [629878.5124104889, 5219939.150257654], [629878.2766921867, 5219939.218285579], [629878.0487768353, 5219939.309090365], [629877.830859384, 5219939.421797512], [629877.625038497, 5219939.555321589], [629877.4332963421, 5219939.708376685], [629877.2753576466, 5219939.862089058], [629876.9014243337, 5219939.57616094], [629876.6994551208, 5219939.436879378], [629876.4848064644, 5219939.318064939], [629876.2595455485, 5219939.220861872], [629876.0258417586, 5219939.146206294], [629875.7859457902, 5219939.094817181], [629875.5421679725, 5219939.067189437], [629875.2968560193, 5219939.063589133], [629875.0523724187, 5219939.084050942], [629874.8110716813, 5219939.1283778045], [629874.5752776653, 5219939.19614283], [629874.347261196, 5219939.286693403], [629874.1292181964, 5219939.399157473], [629873.92324854, 5219939.532451948], [629873.7313358271, 5219939.6852931315], [629873.5553282822, 5219939.856209078], [629873.4689894877, 5219939.95831998], [629872.9633649284, 5219939.574667912], [629872.7608787214, 5219939.436139025], [629872.5457893353, 5219939.318124311], [629872.3201681988, 5219939.221760317], [629872.0861881665, 5219939.147975081], [629871.8461025942, 5219939.097479194], [629871.602223637, 5219939.07075896], [629871.3568999829, 5219939.068071709], [629871.1124942325, 5219939.089443321], [629870.8713601469, 5219939.134667977], [629870.6358199792, 5219939.203310136], [629870.40814211, 5219939.294708737], [629870.1905192015, 5219939.407983564], [629869.9850470814, 5219939.542043717], [629869.7937045584, 5219939.695598122], [629869.6761874257, 5219939.810568608], [629869.3627896274, 5219939.572437064], [629869.1603974256, 5219939.43377087], [629868.9453881339, 5219939.315610297], [629868.719832409, 5219939.219093295], [629868.4859024762, 5219939.145149376], [629868.2458512085, 5219939.09449066], [629868.0019904308, 5219939.06760502], [629867.7566686557, 5219939.0647513755], [629867.5122484659, 5219939.085957212], [629867.2710837617, 5219939.131018304], [629867.0354970909, 5219939.19950069], [629866.8077572819, 5219939.290744847], [629866.5900575937, 5219939.403872042], [629866.384494593, 5219939.5377928], [629866.1930479641, 5219939.69121739], [629866.0175614427, 5219939.86266825], [629866.005493381, 5219939.877029294], [629865.618237393, 5219939.581062592], [629865.4162344534, 5219939.441829948], [629865.2015570279, 5219939.323067498], [629864.976272577, 5219939.225918989], [629864.7425507132, 5219939.151320014], [629864.502642306, 5219939.099989003], [629864.2588578044, 5219939.0724203], [629864.0135449864, 5219939.068879408], [629863.7690663484, 5219939.089400427], [629863.5277763536, 5219939.133785729], [629863.2919987565, 5219939.201607859], [629863.0640042241, 5219939.292213652], [629862.8459884685, 5219939.404730526], [629862.6400511005, 5219939.538074882], [629862.4481754097, 5219939.690962539], [629862.3038658261, 5219939.831165415], [629861.988739521, 5219939.58935509], [629861.7870070831, 5219939.449730808], [629861.572560469, 5219939.330552092], [629861.3474649172, 5219939.232966698], [629861.1138882207, 5219939.157914426], [629860.8740798509, 5219939.106118072], [629860.6303492934, 5219939.078076461], [629860.3850438065, 5219939.074059652], [629860.1405258166, 5219939.094106326], [629859.8991501651, 5219939.138023425], [629859.6632414319, 5219939.205388001], [629859.4350715469, 5219939.295551298], [629859.2168379108, 5219939.407644995], [629859.0106422328, 5219939.540589565], [629858.8184702902, 5219939.6931046825], [629858.6478917133, 5219939.858186906], [629858.2851681771, 5219939.579562648], [629858.0835061129, 5219939.439836743], [629857.869119573, 5219939.320549996], [629857.6440732171, 5219939.222851203], [629857.4105343644, 5219939.147681256], [629857.1707521221, 5219939.095764083], [629856.9270357238, 5219939.067599676], [629856.681732292, 5219939.063459272], [629856.4372042327, 5219939.083382745], [629856.1958064849, 5219939.127178224], [629855.9598638407, 5219939.194423932], [629855.7316485568, 5219939.284472257], [629855.5133584712, 5219939.396455985], [629855.3070958367, 5219939.529296649], [629855.1148470753, 5219939.681714923], [629854.9384636476, 5219939.852242935], [629854.8924645025, 5219939.906402758], [629854.4727593537, 5219939.582808284], [629854.2713485328, 5219939.442720463], [629854.0571765521, 5219939.323048915], [629853.8323060052, 5219939.224946143], [629853.5989025184, 5219939.149356931], [629853.3592138947, 5219939.097009244], [629853.1155484667, 5219939.06840722], [629852.8702528657, 5219939.0638263095], [629852.6256894222, 5219939.083310631], [629852.3842134163, 5219939.12667254], [629852.1481503935, 5219939.193494437], [629851.91977377, 5219939.283132791], [629851.7012829374, 5219939.394724335], [629851.4947820819, 5219939.527194382], [629851.3022599197, 5219939.679267173], [629851.160859338, 5219939.815483247], [629850.8582520523, 5219939.582513186], [629850.6567420879, 5219939.442568015], [629850.4424854236, 5219939.323048149], [629850.2175454682, 5219939.225104629], [629849.9840885166, 5219939.149680706], [629849.7443628864, 5219939.097502751], [629849.500677267, 5219939.069073269], [629849.2553784838, 5219939.06466605], [629849.0108288983, 5219939.084323538], [629848.7693836567, 5219939.12785642], [629848.5333680086, 5219939.194845453], [629848.3050549137, 5219939.284645494], [629848.086643152, 5219939.39639172], [629847.8802361481, 5219939.529007953], [629847.6878217143, 5219939.681217027], [629847.5298020262, 5219939.833658736], [629847.2019192046, 5219939.580553399], [629847.0005904498, 5219939.440347661], [629846.7864885825, 5219939.32055072], [629846.5616755207, 5219939.222316287], [629846.328316337, 5219939.1465904135], [629846.0886584079, 5219939.09410238], [629845.8450097705, 5219939.065357676], [629845.599716894, 5219939.060633128], [629845.3551420831, 5219939.079974236], [629845.1136407269, 5219939.1231947355], [629844.8775386155, 5219939.189878388], [629844.6491095413, 5219939.279382995], [629844.4305534011, 5219939.3908465775], [629844.22397501, 5219939.52319568], [629844.0313638309, 5219939.675155709], [629843.9831285086, 5219939.721568037], [629843.8033606791, 5219939.581890908], [629843.7120008003, 5219939.517838692], [629807.6019679861, 5219982.778373054], [629807.6008707596, 5219982.787427835], [629807.5953722596, 5219983.032704583], [629807.613941562, 5219983.277339203], [629807.656399834, 5219983.518975732], [629807.7223381794, 5219983.755287075], [629807.8111215757, 5219983.983997428], [629807.9218949903, 5219984.2029041825], [629808.0535916147, 5219984.409899147], [629808.2049431385, 5219984.602988849], [629808.3744919638, 5219984.780313727], [629808.5606052426, 5219984.940166047], [629808.8533165489, 5219985.167598703], [629808.1128105362, 5219986.126879941], [629807.9726047977, 5219986.328208695], [629807.8528078569, 5219986.542310563], [629807.7545734239, 5219986.767123625], [629807.67884755, 5219987.000482809], [629807.6263595166, 5219987.240140737], [629807.5976148124, 5219987.483789375], [629807.5928902645, 5219987.729082252], [629807.6122313729, 5219987.973657062], [629807.655451872, 5219988.215158419], [629807.7221355251, 5219988.45126053], [629807.8116401319, 5219988.679689605], [629807.9231037141, 5219988.898245744], [629808.0554528167, 5219989.104824136], [629808.2074128453, 5219989.297435314], [629808.3775203418, 5219989.474224331], [629808.5641370779, 5219989.633488609], [629808.9442483949, 5219989.926911127], [629808.1937840972, 5219990.901697173], [629808.1371784639, 5219990.94839757], [629808.0588678588, 5219991.027114018], [629807.719179613, 5219990.773899111], [629807.5155208448, 5219990.637099905], [629807.2994340822, 5219990.520921475], [629807.073000359, 5219990.426482682], [629806.8384003555, 5219990.354693024], [629806.5978933984, 5219990.306243875], [629806.3537957007, 5219990.281601825], [629806.108458057, 5219990.281004191], [629805.8642432028, 5219990.30445673], [629805.6235030607, 5219990.351733581], [629805.3885560898, 5219990.422379441], [629805.1616649579, 5219990.515713951], [629804.9450147506, 5219990.63083825], [629804.740691928, 5219990.7666436285], [629804.5506642302, 5219990.921822205], [629804.3767617282, 5219991.094879526], [629804.2206591981, 5219991.284148955], [629803.5959975168, 5219992.122133706], [629801.772888738, 5219990.779315368], [629801.5684492022, 5219990.643685752], [629801.3517000717, 5219990.528747807], [629801.1885355946, 5219990.461792058], [629781.070803896, 5220014.563233004], [629780.8047763668, 5220014.851881753], [629780.511737308, 5220015.113065322], [629780.1945088458, 5220015.3442683695], [629779.8561460639, 5220015.543264285], [629779.4999075807, 5220015.708136627], [629779.1292241674, 5220015.837297588], [629778.7476657083, 5220015.929503275], [629778.3589068196, 5220015.983865697], [629777.9666914621, 5220015.999861315], [629777.5747968839, 5220015.977336082], [629777.1869972443, 5220015.916506928], [629776.8070272655, 5220015.817959672], [629776.4385462664, 5220015.682643376], [629776.0851029203, 5220015.511861213], [629775.7501010799, 5220015.307257905], [629775.4367669959, 5220015.070803896], [629775.1481182472, 5220014.804776367], [629774.8869346785, 5220014.5117373075], [629774.6557316307, 5220014.194508846], [629774.4567357155, 5220013.856146064], [629774.2918633723, 5220013.49990758], [629774.1627024119, 5220013.129224167], [629774.0704967249, 5220012.747665708], [629774.0161343026, 5220012.3589068195], [629774.0001386848, 5220011.966691462], [629774.0226639179, 5220011.574796884], [629774.0834930717, 5220011.186997244], [629774.1820403283, 5220010.807027265], [629774.3173566236, 5220010.438546266], [629774.4881387877, 5220010.08510292], [629774.6927420951, 5220009.75010108], [629774.929196104, 5220009.436766996], [629790.7137940496, 5219990.5265060915], [629790.5288886564, 5219990.450685741], [629790.2938624574, 5219990.380303909], [629790.0530693477, 5219990.3332975805], [629789.8088282968, 5219990.310119453], [629789.5634914795, 5219990.310992743], [629789.3194216235, 5219990.335909042], [629789.0789692547, 5219990.38462839], [629788.8444500612, 5219990.456681595], [629788.6181225907, 5219990.551374746], [629788.4021665008, 5219990.667795894], [629788.1986615665, 5219990.804823841], [629788.0095676514, 5219990.961138933], [629787.8367058337, 5219991.13523577], [629787.7116719207, 5219991.288700727], [629786.997924808, 5219990.775445457], [629786.7919510438, 5219990.642157328], [629786.5739045785, 5219990.529699978], [629786.3458853187, 5219990.439156432], [629786.1100892144, 5219990.371398673], [629785.8687871111, 5219990.327079247], [629785.62430288, 5219990.306624972], [629785.3789910377, 5219990.310232836], [629785.1352140716, 5219990.337868093], [629784.895319687, 5219990.3892645985], [629784.6616181978, 5219990.463927378], [629784.4363602775, 5219990.5611373875], [629784.2217152825, 5219990.67995844], [629784.0197503619, 5219990.819246227], [629783.8324105481, 5219990.977659329], [629783.661500026, 5219991.153672141], [629783.5086647574, 5219991.345589564], [629772.5327536432, 5220006.608998104], [629772.4717108428, 5220006.563577231], [629772.2679332866, 5220006.426955036], [629772.0517456582, 5220006.310964407], [629771.8252299626, 5220006.216722398], [629771.5905676697, 5220006.145136612], [629771.3500187058, 5220006.096896456], [629771.1058996888, 5220006.072466512], [629770.8605616183, 5220006.072082053], [629770.6163672341, 5220006.095746781], [629770.3756682617, 5220006.143232792], [629770.1407827636, 5220006.21408277], [629769.9139728156, 5220006.307614391], [629769.6974227214, 5220006.422926893], [629769.493217977, 5220006.558909756], [629769.3033251856, 5220006.71425339], [629769.1295731185, 5220006.887461749], [629768.9736351034, 5220007.076866744], [629763.8666371856, 5220013.940351241], [629780.4031984517, 5220018.555205548], [629780.5428715615, 5220018.601682987], [629780.6773165214, 5220018.661626984], [629780.805238553, 5220018.734460245], [629780.9254056971, 5220018.819481345], [629781.0366606783, 5220018.915871484], [629781.1379320507, 5220019.0227023745], [629781.2282445153, 5220019.138945175], [629781.3067283138, 5220019.263480405], [629781.3726276043, 5220019.39510872], [629781.4253077407, 5220019.53256247], [629781.4642613842, 5220019.674517898], [629781.4891133903, 5220019.819607897], [629781.4996244204, 5220019.966435171], [629781.4956932475, 5220020.113585692], [629781.4773577311, 5220020.259642321], [629781.444794452, 5220020.403198452], [629781.3983170126, 5220020.542871562], [629781.338373016, 5220020.677316521], [629781.2655397556, 5220020.805238553], [629781.1805186555, 5220020.925405697], [629781.0841285154, 5220021.036660679], [629780.977297625, 5220021.137932051], [629780.8610548244, 5220021.228244515], [629780.736519595, 5220021.306728314], [629780.6048912794, 5220021.372627605], [629780.46743753, 5220021.42530774], [629780.3254821018, 5220021.464261385], [629780.1803921029, 5220021.48911339], [629780.0335648294, 5220021.49962442], [629779.8864143083, 5220021.495693248], [629779.7403576795, 5220021.477357731], [629779.5968015483, 5220021.444794452], [629737.440949671, 5220009.680370672], [629701.0606601718, 5220046.060660171], [629700.9489995884, 5220046.161636682], [629700.8277796933, 5220046.250911979], [629700.6982215396, 5220046.327586789], [629700.5616301721, 5220046.390888763], [629700.4193814808, 5220046.440180257], [629700.2729083428, 5220046.474964757], [629700.123686188, 5220046.494891878], [629699.9732181372, 5220046.499760891], [629699.8230198611, 5220046.489522752], [629699.6746043132, 5220046.46428059], [629689.8729923796, 5220044.286144605], [629687.7042635647, 5220047.105890105], [629687.4721838229, 5220046.927356737], [629687.2706211428, 5220046.787487503], [629687.086535974, 5220046.684889279], [629687.1406772694, 5220046.559957426], [629687.2156976598, 5220046.326370488], [629687.2674612828, 5220046.086555051], [629687.2954696266, 5220045.842820669], [629687.2994529551, 5220045.597514636], [629687.2793729071, 5220045.352999384], [629687.2354228644, 5220045.111629729], [629687.1680260898, 5220044.875730192], [629687.077831651, 5220044.647572616], [629686.96570817, 5220044.429354281], [629686.832735457, 5220044.22317675], [629686.6801941119, 5220044.031025626], [629686.5095531915, 5220043.854751428], [629686.3224560609, 5220043.696051774], [629685.9574104014, 5220043.416015277], [629678.2211173754, 5220041.6968390485], [629678.2196686404, 5220041.697409071], [629678.001270659, 5220041.809182227], [629677.7948800086, 5220041.94182391], [629677.602484344, 5220042.094056708], [629677.4586433312, 5220042.232854485], [629677.1317679429, 5220041.981931774], [629676.9300615275, 5220041.842269901], [629676.7156371266, 5220041.723051225], [629676.4905597639, 5220041.625423886], [629676.2569970576, 5220041.550328088], [629676.0171983442, 5220041.498487045], [629675.7734730166, 5220041.470400016], [629675.5281682826, 5220041.466337493], [629675.2836465611, 5220041.4863386005], [629675.04226273, 5220041.530210718], [629674.8063414473, 5220041.597531331], [629674.5781547641, 5220041.687652106], [629674.3599002429, 5220041.799705132], [629674.1536797939, 5220041.932611275], [629673.961479433, 5220042.0850905785], [629673.8973936157, 5220042.14708831], [629673.6959974393, 5220041.991159864], [629673.4948706442, 5220041.850664565], [629673.2809413822, 5220041.730559664], [629673.0562699089, 5220041.632001834], [629672.8230199337, 5220041.5559402425], [629672.5834377811, 5220041.503107404], [629672.3398307584, 5220041.474012128], [629672.0945449343, 5220041.468934617], [629671.8499425454, 5220041.487923771], [629671.6083792464, 5220041.530796713], [629671.3721814239, 5220041.597140555], [629671.1436237922, 5220041.686316368], [629670.9249074861, 5220041.79746534], [629670.7181388631, 5220041.929517047], [629670.5253092182, 5220042.081199757], [629670.3482756064, 5220042.251052684], [629670.2649266772, 5220042.348432046], [629669.777886541, 5220041.9843865195], [629669.57440645, 5220041.847321684], [629669.3584714682, 5220041.730861389], [629669.1321611672, 5220041.636127212], [629668.8976550392, 5220041.564031495], [629668.6572115062, 5220041.515268558], [629668.4131461708, 5220041.490308016], [629668.1678095158, 5220041.489390251], [629667.9235642672, 5220041.512524104], [629667.6827626403, 5220041.55948678], [629667.4477236863, 5220041.6298260065], [629667.2207109589, 5220041.722864376], [629667.0039107148, 5220041.837705879], [629666.7994108588, 5220041.973244528], [629666.6091808362, 5220042.128175013], [629666.5668281994, 5220042.1702119615], [629666.3093245219, 5220041.978592005], [629666.1055524318, 5220041.841961657], [629665.8893694441, 5220041.725962379], [629665.662857519, 5220041.631711308], [629665.4281980904, 5220041.560116133], [629665.1876510567, 5220041.511866353], [629664.9435330173, 5220041.487426642], [629664.6981949623, 5220041.487032368], [629664.4539996317, 5220041.510687326], [629664.2132987595, 5220041.558163708], [629663.978410427, 5220041.629004288], [629663.7515967372, 5220041.722526835], [629663.5350420299, 5220041.837830674], [629663.3308318452, 5220041.973805367], [629663.140932839, 5220042.129141403], [629663.0566083736, 5220042.213195273], [629662.7156492585, 5220041.967970924], [629662.5096860029, 5220041.834666559], [629662.2916484041, 5220041.722192019], [629662.0636362832, 5220041.631630497], [629661.8278455215, 5220041.563854149], [629661.586546913, 5220041.519515699], [629661.3420642952, 5220041.499042151], [629661.0967521693, 5220041.502630675], [629660.8529730253, 5220041.530246712], [629660.6130745895, 5220041.581624306], [629660.3793672151, 5220041.656268661], [629660.1541016317, 5220041.753460911], [629659.9394472701, 5220041.872265043], [629659.7374713692, 5220042.0115369065], [629659.5501190673, 5220042.169935239], [629659.5156000962, 5220042.205479117], [629659.2383712876, 5220041.993581749], [629659.036374921, 5220041.85433957], [629658.8217031017, 5220041.735566986], [629658.5964232371, 5220041.638407842], [629658.3627048952, 5220041.563797834], [629658.1227989113, 5220041.512455498], [629657.8790157114, 5220041.484875288], [629657.6337030608, 5220041.481322816], [629657.3892234545, 5220041.501832294], [629657.1479313648, 5220041.546206205], [629656.9121505663, 5220041.614017205], [629656.6841517572, 5220041.704612236], [629656.4661306904, 5220041.817118818], [629656.2601870282, 5220041.950453452], [629656.0765558159, 5220042.09675769], [629655.9228210049, 5220041.979941463], [629655.7204303363, 5220041.841273032], [629655.5054223511, 5220041.723110081], [629655.2798676937, 5220041.626590585], [629655.0459385786, 5220041.55264408], [629654.805887871, 5220041.501982709], [629654.5620273906, 5220041.4750943715], [629654.3167056472, 5220041.472238015], [629654.072285223, 5220041.493441149], [629653.8311200206, 5220041.538499574], [629653.5955325925, 5220041.606979355], [629653.3677917747, 5220041.698220993], [629653.1500908354, 5220041.811345781], [629652.944526354, 5220041.945264266], [629652.8045984786, 5220042.057399385], [629652.7247031507, 5220041.996272647], [629652.5227721905, 5220041.8569356315], [629652.3081561675, 5220041.738062256], [629652.0829219511, 5220041.6407973375], [629651.8492386697, 5220041.56607759], [629651.6093568213, 5220041.514622606], [629651.3655865991, 5220041.486927925], [629651.1202756437, 5220041.48326026], [629650.8757864336, 5220041.503654935], [629650.6344735336, 5220041.547915537], [629650.3986609188, 5220041.615615813], [629650.1706195936, 5220041.706103772], [629649.9525457207, 5220041.818507965], [629649.7465394707, 5220041.951745878], [629649.5545847963, 5220042.104534358], [629649.4633841466, 5220042.193048083], [629649.2063367688, 5220041.997584057], [629649.0039957538, 5220041.858843182], [629648.9909845936, 5220041.851686512], [629623.506090832, 5220077.882053554], [629625.4324778324, 5220078.5619548485], [629653.9350218562, 5220085.687590854], [629654.7210613225, 5220084.651616995], [629654.7856151516, 5220084.717602099], [629654.9735464789, 5220084.875313015], [629655.0695466875, 5220084.948156545]]], [[[629697.0064816953, 5220041.552901164], [629696.7666748074, 5220041.501097948], [629696.5229450521, 5220041.473049364], [629696.2776396803, 5220041.469025536], [629696.0331211168, 5220041.489065215], [629695.791744209, 5220041.532975407], [629695.5558335484, 5220041.600333234], [629695.3276610838, 5220041.690490004], [629695.1094242407, 5220041.8025774555], [629694.903224759, 5220041.935516127], [629694.8193516736, 5220042.002077154], [629694.7969098939, 5220041.984816683], [629694.5953337004, 5220041.844966926], [629694.3810204782, 5220041.725548504], [629694.1560341805, 5220041.627711484], [629693.9225415485, 5220041.552398089], [629693.6827912438, 5220041.50033363], [629693.4390921928, 5220041.472019514], [629693.1937913507, 5220041.467728422], [629692.9492510987, 5220041.48750168], [629692.7078264931, 5220041.531148861], [629692.4718425847, 5220041.598249618], [629692.2435720277, 5220041.688157734], [629692.1733142653, 5220041.724145761], [629699.5215848726, 5220043.357094784], [629699.5860902949, 5220043.292589362], [629697.8813206514, 5220041.984366857], [629697.6795922084, 5220041.844736803], [629697.4651490042, 5220041.725551952], [629697.2400562445, 5220041.6279601175], [629697.0064816953, 5220041.552901164]]], [[[629620.5655679568, 5220076.844221951], [629633.8588629994, 5220058.050253098], [629619.7787247171, 5220076.566512573], [629620.5655679568, 5220076.844221951]]], [[[629606.4445149988, 5220094.2796751885], [629606.370484756, 5220094.513577817], [629606.3197374557, 5220094.7536103735], [629606.2927618222, 5220094.997461213], [629606.2898176459, 5220095.242781918], [629606.3109332805, 5220095.487209916], [629606.355905371, 5220095.728391234], [629606.4243008116, 5220095.964003161], [629606.5154609168, 5220096.191776627], [629606.628507765, 5220096.409518048], [629606.6755666962, 5220096.48180994], [629618.7648620959, 5220079.3900474785], [629617.8714333011, 5220079.074719668], [629606.7980960187, 5220093.636848411], [629606.6593551444, 5220093.839189426], [629606.5411152326, 5220094.054155097], [629606.4445149988, 5220094.2796751885]]], [[[629613.4045780491, 5220099.191702662], [629613.6382613304, 5220099.26642241], [629613.8781431789, 5220099.317877393], [629614.1219134011, 5220099.345572075], [629614.3672243565, 5220099.34923974], [629614.6117135666, 5220099.328845064], [629614.8530264666, 5220099.284584463], [629615.0888390813, 5220099.2168841865], [629615.3168804065, 5220099.126396228], [629615.5349542793, 5220099.013992035], [629615.7409605294, 5220098.880754122], [629615.9329152037, 5220098.727965642], [629616.0071776262, 5220098.655891115], [629616.2396789951, 5220098.832558537], [629616.4420696638, 5220098.971226968], [629616.6570776489, 5220099.089389919], [629616.8826323064, 5220099.185909415], [629617.1165614215, 5220099.25985592], [629617.356612129, 5220099.310517291], [629617.6004726094, 5220099.3374056285], [629617.8457943529, 5220099.340261985], [629618.090214777, 5220099.319058851], [629618.3313799795, 5220099.274000426], [629618.5669674075, 5220099.205520645], [629618.7947082254, 5220099.114279008], [629619.0124091646, 5220099.001154219], [629619.2179736461, 5220098.867235734], [629619.4094219714, 5220098.713813261], [629619.5300180247, 5220098.59599316], [629619.8305513234, 5220098.823375634], [629620.0332284914, 5220098.961624982], [629620.2484805192, 5220099.079342785], [629620.474234412, 5220099.1753953565], [629620.7083160364, 5220099.248857657], [629620.9484710586, 5220099.299022206], [629621.1923866542, 5220099.32540589], [629621.437713783, 5220099.32775462], [629621.6820898104, 5220099.306045778], [629621.9231612616, 5220099.260488429], [629622.158606487, 5220099.191521318], [629622.3861580201, 5220099.099808634], [629622.6036244155, 5220098.986233621], [629622.8089113527, 5220098.851890069], [629623.0000418064, 5220098.69807178], [629623.0010260434, 5220098.69710621], [629623.1768040246, 5220098.831443332], [629623.3788089971, 5220098.9706730265], [629623.5934881569, 5220099.089432341], [629623.8187740264, 5220099.186577561], [629624.0524969794, 5220099.261173123], [629624.2924061362, 5220099.312500631], [629624.5361910403, 5220099.3400657745], [629624.7815039101, 5220099.343603084], [629625.0259822484, 5220099.323078495], [629625.2672715951, 5220099.27868967], [629625.5030482019, 5220099.210864098], [629625.7310414112, 5220099.120254975], [629625.9490555238, 5220099.007734917], [629626.1549909448, 5220098.874387555], [629626.3468644031, 5220098.721497096], [629626.4109840894, 5220098.659200284], [629626.6448979554, 5220098.837237803], [629626.8471770801, 5220098.976068896], [629627.0620900022, 5220099.094404657], [629627.2875669929, 5220099.19110545], [629627.5214365853, 5220099.265239992], [629627.7614464876, 5220099.316094327], [629628.0052852731, 5220099.343178701], [629628.250604641, 5220099.346232275], [629628.4950420317, 5220099.325225642], [629628.7362433795, 5220099.2803611085], [629628.9718857837, 5220099.212070744], [629629.1996998789, 5220099.12101222], [629629.417491691, 5220099.008062483], [629629.6231637656, 5220098.874309299], [629629.8147353685, 5220098.721040784], [629629.98199832, 5220098.557890599], [629630.3465639998, 5220098.833515288], [629630.549290478, 5220098.971692318], [629630.7645844903, 5220099.089333318], [629630.9903726375, 5220099.185305341], [629631.2244804563, 5220099.258684124], [629631.4646533604, 5220099.308762989], [629631.7085783535, 5220099.335059649], [629631.9539063044, 5220099.337320854], [629632.1982745712, 5220099.315524826], [629632.4393297535, 5220099.269881473], [629632.6747503583, 5220099.2008303655], [629632.9022691565, 5220099.109036504], [629633.1196950177, 5220098.995383913], [629633.324934012, 5220098.860967129], [629633.5160095756, 5220098.707080659], [629633.5819317473, 5220098.642362608], [629633.8427535618, 5220098.839020993], [629634.0456594584, 5220098.976934421], [629634.2611061875, 5220099.094295503], [629634.4870188793, 5220099.189973987], [629634.7212218711, 5220099.2630484365], [629634.9614596601, 5220099.312815106], [629635.205418625, 5220099.338794713], [629635.4507493078, 5220099.340737062], [629635.6950890396, 5220099.318623446], [629635.9360846955, 5220099.272666831], [629636.1714153554, 5220099.203309804], [629636.3988146565, 5220099.111220313], [629636.6160926193, 5220098.997285228], [629636.821156738, 5220098.862601807], [629637.0120321332, 5220098.708467126], [629637.0741690975, 5220098.647306343], [629637.3273780863, 5220098.83862729], [629637.5301441847, 5220098.976746174], [629637.745471927, 5220099.094325423], [629637.971287589, 5220099.190232688], [629638.2054164428, 5220099.263544327], [629638.4456036993, 5220099.313554309], [629638.689536224, 5220099.339781012], [629638.9348648135, 5220099.3419718575], [629639.1792268191, 5220099.320105747], [629639.4202689012, 5220099.274393263], [629639.6556696928, 5220099.2052746415], [629639.8831621556, 5220099.113415532], [629640.1005554129, 5220098.999700589], [629640.3057558486, 5220098.865224949], [629640.4967872706, 5220098.711283687], [629640.5645961785, 5220098.64467516], [629640.8191785804, 5220098.837838157], [629641.0216669114, 5220098.976363939], [629641.2367581067, 5220099.094375355], [629641.4623807207, 5220099.1907358905], [629641.6963618841, 5220099.264517539], [629641.9364482306, 5220099.315009745], [629642.1803275973, 5220099.34172624], [629642.4256512927, 5220099.344409729], [629642.6700567153, 5220099.32303437], [629642.9111901075, 5220099.2778060185], [629643.1467292227, 5220099.209160248], [629643.3744056906, 5220099.117758156], [629643.5920268623, 5220099.004479992], [629643.7974969271, 5220098.87041669], [629643.9888370958, 5220098.716859351], [629644.1642046579, 5220098.545286816], [629644.321910728, 5220098.357351422], [629651.9628312644, 5220088.286872425], [629624.6361965624, 5220081.45521375], [629624.5007698234, 5220081.4144855], [629621.7053849711, 5220080.427879082], [629608.971826361, 5220098.430496427], [629609.5036632314, 5220098.8349159425], [629609.7060042464, 5220098.973656817], [629609.9209699178, 5220099.091896729], [629610.1464900087, 5220099.188496962], [629610.3803926375, 5220099.262527205], [629610.6204251938, 5220099.313274506], [629610.864276033, 5220099.340250139], [629611.1095967382, 5220099.343194315], [629611.3540247369, 5220099.322078681], [629611.5952060539, 5220099.277106591], [629611.8308179813, 5220099.208711149], [629612.0585914472, 5220099.117551045], [629612.276332869, 5220099.004504196], [629612.4819452773, 5220098.8706593085], [629612.6411580292, 5220098.743163284], [629612.7627968495, 5220098.836227353], [629612.9647278095, 5220098.975564369], [629613.1793438325, 5220099.094437744], [629613.4045780491, 5220099.191702662]]], [[[629754.7108308728, 5220099.267125423], [629754.9506347884, 5220099.318942396], [629755.1943629341, 5220099.347004962], [629755.4396680746, 5220099.351042864], [629755.6841877874, 5220099.331017213], [629755.9255672139, 5220099.287120868], [629756.1614817383, 5220099.219776575], [629756.3896593747, 5220099.129632897], [629756.6079026479, 5220099.017557965], [629756.8141097558, 5220098.884631122], [629757.0062948111, 5220098.732132529], [629757.1826069668, 5220098.561530828], [629757.3413482403, 5220098.374469007], [629763.0763482403, 5220090.901969007], [629763.2159898666, 5220090.700248575], [629763.3351870204, 5220090.485812209], [629763.4327917678, 5220090.260725048], [629763.5078641219, 5220090.027154806], [629763.559681095, 5220089.78735089], [629763.587743661, 5220089.543622744], [629763.5917815622, 5220089.298317604], [629763.5717559116, 5220089.053797891], [629763.5278595668, 5220088.8124184655], [629763.460515274, 5220088.576503941], [629763.3703715951, 5220088.348326304], [629763.2582966635, 5220088.130083031], [629763.1253698217, 5220087.923875923], [629762.9728712279, 5220087.731690868], [629762.802269527, 5220087.555378713], [629762.6152077067, 5220087.396637439], [629760.3939833291, 5220085.691890459], [629760.1922628967, 5220085.552248832], [629759.9778265306, 5220085.433051678], [629759.75273937, 5220085.3354469305], [629759.5191691273, 5220085.260374577], [629759.2793652117, 5220085.208557604], [629759.035637066, 5220085.180495038], [629758.7903319255, 5220085.176457136], [629758.5458122127, 5220085.196482787], [629758.3044327862, 5220085.240379131], [629758.0685182618, 5220085.307723424], [629757.8403406254, 5220085.397867103], [629757.6220973522, 5220085.509942035], [629757.4158902443, 5220085.642868877], [629757.223705189, 5220085.795367471], [629757.0473930333, 5220085.965969172], [629756.8886517598, 5220086.1530309925], [629751.1536517598, 5220093.625530993], [629751.0140101335, 5220093.827251425], [629750.8948129797, 5220094.041687791], [629750.7972082323, 5220094.2667749515], [629750.7221358782, 5220094.500345194], [629750.6703189051, 5220094.74014911], [629750.6422563391, 5220094.983877256], [629750.6382184379, 5220095.229182396], [629750.6582440885, 5220095.4737021085], [629750.7021404332, 5220095.715081534], [629750.7694847261, 5220095.950996059], [629750.859628405, 5220096.179173696], [629750.9717033366, 5220096.397416969], [629751.1046301784, 5220096.603624077], [629751.2571287722, 5220096.795809132], [629751.4277304731, 5220096.972121287], [629751.6147922934, 5220097.130862561], [629753.836016671, 5220098.835609541], [629754.0377371034, 5220098.975251168], [629754.2521734695, 5220099.0944483215], [629754.4772606301, 5220099.192053069], [629754.7108308728, 5220099.267125423]]], [[[629654.3737544658, 5220090.461415125], [629654.2543360443, 5220090.675728347], [629654.1564990244, 5220090.900714645], [629654.0811856299, 5220091.134207278], [629654.0291211702, 5220091.373957582], [629654.0008070542, 5220091.617656633], [629653.9965159626, 5220091.862957475], [629654.0162892208, 5220092.1074977275], [629654.0599364016, 5220092.348922333], [629654.1270371587, 5220092.584906241], [629654.2169452752, 5220092.813176798], [629654.3287948867, 5220093.031535634], [629654.4615088204, 5220093.237879832], [629654.6138089686, 5220093.430222187], [629654.7842285974, 5220093.606710336], [629654.9711264729, 5220093.765644602], [629654.9926812447, 5220093.782222855], [629654.9613854896, 5220093.827436931], [629654.8422006381, 5220094.041880135], [629654.7446088039, 5220094.266972896], [629654.6695498497, 5220094.500547444], [629654.6177466343, 5220094.740354332], [629654.5896980508, 5220094.984084087], [629654.5856742226, 5220095.229389459], [629654.6057139011, 5220095.473908022], [629654.6496240936, 5220095.715284931], [629654.7169819205, 5220095.95119559], [629654.8071386896, 5220096.179368055], [629654.9192261415, 5220096.397604899], [629655.052164813, 5220096.60380438], [629655.204674432, 5220096.795980686], [629655.3752862476, 5220096.972283054], [629655.5623571746, 5220097.1310135955], [629657.7836793488, 5220098.835633143], [629657.9854077917, 5220098.975263197], [629658.1998509958, 5220099.094448048], [629658.4249437555, 5220099.192039883], [629658.6585183046, 5220099.267098837], [629658.8983251925, 5220099.318902052], [629659.1420549477, 5220099.346950636], [629659.3873603194, 5220099.350974464], [629659.6318788829, 5220099.330934785], [629659.8732557907, 5220099.287024593], [629660.1091664511, 5220099.219666766], [629660.3373389158, 5220099.129509998], [629660.5555757589, 5220099.017422545], [629660.7617752405, 5220098.884483874], [629660.9539515468, 5220098.731974254], [629661.0524413235, 5220098.6366634555], [629661.3120530635, 5220098.835759741], [629661.5138245187, 5220098.975327633], [629661.7283044349, 5220099.094446407], [629661.9534272532, 5220099.1919688815], [629662.1870249177, 5220099.266955866], [629662.4268477553, 5220099.318685191], [629662.6705861411, 5220099.346658677], [629662.9158927408, 5220099.350606923], [629663.1604051181, 5220099.330491906], [629663.4017684851, 5220099.286507345], [629663.6376583806, 5220099.219076834], [629663.8658030558, 5220099.128849766], [629664.0840053529, 5220099.016695078], [629664.2901638646, 5220098.88369288], [629664.4822931716, 5220098.7311240565], [629664.6585429636, 5220098.560457928], [629664.8172158591, 5220098.373338103], [629665.2431483829, 5220097.817943094], [629666.5827219951, 5220098.83728348], [629666.7850169742, 5220098.97609147], [629666.9999434099, 5220099.094402686], [629667.2254314432, 5220099.191077726], [629667.4593095009, 5220099.265185557], [629667.6993252096, 5220099.316012481], [629667.9431670868, 5220099.343069006], [629668.1884868018, 5220099.346094563], [629668.4329217918, 5220099.325060014], [629668.6741180142, 5220099.280167933], [629668.9097526174, 5220099.211850655], [629669.1375563114, 5220099.120766115], [629669.3553352223, 5220099.007791504], [629669.5609920198, 5220098.874014832], [629669.7525461168, 5220098.720724439], [629669.9281527426, 5220098.549396597], [629670.0861207093, 5220098.361681285], [629670.3230527416, 5220098.050315325], [629671.3576949898, 5220098.833326405], [629671.5603548001, 5220098.971601197], [629671.7755920474, 5220099.089346021], [629672.0013338797, 5220099.185426935], [629672.2354062797, 5220099.258918622], [629672.4755550021, 5220099.30911332], [629672.7194672836, 5220099.335527626], [629672.9647941154, 5220099.337907155], [629673.2091728662, 5220099.316228991], [629673.4502500349, 5220099.2707019085], [629673.6857039166, 5220099.201764355], [629673.9132669618, 5220099.11008024], [629674.130747614, 5220098.99653253], [629674.3360514153, 5220098.862214751], [629674.5272011783, 5220098.708420457], [629674.702356026, 5220098.536630772], [629674.8598291216, 5220098.348500124], [629675.8810015294, 5220096.999160195], [629676.045298606, 5220097.137835919], [629678.2710331847, 5220098.836690116], [629678.4731229936, 5220098.975796642], [629678.6878745087, 5220099.094425067], [629678.9132195555, 5220099.191432936], [629679.1469879382, 5220099.265886007], [629679.3869283394, 5220099.317067258], [629679.6307300017, 5220099.344483785], [629679.8760449821, 5220099.347871553], [629680.1205107631, 5220099.327197935], [629680.3617730056, 5220099.282662029], [629680.5975082223, 5220099.214692741], [629680.8254461543, 5220099.123944651], [629681.0433916346, 5220099.011291714], [629681.2492457292, 5220098.87781884], [629681.4410259504, 5220098.724811443], [629681.6168853501, 5220098.553743071], [629681.6176840056, 5220098.552796858], [629681.9926643445, 5220098.837626539], [629682.195078728, 5220098.976260351], [629682.410106921, 5220099.0943865245], [629682.6356780841, 5220099.19086744], [629682.8696198438, 5220099.264773933], [629683.109679213, 5220099.315394243], [629683.3535442888, 5220099.34224087], [629683.5988665173, 5220099.345055266], [629683.8432833111, 5220099.323810327], [629684.0844408032, 5220099.278710652], [629684.3200165147, 5220099.2101905765], [629684.5477417231, 5220099.118909987], [629684.76542331, 5220099.005747965], [629684.9709648828, 5220098.871794322], [629685.1623869635, 5220098.718339105], [629685.1850215653, 5220098.696217952], [629685.3681256514, 5220098.83627454], [629685.5700727631, 5220098.975588146], [629685.7847025655, 5220099.09443664], [629686.0099480563, 5220099.191675446], [629686.2436399981, 5220099.266368102], [629686.4835278101, 5220099.317795278], [629686.7273012411, 5220099.345461699], [629686.9726126201, 5220099.349100925], [629687.2170994641, 5220099.328677907], [629687.4584072315, 5220099.284389329], [629687.6942119963, 5220099.216661717], [629687.9222428297, 5220099.126147322], [629688.1403036703, 5220099.01371785], [629688.3462944729, 5220098.8804560555], [629688.5382314335, 5220098.727645324], [629688.6474015944, 5220098.6216669185], [629688.9273093424, 5220098.834725305], [629689.129584131, 5220098.973562716], [629689.3444933571, 5220099.09190519], [629689.5699673275, 5220099.188613025], [629689.8038346044, 5220099.262754871], [629690.0438429184, 5220099.313616701], [629690.2876808578, 5220099.340708691], [629690.5330001302, 5220099.343769927], [629690.7774381769, 5220099.322770929], [629691.0186409259, 5220099.277913928], [629691.2542854627, 5220099.209630922], [629691.4821024018, 5220099.118579515], [629691.6998977414, 5220099.005636579], [629691.9055739935, 5220098.871889819], [629692.0959454348, 5220098.719591255], [629692.2312454341, 5220098.824174411], [629692.4324833561, 5220098.964510491], [629692.6465076038, 5220099.084446048], [629692.8712570067, 5220099.182826038], [629693.104567105, 5220099.258703008], [629693.3441909951, 5220099.311346222], [629693.5878209678, 5220099.340248695], [629693.8331107334, 5220099.345132082], [629694.0776980174, 5220099.325949352], [629694.3192273104, 5220099.282885246], [629694.5553725534, 5220099.216354496], [629694.7838595385, 5220099.126997828], [629694.9615085956, 5220099.036541758], [629654.7371534947, 5220088.980452983], [629654.7791349665, 5220089.023937792], [629654.9660174852, 5220089.182890114], [629655.2021798956, 5220089.364564181], [629654.5136042243, 5220090.259838932], [629654.3737544658, 5220090.461415125]]], [[[629705.5230821952, 5220102.738064077], [629705.655419845, 5220102.944649804], [629705.8073691952, 5220103.1372694075], [629705.9774668902, 5220103.314067855], [629706.1640747968, 5220103.473342478], [629706.6160715901, 5220103.822296146], [629705.7186465176, 5220104.986537135], [629705.5785814553, 5220105.187963784], [629705.4589341084, 5220105.402149285], [629705.3608567466, 5220105.627030916], [629705.2852939084, 5220105.860442942], [629705.2329733053, 5220106.10013748], [629705.2043988133, 5220106.343806137], [629705.1998456203, 5220106.589102254], [629705.2193575761, 5220106.833663494], [629705.2627467699, 5220107.0751346], [629705.3295953401, 5220107.311190071], [629705.4192594982, 5220107.539556564], [629705.5308757296, 5220107.758034785], [629705.6633691089, 5220107.964520671], [629705.8154636525, 5220108.157025649], [629705.9856946066, 5220108.333695791], [629706.1724225541, 5220108.492829666], [629708.3900609517, 5220110.202238902], [629708.5914876006, 5220110.342303965], [629708.8056731019, 5220110.461951312], [629709.0305547323, 5220110.560028674], [629709.2639667589, 5220110.635591512], [629709.5036612959, 5220110.687912115], [629709.747329954, 5220110.716486607], [629709.9926260711, 5220110.7210398], [629710.2371873113, 5220110.701527844], [629710.4786584161, 5220110.6581386505], [629710.7147138868, 5220110.59129008], [629710.9430803803, 5220110.501625922], [629711.1615586024, 5220110.390009691], [629711.3680444881, 5220110.2575163115], [629711.5605494658, 5220110.105421768], [629711.7372196072, 5220109.935190814], [629711.8963534824, 5220109.748462866], [629716.083102338, 5220104.316940194], [629705.1949905759, 5220101.594912253], [629705.2122611128, 5220101.813458161], [629705.2554682234, 5220102.054961913], [629705.3221387869, 5220102.291067721], [629705.4116307297, 5220102.519501757], [629705.5230821952, 5220102.738064077]]]]}}, {"type": "Feature", "properties": {"vineyard_id": "V17", "area_m2": 3810.7}, "geometry": {"type": "MultiPolygon", "coordinates": [[[[630019.2034746469, 5219746.894742898], [630019.3246288269, 5219746.681406119], [630019.4242889554, 5219746.457221429], [630019.501495251, 5219746.224347848], [630019.5555041747, 5219745.985028077], [630019.5857955911, 5219745.741566896], [630019.5920777774, 5219745.496308969], [630019.5742902325, 5219745.251616265], [630019.5326042604, 5219745.009845306], [630019.4674213197, 5219744.773324481], [630019.3793691577, 5219744.544331613], [630019.2692957649, 5219744.325072031], [630019.1382612082, 5219744.1176573215], [630018.9875274221, 5219743.924085003], [630018.8185460555, 5219743.746219283], [630018.6329444911, 5219743.585773106], [630016.4274109144, 5219741.860774078], [630016.2269765965, 5219741.719292628], [630016.0136398175, 5219741.598138448], [630015.7894551272, 5219741.4984783195], [630015.5565815467, 5219741.421272024], [630015.3172617756, 5219741.3672631], [630015.0738005945, 5219741.336971683], [630014.8285426676, 5219741.330689497], [630014.5838499626, 5219741.348477042], [630014.3420790042, 5219741.390163014], [630014.1055581787, 5219741.455345955], [630013.9221424402, 5219741.525872834], [630013.2074475712, 5219740.967894668], [630013.0068902614, 5219740.826587618], [630012.7934481773, 5219740.705619056], [630012.5691768824, 5219740.6061539715], [630012.336236232, 5219740.529150271], [630012.096869572, 5219740.47534954], [630011.853382134, 5219740.44526991], [630011.6081188353, 5219740.4392010635], [630011.3634416955, 5219740.457201447], [630011.1217070891, 5219740.499097709], [630010.8852430526, 5219740.564486362], [630010.6563268639, 5219740.65273768], [630010.4371631112, 5219740.763001755], [630010.229862461, 5219740.894216681], [630010.0364213319, 5219741.045118789], [630009.858702668, 5219741.214254809], [630009.6984179969, 5219741.399995867], [630007.4692359972, 5219744.255277729], [630007.1168995694, 5219743.980310562], [630006.9163149217, 5219743.839042322], [630006.7028494349, 5219743.718115061], [630006.4785588984, 5219743.618693373], [630006.2456033528, 5219743.541734747], [630006.0062262871, 5219743.487980332], [630005.7627330335, 5219743.457947816], [630005.5174685651, 5219743.451926426], [630005.3212612927, 5219743.466399155], [630004.4288169013, 5219742.770221254], [630004.228203195, 5219742.628994282], [630004.0147128346, 5219742.5081109395], [630003.7904018491, 5219742.408735397], [630003.5574304758, 5219742.331824697], [630003.3180423565, 5219742.2781195305], [630003.0745429295, 5219742.248137108], [630002.8292772275, 5219742.242166176], [630002.5846072934, 5219742.260264239], [630002.3428894321, 5219742.302257002], [630002.106451519, 5219742.367740052], [630001.8775705802, 5219742.456082751], [630001.6584508646, 5219742.566434312], [630001.4512026147, 5219742.697731987], [630001.2578217443, 5219742.848711308], [630001.0801706171, 5219743.017918263], [630000.9199601103, 5219743.203723296], [629999.2448402174, 5219745.351093029], [630010.0032274821, 5219758.677451546], [630019.0619931961, 5219747.0951772155], [630019.2034746469, 5219746.894742898]]], [[[629973.8946505651, 5219791.894384939], [629974.1189411016, 5219791.993806627], [629974.3518966472, 5219792.070765253], [629974.5912737129, 5219792.124519668], [629974.8347669665, 5219792.154552184], [629975.0800314349, 5219792.160573574], [629975.3247050872, 5219792.142525846], [629975.5664315824, 5219792.100582812], [629975.8028829623, 5219792.0351484055], [629976.0317820705, 5219791.946852795], [629976.2509244839, 5219791.836546317], [629976.458199741, 5219791.7052912805], [629976.6516116678, 5219791.554351746], [629976.8292976018, 5219791.385181342], [629976.8532338191, 5219791.357432725], [629977.2050524289, 5219791.632105332], [629977.4056097387, 5219791.773412381], [629977.6190518228, 5219791.894380944], [629977.8433231177, 5219791.993846028], [629978.0762637681, 5219792.070849729], [629978.3156304281, 5219792.12465046], [629978.5591178661, 5219792.15473009], [629978.8043811648, 5219792.160798936], [629979.0490583046, 5219792.142798552], [629979.290792911, 5219792.100902291], [629979.5272569475, 5219792.035513638], [629979.7561731362, 5219791.94726232], [629979.9753368889, 5219791.836998245], [629980.1826375391, 5219791.705783319], [629980.3760786682, 5219791.55488121], [629980.5537973321, 5219791.385745191], [629980.6290654804, 5219791.298522967], [629981.0550890856, 5219791.631725921], [629981.2555234035, 5219791.773207372], [629981.4688601826, 5219791.894361552], [629981.6930448728, 5219791.99402168], [629981.9259184534, 5219792.071227976], [629982.1652382244, 5219792.1252369], [629982.4086994055, 5219792.155528316], [629982.6539573325, 5219792.161810502], [629982.8986500375, 5219792.144022957], [629983.1404209959, 5219792.102336986], [629983.3769418213, 5219792.037154045], [629983.6059346888, 5219791.949101883], [629983.825194272, 5219791.83902849], [629984.0326089811, 5219791.707993933], [629984.2261812992, 5219791.557260147], [629984.404047019, 5219791.3882787805], [629984.5644931962, 5219791.202677215], [630008.1059678784, 5219761.103232486], [629998.9542518029, 5219749.767049239], [629999.1101164455, 5219750.104996334], [629999.2387872048, 5219750.475850189], [629999.3304883449, 5219750.857530222], [629999.3843367336, 5219751.246360645], [629999.3998137815, 5219751.638596808], [629999.3767704362, 5219752.030461262], [629999.3154286175, 5219752.418180139], [629999.216379081, 5219752.798019495], [629999.0805757277, 5219753.166321267], [629998.9093264181, 5219753.51953851], [629998.7042803767, 5219753.854269547], [629998.4674123089, 5219754.167290736], [629983.0691095757, 5219772.565262833], [629968.2223838492, 5219790.351934248], [629969.8636830988, 5219791.632278746], [629970.0642968051, 5219791.7735057175], [629970.2777871655, 5219791.89438906], [629970.502098151, 5219791.993764603], [629970.7350695243, 5219792.070675303], [629970.9744576436, 5219792.124380469], [629971.2179570706, 5219792.154362892], [629971.4632227726, 5219792.160333823], [629971.7078927067, 5219792.142235761], [629971.949610568, 5219792.1002429975], [629972.1860484811, 5219792.034759948], [629972.4149294199, 5219791.946417249], [629972.6340491355, 5219791.836065688], [629972.8412973854, 5219791.704768013], [629973.0346782558, 5219791.553788692], [629973.1902585524, 5219791.40560349], [629973.4806004306, 5219791.632189438], [629973.6811850783, 5219791.773457678], [629973.8946505651, 5219791.894384939]]], [[[629889.9436274262, 5219894.286908537], [629890.1680455523, 5219894.386041888], [629890.4010998113, 5219894.462701062], [629890.6405457634, 5219894.516147789], [629890.8840774131, 5219894.545867347], [629891.1293494176, 5219894.551573522], [629891.3739996733, 5219894.53321136], [629891.6156720645, 5219894.490957699], [629891.8520391539, 5219894.425219463], [629892.0808245974, 5219894.336629749], [629892.299825066, 5219894.226041723], [629892.5069314655, 5219894.0945204105], [629892.700149248, 5219893.943332431], [629892.8567021731, 5219893.7938982], [629893.1630825193, 5219894.032569027], [629893.3637908872, 5219894.173661435], [629893.5773622637, 5219894.294401584], [629893.80173984, 5219894.3936266815], [629894.034762737, 5219894.470381134], [629894.2741868171, 5219894.523925755], [629894.5177062955, 5219894.5537448805], [629894.7629759464, 5219894.559551336], [629895.0076336891, 5219894.541289202], [629895.2493233356, 5219894.499134352], [629895.4857172827, 5219894.433492762], [629895.7145389274, 5219894.344996596], [629895.9335845921, 5219894.234498119], [629896.1407447474, 5219894.103061493], [629896.3340243277, 5219893.951952524], [629896.511561945, 5219893.782626474], [629896.5629303079, 5219893.722970884], [629896.9386151591, 5219894.022509656], [629897.1377170318, 5219894.165860139], [629897.349910979, 5219894.289004954], [629897.573153457, 5219894.390758148], [629897.8052945187, 5219894.470139784], [629898.0440985186, 5219894.5263853725], [629898.2872656437, 5219894.558953239], [629898.5324540617, 5219894.567529734], [629898.7773024741, 5219894.552032265], [629899.0194528569, 5219894.512610079], [629899.2565731694, 5219894.449642833], [629899.4863798134, 5219894.363736937], [629899.7066596253, 5219894.255719711], [629899.9152911901, 5219894.126631421], [629900.110265272, 5219893.977715257], [629900.2897041636, 5219893.8104053615], [629900.385197618, 5219893.702006733], [629900.7932775064, 5219894.027454239], [629900.992362259, 5219894.170828498], [629901.2045414989, 5219894.293998651], [629901.4277718242, 5219894.395778504], [629901.6599034045, 5219894.475187861], [629901.8987006859, 5219894.531461967], [629902.1418639203, 5219894.564058871], [629902.3870513123, 5219894.572664647], [629902.6319015736, 5219894.557196418], [629902.8740566624, 5219894.517803148], [629903.1111844926, 5219894.45486422], [629903.3410013937, 5219894.3689857675], [629903.5612941034, 5219894.260994848], [629903.7699410822, 5219894.131931473], [629903.9649329459, 5219893.983038593], [629904.1443918161, 5219893.815750128], [629904.2780181129, 5219893.664101824], [629904.757949387, 5219894.031249248], [629904.9598878403, 5219894.170575405], [629905.1745102562, 5219894.289437236], [629905.3997497034, 5219894.386690041], [629905.6334370028, 5219894.46139722], [629905.8733216182, 5219894.512839303], [629906.1170933293, 5219894.540520875], [629906.3624044816, 5219894.544175346], [629906.6068925945, 5219894.523767522], [629906.8482031137, 5219894.479493942], [629907.084012087, 5219894.411780984], [629907.3120485452, 5219894.321280761], [629907.5301163725, 5219894.20886484], [629907.7361154564, 5219894.0756158475], [629907.9280619133, 5219893.922817044], [629908.1041071939, 5219893.751939966], [629908.2625558858, 5219893.564630253], [629912.8880284753, 5219887.518260855], [629913.1705365194, 5219887.737942131], [629913.3713670394, 5219887.878860614], [629913.5850429323, 5219887.999415703], [629913.8095063826, 5219888.098446386], [629914.0425956842, 5219888.174998944], [629914.28206606, 5219888.228336133], [629914.5256112792, 5219888.257944288], [629914.7708858682, 5219888.263538265], [629915.0155276988, 5219888.2450641915], [629915.2571807362, 5219888.202699984], [629915.4935177298, 5219888.136853632], [629915.7222626249, 5219888.0481592715], [629915.9412124833, 5219887.937471078], [629916.148258698, 5219887.8058550395], [629916.3414073011, 5219887.65457869], [629916.5187981656, 5219887.485098905], [629916.6787229205, 5219887.299047865], [629950.8855603739, 5219843.309378299], [629950.9759317028, 5219843.29328783], [629951.2120930126, 5219843.226814134], [629951.4406015796, 5219843.13751267], [629951.6592567414, 5219843.026243461], [629951.865952729, 5219842.894078091], [629952.0586989473, 5219842.742289382], [629952.2356391448, 5219842.5723391455], [629952.3950692908, 5219842.385864093], [629952.4126145458, 5219842.363176997], [629953.0188039476, 5219842.833435534], [629953.2197968508, 5219842.974122312], [629953.433611634, 5219843.094430895], [629953.6581891439, 5219843.193202645], [629953.8913665761, 5219843.269486337], [629954.1308983047, 5219843.3225473175], [629954.3744775081, 5219843.351874579], [629954.6197583853, 5219843.357185685], [629954.8643787476, 5219843.338429487], [629955.1059827671, 5219843.295786616], [629955.3422436649, 5219843.229667748], [629955.5708861196, 5219843.140709642], [629955.7897081792, 5219843.029769015], [629955.9966024677, 5219842.897914284], [629956.18957648, 5219842.7464152835], [629956.3667717709, 5219842.576731032], [629956.5264818529, 5219842.390495679], [629959.2315871728, 5219838.903464505], [629959.2212756617, 5219839.097888431], [629959.2323582857, 5219839.342976358], [629959.2674103616, 5219839.585797832], [629959.3260943188, 5219839.824014351], [629959.4078449985, 5219840.055331758], [629959.5118750972, 5219840.277522341], [629959.6371827481, 5219840.488446283], [629959.6385317505, 5219840.490280104], [629921.8991478008, 5219888.79906138], [629921.7577797835, 5219888.99957572], [629921.6367463341, 5219889.212981016], [629921.5372130708, 5219889.437222062], [629921.4601385533, 5219889.670139289], [629921.4062650513, 5219889.909489582], [629921.3761113962, 5219890.152967864], [629921.369967984, 5219890.398229307], [629921.3878939793, 5219890.642911907], [629921.4297167449, 5219890.88465924], [629921.4950335048, 5219891.1211431455], [629921.5832152226, 5219891.350086154], [629921.6934126604, 5219891.56928342], [629921.8245645566, 5219891.776623953], [629921.9754078467, 5219891.970110951], [629922.1444898274, 5219892.147881029], [629922.3301821467, 5219892.308222163], [629924.5366914182, 5219894.031972966], [629924.7372057576, 5219894.173340983], [629924.9506110544, 5219894.294374432], [629925.174852099, 5219894.393907696], [629925.4077693276, 5219894.4709822135], [629925.6471196198, 5219894.524855715], [629925.8905979015, 5219894.555009371], [629926.1358593438, 5219894.561152782], [629926.3805419449, 5219894.543226787], [629926.6222892775, 5219894.501404022], [629926.8587731828, 5219894.436087262], [629927.0877161915, 5219894.347905544], [629927.3069134572, 5219894.237708106], [629927.5142539905, 5219894.10655621], [629927.7077409886, 5219893.95571292], [629927.885511066, 5219893.78663094], [629928.0458521995, 5219893.60093862], [629967.8583521995, 5219842.63843862], [629967.9997202168, 5219842.43792428], [629968.1207536662, 5219842.224518984], [629968.2202869295, 5219842.000277938], [629968.297361447, 5219841.767360711], [629968.351234949, 5219841.528010418], [629968.3813886041, 5219841.284532136], [629968.3875320163, 5219841.039270693], [629968.369606021, 5219840.794588093], [629968.3277832554, 5219840.55284076], [629968.2624664956, 5219840.3163568545], [629968.1742847777, 5219840.087413846], [629968.0640873399, 5219839.86821658], [629968.0044015779, 5219839.77385822], [629968.0539345838, 5219839.691943426], [629968.1596942311, 5219839.470570858], [629968.2432463109, 5219839.239898002], [629968.3037861708, 5219839.002146362], [629968.3407307789, 5219838.759605618], [629968.3537243385, 5219838.514611569], [629968.3426417145, 5219838.269523643], [629968.3075896386, 5219838.0267021675], [629968.2489056815, 5219837.788485649], [629968.1671550018, 5219837.557168242], [629968.0631249031, 5219837.334977658], [629967.9378172522, 5219837.124053717], [629967.7924388304, 5219836.926427729], [629967.6283897111, 5219836.744002942], [629967.4472497773, 5219836.578536205], [629965.2897630912, 5219834.793808999], [629965.0932768193, 5219834.646893848], [629964.8833364795, 5219834.519945156], [629964.6619639121, 5219834.414185509], [629964.431291056, 5219834.330633429], [629964.1935394167, 5219834.270093569], [629963.9509986726, 5219834.23314896], [629963.7060046237, 5219834.220155401], [629963.4609166966, 5219834.231238025], [629963.2180952218, 5219834.266290101], [629962.9798787031, 5219834.324974058], [629962.7485612958, 5219834.406724738], [629962.7036867391, 5219834.4277351], [629967.8564818529, 5219827.785495679], [629967.9971686305, 5219827.584502775], [629968.1174772131, 5219827.370687992], [629968.2162489635, 5219827.1461104825], [629968.2925326556, 5219826.912933051], [629968.3455936358, 5219826.673401322], [629968.3749208979, 5219826.429822119], [629968.3802320041, 5219826.184541241], [629968.3614758059, 5219825.939920879], [629968.3188329354, 5219825.69831686], [629968.2527140669, 5219825.462055962], [629968.1637559613, 5219825.233413507], [629968.0528153338, 5219825.014591448], [629967.9209606032, 5219824.807697159], [629967.7694616027, 5219824.614723147], [629967.5997773504, 5219824.437527856], [629967.4135419982, 5219824.277817775], [629966.7794789975, 5219823.785935967], [629967.8525692908, 5219822.398364093], [629967.9929539855, 5219822.197160082], [629968.1129412478, 5219821.983164817], [629968.2113755345, 5219821.758439189], [629968.2873088701, 5219821.52514743], [629968.3400099747, 5219821.285536265], [629968.3689713078, 5219821.041913282], [629968.3739139561, 5219820.796624703], [629968.3547903192, 5219820.552032792], [629968.3117845682, 5219820.310493101], [629968.2453108719, 5219820.074331791], [629968.1560094083, 5219819.845823225], [629968.0447401993, 5219819.627168063], [629967.9125748285, 5219819.420472075], [629967.7607861203, 5219819.227725857], [629967.590835883, 5219819.050785659], [629967.4043608303, 5219818.891355514], [629966.9313299715, 5219818.52553315], [629967.8323938469, 5219817.39252792], [629967.9754972021, 5219817.193248352], [629968.0983786623, 5219816.980901788], [629968.1998548114, 5219816.757533241], [629968.2789483791, 5219816.525293873], [629968.3348976509, 5219816.286420275], [629968.3671638046, 5219816.043212932], [629968.3754360997, 5219815.7980140615], [629968.3596348695, 5219815.553185065], [629968.3199122883, 5219815.311083778], [629968.2566509064, 5219815.074041769], [629968.1704599655, 5219814.844341882], [629968.0621695315, 5219814.624196251], [629967.9328225002, 5219814.415725001], [629967.7836645546, 5219814.220935823], [629967.616132167, 5219814.0417046435], [629967.431838766, 5219813.879757557], [629966.9947236049, 5219813.532125727], [629967.856430081, 5219812.423781435], [629967.997331184, 5219812.222938721], [629968.1178677814, 5219812.009252396], [629968.2168790397, 5219811.7847803775], [629968.2934114262, 5219811.551684452], [629968.3467278924, 5219811.312209461], [629968.3763149715, 5219811.06866168], [629968.3818877237, 5219810.823386609], [629968.3633924804, 5219810.5787463775], [629968.3210073609, 5219810.337097007], [629968.2551405572, 5219810.100765713], [629968.1664264024, 5219809.872028493], [629968.0557192623, 5219809.653088215], [629967.9240853074, 5219809.44605339], [629967.7727922444, 5219809.252917878], [629967.6032971084, 5219809.075541681], [629967.4172322304, 5219808.9156330265], [629967.1006627037, 5219808.669509134], [629967.8553989537, 5219807.707902824], [629967.9972213749, 5219807.507709623], [629968.1187385173, 5219807.29457938], [629968.2187801045, 5219807.070564654], [629968.2963826812, 5219806.837822829], [629968.3507988924, 5219806.598595339], [629968.38150468, 5219806.355186071], [629968.3882043306, 5219806.109939193], [629968.3708333229, 5219805.865216565], [629968.329558949, 5219805.623375], [629968.264778704, 5219805.386743564], [629968.1771164569, 5219805.157601148], [629968.067416443, 5219804.938154518], [629967.9367351336, 5219804.730517064], [629967.786331061, 5219804.53668845], [629967.6176526988, 5219804.358535351], [629967.4323245113, 5219804.197773479], [629967.0399296187, 5219803.889794376], [629967.8432803561, 5219802.868099677], [629967.9852787642, 5219802.668031267], [629968.1069832777, 5219802.455007964], [629968.2072218156, 5219802.231081297], [629968.285029026, 5219801.998407803], [629968.339655583, 5219801.759228256], [629968.3705754029, 5219801.515846084], [629968.3774907109, 5219801.2706051925], [629968.3603349089, 5219801.025867383], [629968.3192732168, 5219800.783989617], [629968.2547010807, 5219800.547301307], [629968.167240366, 5219800.318081892], [629968.057733367, 5219800.098538881], [629967.927234696, 5219799.890786593], [629967.7770011264, 5219799.696825794], [629967.6084794898, 5219799.518524435], [629967.4232927416, 5219799.357599655], [629967.2203350427, 5219799.198015567], [629967.8383047056, 5219798.413744867], [629967.9805083721, 5219798.213822297], [629968.1024314506, 5219798.000924013], [629968.2028997551, 5219797.77710034], [629968.280945721, 5219797.544506824], [629968.335817723, 5219797.305383467], [629968.3669873135, 5219797.062033157], [629968.3741543124, 5219796.816799492], [629968.3572496978, 5219796.572044204], [629968.3164362701, 5219796.330124423], [629968.2521070851, 5219796.093369966], [629968.1648816679, 5219795.86406091], [629968.055600047, 5219795.644405626], [629967.9253146641, 5219795.436519514], [629967.7752802388, 5219795.242404631], [629967.6069416845, 5219795.063930409], [629967.4219201935, 5219794.902815654], [629967.0455250259, 5219794.6062333705], [629967.8335515881, 5219793.605931513], [629967.9757348041, 5219793.4059943985], [629968.0976361049, 5219793.193083644], [629968.1980815143, 5219792.969249696], [629968.2761036882, 5219792.736648197], [629968.3309512301, 5219792.497519229], [629968.3620959286, 5219792.254165731], [629968.369237843, 5219792.008931334], [629968.3523081926, 5219791.764177778], [629968.3114700195, 5219791.522262172], [629968.2471166175, 5219791.285514297], [629968.1598677451, 5219791.056214164], [629968.0505636565, 5219790.83657006], [629967.9507555495, 5219790.677350329], [629882.9408646901, 5219892.520882944], [629884.8592495939, 5219894.030425158], [629885.0592662814, 5219894.172496413], [629885.2722452519, 5219894.294278491], [629885.4961354017, 5219894.394598567], [629885.728780546, 5219894.472490501], [629885.967940185, 5219894.527204152], [629886.2113110807, 5219894.558212599], [629886.4565494382, 5219894.565217212], [629886.7012934781, 5219894.548150534], [629886.9431861816, 5219894.5071769245], [629887.1798979896, 5219894.442690984], [629887.4091492381, 5219894.355313746], [629887.6287321122, 5219894.245886702], [629887.8365319088, 5219894.115463694], [629888.0305474022, 5219893.965300766], [629888.2089101173, 5219893.79684407], [629888.3699023236, 5219893.611715935], [629888.60845376, 5219893.3085555], [629889.5292406647, 5219894.0252453815], [629889.7300067022, 5219894.166255717], [629889.9436274262, 5219894.286908537]]]]}}, {"type": "Feature", "properties": {"vineyard_id": "V18", "area_m2": 935.4}, "geometry": {"type": "MultiPolygon", "coordinates": [[[[630003.0886975206, 5219739.635474542], [630003.189303763, 5219739.4117128365], [630003.2674930763, 5219739.17916747], [630003.3225124549, 5219738.940077979], [630003.353832032, 5219738.696746927], [630003.3611501828, 5219738.451517725], [630003.3443964297, 5219738.206752066], [630003.3037321205, 5219737.964807174], [630003.2395488747, 5219737.728013112], [630003.152464812, 5219737.498650338], [630003.0433185995, 5219737.278927738], [630002.913161375, 5219737.070961362], [630002.7632466236, 5219736.87675404], [630002.5950181064, 5219736.698176094], [630002.410095956, 5219736.536947329], [630000.211868813, 5219734.802647058], [630000.0120339307, 5219734.6603201935], [629999.7992108357, 5219734.538265915], [629999.5754491308, 5219734.437659672], [629999.3429037635, 5219734.359470359], [629999.1038142728, 5219734.30445098], [629998.8604832211, 5219734.273131404], [629998.6152540196, 5219734.265813253], [629998.3704883596, 5219734.282567006], [629998.128543468, 5219734.323231315], [629997.8917494065, 5219734.387414561], [629997.6623866314, 5219734.474498624], [629997.4426640315, 5219734.583644836], [629997.2346976555, 5219734.71380206], [629997.0404903336, 5219734.863716812], [629996.8619123881, 5219735.031945329], [629996.7006836224, 5219735.2168674795], [629993.9144718577, 5219738.748393382], [629998.9392091471, 5219744.9725094065], [630002.8243163778, 5219740.048132519], [630002.9666432423, 5219739.848297637], [630003.0886975206, 5219739.635474542]]], [[[629961.3731962371, 5219780.168287163], [629961.2950069238, 5219780.400832529], [629961.2399875452, 5219780.63992202], [629961.2086679682, 5219780.883253072], [629961.2013498173, 5219781.128482274], [629961.2181035704, 5219781.373247934], [629961.2587678796, 5219781.615192825], [629961.3229511254, 5219781.851986887], [629961.4100351881, 5219782.081349662], [629961.5191814007, 5219782.301072261], [629961.6493386251, 5219782.509038637], [629961.7992533766, 5219782.703245959], [629961.9674818937, 5219782.881823905], [629962.1524040442, 5219783.043052671], [629963.207578369, 5219783.8755367575], [629976.929196104, 5219767.436766996], [629976.9325876911, 5219767.432709264], [629992.3325876911, 5219749.032709263], [629992.5989966162, 5219748.744412486], [629992.892380735, 5219748.483616579], [629993.2099145983, 5219748.2528331475], [629993.548540181, 5219748.0542847635], [629993.9049963341, 5219747.889883555], [629994.2758501896, 5219747.761212795], [629994.6575302223, 5219747.669511654], [629995.046360645, 5219747.615663266], [629995.4385968078, 5219747.6001862185], [629995.8304612624, 5219747.623229563], [629996.2181801397, 5219747.684571382], [629996.5980194949, 5219747.783620918], [629996.6935736192, 5219747.818854446], [629997.0335692336, 5219747.3879097], [629992.0088319442, 5219741.163793676], [629961.7381836224, 5219779.53186748], [629961.5958567578, 5219779.731702362], [629961.4738024796, 5219779.944525457], [629961.3731962371, 5219780.168287163]]], [[[629910.1760283199, 5219830.585343092], [629910.0974695141, 5219830.817763897], [629910.0420702132, 5219831.056765641], [629910.0103639426, 5219831.300046609], [629910.0026560511, 5219831.54526387], [629910.0190207699, 5219831.790055848], [629910.0593004976, 5219832.032065063], [629910.1231073188, 5219832.268960834], [629910.2098267386, 5219832.498461724], [629910.3186236017, 5219832.7183575155], [629910.4484501348, 5219832.926530492], [629910.5980560376, 5219833.1209758315], [629910.7660005232, 5219833.299820922], [629910.9506661947, 5219833.461343386], [629913.1461341874, 5219835.199135172], [629913.345742613, 5219835.341779461], [629913.5583714547, 5219835.464171831], [629913.7819729806, 5219835.565133577], [629914.0143937857, 5219835.643692383], [629914.2533955306, 5219835.699091684], [629914.4966764979, 5219835.730797954], [629914.7418937586, 5219835.738505846], [629914.9866857368, 5219835.722141127], [629915.1606638357, 5219835.693184418], [629913.6685171596, 5219837.583944782], [629913.5261627068, 5219837.783760012], [629913.4040790468, 5219837.996566254], [629913.3034419123, 5219838.220314067], [629913.2252204939, 5219838.4528486375], [629913.1701681066, 5219838.69193053], [629913.1388149349, 5219838.935257255], [629913.1314629272, 5219839.180485444], [629913.1481828872, 5219839.425253415], [629913.1888137925, 5219839.667203918], [629913.2529643455, 5219839.904006839], [629913.340016741, 5219840.133381635], [629913.4491326171, 5219840.353119302], [629913.5792611281, 5219840.561103645], [629913.7291490653, 5219840.7553316625], [629913.8973529261, 5219840.933932832], [629914.0822528152, 5219841.095187128], [629914.904245642, 5219841.743885866], [629961.8879615882, 5219785.456463792], [629961.8829689969, 5219785.455836317], [629961.6377190618, 5219785.449249515], [629961.3930044528, 5219785.466733129], [629961.1511819053, 5219785.50811878], [629960.9145803027, 5219785.573007903], [629960.6854782477, 5219785.660775579], [629960.4660821182, 5219785.770576558], [629960.2585048191, 5219785.9013533965], [629960.0647454333, 5219786.051846642], [629959.8866699693, 5219786.220606962], [629959.7259933912, 5219786.406009103], [629959.1130256035, 5219787.187729157], [629957.5797595046, 5219785.977709127], [629957.3799442743, 5219785.835354674], [629957.1671380324, 5219785.713271013], [629956.9433902196, 5219785.612633879], [629956.7108556496, 5219785.534412461], [629956.4717737571, 5219785.479360074], [629956.2284470319, 5219785.448006902], [629955.9832188432, 5219785.440654894], [629955.7384508725, 5219785.457374854], [629955.496500369, 5219785.49800576], [629955.2596974486, 5219785.562156313], [629955.0303226527, 5219785.649208708], [629954.8105849859, 5219785.758324584], [629954.6026006421, 5219785.888453095], [629954.4083726244, 5219786.038341032], [629954.2297714547, 5219786.206544893], [629954.0685171597, 5219786.391444782], [629941.7815494519, 5219801.960766424], [629941.7759792303, 5219801.877444153], [629941.7356995025, 5219801.635434938], [629941.6718926814, 5219801.398539167], [629941.5851732616, 5219801.169038276], [629941.4763763985, 5219800.949142485], [629941.3465498653, 5219800.740969509], [629941.1969439626, 5219800.546524169], [629941.0289994769, 5219800.367679078], [629940.8443338055, 5219800.206156614], [629938.6488658128, 5219798.468364828], [629938.4492573872, 5219798.325720539], [629938.2366285454, 5219798.20332817], [629938.0130270196, 5219798.102366423], [629937.7806062144, 5219798.023807618], [629937.5416044695, 5219797.968408316], [629937.2983235023, 5219797.936702047], [629937.0531062415, 5219797.928994155], [629936.8083142634, 5219797.945358873], [629936.5663050483, 5219797.985638602], [629936.3294092776, 5219798.049445422], [629936.0999083869, 5219798.136164842], [629935.8800125953, 5219798.244961705], [629935.6718396194, 5219798.374788239], [629935.4773942789, 5219798.5243941415], [629935.2985491885, 5219798.692338627], [629935.1370267245, 5219798.877004298], [629910.5420267245, 5219829.949504298], [629910.3993824361, 5219830.149112724], [629910.276990066, 5219830.361741565], [629910.1760283199, 5219830.585343092]]], [[[629924.5379196975, 5219843.239492097], [629924.7670217524, 5219843.151724421], [629924.9864178819, 5219843.041923442], [629925.193995181, 5219842.9111466035], [629925.3877545669, 5219842.760653358], [629925.5658300308, 5219842.591893038], [629925.7265066089, 5219842.406490897], [629940.5246091214, 5219823.534416842], [629923.9833195861, 5219843.351209256], [629924.0594955473, 5219843.345766871], [629924.3013180948, 5219843.30438122], [629924.5379196975, 5219843.239492097]]]]}}, {"type": "Feature", "properties": {"vineyard_id": "V19", "area_m2": 1321.4}, "geometry": {"type": "MultiPolygon", "coordinates": [[[[630005.2106232004, 5219745.584737989], [630005.3101711861, 5219745.36050348], [630005.3872609957, 5219745.127591313], [630005.4411502122, 5219744.888244558], [630005.4713198529, 5219744.644768257], [630005.4774793677, 5219744.399507218], [630005.4595694372, 5219744.15482344], [630005.4177625438, 5219743.913073362], [630005.3524613106, 5219743.676585169], [630005.2642946242, 5219743.4476363715], [630005.1541115781, 5219743.228431871], [630005.0229732952, 5219743.021082727], [630004.872142709, 5219742.827585826], [630004.7030724002, 5219742.649804648], [630004.5173906084, 5219742.489451323], [630003.5743014833, 5219741.752599375], [630003.5097292368, 5219741.516204379], [630003.4221962164, 5219741.287012567], [630003.3126199654, 5219741.067504112], [630003.182055763, 5219740.859793], [630003.0317610138, 5219740.665879604], [630002.8631831383, 5219740.487631417], [630002.6779456335, 5219740.326765064], [630000.4763267009, 5219738.596772557], [630000.2762135059, 5219738.45483727], [630000.0631518194, 5219738.333199963], [629999.8391935423, 5219738.233032071], [629999.6064955151, 5219738.155298264], [629999.3672987471, 5219738.100747162], [629999.1239068338, 5219738.069904121], [629998.8786637725, 5219738.063066177], [629998.6339313879, 5219738.080299184], [629998.3920665866, 5219738.121437177], [629998.155398659, 5219738.186083976], [629997.9262068464, 5219738.273616997], [629997.7066983915, 5219738.383193248], [629997.4989872804, 5219738.5137574505], [629997.3050738849, 5219738.6640522], [629997.126825697, 5219738.832630075], [629996.9659593438, 5219739.017867579], [629995.5681294714, 5219740.796770493], [630002.4002679886, 5219749.259705046], [630004.9481945583, 5219745.998640397], [630005.0895757402, 5219745.798135339], [630005.2106232004, 5219745.584737989]]], [[[630015.5346255945, 5219765.543902972], [630015.6163346997, 5219765.689145514], [630021.8424690269, 5219778.355483719], [630021.8482411712, 5219778.367358189], [630028.038363231, 5219791.245533384], [630028.2045959622, 5219791.133191828], [630028.3934243398, 5219790.976556071], [630028.5659904683, 5219790.80216614], [630028.7206324412, 5219790.611701506], [630028.8558609722, 5219790.406996448], [630028.9703737363, 5219790.190022386], [630029.0630679132, 5219789.9628689], [630029.1330508072, 5219789.727723602], [630040.4355508072, 5219743.577723602], [630040.4821484446, 5219743.33685107], [630040.504912065, 5219743.092571037], [630040.5036224421, 5219742.847236055], [630040.4782919957, 5219742.603208832], [630040.4291646719, 5219742.362839486], [630040.3567135936, 5219742.128442904], [630040.2616365042, 5219741.902276453], [630040.1448490482, 5219741.686518239], [630040.0074759527, 5219741.483246133], [630039.8508401957, 5219741.294417755], [630039.6764502649, 5219741.121851626], [630039.4859856309, 5219740.967209653], [630039.2812805722, 5219740.8319811225], [630039.0643065104, 5219740.717468359], [630038.8371530244, 5219740.624774181], [630038.6020077263, 5219740.5547912875], [630038.3905160729, 5219740.502995309], [630038.8619977388, 5219738.541456608], [630038.9075611136, 5219738.300386296], [630038.9292760657, 5219738.056010812], [630038.9269334682, 5219737.810683624], [630038.9005558816, 5219737.5667673685], [630038.8503973364, 5219737.326611092], [630038.776940887, 5219737.092527632], [630038.680893959, 5219736.866771338], [630038.5631815369, 5219736.651516368], [630038.4249372556, 5219736.448835744], [630038.2674924831, 5219736.260681392], [630038.0923634989, 5219736.088865341], [630037.9012368905, 5219735.935042272], [630037.6959533116, 5219735.800693588], [630037.4784897557, 5219735.68711314], [630037.2509405152, 5219735.595394768], [630037.015497014, 5219735.52642177], [630034.293037099, 5219734.872042667], [630034.0519667867, 5219734.8264792925], [630033.8075913021, 5219734.80476434], [630033.5622641149, 5219734.807106937], [630033.3183478597, 5219734.833484524], [630033.0781915836, 5219734.883643069], [630032.8441081228, 5219734.957099519], [630032.6183518289, 5219735.053146447], [630032.4330167056, 5219735.154497166], [630031.258727741, 5219734.865170449], [630031.0179203368, 5219734.818237403], [630030.7736722432, 5219734.795133607], [630030.528335703, 5219734.7960815625], [630030.284273441, 5219734.821072139], [630030.0438359102, 5219734.869864663], [630029.8093386557, 5219734.941989237], [630029.583040014, 5219735.036751263], [630029.3743976786, 5219735.149311557], [630028.189352546, 5219734.85818792], [630027.948513334, 5219734.811418373], [630027.7042496115, 5219734.788480405], [630027.4589137713, 5219734.78959492], [630027.214868532, 5219734.814751186], [630026.9744641825, 5219734.863706935], [630026.7400159481, 5219734.935990695], [630026.5137816935, 5219735.0309063345], [630026.3062489337, 5219735.1430499945], [630025.1463389662, 5219734.858329885], [630024.905491061, 5219734.811605125], [630024.661223077, 5219734.788712581], [630024.4158874484, 5219734.78987272], [630024.1718468914, 5219734.815074368], [630023.93145165, 5219734.8640748225], [630023.6970168616, 5219734.93640218], [630023.4708002617, 5219735.031359889], [630023.2549804396, 5219735.148033455], [630023.2370304927, 5219735.160150393], [630021.9783469441, 5219734.856252631], [630021.7373231708, 5219734.81044371], [630021.4929699334, 5219734.788479831], [630021.247640487, 5219734.790572521], [630021.0036974886, 5219734.816701625], [630020.7634902422, 5219734.866615504], [630020.5293320752, 5219734.939833462], [630020.3034780585, 5219735.03565037], [630020.2889781907, 5219735.043560462], [630019.556872417, 5219734.852440443], [630019.3167347504, 5219734.802192879], [630019.0728282898, 5219734.775724879], [630018.8275019877, 5219734.773291343], [630018.5831184706, 5219734.794915708], [630018.3420312854, 5219734.840389718], [630018.1065622334, 5219734.909275437], [630017.8789790103, 5219735.000909454], [630017.6614733668, 5219735.114409285], [630017.4561400014, 5219735.248681865], [630017.2649563866, 5219735.402434074], [630017.0897637251, 5219735.574185196], [630016.9322492179, 5219735.762281173], [630016.7939298159, 5219735.964910539], [630016.6761376105, 5219736.18012186], [630016.5800070051, 5219736.405842535], [630016.5064637898, 5219736.639898751], [630012.2264637898, 5219753.0348987505], [630012.1762162263, 5219753.275036417], [630012.1497482259, 5219753.518942878], [630012.1473146899, 5219753.76426918], [630012.1689390547, 5219754.008652697], [630012.2144130657, 5219754.249739883], [630012.2832987835, 5219754.485208935], [630012.3749328007, 5219754.712792158], [630012.4884326318, 5219754.930297801], [630012.6227052115, 5219755.135631166], [630012.7764574212, 5219755.326814782], [630012.9482085434, 5219755.502007443], [630013.1363045205, 5219755.65952195], [630013.3389338857, 5219755.797841352], [630013.5541452074, 5219755.915633558], [630013.7798658828, 5219756.011764163], [630014.0139220986, 5219756.085307378], [630014.2651159103, 5219756.150882829], [630012.8143666671, 5219762.159595078], [630015.4373093569, 5219765.408620587], [630015.5346255945, 5219765.543902972]]], [[[629961.4698867503, 5219784.26854246], [629961.3697188577, 5219784.492500737], [629961.2919850508, 5219784.725198764], [629961.2374339486, 5219784.964395532], [629961.206590908, 5219785.207787446], [629961.1997529644, 5219785.453030507], [629961.2169859711, 5219785.697762892], [629961.2581239644, 5219785.939627693], [629961.3139783371, 5219786.144107093], [629976.929196104, 5219767.436766996], [629976.9325876911, 5219767.432709264], [629992.3325876911, 5219749.032709263], [629992.5989966162, 5219748.744412486], [629992.892380735, 5219748.483616579], [629993.2099145983, 5219748.2528331475], [629993.548540181, 5219748.0542847635], [629993.9049963341, 5219747.889883555], [629994.2758501896, 5219747.761212795], [629994.6575302223, 5219747.669511654], [629995.046360645, 5219747.615663266], [629995.4385968078, 5219747.6001862185], [629995.8304612624, 5219747.623229563], [629996.2181801397, 5219747.684571382], [629996.5980194949, 5219747.783620918], [629996.9663212675, 5219747.919424272], [629997.31953851, 5219748.090673582], [629997.6542695474, 5219748.295719623], [629997.9425635333, 5219748.513876226], [629993.6663722375, 5219743.216980241], [629961.7334593438, 5219783.855367579], [629961.591524057, 5219784.055480774], [629961.4698867503, 5219784.26854246]]], [[[629967.7206386634, 5219792.161229156], [629967.965322441, 5219792.143319225], [629968.207072519, 5219792.1015123315], [629968.4435607122, 5219792.036211099], [629968.67250951, 5219791.948044412], [629968.8917140103, 5219791.837861366], [629969.099063154, 5219791.706723083], [629969.2925600553, 5219791.555892496], [629969.4703412334, 5219791.386822188], [629969.6306945583, 5219791.201140396], [630000.5040017383, 5219751.686716448], [629998.9542518029, 5219749.767049239], [629999.1101164455, 5219750.104996334], [629999.2387872048, 5219750.475850189], [629999.3304883449, 5219750.857530222], [629999.3843367336, 5219751.246360645], [629999.3998137815, 5219751.638596808], [629999.3767704362, 5219752.030461262], [629999.3154286175, 5219752.418180139], [629999.216379081, 5219752.798019495], [629999.0805757277, 5219753.166321267], [629998.9093264181, 5219753.51953851], [629998.7042803767, 5219753.854269547], [629998.4674123089, 5219754.167290736], [629983.0691095757, 5219772.565262833], [629966.8318506031, 5219792.017820612], [629966.9925545689, 5219792.071010783], [629967.2319013235, 5219792.1249], [629967.475377625, 5219792.155069641], [629967.7206386634, 5219792.161229156]]], [[[630013.388982193, 5219772.720728771], [630013.4141838421, 5219772.964769328], [630013.463184296, 5219773.205164569], [630013.5355116534, 5219773.439599358], [630013.6304693623, 5219773.665815958], [630013.7471429282, 5219773.88163578], [630013.8844087207, 5219774.084980361], [630014.0409447952, 5219774.273891383], [630014.2152436239, 5219774.446549527], [630014.4056266138, 5219774.601292003], [630014.6102602724, 5219774.736628556], [630014.8271738657, 5219774.851255819], [630015.0542783976, 5219774.944069871], [630015.2893867269, 5219775.014176861], [630015.7239109089, 5219775.1208383925], [630012.5926123174, 5219787.867072925], [630012.5458427698, 5219788.107912137], [630012.5229048012, 5219788.35217586], [630012.5240193168, 5219788.597511699], [630012.5491755831, 5219788.841556939], [630012.5981313316, 5219789.081961289], [630012.6704150917, 5219789.316409524], [630012.7653307312, 5219789.542643778], [630012.8819641607, 5219789.758485293], [630013.0191921364, 5219789.961855398], [630013.175693078, 5219790.150795525], [630013.3499597957, 5219790.32348608], [630013.5403140059, 5219790.478263957], [630013.7449224936, 5219790.613638561], [630013.9618147669, 5219790.72830616], [630014.1889020349, 5219790.821162444], [630014.4239973229, 5219790.891313154], [630017.143147454, 5219791.559312079], [630017.383986666, 5219791.606081626], [630017.6282503885, 5219791.629019595], [630017.8735862287, 5219791.627905079], [630018.117631468, 5219791.602748813], [630018.3580358175, 5219791.553793064], [630018.592484052, 5219791.481509305], [630018.8187183065, 5219791.386593665], [630019.0228853318, 5219791.276268734], [630020.173772259, 5219791.55982955], [630020.4145796632, 5219791.6067625955], [630020.6588277568, 5219791.629866391], [630020.904164297, 5219791.628918436], [630021.148226559, 5219791.60392786], [630021.3886640898, 5219791.555135336], [630021.6231613443, 5219791.483010761], [630021.849459986, 5219791.388248736], [630022.0653806351, 5219791.27176187], [630022.2688438577, 5219791.134671996], [630022.4578901918, 5219790.9782993635], [630022.630699018, 5219790.804149927], [630022.760902703, 5219790.644240302], [630022.9281934892, 5219790.732531641], [630023.1553469752, 5219790.825225818], [630023.3904922733, 5219790.895208712], [630024.6949661325, 5219791.214684676], [630019.1472365824, 5219779.672968311], [630014.0946983079, 5219769.394173281], [630013.4574393583, 5219771.990277253], [630013.4107145986, 5219772.231125158], [630013.3878220542, 5219772.475393143], [630013.388982193, 5219772.720728771]]]]}}, {"type": "Feature", "properties": {"vineyard_id": "V20", "area_m2": 320.4}, "geometry": {"type": "Polygon", "coordinates": [[[630058.7284298593, 5219750.455966618], [630058.5214834365, 5219750.587739509], [630058.3284495192, 5219750.739162173], [630058.1511871296, 5219750.908776329], [630057.9914034012, 5219751.0949484985], [630057.850637139, 5219751.295885743], [630057.7302439988, 5219751.509652926], [630057.6313834324, 5219751.734191352], [630057.5550075212, 5219751.967338595], [630057.5018518069, 5219752.206849318], [630057.472428208, 5219752.450416903], [630057.46702009, 5219752.69569566], [630057.4856795359, 5219752.940323422], [630057.5282268451, 5219753.181944288], [630057.5942522637, 5219753.418231319], [630057.6831199309, 5219753.64690894], [630057.7939740024, 5219753.865774861], [630063.7839740023, 5219764.378274861], [630063.915746893, 5219764.585221283], [630064.0671695577, 5219764.778255201], [630064.2367837135, 5219764.95551759], [630064.4229558832, 5219765.1153013185], [630064.6238931271, 5219765.256067581], [630064.8376603099, 5219765.376460721], [630065.0621987364, 5219765.475321287], [630065.295345979, 5219765.551697198], [630065.5348567026, 5219765.604852913], [630065.7784242874, 5219765.634276512], [630066.0237030449, 5219765.63968463], [630066.2683308063, 5219765.621025184], [630066.5099516727, 5219765.578477875], [630066.746238703, 5219765.512452456], [630066.974916324, 5219765.423584789], [630067.193782245, 5219765.3127307175], [630069.6265701407, 5219763.926533381], [630069.8335165635, 5219763.794760491], [630070.0265504807, 5219763.643337826], [630070.2038128704, 5219763.4737236705], [630070.3635965987, 5219763.287551501], [630070.5043628609, 5219763.086614257], [630070.6247560012, 5219762.872847074], [630070.7236165676, 5219762.648308648], [630070.7999924788, 5219762.415161405], [630070.8531481931, 5219762.175650681], [630070.882571792, 5219761.932083096], [630070.88797991, 5219761.686804339], [630070.8693204641, 5219761.442176578], [630070.8267731549, 5219761.200555711], [630070.7607477363, 5219760.964268681], [630070.6718800691, 5219760.73559106], [630070.5610259976, 5219760.516725139], [630068.8644621103, 5219757.539241355], [630069.655595548, 5219757.065417402], [630069.8596329803, 5219756.929183623], [630070.0493346712, 5219756.773606679], [630070.2228736895, 5219756.600184865], [630070.3785787597, 5219756.410588326], [630070.5149503569, 5219756.20664298], [630070.630675148, 5219755.990312933], [630070.72463864, 5219755.763681561], [630070.795935913, 5219755.528931448], [630070.8438803355, 5219755.288323366], [630070.8680101762, 5219755.044174503], [630070.8680930518, 5219754.798836146], [630070.8441281642, 5219754.554671036], [630070.7963463082, 5219754.3140306175], [630070.7252076493, 5219754.07923239], [630070.6313972917, 5219753.852537587], [630070.5158186803, 5219753.636129405], [630069.2157006817, 5219751.465350963], [630069.6225092511, 5219751.234120185], [630069.8295945032, 5219751.102565576], [630070.0227879765, 5219750.951346534], [630070.2002291125, 5219750.7819193825], [630070.3602090561, 5219750.595915796], [630070.5011871128, 5219750.395127091], [630070.6218055869, 5219750.181486972], [630070.7209028564, 5219749.957052911], [630070.7975245608, 5219749.72398633], [630070.850932791, 5219749.484531788], [630070.8806131965, 5219749.240995363], [630070.8862799389, 5219748.995722445], [630070.8678784441, 5219748.751075145], [630070.8255859289, 5219748.50940955], [630070.7598096931, 5219748.273053031], [630070.671183198, 5219748.044281834], [630070.5605599651, 5219747.8252991475], [630065.865559965, 5219739.565299148], [630065.7340053563, 5219739.358213896], [630065.582786315, 5219739.165020423], [630065.413359163, 5219738.987579287], [630065.2273555762, 5219738.827599343], [630065.026566871, 5219738.686621287], [630064.8129267524, 5219738.566002813], [630064.5884926914, 5219738.466905544], [630064.3554261108, 5219738.390283839], [630064.1159715691, 5219738.336875609], [630063.8724351445, 5219738.307195203], [630063.6271622259, 5219738.301528461], [630063.3825149256, 5219738.3199299555], [630063.1408493307, 5219738.36222247], [630062.9044928132, 5219738.427998707], [630062.6757216153, 5219738.516625201], [630062.456738929, 5219738.627248434], [630061.7629242735, 5219739.021614028], [630059.7233186802, 5219735.616129406], [630059.5870849001, 5219735.412091973], [630059.4315079575, 5219735.222390283], [630059.2580861431, 5219735.048851265], [630059.0684896038, 5219734.8931461945], [630058.864544258, 5219734.756774597], [630058.6482142108, 5219734.641049806], [630058.4215828388, 5219734.547086314], [630058.186832726, 5219734.475789041], [630057.9462246444, 5219734.427844618], [630057.7020757813, 5219734.403714778], [630057.4567374237, 5219734.403631902], [630057.2125723141, 5219734.42759679], [630056.9719318959, 5219734.475378646], [630056.7371336682, 5219734.546517305], [630056.5104388659, 5219734.640327662], [630056.2940306839, 5219734.755906274], [630053.891904452, 5219736.194582597], [630053.6878670197, 5219736.330816377], [630053.4981653288, 5219736.48639332], [630053.3246263105, 5219736.6598151345], [630053.1689212403, 5219736.849411674], [630053.0325496431, 5219737.05335702], [630052.916824852, 5219737.269687067], [630052.82286136, 5219737.496318439], [630052.751564087, 5219737.731068552], [630052.7036196645, 5219737.971676634], [630052.6794898238, 5219738.215825497], [630052.6794069482, 5219738.461163854], [630052.7033718358, 5219738.705328964], [630052.7511536918, 5219738.945969382], [630052.8222923507, 5219739.18076761], [630052.9161027083, 5219739.4074624125], [630053.0316813197, 5219739.623870594], [630059.3180143383, 5219750.120022643], [630058.7284298593, 5219750.455966618]]]}}, {"type": "Feature", "properties": {"vineyard_id": "V21", "area_m2": 2614.2}, "geometry": {"type": "MultiPolygon", "coordinates": [[[[629851.5102728594, 5219688.446995872], [629851.6199936181, 5219688.227559613], [629851.707677527, 5219687.998425485], [629851.7724801418, 5219687.761800175], [629851.813777378, 5219687.519962512], [629851.8311715206, 5219687.275241527], [629851.8244950545, 5219687.0299940165], [629851.793812278, 5219686.786581848], [629851.7394186825, 5219686.547349214], [629851.6618381084, 5219686.314600054], [629851.561817699, 5219686.090575872], [629851.4403207054, 5219685.877434141], [629851.2985172102, 5219685.677227534], [629851.1377728585, 5219685.491884151], [629850.9596357063, 5219685.3231889475], [629850.765821312, 5219685.172766551], [629848.4722824966, 5219683.566628419], [629848.2646573982, 5219683.435927481], [629848.0452211393, 5219683.326206722], [629847.8160870111, 5219683.238522814], [629847.5794617004, 5219683.173720199], [629847.3376240382, 5219683.132422963], [629847.0929030534, 5219683.11502882], [629846.847655543, 5219683.121705286], [629846.6042433744, 5219683.152388063], [629846.3650107401, 5219683.206781658], [629846.1322615809, 5219683.284362232], [629845.9082373985, 5219683.384382642], [629845.6950956683, 5219683.505879635], [629845.4948890617, 5219683.647683131], [629845.3095456776, 5219683.808427482], [629845.1408504744, 5219683.986564634], [629844.9904280786, 5219684.180379028], [629844.7186359327, 5219684.568493739], [629843.2876969164, 5219683.575436421], [629843.0795197263, 5219683.445616645], [629842.8596204031, 5219683.33682692], [629842.6301166976, 5219683.25011495], [629842.3932188557, 5219683.186315819], [629842.1512083333, 5219683.146043947], [629841.9064158241, 5219683.129687174], [629841.6611988136, 5219683.137403026], [629841.4179188757, 5219683.169117194], [629841.1789189293, 5219683.224524253], [629840.9465006744, 5219683.303090603], [629840.7229024259, 5219683.4040596085], [629840.5102775572, 5219683.52645888], [629840.310673762, 5219683.669109648], [629840.126013334, 5219683.830638107], [629840.0072506709, 5219683.957117407], [629839.4395230734, 5219683.561103327], [629839.2316572277, 5219683.430785612], [629839.012018943, 5219683.321469829], [629838.7827234563, 5219683.234208748], [629838.5459790082, 5219683.1698427405], [629838.3040655775, 5219683.128991687], [629838.0593129225, 5219683.112049004], [629837.8140781453, 5219683.119177861], [629837.5707229907, 5219683.150309603], [629837.3315911018, 5219683.205144412], [629837.0989854496, 5219683.283154201], [629836.8751461537, 5219683.383587692], [629836.6622289087, 5219683.505477656], [629836.4622842242, 5219683.647650226], [629836.2772376768, 5219683.808736203], [629836.1088713658, 5219683.98718424], [629836.1008314481, 5219683.997582961], [629835.4746360617, 5219683.559113666], [629835.2670042503, 5219683.4284233935], [629835.0475623559, 5219683.318713906], [629834.818423724, 5219683.231041767], [629834.5817950849, 5219683.166251306], [629834.3399553016, 5219683.124966492], [629834.1126534897, 5219683.108822194], [629835.1867489988, 5219684.582305915], [629848.6188767367, 5219692.596848251], [629851.3795719215, 5219688.654620971], [629851.5102728594, 5219688.446995872]]], [[[629817.0437063097, 5219679.277804655], [629816.8516559913, 5219679.125136414], [629816.6455663431, 5219678.992027535], [629816.4274221214, 5219678.87975993], [629816.199324174, 5219678.789414797], [629815.963469209, 5219678.721862209], [629815.7221286388, 5219678.677752735], [629815.4776267047, 5219678.657511172], [629815.2323180942, 5219678.661332458], [629814.9885652632, 5219678.689179792], [629814.7487156849, 5219678.74078499], [629814.5150792416, 5219678.815651063], [629814.2899059801, 5219678.9130570125], [629814.075364442, 5219679.032064765], [629813.8735207798, 5219679.17152821], [629811.6507919134, 5219680.874313102], [629811.4635899913, 5219681.032889131], [629811.2928326669, 5219681.209050571], [629811.1401644261, 5219681.401100889], [629811.0070555477, 5219681.607190537], [629810.8947879428, 5219681.8253347585], [629810.8044428098, 5219682.053432706], [629810.736890222, 5219682.2892876705], [629810.6927807474, 5219682.530628241], [629810.6725391846, 5219682.775130175], [629810.6763604707, 5219683.020438786], [629810.7042078049, 5219683.264191616], [629810.7558130019, 5219683.504041194], [629810.8306790756, 5219683.7376776375], [629810.8699086516, 5219683.82836462], [629810.8233622811, 5219683.810472289], [629810.5868345714, 5219683.745314334], [629810.3450592108, 5219683.703653902], [629810.1003646282, 5219683.685892206], [629809.8551073663, 5219683.6922003], [629809.6116493866, 5219683.7225174345], [629809.3723353223, 5219683.776551639], [629809.1394698989, 5219683.853782534], [629808.9152957377, 5219683.953466345], [629808.7019717583, 5219684.07464306], [629808.5015523873, 5219684.216145683], [629808.3159677727, 5219684.376611466], [629808.147005196, 5219684.554495035], [629807.9962918591, 5219684.748083275], [629779.5548140993, 5219725.232493047], [629796.2128429436, 5219736.210737704], [629796.3288544707, 5219736.295429809], [629796.4362334986, 5219736.390829869], [629801.0046099367, 5219740.85882361], [629801.0202064543, 5219740.856799559], [629801.2592382345, 5219740.801529994], [629801.4917016466, 5219740.723097358], [629801.7153579411, 5219740.622256996], [629801.9280531855, 5219740.499980058], [629802.1277390084, 5219740.357444137], [629802.3124923261, 5219740.196021933], [629802.4805338633, 5219740.017268028], [629802.6302452881, 5219739.822903922], [629802.6378930111, 5219739.811897512], [629803.5629392274, 5219740.452364447], [629803.7712590348, 5219740.581955243], [629803.9912778444, 5219740.690503112], [629804.2208767552, 5219740.77696268], [629804.4578446039, 5219740.840501293], [629804.6998992608, 5219740.880507038], [629804.944709607, 5219740.89659464], [629805.1899179855, 5219740.888609165], [629805.433162905, 5219740.856627519], [629805.6721017843, 5219740.800957701], [629805.9044335113, 5219740.722135844], [629806.1279206044, 5219740.620921044], [629806.3404107608, 5219740.498288054], [629806.5398575842, 5219740.355417899], [629806.7243402924, 5219740.193686496], [629806.8920822163, 5219740.014651405], [629806.9095294075, 5219739.991921801], [629807.5643580119, 5219740.450784838], [629807.7719436958, 5219740.581548367], [629807.9913468652, 5219740.691335278], [629808.2204545474, 5219740.779088264], [629808.4570603103, 5219740.843962216], [629808.6988855109, 5219740.885332361], [629808.9436012405, 5219740.902800283], [629809.1888507528, 5219740.896197757], [629809.4322721608, 5219740.865588368], [629809.6715211835, 5219740.811266901], [629809.9042937218, 5219740.733756501], [629810.128348049, 5219740.633803637], [629810.3415263995, 5219740.512370909], [629810.5417757492, 5219740.3706277795], [629810.7271675873, 5219740.209939314], [629810.8959164893, 5219740.0318530295], [629811.0463973106, 5219739.838083995], [629811.090431916, 5219739.775243633], [629812.0552175035, 5219740.45087158], [629812.2628426019, 5219740.581572518], [629812.4822788608, 5219740.691293277], [629812.711412989, 5219740.7789771855], [629812.9480382997, 5219740.8437798], [629813.1898759619, 5219740.885077036], [629813.4345969467, 5219740.902471179], [629813.6798444571, 5219740.895794713], [629813.9232566257, 5219740.865111936], [629814.16248926, 5219740.810718341], [629814.3952384192, 5219740.733137767], [629814.6192626016, 5219740.633117357], [629814.8324043318, 5219740.511620364], [629815.0326109384, 5219740.369816869], [629815.2179543225, 5219740.209072517], [629815.3866495257, 5219740.030935365], [629815.5370719215, 5219739.837120971], [629846.893425032, 5219695.060764883], [629833.3864887219, 5219687.001586546], [629833.2608457154, 5219686.917764348], [629833.1442691378, 5219686.8217319185], [629833.0379409367, 5219686.714462913], [629832.9429391541, 5219686.59704491], [629822.8046865418, 5219672.689017131], [629822.7214817373, 5219672.561797546], [629822.6515802967, 5219672.426809952], [629821.5434256274, 5219669.992065177], [629821.3078522286, 5219669.925222106], [629821.0664034927, 5219669.881708608], [629820.8218523299, 5219669.862070753], [629820.5765539013, 5219669.866497667], [629820.3328705651, 5219669.894946713], [629820.093149125, 5219669.947143914], [629819.8596982295, 5219670.02258658], [629819.6347661382, 5219670.120548159], [629819.4205190702, 5219670.2400852265], [629819.219020342, 5219670.380046575], [629817.0005022278, 5219672.088313936], [629816.8136923823, 5219672.247351662], [629816.6433705002, 5219672.423934144], [629816.4911768745, 5219672.616360798], [629816.358577213, 5219672.822778448], [629816.2468485229, 5219673.04119918], [629816.1570668126, 5219673.269519485], [629816.090096729, 5219673.50554051], [629816.0465832307, 5219673.7469892455], [629816.0269453763, 5219673.991540409], [629816.0313722893, 5219674.236838837], [629816.059821336, 5219674.480522173], [629816.1120185364, 5219674.720243613], [629816.1874612032, 5219674.953694509], [629816.285422782, 5219675.178626601], [629816.4049598494, 5219675.392873668], [629816.5449211982, 5219675.594372396], [629822.3513132401, 5219683.135104144], [629822.254795426, 5219683.128555585], [629822.0095706384, 5219683.136020176], [629821.7662583332, 5219683.167485057], [629821.5272017409, 5219683.222647202], [629821.294703107, 5219683.300975369], [629821.0710015206, 5219683.401715216], [629820.8582513502, 5219683.523896564], [629820.6585014963, 5219683.666342737], [629820.5432534791, 5219683.766945658], [629817.3784437783, 5219679.635763901], [629817.2198677491, 5219679.448561979], [629817.0437063097, 5219679.277804655]]], [[[629772.2002289832, 5219735.784783035], [629772.1122010117, 5219736.013785203], [629772.0470430566, 5219736.250312912], [629772.0053826245, 5219736.492088273], [629771.9876209282, 5219736.736782855], [629771.9939290227, 5219736.9820401175], [629772.0242461574, 5219737.225498098], [629772.0782803617, 5219737.464812161], [629772.1555112569, 5219737.697677585], [629772.255195067, 5219737.921851747], [629772.3763717826, 5219738.135175726], [629772.5178744057, 5219738.335595097], [629772.6783401886, 5219738.521179711], [629772.856223758, 5219738.690142289], [629773.0498119979, 5219738.840855625], [629775.3409357914, 5219740.450436863], [629775.5483643415, 5219740.581449509], [629775.7676355512, 5219740.691499739], [629775.9966377189, 5219740.77952771], [629776.2331654285, 5219740.844685665], [629776.4749407892, 5219740.886346097], [629776.7196353717, 5219740.904107793], [629776.9648926336, 5219740.897799699], [629777.2083506134, 5219740.867482564], [629777.4476646776, 5219740.81344836], [629777.6805301011, 5219740.736217465], [629777.9047042623, 5219740.636533654], [629778.1180282417, 5219740.515356939], [629778.3184476127, 5219740.373854316], [629778.5040322272, 5219740.213388533], [629778.5872300813, 5219740.125797947], [629779.0479955385, 5219740.448399583], [629779.2556333822, 5219740.579080272], [629779.4750803406, 5219740.688779629], [629779.7042230193, 5219740.776441191], [629779.940854649, 5219740.841220728], [629780.1826963376, 5219740.882494379], [629780.4274190177, 5219740.899864655], [629780.6726658759, 5219740.8931642715], [629780.916075051, 5219740.862457756], [629781.1553023794, 5219740.808040829], [629781.3880439715, 5219740.730437556], [629781.6120583982, 5219740.630395299], [629781.8251882783, 5219740.5088775195], [629782.0253810546, 5219740.3670545], [629782.210708761, 5219740.206292073], [629782.3793865906, 5219740.028138469], [629782.5297900834, 5219739.834309406], [629782.5332283104, 5219739.829398654], [629783.4226191037, 5219740.451112567], [629783.6303542273, 5219740.581638562], [629783.8498828341, 5219740.691174434], [629784.0790907437, 5219740.778665295], [629784.3157705585, 5219740.84326856], [629784.5576429226, 5219740.884362063], [629784.802378473, 5219740.901550054], [629785.0476202724, 5219740.8946670005], [629785.2910065083, 5219740.86377919], [629785.5301932382, 5219740.809184091], [629785.762876963, 5219740.731407483], [629785.9868168114, 5219740.631198397], [629786.1998561202, 5219740.509521902], [629786.3999432042, 5219740.367549808], [629786.5851511158, 5219740.206649385], [629786.7453941605, 5219740.037151706], [629787.3410693848, 5219740.451700845], [629787.5490764357, 5219740.581793056], [629787.7688331425, 5219740.69087058], [629787.9982231276, 5219740.777882944], [629788.2350372403, 5219740.841992168], [629788.4769948311, 5219740.882580847], [629788.7217657161, 5219740.899258088], [629788.966992618, 5219740.891863283], [629789.2103138678, 5219740.860467645], [629789.4493861485, 5219740.805373534], [629789.6819070636, 5219740.727111533], [629789.9056373094, 5219740.626435352], [629790.1184222415, 5219740.504314554], [629790.3182126248, 5219740.36192523], [629790.5030843683, 5219740.200638669], [629790.6662384765, 5219740.027338807], [629791.2759322939, 5219740.451687433], [629791.4839330907, 5219740.581789643], [629791.7036845535, 5219740.690877732], [629791.9330703553, 5219740.777901122], [629792.1698813859, 5219740.842021732], [629792.4118370251, 5219740.882622042], [629792.6566071082, 5219740.899311051], [629792.9018343653, 5219740.891928034], [629793.145157124, 5219740.860544094], [629793.3842320531, 5219740.805461475], [629793.6167567302, 5219740.727210653], [629793.8404918157, 5219740.626545226], [629794.0532826184, 5219740.504434658], [629794.2530798465, 5219740.362054939], [629794.4379593434, 5219740.200777265], [629794.5908829746, 5219740.038359709], [629795.1760610581, 5219740.450192957], [629795.383380383, 5219740.581378376], [629795.6025598284, 5219740.691611254], [629795.8314885764, 5219740.779829987], [629796.0679619178, 5219740.845184982], [629796.3097024852, 5219740.887046834], [629796.5543821848, 5219740.905012391], [629796.7561373919, 5219740.899991382], [629794.4416506774, 5219738.636361777], [629777.8295008633, 5219727.688353063], [629772.441291859, 5219735.358083275], [629772.3102792136, 5219735.5655118255], [629772.2002289832, 5219735.784783035]]]]}}, {"type": "Feature", "properties": {"vineyard_id": "V22", "area_m2": 2774.3}, "geometry": {"type": "MultiPolygon", "coordinates": [[[[630258.2516446718, 5219636.919302813], [630258.3391988217, 5219636.690119072], [630258.4038674395, 5219636.453457105], [630258.445027731, 5219636.211596097], [630258.4622833001, 5219635.966865302], [630258.4554679663, 5219635.721621612], [630258.4246473649, 5219635.478226856], [630258.3701183152, 5219635.23902506], [630258.2924059618, 5219635.006319867], [630258.1922587171, 5219634.782352356], [630258.0706410538, 5219634.5692794565], [630257.9287242164, 5219634.369153176], [630257.7678749418, 5219634.183900842], [630257.5896422963, 5219634.015306534], [630257.3957427578, 5219633.864993908], [630257.1880436847, 5219633.734410557], [630254.7473424245, 5219632.362194336], [630254.5278440728, 5219632.252597848], [630254.298660331, 5219632.165043698], [630254.0619983644, 5219632.1003750805], [630253.8201373568, 5219632.0592147885], [630253.575406562, 5219632.04195922], [630253.3301628713, 5219632.048774553], [630253.0867681155, 5219632.079595155], [630252.8475663192, 5219632.1341242045], [630252.6148611264, 5219632.211836558], [630252.3908936154, 5219632.311983802], [630252.1778207158, 5219632.433601466], [630251.977694436, 5219632.575518304], [630251.9539151373, 5219632.596165185], [630251.5241909316, 5219632.354693309], [630251.3046676662, 5219632.245146733], [630251.0754640229, 5219632.157644695], [630250.8387873585, 5219632.093029889], [630250.5969169984, 5219632.051924591], [630250.3521822864, 5219632.034724668], [630250.1069401517, 5219632.0415957635], [630249.8635524099, 5219632.072471705], [630249.6243630182, 5219632.127055141], [630249.3916755011, 5219632.204820404], [630249.1677307667, 5219632.30501857], [630248.9546855252, 5219632.426684678], [630248.7545915185, 5219632.568647014], [630248.692629966, 5219632.622471163], [630248.2254892087, 5219632.359695503], [630248.0060156017, 5219632.25004947], [630247.7768516295, 5219632.162443589], [630247.5402042666, 5219632.097721552], [630247.2983525562, 5219632.056506665], [630247.0536256628, 5219632.039195854], [630246.80838044, 5219632.045955828], [630246.5649787333, 5219632.076721488], [630246.3257646343, 5219632.131196541], [630246.0930419056, 5219632.208856364], [630245.8690517942, 5219632.3089530505], [630245.6559514472, 5219632.430522613], [630245.4557931377, 5219632.572394272], [630245.3935341802, 5219632.626427291], [630244.8902201845, 5219632.342208471], [630244.6709279161, 5219632.23220021], [630244.4419089047, 5219632.144216069], [630244.2053687286, 5219632.079103384], [630243.963585399, 5219632.037489227], [630243.7188874214, 5219632.019774363], [630243.4736313713, 5219632.026129398], [630243.2301791983, 5219632.056493128], [630242.9908754801, 5219632.110573134], [630242.7580248424, 5219632.187848596], [630242.5338697637, 5219632.287575309], [630242.3205689804, 5219632.4087928515], [630242.1201766955, 5219632.5503338305], [630242.0514223059, 5219632.609805332], [630241.6199328336, 5219632.36719449], [630241.4004379399, 5219632.257591076], [630241.1712569611, 5219632.170029695], [630240.9345970349, 5219632.10535361], [630240.6927373263, 5219632.064185686], [630240.448007076, 5219632.046922396], [630240.2027631705, 5219632.053729991], [630239.9593674424, 5219632.084542912], [630239.7201639258, 5219632.139064414], [630239.4874562811, 5219632.216769425], [630239.2634856104, 5219632.316909604], [630239.0504088734, 5219632.438520543], [630239.0467273967, 5219632.441131038], [630240.4573539101, 5219637.7381498385], [630240.4711376139, 5219637.794228405], [630245.4238492688, 5219659.760107952], [630258.142048184, 5219637.138801165], [630258.2516446718, 5219636.919302813]]], [[[630181.7852989397, 5219740.661879874], [630182.0220443227, 5219740.726242443], [630182.2639583468, 5219740.7670899825], [630182.5087112479, 5219740.784029109], [630182.7539459217, 5219740.77689669], [630182.9973006241, 5219740.745761415], [630183.2364317165, 5219740.690923131], [630183.4690362355, 5219740.612909964], [630183.6928740726, 5219740.512473221], [630183.9057895471, 5219740.390580164], [630184.1057321664, 5219740.24840469], [630184.170944359, 5219740.191634769], [630184.6594160375, 5219740.465309696], [630184.8790770307, 5219740.574579841], [630185.1083906434, 5219740.6617932785], [630185.3451484601, 5219740.726110095], [630185.5870703737, 5219740.766910884], [630185.8318265437, 5219740.783802711], [630186.0770598345, 5219740.776622901], [630186.3204085155, 5219740.745440597], [630186.5595290058, 5219740.690556102], [630186.7921184445, 5219740.612497985], [630187.0159368678, 5219740.512017988], [630187.2288287823, 5219740.390083787], [630187.4201342701, 5219740.253994344], [630187.7922223565, 5219740.460283688], [630188.0123695318, 5219740.568570982], [630188.2420706488, 5219740.654758645], [630188.4791135606, 5219740.718016646], [630188.7212154142, 5219740.757735773], [630188.9660446366, 5219740.77353351], [630189.2112433884, 5219740.765257717], [630189.4544502714, 5219740.732988094], [630189.6933230708, 5219740.677035415], [630189.9255613106, 5219740.597938534], [630190.1489284099, 5219740.496459197], [630190.3612732211, 5219740.373574709], [630190.5455619055, 5219740.241232374], [630190.9484653893, 5219740.465297251], [630191.1684703891, 5219740.573873107], [630191.3980582994, 5219740.660361881], [630191.6350180636, 5219740.723930637], [630191.8770676294, 5219740.763967174], [630192.1218759272, 5219740.7800859185], [630192.3670853192, 5219740.772131637], [630192.6103343052, 5219740.740180934], [630192.8492802642, 5219740.684541511], [630193.0816220162, 5219740.605749209], [630193.3051219828, 5219740.50456284], [630193.5176277375, 5219740.381956882], [630193.7170927336, 5219740.2391121], [630193.7856371057, 5219740.179036371], [630194.2799861922, 5219740.455308678], [630194.4997641414, 5219740.564343396], [630194.7291710709, 5219740.651311074], [630194.9659976666, 5219740.71537417], [630195.2079631588, 5219740.755915718], [630195.4527372877, 5219740.772545283], [630195.6979627445, 5219740.765102711], [630195.9412778742, 5219740.733659678], [630196.1803394189, 5219740.678519], [630196.4128450854, 5219740.60021171], [630196.6365557169, 5219740.4994919505], [630196.8493168576, 5219740.377329708], [630197.0320788473, 5219740.247022723], [630197.4227556117, 5219740.465308431], [630197.642543812, 5219740.574322483], [630197.8719589179, 5219740.661268591], [630198.1087915362, 5219740.725309418], [630198.3507608394, 5219740.765828215], [630198.5955365308, 5219740.782434762], [630198.8407612868, 5219740.774969133], [630199.0840734589, 5219740.743503222], [630199.3231298177, 5219740.688340066], [630199.5556281201, 5219740.610010914], [630199.77932928, 5219740.5092701195], [630199.9920789332, 5219740.387087872], [630200.1918281842, 5219740.244640853], [630200.2276399337, 5219740.213379601], [630200.6760645325, 5219740.465307053], [630200.8955975639, 5219740.574834057], [630201.1248090076, 5219740.662315659], [630201.3614914321, 5219740.726909364], [630201.603365456, 5219740.767993096], [630201.8481017005, 5219740.7851712], [630202.0933432216, 5219740.778278239], [630202.3367282095, 5219740.7473805975], [630202.5759127337, 5219740.692775836], [630202.8085933164, 5219740.614989828], [630203.0325291165, 5219740.514771696], [630203.2455635098, 5219740.3930865945], [630203.4456448585, 5219740.251106419], [630203.6308462701, 5219740.090198514], [630203.7993841536, 5219739.911912512], [630203.949635397, 5219739.7179654045], [630204.0801529986, 5219739.510225008], [630224.1801529987, 5219703.732725008], [630224.2896800032, 5219703.513191977], [630224.377161605, 5219703.2839805335], [630224.4417553089, 5219703.047298109], [630224.482839042, 5219702.805424085], [630224.5000171454, 5219702.56068784], [630224.4931241849, 5219702.315446319], [630224.4622265432, 5219702.072061331], [630224.4076217816, 5219701.832876807], [630224.3298357738, 5219701.600196225], [630224.2296176415, 5219701.376260424], [630224.1079325402, 5219701.163226031], [630223.9659523639, 5219700.963144682], [630223.8050444593, 5219700.77794327], [630223.6267584575, 5219700.609405387], [630223.4328113501, 5219700.459154144], [630223.2250709538, 5219700.328636542], [630222.8348682318, 5219700.109418466], [630224.1896044876, 5219697.6847797595], [630224.2986185394, 5219697.464991559], [630224.385564648, 5219697.235576453], [630224.4496054746, 5219696.998743835], [630224.4901242713, 5219696.756774531], [630224.5067308196, 5219696.51199884], [630224.4992651896, 5219696.2667740835], [630224.4677992793, 5219696.023461912], [630224.4126361227, 5219695.784405553], [630224.3343069709, 5219695.55190725], [630224.2335661767, 5219695.32820609], [630224.111383929, 5219695.115456437], [630223.9689369097, 5219694.915707186], [630223.8075969613, 5219694.730882031], [630223.6289178756, 5219694.562760941], [630223.4346204302, 5219694.412963013], [630223.2265758154, 5219694.282930883], [630223.0141628594, 5219694.164247827], [630224.171925605, 5219692.092599878], [630224.2809603228, 5219691.872821929], [630224.3679280024, 5219691.643414999], [630224.4319910976, 5219691.4065884035], [630224.4725326458, 5219691.164622911], [630224.4891622098, 5219690.919848783], [630224.4817196378, 5219690.6746233255], [630224.4502766058, 5219690.431308196], [630224.3951359272, 5219690.192246651], [630224.3168286373, 5219689.959740985], [630224.2161088777, 5219689.736030353], [630224.1221961809, 5219689.572469403], [630224.178059848, 5219689.570904237], [630224.4214475898, 5219689.5400282955], [630224.6606369814, 5219689.48544486], [630224.8933244984, 5219689.407679597], [630225.1172692329, 5219689.3074814305], [630225.3303144744, 5219689.185815324], [630225.530408481, 5219689.043852987], [630225.5519223214, 5219689.025164557], [630225.9701575759, 5219689.260305665], [630226.1896559279, 5219689.369902153], [630226.4188396696, 5219689.457456303], [630226.6555016362, 5219689.52212492], [630226.8973626439, 5219689.563285212], [630227.1420934387, 5219689.580540781], [630227.3873371293, 5219689.573725447], [630227.630731885, 5219689.542904845], [630227.8699336812, 5219689.488375796], [630228.102638874, 5219689.410663443], [630228.3266063848, 5219689.310516198], [630228.5396792844, 5219689.1888985345], [630228.7398055643, 5219689.046981697], [630228.9250578987, 5219688.886132423], [630229.0936522067, 5219688.707899777], [630229.2439648327, 5219688.514000239], [630229.374548184, 5219688.306301165], [630243.2288269033, 5219663.664298684], [630237.5509570773, 5219638.482254307], [630235.9400969078, 5219632.433341628], [630235.7429050043, 5219632.572596721], [630235.5573373158, 5219632.733082078], [630235.388393502, 5219632.9109834675], [630235.2377005843, 5219633.104587602], [630235.1067098181, 5219633.31202997], [630234.6820921393, 5219634.063820938], [630234.5005583257, 5219633.917052355], [630234.2955738561, 5219633.782247741], [630231.8834526219, 5219632.360392913], [630231.6662420458, 5219632.246329412], [630231.43889722, 5219632.154105518], [630231.2036075991, 5219632.084609396], [630230.962639151, 5219632.038510333], [630230.7183125336, 5219632.016252288], [630230.4729807455, 5219632.018049617], [630230.2290064663, 5219632.043885013], [630229.9887393015, 5219632.093509665], [630229.7544931552, 5219632.166445661], [630229.5285239458, 5219632.261990588], [630229.3130078806, 5219632.379224296], [630229.1100204969, 5219632.517017759], [630228.9215166741, 5219632.6740439525], [630228.7493118072, 5219632.848790628], [630228.5950643232, 5219633.039574878], [630228.4602597095, 5219633.244559348], [630217.4402597095, 5219651.939559347], [630217.3261962085, 5219652.156769923], [630217.2339723139, 5219652.384114749], [630217.1644761923, 5219652.61940437], [630217.1183771293, 5219652.860372818], [630217.096119084, 5219653.104699436], [630217.0979164138, 5219653.350031223], [630217.1237518091, 5219653.594005503], [630217.1733764611, 5219653.834272668], [630217.2463124574, 5219654.068518814], [630217.3418573842, 5219654.294488023], [630217.4590910919, 5219654.510004088], [630217.5968845555, 5219654.712991472], [630217.7539107489, 5219654.901495296], [630217.9286574238, 5219655.073700162], [630218.1194416744, 5219655.227947646], [630218.324426144, 5219655.36275226], [630220.7365473782, 5219656.784607087], [630220.9537579543, 5219656.898670589], [630221.1811027802, 5219656.9908944825], [630221.416392401, 5219657.060390605], [630221.6573608491, 5219657.106489668], [630221.666913131, 5219657.107359876], [630217.4042098181, 5219664.65452997], [630217.2941827156, 5219664.873812786], [630217.2061788982, 5219665.102824237], [630217.1410458909, 5219665.339358818], [630217.09941096, 5219665.581138572], [630217.0816750727, 5219665.825835026], [630217.0880090353, 5219666.071091621], [630217.1183518482, 5219666.314546403], [630217.1724112937, 5219666.553854766], [630217.2496667496, 5219666.786712042], [630217.3493742037, 5219667.010875689], [630217.4705734188, 5219667.224186886], [630217.61209718, 5219667.424591331], [630217.7725825362, 5219667.61015902], [630217.9504839259, 5219667.779102833], [630218.1440880612, 5219667.929795751], [630218.3515304284, 5219668.060786517], [630218.6028370329, 5219668.20272654], [630217.4005121252, 5219670.3410915695], [630217.2909087118, 5219670.560586464], [630217.2033473304, 5219670.789767442], [630217.1386712452, 5219671.026427369], [630217.0975033223, 5219671.268287078], [630217.0802400311, 5219671.5130173275], [630217.0870476267, 5219671.758261233], [630217.1178605482, 5219672.001656962], [630217.1723820503, 5219672.240860478], [630217.2500870611, 5219672.473568123], [630217.350227239, 5219672.697538794], [630217.4718381792, 5219672.910615531], [630217.6137487019, 5219673.110746289], [630217.7745921311, 5219673.296003698], [630217.9528194569, 5219673.46460363], [630218.1467142525, 5219673.614922374], [630218.3544092053, 5219673.745512279], [630218.5703593187, 5219673.866933176], [630217.4040450422, 5219675.932321737], [630217.2940367806, 5219676.151614005], [630217.2060526398, 5219676.380633016], [630217.1409399554, 5219676.617173192], [630217.0993257979, 5219676.858956522], [630217.0816109345, 5219677.103654499], [630217.087965969, 5219677.34891055], [630217.1183296989, 5219677.592362722], [630217.172409705, 5219677.831666441], [630217.2496851672, 5219678.064517079], [630217.3494118806, 5219678.288672158], [630217.4706294225, 5219678.501972941], [630217.6121704015, 5219678.702365225], [630217.7726717007, 5219678.887919125], [630217.9505876049, 5219679.056847652], [630218.1442046865, 5219679.2075239355], [630218.3516583075, 5219679.338496879], [630218.7910455196, 5219679.586616573], [630217.4008833402, 5219682.057931505], [630217.291237308, 5219682.277405112], [630217.2036314267, 5219682.506569085], [630217.1389093889, 5219682.7432164475], [630217.0976945033, 5219682.985068158], [630217.0803836915, 5219683.229795052], [630217.0871436663, 5219683.475040275], [630217.0892796972, 5219683.491939426], [630217.0373780173, 5219683.51543716], [630216.8248722627, 5219683.638043118], [630216.6254072665, 5219683.7808879], [630216.5838607994, 5219683.817301309], [630216.1327776435, 5219683.567216311], [630215.9126304684, 5219683.458929017], [630215.6829293512, 5219683.372741354], [630215.4458864395, 5219683.309483353], [630215.2037845858, 5219683.269764226], [630214.9589553636, 5219683.253966489], [630214.7137566118, 5219683.262242282], [630214.4705497287, 5219683.294511905], [630214.2316769294, 5219683.350464584], [630213.9994386896, 5219683.429561465], [630213.7760715904, 5219683.531040802], [630213.5637267791, 5219683.653925291], [630213.528300986, 5219683.679365443], [630213.3280839629, 5219683.567190303], [630213.1084229697, 5219683.457920157], [630212.879109357, 5219683.37070672], [630212.6423515404, 5219683.306389904], [630212.4004296269, 5219683.265589115], [630212.155673457, 5219683.248697287], [630211.9104401661, 5219683.255877098], [630211.6670914852, 5219683.287059402], [630211.427970995, 5219683.341943896], [630211.1953815564, 5219683.420002013], [630210.971563133, 5219683.520482011], [630210.7586712185, 5219683.642416212], [630210.5587560785, 5219683.784630323], [630210.5108280611, 5219683.826369936], [630210.0261376876, 5219683.554690469], [630209.806497815, 5219683.445377876], [630209.5772010606, 5219683.358120126], [630209.3404556776, 5219683.293757557], [630209.0985416535, 5219683.252910017], [630208.8537887523, 5219683.23597089], [630208.6085540786, 5219683.24310331], [630208.3651993761, 5219683.274238585], [630208.1260682838, 5219683.3290768685], [630207.8934637648, 5219683.407090035], [630207.6696259277, 5219683.507526779], [630207.4567104531, 5219683.629419835], [630207.2567678338, 5219683.7715953095], [630207.0717236262, 5219683.9326839745], [630206.9033599073, 5219684.111134457], [630206.7532981117, 5219684.305228182], [630206.6229834165, 5219684.513095921], [630177.9354834165, 5219735.693095921], [630177.8261708237, 5219735.912735793], [630177.738913073, 5219736.142032548], [630177.6745505043, 5219736.3787779305], [630177.6337029645, 5219736.620691954], [630177.6167638375, 5219736.865444856], [630177.6238962566, 5219737.11067953], [630177.6550315325, 5219737.354034232], [630177.7098698156, 5219737.593165324], [630177.7878829831, 5219737.825769843], [630177.8883197258, 5219738.04960768], [630178.0102127828, 5219738.262523155], [630178.1523882572, 5219738.462465774], [630178.3134769218, 5219738.647509982], [630178.4919274043, 5219738.8158737], [630178.6860211294, 5219738.965935496], [630178.893888868, 5219739.096250191], [630181.3363623127, 5219740.4653095305], [630181.5560021853, 5219740.5746221235], [630181.7852989397, 5219740.661879874]]]]}}, {"type": "Feature", "properties": {"vineyard_id": "V23", "area_m2": 1337.8}, "geometry": {"type": "MultiPolygon", "coordinates": [[[[629829.833173454, 5219657.104188697], [629829.6598531945, 5219657.277829142], [629829.5043872594, 5219657.467621817], [629829.3682728704, 5219657.671738916], [629829.2528208838, 5219657.888214678], [629829.1591431651, 5219658.114964323], [629829.088141882, 5219658.3498041285], [629829.0405008157, 5219658.59047246], [629829.0166787758, 5219658.8346515475], [629829.0169051815, 5219659.079989815], [629829.0411778523, 5219659.32412452], [629829.0892630292, 5219659.564704511], [629829.1606976256, 5219659.799412873], [629829.2547936873, 5219660.025989234], [629829.3706450178, 5219660.242251542], [629829.5071359057, 5219660.446117072], [629850.5196359056, 5219688.723617072], [629850.6754518684, 5219688.913122487], [629850.8490923138, 5219689.086442746], [629851.0388849892, 5219689.241908682], [629851.2430020872, 5219689.37802307], [629851.4594778488, 5219689.493475057], [629851.686227494, 5219689.587152775], [629851.9210672999, 5219689.658154058], [629852.1617356306, 5219689.705795125], [629852.4059147185, 5219689.7296171645], [629852.6512529856, 5219689.729390759], [629852.8953876903, 5219689.705118088], [629853.1359676819, 5219689.657032912], [629853.3706760434, 5219689.585598315], [629853.5972524054, 5219689.491502253], [629853.8135147132, 5219689.375650923], [629854.017380243, 5219689.239160036], [629854.6143841718, 5219688.795537189], [629854.750583458, 5219688.956584338], [629854.9266080625, 5219689.127482715], [629855.1185360305, 5219689.280304742], [629855.3245189909, 5219689.413578657], [629855.5425732152, 5219689.526020962], [629855.7705987219, 5219689.616548775], [629856.0063995009, 5219689.684290264], [629856.2477046617, 5219689.72859304], [629856.4921903035, 5219689.749030445], [629856.7375018962, 5219689.745405654], [629856.981276955, 5219689.717753578], [629857.2211677927, 5219689.66634052], [629857.4548641295, 5219689.591661615], [629857.6801153419, 5219689.494436063], [629857.8947521376, 5219689.375600199], [629858.0967074467, 5219689.236298477], [629858.3333151408, 5219689.0553389685], [629858.4234290998, 5219689.141916511], [629858.6161547271, 5219689.293731363], [629858.8228327853, 5219689.42592477], [629859.041472852, 5219689.537223637], [629859.2699693036, 5219689.626556096], [629859.5061215946, 5219689.693061826], [629859.7476554491, 5219689.736100339], [629859.9922447642, 5219689.755257154], [629860.2375340111, 5219689.750347778], [629860.4811609202, 5219689.721419492], [629860.7207792313, 5219689.66875089], [629860.9540812889, 5219689.5928492], [629861.0089959342, 5219689.568804372], [629861.105911296, 5219689.61946208], [629861.3334314155, 5219689.711252667], [629861.5688530143, 5219689.780300385], [629861.6138363356, 5219689.788817223], [629866.1588572051, 5219683.887030303], [629866.047909354, 5219683.754356556], [629865.9302824967, 5219683.626958777], [629865.9639106195, 5219683.441352638], [629865.9837761994, 5219683.196819869], [629865.9795777183, 5219682.951517425], [629865.9513556099, 5219682.707807701], [629865.8993816687, 5219682.468037757], [629865.8241564317, 5219682.234516708], [629865.7264043596, 5219682.009493489], [629865.6070668579, 5219681.795135197], [629865.4672932121, 5219681.59350622], [629864.759587521, 5219680.672639722], [629865.0127371349, 5219680.474721946], [629865.1983687507, 5219680.314310538], [629865.2527452306, 5219680.25709663], [629867.2703715137, 5219682.443710064], [629867.4947935705, 5219682.152294205], [629867.5929494436, 5219682.037322164], [629867.7021791928, 5219681.932813754], [629873.1033030889, 5219677.263087973], [629865.2737469614, 5219668.77776403], [629865.0987269495, 5219668.605836976], [629865.0946721522, 5219668.602569344], [629865.2143187327, 5219668.49896795], [629865.3831546307, 5219668.320964141], [629865.5337301132, 5219668.127268657], [629865.6645950562, 5219667.919746891], [629865.7744891586, 5219667.700397392], [629865.8623540802, 5219667.471332614], [629865.9273436338, 5219667.234758578], [629865.9688319345, 5219666.992953621], [629865.9864194272, 5219666.748246456], [629865.9799367348, 5219666.502993747], [629865.949446289, 5219666.259557411], [629865.8952417297, 5219666.020281875], [629865.8178450763, 5219665.787471491], [629865.7180017009, 5219665.563368352], [629865.5966731498, 5219665.350130693], [629865.4550278833, 5219665.149812109], [629865.1851967962, 5219664.805394542], [629865.1961206604, 5219664.795999866], [629865.3655556277, 5219664.618566193], [629865.516783178, 5219664.42537938], [629865.6483469073, 5219664.2182999225], [629865.7589797851, 5219663.999322108], [629865.8476163562, 5219663.7705548145], [629865.9134030021, 5219663.534201194], [629865.9557061612, 5219663.292537462], [629865.9741184311, 5219663.047890972], [629865.9684624916, 5219662.802617804], [629865.9387928125, 5219662.559080073], [629865.885395129, 5219662.319623179], [629865.8087836899, 5219662.086553223], [629865.7096963053, 5219661.862114798], [629865.589087241, 5219661.648469367], [629865.4481180281, 5219661.447674452], [629864.8765599999, 5219660.713039284], [629865.0143953712, 5219660.606925476], [629865.201219669, 5219660.447904728], [629865.3715575977, 5219660.271337725], [629865.52376871, 5219660.078924904], [629865.6563871296, 5219659.872519304], [629865.7681356687, 5219659.6541087255], [629865.8579381278, 5219659.425796582], [629865.92492966, 5219659.189781643], [629865.9684651004, 5219658.948336863], [629865.9881251787, 5219658.703787486], [629865.9837205579, 5219658.458488656], [629865.9552936566, 5219658.2148027355], [629865.9031182415, 5219657.9750765525], [629865.8276967905, 5219657.741618802], [629865.7297556531, 5219657.516677809], [629865.6102380563, 5219657.302419879], [629865.4702950199, 5219657.100908432], [629850.8602950198, 5219638.123408432], [629850.7012742715, 5219637.936584135], [629850.5247072681, 5219637.766246206], [629850.3322944465, 5219637.614035094], [629850.1258888474, 5219637.481416674], [629849.9074782694, 5219637.369668135], [629849.6791661257, 5219637.279865676], [629849.4431511873, 5219637.212874143], [629849.2017064068, 5219637.169338703], [629848.9571570295, 5219637.149678625], [629848.7118581998, 5219637.154083246], [629848.4681722793, 5219637.182510147], [629848.2284460966, 5219637.234685563], [629847.994988346, 5219637.310107013], [629847.7700473532, 5219637.40804815], [629847.5557894231, 5219637.5275657475], [629847.3542779764, 5219637.667508784], [629845.135604629, 5219639.3755745245], [629844.9487803312, 5219639.5345952725], [629844.7784424025, 5219639.711162276], [629844.6262312902, 5219639.903575098], [629844.4936128705, 5219640.109980697], [629844.3818643314, 5219640.328391275], [629844.2920618723, 5219640.5567034185], [629844.2250703401, 5219640.792718357], [629844.1815348997, 5219641.034163138], [629844.1618748214, 5219641.278712515], [629844.1662794423, 5219641.524011345], [629844.1947063436, 5219641.767697265], [629844.2468817587, 5219642.007423448], [629844.3223032098, 5219642.240881199], [629844.4202443471, 5219642.465822192], [629844.5397619439, 5219642.680080122], [629844.5694915118, 5219642.7228893135], [629844.3173899723, 5219642.919028384], [629844.3062379175, 5219642.9286193075], [629844.191873719, 5219642.897140614], [629843.9500895538, 5219642.855531311], [629843.7053912206, 5219642.837821361], [629843.4601352982, 5219642.84418132], [629843.216683735, 5219642.874549938], [629842.9773811027, 5219642.928634749], [629842.7445320166, 5219643.0059148865], [629842.5203789405, 5219643.105646101], [629842.3070805911, 5219643.226867925], [629842.1066911482, 5219643.368412928], [629839.9017046917, 5219645.094111257], [629839.7161540149, 5219645.254616282], [629839.5472290592, 5219645.432535578], [629839.3965566637, 5219645.626155685], [629839.2655878862, 5219645.833611935], [629839.1555840276, 5219646.052906413], [629839.0676044853, 5219646.281927191], [629839.0024965502, 5219646.518468674], [629838.9608872473, 5219646.760252839], [629838.9431772972, 5219647.0049511725], [629838.9495372562, 5219647.250207095], [629838.9628171463, 5219647.356666006], [629838.6796710163, 5219647.577047685], [629838.4936918515, 5219647.737056019], [629838.3242917868, 5219647.914523015], [629838.173102237, 5219648.107739569], [629838.0415792405, 5219648.3148449], [629837.9309894353, 5219648.533844469], [629837.8423978619, 5219648.762629193], [629837.7766577054, 5219648.998995748], [629837.7344020796, 5219649.240667796], [629837.7209451159, 5219649.41994359], [629837.384762865, 5219649.682778055], [629837.1991312495, 5219649.843189463], [629837.0301165682, 5219650.021023527], [629836.8793465253, 5219650.214567606], [629836.7482731185, 5219650.421957767], [629836.6381586564, 5219650.641196727], [629836.5500636016, 5219650.870173097], [629836.4848363574, 5219651.106681708], [629836.4824941044, 5219651.120251164], [629835.7790525774, 5219651.660861093], [629835.5920947117, 5219651.819724786], [629835.4216084641, 5219651.996148583], [629835.2692357103, 5219652.188433425], [629835.1364438833, 5219652.394727505], [629835.024511841, 5219652.613044097], [629835.0184701207, 5219652.628366644], [629833.938291271, 5219653.463497847], [629833.7517945943, 5219653.622902697], [629833.5818203578, 5219653.79981984], [629833.4595845554, 5219653.954995512], [629831.9792004524, 5219655.08720544], [629831.7918715695, 5219655.245631468], [629831.6209731926, 5219655.421656071], [629831.4681511666, 5219655.61358404], [629831.3348772508, 5219655.819567], [629831.2224349461, 5219656.037621224], [629831.2116033091, 5219656.0649044365], [629830.0226788688, 5219656.948372734], [629829.833173454, 5219657.104188697]]], [[[629873.5362730508, 5219689.216663025], [629873.7273020922, 5219689.370607242], [629873.9325004484, 5219689.505086055], [629874.1498919473, 5219689.61880436], [629874.3773829896, 5219689.710666987], [629874.6127827123, 5219689.779789249], [629874.8538240877, 5219689.825505461], [629875.0981857551, 5219689.84737535], [629875.3435143784, 5219689.845188298], [629875.5874473088, 5219689.818965368], [629875.8276353386, 5219689.768959099], [629876.0617653262, 5219689.69565108], [629876.2875824714, 5219689.5997473085], [629876.502912032, 5219689.482171388], [629876.7056802663, 5219689.3440556405], [629876.8939344054, 5219689.186730196], [629878.9517527367, 5219687.287945396], [629879.1236797906, 5219687.112925384], [629879.2776240077, 5219686.921896342], [629879.4121028208, 5219686.716697986], [629879.5258211257, 5219686.499306488], [629879.6176837528, 5219686.271815445], [629879.6868060149, 5219686.036415722], [629879.7325222266, 5219685.795374347], [629879.754392116, 5219685.55101268], [629879.752205064, 5219685.305684057], [629879.7259821333, 5219685.061751126], [629879.6759758649, 5219684.821563097], [629879.6026678464, 5219684.587433109], [629879.5067640743, 5219684.361615963], [629879.3891881543, 5219684.146286403], [629879.2510724067, 5219683.943518169], [629879.0937469614, 5219683.75526403], [629875.1387787316, 5219679.469045747], [629869.7790653867, 5219684.102968625], [629869.3343001195, 5219684.680503891], [629873.3612530386, 5219689.044735971], [629873.5362730508, 5219689.216663025]]]]}}, {"type": "Feature", "properties": {"vineyard_id": "V24", "area_m2": 1439.6}, "geometry": {"type": "Polygon", "coordinates": [[[630064.0324618297, 5219693.142263321], [630063.8992825794, 5219693.348307501], [630063.7869404848, 5219693.56641337], [630063.6965174616, 5219693.794480451], [630063.6288843331, 5219694.030312333], [630063.5846924433, 5219694.271637826], [630063.5643673841, 5219694.516132833], [630063.568104897, 5219694.761442734], [630063.595868988, 5219695.005205061], [630063.6473922733, 5219695.245072248], [630063.7221785557, 5219695.478734245], [630063.8195076024, 5219695.703940758], [630063.9384420814, 5219695.918522924], [630064.0778365888, 5219696.120414201], [630064.2363486793, 5219696.307670266], [630064.4124517946, 5219696.47848774], [630064.6044499656, 5219696.631221557], [630064.6756322146, 5219696.682351632], [630064.0493135977, 5219697.546800129], [630063.9152909842, 5219697.752296736], [630063.802055916, 5219697.969940335], [630063.7106989088, 5219698.197634897], [630063.6420997804, 5219698.433187601], [630063.5969191779, 5219698.674329944], [630063.5755922153, 5219698.9187395945], [630063.5783242829, 5219699.164062754], [630063.6050890692, 5219699.407936825], [630063.6556288151, 5219699.648013169], [630063.7294567947, 5219699.881979718], [630063.8258620045, 5219700.107583246], [630063.9439160096, 5219700.32265107], [630064.0824818854, 5219700.525111966], [630064.2402251668, 5219700.713016127], [630064.4156266997, 5219700.884553933], [630064.6069972715, 5219701.0380733805], [630065.0015484648, 5219701.323937441], [630064.032039016, 5219702.686844347], [630063.8998080853, 5219702.8934984], [630063.7884695221, 5219703.112118254], [630063.6990955776, 5219703.340598483], [630063.6325469717, 5219703.576738695], [630063.5894646037, 5219703.818264731], [630063.5702633804, 5219704.062850564], [630063.5751282203, 5219704.308140698], [630063.6040122721, 5219704.551772855], [630063.6566373667, 5219704.791400725], [630063.7324966956, 5219705.024716561], [630063.8308596921, 5219705.249473401], [630063.9507790667, 5219705.463506717], [630064.0910999301, 5219705.664755249], [630064.250470916, 5219705.851280865], [630064.4273571945, 5219706.021287221], [630064.6200552543, 5219706.173137063], [630064.7919007041, 5219706.295380033], [630064.0130744474, 5219707.399499661], [630063.8816663403, 5219707.606677908], [630063.7711980186, 5219707.825738782], [630063.6827333523, 5219708.054572606], [630063.6171243048, 5219708.290975588], [630063.5750027269, 5219708.532671035], [630063.5567742725, 5219708.77733129], [630063.5626144916, 5219709.022600139], [630063.5924671396, 5219709.26611551], [630063.6460447193, 5219709.505532217], [630063.7228312492, 5219709.738544546], [630063.8220872332, 5219709.962908461], [630063.9428567818, 5219710.176463214], [630064.0839768181, 5219710.377152157], [630064.2440882793, 5219710.563042546], [630064.4216492043, 5219710.732344153], [630064.6149495842, 5219710.883426514], [630066.9029986989, 5219712.497375476], [630067.110176946, 5219712.628783583], [630067.3292378199, 5219712.739251905], [630067.5580716449, 5219712.827716571], [630067.794474626, 5219712.8933256185], [630068.0361700733, 5219712.9354471965], [630068.2808303278, 5219712.953675651], [630068.5260991771, 5219712.947835432], [630068.7696145483, 5219712.917982784], [630069.0090312553, 5219712.864405205], [630069.2420435841, 5219712.787618674], [630069.4664074989, 5219712.688362691], [630069.6799622524, 5219712.567593141], [630069.8806511956, 5219712.426473105], [630070.0665415842, 5219712.266361644], [630070.2358431923, 5219712.088800719], [630070.3869255526, 5219711.895500339], [630086.7388625817, 5219688.713828584], [630086.776236661, 5219688.666582363], [630121.556236661, 5219639.966582363], [630121.6888530148, 5219639.760175436], [630121.800599368, 5219639.54176374], [630121.8903995422, 5219639.313450697], [630121.9573887123, 5219639.077435088], [630122.0009217362, 5219638.835989872], [630122.0205793671, 5219638.591440298], [630122.0161722912, 5219638.3461415125], [630121.987742951, 5219638.102455876], [630121.9355651368, 5219637.862730215], [630121.8601413493, 5219637.62927322], [630121.7621979608, 5219637.404333207], [630121.6426782196, 5219637.190076473], [630121.5027331663, 5219636.9885664275], [630121.3437105484, 5219636.801743721], [630121.1671418402, 5219636.631407559], [630120.9747274952, 5219636.479198373], [630120.4661202676, 5219636.115967174], [630120.4677519191, 5219636.095026631], [630120.4627440295, 5219635.8497393755], [630120.4337178989, 5219635.606124104], [630120.3809530649, 5219635.366526965], [630120.3049576816, 5219635.13325541], [630120.2064636261, 5219634.908555972], [630120.08641945, 5219634.694592629], [630119.9459812443, 5219634.493425963], [630119.7865015059, 5219634.306993322], [630119.6095161116, 5219634.137090154], [630119.4167295275, 5219633.985352717], [630117.1341703641, 5219632.363648778], [630116.9274392306, 5219632.231538388], [630116.7087544814, 5219632.12032734], [630116.4802221702, 5219632.031086659], [630116.2440431882, 5219631.9646757785], [630116.0024920678, 5219631.921734273], [630115.7578950786, 5219631.902675693], [630115.5126078232, 5219631.907683583], [630115.2689925521, 5219631.936709713], [630115.0293954134, 5219631.989474547], [630114.7961238585, 5219632.065469931], [630114.5714244201, 5219632.163963987], [630114.3574610765, 5219632.284008162], [630114.1562944117, 5219632.424446368], [630113.9698617709, 5219632.583926107], [630113.8357490618, 5219632.723629155], [630113.3506187951, 5219632.3805038445], [630113.1436075291, 5219632.248832844], [630112.9246870641, 5219632.138086528], [630112.6959657238, 5219632.049331442], [630112.4596462196, 5219631.98342235], [630112.2180044376, 5219631.940993989], [630111.9733675203, 5219631.922454969], [630111.7280914548, 5219631.92798383], [630111.4845383839, 5219631.957527327], [630111.2450538565, 5219632.010800939], [630111.0119442398, 5219632.087291613], [630110.7874545067, 5219632.186262702], [630110.5737466163, 5219632.306761059], [630110.3728786919, 5219632.44762622], [630110.3410439445, 5219632.474975869], [630110.2020378446, 5219632.37618836], [630109.995323754, 5219632.244051305], [630109.7766533521, 5219632.132812049], [630109.5481325543, 5219632.043541889], [630109.3119621407, 5219631.977100544], [630109.0704165616, 5219631.93412788], [630108.8258220329, 5219631.915037749], [630108.5805341336, 5219631.920013999], [630108.3369151202, 5219631.949008704], [630108.0973111772, 5219632.001742631], [630107.8640298214, 5219632.077707923], [630107.6393176798, 5219632.176172993], [630107.425338853, 5219632.296189569], [630107.2241540744, 5219632.436601824], [630107.0377008633, 5219632.596057513], [630106.8677748658, 5219632.773020989], [630106.7160125625, 5219632.965787998], [630070.9459929958, 5219683.298577802], [630070.7907299703, 5219683.23974183], [630070.5538947503, 5219683.175710625], [630070.3119238011, 5219683.135201659], [630070.0671474352, 5219683.118605056], [630069.8219229826, 5219683.126080649], [630069.5786120892, 5219683.157556444], [630069.3395579716, 5219683.212729313], [630069.1070628518, 5219683.29106791], [630068.8833657848, 5219683.391817793], [630068.6706210957, 5219683.514008684], [630068.4708776321, 5219683.656463819], [630068.2860590329, 5219683.817811276], [630068.117945202, 5219683.9964971915], [630067.9681551675, 5219684.190800723], [630064.0006551675, 5219689.895800723], [630063.8706314898, 5219690.10385062], [630063.7616263675, 5219690.323643249], [630063.6746895795, 5219690.553061888], [630063.6106583748, 5219690.7898971075], [630063.570149409, 5219691.031868057], [630063.5535528053, 5219691.276644424], [630063.5610283983, 5219691.521868876], [630063.5925041939, 5219691.765179769], [630063.6476770629, 5219692.004233887], [630063.7260156603, 5219692.236729007], [630063.826765543, 5219692.4604260735], [630063.9489564341, 5219692.673170763], [630064.0914115688, 5219692.872914227], [630064.1652123404, 5219692.957450763], [630064.0324618297, 5219693.142263321]]]}}, {"type": "Feature", "properties": {"vineyard_id": "V25", "area_m2": 878.0}, "geometry": {"type": "MultiPolygon", "coordinates": [[[[629863.7546080415, 5219632.41092414], [629863.5101136805, 5219632.39059131], [629863.2648036607, 5219632.394321026], [629863.021040452, 5219632.42207737], [629862.781171627, 5219632.473593031], [629862.5475072538, 5219632.548371887], [629862.3222976481, 5219632.645693775], [629862.1077117013, 5219632.764621434], [629861.9058159936, 5219632.904009525], [629861.7185548906, 5219633.062515663], [629859.6727174324, 5219634.974203162], [629859.5018943617, 5219635.150300848], [629859.3491544421, 5219635.342294165], [629859.2159686428, 5219635.548334111], [629859.103619616, 5219635.76643641], [629859.013189344, 5219635.994500617], [629858.9455487198, 5219636.230330349], [629858.9013491598, 5219636.4716544375], [629858.8810163297, 5219636.716148798], [629858.8847460458, 5219636.961458818], [629858.912502389, 5219637.205222027], [629858.9640180505, 5219637.445090852], [629859.0387969062, 5219637.678755226], [629859.136118795, 5219637.9039648315], [629859.2550464538, 5219638.118550778], [629859.3944345444, 5219638.320446486], [629859.5529406832, 5219638.507707588], [629885.6393125791, 5219666.4246536335], [629888.9599412406, 5219663.553690929], [629889.0890939092, 5219663.453776607], [629889.228341806, 5219663.368492924], [629889.3760347947, 5219663.29885052], [629896.8249839823, 5219660.270300928], [629871.3126466174, 5219632.59178172], [629871.1377176434, 5219632.419762039], [629870.946770123, 5219632.265716717], [629870.7416429853, 5219632.131129296], [629870.5243117166, 5219632.017295925], [629870.2968693358, 5219631.925312883], [629870.0615062376, 5219631.856066016], [629869.820489097, 5219631.810222209], [629869.5761390411, 5219631.788222964], [629869.3308092944, 5219631.790280145], [629869.0868625165, 5219631.81637394], [629868.8466480481, 5219631.866253052], [629868.6124792859, 5219631.939437117], [629868.3866114033, 5219632.035221335], [629868.1712196312, 5219632.152683248], [629867.9683783102, 5219632.290691636], [629867.7800409134, 5219632.447917402], [629867.7707922101, 5219632.456442282], [629867.6919101392, 5219632.37946446], [629867.5003737331, 5219632.226151962], [629867.2947323746, 5219632.092351558], [629867.0769665025, 5219631.979351817], [629866.8491733209, 5219631.888240987], [629866.613546603, 5219631.819896519], [629866.3723555629, 5219631.774976605], [629866.1279230018, 5219631.753913848], [629865.8826029391, 5219631.756911094], [629865.6387579413, 5219631.78393948], [629865.3987363687, 5219631.834738705], [629865.1648497605, 5219631.908819547], [629864.9393505724, 5219632.005468566], [629864.724410485, 5219632.123754978], [629864.5220994889, 5219632.262539622], [629864.3343659494, 5219632.420485926], [629864.2260246619, 5219632.521118782], [629863.9959321296, 5219632.4551237], [629863.7546080415, 5219632.41092414]]], [[[629906.9690383691, 5219689.233530659], [629907.1610316857, 5219689.386270579], [629907.367071632, 5219689.519456378], [629907.5851739307, 5219689.631805405], [629907.8132381378, 5219689.722235677], [629908.0490678699, 5219689.789876301], [629908.2903919579, 5219689.834075861], [629908.534886319, 5219689.854408691], [629908.7801963388, 5219689.850678975], [629909.0239595476, 5219689.822922632], [629909.2638283726, 5219689.77140697], [629909.4974927459, 5219689.696628114], [629909.7227023517, 5219689.599306226], [629909.9372882985, 5219689.480378567], [629910.0784190177, 5219689.382942412], [629910.2777676261, 5219689.512648444], [629910.4955334982, 5219689.625648185], [629910.7233266797, 5219689.716759013], [629910.9589533976, 5219689.785103482], [629911.2001444378, 5219689.830023396], [629911.4445769987, 5219689.851086153], [629911.6898970613, 5219689.848088906], [629911.9337420592, 5219689.821060521], [629912.1737636316, 5219689.770261295], [629912.4076502399, 5219689.6961804535], [629912.6331494278, 5219689.5995314345], [629912.8480895152, 5219689.481245022], [629913.0504005114, 5219689.342460378], [629913.2381340509, 5219689.184514075], [629915.2896703529, 5219687.2789436085], [629915.4610184592, 5219687.103356755], [629915.6143309561, 5219686.911820349], [629915.7481313609, 5219686.70617899], [629915.8611311021, 5219686.488413118], [629915.9522419305, 5219686.2606199365], [629916.0205863994, 5219686.0249932185], [629916.0655063137, 5219685.783802179], [629916.0865690704, 5219685.539369618], [629916.0836397046, 5219685.299605519], [629916.3062822991, 5219685.094387423], [629916.47830198, 5219684.919458449], [629916.6323473013, 5219684.728510928], [629916.7669347227, 5219684.523383791], [629916.8807680932, 5219684.306052523], [629916.9727511355, 5219684.078610142], [629917.0419980026, 5219683.843247043], [629917.0878418093, 5219683.6022299025], [629917.1098410547, 5219683.357879847], [629917.1077838739, 5219683.1125501], [629917.0816900788, 5219682.868603323], [629917.0318109669, 5219682.628388854], [629916.9586269013, 5219682.394220092], [629916.8628426846, 5219682.168352209], [629916.7453807711, 5219681.952960437], [629916.6073723834, 5219681.750119116], [629916.4501466174, 5219681.561781719], [629898.9962987038, 5219662.625975963], [629890.7349895026, 5219665.984810073], [629887.6890770993, 5219668.618257472], [629906.7929406833, 5219689.062707588], [629906.9690383691, 5219689.233530659]]]]}}, {"type": "Feature", "properties": {"vineyard_id": "V26", "area_m2": 1692.5}, "geometry": {"type": "MultiPolygon", "coordinates": [[[[629967.607317799, 5219589.7014301], [629967.4227832559, 5219589.539757842], [629967.2232906448, 5219589.396951629], [629967.0107611883, 5219589.274386761], [629966.7872416616, 5219589.173243606], [629966.5548846795, 5219589.094496229], [629966.3159279671, 5219589.038903007], [629966.0726728081, 5219589.006999337], [629965.8274618825, 5219588.999092466], [629965.5826567058, 5219589.015258543], [629965.3406148854, 5219589.055341879], [629965.1036674166, 5219589.118956449], [629964.8740962328, 5219589.205489612], [629964.6541122303, 5219589.314108005], [629964.4458339751, 5219589.443765573], [629964.2512673006, 5219589.593213644], [629962.1170806609, 5219591.405738786], [629961.9380993509, 5219591.573538092], [629961.7764270928, 5219591.758072635], [629961.6336208791, 5219591.957565246], [629961.5110560117, 5219592.170094703], [629961.409912857, 5219592.39361423], [629961.3311654791, 5219592.625971212], [629961.2755722583, 5219592.864927924], [629961.2436685876, 5219593.108183083], [629961.235761717, 5219593.353394008], [629961.2519277937, 5219593.598199185], [629961.2920111297, 5219593.840241006], [629961.3556257006, 5219594.077188474], [629961.4421588631, 5219594.306759658], [629961.5507772558, 5219594.526743661], [629961.6804348241, 5219594.735021915], [629961.8298828949, 5219594.92958859], [629962.3068166123, 5219595.491161803], [629962.1195622646, 5219595.651830282], [629961.9414317136, 5219595.820532456], [629961.7806946144, 5219596.005882129], [629961.6388989532, 5219596.206094285], [629961.5174102997, 5219596.419240768], [629961.4173986563, 5219596.643268865], [629961.3398271895, 5219596.876021059], [629961.285442955, 5219597.1152558215], [629961.2547697027, 5219597.358669191], [629961.2481028329, 5219597.603916962], [629961.2655065511, 5219597.848637266], [629961.3068132501, 5219598.090473312], [629961.3716251237, 5219598.327096087], [629961.459317998, 5219598.556226784], [629961.569047343, 5219598.77565875], [629961.6997564049, 5219598.983278734], [629961.8501863842, 5219599.177087242], [629966.0552726022, 5219604.077990522], [629984.1713848176, 5219589.630054152], [629977.2043547656, 5219581.480714928], [629977.0359717179, 5219581.302282684], [629976.8509100626, 5219581.141214064], [629976.6509520442, 5219580.999060248], [629976.4380233677, 5219580.877190255], [629976.2141746527, 5219580.776777758], [629975.9815616847, 5219580.698789787], [629975.7424246537, 5219580.6439774055], [629975.4990665802, 5219580.61286849], [629975.2538311353, 5219580.605762634], [629975.0090800705, 5219580.622728272], [629974.7671704724, 5219580.663602016], [629974.5304320625, 5219580.727990228], [629974.3011447611, 5219580.8152728155], [629974.0815167304, 5219580.924609199], [629973.8736631083, 5219581.054946409], [629973.6795856389, 5219581.205029228], [629971.5513309354, 5219583.024515946], [629971.3728986908, 5219583.192898993], [629971.2118300708, 5219583.377960649], [629971.0696762548, 5219583.577918667], [629970.9478062611, 5219583.790847344], [629970.8473937649, 5219584.014696059], [629970.7694057932, 5219584.247309027], [629970.7145934127, 5219584.486446057], [629970.6834844969, 5219584.729804131], [629970.6763786413, 5219584.975039576], [629970.6933442794, 5219585.219790641], [629970.7342180229, 5219585.461700239], [629970.7986062351, 5219585.698438649], [629970.8858888224, 5219585.92772595], [629970.9952252057, 5219586.147353982], [629971.125562416, 5219586.355207603], [629971.2452098283, 5219586.509927958], [629969.4433436125, 5219588.044069554], [629969.2645705158, 5219588.212090673], [629969.1031272104, 5219588.396825553], [629968.9605684832, 5219588.596495095], [629968.8382672528, 5219588.809176371], [629968.7374013468, 5219589.032821148], [629968.658942159, 5219589.265275599], [629968.6036452944, 5219589.504301066], [629968.572043292, 5219589.7475956], [629968.5703368987, 5219589.802633603], [629968.3956587578, 5219589.889653318], [629968.1878413291, 5219590.020048229], [629968.0103466071, 5219590.15738614], [629967.7751171052, 5219589.880411411], [629967.607317799, 5219589.7014301]]], [[[629995.1063885575, 5219637.917717793], [629995.2917382311, 5219638.078454892], [629995.4919503862, 5219638.220250553], [629995.7050968703, 5219638.3417392075], [629995.9291249663, 5219638.4417508505], [629996.161877161, 5219638.519322318], [629996.4011119236, 5219638.573706552], [629996.6445252926, 5219638.604379805], [629996.8897730642, 5219638.611046675], [629997.1344933682, 5219638.593642956], [629997.3763294144, 5219638.552336257], [629997.6129521894, 5219638.487524384], [629997.8420828866, 5219638.399831509], [629998.061514852, 5219638.290102164], [629998.2691348359, 5219638.159393102], [629998.4629433446, 5219638.008963123], [629998.4629614678, 5219638.008947573], [629998.5272167441, 5219638.065242158], [629998.7267093554, 5219638.208048372], [629998.9392388118, 5219638.33061324], [629999.1627583387, 5219638.431756394], [629999.3951153208, 5219638.510503773], [629999.6340720332, 5219638.566096993], [629999.8773271923, 5219638.598000663], [630000.1225381179, 5219638.605907534], [630000.3673432948, 5219638.589741457], [630000.6093851151, 5219638.549658122], [630000.846332584, 5219638.486043551], [630001.0759037677, 5219638.399510388], [630001.2958877702, 5219638.290891995], [630001.5041660254, 5219638.161234426], [630001.6987326996, 5219638.011786356], [630001.8479408005, 5219637.8850666825], [630001.8747815154, 5219637.913493452], [630002.0598878808, 5219638.074510687], [630002.2598853573, 5219638.216608983], [630002.4728478601, 5219638.338419857], [630002.6967244437, 5219638.438770203], [630002.9293590543, 5219638.516693592], [630003.1685112935, 5219638.571439579], [630003.4118779943, 5219638.602480931], [630003.6571154025, 5219638.609518702], [630003.9018617477, 5219638.592485115], [630004.143759989, 5219638.551544213], [630004.3804805138, 5219638.4870902775], [630004.6097435742, 5219638.399744038], [630004.8293412416, 5219638.290346684], [630005.0371586705, 5219638.159951773], [630005.2311944653, 5219638.009815078], [630005.2940246067, 5219637.956070158], [630005.4277488048, 5219638.072566911], [630005.6276404473, 5219638.214814047], [630005.8405122145, 5219638.3367834175], [630006.0643140348, 5219638.437300391], [630006.2968905744, 5219638.515396932], [630006.536001994, 5219638.57032093], [630006.7793455202, 5219638.601543437], [630007.0245776215, 5219638.608763762], [630007.2693365787, 5219638.59191237], [630007.5112652294, 5219638.5511515485], [630007.7480336685, 5219638.486873847], [630007.9773616864, 5219638.399698296], [630008.1970407289, 5219638.290464441], [630008.4049551666, 5219638.160224267], [630008.5991026702, 5219638.010232056], [630010.631771245, 5219636.274105411], [630011.8668540989, 5219637.720274051], [630012.0351461921, 5219637.898792083], [630012.2201257398, 5219638.059954993], [630012.4200112879, 5219638.202210694], [630012.6328778295, 5219638.324189183], [630012.8566753432, 5219638.424715744], [630013.0892485367, 5219638.50282225], [630013.3283576032, 5219638.557756492], [630013.5716997914, 5219638.5889894245], [630013.8169315831, 5219638.596220256], [630014.0616912621, 5219638.579379349], [630014.3036216589, 5219638.538628893], [630014.5403928516, 5219638.474361336], [630014.769724604, 5219638.3871956095], [630014.9894083261, 5219638.277971167], [630015.1973283435, 5219638.147739899], [630015.391482273, 5219637.997756006], [630017.1338033275, 5219636.50974776], [630018.1776637223, 5219637.731221737], [630018.3460128607, 5219637.909685975], [630018.5310439065, 5219638.070789758], [630018.7309749092, 5219638.212981568], [630018.9438804239, 5219638.33489202], [630019.1677100544, 5219638.4353470495], [630019.4003081989, 5219638.513379222], [630019.63943481, 5219638.568237042], [630019.8827869678, 5219638.5993922], [630020.128021058, 5219638.606544656], [630020.3727753422, 5219638.589625525], [630020.6146927029, 5219638.548797751], [630020.8514433437, 5219638.484454525], [630021.0807472264, 5219638.397215508], [630021.3003960293, 5219638.287920861], [630021.5082744143, 5219638.157623149], [630021.7023803989, 5219638.007577212], [630021.8289838781, 5219637.899383046], [630021.9747201446, 5219638.030495223], [630022.1723152814, 5219638.175915574], [630022.3832126304, 5219638.301267976], [630022.6053811351, 5219638.405345216], [630022.8366811912, 5219638.487144976], [630023.0748852529, 5219638.545879477], [630023.3176992848, 5219638.580983074], [630023.5627848548, 5219638.592117701], [630023.8077816552, 5219638.579176125], [630024.0503302327, 5219638.54228298], [630024.2880947121, 5219638.4817935685], [630024.5187852912, 5219638.398290435], [630024.7401802938, 5219638.292577761], [630024.9070800754, 5219638.191703593], [630025.0308990506, 5219638.266924555], [630025.2520531731, 5219638.373140235], [630025.4825533353, 5219638.457167563], [630025.7201796945, 5219638.51819731], [630025.9626437791, 5219638.555641726], [630026.2076105274, 5219638.5691402], [630026.4527207757, 5219638.558562735], [630026.6956139783, 5219638.524011198], [630026.933950941, 5219638.465818339], [630027.1654363483, 5219638.384544587], [630027.3878408694, 5219638.280972653], [630027.5990226271, 5219638.156099991], [630027.6519864539, 5219638.117306505], [630027.7669557021, 5219638.200172789], [630027.9790860995, 5219638.323427043], [630028.2022760606, 5219638.425295379], [630028.434376144, 5219638.504796749], [630028.6731510989, 5219638.561165512], [630028.9163013921, 5219638.5938588055], [630029.1614853535, 5219638.602561776], [630029.4063417272, 5219638.5871906085], [630029.6485124128, 5219638.547893335], [630029.885665174, 5219638.485048411], [630030.1155161, 5219638.399261068], [630030.335851601, 5219638.291357483], [630030.5445497254, 5219638.162376828], [630030.7396005963, 5219638.013561256], [630032.8796608222, 5219636.207974862], [630033.0591859933, 5219636.04075755], [630033.2214565388, 5219635.856748891], [630033.3649097047, 5219635.657720989], [630033.4881639585, 5219635.445590591], [630033.5900322945, 5219635.22240063], [630033.6695336648, 5219634.990300546], [630033.7259024279, 5219634.751525591], [630033.7585957217, 5219634.508375298], [630033.7672986919, 5219634.263191337], [630033.7519275242, 5219634.018334962], [630033.7126302513, 5219633.776164277], [630033.6497853274, 5219633.539011516], [630033.5639979835, 5219633.30916059], [630033.4560943986, 5219633.088825089], [630033.3271137434, 5219632.880126964], [630033.178298172, 5219632.685076093], [630018.980798172, 5219615.857576094], [630018.8135808593, 5219615.678050923], [630018.6295722001, 5219615.515780377], [630018.430544298, 5219615.372327211], [630018.2184139006, 5219615.249072958], [630017.9952239395, 5219615.147204622], [630017.7631238562, 5219615.067703252], [630017.5243489011, 5219615.011334489], [630017.2811986079, 5219614.978641195], [630017.0360146465, 5219614.969938225], [630016.7911582728, 5219614.985309392], [630016.5489875873, 5219615.024606666], [630016.3118348261, 5219615.087451589], [630016.0819839, 5219615.173238933], [630015.8616483991, 5219615.281142518], [630015.6529502746, 5219615.410123173], [630015.4578994038, 5219615.5589387445], [630013.3178391778, 5219617.364525138], [630013.1383140066, 5219617.531742451], [630012.9760434612, 5219617.71575111], [630012.8325902954, 5219617.914779012], [630012.7093360415, 5219618.12690941], [630012.6074677055, 5219618.350099371], [630012.5279663352, 5219618.582199454], [630012.4715975721, 5219618.82097441], [630012.4389042783, 5219619.0641247025], [630012.4302013081, 5219619.309308664], [630012.4455724759, 5219619.554165038], [630012.4848697487, 5219619.796335723], [630012.5477146726, 5219620.033488485], [630012.6335020165, 5219620.263339411], [630012.7414056014, 5219620.483674912], [630012.8662918495, 5219620.68574805], [630012.8421521985, 5219620.717894376], [630012.7147710812, 5219620.927572624], [630012.6085554011, 5219621.148726746], [630012.5245280731, 5219621.379226909], [630012.4634983265, 5219621.616853268], [630012.4260539109, 5219621.859317352], [630012.4125554365, 5219622.1042841], [630012.4231329012, 5219622.349394349], [630012.4576844381, 5219622.592287552], [630012.5001556636, 5219622.766234374], [629986.1219699853, 5219591.911654791], [629968.0100612947, 5219606.356238771], [629994.9376863842, 5219637.739587242], [629995.1063885575, 5219637.917717793]]]]}}, {"type": "Feature", "properties": {"vineyard_id": "V27", "area_m2": 1099.9}, "geometry": {"type": "Polygon", "coordinates": [[[629911.3334515226, 5219557.99129328], [629911.1506308068, 5219558.154901051], [629910.9847267884, 5219558.335640568], [629910.8373372139, 5219558.531771214], [629910.7098815255, 5219558.74140414], [629910.603587191, 5219558.96252047], [629910.519477883, 5219559.19299073], [629910.4583636203, 5219559.430595367], [629910.4208329665, 5219559.673046118], [629910.4072473622, 5219559.918008049], [629910.4177376444, 5219560.163122045], [629910.452202786, 5219560.406027521], [629910.5103108685, 5219560.644385167], [629910.5915022797, 5219560.875899468], [629910.6949951017, 5219561.098340813], [629910.819792642, 5219561.309566973], [629910.9646930322, 5219561.507543723], [629931.1721930322, 5219586.450043723], [629931.3358008025, 5219586.632864439], [629931.5165403202, 5219586.798768457], [629931.7126709652, 5219586.946158032], [629931.9223038922, 5219587.07361372], [629932.1434202215, 5219587.179908055], [629932.3738904819, 5219587.264017362], [629932.6114951188, 5219587.325131625], [629932.8539458697, 5219587.362662279], [629933.0989078013, 5219587.376247884], [629933.3440217964, 5219587.365757601], [629933.5869272732, 5219587.33129246], [629933.825284919, 5219587.273184377], [629934.0567992196, 5219587.1919929655], [629934.2792405655, 5219587.088500144], [629934.4904667251, 5219586.963702603], [629934.688443475, 5219586.818802213], [629934.8823565146, 5219586.6617009705], [629935.0491108608, 5219586.813128487], [629935.2460288918, 5219586.9594644215], [629935.4563421385, 5219587.085794367], [629935.6780251693, 5219587.190901695], [629935.9089430554, 5219587.273774166], [629936.1468719315, 5219587.333613673], [629936.3895204123, 5219587.369843928], [629936.6345516604, 5219587.382116014], [629936.8796058908, 5219587.3703117445], [629937.1223230974, 5219587.334544801], [629937.3603657809, 5219587.275159639], [629937.5914414598, 5219587.192728169], [629937.8133247494, 5219587.088044252], [629938.0238787921, 5219586.962116051], [629938.2210758372, 5219586.816156324], [629938.3662107203, 5219586.697278871], [629938.4977972375, 5219586.816882915], [629938.6946470198, 5219586.963310644], [629938.904901344, 5219587.089738631], [629939.1265353457, 5219587.194949304], [629939.3574145685, 5219587.277929428], [629939.5953155194, 5219587.33787986], [629939.8379470819, 5219587.3742232425], [629940.0829725815, 5219587.38660957], [629940.3280322888, 5219587.374919555], [629940.5707661449, 5219587.339265779], [629940.8088364898, 5219587.279991607], [629941.0399505763, 5219587.197667883], [629941.261882649, 5219587.093087427], [629941.4724953811, 5219586.9672574075], [629941.6697604565, 5219586.821389637], [629941.7037118562, 5219586.793607077], [629941.8858400321, 5219586.932600647], [629942.0945213842, 5219587.061608437], [629942.3148428533, 5219587.169540671], [629942.5446826231, 5219587.2553579], [629942.7818272109, 5219587.318233659], [629943.0239927849, 5219587.357562419], [629943.2688471581, 5219587.372965424], [629943.5140322491, 5219587.364294334], [629943.7571867913, 5219587.331632656], [629943.9959690737, 5219587.27529494], [629944.2280794922, 5219587.195823749], [629944.4512826969, 5219587.093984433], [629944.6634291186, 5219586.970757763], [629944.8624756713, 5219586.827330477], [629944.9318583341, 5219586.771966914], [629944.9670745815, 5219586.804280172], [629945.1632333057, 5219586.951632375], [629945.3728905135, 5219587.079048119], [629945.5940270914, 5219587.185300321], [629945.8245133733, 5219587.269365715], [629946.0621296501, 5219587.330434705], [629946.3045875476, 5219587.367919163], [629946.5495520633, 5219587.381458093], [629946.7946640551, 5219587.370921109], [629947.0375629606, 5219587.336409686], [629947.2759095307, 5219587.27825619], [629947.5074083573, 5219587.197020669], [629947.7298299803, 5219587.093485466], [629947.941032358, 5219586.968647682], [629948.1389814961, 5219586.823709574], [629948.2483834767, 5219586.735041563], [629948.3316971282, 5219586.810963337], [629948.5283594945, 5219586.957642683], [629948.7384519677, 5219587.084339444], [629948.9599512424, 5219587.189833462], [629949.1907241596, 5219587.273108772], [629949.4285482499, 5219587.333363388], [629949.6711331373, 5219587.370017024], [629949.9161425966, 5219587.382716685], [629950.1612170531, 5219587.371340067], [629950.4039963054, 5219587.335996734], [629950.642142257, 5219587.277027061], [629950.8733614319, 5219587.194998957], [629951.0954270631, 5219587.0907024], [629951.3062005372, 5219586.96514182], [629951.5036519904, 5219586.819526435], [629951.6533925909, 5219586.697312512], [629951.7878611529, 5219586.819312928], [629951.9848440742, 5219586.965561502], [629952.1952133359, 5219587.091798146], [629952.416942967, 5219587.196807133], [629952.6478975898, 5219587.279577169], [629952.8858529853, 5219587.339311132], [629953.1285175127, 5219587.375433752], [629953.37355418, 5219587.38759715], [629953.6186031504, 5219587.375684184], [629953.8613044679, 5219587.339809583], [629954.0993207865, 5219587.280318838], [629954.3303598788, 5219587.197784879], [629954.5521967121, 5219587.093002552], [629954.7626948764, 5219586.966980969], [629954.9598271594, 5219586.820933786], [629957.1251638267, 5219585.045738834], [629957.3070317365, 5219584.881072566], [629957.4718837859, 5219584.699373038], [629957.6181323596, 5219584.502390116], [629957.7443690038, 5219584.292020855], [629957.8493779906, 5219584.070291224], [629957.932148026, 5219583.839336601], [629957.9918819894, 5219583.601381205], [629958.0280046101, 5219583.358716678], [629958.0401680074, 5219583.113680011], [629958.0282550412, 5219582.868631041], [629957.99238044, 5219582.625929723], [629957.9328896956, 5219582.387913404], [629957.8503557366, 5219582.156874312], [629957.74557341, 5219581.935037479], [629957.619551827, 5219581.724539314], [629957.4735046439, 5219581.5274070315], [629926.4985046438, 5219543.744907032], [629926.3338383756, 5219543.563039121], [629926.1521388479, 5219543.398187072], [629925.9551559265, 5219543.251938499], [629925.7447866647, 5219543.125701854], [629925.5230570337, 5219543.020692867], [629925.2921024108, 5219542.937922832], [629925.0541470153, 5219542.878188869], [629924.8114824878, 5219542.842066248], [629924.5664458205, 5219542.82990285], [629924.3213968502, 5219542.841815816], [629924.0786955325, 5219542.877690418], [629923.8406792139, 5219542.937181163], [629923.6096401215, 5219543.019715121], [629923.3878032882, 5219543.124497448], [629923.1773051238, 5219543.250519032], [629922.9801728408, 5219543.396566214], [629921.9213224985, 5219544.264637129], [629921.9085036946, 5219544.266503266], [629921.670357743, 5219544.325472939], [629921.4391385682, 5219544.407501043], [629921.2170729369, 5219544.5117976], [629921.0062994629, 5219544.63735818], [629920.8088480096, 5219544.782973565], [629918.6396312929, 5219546.553425156], [629918.4574034258, 5219546.717692989], [629918.2921540991, 5219546.899031282], [629918.145474754, 5219547.095693649], [629918.0187779928, 5219547.305786122], [629917.9132839745, 5219547.527285397], [629917.8300086643, 5219547.758058314], [629917.7697540489, 5219547.995882404], [629917.7331004131, 5219548.238467292], [629917.7290739286, 5219548.31614864], [629917.7200243288, 5219548.322669524], [629915.5313996385, 5219550.069072102], [629915.3473698816, 5219550.231318721], [629915.1801292279, 5219550.4108221475], [629915.0312882963, 5219550.6058536675], [629914.9022805064, 5219550.81453502], [629914.7943482735, 5219551.034856489], [629914.7085310443, 5219551.264696258], [629914.6456552855, 5219551.501840846], [629914.6063265248, 5219551.74400642], [629914.5909235199, 5219551.988860793], [629914.5995946103, 5219552.234045884], [629914.6322562884, 5219552.477200426], [629914.6815979695, 5219552.686330651], [629914.1157886947, 5219553.149334549], [629913.933771046, 5219553.313835285], [629913.7687537539, 5219553.495384755], [629913.622326025, 5219553.692234537], [629913.4958980384, 5219553.902488861], [629913.3906873647, 5219554.124122863], [629913.3077072403, 5219554.355002086], [629913.247756809, 5219554.592903037], [629913.2114134263, 5219554.8355346], [629913.1990270988, 5219555.080560099], [629913.2098450658, 5219555.307338922], [629912.7328002908, 5219555.698077982], [629912.5508593583, 5219555.862663563], [629912.3859267292, 5219556.044289951], [629912.2395907949, 5219556.2412079815], [629912.1132608503, 5219556.451521228], [629912.008153522, 5219556.673204259], [629911.925281051, 5219556.904122145], [629911.8654415443, 5219557.142051022], [629911.8292112893, 5219557.384699502], [629911.8185126458, 5219557.598314524], [629911.3334515226, 5219557.99129328]]]}}, {"type": "Feature", "properties": {"vineyard_id": "V28", "area_m2": 1992.4}, "geometry": {"type": "MultiPolygon", "coordinates": [[[[630013.1930041584, 5219539.274088214], [630013.0201424521, 5219539.448185162], [630012.8651776069, 5219539.638387195], [630012.7296020193, 5219539.842862564], [630012.6147213561, 5219540.05964206], [630012.521641981, 5219540.286637978], [630012.4512602991, 5219540.521664222], [630012.4042541247, 5219540.762457361], [630012.3810761528, 5219541.006698427], [630012.3819496001, 5219541.252035244], [630012.4068660546, 5219541.496105084], [630012.4555855574, 5219541.736557422], [630012.5276389129, 5219541.9710765695], [630012.6223322081, 5219542.1974039795], [630012.7387534947, 5219542.413359995], [630012.8757815718, 5219542.616864841], [630023.8979612761, 5219557.36849935], [630038.9868388997, 5219545.064317037], [630027.9650776702, 5219530.465136122], [630027.8078245616, 5219530.276821554], [630027.632870614, 5219530.104827273], [630027.4419007299, 5219529.950809676], [630027.2367540536, 5219529.816252039], [630027.0194062598, 5219529.702450223], [630026.7919505265, 5219529.610500204], [630026.5565773768, 5219529.54128751], [630026.3155535829, 5219529.495478697], [630026.0712003354, 5219529.4735149285], [630025.8258708899, 5219529.475607729], [630025.581927903, 5219529.501736942], [630025.3417206791, 5219529.55165093], [630025.107562545, 5219529.624868994], [630024.8817085715, 5219529.720686003], [630024.6663338558, 5219529.838179188], [630024.4635125744, 5219529.976217025], [630024.1404923155, 5219530.220083594], [630024.0178212062, 5219530.09971429], [630023.8267065951, 5219529.945876317], [630023.6214334947, 5219529.811511624], [630023.4039787975, 5219529.697914215], [630023.1764367109, 5219529.6061780965], [630022.9409985896, 5219529.537186737], [630022.6999318316, 5219529.491604561], [630022.4555580412, 5219529.469870551], [630022.210230672, 5219529.472194015], [630021.9663123604, 5219529.4985525785], [630021.7261521732, 5219529.548692394], [630021.4920629843, 5219529.622130587], [630021.2662992004, 5219529.7181599075], [630021.0510350503, 5219529.835855542], [630020.8483436455, 5219529.974084016], [630020.5722044646, 5219530.182965267], [630020.4922258528, 5219530.104231869], [630020.3013614828, 5219529.950083535], [630020.0963069979, 5219529.815385448], [630019.8790371851, 5219529.701434822], [630019.6516444715, 5219529.609329065], [630019.416318773, 5219529.539955207], [630019.1753264047, 5219529.493981355], [630018.9309882552, 5219529.471850262], [630018.6856574342, 5219529.473775064], [630018.4416966116, 5219529.499737222], [630018.2014552635, 5219529.549486707], [630017.9672470456, 5219529.622544405], [630017.7413275108, 5219529.71820673], [630017.5258723879, 5219529.835552401], [630017.3229566275, 5219529.973451316], [630015.0871307119, 5219531.6590024065], [630014.8987085036, 5219531.816126524], [630014.7265944564, 5219531.990962651], [630014.5724461224, 5219532.18182702], [630014.4377480347, 5219532.386881505], [630014.3237974092, 5219532.604151318], [630014.2316916529, 5219532.831544031], [630014.1623177945, 5219533.06686973], [630014.1163439422, 5219533.307862098], [630014.0942128494, 5219533.5522002475], [630014.0950310482, 5219533.656486031], [630013.3795244973, 5219534.193574575], [630013.1907773883, 5219534.350308252], [630013.0183017349, 5219534.524787664], [630012.8637585719, 5219534.715332482], [630012.7286362346, 5219534.920107652], [630012.614236025, 5219535.13714108], [630012.5216596796, 5219535.364342614], [630012.4517987592, 5219535.599524179], [630012.4053260626, 5219535.840420847], [630012.3826891474, 5219536.084712653], [630012.3841060194, 5219536.330046934], [630012.4095630333, 5219536.574060985], [630012.4588150241, 5219536.814404817], [630012.5313876685, 5219537.04876379], [630012.6265820519, 5219537.274880896], [630012.7434814005, 5219537.490578506], [630012.8809599098, 5219537.6937793335], [630013.745850988, 5219538.845982707], [630013.3820979736, 5219539.117773002], [630013.1930041584, 5219539.274088214]]], [[[630041.3957945547, 5219581.240347378], [630041.389813115, 5219581.234831854], [630041.1940173277, 5219581.086997736], [630040.9846740732, 5219580.959066824], [630040.7637994415, 5219580.852271161], [630040.5335205761, 5219580.767639248], [630040.2960551882, 5219580.705986137], [630040.0536901994, 5219580.667905579], [630039.8087597169, 5219580.653764315], [630039.5636225553, 5219580.663698529], [630039.3206395195, 5219580.697612551], [630039.0821506688, 5219580.755179769], [630038.8504527814, 5219580.835845782], [630038.6277772344, 5219580.938833729], [630038.4162685152, 5219581.063151782], [630038.2179635683, 5219581.20760269], [630036.0383657174, 5219582.96525829], [630035.8551743279, 5219583.128450911], [630035.6888607289, 5219583.30881361], [630035.5410266115, 5219583.504609398], [630035.4130956988, 5219583.713952652], [630035.3063000357, 5219583.934827284], [630035.2216681226, 5219584.165106149], [630035.1600150111, 5219584.402571537], [630035.1219344545, 5219584.644936526], [630035.1077931894, 5219584.889867009], [630035.1177274038, 5219585.13500417], [630035.1516414257, 5219585.377987206], [630035.2092086447, 5219585.616476056], [630035.2898746569, 5219585.848173944], [630035.3928626046, 5219586.07084949], [630035.5171806575, 5219586.28235821], [630035.6616315647, 5219586.480663157], [630062.7313380301, 5219620.048714851], [630070.3388184244, 5219613.790094442], [630070.2358287057, 5219613.645616132], [630069.1696560954, 5219612.295376771], [630069.8440525765, 5219611.738263888], [630070.0253039462, 5219611.572919225], [630070.1894759301, 5219611.390605001], [630070.3349874619, 5219611.193077002], [630070.4604371864, 5219610.982237529], [630070.564616954, 5219610.760117083], [630070.6465234566, 5219610.528854804], [630070.7053678897, 5219610.290677875], [630070.7405835495, 5219610.047880071], [630070.7518312897, 5219609.802799666], [630070.7390027886, 5219609.557796919], [630070.7022215914, 5219609.31523134], [630070.6418419214, 5219609.077438968], [630070.5584452677, 5219608.846709874], [630070.4528347858, 5219608.625266105], [630070.3260275623, 5219608.415240286], [630070.1792448199, 5219608.218655081], [630069.8706715063, 5219607.845120805], [630070.0162751128, 5219607.713515897], [630070.1812829205, 5219607.531957808], [630070.3277003659, 5219607.335100376], [630070.4541173687, 5219607.124839447], [630070.5593164642, 5219606.90319995], [630070.6422845275, 5219606.672316393], [630070.702222531, 5219606.434412311], [630070.7385532387, 5219606.19177885], [630070.7509267662, 5219605.946752704], [630070.7392239496, 5219605.7016936075], [630070.7035574935, 5219605.458961614], [630070.6442708853, 5219605.2208943665], [630070.5619350873, 5219604.989784581], [630070.4573430385, 5219604.767857972], [630070.3315020174, 5219604.557251813], [630070.1856239421, 5219604.359994357], [630069.768017049, 5219603.849716429], [630069.8359312762, 5219603.793405046], [630070.0168817342, 5219603.627731124], [630070.1807219825, 5219603.445118722], [630070.3258741497, 5219603.247326495], [630070.4509403411, 5219603.036259292], [630070.5547161009, 5219602.813949804], [630070.6362020118, 5219602.582538994], [630070.69461332, 5219602.344255474], [630070.7293874928, 5219602.101394046], [630070.7401896355, 5219601.856293596], [630070.7269157178, 5219601.611314578], [630070.6896935749, 5219601.368816271], [630070.6288816762, 5219601.131134069], [630070.5450656737, 5219600.900556979], [630070.4390527611, 5219600.679305586], [630070.3118639007, 5219600.469510661], [630070.1647239908, 5219600.273192645], [630069.9769276617, 5219600.04670127], [630070.0348824688, 5219599.993577484], [630070.1986169054, 5219599.810870202], [630070.3436544705, 5219599.612993924], [630070.4685983734, 5219599.401854307], [630070.5722453357, 5219599.179484742], [630070.6535971806, 5219598.948026767], [630070.7118704453, 5219598.709709451], [630070.7465039266, 5219598.466827919], [630070.7571640849, 5219598.221721252], [630070.7437482572, 5219597.976749964], [630070.7063856451, 5219597.73427326], [630070.6454360712, 5219597.496626325], [630070.561486513, 5219597.266097827], [630070.4553454509, 5219597.044907882], [630070.328035081, 5219596.835186671], [630070.2601306358, 5219596.744696014], [630070.3386298632, 5219596.639830195], [630070.4656937901, 5219596.42995958], [630070.5715749521, 5219596.208645106], [630070.6552536554, 5219595.978018154], [630070.7159240287, 5219595.740299786], [630070.7530017828, 5219595.497779361], [630070.7661298389, 5219595.252792482], [630070.7551817666, 5219595.007698508], [630070.7202630017, 5219594.764857827], [630070.6617098311, 5219594.526609127], [630070.5800861538, 5219594.295246875], [630070.4761780505, 5219594.072999215], [630070.350986213, 5219593.8620065125], [630070.2057163069, 5219593.6643007435], [630067.8633470093, 5219590.784084901], [630069.8508999193, 5219589.160227414], [630070.0330447285, 5219588.995867489], [630070.1982023708, 5219588.814445687], [630070.3447822877, 5219588.617709203], [630070.4713728348, 5219588.4075527135], [630070.5767548756, 5219588.186000141], [630070.6599135235, 5219587.95518516], [630070.7200479154, 5219587.717330642], [630070.756578924, 5219587.474727258], [630070.769154736, 5219587.229711411], [630070.7576542393, 5219586.984642736], [630070.7221881899, 5219586.74188138], [630070.6630981454, 5219586.503765267], [630070.5809531751, 5219586.272587585], [630070.47654438, 5219586.050574702], [630070.350877274, 5219585.839864724], [630070.2051620998, 5219585.642486902], [630066.8676620998, 5219581.557486902], [630066.7033021743, 5219581.3753420925], [630066.5218803736, 5219581.21018445], [630066.3251438886, 5219581.063604534], [630066.1149873993, 5219580.9370139865], [630066.0435465256, 5219580.903032955], [630040.7956929738, 5219547.460285098], [630025.6952413055, 5219559.773905433], [630041.6153257476, 5219581.080695318], [630041.4369744916, 5219581.2078309795], [630041.3957945547, 5219581.240347378]]], [[[630065.3439794239, 5219622.617360752], [630065.5814448118, 5219622.679013863], [630065.8238098007, 5219622.71709442], [630066.068740283, 5219622.731235685], [630066.3138774446, 5219622.721301471], [630066.5568604805, 5219622.687387449], [630066.7953493311, 5219622.62982023], [630067.0270472186, 5219622.549154217], [630067.2497227656, 5219622.44616627], [630067.4612314849, 5219622.321848217], [630067.6595364318, 5219622.17739731], [630069.8391342827, 5219620.41974171], [630070.0223256722, 5219620.256549089], [630070.1886392712, 5219620.07618639], [630070.3364733886, 5219619.880390602], [630070.4644043013, 5219619.671047348], [630070.5711999644, 5219619.450172716], [630070.6558318775, 5219619.21989385], [630070.7174849889, 5219618.982428463], [630070.7555655455, 5219618.740063474], [630070.7697068107, 5219618.495132992], [630070.7597725963, 5219618.2499958305], [630070.7258585744, 5219618.007012794], [630070.6682913554, 5219617.768523944], [630070.5876253431, 5219617.536826056], [630070.5652936868, 5219617.488541632], [630064.7040321117, 5219622.310560148], [630064.8928259268, 5219622.425933176], [630065.1137005584, 5219622.532728839], [630065.3439794239, 5219622.617360752]]]]}}, {"type": "Feature", "properties": {"vineyard_id": "V29", "area_m2": 720.0}, "geometry": {"type": "Polygon", "coordinates": [[[630091.9203220305, 5219529.921261428], [630091.7132560073, 5219529.789676556], [630091.4942894906, 5219529.67902132], [630091.2655312477, 5219529.590361392], [630091.0291843457, 5219529.524550614], [630090.7875249344, 5219529.482222781], [630090.542880326, 5219529.463785531], [630090.2976065818, 5219529.469416427], [630090.054065822, 5219529.499061241], [630089.8146034775, 5219529.552434474], [630089.5815257012, 5219529.629022116], [630089.3570771598, 5219529.728086583], [630089.1434194153, 5219529.8486738335], [630088.9426101085, 5219529.989622544], [630086.7325036754, 5219531.7087588245], [630086.54647671, 5219531.868711582], [630086.377023627, 5219532.046127955], [630086.2257763525, 5219532.239299326], [630086.0941914803, 5219532.446365349], [630085.9835362447, 5219532.665331867], [630085.8948763162, 5219532.8940901095], [630085.8290655382, 5219533.130437011], [630085.7867377045, 5219533.372096422], [630085.7683004555, 5219533.616741031], [630085.7739313517, 5219533.862014775], [630085.8035761646, 5219534.105555535], [630085.8569493985, 5219534.34501788], [630085.9335370399, 5219534.578095656], [630086.0326015081, 5219534.802544197], [630086.1531887578, 5219535.016201942], [630086.2941374683, 5219535.217011249], [630115.3041374683, 5219572.512011249], [630115.464090226, 5219572.698038214], [630115.6415065987, 5219572.8674912965], [630115.8346779696, 5219573.018738572], [630116.041743993, 5219573.150323443], [630116.2607105096, 5219573.260978679], [630116.4894687524, 5219573.349638607], [630116.7258156544, 5219573.4154493855], [630116.9674750657, 5219573.457777219], [630117.2121196742, 5219573.4762144685], [630117.4573934183, 5219573.470583572], [630117.7009341781, 5219573.440938759], [630117.9403965226, 5219573.387565525], [630118.1734742989, 5219573.310977884], [630118.3979228403, 5219573.211913416], [630118.6115805848, 5219573.091326166], [630118.8123898916, 5219572.950377456], [630121.0224963247, 5219571.231241175], [630121.2085232901, 5219571.071288417], [630121.3779763731, 5219570.893872044], [630121.5292236477, 5219570.700700673], [630121.6608085198, 5219570.4936346505], [630121.7714637554, 5219570.274668133], [630121.8601236839, 5219570.045909891], [630121.9259344619, 5219569.809562989], [630121.9682622956, 5219569.567903577], [630121.9866995446, 5219569.323258968], [630121.9810686484, 5219569.077985224], [630121.9514238355, 5219568.834444464], [630121.8980506016, 5219568.59498212], [630121.8214629602, 5219568.361904344], [630121.722398492, 5219568.137455802], [630121.6018112423, 5219567.923798057], [630121.4608625319, 5219567.722988751], [630121.1501767908, 5219567.323573903], [630121.2051393453, 5219567.2764035035], [630121.3747565552, 5219567.099144037], [630121.5261825457, 5219566.906112729], [630121.6579590018, 5219566.699168576], [630121.7688168443, 5219566.480304564], [630121.8576884515, 5219566.251628475], [630121.9237179413, 5219566.015342582], [630121.9662694134, 5219565.773722449], [630121.9849330741, 5219565.529095009], [630121.979529182, 5219565.283816159], [630121.9501097796, 5219565.040248066], [630121.8969581919, 5219564.800736427], [630121.8205862977, 5219564.567587868], [630121.7217295999, 5219564.343047739], [630121.6013401428, 5219564.129278482], [630121.4605773424, 5219563.928338813], [630120.7523222683, 5219563.016071413], [630121.0145772251, 5219562.812234082], [630121.2006643405, 5219562.652351307], [630121.3701841434, 5219562.474998683], [630121.521504065, 5219562.281884215], [630121.6531668119, 5219562.074867699], [630121.7639043999, 5219561.855942819], [630121.8526503654, 5219561.62721794], [630121.9185500364, 5219561.390895808], [630121.9609687628, 5219561.149252336], [630121.9794980292, 5219560.904614679], [630121.9739593888, 5219560.659338834], [630121.9444061815, 5219560.415786942], [630121.8911230208, 5219560.176304538], [630121.8146230528, 5219559.943197971], [630121.7156430141, 5219559.718712185], [630121.5951361364, 5219559.505009099], [630121.4542629668, 5219559.304146791], [630120.8720855291, 5219558.555123447], [630121.0049484763, 5219558.452261373], [630121.1913398866, 5219558.292733449], [630121.3611973004, 5219558.115704142], [630121.5128848976, 5219557.922878341], [630121.6449418443, 5219557.716113064], [630121.7560963595, 5219557.497399575], [630121.8452779645, 5219557.268844204], [630121.9116277918, 5219557.032648062], [630121.9545068563, 5219556.79108585], [630121.9735022091, 5219556.546483943], [630121.9684309145, 5219556.30119799], [630121.9393418119, 5219556.05759023], [630121.8865150454, 5219555.818006739], [630121.8104593655, 5219555.584754836], [630121.7119072301, 5219555.360080865], [630121.5918077498, 5219555.14614856], [630121.4513175485, 5219554.945018204], [630102.4738175485, 5219530.432518205], [630102.3142896239, 5219530.246126794], [630102.1372603168, 5219530.076269381], [630101.9444345161, 5219529.924581783], [630101.7376692399, 5219529.792524837], [630101.5189557506, 5219529.681370322], [630101.290400379, 5219529.592188717], [630101.0542042381, 5219529.525838889], [630100.8126420258, 5219529.482959825], [630100.5680401182, 5219529.463964472], [630100.3227541656, 5219529.469035766], [630100.0791464057, 5219529.498124869], [630099.8395629143, 5219529.550951635], [630099.6063110115, 5219529.627007315], [630099.3816370406, 5219529.725559451], [630099.1677047348, 5219529.845658931], [630098.9665743794, 5219529.986149132], [630098.7547696804, 5219530.1501276605], [630098.672027567, 5219530.071039872], [630098.4789130987, 5219529.91971995], [630098.2718965833, 5219529.788057203], [630098.052971703, 5219529.677319615], [630097.8242468241, 5219529.5885736495], [630097.5879246923, 5219529.522673979], [630097.3462812189, 5219529.480255253], [630097.1016435627, 5219529.461725987], [630096.8563677177, 5219529.467264627], [630096.6128158249, 5219529.496817835], [630096.3733334218, 5219529.550100995], [630096.1402268551, 5219529.626600963], [630095.9157410681, 5219529.7255810015], [630095.7020379821, 5219529.8460878795], [630095.5011756741, 5219529.986961049], [630095.2377389694, 5219530.191716892], [630095.1210373546, 5219530.08004668], [630094.9280060462, 5219529.928620689], [630094.7210618939, 5219529.796844233], [630094.5021978827, 5219529.68598639], [630094.273521793, 5219529.597114784], [630094.0372359002, 5219529.531085294], [630093.7956157669, 5219529.488533822], [630093.550988327, 5219529.469870161], [630093.3057094765, 5219529.4752740525], [630093.0621413846, 5219529.504693455], [630092.8226297454, 5219529.557845043], [630092.5894811868, 5219529.634216937], [630092.3649410569, 5219529.733073635], [630092.1511718, 5219529.853463092], [630091.9836301988, 5219529.970829788], [630091.9203220305, 5219529.921261428]]]}}, {"type": "Feature", "properties": {"vineyard_id": "V30", "area_m2": 1937.6}, "geometry": {"type": "MultiPolygon", "coordinates": [[[[629963.5419315617, 5219485.396708742], [629963.3767787752, 5219485.578134963], [629963.2302041241, 5219485.774875371], [629963.1036192022, 5219485.985035249], [629962.9982430914, 5219486.206590641], [629962.9150906213, 5219486.437407848], [629962.8549625959, 5219486.675263976], [629962.8184380806, 5219486.917868338], [629962.8058688266, 5219487.162884521], [629962.8173758826, 5219487.407952888], [629962.8528484297, 5219487.650713295], [629962.9119448474, 5219487.888827826], [629962.9940960052, 5219488.120003308], [629963.0985107425, 5219488.342013396], [629963.2241834882, 5219488.552720011], [629963.3699039452, 5219488.750093933], [629966.2392792326, 5219492.261931463], [629983.2752868033, 5219478.232982938], [629983.2607692013, 5219478.232297407], [629983.0157496874, 5219478.244801584], [629982.7731356332, 5219478.281261661], [629982.5352635443, 5219478.341326509], [629982.3044242592, 5219478.42441767], [629982.0828408863, 5219478.529734931], [629981.8726473948, 5219478.656264029], [629981.6758680627, 5219478.80278642], [629981.5664373536, 5219478.892942705], [629981.4641686046, 5219478.800517284], [629981.266902551, 5219478.654650836], [629981.0562889754, 5219478.528822229], [629980.8343562015, 5219478.424243262], [629980.6032415632, 5219478.341921086], [629980.3651708208, 5219478.282648511], [629980.1224367258, 5219478.246996363], [629979.8773769401, 5219478.235307991], [629979.6323515235, 5219478.247695961], [629979.3897202046, 5219478.28404097], [629979.1518196559, 5219478.343992997], [629978.9209409894, 5219478.426974669], [629978.6993076929, 5219478.532186829], [629978.4890542165, 5219478.658616224], [629978.2922054158, 5219478.805045273], [629977.817861274, 5219479.195463962], [629977.7654083535, 5219479.132038146], [629977.5999662217, 5219478.95087574], [629977.4175637177, 5219478.786801844], [629977.2199574776, 5219478.641396581], [629977.0090505575, 5219478.516060283], [629976.7868741064, 5219478.412000007], [629976.555567805, 5219478.330217909], [629976.3173592591, 5219478.271501597], [629976.0745425476, 5219478.236416541], [629975.8294561281, 5219478.225300628], [629975.5844603166, 5219478.238260912], [629975.3419145568, 5219478.275172576], [629975.104154697, 5219478.335680143], [629974.8734704946, 5219478.419200892], [629974.6520835647, 5219478.52493047], [629974.4421259841, 5219478.651850645], [629974.2456197593, 5219478.798739107], [629973.889585667, 5219479.093178016], [629973.7536323492, 5219478.94445587], [629973.5711478184, 5219478.780473211], [629973.3734688892, 5219478.635166785], [629973.1624993176, 5219478.509935972], [629972.940270856, 5219478.405986814], [629972.7089236861, 5219478.324320397], [629972.4706858073, 5219478.265723215], [629972.2278515808, 5219478.230759591], [629971.9827596331, 5219478.2197662415], [629971.7377703333, 5219478.23284904], [629971.4952430625, 5219478.269881992], [629971.2575134909, 5219478.330508449], [629971.0268710841, 5219478.414144547], [629970.8055370547, 5219478.519984823], [629970.5956429703, 5219478.647009978], [629970.3992102258, 5219478.79399669], [629968.2423737755, 5219480.579509649], [629968.0612941254, 5219480.745042356], [629967.8973114658, 5219480.927526887], [629967.7520050396, 5219481.125205816], [629967.6267742268, 5219481.336175388], [629967.598782806, 5219481.396017049], [629966.1990710839, 5219482.556588834], [629966.0181202466, 5219482.7222623415], [629965.8542795803, 5219482.9048743695], [629965.7091269603, 5219483.1026662635], [629965.5840602857, 5219483.313733181], [629965.480284017, 5219483.536042431], [629965.3987975763, 5219483.767453054], [629965.3692041885, 5219483.888175343], [629963.7240719715, 5219485.232343941], [629963.5419315617, 5219485.396708742]]], [[[630001.5417687458, 5219535.449734343], [630001.723194967, 5219535.6148871295], [630001.9199353752, 5219535.761461781], [630002.1300952528, 5219535.888046703], [630002.3516506451, 5219535.993422814], [630002.5824678527, 5219536.076575284], [630002.8203239797, 5219536.13670331], [630003.0629283416, 5219536.173227824], [630003.3079445256, 5219536.185797079], [630003.5530128921, 5219536.174290023], [630003.7957732988, 5219536.138817475], [630004.0338878301, 5219536.079721058], [630004.265063313, 5219535.9975699], [630004.4870734011, 5219535.893155162], [630004.697780016, 5219535.767482417], [630004.895153938, 5219535.62176196], [630006.1204259193, 5219534.620643567], [630006.6727703122, 5219535.286800483], [630006.8384438193, 5219535.46775132], [630007.021055847, 5219535.631591987], [630007.2188477415, 5219535.776744607], [630007.4299146585, 5219535.901811281], [630007.6522239086, 5219536.00558755], [630007.8836345319, 5219536.087073991], [630008.1219179177, 5219536.145485844], [630008.3647792668, 5219536.180260573], [630008.6098796914, 5219536.1910632765], [630008.8548587407, 5219536.17778992], [630009.0973571324, 5219536.140568332], [630009.3350394744, 5219536.079756977], [630009.5656167559, 5219535.995941502], [630009.7868683917, 5219535.889929096], [630009.9966636074, 5219535.762740715], [630010.1929819606, 5219535.615601256], [630010.4166921192, 5219535.430111848], [630010.4513676509, 5219535.468044129], [630010.6338521817, 5219535.632026789], [630010.8315311109, 5219535.777333215], [630011.0425006825, 5219535.902564027], [630011.264729144, 5219536.006513186], [630011.4960763141, 5219536.088179602], [630011.7343141928, 5219536.146776784], [630011.9771484192, 5219536.181740409], [630012.2222403671, 5219536.192733758], [630012.4672296668, 5219536.17965096], [630012.7097569376, 5219536.142618008], [630012.9474865092, 5219536.0819915505], [630013.178128916, 5219535.998355453], [630013.3994629454, 5219535.892515177], [630013.6093570298, 5219535.765490022], [630013.8057897743, 5219535.61850331], [630014.2951688828, 5219535.213376282], [630014.3505253393, 5219535.280536689], [630014.5156705675, 5219535.46196979], [630014.6978041299, 5219535.626342178], [630014.8951719808, 5219535.772070858], [630015.1058733601, 5219535.897752381], [630015.3278790981, 5219536.002176368], [630015.5590511583, 5219536.084337155], [630015.7971632273, 5219536.143443493], [630016.0399221559, 5219536.178926153], [630016.2849900428, 5219536.190443419], [630016.5300067503, 5219536.177884373], [630016.7726126334, 5219536.141369964], [630017.0104712651, 5219536.081251848], [630017.2412919366, 5219535.998108993], [630017.4628517187, 5219535.892742113], [630017.6730168695, 5219535.766165946], [630017.8697633839, 5219535.619599491], [630018.1804743693, 5219535.363498315], [630018.2832337157, 5219535.475330409], [630018.466139068, 5219535.638843554], [630018.6641907721, 5219535.78364148], [630018.8754814815, 5219535.908329701], [630019.0979763515, 5219536.011707405], [630019.3295326346, 5219536.092779005], [630019.5679203173, 5219536.150763738], [630019.810843596, 5219536.185103181], [630020.0559629865, 5219536.195466624], [630020.3009178553, 5219536.181754262], [630020.5433491531, 5219536.144098154], [630020.7809221338, 5219536.0828609485], [630021.0113488398, 5219535.998632392], [630021.2324101361, 5219535.8922236515], [630021.4419770815, 5219535.7646595035], [630021.6380314317, 5219535.617168458], [630021.8309583354, 5219535.456618696], [630021.85524553, 5219535.482862692], [630022.0387299921, 5219535.645725729], [630022.2372942956, 5219535.789819913], [630022.4490261575, 5219535.913757539], [630022.6718864843, 5219536.016345021], [630022.9037290093, 5219536.096594384], [630023.1423209623, 5219536.153732782], [630023.385364572, 5219536.187209943], [630023.6305191962, 5219536.196703463], [630023.8754238612, 5219536.182121913], [630024.1177200017, 5219536.143605722], [630024.3550741731, 5219536.081525823], [630024.5852005251, 5219535.996480078], [630024.8058828153, 5219535.889287525], [630025.0149957523, 5219535.760980487], [630025.1386399185, 5219535.667274438], [630025.2798673603, 5219535.771390185], [630025.4906614909, 5219535.896916083], [630025.7127442796, 5219536.001176102], [630025.943976948, 5219536.08316616], [630026.1821325991, 5219536.142096649], [630026.4249176634, 5219536.177400036], [630026.6699939884, 5219536.18873633], [630026.9150013549, 5219536.175996355], [630027.1575802081, 5219536.139302806], [630027.3953943811, 5219536.079009061], [630027.6261535934, 5219535.995695781], [630027.8476355076, 5219535.89016532], [630028.0577071317, 5219535.763433992], [630028.1983965592, 5219535.658465669], [630028.3713966192, 5219535.784087644], [630028.5830912866, 5219535.90808879], [630028.8059208241, 5219536.010743132], [630029.0377392613, 5219536.09106205], [630029.2763140602, 5219536.148272031], [630029.519347615, 5219536.181822111], [630029.7644993796, 5219536.1913891835], [630030.0094084085, 5219536.176881113], [630030.251716094, 5219536.138437621], [630030.4890888806, 5219536.076428938], [630030.7192407384, 5219535.991452242], [630030.9399551796, 5219535.884325905], [630031.1491066031, 5219535.756081613], [630031.3446807666, 5219535.607954427], [630033.4910915319, 5219533.80992194], [630033.6712049493, 5219533.643338406], [630033.8341230296, 5219533.459902816], [630033.978276783, 5219533.261381755], [630034.1022779299, 5219533.049687088], [630034.2049322714, 5219532.82685755], [630034.2852511902, 5219532.5950391125], [630034.342461171, 5219532.356464313], [630034.3760112507, 5219532.113430759], [630034.3855783234, 5219531.868278994], [630034.3710702532, 5219531.623369965], [630034.3326267607, 5219531.381062279], [630034.2706180776, 5219531.143689493], [630034.1856413815, 5219530.913537635], [630034.0785150445, 5219530.692823193], [630033.9502707517, 5219530.4836717695], [630033.8021435661, 5219530.288097606], [630019.4722971877, 5219513.181767913], [630019.4527139085, 5219513.102933512], [630019.3705136535, 5219512.871775482], [630019.2660517662, 5219512.649787575], [630019.1403342716, 5219512.4391076565], [630018.9945718978, 5219512.241764689], [629991.9545718977, 5219479.161764689], [629991.7901684166, 5219478.979659192], [629991.608707123, 5219478.814544942], [629991.4119355883, 5219478.66801208], [629991.2017488304, 5219478.541471796], [629990.9801710624, 5219478.436142744], [629990.7493361994, 5219478.353039298], [629990.5114673072, 5219478.292961792], [629990.2688551935, 5219478.256488804], [629990.0238363454, 5219478.243971589], [629989.7787704284, 5219478.2555306945], [629989.5360175612, 5219478.2910548], [629989.2979155867, 5219478.350201789], [629989.0667575571, 5219478.432402045], [629988.8447696504, 5219478.536863931], [629988.6340897317, 5219478.662581426], [629988.4367467636, 5219478.8083438], [629988.3505705742, 5219478.87878528], [629988.2660959959, 5219478.802336523], [629988.0689295579, 5219478.6563354535], [629987.8584019227, 5219478.53036311], [629987.7154207987, 5219478.462868359], [629968.1374424347, 5219494.585099437], [630001.3774039453, 5219535.267593933], [630001.5417687458, 5219535.449734343]]]]}}, {"type": "Feature", "properties": {"vineyard_id": "V31", "area_m2": 2162.0}, "geometry": {"type": "MultiPolygon", "coordinates": [[[[630119.6551877329, 5219475.219549167], [630119.4098500744, 5219475.218957607], [630119.1656358008, 5219475.242416191], [630118.9248968291, 5219475.289699001], [630118.6899516071, 5219475.360350677], [630118.4630627858, 5219475.453690804], [630118.2464154285, 5219475.568820466], [630118.0420959676, 5219475.704630902], [630115.7890996372, 5219477.367161363], [630115.5990757812, 5219477.522344644], [630115.4251775632, 5219477.69540627], [630115.2690797184, 5219477.884679563], [630115.1322855543, 5219478.088341719], [630115.0161124736, 5219478.3044313565], [630114.9216792863, 5219478.530867417], [630114.8498954359, 5219478.765469198], [630114.8014522399, 5219479.005977355], [630114.7768162328, 5219479.2500756625], [630114.776224673, 5219479.495413321], [630114.7996832574, 5219479.739627594], [630114.846966067, 5219479.980366566], [630114.9176177426, 5219480.215311788], [630114.9469186149, 5219480.286535608], [630120.018500788, 5219475.268197429], [630119.8992860405, 5219475.244185174], [630119.6551877329, 5219475.219549167]]], [[[630114.1605018929, 5219530.054654381], [630113.9664839283, 5219529.904494646], [630113.7586819854, 5219529.774075057], [630113.5390973105, 5219529.664651627], [630113.3098446241, 5219529.577278162], [630113.073131755, 5219529.512796117], [630112.8312383773, 5219529.471826489], [630112.5864940565, 5219529.454763838], [630112.3412558143, 5219529.4617724875], [630112.097885429, 5219529.492784939], [630111.8587266905, 5219529.547502526], [630111.6260828282, 5219529.625398289], [630111.4021943294, 5219529.725722048], [630111.1892173631, 5219529.847507632], [630110.9892030136, 5219529.989582178], [630108.7887888156, 5219531.721106754], [630108.6036633308, 5219531.882102007], [630108.4352095699, 5219532.060467494], [630108.2850498349, 5219532.254485458], [630108.1546302461, 5219532.462287402], [630108.0452068156, 5219532.681872076], [630107.9578333506, 5219532.911124763], [630107.8933513055, 5219533.147837632], [630107.8523816776, 5219533.3897310095], [630107.8353190268, 5219533.634475331], [630107.8423276758, 5219533.879713573], [630107.8733401274, 5219534.123083958], [630107.9280577148, 5219534.362242697], [630108.0059534777, 5219534.594886559], [630108.1062772374, 5219534.818775058], [630108.2280628211, 5219535.031752025], [630108.370137367, 5219535.231766374], [630115.312637367, 5219544.054266374], [630115.47363262, 5219544.239391859], [630115.6519981072, 5219544.407845619], [630115.8460160719, 5219544.558005354], [630116.0538180147, 5219544.688424943], [630116.2734026896, 5219544.797848374], [630116.502655376, 5219544.885221838], [630116.7393682451, 5219544.949703883], [630116.9812616229, 5219544.990673511], [630117.2260059436, 5219545.007736162], [630117.4712441858, 5219545.000727513], [630117.7146145711, 5219544.969715062], [630117.9537733096, 5219544.914997474], [630118.186417172, 5219544.837101711], [630118.4103056707, 5219544.736777952], [630118.623282637, 5219544.614992368], [630118.8232969865, 5219544.472917822], [630121.0237111845, 5219542.741393247], [630121.2088366693, 5219542.580397993], [630121.3772904302, 5219542.402032507], [630121.5274501652, 5219542.208014542], [630121.657869754, 5219542.000212599], [630121.7672931845, 5219541.780627924], [630121.8546666495, 5219541.551375237], [630121.9191486946, 5219541.314662368], [630121.9601183225, 5219541.072768991], [630121.9771809733, 5219540.82802467], [630121.9701723243, 5219540.582786428], [630121.9391598727, 5219540.339416042], [630121.8844422853, 5219540.100257304], [630121.8065465224, 5219539.867613441], [630121.7062227627, 5219539.643724943], [630121.584437179, 5219539.430747976], [630121.4423626331, 5219539.2307336265], [630120.7116563863, 5219538.302155181], [630121.0192171816, 5219538.062153249], [630121.2049963246, 5219537.901912722], [630121.3741745722, 5219537.724234256], [630121.5251226452, 5219537.530828993], [630121.6563868312, 5219537.32355953], [630121.7667029842, 5219537.104421987], [630121.8550086993, 5219536.875526777], [630121.9204535446, 5219536.639078286], [630121.96240725, 5219536.397353643], [630121.9804657785, 5219536.152680787], [630121.9744554182, 5219535.907424274], [630122.0044840049, 5219535.894441468], [630122.2190489991, 5219535.7754760105], [630122.4209201501, 5219535.636052358], [630123.038063322, 5219535.163465245], [630123.1111527521, 5219535.253759129], [630123.2746830203, 5219535.436649173], [630123.4553522047, 5219535.602629781], [630123.6514203622, 5219535.750102471], [630123.8609992492, 5219535.877646999], [630124.0820705065, 5219535.984035043], [630124.3125050971, 5219536.0682420265], [630124.5500838099, 5219536.12945699], [630124.792518632, 5219536.167090402], [630125.0374747836, 5219536.180779831], [630125.2825932029, 5219536.170393439], [630125.5255132656, 5219536.136031254], [630125.7638955187, 5219536.078024203], [630125.995444211, 5219535.996930924], [630126.2179294016, 5219535.893532392], [630126.4292084367, 5219535.768824389], [630126.6272465837, 5219535.624007923], [630127.2157565298, 5219535.147631733], [630127.3126513603, 5219535.265952689], [630127.477218716, 5219535.447910107], [630127.6588285808, 5219535.612860928], [630127.8557319521, 5219535.759216588], [630128.0660325431, 5219535.885567599], [630128.2877050441, 5219535.990697133], [630128.5186146277, 5219536.0735927345], [630128.7565375083, 5219536.133456075], [630128.9991823587, 5219536.169710636], [630129.2442123762, 5219536.182007267], [630129.4892677878, 5219536.170227545], [630129.7319885759, 5219536.134484915], [630129.9700372067, 5219536.075123598], [630130.2011211417, 5219535.992715275], [630130.4230149164, 5219535.888053585], [630130.6335815722, 5219535.762146477], [630130.8307932374, 5219535.6162065035], [630131.100304734, 5219535.39549944], [630131.1213521756, 5219535.419325927], [630131.3010182334, 5219535.586391855], [630131.4961944746, 5219535.735042961], [630131.7050012451, 5219535.863847655], [630131.9254276218, 5219535.971565477], [630132.155350778, 5219536.057159045], [630132.3925564282, 5219536.119804045], [630132.6347601521, 5219536.1588971745], [630132.8796293956, 5219536.174061943], [630133.1248059339, 5219536.165152305], [630133.3679285831, 5219536.132254067], [630133.606655939, 5219536.075684056], [630133.8386889268, 5219535.995987073], [630134.0617929418, 5219535.893930642], [630134.2738193705, 5219535.770497623], [630134.4727262824, 5219535.6268767435], [630134.8766396843, 5219535.303932277], [630134.984101317, 5219535.425093161], [630135.1641014472, 5219535.591799099], [630135.359574867, 5219535.740059204], [630135.5686390601, 5219535.868445651], [630135.7892806246, 5219535.975722007], [630136.0193746613, 5219536.060855144], [630136.2567052387, 5219536.123025181], [630136.498986734, 5219536.161633388], [630136.7438858437, 5219536.176307947], [630136.9890440555, 5219536.166907534], [630137.2321003618, 5219536.133522679], [630137.4707139976, 5219536.076474898], [630137.7025869831, 5219535.99631359], [630137.9254862547, 5219535.893810755], [630138.1372651706, 5219535.769953549], [630138.3358841838, 5219535.625934785], [630138.8609771876, 5219535.204376671], [630138.9068232123, 5219535.260747848], [630139.070775089, 5219535.443260036], [630139.2518268154, 5219535.608823284], [630139.4482347644, 5219535.755843126], [630139.65810742, 5219535.882903683], [630139.8794235938, 5219535.98878129], [630140.11005189, 5219536.07245629], [630140.3477712321, 5219536.133122846], [630140.590292253, 5219536.170196705], [630140.8352793425, 5219536.183320827], [630141.080373141, 5219536.172368818], [630141.3232132614, 5219536.137446153], [630141.5614610205, 5219536.078889157], [630141.7928219622, 5219535.997261764], [630142.015067954, 5219535.893350091], [630142.2260586456, 5219535.768154865], [630142.4237620815, 5219535.622881784], [630142.77565794, 5219535.336688963], [630142.8551513642, 5219535.42624407], [630143.0352181484, 5219535.592878009], [630143.2307508441, 5219535.74105993], [630143.4398663645, 5219535.8693627585], [630143.6605508128, 5219535.976550868], [630143.8906788772, 5219536.061591979], [630144.1280342987, 5219536.1236670995], [630144.3703312145, 5219536.162178411], [630144.6152361733, 5219536.17675503], [630144.8603906061, 5219536.167256574], [630145.103433542, 5219536.13377452], [630145.3420243444, 5219536.076631317], [630145.5738652536, 5219535.9963772865], [630145.7967235148, 5219535.893785318], [630146.0084528812, 5219535.769843428], [630146.2070142835, 5219535.625745246], [630148.3897330085, 5219533.8719667625], [630148.5732141911, 5219533.709100031], [630148.7398481306, 5219533.529033246], [630148.888030051, 5219533.333500551], [630149.0163328792, 5219533.124385031], [630149.1235209889, 5219532.903700583], [630149.2085621001, 5219532.673572518], [630149.2706372202, 5219532.436217097], [630149.3091485321, 5219532.193920181], [630149.3237251507, 5219531.9490152225], [630149.3142266951, 5219531.70386079], [630149.2807446409, 5219531.460817854], [630149.2236014382, 5219531.222227051], [630149.1433474076, 5219530.990386142], [630149.0407554391, 5219530.767527881], [630148.9168135496, 5219530.555798515], [630148.7727153669, 5219530.357237113], [630147.8882841257, 5219529.256491124], [630148.2537623906, 5219529.059977685], [630153.262758012, 5219535.252653364], [630153.4262215653, 5219535.435603038], [630153.6068302006, 5219535.60164953], [630153.8028445584, 5219535.7491937205], [630154.0123769131, 5219535.876814678], [630154.2334093534, 5219535.983283345], [630154.4638132164, 5219536.067574367], [630154.7013695869, 5219536.128875978], [630154.943790667, 5219536.166597809], [630155.1887418093, 5219536.180376577], [630155.4338640004, 5219536.170079586], [630155.6767965795, 5219536.135806003], [630155.9151999733, 5219536.077885899], [630156.1467782265, 5219535.996877077], [630156.3693011141, 5219535.893559696], [630156.5806256192, 5219535.768928761], [630156.7787165708, 5219535.624184533], [630157.482600955, 5219535.054841978], [630157.6439208584, 5219535.254090307], [630157.8074711076, 5219535.4369624825], [630157.9881584252, 5219535.602923351], [630158.1842426937, 5219535.750374619], [630158.3938355146, 5219535.877896248], [630158.614918394, 5219535.984260138], [630158.8453621834, 5219536.068441944], [630159.0829475828, 5219536.129630951], [630159.3253865151, 5219536.167237875], [630159.5703441608, 5219536.18090054], [630159.8154614439, 5219536.1704873685], [630160.0583777508, 5219536.136098643], [630160.2967536649, 5219536.078065548], [630160.5282934956, 5219535.996946972], [630160.750767388, 5219535.893524132], [630160.9620327969, 5219535.7687930465], [630161.1600551206, 5219535.623954944], [630163.3362145043, 5219533.862043954], [630163.51908668, 5219533.698493705], [630163.6850475485, 5219533.5178063875], [630163.8283751457, 5219533.327205876], [630165.0303156687, 5219534.807012038], [630170.96279936, 5219529.739163493], [630129.869747023, 5219479.146184133], [630129.7059116886, 5219478.963567322], [630129.5249656885, 5219478.797888531], [630129.3286516316, 5219478.650743339], [630129.1188601295, 5219478.523548833], [630128.8976115892, 5219478.417529967], [630128.6670367549, 5219478.33370776], [630128.4293561885, 5219478.272889465], [630128.1868588836, 5219478.235660797], [630127.941880222, 5219478.222380287], [630127.696779482, 5219478.233175835], [630127.4539171177, 5219478.267943472], [630127.2156320264, 5219478.326348368], [630126.984219024, 5219478.4078280525], [630126.761906744, 5219478.51159783], [630126.5508361752, 5219478.636658342], [630126.3530400426, 5219478.7818051865], [630124.2599267869, 5219480.481891121], [630124.2528167426, 5219480.407872405], [630124.205533933, 5219480.167133433], [630124.1348822574, 5219479.932188211], [630124.0415421302, 5219479.70529939], [630123.9264124677, 5219479.488652032], [630123.7906020315, 5219479.284332572], [630122.2858198652, 5219477.245110568], [630115.8931090918, 5219483.57070748], [630115.9368516708, 5219483.664802575], [630116.0615827562, 5219483.876067984], [630116.2064208584, 5219484.074090308], [630116.4191250692, 5219484.33680407], [630115.7392891814, 5219484.886694805], [630115.5563395069, 5219485.050158358], [630115.390293015, 5219485.230766993], [630115.2427488245, 5219485.426781351], [630115.1151278664, 5219485.636313706], [630115.0086592002, 5219485.857346146], [630114.9243681775, 5219486.087750009], [630114.863066567, 5219486.32530638], [630114.8253447365, 5219486.56772746], [630114.811565968, 5219486.8126786025], [630114.8218629586, 5219487.057800793], [630114.8561365425, 5219487.300733373], [630114.9140566465, 5219487.539136766], [630114.9950654682, 5219487.77071502], [630115.0983828485, 5219487.993237908], [630115.2230137845, 5219488.204562413], [630115.367758012, 5219488.402653364], [630133.9954264923, 5219511.432242183], [630133.6947825261, 5219511.591533997], [630121.4402153669, 5219496.339737113], [630121.2773486358, 5219496.15625593], [630121.0972818517, 5219495.98962199], [630120.901749156, 5219495.8414400695], [630120.6926336356, 5219495.713137241], [630120.4719491872, 5219495.605949132], [630120.2418211228, 5219495.52090802], [630120.0044657014, 5219495.4588329], [630119.7621687856, 5219495.420321588], [630119.5172638268, 5219495.40574497], [630119.272109394, 5219495.415243425], [630119.0290664581, 5219495.44872548], [630118.7904756557, 5219495.505868683], [630118.5586347465, 5219495.586122713], [630118.3357764853, 5219495.688714681], [630118.1240471188, 5219495.812656571], [630117.9254857166, 5219495.956754753], [630115.7427669916, 5219497.710533237], [630115.5592858089, 5219497.873399968], [630115.3926518694, 5219498.053466753], [630115.244469949, 5219498.2489994485], [630115.1161671209, 5219498.458114969], [630115.0089790112, 5219498.678799417], [630114.9239379, 5219498.908927482], [630114.8618627798, 5219499.146282903], [630114.823351468, 5219499.388579818], [630114.8087748494, 5219499.633484777], [630114.818273305, 5219499.87863921], [630114.8517553592, 5219500.121682146], [630114.9088985618, 5219500.360272949], [630114.9891525925, 5219500.592113857], [630115.091744561, 5219500.8149721185], [630115.2156864505, 5219501.026701485], [630115.3597846332, 5219501.225262887], [630116.2781567214, 5219502.368250997], [630115.7364571478, 5219502.808808979], [630115.5539449601, 5219502.972760855], [630115.3883817125, 5219503.153812583], [630115.2413618697, 5219503.350220531], [630115.1143013132, 5219503.560093187], [630115.0084237055, 5219503.7814093605], [630114.9247487058, 5219504.012037657], [630114.8640821503, 5219504.249756999], [630114.8270082909, 5219504.49227802], [630114.8138841692, 5219504.737265109], [630114.8248361778, 5219504.982358908], [630114.8597588426, 5219505.225199029], [630114.9183158394, 5219505.463446788], [630114.9999432324, 5219505.69480773], [630115.103854905, 5219505.917053721], [630115.229050131, 5219506.1280444125], [630115.3743232123, 5219506.3257478485], [630116.090157697, 5219507.205920835], [630115.7431959016, 5219507.484470652], [630115.5596496002, 5219507.6472639935], [630115.3929436622, 5219507.827264124], [630115.2446835571, 5219508.022737543], [630115.1162971104, 5219508.231801736], [630115.0090207539, 5219508.452443301], [630114.9238876177, 5219508.682537338], [630114.8617175801, 5219508.919867915], [630114.8231093729, 5219509.162149411], [630114.8084348141, 5219509.40704852], [630114.8178352276, 5219509.652206732], [630114.8512200825, 5219509.895263039], [630114.9082678641, 5219510.133876674], [630114.9884291715, 5219510.365749659], [630115.0909320072, 5219510.588648931], [630115.2147892128, 5219510.800427847], [630115.358807976, 5219510.99904686], [630116.0991791746, 5219511.921253606], [630115.7453492132, 5219512.204154415], [630115.5614774001, 5219512.366580007], [630115.3944114723, 5219512.546246065], [630115.2457603656, 5219512.741422306], [630115.1169556718, 5219512.950229077], [630115.0092378503, 5219513.170655454], [630114.9236442826, 5219513.40057861], [630114.8609992816, 5219513.637784259], [630114.8219061529, 5219513.879987984], [630114.8067413847, 5219514.124857227], [630114.815651022, 5219514.370033765], [630114.8485492602, 5219514.613156415], [630114.9051192711, 5219514.85188377], [630114.9848162547, 5219515.083916758], [630115.0868726856, 5219515.307020773], [630115.2103057043, 5219515.519047202], [630115.3539265833, 5219515.717954114], [630116.2126549806, 5219516.791983687], [630115.735405175, 5219517.182810811], [630115.5534477569, 5219517.347378167], [630115.388496935, 5219517.528988032], [630115.2421412759, 5219517.725891403], [630115.1157902648, 5219517.936191994], [630115.0106607308, 5219518.157864495], [630114.9277651289, 5219518.388774078], [630114.867901789, 5219518.626696959], [630114.8316472279, 5219518.869341809], [630114.8193505968, 5219519.114371827], [630114.8311303188, 5219519.359427239], [630114.866872949, 5219519.602148027], [630114.9262342661, 5219519.840196658], [630115.0086425884, 5219520.071280592], [630115.1133042786, 5219520.293174367], [630115.2392113872, 5219520.503741023], [630115.3851513602, 5219520.700952688], [630116.2509393649, 5219521.758190356], [630115.738901546, 5219522.172665298], [630115.5560115025, 5219522.336195566], [630115.390030894, 5219522.5168647505], [630115.2425582042, 5219522.712932908], [630115.1150136759, 5219522.922511795], [630115.0086256325, 5219523.143583052], [630114.924418649, 5219523.374017643], [630114.8632036848, 5219523.611596355], [630114.8255702734, 5219523.854031177], [630114.8118808451, 5219524.098987329], [630114.8222672367, 5219524.3441057475], [630114.8566294214, 5219524.587025811], [630114.9146364726, 5219524.825408064], [630114.9957297508, 5219525.056956756], [630115.0991282833, 5219525.279441946], [630115.2238362859, 5219525.490720982], [630115.368652752, 5219525.688759129], [630116.1513189651, 5219526.655656426], [630115.7685153529, 5219526.948794328], [630115.5812821739, 5219527.10733345], [630115.4104901255, 5219527.283461224], [630115.2577840283, 5219527.475481443], [630115.1246345254, 5219527.681544847], [630115.0123239193, 5219527.899666933], [630114.9219338227, 5219528.127747065], [630114.8543347414, 5219528.363588709], [630114.8101776916, 5219528.604920579], [630114.7898879299, 5219528.849418518], [630114.7936608577, 5219529.0947278775], [630114.8214601398, 5219529.338486194], [630114.8730180537, 5219529.5783459395], [630114.9478380687, 5219529.811997137], [630114.960431111, 5219529.84112422], [630114.9288163455, 5219529.859032002], [630114.7282254612, 5219530.000291387], [630114.3808391729, 5219530.271370735], [630114.3388673802, 5219530.223108142], [630114.1605018929, 5219530.054654381]], [[630142.9313397045, 5219522.479808723], [630143.2616315999, 5219522.888152179], [630142.9193169341, 5219523.0722108185], [630142.5917030333, 5219522.664468904], [630142.9313397045, 5219522.479808723]]]]}}, {"type": "Feature", "properties": {"vineyard_id": "V32", "area_m2": 2589.3}, "geometry": {"type": "MultiPolygon", "coordinates": [[[[630068.6121464929, 5219376.963896223], [630068.3674590996, 5219376.946035761], [630068.1221993114, 5219376.95224486], [630067.8787291143, 5219376.982463724], [630067.6393932594, 5219377.036401328], [630067.4064966817, 5219377.113538224], [630067.1822823026, 5219377.213131541], [630066.9689094293, 5219377.334222142], [630066.768432959, 5219377.475643856], [630064.562385431, 5219379.199985558], [630064.3767360618, 5219379.3603764195], [630064.2077016985, 5219379.538191775], [630064.0569102346, 5219379.731719165], [630063.9258138743, 5219379.939094817], [630063.8156751471, 5219380.158321588], [630063.7275547492, 5219380.387288206], [630063.6623013281, 5219380.623789596], [630063.6205433102, 5219380.865548122], [630063.6026828478, 5219381.110235515], [630063.608891947, 5219381.355495304], [630063.6391108107, 5219381.5989655005], [630063.6930484148, 5219381.838301356], [630063.7701853106, 5219382.0711979335], [630063.8697786279, 5219382.295412312], [630063.9908692283, 5219382.508785185], [630064.1322909433, 5219382.709261656], [630064.6964662657, 5219383.431042944], [630064.5564838956, 5219383.541673679], [630064.3716973636, 5219383.703057861], [630064.203619045, 5219383.881777181], [630064.0538676261, 5219384.076110475], [630063.9238852949, 5219384.284186207], [630063.8149238524, 5219384.504000493], [630063.728032657, 5219384.733436404], [630063.664048518, 5219384.970284344], [630063.623587638, 5219385.212263338], [630063.6070396772, 5219385.457042997], [630063.6145640016, 5219385.702265959], [630063.6460881478, 5219385.945570593], [630063.7013085211, 5219386.184613742], [630063.779693319, 5219386.417093289], [630063.8804876531, 5219386.640770331], [630064.0027208189, 5219386.853490734], [630064.1452156442, 5219387.053205884], [630075.7877022459, 5219401.784581161], [630092.9109556865, 5219387.570295044], [630084.464610466, 5219376.8160929065], [630084.3037879277, 5219376.630817361], [630084.1255796147, 5219376.462197334], [630083.9317017704, 5219376.311856726], [630083.7240215447, 5219376.181243402], [630083.5045390114, 5219376.071615239], [630083.2753679074, 5219375.984028015], [630083.0387152758, 5219375.919325245], [630082.7968602107, 5219375.878130049], [630082.5521319087, 5219375.860839163], [630082.306887237, 5219375.867619104], [630082.0634880359, 5219375.89840458], [630081.8242783728, 5219375.952899109], [630081.5915619675, 5219376.0305778785], [630081.3675800061, 5219376.1306928005], [630081.1544895576, 5219376.252279713], [630080.9543427994, 5219376.394167668], [630080.8428431598, 5219376.481739432], [630080.8393441567, 5219376.4784196345], [630080.6456714818, 5219376.327814816], [630080.4381695403, 5219376.196918441], [630080.2188366888, 5219376.0869911155], [630079.989785223, 5219375.999091499], [630079.7532210335, 5219375.934066113], [630079.5114223629, 5219375.892541187], [630079.2667178644, 5219375.874916629], [630079.0214641764, 5219375.881362174], [630078.7780232255, 5219375.911815747], [630078.5387394816, 5219375.965984062], [630078.3059173777, 5219376.043345451], [630078.0817991181, 5219376.143154881], [630077.8685430839, 5219376.264451132], [630077.6682030476, 5219376.406066055], [630077.183030583, 5219376.786051821], [630077.0294911301, 5219376.610439486], [630076.8506808799, 5219376.442457906], [630076.6562665758, 5219376.292811674], [630076.448120534, 5219376.1629419625], [630076.2282473145, 5219376.05409949], [630075.9987644168, 5219375.9673324665], [630075.7618818864, 5219375.903476508], [630075.5198810318, 5219375.863146583], [630075.2750924535, 5219375.846731087], [630075.0298735991, 5219375.854388114], [630074.7865860604, 5219375.886043921], [630074.5475728294, 5219375.9413936455], [630074.315135734, 5219376.019904239], [630074.0915132707, 5219376.120819602], [630073.8788590461, 5219376.243167864], [630073.6792210366, 5219376.385770746], [630073.1954056757, 5219376.768564778], [630073.0682869266, 5219376.62245922], [630072.889883796, 5219376.454045326], [630072.6958322768, 5219376.303928956], [630072.4880011915, 5219376.173555813], [630072.268392067, 5219376.06418146], [630072.0391198591, 5219375.976859233], [630071.8023925847, 5219375.912430093], [630071.5604900566, 5219375.871514527], [630071.3157419286, 5219375.854506575], [630071.0705052589, 5219375.861570031], [630070.8271418107, 5219375.892636874], [630070.5879953069, 5219375.94740791], [630070.3553688593, 5219376.025355664], [630070.1315027876, 5219376.125729458], [630069.9185530444, 5219376.247562638], [630069.7185704525, 5219376.389681881], [630068.9148100857, 5219377.022458641], [630068.8539050182, 5219377.005654241], [630068.6121464929, 5219376.963896223]]], [[[630100.650319146, 5219433.166070735], [630100.8446524399, 5219433.315822153], [630101.0527281718, 5219433.445804484], [630101.2725424585, 5219433.554765927], [630101.5019783684, 5219433.641657122], [630101.738826308, 5219433.705641261], [630101.9808053025, 5219433.746102141], [630102.2255849618, 5219433.762650102], [630102.4708079238, 5219433.755125778], [630102.7141125576, 5219433.723601632], [630102.9531557063, 5219433.668381259], [630103.1856352539, 5219433.589996461], [630103.4093122953, 5219433.489202127], [630103.622032698, 5219433.3669689605], [630103.7652498226, 5219433.26478493], [630103.816524551, 5219433.304736853], [630104.0239002027, 5219433.435833213], [630104.2431269742, 5219433.54597194], [630104.4720935919, 5219433.634092337], [630104.7085949823, 5219433.699345759], [630104.9503535075, 5219433.741103777], [630105.1950409008, 5219433.758964239], [630105.440300689, 5219433.75275514], [630105.683770886, 5219433.722536276], [630105.9231067409, 5219433.668598672], [630106.1560033186, 5219433.591461776], [630106.3802176976, 5219433.491868459], [630106.593590571, 5219433.370777858], [630106.7940670411, 5219433.229356144], [630107.3681333318, 5219432.780641221], [630107.393176451, 5219432.812451282], [630107.5542130735, 5219432.997540781], [630107.7326162041, 5219433.165954675], [630107.9266677232, 5219433.316071045], [630108.1344988085, 5219433.446444188], [630108.354107933, 5219433.555818541], [630108.583380141, 5219433.643140768], [630108.8201074153, 5219433.707569908], [630109.0620099434, 5219433.748485474], [630109.3067580714, 5219433.7654934265], [630109.5519947412, 5219433.75842997], [630109.7953581894, 5219433.727363127], [630110.0345046931, 5219433.672592091], [630110.2671311408, 5219433.594644337], [630110.4909972125, 5219433.494270543], [630110.7039469556, 5219433.3724373635], [630110.9039295475, 5219433.23031812], [630111.5154002407, 5219432.748925332], [630111.571524714, 5219432.819861344], [630111.73300887, 5219433.004560515], [630111.9118191203, 5219433.172542095], [630112.1062334243, 5219433.322188327], [630112.3143794661, 5219433.452058039], [630112.5342526855, 5219433.560900511], [630112.7637355832, 5219433.647667535], [630113.0006181134, 5219433.711523493], [630113.242618968, 5219433.751853419], [630113.4874075464, 5219433.768268914], [630113.7326264007, 5219433.760611887], [630113.9759139393, 5219433.72895608], [630114.2149271703, 5219433.673606356], [630114.4473642656, 5219433.595095762], [630114.6709867289, 5219433.4941804], [630114.8836409536, 5219433.371832137], [630115.0832789635, 5219433.2292292565], [630115.2808255191, 5219433.072930699], [630115.3057212206, 5219433.108907924], [630116.0916027125, 5219434.133267967], [630115.7668104403, 5219434.3827598775], [630115.579816309, 5219434.541580882], [630115.4092897864, 5219434.71796575], [630115.2568731359, 5219434.910215799], [630115.1240342134, 5219435.116479555], [630115.0120523301, 5219435.334770586], [630114.9220059327, 5219435.562986631], [630114.8547622175, 5219435.798929843], [630114.810968778, 5219436.040327961], [630114.7910473691, 5219436.284856188], [630114.7951898448, 5219436.530159585], [630114.8233563108, 5219436.773875745], [630114.8752755087, 5219437.013657549], [630114.9504474282, 5219437.247195766], [630115.0481481225, 5219437.472241297], [630115.1674366808, 5219437.686626829], [630115.3071642886, 5219437.888287714], [630116.1413955305, 5219438.974302327], [630115.7670389673, 5219439.2630689675], [630115.5803652955, 5219439.4222665075], [630115.4101945963, 5219439.598994688], [630115.2581657063, 5219439.791551519], [630115.1257427469, 5219439.9980825735], [630115.0142010235, 5219440.216598844], [630114.924614744, 5219440.4449959], [630114.8578466732, 5219440.681074153], [630114.8145398243, 5219440.922560039], [630114.7951112655, 5219441.167127918], [630114.7997481048, 5219441.412422469], [630114.8284056867, 5219441.656081368], [630114.8808080232, 5219441.8957580505], [630114.9564504509, 5219442.129144296], [630115.0546044922, 5219442.353992469], [630115.1743248698, 5219442.568137158], [630115.3144586111, 5219442.769516032], [630116.1443630687, 5219443.845402709], [630115.7618167625, 5219444.141970838], [630115.5755301521, 5219444.301621129], [630115.4057890273, 5219444.478761941], [630115.2542280883, 5219444.671687311], [630115.1223069498, 5219444.878539262], [630115.0112960843, 5219445.097325698], [630114.9222645871, 5219445.3259395845], [630114.8560698804, 5219445.562179245], [630114.8133494554, 5219445.803769563], [630114.7945147329, 5219446.0483838925], [630114.7997471017, 5219446.2936664615], [630114.8289961714, 5219446.537255066], [630114.8819802572, 5219446.776803816], [630114.9581890935, 5219447.010005724], [630115.0568887476, 5219447.234614928], [630115.1771286879, 5219447.448468321], [630115.3177509381, 5219447.649506375], [630130.1762595272, 5219466.815650741], [630146.3687339815, 5219456.493413332], [630124.4649421378, 5219428.050450129], [630124.3058936831, 5219427.863649419], [630124.1293014186, 5219427.693337679], [630123.9368660244, 5219427.541155105], [630123.7304407585, 5219427.408567299], [630123.6797014673, 5219427.382616322], [630121.9543885269, 5219425.103778968], [630121.9428735544, 5219425.012738142], [630121.8883790255, 5219424.773528479], [630121.8107002556, 5219424.540812074], [630121.7105853336, 5219424.316830113], [630121.588998421, 5219424.103739664], [630121.4471104661, 5219423.903592906], [630094.7646398719, 5219389.93047497], [630077.6483976565, 5219404.138940956], [630100.3102156442, 5219432.813205884], [630100.4715998259, 5219432.997992416], [630100.650319146, 5219433.166070735]]], [[[630143.8270420403, 5219484.34553411], [630144.0199674102, 5219484.497095049], [630144.2268193616, 5219484.629016188], [630144.445605797, 5219484.740027053], [630144.6742196836, 5219484.829058551], [630144.9104593445, 5219484.895253258], [630145.1520496628, 5219484.937973683], [630145.3966639916, 5219484.956808405], [630145.6419465612, 5219484.951576036], [630145.8855351662, 5219484.922326966], [630146.1250839154, 5219484.86934288], [630146.3582858234, 5219484.793134045], [630146.5828950282, 5219484.69443439], [630146.7967484205, 5219484.57419445], [630146.9977864751, 5219484.4335722], [630147.2974667522, 5219484.201245766], [630147.4403843319, 5219484.338860404], [630147.6329411629, 5219484.490889294], [630147.8394722173, 5219484.6233122535], [630148.057988488, 5219484.734853976], [630148.2863855439, 5219484.824440256], [630148.5224637964, 5219484.891208326], [630148.763949683, 5219484.934515176], [630149.0085175626, 5219484.953943735], [630149.2538121127, 5219484.949306895], [630149.4974710129, 5219484.920649313], [630149.7371476946, 5219484.868246977], [630149.9705339404, 5219484.792604549], [630150.1953821131, 5219484.694450508], [630150.409526802, 5219484.57473013], [630150.6109056765, 5219484.434596389], [630150.9105562903, 5219484.203455521], [630151.0448701612, 5219484.333308368], [630151.23712021, 5219484.485725018], [630151.4433839665, 5219484.618563942], [630151.6616749979, 5219484.730545824], [630151.8898910424, 5219484.820592222], [630152.1258342545, 5219484.887835938], [630152.3672323724, 5219484.9316293765], [630152.6117605999, 5219484.951550785], [630152.8570639968, 5219484.94740831], [630153.1007801571, 5219484.919241844], [630153.340561961, 5219484.867322646], [630153.5741001788, 5219484.792150727], [630153.7991457096, 5219484.694450032], [630154.0135312419, 5219484.575161474], [630154.2151921259, 5219484.4354338655], [630154.5263030616, 5219484.196451388], [630154.6582097849, 5219484.3241321985], [630154.8503671827, 5219484.476665641], [630155.056550182, 5219484.609629875], [630155.2747731279, 5219484.721744382], [630155.5029344137, 5219484.811929437], [630155.738836722, 5219484.87931651], [630155.9802081843, 5219484.923256626], [630156.2247242617, 5219484.943326618], [630156.4700301304, 5219484.9393332], [630156.713763361, 5219484.911314833], [630156.9535766692, 5219484.859541347], [630157.1871605219, 5219484.78451135], [630157.4122653785, 5219484.686947422], [630157.6267233567, 5219484.567789157], [630157.8284691083, 5219484.4281841125], [630157.9927160939, 5219484.302175033], [630158.0206985815, 5219484.32916232], [630158.2131339757, 5219484.481344894], [630158.4195592416, 5219484.6139327], [630158.637986391, 5219484.725648845], [630158.866311851, 5219484.815417442], [630159.1023367225, 5219484.882373969], [630159.3437879572, 5219484.925873599], [630159.5883402477, 5219484.945497408], [630159.8336384216, 5219484.941056406], [630160.0773201234, 5219484.912593364], [630160.3170385653, 5219484.860382395], [630160.5504851275, 5219484.78492632], [630160.7754115919, 5219484.686951823], [630160.9896517938, 5219484.567402449], [630161.1911424829, 5219484.427429528], [630163.4095624792, 5219482.719034749], [630163.5963631903, 5219482.559986294], [630163.76667493, 5219482.38339403], [630163.9188575034, 5219482.190958636], [630164.0514453091, 5219481.98453337], [630164.163161454, 5219481.766106221], [630164.2529300506, 5219481.537780761], [630164.3198865781, 5219481.301755889], [630164.3633862088, 5219481.060304655], [630164.3830100173, 5219480.815752364], [630164.3785690157, 5219480.5704541905], [630164.3501059731, 5219480.326772489], [630164.2978950044, 5219480.087054047], [630164.2224389295, 5219479.853607484], [630164.1244644319, 5219479.62868102], [630164.0049150594, 5219479.414440818], [630163.8649421379, 5219479.212950129], [630148.2063847261, 5219458.879677449], [630132.0221387193, 5219469.196669458], [630143.4902509381, 5219483.989506375], [630143.6499012285, 5219484.175792986], [630143.8270420403, 5219484.34553411]]]]}}, {"type": "Feature", "properties": {"vineyard_id": "V33", "area_m2": 2274.1}, "geometry": {"type": "MultiPolygon", "coordinates": [[[[630097.6064024364, 5219376.633749395], [630097.4283642513, 5219376.464949747], [630097.2346381098, 5219376.314413709], [630097.0270897007, 5219376.183591025], [630096.8077178285, 5219376.073741591], [630096.5786351645, 5219375.9859233145], [630096.3420478998, 5219375.920981934], [630096.1002344992, 5219375.879542872], [630095.8555237578, 5219375.86200521], [630095.6102723739, 5219375.868537841], [630095.3668422523, 5219375.899077857], [630095.1275777584, 5219375.953331138], [630094.8947831397, 5219376.030775196], [630094.670700336, 5219376.130664202], [630094.4574873869, 5219376.252036172], [630094.2571976496, 5219376.393722225], [630092.0534267345, 5219378.12097257], [630091.8679891092, 5219378.281608194], [630091.6991894611, 5219378.45964638], [630091.5486534232, 5219378.653372521], [630091.4178307399, 5219378.86092093], [630091.307981305, 5219379.080292802], [630091.2201630288, 5219379.309375466], [630091.1552216493, 5219379.54596273], [630091.1137825873, 5219379.787776131], [630091.0962449238, 5219380.032486873], [630091.102777556, 5219380.277738257], [630091.1333175711, 5219380.521168378], [630091.1875708522, 5219380.760432873], [630091.2650149103, 5219380.993227491], [630091.3649039168, 5219381.2173102945], [630091.4862758862, 5219381.430523244], [630091.6279619399, 5219381.630812981], [630094.9539429845, 5219385.874378664], [630106.6708567912, 5219376.14798141], [630106.502224111, 5219376.064239797], [630106.2728506039, 5219375.977184005], [630106.0360486333, 5219375.913029946], [630105.7940987315, 5219375.872395459], [630105.5493310082, 5219375.855671874], [630105.3041027106, 5219375.8630202515], [630105.0607755211, 5219375.89436982], [630104.8216928137, 5219375.949418667], [630104.5891570854, 5219376.027636643], [630104.3654077825, 5219376.128270464], [630104.152599733, 5219376.250350974], [630103.952782395, 5219376.392702468], [630101.7547690311, 5219378.1272736695], [630101.5698667542, 5219378.2885252265], [630101.4016602491, 5219378.467123905], [630101.251769436, 5219378.6613497045], [630101.1216378456, 5219378.869332121], [630101.012518716, 5219379.0890681725], [630100.9254629243, 5219379.318441679], [630100.8613088651, 5219379.5552436495], [630100.8206743774, 5219379.797193551], [630100.8039507932, 5219380.041961275], [630100.81129917, 5219380.287189572], [630100.8426487388, 5219380.530516761], [630100.8976975861, 5219380.769599469], [630100.9235931283, 5219380.846584827], [630097.7670380604, 5219376.81918702], [630097.6064024364, 5219376.633749395]]], [[[630115.6541357489, 5219412.207550255], [630115.8478618902, 5219412.358086293], [630116.0554102992, 5219412.488908975], [630116.0662039493, 5219412.494313845], [630132.2108264926, 5219432.8252884755], [630132.3726383653, 5219433.0097006075], [630132.5517466192, 5219433.177364408], [630132.746426344, 5219433.326665183], [630132.954802668, 5219433.456165083], [630133.1748688127, 5219433.564616955], [630133.2581184384, 5219433.595924624], [630149.4424770838, 5219454.533990384], [630164.3602756175, 5219445.024322266], [630155.0519446621, 5219432.913904792], [630155.1733245101, 5219432.735841079], [630156.4562433711, 5219433.615965126], [630156.6651173672, 5219433.744660776], [630156.8855999573, 5219433.85226349], [630157.1155677739, 5219433.937736995], [630157.3528061011, 5219434.000258133], [630157.5950302039, 5219434.039224792], [630157.8399073322, 5219434.054261703], [630158.0850791851, 5219434.045224051], [630158.3281846236, 5219434.012198874], [630158.5668824096, 5219433.955504222], [630158.7988737529, 5219433.875686095], [630159.0219244501, 5219433.773513188], [630159.2338864007, 5219433.649969478], [630159.4327182957, 5219433.506244762], [630159.616505275, 5219433.343723185], [630159.6823292567, 5219433.272860592], [630166.4964254032, 5219442.053520562], [630166.6561672073, 5219442.239728705], [630166.8333914005, 5219442.409382771], [630167.0263912173, 5219442.560848897], [630167.2103095327, 5219442.67801688], [630172.6445289552, 5219437.253380191], [630165.4860745969, 5219428.028979437], [630165.3263327928, 5219427.8427712945], [630165.1491085995, 5219427.673117229], [630164.9561087828, 5219427.521651102], [630164.7491920363, 5219427.3898316175], [630164.5303510816, 5219427.278928267], [630164.3016934767, 5219427.190009111], [630164.0654213192, 5219427.12393049], [630163.8238100393, 5219427.081328776], [630163.5791864856, 5219427.062614248], [630163.3339065165, 5219427.067967136], [630163.0903323125, 5219427.097335891], [630162.8508096262, 5219427.150437674], [630162.6176451918, 5219427.226761086], [630162.3930845107, 5219427.32557109], [630162.1792902246, 5219427.445916094], [630161.9783212895, 5219427.586637108], [630161.564797588, 5219427.907545817], [630161.5500100176, 5219427.882175021], [630161.406285301, 5219427.6833431255], [630161.2437637245, 5219427.499556147], [630161.0640104597, 5219427.332584052], [630160.8687566287, 5219427.184034875], [630144.2587566287, 5219415.789034875], [630144.0498826328, 5219415.660339225], [630143.8294000425, 5219415.552736511], [630143.599432226, 5219415.467263007], [630143.3621938989, 5219415.404741868], [630143.1199697959, 5219415.365775209], [630142.8750926678, 5219415.350738298], [630142.6299208149, 5219415.35977595], [630142.3868153762, 5219415.392801127], [630142.1481175902, 5219415.449495779], [630141.916126247, 5219415.529313906], [630141.6930755499, 5219415.631486814], [630141.5313546957, 5219415.7257471], [630121.4677106496, 5219390.166857278], [630121.3069342852, 5219389.9815416625], [630121.1287679964, 5219389.812877232], [630120.9349276219, 5219389.662488317], [630120.7272799504, 5219389.531823246], [630120.5078247425, 5219389.4221403925], [630120.3034912077, 5219389.343987512], [630118.9533621578, 5219387.64531063], [630121.0163919119, 5219386.0438554445], [630121.2025772133, 5219385.884087018], [630121.3722059372, 5219385.70683857], [630121.5236444664, 5219385.513817098], [630121.655434365, 5219385.306881506], [630121.7663064243, 5219385.088024696], [630121.8551928857, 5219384.8593543805], [630121.921237724, 5219384.623072777], [630121.9638048913, 5219384.381455408], [630121.9824844426, 5219384.136829182], [630121.9770964836, 5219383.89154998], [630121.9476929031, 5219383.6479799785], [630121.8945568738, 5219383.408464887], [630121.8182001248, 5219383.175311368], [630121.7193580131, 5219382.950764817], [630121.5989824425, 5219382.73698774], [630121.4582326952, 5219382.536038928], [630120.6761816348, 5219381.528583569], [630121.0309246536, 5219381.249582979], [630121.216092098, 5219381.088635988], [630121.3845923465, 5219380.910314416], [630121.5348026498, 5219380.716335598], [630121.6652764003, 5219380.508567658], [630121.7747570648, 5219380.289011514], [630121.8621902845, 5219380.05978161], [630121.9267340297, 5219379.823085557], [630121.9677667089, 5219379.5812028665], [630121.9848931549, 5219379.336463002], [630121.9779484308, 5219379.091222941], [630121.946999418, 5219378.847844481], [630121.8923441722, 5219378.608671487], [630121.8145090537, 5219378.376007328], [630121.714243657, 5219378.152092686], [630121.5925135927, 5219377.939083982], [630121.4504911881, 5219377.739032606], [630120.722991188, 5219376.814032606], [630120.562044196, 5219376.628865162], [630120.3837226244, 5219376.460364914], [630120.1897438074, 5219376.31015461], [630119.9819758672, 5219376.17968086], [630119.7624197224, 5219376.070200196], [630119.5331898188, 5219375.982766976], [630119.2964937658, 5219375.91822323], [630119.0546110756, 5219375.877190551], [630118.8098712107, 5219375.860064105], [630118.56463115, 5219375.8670088295], [630118.3212526891, 5219375.897957842], [630118.0820796959, 5219375.952613087], [630117.8494155367, 5219376.030448206], [630117.625500895, 5219376.1307136025], [630117.4124921908, 5219376.2524436675], [630117.2124408148, 5219376.394466072], [630116.8782150808, 5219376.657330096], [630116.7062158199, 5219376.492724902], [630116.5131943484, 5219376.341286372], [630116.3062587564, 5219376.209496474], [630116.087401947, 5219376.098624415], [630115.8587316306, 5219376.009737954], [630115.6224500275, 5219375.943693114], [630115.3808326587, 5219375.901125947], [630115.1362064317, 5219375.882446396], [630114.8909272305, 5219375.887834355], [630114.6473572281, 5219375.917237936], [630114.4078421367, 5219375.970373965], [630114.1746886175, 5219376.046730714], [630113.9501420665, 5219376.145572826], [630113.7363649897, 5219376.265948397], [630113.5354161771, 5219376.406698144], [630111.361838554, 5219378.093967631], [630110.4323258251, 5219376.924492918], [630109.8091436868, 5219377.441792112], [630096.8052976864, 5219388.236492331], [630115.3154619399, 5219411.853312981], [630115.4760975637, 5219412.038750607], [630115.6541357489, 5219412.207550255]]], [[[630166.8331232918, 5219476.95410987], [630167.0258319849, 5219477.105946217], [630167.2324952974, 5219477.238162675], [630167.4511229488, 5219477.349485928], [630167.6796094351, 5219477.438843872], [630167.9157543068, 5219477.505375941], [630168.1572833596, 5219477.548441395], [630168.4018705365, 5219477.567625491], [630168.6471603294, 5219477.562743473], [630168.8907904637, 5219477.53384236], [630169.1304146476, 5219477.481200485], [630169.3637251697, 5219477.405324817], [630169.5884751218, 5219477.306946081], [630169.8025000391, 5219477.187011718], [630170.0037387444, 5219477.0466767615], [630172.219083624, 5219475.334296235], [630172.4055980791, 5219475.174912187], [630172.5755920474, 5219474.998014004], [630172.7274283943, 5219474.805305311], [630172.8596448526, 5219474.598641998], [630172.9709681056, 5219474.380014347], [630173.0603260496, 5219474.151527861], [630173.1268581186, 5219473.91538299], [630173.1699235726, 5219473.673853937], [630173.1891076675, 5219473.42926676], [630173.1842256503, 5219473.183976967], [630173.1553245372, 5219472.940346833], [630173.1026826618, 5219472.700722649], [630173.0268069942, 5219472.467412127], [630172.9284282585, 5219472.242662176], [630172.8084938958, 5219472.028637258], [630172.6681589393, 5219471.827398553], [630170.2242577858, 5219468.665669121], [630172.2205718036, 5219467.132514547], [630172.4075824863, 5219466.973713032], [630172.5781273908, 5219466.797345937], [630172.7305640768, 5219466.605111774], [630172.8634244956, 5219466.398861864], [630172.9754291286, 5219466.180582504], [630173.0654993101, 5219465.952375846], [630173.132767615, 5219465.716439643], [630173.1765862128, 5219465.475046091], [630173.1965331065, 5219465.230519941], [630173.1924161963, 5219464.985216114], [630173.1642751307, 5219464.741497019], [630173.1123809232, 5219464.501709806], [630173.0372333436, 5219464.268163755], [630172.9395561041, 5219464.043108043], [630172.8202898899, 5219463.828710079], [630172.6805832997, 5219463.627034634], [630170.4388203223, 5219460.708044643], [630172.2135186277, 5219459.3439728245], [630172.4004664741, 5219459.1850973405], [630172.5709415951, 5219459.008662793], [630172.723302222, 5219458.816368341], [630172.8560810386, 5219458.610065888], [630172.9679993123, 5219458.391742237], [630173.057979209, 5219458.163499964], [630173.1251541731, 5219457.927537169], [630173.168877273, 5219457.686126302], [630173.1887274313, 5219457.44159228], [630173.1845134802, 5219457.196290101], [630173.1562760022, 5219456.952582157], [630173.1042869397, 5219456.712815492], [630173.0290469759, 5219456.479299188], [630172.9312807127, 5219456.254282134], [630172.8119296926, 5219456.039931369], [630172.6721433314, 5219455.838311207], [630166.1955665172, 5219447.412090717], [630151.284712745, 5219456.917331749], [630166.4968410607, 5219476.597601446], [630166.6562251083, 5219476.784115901], [630166.8331232918, 5219476.95410987]]]]}}, {"type": "Feature", "properties": {"vineyard_id": "V34", "area_m2": 3266.5}, "geometry": {"type": "MultiPolygon", "coordinates": [[[[630377.609791851, 5219396.3111791685], [630377.7214196638, 5219396.092706864], [630377.8110959275, 5219395.864345124], [630377.8779570108, 5219395.628293197], [630377.9213590048, 5219395.386824393], [630377.9408839247, 5219395.142264187], [630377.9363437347, 5219394.896967829], [630377.9077821595, 5219394.653297656], [630377.8554742626, 5219394.413600346], [630377.7799237976, 5219394.180184314], [630377.6818583567, 5219393.955297485], [630377.5622223639, 5219393.741105641], [630377.4221679792, 5219393.539671568], [630377.2630440027, 5219393.352935185], [630377.0863828851, 5219393.182694866], [630376.8504947472, 5219392.976719726], [630377.3104674462, 5219392.4498289], [630377.4625508294, 5219392.257315106], [630377.595032238, 5219392.050821539], [630377.7066358036, 5219391.832336847], [630377.7962867226, 5219391.603965156], [630377.863121608, 5219391.36790581], [630377.9064968032, 5219391.12643219], [630377.9259945811, 5219390.881869819], [630377.9214271677, 5219390.636573967], [630377.8928385497, 5219390.392906965], [630377.840504051, 5219390.153215461], [630377.7649276814, 5219389.919807816], [630377.6668372828, 5219389.694931872], [630377.5471775193, 5219389.480753307], [630377.4071007797, 5219389.279334778], [630377.2479560799, 5219389.092616056], [630377.0712760699, 5219388.922395345], [630376.6834253886, 5219388.583803902], [630377.3320322048, 5219387.834021071], [630377.4832437403, 5219387.640821723], [630377.614790303, 5219387.43373136], [630377.725405028, 5219387.214744376], [630377.8140226349, 5219386.985969735], [630377.8797896876, 5219386.749610662], [630377.9220728136, 5219386.507943424], [630377.9404648034, 5219386.263295409], [630377.9347885317, 5219386.01802271], [630377.9050986645, 5219385.77448744], [630377.851681131, 5219385.535034973], [630377.7750503718, 5219385.301971369], [630377.6759443826, 5219385.077541159], [630377.5553176084, 5219384.863905727], [630377.414331751, 5219384.663122498], [630377.254344581, 5219384.477125128], [630377.0768968627, 5219384.30770487], [630376.9338721632, 5219384.183979984], [630377.3326171291, 5219383.723733201], [630377.4839735671, 5219383.530647351], [630377.6156754598, 5219383.323655738], [630377.7264544459, 5219383.104751802], [630377.815243663, 5219382.87604371], [630377.8811880227, 5219382.639734045], [630377.9236524445, 5219382.398098597], [630377.942227973, 5219382.153464449], [630377.9367357156, 5219381.908187561], [630377.9072285658, 5219381.664630083], [630377.8539906936, 5219381.425137609], [630377.7775348087, 5219381.192016579], [630377.6785972232, 5219380.967512079], [630377.5581307601, 5219380.753786208], [630377.4172955771, 5219380.552897264], [630377.2574479943, 5219380.366779917], [630377.0801274314, 5219380.197226578], [630376.2215534878, 5219379.4533820795], [630367.8632038124, 5219398.512410998], [630364.8672714545, 5219410.97728201], [630377.3251827783, 5219396.710154946], [630377.4772875261, 5219396.517658031], [630377.609791851, 5219396.3111791685]]], [[[630358.4785943179, 5219375.881038421], [630358.2371019998, 5219375.83776745], [630357.9925312365, 5219375.818375228], [630357.747237378, 5219375.823048511], [630357.5035827383, 5219375.851742294], [630357.2639138448, 5219375.904180238], [630357.03053884, 5219375.97985734], [630356.8057052527, 5219376.078044786], [630356.5915783533, 5219376.197796979], [630356.3902203008, 5219376.337960637], [630356.2035702835, 5219376.497185911], [630356.0334258428, 5219376.6739393715], [630322.34769256, 5219415.294000487], [630351.1349588785, 5219385.664480542], [630359.1030903172, 5219376.118964574], [630358.9430928511, 5219376.037323762], [630358.7146824878, 5219375.947771416], [630358.4785943179, 5219375.881038421]]], [[[630319.6479223841, 5219422.84699892], [630319.652756811, 5219423.0922896555], [630319.6816106552, 5219423.335925392], [630319.7342060384, 5219423.575559786], [630319.8100364385, 5219423.808885024], [630319.9083715671, 5219424.033654059], [630320.0282644032, 5219424.247702242], [630320.1685603134, 5219424.448968171], [630320.3279081712, 5219424.635513545], [630320.5047733695, 5219424.805541832], [630322.5792081006, 5219426.612536272], [630321.5122998991, 5219427.832004602], [630321.3600090179, 5219428.024354294], [630321.2273050257, 5219428.230704887], [630321.1154659345, 5219428.449069111], [630321.025568816, 5219428.677343999], [630320.9584794283, 5219428.91333114], [630320.9148438792, 5219429.154757849], [630320.8950824027, 5219429.399299053], [630320.8993853127, 5219429.644599688], [630320.9277111697, 5219429.888297374], [630320.9797871803, 5219430.128045171], [630321.0551118242, 5219430.361534174], [630321.1529596836, 5219430.586515758], [630321.2723884303, 5219430.800823227], [630321.3063981903, 5219430.849839062], [630320.3844147306, 5219431.951011909], [630320.2363356648, 5219432.146622509], [630320.1081428315, 5219432.355805477], [630320.001070798, 5219432.576546267], [630319.9161507267, 5219432.806719024], [630319.8542004441, 5219433.044107059], [630319.8158165654, 5219433.286424194], [630319.8013687483, 5219433.531336785], [630319.8109961333, 5219433.776486189], [630319.844606003, 5219434.019511483], [630319.9018746765, 5219434.258072199], [630319.9822506249, 5219434.48987087], [630320.0849597839, 5219434.712675145], [630320.2090130082, 5219434.924339299], [630320.3532155975, 5219435.122824891], [630320.4318742187, 5219435.211345716], [630320.3891477154, 5219435.26242839], [630320.2411670723, 5219435.458113458], [630320.1130794872, 5219435.667360889], [630320.0061185136, 5219435.888155514], [630319.9213142442, 5219436.118370962], [630319.8594833903, 5219436.355790132], [630319.821221417, 5219436.5981265465], [630319.8068968079, 5219436.843046375], [630319.8166475169, 5219437.088190904], [630319.8503796393, 5219437.331199259], [630319.9077683162, 5219437.569731136], [630319.9882608636, 5219437.801489342], [630320.0910820939, 5219438.024241921], [630320.2152417827, 5219438.235843642], [630320.3595442042, 5219438.4342566645], [630320.4093445368, 5219438.490244205], [630320.3906684219, 5219438.512657299], [630320.2430513487, 5219438.7086167745], [630320.1153524795, 5219438.918101656], [630320.0088016242, 5219439.139094488], [630319.9244249257, 5219439.369466989], [630319.8630349779, 5219439.6070005465], [630319.8252229997, 5219439.849407583], [630319.8113531407, 5219440.094353584], [630319.8215589756, 5219440.339479587], [630319.8557422165, 5219440.582424895], [630319.91357366, 5219440.820849812], [630319.9944963577, 5219441.052458174], [630320.09773098, 5219441.275019468], [630320.2222833209, 5219441.486390305], [630320.2776762593, 5219441.562257996], [630320.2352713996, 5219441.618650021], [630320.1077515822, 5219441.828243945], [630320.0013896045, 5219442.049327744], [630319.9172097906, 5219442.279772261], [630319.856022838, 5219442.517358189], [630319.8184180107, 5219442.759797447], [630319.8047574637, 5219443.004755211], [630319.8151727554, 5219443.249872404], [630319.8495635809, 5219443.492788414], [630319.9075987379, 5219443.731163826], [630319.9887193159, 5219443.962702955], [630320.0921440795, 5219444.185175953], [630320.2168769917, 5219444.396440283], [630320.3617168062, 5219444.594461354], [630320.5131158961, 5219444.763743879], [630320.3832988173, 5219444.919457949], [630320.2356330954, 5219445.115380768], [630320.107882219, 5219445.324833938], [630320.0012764985, 5219445.545800308], [630319.9168426057, 5219445.776151854], [630319.8553936847, 5219446.013670161], [630319.8175215225, 5219446.256067801], [630319.8035908486, 5219446.501010352], [630319.8137358229, 5219446.746138882], [630319.847858744, 5219446.9890926685], [630319.9056309893, 5219447.227531936], [630319.9864961806, 5219447.459160384], [630320.089675542, 5219447.6817473015], [630320.2141753996, 5219447.8931490565], [630320.3587967519, 5219448.091329734], [630320.377856176, 5219448.112687833], [630320.2350955611, 5219448.302751407], [630320.10768897, 5219448.512414177], [630320.0014464218, 5219448.733555393], [630319.9173910901, 5219448.964045345], [630319.8563324737, 5219449.201664288], [630319.8188586005, 5219449.444123821], [630319.8053303643, 5219449.689088928], [630319.8158780496, 5219449.934200459], [630319.8504000762, 5219450.177097858], [630319.9085639783, 5219450.415441889], [630319.9898096056, 5219450.646937169], [630320.0933545184, 5219450.869354271], [630320.2182015225, 5219451.0805512], [630320.363148273, 5219451.27849401], [630320.5267988535, 5219451.461276405], [630320.7075772196, 5219451.627138091], [630350.2684545503, 5219476.189502554], [630352.8461110729, 5219448.815799851], [630334.2443113683, 5219433.344838784], [630334.3319464439, 5219433.283401347], [630334.518063791, 5219433.123553764], [630334.5960948451, 5219433.041948114], [630334.7807160025, 5219433.201656413], [630334.9739153507, 5219433.352867949], [630335.1810057136, 5219433.484414511], [630335.3999926979, 5219433.595029237], [630335.6287673388, 5219433.683646844], [630335.8651264118, 5219433.749413896], [630336.1067936497, 5219433.7916970225], [630336.3514416649, 5219433.810089012], [630336.5967143632, 5219433.80441274], [630336.8402496346, 5219433.774722873], [630337.0797021012, 5219433.72130534], [630337.3127657048, 5219433.644674581], [630337.5371959156, 5219433.545568591], [630337.7508313479, 5219433.424941817], [630337.9516145758, 5219433.28395596], [630338.1376119469, 5219433.123968789], [630338.2260088315, 5219433.031383488], [630338.4180338916, 5219433.199020276], [630338.6105476861, 5219433.351103659], [630338.8170412525, 5219433.483585068], [630339.0355259448, 5219433.595188634], [630339.2638976359, 5219433.684839552], [630339.4999569815, 5219433.751674438], [630339.7414306012, 5219433.795049633], [630339.985992972, 5219433.81454741], [630340.2312888247, 5219433.809979998], [630340.474955826, 5219433.781391379], [630340.7146473294, 5219433.729056881], [630340.9480549748, 5219433.653480511], [630341.1729309191, 5219433.555390112], [630341.3871094838, 5219433.435730349], [630341.5885280124, 5219433.29565361], [630341.7752467343, 5219433.13650891], [630341.90671165, 5219433.000055348], [630342.1402226995, 5219433.203954838], [630342.3327196143, 5219433.356059587], [630342.5391984762, 5219433.488563911], [630342.7576707812, 5219433.600191724], [630342.9860325212, 5219433.689867987], [630343.222084448, 5219433.756729071], [630343.4635532524, 5219433.800131065], [630343.7081134579, 5219433.819655985], [630343.9534098159, 5219433.815115795], [630344.1970799884, 5219433.786554219], [630344.4367772986, 5219433.734246323], [630344.6701933302, 5219433.658695858], [630344.8950801593, 5219433.5606304165], [630345.1092720028, 5219433.440994424], [630345.3107060761, 5219433.30094004], [630345.4974424591, 5219433.141816063], [630345.6676827783, 5219432.965154946], [630348.4658365804, 5219429.760635761], [630350.1464562119, 5219432.460822417], [630350.2861610203, 5219432.662499097], [630350.4449608831, 5219432.849511183], [630350.6213264711, 5219433.020057646], [630350.813559287, 5219433.17249603], [630351.019808024, 5219433.305358271], [630351.2380863938, 5219433.417364833], [630351.4662922565, 5219433.507437031], [630351.7022278649, 5219433.57470742], [630351.94362103, 5219433.618528151], [630352.1881470038, 5219433.638477204], [630352.4334508673, 5219433.634362462], [630352.6771702104, 5219433.60622355], [630352.9169578826, 5219433.55433146], [630353.1505045973, 5219433.479185944], [630353.3755611723, 5219433.381510693], [630353.5899601894, 5219433.262246373], [630355.6642863181, 5219431.971167771], [630355.9733792875, 5219432.4654118605], [630356.1135158835, 5219432.666788748], [630356.27271607, 5219432.853460164], [630356.4494466623, 5219433.023628358], [630356.4776445887, 5219433.045890744], [630359.7619574118, 5219419.381184464], [630358.8285811228, 5219417.892948692], [630360.609999635, 5219415.85282145], [630364.9774514961, 5219397.681608753], [630365.014241276, 5219397.553779157], [630365.0622110426, 5219397.429711453], [630377.6711683689, 5219368.67828424], [630377.5510747642, 5219368.464685323], [630377.410454843, 5219368.263645639], [630377.2508067101, 5219368.0773571795], [630377.0736678643, 5219367.907614003], [630377.0399809652, 5219367.878365387], [630377.3415863778, 5219367.529144535], [630377.492642251, 5219367.335823455], [630377.6240219696, 5219367.128627205], [630377.734460275, 5219366.909551197], [630377.822893586, 5219366.680705253], [630377.8884702415, 5219366.444293285], [630377.9305587023, 5219366.202592068], [630377.9487536335, 5219365.957929319], [630377.9428798083, 5219365.712661272], [630377.9129937944, 5219365.469149993], [630377.8593834108, 5219365.22974063], [630377.7825649546, 5219364.996738824], [630377.6832782297, 5219364.772388511], [630377.5624794213, 5219364.558850307], [630377.4213318881, 5219364.358180702], [630377.261194958, 5219364.172312253], [630377.083610837, 5219364.003034976], [630374.964523181, 5219362.172879926], [630374.7756465594, 5219362.0252968315], [630353.4017567778, 5219387.630397323], [630353.3260692277, 5219387.71441638], [630319.7289952256, 5219422.294468657], [630319.7102662467, 5219422.360894777], [630319.6671539329, 5219422.6024154695], [630319.6479223841, 5219422.84699892]]], [[[630360.3231091378, 5219433.578199292], [630360.5646509407, 5219433.621193176], [630360.8092437913, 5219433.6403047955], [630361.0545321268, 5219433.635350096], [630361.2981536863, 5219433.606376793], [630361.5377622612, 5219433.553663916], [630361.7710502899, 5219433.477719119], [630361.9957710812, 5219433.379273792], [630362.2097604509, 5219433.259276016], [630364.5818397616, 5219431.771579897], [630364.7830368752, 5219431.631185317], [630364.9695040946, 5219431.47174601], [630365.1394456383, 5219431.294797462], [630365.2912248764, 5219431.102043787], [630365.423380092, 5219430.895341306], [630365.5346385579, 5219430.676680678], [630365.6239287945, 5219430.448167724], [630365.690390888, 5219430.212003148], [630365.7333847719, 5219429.970461345], [630365.7524963917, 5219429.725868494], [630365.747541692, 5219429.4805801585], [630365.7185683894, 5219429.236958599], [630365.6658555126, 5219428.997350024], [630365.5899107152, 5219428.764061995], [630365.4914653875, 5219428.539341204], [630365.3714676114, 5219428.325351834], [630361.9925599033, 5219422.937801943], [630359.5180244562, 5219433.233349865], [630359.63977098, 5219433.311188496], [630359.8584316082, 5219433.422446962], [630360.0869445624, 5219433.511737199], [630360.3231091378, 5219433.578199292]]], [[[630361.0170463629, 5219484.980630869], [630361.2475363145, 5219485.0646862015], [630361.4851552573, 5219485.125744818], [630361.7276147909, 5219485.163218691], [630361.9725798975, 5219485.176746926], [630362.2176914292, 5219485.166199242], [630362.4605888278, 5219485.131677215], [630362.6989328588, 5219485.073513312], [630362.9304281388, 5219484.992267685], [630363.1528452416, 5219484.888722773], [630363.3640421691, 5219484.7638757685], [630363.5619849793, 5219484.618929017], [630363.7447673748, 5219484.455278438], [630363.8128727676, 5219484.381048024], [630364.0701524419, 5219484.595539212], [630364.2660752615, 5219484.743204934], [630364.4755284309, 5219484.87095581], [630364.6964948016, 5219484.977561531], [630364.9268463466, 5219485.061995423], [630365.1643646547, 5219485.123444345], [630365.4067622947, 5219485.161316507], [630365.6517048449, 5219485.175247181], [630365.8968333746, 5219485.165102206], [630366.1397871621, 5219485.130979286], [630366.3782264296, 5219485.07320704], [630366.6098548764, 5219484.992341849], [630366.8324417943, 5219484.889162487], [630367.0438435493, 5219484.76466263], [630367.2420242272, 5219484.620041278], [630367.4250752394, 5219484.456691214], [630367.5912337052, 5219484.276185588], [630367.7550312767, 5219484.0797123145], [630368.3784573893, 5219484.598291422], [630368.5745429328, 5219484.745740994], [630368.7841368563, 5219484.873260812], [630369.0052206556, 5219484.979622789], [630369.2356651728, 5219485.063802603], [630369.4732511013, 5219485.124989555], [630369.7156903589, 5219485.162594383], [630369.9606481227, 5219485.17625493], [630370.2057653157, 5219485.165839639], [630370.4486813253, 5219485.131448813], [630370.6870567375, 5219485.073413656], [630370.9185958669, 5219484.9922930775], [630371.141068865, 5219484.888868314], [630371.3523331952, 5219484.764135402], [630371.5503542667, 5219484.619295588], [630371.679282496, 5219484.503987663], [630371.780896255, 5219484.588659164], [630371.976855731, 5219484.736276237], [630372.186340612, 5219484.863975107], [630372.4073334441, 5219484.970525961], [630372.6377059454, 5219485.05490266], [630372.8752395029, 5219485.116292608], [630373.1176465384, 5219485.154104586], [630373.3625925399, 5219485.167974445], [630373.6077185431, 5219485.15776861], [630373.8506638511, 5219485.123585369], [630374.0890887675, 5219485.065753926], [630374.3206971299, 5219484.984831228], [630374.5432584235, 5219484.881596606], [630374.7546292611, 5219484.757044265], [630374.952774026, 5219484.6123737125], [630375.135784476, 5219484.448978205], [630375.3018981202, 5219484.268431331], [630377.0943315781, 5219482.1173427], [630377.2419486514, 5219481.921383224], [630377.3696475207, 5219481.711898343], [630377.476198376, 5219481.490905511], [630377.5605750744, 5219481.26053301], [630377.6219650222, 5219481.022999452], [630377.6597770005, 5219480.780592416], [630377.6736468594, 5219480.535646415], [630377.6634410245, 5219480.290520412], [630377.6292577836, 5219480.047575103], [630377.57142634, 5219479.809150187], [630377.4905036421, 5219479.577541824], [630377.3872690198, 5219479.354980531], [630377.2627166789, 5219479.143609693], [630377.2294552212, 5219479.098053887], [630377.3513329279, 5219478.936886542], [630377.4794205129, 5219478.727639111], [630377.5863814865, 5219478.506844485], [630377.671185756, 5219478.276629037], [630377.7330166098, 5219478.039209868], [630377.7712785831, 5219477.796873453], [630377.7856031923, 5219477.551953625], [630377.7758524832, 5219477.306809096], [630377.742120361, 5219477.063800741], [630377.6847316839, 5219476.825268864], [630377.6042391367, 5219476.593510658], [630377.5014179064, 5219476.370758079], [630377.3772582177, 5219476.159156358], [630377.2329557962, 5219475.960743335], [630377.1683215065, 5219475.888078862], [630377.1905852695, 5219475.861488091], [630377.3386643354, 5219475.665877491], [630377.4668571687, 5219475.456694523], [630377.5739292022, 5219475.235953733], [630377.6588492735, 5219475.005780976], [630377.720799556, 5219474.768392941], [630377.7591834348, 5219474.526075806], [630377.7736312519, 5219474.281163215], [630377.764003867, 5219474.036013811], [630377.7303939972, 5219473.792988517], [630377.6731253237, 5219473.554427801], [630377.5927493753, 5219473.32262913], [630377.4900402162, 5219473.099824855], [630377.365986992, 5219472.888160701], [630377.2217844027, 5219472.689675109], [630377.0588211984, 5219472.506279606], [630377.0519899883, 5219472.499964666], [630377.1998190577, 5219472.322219616], [630377.347253602, 5219472.126122773], [630377.4747573567, 5219471.9165190775], [630377.5811023911, 5219471.695427128], [630377.6652645445, 5219471.464976161], [630377.7264332894, 5219471.227385543], [630377.7640195371, 5219470.984943405], [630377.7776613117, 5219470.739984595], [630377.7672272354, 5219470.494868201], [630377.732817794, 5219470.251954827], [630377.6747643691, 5219470.013583864], [630377.5936260474, 5219469.782050951], [630377.4901842348, 5219469.5595858805], [630377.3654351328, 5219469.34833111], [630377.2205801432, 5219469.150321139], [630377.0570142989, 5219468.967462912], [630376.8763128282, 5219468.801517454], [630355.6405327999, 5219451.139897005], [630353.0630675575, 5219478.511568386], [630360.3900772196, 5219484.599638091], [630360.5862423764, 5219484.74698173], [630360.7959051465, 5219484.874388321], [630361.0170463629, 5219484.980630869]]]]}}, {"type": "Feature", "properties": {"vineyard_id": "V35", "area_m2": 417.1}, "geometry": {"type": "MultiPolygon", "coordinates": [[[[630355.6123383892, 5219414.8575319], [630355.4425052723, 5219415.034584517], [630355.2908441395, 5219415.227431132], [630355.1588155704, 5219415.4342145305], [630355.0476910723, 5219415.652943272], [630354.9585408347, 5219415.881510881], [630354.8922234233, 5219416.117716125], [630354.8493775111, 5219416.35928422], [630354.8304157273, 5219416.603888732], [630354.8355206846, 5219416.849173987], [630354.8646432193, 5219417.092777752], [630354.9175028655, 5219417.332353991], [630354.993590556, 5219417.565595455], [630355.0921735246, 5219417.790255899], [630355.2123023632, 5219418.00417172], [630358.7420553539, 5219423.624587211], [630361.8435951102, 5219410.720326238], [630361.8130719211, 5219410.714768697], [630361.5685564758, 5219410.694691009], [630361.3232504815, 5219410.698676704], [630361.0795163693, 5219410.726687401], [630360.8397014316, 5219410.778453338], [630360.6061152176, 5219410.853475982], [630360.3810072901, 5219410.951032826], [630360.1665455616, 5219411.070184341], [630357.788607898, 5219412.548498403], [630357.5868577521, 5219412.688097097], [630357.399762153, 5219412.846798557], [630357.2291229337, 5219413.023074402], [630357.0765834431, 5219413.215226999], [630356.9436127198, 5219413.421405812], [630356.8314913446, 5219413.639625229], [630356.7412991078, 5219413.867783676], [630356.6739046096, 5219414.103683863], [630356.6676476303, 5219414.138048508], [630355.9998189776, 5219414.557460594], [630355.7987079043, 5219414.697978397], [630355.6123383892, 5219414.8575319]]], [[[630364.5998736696, 5219432.861652307], [630364.7769262862, 5219433.031485424], [630364.9697729024, 5219433.183146557], [630365.1765563, 5219433.315175126], [630365.3952850418, 5219433.426299624], [630365.6238526505, 5219433.515449862], [630365.860057895, 5219433.581767273], [630366.1016259897, 5219433.624613185], [630366.3462305018, 5219433.643574969], [630366.5915157561, 5219433.638470012], [630366.8351195216, 5219433.609347478], [630367.0746957607, 5219433.556487831], [630367.3079372236, 5219433.48040014], [630367.5325976671, 5219433.381817172], [630367.7465134884, 5219433.261688333], [630367.8901676696, 5219433.171470132], [630368.0957799491, 5219433.30407548], [630368.3139993658, 5219433.416196856], [630368.542157813, 5219433.506389093], [630368.7780579999, 5219433.57378359], [630369.019428079, 5219433.617731304], [630369.2639435243, 5219433.637808992], [630369.5092495186, 5219433.633823296], [630369.752983631, 5219433.6058126], [630369.9927985686, 5219433.5540466625], [630370.2263847826, 5219433.479024018], [630370.45149271, 5219433.381467175], [630370.6659544385, 5219433.26231566], [630373.0438921021, 5219431.784001597], [630373.2456422481, 5219431.6444029035], [630373.4327378471, 5219431.485701444], [630373.6033770664, 5219431.309425599], [630373.755916557, 5219431.117273002], [630373.8888872804, 5219430.911094189], [630374.0010086555, 5219430.692874772], [630374.0912008923, 5219430.464716325], [630374.1585953905, 5219430.228816138], [630374.2025431038, 5219429.987446059], [630374.2226207921, 5219429.7429306125], [630374.2186350961, 5219429.497624619], [630374.1906244002, 5219429.253890506], [630374.1388584628, 5219429.014075569], [630374.0638358181, 5219428.780489354], [630373.9662789752, 5219428.5553814275], [630373.84712746, 5219428.340919699], [630364.3612836474, 5219413.08249401], [630360.9734983917, 5219427.177707514], [630364.2998023633, 5219432.4741717195], [630364.4403201662, 5219432.675282792], [630364.5998736696, 5219432.861652307]]], [[[630355.3231305027, 5219427.126150433], [630355.1016351471, 5219427.020648187], [630354.8708653237, 5219426.9373643035], [630354.6330434721, 5219426.877100853], [630354.3904599465, 5219426.840438206], [630354.1454509591, 5219426.827729442], [630353.9003760802, 5219426.839096955], [630353.657595515, 5219426.874431269], [630353.419447373, 5219426.933392095], [630353.188225151, 5219427.01541161], [630352.9661556454, 5219427.119699918], [630352.755377507, 5219427.245252667], [630352.5579206443, 5219427.390860717], [630352.3756866751, 5219427.55512178], [630352.210430612, 5219427.736453935], [630350.4282125296, 5219429.896013775], [630350.2815258786, 5219430.092670692], [630350.1548213128, 5219430.302758458], [630350.049319066, 5219430.524253814], [630349.9660351827, 5219430.755023637], [630349.9057717323, 5219430.992845489], [630349.8691090847, 5219431.235429015], [630349.8564003212, 5219431.480438002], [630349.8677678343, 5219431.725512881], [630349.9031021484, 5219431.968293446], [630349.9620629749, 5219432.206441588], [630350.0440824887, 5219432.43766381], [630350.1483707972, 5219432.659733316], [630350.2739235468, 5219432.8705114545], [630350.419531596, 5219433.067968317], [630350.5837926597, 5219433.250202286], [630350.7651248139, 5219433.4154583495], [630355.4579757052, 5219437.2883233465], [630357.4863433101, 5219428.8491005795], [630355.7298751862, 5219427.39954165], [630355.533218269, 5219427.252854999], [630355.3231305027, 5219427.126150433]]], [[[630372.525864853, 5219451.234351812], [630372.7566346765, 5219451.317635695], [630372.9944565281, 5219451.377899146], [630373.2370400537, 5219451.414561793], [630373.4820490411, 5219451.427270557], [630373.72712392, 5219451.415903044], [630373.9699044852, 5219451.38056873], [630374.2080526272, 5219451.321607904], [630374.4392748491, 5219451.239588389], [630374.6613443547, 5219451.135300081], [630374.8721224932, 5219451.009747332], [630375.0695793559, 5219450.864139282], [630375.2518133251, 5219450.699878219], [630375.4170693882, 5219450.518546064], [630377.1992874705, 5219448.358986224], [630377.3459741216, 5219448.162329307], [630377.4726786874, 5219447.952241541], [630377.5781809342, 5219447.730746185], [630377.6614648175, 5219447.499976362], [630377.7217282678, 5219447.26215451], [630377.7583909155, 5219447.019570984], [630377.7710996789, 5219446.774561997], [630377.7597321658, 5219446.529487118], [630377.7243978517, 5219446.286706553], [630377.6654370253, 5219446.048558411], [630377.5834175114, 5219445.817336189], [630377.479129203, 5219445.595266683], [630377.3535764534, 5219445.384488544], [630377.2079684042, 5219445.187031682], [630377.0437073405, 5219445.004797713], [630376.8623751863, 5219444.839541649], [630360.0610724995, 5219430.973945111], [630358.0327048944, 5219439.413167877], [630371.897624814, 5219450.855458349], [630372.0942817312, 5219451.002145], [630372.3043694975, 5219451.128849566], [630372.525864853, 5219451.234351812]]]]}}, {"type": "Feature", "properties": {"vineyard_id": "V36", "area_m2": 1325.3}, "geometry": {"type": "Polygon", "coordinates": [[[630135.5780160705, 5219376.449668354], [630135.3839988757, 5219376.2995076245], [630135.1761976015, 5219376.16908697], [630134.9566134876, 5219376.059662415], [630134.727361249, 5219375.972287774], [630134.4906487104, 5219375.907804515], [630134.2487555427, 5219375.866833648], [630134.0040113092, 5219375.849769742], [630133.7587730311, 5219375.856777133], [630133.5154024868, 5219375.887788338], [630133.2762434676, 5219375.942504698], [630133.0435992058, 5219376.020399269], [630132.8197101927, 5219376.120721881], [630132.606732602, 5219376.242506373], [630132.406717524, 5219376.384579893], [630130.2062944489, 5219378.1160931885], [630130.0211681387, 5219378.277087492], [630129.8527134635, 5219378.455452116], [630129.7025527338, 5219378.64946931], [630129.5721320799, 5219378.857270585], [630129.4627075235, 5219379.076854699], [630129.3753328833, 5219379.306106937], [630129.3108496247, 5219379.542819476], [630129.2698787567, 5219379.784712644], [630129.2528148512, 5219380.029456877], [630129.2598222429, 5219380.274695155], [630129.2908334469, 5219380.518065699], [630129.3455498082, 5219380.757224719], [630129.4234443784, 5219380.989868981], [630129.5237669902, 5219381.213757994], [630129.6455514821, 5219381.426735584], [630129.7876250026, 5219381.626750662], [630166.5201250026, 5219428.306750662], [630166.6811193065, 5219428.491876972], [630166.8594839302, 5219428.660331647], [630167.053501125, 5219428.810492377], [630167.2613023992, 5219428.940913031], [630167.4808865131, 5219429.0503375875], [630167.7101387515, 5219429.137712227], [630167.9468512903, 5219429.202195486], [630168.1887444579, 5219429.243166354], [630168.4334886912, 5219429.260230259], [630168.6787269693, 5219429.253222868], [630168.9220975137, 5219429.222211664], [630169.1612565327, 5219429.167495303], [630169.3939007944, 5219429.089600733], [630169.6177898075, 5219428.98927812], [630169.8307673982, 5219428.8674936285], [630170.0307824761, 5219428.725420108], [630172.2312055512, 5219426.993906813], [630172.4163318614, 5219426.832912509], [630172.5847865366, 5219426.654547885], [630172.7349472663, 5219426.460530691], [630172.8653679203, 5219426.252729416], [630172.9747924766, 5219426.033145302], [630173.0621671168, 5219425.803893064], [630173.1266503754, 5219425.5671805255], [630173.1676212434, 5219425.325287357], [630173.1846851489, 5219425.080543124], [630173.1776777572, 5219424.835304846], [630173.1466665532, 5219424.591934302], [630173.0919501919, 5219424.352775282], [630173.0140556217, 5219424.12013102], [630172.91373301, 5219423.896242008], [630172.791948518, 5219423.683264418], [630172.6498749976, 5219423.483249339], [630171.8437047864, 5219422.458760795], [630172.2256092138, 5219422.155742068], [630172.4100857255, 5219421.994003596], [630172.5778207899, 5219421.814962079], [630172.7271990266, 5219421.620341784], [630172.8567818416, 5219421.412017013], [630172.9653212815, 5219421.191994044], [630173.0517720521, 5219420.962391822], [630173.1153015853, 5219420.725421539], [630173.155298057, 5219420.483365349], [630173.1713762793, 5219420.238554386], [630173.1633814101, 5219419.993346314], [630173.1313904444, 5219419.750102621], [630173.0757114725, 5219419.511165874], [630172.9968807135, 5219419.278837167], [630172.8956573508, 5219419.055353952], [630172.7730162205, 5219418.842868494], [630172.630138424, 5219418.643427145], [630172.3845591607, 5219418.333915555], [630172.4065364521, 5219418.314794674], [630172.5749522032, 5219418.136393296], [630172.7250705934, 5219417.94234334], [630172.8554459009, 5219417.7345136115], [630172.9648225401, 5219417.514905626], [630173.052147154, 5219417.285634328], [630173.116578759, 5219417.048907724], [630173.1574968435, 5219416.807005622], [630173.174507344, 5219416.562257671], [630173.1674464401, 5219416.3170209285], [630173.1363821321, 5219416.073657156], [630173.0816135862, 5219415.834510082], [630173.0036682535, 5219415.601882824], [630172.9032967903, 5219415.378015706], [630172.7814658284, 5219415.165064695], [630172.6393486666, 5219414.9650806235], [630172.4378424047, 5219414.709119554], [630172.5831102175, 5219414.557944765], [630172.7349421064, 5219414.36523256], [630172.867153784, 5219414.158566189], [630172.9784719796, 5219413.939935963], [630173.067824638, 5219413.711447409], [630173.1343512443, 5219413.475300998], [630173.1774111111, 5219413.23377095], [630173.196589548, 5219412.989183329], [630173.1917018564, 5219412.743893649], [630173.1627951075, 5219412.500264184], [630173.1101476889, 5219412.260641217], [630173.034266624, 5219412.027332451], [630172.9358826892, 5219411.802584775], [630172.8159433753, 5219411.588562632], [630172.6756037639, 5219411.387327173], [630171.9698429179, 5219410.474312276], [630172.2232740562, 5219410.276895852], [630172.4091891876, 5219410.116813121], [630172.5785182357, 5219409.939278364], [630172.7296304689, 5219409.746001336], [630172.8610705937, 5219409.538843401], [630172.97157277, 5219409.319799602], [630173.0600728014, 5219409.090979452], [630173.1257183843, 5219408.854586614], [630173.1678773157, 5219408.612897679], [630173.186143582, 5219408.368240245], [630173.1803412692, 5219408.122970496], [630173.1505262569, 5219407.879450514], [630173.0969856796, 5219407.64002553], [630173.0202351626, 5219407.407001336], [630172.9210138553, 5219407.182622084], [630172.8002773129, 5219406.969048669], [630172.6591882946, 5219406.7683379175], [630169.6636499806, 5219402.922848921], [630169.7446667524, 5219402.893972244], [630169.9665779835, 5219402.789347571], [630170.17716564, 5219402.663475591], [630170.3744016478, 5219402.517568518], [630170.5563865164, 5219402.353031519], [630170.721367632, 5219402.171449174], [630170.8677561362, 5219401.97457022], [630172.4261955379, 5219399.648357283], [630172.5525816294, 5219399.438077773], [630172.657748141, 5219399.216422813], [630172.7406822618, 5219398.985527061], [630172.8005852908, 5219398.7476141695], [630172.8368803291, 5219398.504975371], [630172.8492178357, 5219398.259947408], [630172.8374789936, 5219398.014890035], [630172.8017768542, 5219397.772163287], [630172.7424552488, 5219397.534104757], [630172.6600854768, 5219397.303007078], [630172.5554608041, 5219397.081095847], [630172.5135138663, 5219397.010917343], [630172.5786289761, 5219396.941726174], [630172.7284453545, 5219396.747442955], [630172.8584972406, 5219396.539410689], [630172.9675321634, 5219396.319632842], [630173.0545000571, 5219396.090225994], [630173.1185633736, 5219395.853399457], [630173.1591051477, 5219395.611434003], [630173.1757349402, 5219395.36665989], [630173.1682925972, 5219395.121434426], [630173.1368497923, 5219394.878119267], [630173.0817093371, 5219394.639057671], [630173.0034022642, 5219394.406551931], [630172.9026827135, 5219394.182841205], [630172.7805206694, 5219393.97007995], [630172.638092619, 5219393.770317174], [630172.4165097431, 5219393.489752995], [630172.5808829571, 5219393.315204431], [630172.7307626593, 5219393.120970058], [630172.860882352, 5219392.912980198], [630172.9699889114, 5219392.693237904], [630173.0570315816, 5219392.463859418], [630173.1211720945, 5219392.227053777], [630173.1617927414, 5219391.985101552], [630173.1785023236, 5219391.740332873], [630173.1711399185, 5219391.495104996], [630173.1397764302, 5219391.251779599], [630173.0847139063, 5219391.012700042], [630173.0064826288, 5219390.780168788], [630172.9058360078, 5219390.556425242], [630172.7837433252, 5219390.343624176], [630172.6413804005, 5219390.143814982], [630172.0706377871, 5219389.420666615], [630172.2245570655, 5219389.299354089], [630172.4095584532, 5219389.138216251], [630172.5778747385, 5219388.959721027], [630172.7278849435, 5219388.765587427], [630172.858144388, 5219388.55768506], [630172.9673986022, 5219388.338016143], [630173.0545954084, 5219388.108696206], [630173.1188950537, 5219387.871933726], [630173.1596782975, 5219387.630008853], [630173.1765523745, 5219387.385251459], [630173.1693547784, 5219387.140018689], [630173.1381548259, 5219386.89667227], [630173.0832529897, 5219386.657555762], [630173.0051780044, 5219386.424971985], [630172.9046817747, 5219386.201160849], [630172.7827321343, 5219385.988277778], [630172.640503525, 5219385.7883729525], [630165.553003525, 5219376.795872952], [630165.391865686, 5219376.610871565], [630165.2133704628, 5219376.442555279], [630165.0192368618, 5219376.292545074], [630164.811334496, 5219376.16228563], [630164.5916655787, 5219376.053031416], [630164.3623456415, 5219375.965834609], [630164.125583161, 5219375.901534963], [630163.8836582891, 5219375.86075172], [630163.6389008947, 5219375.843877643], [630163.3936681253, 5219375.8510752395], [630163.1503217064, 5219375.882275192], [630162.9112051973, 5219375.937177028], [630162.6786214204, 5219376.015252013], [630162.4548102848, 5219376.1157482425], [630162.2419272141, 5219376.2376978835], [630162.0420223885, 5219376.379926492], [630161.8553622203, 5219376.527043973], [630161.7690099655, 5219376.445725643], [630161.5747755929, 5219376.295845941], [630161.3667857322, 5219376.165726248], [630161.1470434392, 5219376.056619689], [630160.9176649526, 5219375.969577018], [630160.6808593124, 5219375.905436506], [630160.4389070865, 5219375.864815858], [630160.1941384069, 5219375.848106276], [630159.9489105301, 5219375.855468681], [630159.7055851343, 5219375.886832169], [630159.4665055763, 5219375.941894693], [630159.2339743228, 5219376.020125971], [630159.010230777, 5219376.120772592], [630158.7974297114, 5219376.242865275], [630158.7106375154, 5219376.304704225], [630158.7013238838, 5219376.297522264], [630158.4932916182, 5219376.167470378], [630158.2735137708, 5219376.058435455], [630158.0441069225, 5219375.971467561], [630157.8072803866, 5219375.907404245], [630157.5653149321, 5219375.86686247], [630157.3205408187, 5219375.8502326775], [630157.0753153549, 5219375.857675021], [630156.8320001959, 5219375.889117826], [630156.5929385996, 5219375.944258281], [630156.36043286, 5219376.022565354], [630156.1367221345, 5219376.123284904], [630155.9239608796, 5219376.245446948], [630155.7241981026, 5219376.387874999], [630153.5268495557, 5219378.12328831], [630153.342009081, 5219378.284610706], [630153.1738710238, 5219378.463273826], [630153.0240546454, 5219378.657557045], [630152.8940027595, 5219378.865589311], [630152.7849678367, 5219379.085367159], [630152.6979999428, 5219379.314774007], [630152.6339366265, 5219379.551600543], [630152.5933948524, 5219379.793565997], [630152.5767650598, 5219380.03834011], [630152.5842074029, 5219380.283565574], [630152.6156502077, 5219380.526880734], [630152.670790663, 5219380.76594233], [630152.7490977359, 5219380.998448069], [630152.8498172866, 5219381.222158795], [630152.9719793306, 5219381.43492005], [630153.114407381, 5219381.634682827], [630159.2603071489, 5219389.416508535], [630159.1799626321, 5219389.464531879], [630149.3366882945, 5219376.828337918], [630149.1766055645, 5219376.642422786], [630148.9990708071, 5219376.473093738], [630148.8057937791, 5219376.3219815055], [630148.5986358436, 5219376.19054138], [630148.3795920452, 5219376.080039204], [630148.1507718952, 5219375.991539173], [630147.9143790567, 5219375.92589359], [630147.672690122, 5219375.883734658], [630147.4280326879, 5219375.865468392], [630147.1827629388, 5219375.871270705], [630146.9392429568, 5219375.901085718], [630146.6998179723, 5219375.954626295], [630146.4667937788, 5219376.031376812], [630146.2424145268, 5219376.130598119], [630146.0288411109, 5219376.251334662], [630145.8281303602, 5219376.39242368], [630145.6672362421, 5219376.517756114], [630145.6418132862, 5219376.49332653], [630145.4491010808, 5219376.34149464], [630145.2424347097, 5219376.209282963], [630145.0238044831, 5219376.097964767], [630144.7953159297, 5219376.008612108], [630144.559169519, 5219375.942085503], [630144.3176394701, 5219375.899025636], [630144.0730518494, 5219375.879847199], [630143.8277621693, 5219375.88473489], [630143.5841327037, 5219375.913641639], [630143.3445097374, 5219375.966289058], [630143.1112009707, 5219376.042170123], [630142.8864532944, 5219376.140554057], [630142.6724311516, 5219376.260493372], [630142.4711956927, 5219376.400832984], [630142.3257245815, 5219376.513282205], [630142.252412594, 5219376.444073696], [630142.0583626379, 5219376.293955306], [630141.85053291, 5219376.163579998], [630141.6309249242, 5219376.0542033585], [630141.4016536255, 5219375.966878745], [630141.1649270218, 5219375.90244714], [630140.9230249198, 5219375.861529055], [630140.6782769688, 5219375.844518554], [630140.4330402255, 5219375.851579458], [630140.1896764538, 5219375.882643767], [630139.9505293798, 5219375.937412312], [630139.7179021206, 5219376.015357645], [630139.4940350038, 5219376.115729108], [630139.2810839922, 5219376.23756007], [630139.0810999206, 5219376.379677232], [630139.0435024732, 5219376.409275956], [630138.8872381408, 5219376.289337331], [630138.6789133687, 5219376.159754517], [630138.4588904004, 5219376.051215077], [630138.2292881772, 5219375.964764306], [630137.9923178944, 5219375.901234773], [630137.7502617049, 5219375.861238302], [630137.5054507423, 5219375.845160079], [630137.2602426702, 5219375.853154948], [630137.0169989761, 5219375.885145914], [630136.7780622299, 5219375.940824886], [630136.545733523, 5219376.019655645], [630136.3222503079, 5219376.1208790075], [630136.1097648501, 5219376.243520138], [630135.9103235006, 5219376.3863979345], [630135.6933266013, 5219376.558572226], [630135.5780160705, 5219376.449668354]]]}}, {"type": "Feature", "properties": {"vineyard_id": "V37", "area_m2": 422.1}, "geometry": {"type": "Polygon", "coordinates": [[[630218.0927697847, 5219353.050691491], [630217.9052410325, 5219353.208880884], [630217.7341205543, 5219353.384689582], [630217.5810563338, 5219353.576424453], [630217.4475224632, 5219353.782238986], [630217.3348049467, 5219354.0001510745], [630217.2439893156, 5219354.228062105], [630217.1759501739, 5219354.46377717], [630217.131342776, 5219354.705026205], [630217.1105967152, 5219354.949485849], [630217.1139117879, 5219355.194801822], [630217.1412560676, 5219355.438611599], [630217.1923662142, 5219355.678567156], [630217.266750009, 5219355.912357591], [630217.3636910955, 5219356.137731375], [630217.4822558779, 5219356.352518034], [630220.4637141464, 5219361.1777027305], [630218.3156679806, 5219362.466740886], [630218.11174889, 5219362.60315174], [630217.9221823273, 5219362.7588933045], [630217.7487939221, 5219362.932465703], [630217.5932534997, 5219363.122197338], [630217.4570589993, 5219363.326260992], [630217.3415220485, 5219363.542691419], [630217.2477553311, 5219363.769404275], [630217.176661872, 5219364.004216193], [630217.12892634, 5219364.244865804], [630217.1050084544, 5219364.489035523], [630217.1051385574, 5219364.73437386], [630217.1293153962, 5219364.978518073], [630217.1773061346, 5219365.219116922], [630217.2486485955, 5219365.453853305], [630217.342655712, 5219365.680466585], [630217.4584221441, 5219365.896774352], [630218.8824883748, 5219368.269830569], [630218.2760641791, 5219368.656126906], [630218.0758588446, 5219368.797932197], [630217.8905169028, 5219368.958678212], [630217.7218232978, 5219369.136816878], [630217.5714026412, 5219369.330632622], [630217.4407035663, 5219369.538258893], [630217.3309847764, 5219369.757696136], [630217.2433029235, 5219369.986831051], [630217.178502432, 5219370.223456943], [630217.1372073657, 5219370.465294977], [630217.1198154188, 5219370.710016117], [630217.1264940854, 5219370.955263568], [630217.1571790462, 5219371.198675461], [630217.2115747881, 5219371.437907607], [630217.2891574505, 5219371.670656071], [630217.3891798701, 5219371.894679355], [630217.5106787761, 5219372.107819996], [630223.3631787761, 5219381.295319996], [630223.5049840678, 5219381.49552533], [630223.6657300823, 5219381.6808672715], [630223.8438687482, 5219381.849560876], [630224.0376844923, 5219381.999981533], [630224.2453107632, 5219382.130680609], [630224.4647480065, 5219382.240399398], [630224.6938829215, 5219382.328081251], [630224.9305088137, 5219382.392881743], [630225.1723468464, 5219382.434176809], [630225.4170679874, 5219382.451568755], [630225.6623154379, 5219382.444890089], [630225.9057273311, 5219382.414205128], [630226.1449594775, 5219382.359809387], [630226.3777079405, 5219382.282226724], [630226.6017312255, 5219382.182204304], [630226.8148718653, 5219382.060705398], [630227.1789240988, 5219381.828801649], [630227.3013785969, 5219381.929188832], [630227.5054422504, 5219382.065383333], [630227.7218726771, 5219382.180920283], [630227.9485855335, 5219382.274687001], [630228.1833974512, 5219382.34578046], [630228.4240470629, 5219382.393515992], [630228.6682167812, 5219382.4174338775], [630228.9135551184, 5219382.4173037745], [630229.157699332, 5219382.393126936], [630229.39829818, 5219382.345136197], [630229.6330345637, 5219382.2737937365], [630229.8596478436, 5219382.17978662], [630230.07595561, 5219382.064020188], [630232.4768320194, 5219380.623259115], [630232.4783867031, 5219380.6222191155], [630232.8647558779, 5219381.247518034], [630233.0038025125, 5219381.4496490555], [630233.1619919044, 5219381.637177807], [630233.3378006031, 5219381.808298286], [630233.5295354747, 5219381.961362506], [630233.7353500078, 5219382.094896377], [630233.9532620957, 5219382.207613893], [630234.181173126, 5219382.2984295245], [630234.4168881908, 5219382.366468666], [630234.6581372253, 5219382.411076064], [630234.9025968693, 5219382.431822125], [630235.1479128428, 5219382.428507052], [630235.391722619, 5219382.401162772], [630235.6316781762, 5219382.350052626], [630235.8654686116, 5219382.275668831], [630236.0908423952, 5219382.178727744], [630236.3056290546, 5219382.060162962], [630238.6875991935, 5219380.588355144], [630238.8897302153, 5219380.449308509], [630239.0772589676, 5219380.291119116], [630239.2483794458, 5219380.115310418], [630239.4014436662, 5219379.923575547], [630239.5349775369, 5219379.717761014], [630239.6476950534, 5219379.4998489255], [630239.7385106845, 5219379.271937895], [630239.8065498262, 5219379.03622283], [630239.851157224, 5219378.794973795], [630239.8719032848, 5219378.550514151], [630239.8685882122, 5219378.305198178], [630239.8412439325, 5219378.061388401], [630239.7901337858, 5219377.821432844], [630239.715749991, 5219377.587642409], [630239.6188089045, 5219377.362268625], [630239.5002441221, 5219377.147481966], [630224.1177441222, 5219352.252481966], [630223.9786974875, 5219352.0503509445], [630223.8205080957, 5219351.862822193], [630223.6446993969, 5219351.691701714], [630223.4529645253, 5219351.538637494], [630223.2471499923, 5219351.405103623], [630223.0292379044, 5219351.292386107], [630222.8013268741, 5219351.2015704755], [630222.5656118093, 5219351.133531334], [630222.3243627747, 5219351.088923936], [630222.0799031308, 5219351.068177875], [630221.8345871572, 5219351.071492948], [630221.5907773811, 5219351.098837228], [630221.3508218238, 5219351.149947374], [630221.1170313885, 5219351.224331169], [630220.8916576048, 5219351.321272256], [630220.6768709455, 5219351.439837038], [630218.2949008065, 5219352.911644856], [630218.0927697847, 5219353.050691491]]]}}, {"type": "Feature", "properties": {"vineyard_id": "V38", "area_m2": 5042.7}, "geometry": {"type": "MultiPolygon", "coordinates": [[[[630307.2591996184, 5219324.95328458], [630307.0341524271, 5219325.05098145], [630306.8197648674, 5219325.170266365], [630306.5633202819, 5219325.329913881], [630306.4684660945, 5219325.254021763], [630306.2627967771, 5219325.120264338], [630306.0450072935, 5219325.007310111], [630305.8171950754, 5219324.916246892], [630305.5815540792, 5219324.847951669], [630305.3403536563, 5219324.803082163], [630305.0959166988, 5219324.782070492], [630304.850597268, 5219324.785119009], [630304.6067579243, 5219324.812198356], [630304.3667469737, 5219324.863047743], [630304.1328758531, 5219324.937177464], [630303.907396869, 5219325.033873608], [630303.6924815073, 5219325.152204939], [630303.5804053419, 5219325.221288099], [630303.4174147866, 5219325.115717239], [630303.1994158356, 5219325.00316781], [630302.9714348359, 5219324.912527971], [630302.7356673693, 5219324.844670634], [630302.4943840053, 5219324.800249301], [630302.2499084347, 5219324.779691774], [630302.0045950908, 5219324.783196034], [630301.7608064752, 5219324.810728332], [630301.5208904054, 5219324.8620235175], [630301.2871574046, 5219324.93658759], [630301.0618584492, 5219325.033702455], [630300.8471632913, 5219325.152432847], [630300.7457069729, 5219325.215230383], [630300.606332208, 5219325.125199894], [630300.3881944207, 5219325.012919788], [630300.1601016516, 5219324.922561583], [630299.9242505585, 5219324.854995478], [630299.6829125165, 5219324.810872172], [630299.438411743, 5219324.790616597], [630299.193102914, 5219324.794423824], [630298.9493484875, 5219324.822257189], [630298.7094959521, 5219324.87384864], [630298.4758552186, 5219324.948701324], [630298.2506763752, 5219325.046094368], [630298.036128017, 5219325.165089824], [630297.9327038958, 5219325.2292821575], [630297.7337259963, 5219325.101728795], [630297.5151991236, 5219324.990207844], [630297.2867935529, 5219324.900643276], [630297.0507089545, 5219324.8338976465], [630296.8092189523, 5219324.790613753], [630296.564649227, 5219324.771208443], [630296.3193551187, 5219324.775868599], [630296.0756989437, 5219324.804549343], [630295.8360272443, 5219324.856974462], [630295.60264819, 5219324.932639075], [630295.3778093486, 5219325.030814489], [630295.1636760412, 5219325.150555223], [630295.127317603, 5219325.173297346], [630295.0427841913, 5219325.11852879], [630294.8247995828, 5219325.005951585], [630294.5968301342, 5219324.915282697], [630294.3610713156, 5219324.8473953195], [630294.1197936136, 5219324.802943243], [630293.8753206643, 5219324.782354565], [630293.6300068756, 5219324.785827568], [630293.3862147537, 5219324.813328803], [630293.1462921498, 5219324.864593417], [630292.9125496498, 5219324.939127707], [630292.6872383219, 5219325.0362138655], [630292.4725280371, 5219325.154916899], [630290.0915059163, 5219326.628257886], [630289.8894644523, 5219326.76743462], [630289.7020375786, 5219326.925744707], [630289.5310303186, 5219327.101663534], [630289.3780895656, 5219327.293496906], [630289.2446882225, 5219327.499397363], [630289.1321110176, 5219327.717381971], [630289.0414421305, 5219327.94535142], [630288.9735547523, 5219328.181110238], [630288.9291026756, 5219328.42238794], [630288.9085139981, 5219328.66686089], [630288.9119870003, 5219328.9121746775], [630288.9394882348, 5219329.1559668], [630288.9907528501, 5219329.395889403], [630289.0652871397, 5219329.629631903], [630289.1623732978, 5219329.854943231], [630289.2810763317, 5219330.069653516], [630293.9738157204, 5219337.653448714], [630304.2317641979, 5219327.492268841], [630304.3208795994, 5219327.410831818], [630304.4162551882, 5219327.336824789], [630307.9747975578, 5219324.798205684], [630307.7325218, 5219324.826201508], [630307.4927391137, 5219324.878116631], [630307.2591996184, 5219324.95328458]]], [[[630268.8869309727, 5219394.562845049], [630268.7450064463, 5219394.762965877], [630268.6233805965, 5219394.976034104], [630268.5232247467, 5219395.199997767], [630268.4455034526, 5219395.432699973], [630268.3909652125, 5219395.671899674], [630268.3601352596, 5219395.915293246], [630268.3533105032, 5219396.160536675], [630268.3705566694, 5219396.405268132], [630268.4117076683, 5219396.647130721], [630268.4763671933, 5219396.883795172], [630268.5639125375, 5219397.112982278], [630268.6735005918, 5219397.33248484], [630268.8040759631, 5219397.54018893], [630270.5790020301, 5219400.078018644], [630269.4170765226, 5219400.894634607], [630269.2235168923, 5219401.0453846855], [630269.0456653961, 5219401.214381022], [630268.8852348414, 5219401.399996091], [630268.7437702616, 5219401.600442316], [630268.6226340384, 5219401.813789292], [630268.5229927796, 5219402.03798237], [630268.4458060851, 5219402.270862448], [630268.3918173049, 5219402.5101867635], [630268.3615463804, 5219402.753650493], [630268.3552848374, 5219402.998908948], [630268.3730929777, 5219403.243600155], [630268.4147992993, 5219403.485367604], [630268.4800021476, 5219403.721882942], [630268.5680735834, 5219403.950868397], [630268.6781654307, 5219404.170118715], [630268.8092174449, 5219404.377522394], [630271.9497599987, 5219408.846056765], [630271.9046264638, 5219408.868969851], [630271.6978038334, 5219409.000936953], [630269.4141214514, 5219410.621058794], [630269.2212297666, 5219410.772662601], [630269.0441266797, 5219410.942443087], [630268.88451779, 5219411.12876517], [630268.7439402188, 5219411.32983447], [630268.6237478047, 5219411.543714577], [630268.5250980663, 5219411.76834571], [630268.4489410548, 5219412.001564547], [630268.3960102034, 5219412.241125065], [630268.3668152656, 5219412.484720164], [630268.3616374043, 5219412.73000389], [630268.3805264853, 5219412.974614027], [630268.4233005962, 5219413.216194846], [630268.4895477992, 5219413.452419791], [630268.5786300974, 5219413.681013887], [630268.6896895797, 5219413.8997756485], [630268.8216566823, 5219414.1065982785], [630269.9123848714, 5219415.6440608855], [630269.4170314908, 5219415.992228384], [630269.223477334, 5219416.14298549], [630269.0456319737, 5219416.311988284], [630268.8852081579, 5219416.497609177], [630268.7437508558, 5219416.698060539], [630268.6226223785, 5219416.911411912], [630268.5229892596, 5219417.135608607], [630268.4458110201, 5219417.368491488], [630268.391830929, 5219417.607817763], [630268.361568844, 5219417.851282592], [630268.3553162053, 5219418.096541274], [630268.3731332296, 5219418.341231834], [630268.4148483289, 5219418.582997769], [630268.4800597642, 5219418.819510739], [630268.5681395136, 5219419.048492997], [630268.6782393211, 5219419.267739317], [630268.8092988651, 5219419.475138239], [630271.9821943288, 5219423.989357689], [630271.9756540003, 5219423.992484406], [630271.7657469533, 5219424.119488139], [630269.4441256266, 5219425.684759494], [630269.2476778819, 5219425.831726157], [630269.066581339, 5219425.997240382], [630268.9025800565, 5219426.179708177], [630268.7572534563, 5219426.377372275], [630268.6320011131, 5219426.588329065], [630268.5280292756, 5219426.810546917], [630268.4463392491, 5219427.04188575], [630268.3877177534, 5219427.280117648], [630268.3527293456, 5219427.522948305], [630268.3417109831, 5219427.76803913], [630268.3547687787, 5219428.0130297635], [630268.3917769787, 5219428.255560812], [630268.4523791741, 5219428.49329657], [630268.5359917324, 5219428.723947511], [630268.6418094191, 5219428.945292341], [630268.768813152, 5219429.155199388], [630271.0763131521, 5219432.577699387], [630271.2232798157, 5219432.774147132], [630271.3887940409, 5219432.955243675], [630271.5712618352, 5219433.119244957], [630271.7689259337, 5219433.264571558], [630271.9798827235, 5219433.389823901], [630272.2021005752, 5219433.493795739], [630272.4334394094, 5219433.575485765], [630272.6716713065, 5219433.634107261], [630272.9145019634, 5219433.669095669], [630273.159592788, 5219433.680114031], [630273.4045834217, 5219433.6670562355], [630273.6471144706, 5219433.630048036], [630273.8848502284, 5219433.56944584], [630274.1155011697, 5219433.485833282], [630274.3368459997, 5219433.380015595], [630274.5467530467, 5219433.253011862], [630276.8683743734, 5219431.687740507], [630277.0648221181, 5219431.540773843], [630277.2018254064, 5219431.415558902], [630278.0642988652, 5219432.642638239], [630278.2150559709, 5219432.836192396], [630278.384058765, 5219433.014037756], [630278.5696796582, 5219433.174461572], [630278.7701310195, 5219433.315918874], [630278.9834823931, 5219433.437047351], [630279.2076790883, 5219433.53668047], [630279.4405619687, 5219433.61385871], [630279.6798882447, 5219433.667838801], [630279.9233530734, 5219433.698100886], [630280.1686117555, 5219433.704353524], [630280.4133023156, 5219433.6865365], [630280.6550682501, 5219433.644821401], [630280.8915812209, 5219433.579609966], [630281.1205634786, 5219433.491530216], [630281.339809799, 5219433.381430409], [630281.5472087201, 5219433.250370865], [630282.1276734857, 5219432.84238139], [630282.13326049, 5219432.849489963], [630282.3030409754, 5219433.02659305], [630282.4893630593, 5219433.186201939], [630282.6904323584, 5219433.326779511], [630282.9043124655, 5219433.446971925], [630283.128943598, 5219433.545621663], [630283.3621624355, 5219433.621778674], [630283.6017229531, 5219433.674709526], [630283.845318052, 5219433.703904464], [630284.0906017781, 5219433.709082325], [630284.3352119153, 5219433.690193244], [630284.5767927341, 5219433.647419133], [630284.8130176793, 5219433.581171931], [630285.0416117753, 5219433.492089632], [630285.2603735361, 5219433.38103015], [630285.4671961665, 5219433.249063048], [630287.7508785485, 5219431.628941207], [630287.8867869636, 5219431.522123574], [630288.6742174448, 5219432.642522394], [630288.8249675231, 5219432.8360820245], [630288.9939638601, 5219433.013933521], [630289.1795789286, 5219433.174364075], [630289.380025154, 5219433.315828655], [630289.5933721297, 5219433.436964879], [630289.8175652075, 5219433.536606138], [630290.0504452857, 5219433.613792832], [630290.2897696017, 5219433.667781612], [630290.5332333315, 5219433.698052537], [630290.7784917864, 5219433.704314079], [630291.0231829934, 5219433.686505939], [630291.2649504422, 5219433.644799617], [630291.5014657804, 5219433.579596769], [630291.7304512359, 5219433.491525333], [630291.9497015536, 5219433.381433486], [630292.1571052327, 5219433.250381472], [630293.244726396, 5219432.485987542], [630293.3490759631, 5219432.63518893], [630293.4993811392, 5219432.829094243], [630293.6679685991, 5219433.007333366], [630293.8532147534, 5219433.168189758], [630294.0533355805, 5219433.310114285], [630294.2664038073, 5219433.431740135], [630294.4903674703, 5219433.531895984], [630294.723069677, 5219433.609617279], [630294.9622693781, 5219433.664155519], [630295.2056629495, 5219433.694985472], [630295.4509063781, 5219433.701810228], [630295.6956378358, 5219433.684564061], [630295.9375004246, 5219433.643413062], [630296.1741648758, 5219433.5787535375], [630296.4033519812, 5219433.491208194], [630296.6228545437, 5219433.381620139], [630296.8305586337, 5219433.251044768], [630296.9243740863, 5219433.1854314245], [630297.0951936794, 5219433.30597227], [630297.3085476557, 5219433.427096163], [630297.532746492, 5219433.526724464], [630297.7656310307, 5219433.603897699], [630298.0049584665, 5219433.657872647], [630298.2484239454, 5219433.6881295005], [630298.4936827617, 5219433.694376869], [630298.7383729389, 5219433.676554587], [630298.9801379769, 5219433.634834292], [630299.2166495462, 5219433.569617774], [630299.4456299111, 5219433.481533105], [630299.6648738655, 5219433.371428586], [630299.8722699704, 5219433.240364585], [630302.0753593787, 5219431.691815216], [630302.7388519712, 5219432.638439695], [630302.8893543724, 5219432.83219197], [630303.0581231073, 5219433.010259459], [630303.2435328406, 5219433.170927276], [630303.4437979755, 5219433.312648102], [630303.656989849, 5219433.434057087], [630303.8810553069, 5219433.533984996], [630304.1138364763, 5219433.611469471], [630304.3530915475, 5219433.665764292], [630304.4823856389, 5219433.682007943], [630328.2614684881, 5219409.207200168], [630327.5139947751, 5219408.072481037], [630350.4108929316, 5219381.783973944], [630350.5627564878, 5219381.591286693], [630350.695002126, 5219381.3846420515], [630350.7925244288, 5219381.193184939], [630351.7683660378, 5219380.589473066], [630351.9704203277, 5219380.450314953], [630352.1578617909, 5219380.29202214], [630352.3288852632, 5219380.116119075], [630352.4818436953, 5219379.924299799], [630352.6152640139, 5219379.718411637], [630352.7278613084, 5219379.500437405], [630352.8185512051, 5219379.272476314], [630352.886460311, 5219379.0367237525], [630352.930934624, 5219378.795450148], [630352.9515458326, 5219378.550979097], [630352.9480954391, 5219378.30566499], [630352.920616673, 5219378.061870335], [630352.8693741696, 5219377.821943007], [630352.7948614224, 5219377.588193639], [630352.6977960299, 5219377.362873364], [630352.5791127845, 5219377.148152141], [630326.8115890604, 5219335.497452642], [630326.8098202978, 5219335.484737175], [630326.75236313, 5219335.246221786], [630326.6718040378, 5219335.014486702], [630326.5689188493, 5219334.791763658], [630326.4446984055, 5219334.580197597], [630320.7446984055, 5219325.880197597], [630320.6003390165, 5219325.681826018], [630320.4372309428, 5219325.498559346], [630320.2569450039, 5219325.332162541], [630320.061217452, 5219325.184238094], [630319.8519332506, 5219325.056210599], [630319.6311079208, 5219324.94931303], [630319.4008681313, 5219324.864574868], [630319.1634312171, 5219324.802812191], [630318.9210838255, 5219324.764619805], [630318.6761598943, 5219324.750365524], [630318.431018175, 5219324.760186624], [630318.1880195163, 5219324.793988524], [630317.949504128, 5219324.851445692], [630317.7177690438, 5219324.932004783], [630317.4950459992, 5219325.034889972], [630317.2834799387, 5219325.159110416], [630316.7031092738, 5219325.539353265], [630316.5504965486, 5219325.3932500435], [630316.3575015723, 5219325.24177775], [630316.1505890385, 5219325.109951653], [630315.9317516279, 5219324.999041309], [630315.7030968647, 5219324.910114845], [630315.466826819, 5219324.844028674], [630315.2252169006, 5219324.8014192395], [630314.980593945, 5219324.782696894], [630314.735313805, 5219324.788041945], [630314.4917386627, 5219324.817402915], [630314.2522142796, 5219324.870497044], [630314.0190474064, 5219324.946813005], [630313.7944835677, 5219325.045615833], [630313.5806854363, 5219325.165954005], [630313.1307732953, 5219325.44912387], [630313.0839034276, 5219325.404222237], [630312.8909606189, 5219325.252683499], [630312.6863232541, 5219325.122207849], [630306.2570325135, 5219329.708782522], [630295.5937871543, 5219340.271435899], [630319.8660763317, 5219379.497153516], [630320.0052530658, 5219379.69919498], [630320.1635631527, 5219379.886621854], [630320.3394819794, 5219380.057629114], [630320.5313153515, 5219380.210569867], [630320.7372158088, 5219380.3439712105], [630320.9552004172, 5219380.456548415], [630321.1831698659, 5219380.547217303], [630321.4189286844, 5219380.615104681], [630321.6602063865, 5219380.659556758], [630321.9046793359, 5219380.680145435], [630322.1499931244, 5219380.676672433], [630322.3937852464, 5219380.649171198], [630322.6337078502, 5219380.597906583], [630322.8674503502, 5219380.523372293], [630323.0927616782, 5219380.426286135], [630323.3074719629, 5219380.307583101], [630325.1539574617, 5219379.165005406], [630326.4230154827, 5219381.234069075], [630326.5613949836, 5219381.436657403], [630326.7189652778, 5219381.624706649], [630326.8942088773, 5219381.796405797], [630327.0854380905, 5219381.95010129], [630327.2908112755, 5219382.084312957], [630327.5083505762, 5219382.197748265], [630327.7359609703, 5219382.289314772], [630327.9714504451, 5219382.35813064], [630328.2125511086, 5219382.4035331365], [630328.4569410293, 5219382.42508501], [630328.7022665987, 5219382.422578705], [630328.9461651975, 5219382.396038357], [630329.186287949, 5219382.345719565], [630329.4203223395, 5219382.272106926], [630329.6460144903, 5219382.17590937], [630329.7816073599, 5219382.101642674], [630329.9725328818, 5219382.200862483], [630330.2002705253, 5219382.292112044], [630330.4358555708, 5219382.36060002], [630330.6770192056, 5219382.405666836], [630330.921438892, 5219382.426878473], [630331.1667607346, 5219382.42403065], [630331.4106221503, 5219382.397150796], [630331.6506746201, 5219382.346497777], [630331.8846063076, 5219382.27255941], [630332.1101643227, 5219382.176047761], [630332.3251764185, 5219382.05789229], [630332.6011535481, 5219381.888092836], [630332.6888695924, 5219381.958412783], [630332.8944096796, 5219382.092368705], [630333.1120900115, 5219382.205533142], [630333.3398142075, 5219382.296816257], [630333.5753891591, 5219382.365338945], [630333.816546151, 5219382.410441293], [630334.0609627091, 5219382.431688944], [630334.3062849687, 5219382.428877269], [630334.5501503423, 5219382.402033346], [630334.7902102729, 5219382.3514156975], [630335.0241528521, 5219382.2775118], [630335.2497250851, 5219382.181033386], [630335.4647545881, 5219382.0629095975], [630335.9484124399, 5219381.765429407], [630335.9930124785, 5219381.808750041], [630336.1849061471, 5219381.961615134], [630336.3908591944, 5219382.09493527], [630336.6088881801, 5219382.207426505], [630336.8368933658, 5219382.298005487], [630337.072678937, 5219382.36579989], [630337.3139741496, 5219382.410156816], [630337.558455199, 5219382.430649085], [630337.8037675989, 5219382.427079345], [630338.0475488568, 5219382.399481975], [630338.287451226, 5219382.348122751], [630338.5211643155, 5219382.273496292], [630338.7464373404, 5219382.17632129], [630338.9611007987, 5219382.057533597], [630339.4605721616, 5219381.748195717], [630339.5443428804, 5219381.828708743], [630339.7370404348, 5219381.980559225], [630339.8390314684, 5219382.045820312], [630324.5223909814, 5219399.631242115], [630308.7633731024, 5219376.991904091], [630308.6134983149, 5219376.797665927], [630308.4453065462, 5219376.619053369], [630308.2604175747, 5219376.457786557], [630308.0606119824, 5219376.315418577], [630307.8478140063, 5219376.19332051], [630307.6240730073, 5219376.092668228], [630307.3915437334, 5219376.014431067], [630307.1524655689, 5219375.959362493], [630306.909140967, 5219375.927992848], [630306.6639132765, 5219375.9206242375], [630306.4191441743, 5219375.937327627], [630306.1771909207, 5219375.977942151], [630305.9403836577, 5219376.042076672], [630305.7110029688, 5219376.129113538], [630305.4912579153, 5219376.2382145375], [630305.283264762, 5219376.368328967], [630305.2125658332, 5219376.417541788], [630305.1286242576, 5219376.356049065], [630304.9174517072, 5219376.231160833], [630304.695054823, 5219376.127572501], [630304.4635754084, 5219376.046281682], [630304.2252427371, 5219375.988071251], [630303.9823520826, 5219375.953501806], [630303.7372426149, 5219375.94290627], [630303.492274872, 5219375.956386683], [630303.2498080274, 5219375.993813221], [630303.0121771692, 5219376.0548254475], [630302.7816708125, 5219376.138835781], [630302.5605088596, 5219376.245035156], [630302.3508212207, 5219376.372400813], [630301.9043985634, 5219376.674507067], [630301.8474395857, 5219376.613919513], [630301.6626829918, 5219376.452501059], [630301.462994276, 5219376.3099691905], [630301.2502965499, 5219376.18769657], [630301.0266382088, 5219376.086860748], [630300.7941732047, 5219376.008432829], [630300.5551403029, 5219375.9531681165], [630300.3118415208, 5219375.9215988405], [630300.0666199586, 5219375.914029029], [630299.8218372342, 5219375.930531586], [630299.5798507388, 5219375.97094758], [630299.3429909347, 5219376.034887785], [630299.1135389114, 5219376.121736421], [630298.8937044173, 5219376.230657089], [630298.6856045786, 5219376.360600822], [630296.3862301332, 5219377.958373383], [630296.1918690653, 5219378.108088752], [630296.0131185714, 5219378.276133917], [630295.8517001164, 5219378.460890511], [630295.7192306337, 5219378.646481714], [630294.5437876914, 5219376.973196515], [630294.3930812239, 5219376.779602927], [630294.2241249594, 5219376.601713362], [630294.038546039, 5219376.441240994], [630293.8381316891, 5219376.299731259], [630293.6248120097, 5219376.178546974], [630293.4006413857, 5219376.07885521], [630293.1677787029, 5219376.001616051], [630292.9284665561, 5219375.947573355], [630292.6850096522, 5219375.917247582], [630292.4397526142, 5219375.910930784], [630292.1950574016, 5219375.928683798], [630291.9532805628, 5219375.970335651], [630291.7167505411, 5219376.035485214], [630291.4877452499, 5219376.123505059], [630291.2684701353, 5219376.233547509], [630291.0610369365, 5219376.364552793], [630290.5514114616, 5219376.722552534], [630290.4399737798, 5219376.605146397], [630290.2544470015, 5219376.444613749], [630290.0540786342, 5219376.303038914], [630289.8407983349, 5219376.181785335], [630289.6166601094, 5219376.082020749], [630289.3838225314, 5219376.004705946], [630289.144527954, 5219375.950585508], [630288.9010809149, 5219375.920180645], [630288.6558259419, 5219375.913784171], [630288.4111249748, 5219375.931457691], [630288.1693346176, 5219375.973030996], [630287.9327834435, 5219376.038103714], [630287.7037495696, 5219376.126049158], [630287.4844387174, 5219376.236020367], [630287.27696297, 5219376.366958256], [630286.8135631559, 5219376.692260791], [630286.7288436561, 5219376.603421725], [630286.5429411676, 5219376.4433243135], [630286.34224156, 5219376.302219445], [630286.12867768, 5219376.181466036], [630285.9043062647, 5219376.082227008], [630285.6712881334, 5219376.005458089], [630285.4318673781, 5219375.951898603], [630285.1883497515, 5219375.922064358], [630284.9430804616, 5219375.916242676], [630284.6984215856, 5219375.93448962], [630284.4567293222, 5219375.976629464], [630284.2203313003, 5219376.042256378], [630283.9915041617, 5219376.1307383375], [630283.7724516371, 5219376.241223214], [630283.5652833218, 5219376.372646978], [630283.0933910676, 5219376.705564753], [630282.9958854391, 5219376.603158023], [630282.8101078692, 5219376.4429156715], [630282.6095183722, 5219376.301654317], [630282.3960487343, 5219376.180734384], [630282.1717547851, 5219376.081320397], [630281.9387965978, 5219376.0043697655], [630281.6994176869, 5219375.950623569], [630281.4559234026, 5219375.920599411], [630281.2106587276, 5219375.914586441], [630280.9659856949, 5219375.932642567], [630280.7242606396, 5219375.974593899], [630280.4878115061, 5219376.040036422], [630280.2589154289, 5219376.12833989], [630280.08190202, 5219376.217448131], [630275.3484451871, 5219368.290521361], [630275.2124792532, 5219368.0863053445], [630275.0571513623, 5219367.896399676], [630274.8839574071, 5219367.722633251], [630274.6945653401, 5219367.5666795345], [630274.4907991104, 5219367.430040447], [630274.2746210981, 5219367.314031897], [630274.0481132157, 5219367.219771111], [630273.8134568579, 5219367.148165871], [630273.5729118938, 5219367.099905775], [630273.3287949029, 5219367.075455594], [630273.0834568652, 5219367.075050796], [630272.8392605201, 5219367.098695281], [630272.5985576119, 5219367.146161339], [630272.3636662413, 5219367.2169918455], [630272.1368485404, 5219367.310504664], [630271.9202888877, 5219367.425799214], [630269.5162769585, 5219368.861322341], [630269.3120609423, 5219368.997288275], [630269.1221552739, 5219369.152616166], [630268.9483888489, 5219369.325810121], [630268.7924351329, 5219369.515202188], [630268.6557960454, 5219369.7189684175], [630268.5397874957, 5219369.93514643], [630268.4455267094, 5219370.161654312], [630268.3739214694, 5219370.396310669], [630268.3256613734, 5219370.636855634], [630268.3012111924, 5219370.880972625], [630268.300806395, 5219371.126310662], [630268.3244508798, 5219371.370507007], [630268.3719169373, 5219371.611209915], [630268.4427474434, 5219371.846101286], [630268.5362602617, 5219372.072918987], [630268.6515548128, 5219372.289478639], [630269.5145022756, 5219373.734621499], [630269.3247373335, 5219373.858838292], [630269.1336245411, 5219374.0126785245], [630268.9585109887, 5219374.184510305], [630268.8010831156, 5219374.372678796], [630268.6628570382, 5219374.575371835], [630268.5451639493, 5219374.790637377], [630268.4491372975, 5219375.016402296], [630268.3757018719, 5219375.250492353], [630268.3255648961, 5219375.490653133], [630268.2992092164, 5219375.734571757], [630268.2968886525, 5219375.979899153], [630268.3186255525, 5219376.224272687], [630268.3642105783, 5219376.465338905], [630268.4332047212, 5219376.700776211], [630268.5249435299, 5219376.928317213], [630268.6385435095, 5219377.1457705675], [630269.7572917575, 5219379.052969961], [630269.7230846713, 5219379.129743196], [630269.6456810568, 5219379.362551264], [630269.5914693429, 5219379.60182518], [630269.5609716183, 5219379.845260603], [630269.5544815926, 5219380.090513119], [630269.5720617684, 5219380.33522081], [630269.6135428388, 5219380.577027008], [630269.6205022935, 5219380.6023636805], [630269.4186650058, 5219380.74383218], [630269.2249127316, 5219380.894334582], [630269.0468452423, 5219381.063103316], [630268.8861774254, 5219381.248513049], [630268.7444565998, 5219381.448778185], [630268.6230476146, 5219381.661970058], [630268.5231197046, 5219381.886035516], [630268.4456352302, 5219382.118816685], [630268.3913404093, 5219382.358071757], [630268.3607581307, 5219382.601496572], [630268.3541829183, 5219382.846746818], [630268.3716780953, 5219383.0914606005], [630268.4130751733, 5219383.333281192], [630268.477975476, 5219383.569879728], [630268.5657539779, 5219383.798977636], [630268.675565324, 5219384.018368577], [630268.8063519712, 5219384.225939696], [630269.7058265049, 5219385.50924658], [630269.4170289192, 5219385.712233741], [630269.2234750749, 5219385.862991248], [630269.045630065, 5219386.031994411], [630268.8852066342, 5219386.217615636], [630268.7437497478, 5219386.418067291], [630268.6226217129, 5219386.631418915], [630268.5229890588, 5219386.855615818], [630268.4458113022, 5219387.088498858], [630268.3918317073, 5219387.327825246], [630268.3615701272, 5219387.571290137], [630268.3553179972, 5219387.816548833], [630268.3731355289, 5219388.061239355], [630268.4148511295, 5219388.303005204], [630268.4800630553, 5219388.539518039], [630268.5681432795, 5219388.768500114], [630268.6782435416, 5219388.987746206], [630268.809303516, 5219389.195144855], [630269.3500277558, 5219389.964453882], [630269.2234539229, 5219390.063045154], [630269.0456121942, 5219390.232051769], [630268.8851923671, 5219390.41767611], [630268.7437393725, 5219390.618130511], [630268.6226154799, 5219390.831484487], [630268.5229871784, 5219391.055683324], [630268.4458139434, 5219391.2885678625], [630268.391838995, 5219391.527895298], [630268.3615821416, 5219391.771360777], [630268.3553347733, 5219392.016619594], [630268.3731570556, 5219392.261309771], [630268.4148773502, 5219392.503074809], [630268.4800938679, 5219392.739586378], [630268.5681785378, 5219392.968566744], [630268.6782830566, 5219393.187810698], [630268.8093470574, 5219393.3952068025], [630269.3265818922, 5219394.131066187], [630269.2260264878, 5219394.2090114355], [630269.0477873648, 5219394.377598895], [630268.8869309727, 5219394.562845049]]], [[[630325.9823996846, 5219416.268570374], [630326.2048663535, 5219416.165131996], [630326.4161230507, 5219416.040386157], [630328.7543935429, 5219414.500096865], [630328.952405751, 5219414.355244934], [630329.1352665041, 5219414.191681913], [630329.3012147532, 5219414.010983006], [630329.4486523259, 5219413.81488844], [630329.5761593177, 5219413.605286714], [630329.6825077668, 5219413.384196406], [630329.7666734793, 5219413.153746738], [630329.8278458936, 5219412.916157066], [630329.8654358856, 5219412.673715509], [630329.8790814434, 5219412.428756909], [630329.8686511526, 5219412.183640353], [630329.8342454628, 5219411.940726449], [630329.8250613362, 5219411.903013322], [630325.438140496, 5219416.41828605], [630325.512493659, 5219416.407754863], [630325.7508655195, 5219416.34970512], [630325.9823996846, 5219416.268570374]]], [[[630309.3794496616, 5219433.248152363], [630309.477456989, 5219433.179407887], [630309.6775663993, 5219433.3201174745], [630309.8911223378, 5219433.440884927], [630310.1154872264, 5219433.54013871], [630310.3485003087, 5219433.616922954], [630310.5879175413, 5219433.670498184], [630310.8314332053, 5219433.700348443], [630311.0767021119, 5219433.706186255], [630311.3213621873, 5219433.687955401], [630311.5630572214, 5219433.645831452], [630311.7994595587, 5219433.580220085], [630312.0282925155, 5219433.491753173], [630312.2473523056, 5219433.381282701], [630312.454529263, 5219433.249872562], [630313.1016947458, 5219432.793364084], [630313.1374380579, 5219432.839161851], [630313.3066145609, 5219433.016841978], [630313.4923921308, 5219433.17708433], [630313.6929816278, 5219433.318345684], [630313.9064512657, 5219433.439265617], [630314.1307452149, 5219433.538679604], [630314.3637034022, 5219433.6156302355], [630314.6030823131, 5219433.669376432], [630314.8465765974, 5219433.69940059], [630315.0918412724, 5219433.70541356], [630315.3365143051, 5219433.687357434], [630315.5782393604, 5219433.645406102], [630315.8146884938, 5219433.579963579], [630316.0435845711, 5219433.491660111], [630316.2627231978, 5219433.381346109], [630316.4699939492, 5219433.250083959], [630318.7591792631, 5219431.63774696], [630318.9525860086, 5219431.486800786], [630319.1302661352, 5219431.317624283], [630319.2905084866, 5219431.131846713], [630319.431769841, 5219430.931257216], [630319.5526897745, 5219430.717787579], [630319.6521037621, 5219430.493493629], [630319.7290543927, 5219430.260535441], [630319.7828005896, 5219430.021156531], [630319.8128247475, 5219429.7776622465], [630319.8188377175, 5219429.532397572], [630319.8007815913, 5219429.287724539], [630319.7588302594, 5219429.045999484], [630319.693387736, 5219428.8095503505], [630319.6050842683, 5219428.580654273], [630319.4947702669, 5219428.361515647], [630319.4835023186, 5219428.3437228855], [630319.6912504304, 5219428.263950842], [630319.9105612827, 5219428.153979634], [630320.11803703, 5219428.023041745], [630320.8247815764, 5219427.526913378], [630320.9251879903, 5219427.583953027], [630321.1493586143, 5219427.683644791], [630321.3822212971, 5219427.76088395], [630321.6215334439, 5219427.814926646], [630321.8649903479, 5219427.845252419], [630322.1102473858, 5219427.851569217], [630322.3549425985, 5219427.833816203], [630322.5967194373, 5219427.79216435], [630322.8332494589, 5219427.7270147875], [630323.0622547502, 5219427.638994942], [630323.2815298648, 5219427.528952492], [630323.4889630636, 5219427.397947208], [630325.7801439702, 5219425.788447269], [630325.9737375578, 5219425.637740801], [630326.1516271225, 5219425.468784537], [630326.3120994905, 5219425.283205616], [630326.4536092252, 5219425.082791267], [630326.5747935103, 5219424.869471587], [630326.6744852749, 5219424.645300963], [630326.751724433, 5219424.412438281], [630326.8057671292, 5219424.173126134], [630326.8360929028, 5219423.92966923], [630326.8424096999, 5219423.684412192], [630326.8246566865, 5219423.439716979], [630326.7830048336, 5219423.19794014], [630326.7178552715, 5219422.961410119], [630326.629835426, 5219422.732404828], [630326.5197929763, 5219422.513129713], [630326.3887876914, 5219422.305696514], [630323.5895830657, 5219418.3209283035], [630308.7935048126, 5219433.5499080485], [630308.9525711975, 5219433.488898644], [630309.1719239827, 5219433.379011101], [630309.3794496616, 5219433.248152363]]]]}}, {"type": "Feature", "properties": {"vineyard_id": "V39", "area_m2": 4315.8}, "geometry": {"type": "MultiPolygon", "coordinates": [[[[630229.0928378509, 5219273.795364933], [630228.8636334067, 5219273.707864994], [630228.6269561506, 5219273.643252356], [630228.3850854142, 5219273.602149272], [630228.1403505447, 5219273.584951589], [630227.8951084729, 5219273.59182493], [630227.6517210138, 5219273.6227031], [630227.4125321219, 5219273.677288726], [630227.1798453168, 5219273.755056119], [630226.9559014997, 5219273.855256336], [630226.7428573722, 5219273.976924393], [630226.535582173, 5219274.10919152], [630226.4056961938, 5219274.008507116], [630226.1979943907, 5219273.877928107], [630225.9784937475, 5219273.768336209], [630225.7493081754, 5219273.68078685], [630225.5126448568, 5219273.61612318], [630225.2707829888, 5219273.574967945], [630225.0260518333, 5219273.557717493], [630224.7808082851, 5219273.564537954], [630224.5374141738, 5219273.595363644], [630224.2982135178, 5219273.649897695], [630224.0655099498, 5219273.727614913], [630223.8415445328, 5219273.82776684], [630223.6284741758, 5219273.9493889585], [630223.1878073086, 5219274.230455049], [630222.982221533, 5219274.128128724], [630222.7529276082, 5219274.040863538], [630222.5161843124, 5219273.976493293], [630222.2742716129, 5219273.935637909], [630222.0295192613, 5219273.918690845], [630221.7842843564, 5219273.925815312], [630221.5409286446, 5219273.956942697], [630221.3017957741, 5219274.011773226], [630221.0691887256, 5219274.089778851], [630220.8453476318, 5219274.190208335], [630220.6324282049, 5219274.312094488], [630218.2736027304, 5219275.820717164], [630218.0736555009, 5219275.962886156], [630217.8886060698, 5219276.12396882], [630217.7202365645, 5219276.302413843], [630217.5701684753, 5219276.496502702], [630217.4398470399, 5219276.704366215], [630217.3305273248, 5219276.924002543], [630217.2432621389, 5219277.153296468], [630217.1788918936, 5219277.390039763], [630217.1380365093, 5219277.631952463], [630217.121089446, 5219277.876704815], [630217.128213913, 5219278.12193972], [630217.1593412978, 5219278.365295432], [630217.2141718267, 5219278.604428302], [630217.2921774518, 5219278.8370353505], [630217.3926069362, 5219279.060876444], [630217.5144930892, 5219279.273795871], [630218.6455646615, 5219281.042296689], [630218.271259126, 5219281.282606371], [630218.071559079, 5219281.425122363], [630217.886789652, 5219281.5865261275], [630217.718730276, 5219281.765263261], [630217.5689994544, 5219281.959612425], [630217.439039177, 5219282.167701933], [630217.3301010323, 5219282.387527766], [630217.2432341541, 5219282.616972884], [630217.1792751179, 5219282.853827604], [630217.1388398844, 5219283.095810886], [630217.1223178669, 5219283.340592297], [630217.1298681813, 5219283.58581446], [630217.1614181141, 5219283.829115752], [630217.2166638222, 5219284.068153047], [630217.2950732593, 5219284.300624286], [630217.3027991065, 5219284.317764196], [630229.6089115682, 5219274.104263748], [630229.5200920732, 5219274.035443721], [630229.3123621193, 5219273.904909501], [630229.0928378509, 5219273.795364933]]], [[[630194.9042293687, 5219290.357147122], [630194.7538295062, 5219290.550979002], [630194.623152707, 5219290.7586192945], [630194.5134574599, 5219290.978068307], [630194.42580019, 5219291.207212628], [630194.3610250849, 5219291.44384547], [630194.3197559642, 5219291.685687932], [630194.302390272, 5219291.930410937], [630194.3090952496, 5219292.17565767], [630194.3398063243, 5219292.41906627], [630194.3942277317, 5219292.658292579], [630194.4718353639, 5219292.891032718], [630194.5718818168, 5219293.115045271], [630194.6934035885, 5219293.328172875], [630198.7586867278, 5219299.708514172], [630213.5109663284, 5219287.464808878], [630210.1517749142, 5219282.219279068], [630210.0094887714, 5219282.019415189], [630209.8482976895, 5219281.83446019], [630209.6697540266, 5219281.666195288], [630209.4755772557, 5219281.516240967], [630209.2676374054, 5219281.386041369], [630209.0479370501, 5219281.276850388], [630208.8185920243, 5219281.189719591], [630208.5818110459, 5219281.125488097], [630208.3398744452, 5219281.084774489], [630208.095112204, 5219281.067970862], [630207.8498815164, 5219281.075239044], [630207.6065440881, 5219281.106509038], [630207.3674433914, 5219281.1614796985], [630207.1348820967, 5219281.239621626], [630206.9110998965, 5219281.340182272], [630206.6982519358, 5219281.462193182], [630204.3403109718, 5219282.972197954], [630204.1404470927, 5219283.114484096], [630203.9554920936, 5219283.2756751785], [630203.7872271922, 5219283.454218841], [630203.6372728717, 5219283.648395612], [630203.5070732739, 5219283.856335462], [630203.3978822923, 5219284.076035818], [630203.3107514957, 5219284.305380844], [630203.2572786694, 5219284.502501404], [630203.0778239154, 5219284.54313895], [630202.8450071972, 5219284.620516546], [630202.6208958859, 5219284.720341576], [630202.4076482957, 5219284.841652672], [630200.0447600359, 5219286.343904006], [630199.8444298579, 5219286.485532875], [630199.6589463812, 5219286.646115553], [630199.490095913, 5219286.824105541], [630199.3395045755, 5219287.017788699], [630199.2692413906, 5219287.1291897725], [630197.7433674465, 5219288.1014930485], [630197.5431826848, 5219288.243327381], [630197.3578640632, 5219288.40410028], [630197.1891963013, 5219288.582263415], [630197.0388037617, 5219288.776100977], [630196.9407485558, 5219288.931919899], [630195.4584186764, 5219289.876397692], [630195.2582285565, 5219290.018224461], [630195.0729038612, 5219290.1789903585], [630194.9042293687, 5219290.357147122]]], [[[630217.693112947, 5219329.377969703], [630217.7108013007, 5219329.455958832], [630217.788257566, 5219329.688749389], [630217.888158323, 5219329.912826954], [630218.0095414725, 5219330.126033539], [630247.2724399491, 5219376.119256018], [630259.956626157, 5219371.349736298], [630275.540887887, 5219355.912489078], [630275.4849130939, 5219355.744877403], [630275.3847651915, 5219355.520910186], [630275.2631469022, 5219355.307837644], [630274.2242296959, 5219353.678916362], [630274.515281335, 5219353.490046274], [630274.7142840325, 5219353.346558145], [630274.8982641813, 5219353.184255276], [630275.0654499525, 5219353.0047007315], [630275.2142312555, 5219352.80962372], [630275.3431752449, 5219352.600902939], [630275.4510401197, 5219352.380548486], [630275.5367870824, 5219352.150682492], [630275.5995903426, 5219351.913518694], [630275.6388450707, 5219351.671341108], [630275.6541732221, 5219351.426482039], [630275.6454271785, 5219351.181299609], [630275.6126911689, 5219350.938155063], [630275.5562804592, 5219350.699390015], [630275.4767383151, 5219350.467303902], [630275.374830771, 5219350.24413184], [630275.2515392523, 5219350.032023099], [630274.3371383621, 5219348.62291761], [630274.513822545, 5219348.508067121], [630274.7127131914, 5219348.364423717], [630274.8965666095, 5219348.201977304], [630275.0636121903, 5219348.022292328], [630275.2122411935, 5219347.827099254], [630275.3410222405, 5219347.618277899], [630275.4487150995, 5219347.3978393255], [630275.5342826293, 5219347.167906478], [630275.5969007678, 5219346.930693734], [630275.6359664683, 5219346.688485585], [630275.6511035064, 5219346.443614626], [630275.6421661045, 5219346.198439098], [630275.6092403345, 5219345.955320177], [630275.5526432896, 5219345.716599228], [630275.4729200302, 5219345.484575267], [630275.3708383349, 5219345.261482811], [630275.2473813064, 5219345.049470361], [630274.5295862671, 5219343.945225783], [630274.6928583235, 5219343.8293341445], [630274.8780389003, 5219343.668402262], [630275.0465536993, 5219343.490094441], [630275.1967798307, 5219343.296127882], [630275.3272705348, 5219343.08837059], [630275.4367691148, 5219342.868823379], [630275.5242210394, 5219342.63960061], [630275.5887840989, 5219342.402909826], [630275.6298365156, 5219342.161030484], [630275.6469829325, 5219341.916292017], [630275.64005822, 5219341.6710513905], [630275.6091290669, 5219341.427670405], [630275.5544933381, 5219341.188492953], [630275.4766772052, 5219340.955822444], [630275.3764300804, 5219340.731899621], [630275.2547173981, 5219340.518880984], [630266.6043358148, 5219326.969168238], [630266.5841313999, 5219326.810177544], [630266.52949614, 5219326.570999985], [630266.4516804633, 5219326.338329323], [630266.3514337774, 5219326.1144063035], [630266.2297215129, 5219325.901387428], [630233.5580996221, 5219274.725262879], [630217.1254849704, 5219288.363568041], [630217.1320269905, 5219288.561565792], [630217.164124003, 5219288.804795516], [630217.2199071416, 5219289.043707964], [630217.2988391842, 5219289.27600228], [630217.4001599719, 5219289.499441342], [630217.5228937303, 5219289.711873311], [630218.2121941664, 5219290.7802327955], [630218.0712138499, 5219290.880904435], [630217.886490692, 5219291.042361152], [630217.7184825524, 5219291.221146447], [630217.5688074413, 5219291.415538519], [630217.4389068116, 5219291.623665267], [630217.3300316776, 5219291.843522315], [630217.2432305664, 5219292.072992321], [630217.1793394199, 5219292.309865363], [630217.138973545, 5219292.5518602235], [630217.1225216871, 5219292.796646361], [630217.1301422865, 5219293.04186635], [630217.1422819535, 5219293.135272989], [630215.1411746879, 5219290.010453198], [630200.3835107354, 5219302.258627254], [630217.4909035886, 5219329.108172875], [630217.6327303583, 5219329.308362994], [630217.693112947, 5219329.377969703]]], [[[630250.8668833767, 5219381.679245048], [630251.0449304132, 5219381.84803536], [630251.2386644483, 5219381.998561239], [630251.4462197172, 5219382.129373038], [630251.6655973492, 5219382.23921097], [630251.8946846179, 5219382.327017233], [630252.1312752877, 5219382.391946207], [630252.373090861, 5219382.433372588], [630252.6178025217, 5219382.450897419], [630252.8630535626, 5219382.444351926], [630253.1064820823, 5219382.413799146], [630253.345743731, 5219382.359533319], [630253.5785342883, 5219382.282077054], [630253.8026118538, 5219382.182176297], [630254.0158184381, 5219382.060793147], [630254.3939813039, 5219381.820189403], [630254.4111043473, 5219381.83646929], [630254.6046205226, 5219381.987275147], [630254.8119864234, 5219382.11838693], [630255.0312050029, 5219382.228541962], [630255.2601650662, 5219382.316679389], [630255.4966616028, 5219382.3819504], [630255.7384170216, 5219382.4237263985], [630255.983103086, 5219382.441605059], [630256.2283633352, 5219382.435414201], [630256.4718357793, 5219382.405213445], [630256.7111756451, 5219382.351293642], [630256.9440779592, 5219382.274174068], [630257.1682997448, 5219382.174597426], [630257.3816816235, 5219382.053522696], [630257.8340767691, 5219381.766607245], [630257.919712702, 5219381.847804308], [630258.1134343602, 5219381.998346115], [630258.3209788732, 5219382.12917498], [630258.5403474737, 5219382.239030948], [630258.7694275223, 5219382.326856047], [630259.0060128529, 5219382.391804472], [630259.2478250194, 5219382.4332507355], [630259.4925352384, 5219382.450795687], [630259.7377868168, 5219382.444270358], [630259.9812178477, 5219382.413737593], [630260.2204839573, 5219382.359491438], [630260.4532808823, 5219382.2820543125], [630260.6773666608, 5219382.18217198], [630260.8905832245, 5219382.06080636], [630261.4564221813, 5219381.700860236], [630261.6156280458, 5219381.851424557], [630261.8095435908, 5219382.001716533], [630262.0172565691, 5219382.132277764], [630262.2367665913, 5219382.241850876], [630262.4659596558, 5219382.329380618], [630262.7026285081, 5219382.394024032], [630262.9444938977, 5219382.435158567], [630263.1892265287, 5219382.452388073], [630263.4344694923, 5219382.445546621], [630263.6778609644, 5219382.4147001], [630263.9170569523, 5219382.360145577], [630264.1497538676, 5219382.282408441], [630264.3737107121, 5219382.182237346], [630264.5867706588, 5219382.060596992], [630264.8353740956, 5219381.902002841], [630264.966259391, 5219382.003315753], [630265.1740522647, 5219382.1337497905], [630265.3936293303, 5219382.24318849], [630265.6228759406, 5219382.330577896], [630265.8595843256, 5219382.395076401], [630266.1014748539, 5219382.436062848], [630266.3462179877, 5219382.453142517], [630266.5914567166, 5219382.446150921], [630266.8348292578, 5219382.415155392], [630267.0739918005, 5219382.3604544345], [630267.3066410789, 5219382.282574849], [630267.5305365531, 5219382.182266657], [630267.7435219871, 5219382.060495883], [630267.962309397, 5219381.920734041], [630268.0679191033, 5219382.002532803], [630268.2756728649, 5219382.13302913], [630268.495217112, 5219382.242533651], [630268.7244375136, 5219382.329991778], [630268.961126552, 5219382.394561243], [630269.2030047821, 5219382.4356202055], [630269.4477427845, 5219382.452773245], [630269.6929835984, 5219382.44585517], [630269.9363654208, 5219382.414932603], [630270.1755443517, 5219382.360303346], [630270.408216967, 5219382.282493509], [630270.6321425026, 5219382.182252444], [630270.8451644327, 5219382.060545526], [630273.2052587213, 5219380.55390856], [630273.4053255288, 5219380.411907895], [630273.5905104607, 5219380.2509810245], [630273.7590300848, 5219380.072677763], [630273.9092614652, 5219379.878715269], [630274.0397577913, 5219379.670961508], [630274.1492623125, 5219379.451417261], [630274.2367204401, 5219379.222196859], [630274.3012899046, 5219378.985507821], [630274.3423488669, 5219378.743629591], [630274.3595019066, 5219378.498891588], [630274.3525838306, 5219378.253650774], [630274.3370836568, 5219378.131653769], [630274.5081612834, 5219378.022813367], [630274.7084475182, 5219377.881122362], [630274.8938811728, 5219377.720482155], [630275.0626764199, 5219377.542439797], [630275.2132076689, 5219377.348709934], [630275.3440252218, 5219377.141158291], [630275.4538692338, 5219376.921783704], [630275.5416818473, 5219376.69269887], [630275.6066173787, 5219376.45611], [630275.6480504632, 5219376.214295574], [630275.6655820777, 5219375.9695844], [630275.6590433831, 5219375.724333177], [630275.6284973507, 5219375.480903811], [630275.5742381554, 5219375.241640658], [630275.496788343, 5219375.008847954], [630275.3968937973, 5219374.784767619], [630275.2755165576, 5219374.571557671], [630274.4543717329, 5219373.280865014], [630274.5113027049, 5219373.244459556], [630274.711259879, 5219373.102304553], [630274.8963205775, 5219372.941234834], [630275.0647025647, 5219372.7628015885], [630275.2147842303, 5219372.568723227], [630275.3451202057, 5219372.36086883], [630275.4544552842, 5219372.141240151], [630275.5417365093, 5219371.911952331], [630275.6061233149, 5219371.675213538], [630275.646995621, 5219371.433303697], [630275.663959805, 5219371.188552531], [630275.6568524925, 5219370.943317128], [630275.6257421308, 5219370.69995924], [630275.5709283295, 5219370.460822535], [630275.4929389758, 5219370.22821003], [630275.3925251496, 5219370.004361912], [630275.2706538909, 5219369.791433959], [630274.5594282044, 5219368.679216923], [630274.7083199542, 5219368.573907994], [630274.893770456, 5219368.413287235], [630275.0625843755, 5219368.235262582], [630275.2131359425, 5219368.041548509], [630275.343975263, 5219367.834010587], [630275.4538422828, 5219367.614647522], [630275.5416789224, 5219367.385571898], [630275.6066392671, 5219367.1489898395], [630275.6480977131, 5219366.907179762], [630275.665654993, 5219366.662470427], [630275.6591420207, 5219366.41721852], [630275.6286215195, 5219366.173785951], [630275.5743874186, 5219365.934517109], [630275.496962022, 5219365.701716282], [630275.3970909787, 5219365.4776254725], [630275.2757361011, 5219365.264402795], [630274.4157945836, 5219363.912415612], [630274.5040276995, 5219363.856202113], [630274.7042234271, 5219363.714383259], [630274.8895544792, 5219363.55362469], [630275.0582360162, 5219363.375474596], [630275.2086435428, 5219363.181648663], [630275.3393285524, 5219362.974013539], [630275.4490324769, 5219362.754568863], [630275.5366988073, 5219362.525428009], [630275.6014832691, 5219362.288797728], [630275.6427619526, 5219362.046956898], [630275.6601373213, 5219361.802234579], [630275.653442041, 5219361.556987582], [630275.6227405911, 5219361.313577767], [630275.568328643, 5219361.0743493065], [630275.4907302137, 5219360.841606099], [630275.3906926184, 5219360.617589591], [630275.2691792741, 5219360.404457182], [630275.2691222149, 5219360.404367621], [630261.8401755223, 5219373.706632021], [630261.7223806161, 5219373.811632609], [630261.594206775, 5219373.903677326], [630261.4570724996, 5219373.981747512], [630261.3124954555, 5219374.044979163], [630248.9179720575, 5219378.705579598], [630250.5645414726, 5219381.293533539], [630250.7062380291, 5219381.493815847], [630250.8668833767, 5219381.679245048]]]]}}, {"type": "Feature", "properties": {"vineyard_id": "V40", "area_m2": 907.9}, "geometry": {"type": "MultiPolygon", "coordinates": [[[[630319.9135933017, 5219298.667821537], [630319.8082364916, 5219298.889386107], [630319.7251041292, 5219299.120210558], [630319.6649968242, 5219299.358071922], [630319.6284934431, 5219299.600679465], [630319.6159455334, 5219299.845696743], [630319.6274739382, 5219300.090764106], [630319.6629676326, 5219300.333521422], [630319.7220847931, 5219300.571630804], [630319.804256089, 5219300.802799129], [630319.908690166, 5219301.024800121], [630320.0343812666, 5219301.235495787], [630320.1801189167, 5219301.432857014], [630320.3563443098, 5219301.648501489], [630320.3537718409, 5219301.650813257], [630320.1882437365, 5219301.8318971135], [630320.0412620169, 5219302.028333594], [630319.9142421964, 5219302.238230906], [630319.8084075454, 5219302.459567625], [630319.7247773095, 5219302.690212158], [630319.6641568934, 5219302.92794327], [630319.627130105, 5219303.170471482], [630319.6140535326, 5219303.415461114], [630319.6250531105, 5219303.660552782], [630319.660022907, 5219303.90338612], [630319.7186261435, 5219304.14162251], [630319.8002984392, 5219304.372967604], [630319.904253245, 5219304.595193423], [630320.0294894193, 5219304.806159812], [630320.1748008695, 5219305.0038350485], [630325.8845456822, 5219312.02161796], [630334.0402533546, 5219306.203439291], [630340.6380805315, 5219300.258736015], [630329.4113505032, 5219286.418159625], [630329.2476343423, 5219286.235435966], [630329.066796469, 5219286.069639162], [630328.8705784511, 5219285.922365926], [630328.660869975, 5219285.795034581], [630328.4396906482, 5219285.688871395], [630328.2091705484, 5219285.60489878], [630327.9715297102, 5219285.543925435], [630327.729056745, 5219285.506538571], [630327.4840867996, 5219285.49309824], [630327.2389790688, 5219285.503733883], [630326.9960940739, 5219285.53834307], [630326.7577709302, 5219285.596592497], [630326.5263048199, 5219285.677921191], [630326.3039248881, 5219285.78154591], [630326.0927727752, 5219285.906468694], [630325.8948819916, 5219286.051486466], [630323.7203226559, 5219287.815371864], [630323.5375989975, 5219287.979088024], [630323.3718021935, 5219288.159925898], [630323.2245289576, 5219288.356143915], [630323.0971976117, 5219288.5658523915], [630322.991034426, 5219288.7870317185], [630322.9380914796, 5219288.932369733], [630322.904660961, 5219288.952271595], [630322.7071672449, 5219289.097829654], [630320.5374366698, 5219290.867651462], [630320.3551611247, 5219291.031866388], [630320.1898591637, 5219291.213156704], [630320.0431227351, 5219291.409776482], [630319.9163649909, 5219291.6198321665], [630319.8108066773, 5219291.841300808], [630319.7274643789, 5219292.072049541], [630319.6671407274, 5219292.30985613], [630319.6304166724, 5219292.552430367], [630319.617645887, 5219292.797436129], [630319.6289513605, 5219293.042513878], [630319.6642242152, 5219293.28530338], [630319.723124754, 5219293.52346644], [630319.8050857328, 5219293.754709418], [630319.9093178225, 5219293.976805316], [630320.034817211, 5219294.187615231], [630320.1803752705, 5219294.385108947], [630320.5150415268, 5219294.795396359], [630320.3527518015, 5219294.941575734], [630320.187431335, 5219295.122849173], [630320.0406748359, 5219295.319453971], [630319.9138956496, 5219295.529496715], [630319.8083147289, 5219295.7509545805], [630319.7249488758, 5219295.9816948045], [630319.6646009489, 5219296.219495234], [630319.627852132, 5219296.462065721], [630319.615056336, 5219296.707070178], [630319.6263367917, 5219296.95214908], [630319.6615848619, 5219297.194942182], [630319.7204610886, 5219297.433111253], [630319.8023984614, 5219297.664362595], [630319.9066078786, 5219297.886469133], [630320.0320857468, 5219298.097291858], [630320.1695873971, 5219298.2838944895], [630320.0401599155, 5219298.457650633], [630319.9135933017, 5219298.667821537]]], [[[630341.0512881664, 5219330.643815411], [630341.2323720233, 5219330.809343516], [630341.4288085033, 5219330.956325236], [630341.6387058159, 5219331.0833450565], [630341.860042535, 5219331.189179707], [630342.0906870672, 5219331.272809943], [630342.3284181795, 5219331.333430359], [630342.5709463914, 5219331.370457147], [630342.8159360235, 5219331.38353372], [630343.0610276918, 5219331.372534142], [630343.3038610297, 5219331.337564345], [630343.5420974192, 5219331.278961109], [630343.7734425135, 5219331.197288814], [630343.9956683333, 5219331.093334008], [630344.2066347222, 5219330.968097833], [630344.3335566777, 5219330.874797258], [630344.4501933673, 5219330.961677599], [630344.6603642713, 5219331.088244212], [630344.8819288424, 5219331.1936010225], [630345.1127532929, 5219331.2767333845], [630345.3506146569, 5219331.336840689], [630345.5932221996, 5219331.37334407], [630345.8382394776, 5219331.3858919805], [630346.0833068407, 5219331.374363575], [630346.3260641564, 5219331.338869881], [630346.5641735386, 5219331.27975272], [630346.7953418641, 5219331.197581424], [630347.0173428555, 5219331.093147348], [630347.1028580453, 5219331.042133017], [630347.1547409466, 5219331.073448891], [630347.3761988111, 5219331.179029811], [630347.6069390355, 5219331.262395664], [630347.844739465, 5219331.322743591], [630348.0873099518, 5219331.359492408], [630348.3323144093, 5219331.372288204], [630348.5773933107, 5219331.361007748], [630348.8201864122, 5219331.325759678], [630349.0583554835, 5219331.2668834515], [630349.2896068263, 5219331.184946079], [630349.5117133637, 5219331.080736661], [630349.7225360883, 5219330.955258793], [630349.9200446622, 5219330.809720895], [630349.937244582, 5219330.795694062], [630349.9558805126, 5219330.812686453], [630350.1525002905, 5219330.959422882], [630350.3625559758, 5219331.0861806255], [630350.584024617, 5219331.191738939], [630350.8147733503, 5219331.275081238], [630351.052579939, 5219331.335404889], [630351.2951541758, 5219331.372128944], [630351.5401599383, 5219331.384899729], [630351.7852376869, 5219331.373594256], [630352.028027189, 5219331.338321401], [630352.2661902489, 5219331.279420862], [630352.4974332262, 5219331.197459884], [630352.7195291246, 5219331.093227794], [630352.8797166453, 5219330.9978649365], [630353.0420533685, 5219331.094969101], [630353.2639301094, 5219331.199666897], [630353.4950006317, 5219331.28211282], [630353.7330395998, 5219331.341512873], [630353.9757545687, 5219331.377294998], [630354.2208080601, 5219331.389114596], [630354.4658400753, 5219331.376857837], [630354.7084908218, 5219331.34064276], [630354.9464234404, 5219331.280818136], [630355.1773465098, 5219331.197960109], [630355.3990361147, 5219331.092866648], [630355.609357263, 5219330.966549859], [630355.8062844473, 5219330.820226243], [630357.9691283769, 5219329.041995062], [630358.1507650801, 5219328.877073794], [630358.3153620422, 5219328.695143157], [630358.4613341041, 5219328.497955241], [630358.587275475, 5219328.2874090765], [630358.6919732708, 5219328.065532335], [630358.7744191944, 5219327.834461813], [630358.8338192466, 5219327.596422845], [630358.8372704877, 5219327.573012613], [630359.2821773443, 5219327.212128136], [630359.4649010027, 5219327.048411976], [630359.6306978067, 5219326.867574102], [630359.7779710426, 5219326.671356085], [630359.9053023885, 5219326.461647608], [630360.0114655741, 5219326.240468281], [630360.0954381898, 5219326.009948182], [630360.1564115335, 5219325.772307344], [630360.1937983985, 5219325.5298343785], [630360.2072387288, 5219325.284864433], [630360.1966030868, 5219325.039756702], [630360.1619938994, 5219324.796871707], [630360.103744472, 5219324.558548563], [630360.0224157786, 5219324.327082453], [630359.9187910589, 5219324.104702521], [630359.7938682755, 5219323.893550408], [630359.6488505034, 5219323.695659624], [630352.5497338836, 5219314.943701963], [630352.6605537094, 5219314.85188365], [630352.8415648044, 5219314.68627598], [630353.0054718914, 5219314.503723568], [630353.1506964554, 5219314.305984491], [630353.2758399047, 5219314.094963085], [630353.3796970393, 5219313.872691602], [630353.4612676582, 5219313.641310638], [630353.5197661918, 5219313.403048517], [630353.5546292673, 5219313.160199834], [630353.5655211342, 5219312.915103355], [630353.5523368978, 5219312.670119494], [630353.5152035296, 5219312.427607578], [630353.4544786442, 5219312.189903129], [630353.3707470553, 5219311.9592953725], [630353.2648151441, 5219311.7380051855], [630353.1377030928, 5219311.528163714], [630352.9906350597, 5219311.331791847], [630349.1623307326, 5219306.711231896], [630349.2636763875, 5219306.577163432], [630349.3917248629, 5219306.367892065], [630349.498644569, 5219306.147077453], [630349.5834058105, 5219305.91684616], [630349.6451922905, 5219305.679415438], [630349.6834089714, 5219305.437071877], [630349.6976878057, 5219305.192149376], [630349.6878912803, 5219304.947006673], [630349.6541137411, 5219304.704004626], [630349.5966804844, 5219304.465483479], [630349.5161446236, 5219304.23374032], [630349.4132817634, 5219304.0110069625], [630349.2890825291, 5219303.79942845], [630349.1447430274, 5219303.6010424], [630347.5297430274, 5219301.5960424], [630347.3666533267, 5219301.412759379], [630347.1863840697, 5219301.2463445], [630346.9906713481, 5219301.098400433], [630346.7813999823, 5219300.970351958], [630346.5605853698, 5219300.863432252], [630346.3303540763, 5219300.77867101], [630346.0929233549, 5219300.71688453], [630345.8505797933, 5219300.678667849], [630345.6056572924, 5219300.664389015], [630345.3605145897, 5219300.6741855405], [630345.1175125436, 5219300.707963079], [630344.8789913965, 5219300.765396336], [630344.6472482375, 5219300.845932197], [630344.4245148799, 5219300.948795057], [630344.3981626261, 5219300.96426416], [630344.3704379491, 5219300.933960767], [630335.9849589475, 5219308.489354862], [630335.8520213707, 5219308.596091898], [630327.7816835975, 5219314.353368762], [630340.8873008696, 5219330.461335048], [630341.0512881664, 5219330.643815411]]]]}}, {"type": "Feature", "properties": {"vineyard_id": "V41", "area_m2": 3593.0}, "geometry": {"type": "MultiPolygon", "coordinates": [[[[630264.0018286442, 5219243.153241406], [630263.8170341098, 5219242.991866387], [630263.6173118938, 5219242.849381465], [630263.4045854303, 5219242.727158848], [630263.1809033913, 5219242.626375605], [630262.9484199573, 5219242.548002335], [630262.7093740707, 5219242.492793815], [630262.4660678742, 5219242.461281734], [630262.2208445393, 5219242.453769568], [630261.976065701, 5219242.4703296665], [630261.7340887131, 5219242.510802546], [630261.4972439464, 5219242.574798428], [630261.2678123454, 5219242.661701], [630261.0480034619, 5219242.770673342], [630260.8399341756, 5219242.900665991], [630259.6095423392, 5219243.756060666], [630262.1536643682, 5219247.0934334425], [630265.0995296354, 5219244.648011293], [630264.3196768793, 5219243.52627826], [630264.1699158244, 5219243.331952392], [630264.0018286442, 5219243.153241406]]], [[[630248.7798998895, 5219252.1702684825], [630248.636526531, 5219252.369353883], [630248.5133573359, 5219252.581533679], [630248.4115784911, 5219252.804764464], [630248.3321701825, 5219253.036896403], [630248.2758971553, 5219253.275693938], [630248.2433013497, 5219253.51885732], [630248.2346966811, 5219253.7640447505], [630248.2501660172, 5219254.008894942], [630248.2895603798, 5219254.251049853], [630248.3525003796, 5219254.488177399], [630248.43837987, 5219254.717993912], [630248.5463717846, 5219254.938286134], [630248.6754361024, 5219255.146932529], [630250.0482922313, 5219257.140529327], [630259.8432812303, 5219249.011144451], [630257.2474773829, 5219245.605975597], [630256.1656594442, 5219246.36488206], [630255.9719683921, 5219246.515463244], [630255.7939695525, 5219246.684304382], [630255.6333771514, 5219246.869779441], [630255.5804295915, 5219246.944663994], [630253.6706082247, 5219248.2619193625], [630253.4757275446, 5219248.410957738], [630253.2963935835, 5219248.578380099], [630253.1343334256, 5219248.762574078], [630253.0532942007, 5219248.875279757], [630251.7678467672, 5219249.754816112], [630251.5724104388, 5219249.903125107], [630251.3924520134, 5219250.069876065], [630251.2297045891, 5219250.253463081], [630251.0863551708, 5219250.45126308], [630249.3165459534, 5219251.670011743], [630249.1215547622, 5219251.8189055035], [630248.9420966477, 5219251.986194779], [630248.7798998895, 5219252.1702684825]]], [[[630265.4241191385, 5219279.383881835], [630265.6081928418, 5219279.5460785935], [630265.8072782422, 5219279.6894519515], [630266.0194580385, 5219279.812621147], [630266.2426888235, 5219279.914399992], [630266.4748207625, 5219279.9938083], [630266.7136182982, 5219280.050081328], [630266.9567816796, 5219280.082677133], [630267.2019691105, 5219280.091281801], [630267.446819302, 5219280.0758124655], [630267.6889742129, 5219280.036418103], [630267.9261017587, 5219279.973478103], [630268.1559182719, 5219279.887598613], [630268.3762104937, 5219279.779606698], [630268.5567788831, 5219279.667910851], [630268.694373205, 5219279.882512694], [630268.8367683835, 5219280.082298906], [630268.9873274416, 5219280.254864237], [630301.5055471292, 5219330.13002792], [630301.5320066713, 5219330.16655814], [630304.2317641979, 5219327.492268841], [630304.3208795994, 5219327.410831818], [630304.4162551882, 5219327.336824789], [630313.4700649327, 5219320.877951463], [630285.1088808461, 5219277.968270254], [630285.1790284928, 5219277.914647962], [630285.2197616058, 5219277.8766370835], [630286.0243478861, 5219279.029499788], [630286.1744595611, 5219279.223554939], [630286.3428691383, 5219279.401962144], [630286.5279547415, 5219279.563003245], [630286.7279338951, 5219279.705127327], [630286.9408806905, 5219279.826965658], [630287.1647443337, 5219279.927344868], [630287.3973688954, 5219280.005298251], [630287.6365140738, 5219280.060075073], [630287.8798767703, 5219280.091147803], [630288.1251132691, 5219280.098217193], [630288.3698618085, 5219280.081215163], [630288.6117653263, 5219280.040305449], [630288.8484941595, 5219279.975882037], [630289.0777684799, 5219279.888565356], [630289.2973802506, 5219279.779196317], [630289.5052144903, 5219279.648828202], [630289.5345424813, 5219279.62836011], [630289.6247236058, 5219279.692718498], [630289.8374305097, 5219279.814975154], [630290.0610964195, 5219279.915794186], [630290.29356731, 5219279.994204656], [630290.5326043596, 5219280.049451426], [630290.7759055108, 5219280.081002438], [630291.0211276406, 5219280.088553841], [630291.2659091257, 5219280.072032911], [630291.5078925868, 5219280.031598751], [630291.7447475905, 5219279.967640768], [630291.9741930941, 5219279.880774908], [630292.1940194117, 5219279.771837739], [630292.4021094958, 5219279.641878386], [630292.5000073093, 5219279.573840969], [630292.6874671604, 5219279.70687051], [630292.9004990781, 5219279.828559945], [630293.1244328393, 5219279.9287826335], [630293.3571118397, 5219280.006573374], [630293.5962952529, 5219280.061183002], [630293.8396796122, 5219280.092085595], [630294.0849209931, 5219280.098983545], [630294.329657587, 5219280.081810419], [630294.5715324467, 5219280.040731607], [630294.8082161851, 5219279.976142718], [630295.0374294084, 5219279.8886657795], [630295.256964668, 5219279.779143241], [630295.4647077194, 5219279.648629866], [630295.7289638784, 5219279.463929865], [630295.8442417786, 5219279.564320886], [630296.0441585634, 5219279.706532685], [630296.2570518879, 5219279.828464423], [630296.4808714733, 5219279.928941833], [630296.7134618146, 5219280.00699726], [630296.9525829395, 5219280.061878989], [630297.1959319811, 5219280.093058479], [630297.4411653549, 5219280.100235454], [630297.6859213295, 5219280.083340796], [630297.9278427712, 5219280.042537209], [630298.164599844, 5219279.978217655], [630298.3939124481, 5219279.891001565], [630298.6135721777, 5219279.7817288805], [630298.7898380207, 5219279.671270386], [630298.8381284493, 5219279.7056478085], [630299.0509785397, 5219279.827655003], [630299.2747624952, 5219279.928211743], [630299.5073251537, 5219280.006349611], [630299.7464268099, 5219280.061316097], [630299.9897647841, 5219280.092581845], [630300.2349955987, 5219280.0998457465], [630300.4797575466, 5219280.083037847], [630300.7216934365, 5219280.042320016], [630300.9584732937, 5219279.978084388], [630301.1878167987, 5219279.890949588], [630301.407515248, 5219279.781754772], [630301.6154528258, 5219279.651551545], [630303.9128323309, 5219278.050911857], [630304.1070064842, 5219277.900954147], [630304.28554721, 5219277.732686129], [630304.4467350636, 5219277.547728316], [630304.5890177176, 5219277.347861953], [630304.7110249124, 5219277.135011863], [630304.8115816521, 5219276.911227908], [630304.8897195202, 5219276.678665249], [630304.9446860064, 5219276.439563593], [630304.9759517534, 5219276.196225619], [630304.9832156549, 5219275.9509948045], [630304.9664077555, 5219275.706232856], [630304.9256899246, 5219275.464296967], [630304.8614542971, 5219275.227517109], [630304.7743194973, 5219274.998173605], [630304.6651246807, 5219274.778475155], [630304.5349214535, 5219274.570537577], [630301.6140871698, 5219270.378298141], [630307.8920124762, 5219279.081558662], [630308.0451294667, 5219279.273251395], [630308.2162983305, 5219279.4490129845], [630308.4038706177, 5219279.607150753], [630308.606039905, 5219279.746141745], [630308.8208591916, 5219279.864647402], [630309.04625965, 5219279.96152645], [630309.280070551, 5219280.035845891], [630309.5200401676, 5219280.086889986], [630309.7638574612, 5219280.114167156], [630310.009174338, 5219280.117414704], [630310.2536282623, 5219280.096601356], [630310.4948650094, 5219280.051927554], [630310.7305613373, 5219279.983823534], [630310.9584473617, 5219279.892945173], [630311.1763284155, 5219279.780167679], [630311.3821061851, 5219279.646577163], [630312.1761440933, 5219279.073813579], [630312.201784087, 5219279.108721231], [630312.3565467129, 5219279.299087841], [630312.5292233054, 5219279.473368394], [630312.7181508942, 5219279.629884472], [630312.9215100035, 5219279.767128741], [630313.1373421738, 5219279.883779462], [630313.3635688234, 5219279.978713227], [630313.5980112661, 5219280.05101577], [630313.6961764348, 5219280.071014237], [630319.9203747147, 5219289.54622465], [630320.0649726016, 5219289.74442245], [630320.2283009917, 5219289.927492801], [630320.4087869433, 5219290.093672637], [630320.6046922781, 5219290.241361555], [630320.8141303204, 5219290.369137229], [630321.0350840676, 5219290.475769111], [630321.2654256143, 5219290.560230277], [630321.5029366453, 5219290.621707319], [630321.7453297997, 5219290.659608181], [630321.9902706989, 5219290.673567856], [630322.2354004282, 5219290.663451904], [630322.4783582541, 5219290.629357749], [630322.71680436, 5219290.571613735], [630322.9484423797, 5219290.490775968], [630323.1710415123, 5219290.387622962], [630323.3824580066, 5219290.263148135], [630325.7227018013, 5219288.725858642], [630325.9208996006, 5219288.581260755], [630326.103969952, 5219288.417932364], [630326.2701497879, 5219288.237446413], [630326.4178387056, 5219288.041541078], [630326.5456143802, 5219287.832103036], [630326.6522462618, 5219287.611149289], [630326.7367074275, 5219287.3808077425], [630326.7981844699, 5219287.143296711], [630326.8360853314, 5219286.9009035565], [630326.8500450061, 5219286.655962658], [630326.8399290547, 5219286.4108329285], [630326.8058348994, 5219286.167875103], [630326.7480908853, 5219285.9294289965], [630326.6672531192, 5219285.697790978], [630326.5641001125, 5219285.475191845], [630326.4396252854, 5219285.2637753505], [630324.4587651213, 5219282.2482758425], [630324.6726121957, 5219282.098702655], [630324.866512203, 5219281.948390634], [630325.0447453741, 5219281.779796882], [630325.2055952263, 5219281.594545049], [630325.3475126876, 5219281.394419211], [630325.4691310152, 5219281.18134669], [630325.5692789583, 5219280.957379492], [630325.6469920372, 5219280.7246745415], [630325.7015218326, 5219280.485472915], [630325.7323431928, 5219280.242078255], [630325.7391592911, 5219279.996834586], [630325.721904485, 5219279.752103738], [630325.6807449475, 5219279.510242601], [630325.6160770676, 5219279.273580433], [630325.5285236322, 5219279.044396418], [630325.4189278288, 5219278.824897725], [630325.288345125, 5219278.617198245], [630322.478345125, 5219274.599698245], [630322.3280331033, 5219274.405798238], [630322.159439351, 5219274.227565067], [630321.9741875179, 5219274.066715214], [630321.7740616805, 5219273.924797753], [630321.5609891601, 5219273.803179425], [630321.3370219613, 5219273.703031482], [630321.104317011, 5219273.625318403], [630321.0822660557, 5219273.6202915395], [630317.1029217684, 5219267.892350085], [630316.9532257589, 5219267.697974106], [630316.7851983987, 5219267.519206875], [630316.6004578834, 5219267.357770018], [630316.4007833652, 5219267.215218262], [630316.1880978189, 5219267.092924456], [630315.9644495224, 5219266.992066357], [630315.7319923312, 5219266.9136152845], [630315.4929649351, 5219266.858326764], [630315.2496692986, 5219266.826733254], [630315.0044484916, 5219266.819139019], [630314.7596641246, 5219266.835617194], [630314.5176736049, 5219266.876009086], [630314.2808074333, 5219266.939925699], [630314.0513467607, 5219267.02675148], [630313.8315014188, 5219267.13565025], [630313.6233886385, 5219267.265573256], [630313.3303834727, 5219267.469131278], [630310.368215913, 5219263.436278769], [630310.213453287, 5219263.245912159], [630310.0407766947, 5219263.071631606], [630309.8518491058, 5219262.915115528], [630309.6484899964, 5219262.7778712595], [630309.4326578261, 5219262.6612205375], [630309.2064311765, 5219262.566286773], [630308.971988734, 5219262.49398423], [630308.7315883073, 5219262.445009221], [630308.4875450842, 5219262.419833402], [630308.242209334, 5219262.418699232], [630307.9979437744, 5219262.44161763], [630307.7571008162, 5219262.488367883], [630307.5219999087, 5219262.558499757], [630307.2949052021, 5219262.651337847], [630307.0780037426, 5219262.76598807], [630306.8733844098, 5219262.90134628], [630306.1967317925, 5219263.398353902], [630303.2104875238, 5219259.258441338], [630303.0573705334, 5219259.066748605], [630302.8862016696, 5219258.890987015], [630302.6986293823, 5219258.732849247], [630302.496460095, 5219258.593858255], [630302.2816408084, 5219258.475352597], [630302.05624035, 5219258.37847355], [630301.8224294491, 5219258.304154109], [630301.5824598324, 5219258.253110014], [630301.3386425389, 5219258.225832844], [630301.0933256621, 5219258.222585296], [630300.8488717377, 5219258.243398644], [630300.6076349906, 5219258.288072445], [630300.3719386627, 5219258.356176466], [630300.1440526383, 5219258.447054827], [630299.9261715845, 5219258.559832321], [630299.720393815, 5219258.693422837], [630297.4495309774, 5219260.331464954], [630297.2578382444, 5219260.484581944], [630297.0820766541, 5219260.655750807], [630296.9239388861, 5219260.843323095], [630296.7849478942, 5219261.045492383], [630296.6664422371, 5219261.260311669], [630296.5695631893, 5219261.485712127], [630296.495243749, 5219261.7195230285], [630296.444199653, 5219261.959492644], [630296.4169224838, 5219262.203309938], [630296.4136749356, 5219262.448626815], [630296.4344882839, 5219262.693080739], [630296.4791620849, 5219262.934317486], [630296.5156375297, 5219263.060552741], [630284.1174214535, 5219245.265537578], [630283.9674637434, 5219245.071363425], [630283.7991957256, 5219244.892822699], [630283.6142379128, 5219244.731634845], [630283.4143715501, 5219244.589352191], [630283.2015214597, 5219244.4673449965], [630282.9777375043, 5219244.366788257], [630282.7451748457, 5219244.288650389], [630282.5060731894, 5219244.233683902], [630282.2627352154, 5219244.202418155], [630282.0175044009, 5219244.195154253], [630281.772742453, 5219244.211962153], [630281.5308065631, 5219244.252679984], [630281.294026706, 5219244.316915612], [630281.064683201, 5219244.404050412], [630280.8449847517, 5219244.513245228], [630280.7957804304, 5219244.5440552505], [630280.7291044523, 5219244.457782464], [630280.5607731582, 5219244.279301396], [630280.3757582214, 5219244.118179114], [630280.1758414367, 5219243.975967314], [630279.962948112, 5219243.854035576], [630279.7391285266, 5219243.753558166], [630279.5065381854, 5219243.675502739], [630279.2674170604, 5219243.62062101], [630279.024068019, 5219243.58944152], [630278.7788346452, 5219243.582264545], [630278.5340786705, 5219243.5991592035], [630278.292157229, 5219243.6399627905], [630278.0554001562, 5219243.704282344], [630277.826087552, 5219243.791498434], [630277.6064278225, 5219243.900771119], [630277.3985364109, 5219244.0310480455], [630275.1801912345, 5219245.577790934], [630275.0528031004, 5219245.412440844], [630274.8847445181, 5219245.233702965], [630274.6999758079, 5219245.072298379], [630274.5002763936, 5219244.929781501], [630274.2875694898, 5219244.807524846], [630274.0639035801, 5219244.706705812], [630273.8314326897, 5219244.628295343], [630273.5923956401, 5219244.573048574], [630273.3490944889, 5219244.541497561], [630273.1038723593, 5219244.533946158], [630272.8590908741, 5219244.550467089], [630272.6171074132, 5219244.590901248], [630272.3802524094, 5219244.654859232], [630272.1508069059, 5219244.741725092], [630271.9309805884, 5219244.85066226], [630271.7228905044, 5219244.980621614], [630269.4236360004, 5219246.578566771], [630269.2292861713, 5219246.72829673], [630269.050548292, 5219246.896355312], [630268.8891437061, 5219247.081124023], [630268.746626828, 5219247.280823437], [630268.6243701731, 5219247.4935303405], [630268.52355114, 5219247.71719625], [630268.4451406708, 5219247.949667141], [630268.3898939014, 5219248.18870419], [630268.3583428883, 5219248.432005341], [630268.350791485, 5219248.677227471], [630268.3673124159, 5219248.922008956], [630268.407746575, 5219249.163992417], [630268.4717045594, 5219249.400847421], [630268.5528935674, 5219249.615298218], [630266.818260932, 5219247.120218586], [630262.8666447921, 5219250.4005348105], [630251.7566445332, 5219259.621317813], [630265.1079361024, 5219279.009432529], [630265.256829863, 5219279.20442372], [630265.4241191385, 5219279.383881835]]], [[[630248.9667754518, 5219276.15386977], [630248.8359630232, 5219276.361424643], [630248.7261244275, 5219276.580801941], [630248.6383174701, 5219276.809888945], [630248.5733877801, 5219277.046479418], [630248.531960666, 5219277.288294866], [630248.5144350934, 5219277.533006473], [630248.5209798431, 5219277.778257534], [630248.5515318859, 5219278.021686146], [630248.6057969885, 5219278.2609479595], [630248.6832525487, 5219278.493738751], [630248.7831526268, 5219278.717816619], [630248.9045351304, 5219278.931023572], [630268.6995351303, 5219310.043523571], [630268.8412310798, 5219310.243806307], [630269.0018758653, 5219310.429235995], [630269.17992239, 5219310.598026847], [630269.2069097371, 5219310.618995385], [630269.3301838622, 5219310.806009674], [630269.2646765915, 5219310.853329771], [630269.0808382287, 5219311.015793223], [630268.9138093009, 5219311.195493679], [630268.7651983877, 5219311.390700526], [630268.6364366936, 5219311.599533815], [630268.5287642641, 5219311.819982368], [630268.4432180435, 5219312.049923144], [630268.3806218888, 5219312.287141689], [630268.341578635, 5219312.529353458], [630268.3264642901, 5219312.774225819], [630268.3354244134, 5219313.019400517], [630268.3683727143, 5219313.262516387], [630268.4249918823, 5219313.5012320895], [630268.504736644, 5219313.733248661], [630268.6068390136, 5219313.956331656], [630268.7303156898, 5219314.168332663], [630269.9993464615, 5219316.120193727], [630269.4578564259, 5219316.475567305], [630269.2595975585, 5219316.620081451], [630269.0764582249, 5219316.783332488], [630268.9102021571, 5219316.96374822], [630268.7624304919, 5219317.159591146], [630268.6345663511, 5219317.36897519], [630268.5278411363, 5219317.58988387], [630268.4432826699, 5219317.820189716], [630268.3817052959, 5219318.057674754], [630268.343702038, 5219318.300051876], [630268.3296388887, 5219318.544986856], [630268.3396512836, 5219318.790120837], [630268.3736427978, 5219319.0330930445], [630268.4312860746, 5219319.271563523], [630268.5120259775, 5219319.503235673], [630268.6150849374, 5219319.725878363], [630268.7394704397, 5219319.937347422], [630269.2081252786, 5219320.651446447], [630269.0804203668, 5219320.76608911], [630268.9147978863, 5219320.947086653], [630268.7677137849, 5219321.143446485], [630268.6405845629, 5219321.353277554], [630268.534634544, 5219321.574559072], [630268.4508840853, 5219321.805159976], [630268.3901397489, 5219322.042859455], [630268.3529865363, 5219322.285368332], [630268.3397822533, 5219322.5303511135], [630268.3506540642, 5219322.775448483], [630268.3854972676, 5219323.018300017], [630268.4439763044, 5219323.256566924], [630268.5255279894, 5219323.4879545625], [630268.6293669353, 5219323.710234543], [630268.7544931166, 5219323.921266189], [630272.8744931166, 5219330.151266189], [630273.0197014994, 5219330.34901715], [630273.1835936478, 5219330.531582974], [630273.3645911908, 5219330.697205454], [630273.560951023, 5219330.844289556], [630273.770782092, 5219330.971418778], [630273.9920636099, 5219331.077368797], [630274.2226645146, 5219331.161119255], [630274.4603639934, 5219331.221863592], [630274.7028728704, 5219331.259016804], [630274.9478556525, 5219331.2722210875], [630275.1929530216, 5219331.261349277], [630275.4358045561, 5219331.226506073], [630275.6740714629, 5219331.168027037], [630275.9054591014, 5219331.086475351], [630276.1277390823, 5219330.982636405], [630276.2483701698, 5219330.911111079], [630276.325378324, 5219330.958137496], [630276.5462870046, 5219331.064862711], [630276.7765928499, 5219331.149421178], [630277.0140778886, 5219331.210998552], [630277.25645501, 5219331.249001809], [630277.5013899901, 5219331.263064959], [630277.746523971, 5219331.253052564], [630277.9894961783, 5219331.219061051], [630278.2279666571, 5219331.161417773], [630278.4596388063, 5219331.080677871], [630278.6822814964, 5219330.97761891], [630278.8937505565, 5219330.853233408], [630279.4145504237, 5219330.511438546], [630279.5911414316, 5219330.675577288], [630279.7863482785, 5219330.8241882], [630279.9951815679, 5219330.952949895], [630280.2156301208, 5219331.060622324], [630280.4455708974, 5219331.146168544], [630280.6827894421, 5219331.208764699], [630280.9250012109, 5219331.247807953], [630281.1698735718, 5219331.262922298], [630281.4150482704, 5219331.253962174], [630281.65816414, 5219331.221013874], [630281.896879842, 5219331.164394706], [630282.1288964138, 5219331.084649944], [630282.3519794089, 5219330.982547575], [630282.5639804158, 5219330.859070898], [630282.6846077467, 5219330.78064329], [630282.7642017581, 5219330.840449459], [630282.973842538, 5219330.9678922305], [630283.1949654162, 5219331.07417294], [630283.4254408586, 5219331.1582680475], [630283.6630492606, 5219331.21936767], [630283.9055023236, 5219331.256883385], [630284.1504650918, 5219331.270453895], [630284.39557844, 5219331.259948511], [630284.6384817928, 5219331.225468402], [630284.8768358578, 5219331.167345633], [630285.1083451553, 5219331.086139957], [630285.330780124, 5219330.98263343], [630285.5419985937, 5219330.857822875], [630285.616189511, 5219330.808918481], [630285.6226166086, 5219330.813852], [630285.8309352242, 5219330.943444712], [630286.0509530357, 5219331.051994605], [630286.2805511515, 5219331.138456283], [630286.517518416, 5219331.201997074], [630286.759572705, 5219331.242005046], [630287.0043829035, 5219331.258094899], [630287.2495913552, 5219331.25011168], [630287.4928365689, 5219331.21813227], [630287.7317759601, 5219331.162464649], [630287.9641084118, 5219331.0836449275], [630288.1875964355, 5219330.982432183], [630288.4000877196, 5219330.859801147], [630288.8649423618, 5219330.5601973655], [630288.996078915, 5219330.680958205], [630289.1919728216, 5219330.82866228], [630289.4014009767, 5219330.95645416], [630289.6223464725, 5219331.063103138], [630289.8526814831, 5219331.147582126], [630290.0901877567, 5219331.209077545], [630290.3325779777, 5219331.246997162], [630290.577517796, 5219331.260975789], [630290.8226483071, 5219331.250878804], [630291.0656087702, 5219331.216803448], [630291.3040593434, 5219331.159077885], [630291.5357036171, 5219331.078258041], [630291.7583107306, 5219330.975122259], [630291.9697368555, 5219330.8506637905], [630294.3100995913, 5219329.31355538], [630294.5083085784, 5219329.168972829], [630294.6913915669, 5219329.005658605], [630294.8575853675, 5219328.825185512], [630295.0052894431, 5219328.629291605], [630295.1330813225, 5219328.41986345], [630295.2397303004, 5219328.198917954], [630295.3242092886, 5219327.968582944], [630295.3857047083, 5219327.73107667], [630295.423624325, 5219327.488686449], [630295.437602952, 5219327.243746631], [630295.4275059676, 5219326.99861612], [630295.3934306112, 5219326.755655657], [630295.3357050471, 5219326.517205083], [630295.2548852041, 5219326.285560809], [630295.1517494215, 5219326.062953696], [630295.0272909533, 5219325.851527571], [630275.2597909534, 5219295.754027571], [630275.1152084023, 5219295.555818584], [630274.9518941778, 5219295.372735595], [630274.771421085, 5219295.206541794], [630274.5755271784, 5219295.058837719], [630274.3660990234, 5219294.93104584], [630274.3142151048, 5219294.906001803], [630261.3574770387, 5219274.711474243], [630261.2150202142, 5219274.511731984], [630261.0536711932, 5219274.32691475], [630260.874983855, 5219274.158802431], [630260.6806790566, 5219274.009014041], [630260.4726280591, 5219273.8789921235], [630260.2528345075, 5219273.769988861], [630260.0234151338, 5219273.683054014], [630259.786579372, 5219273.619024813], [630259.5446080801, 5219273.578517894], [630259.2998315736, 5219273.561923361], [630259.0546071844, 5219273.5694010295], [630258.8112965571, 5219273.600878883], [630258.5722429063, 5219273.656053775], [630258.3397484493, 5219273.73439434], [630258.1160522348, 5219273.835146115], [630257.9033085797, 5219273.957338806], [630257.8434799152, 5219273.995724668], [630257.6533087553, 5219273.876590231], [630257.4336333718, 5219273.767349019], [630257.2043082742, 5219273.680165785], [630256.9675419884, 5219273.615880153], [630256.7256147031, 5219273.575111228], [630256.4808563105, 5219273.558251637], [630256.2356239674, 5219273.565463748], [630255.9922793956, 5219273.596678103], [630255.7531661363, 5219273.651594092], [630255.5205869809, 5219273.729682843], [630255.2967817936, 5219273.830192319], [630255.0839059411, 5219273.952154559], [630254.8732095584, 5219274.087014758], [630254.8113440297, 5219274.038946687], [630254.6037891571, 5219273.908134259], [630254.3844118578, 5219273.798295663], [630254.155324855, 5219273.710488706], [630253.9187343819, 5219273.645559016], [630253.6769189341, 5219273.604131902], [630253.4322073265, 5219273.586606329], [630253.1869562657, 5219273.593151079], [630252.9435276535, 5219273.623703121], [630252.7042658402, 5219273.6779682245], [630252.4714750483, 5219273.755423784], [630252.2473971803, 5219273.855323862], [630252.0341902282, 5219273.976706366], [630249.6718051936, 5219275.47974893], [630249.4715224574, 5219275.62144488], [630249.286092769, 5219275.7820896655], [630249.1173019176, 5219275.960136191], [630248.9667754518, 5219276.15386977]]], [[[630305.9979440056, 5219331.149151853], [630306.2352591754, 5219331.211380679], [630306.4775310995, 5219331.250048902], [630306.7224265665, 5219331.264784126], [630306.9675870994, 5219331.255444441], [630307.2106516683, 5219331.222119796], [630307.4492794282, 5219331.165131124], [630307.6811722637, 5219331.085027257], [630307.9040969199, 5219330.98257964], [630308.1159065104, 5219330.858774899], [630309.9334330499, 5219329.673076345], [630310.248946077, 5219330.150438762], [630310.3941041601, 5219330.348226647], [630310.55794987, 5219330.53083415], [630310.7389052833, 5219330.696502659], [630310.9352277003, 5219330.843636697], [630311.1450264289, 5219330.970819282], [630311.3662809925, 5219331.076825578], [630311.5968605889, 5219331.160634684], [630311.8345446105, 5219331.221439474], [630312.0770440301, 5219331.258654364], [630312.3220234457, 5219331.271920955], [630312.567123572, 5219331.261111481], [630312.8099839604, 5219331.226330045], [630313.0482657327, 5219331.167911611], [630313.2796741052, 5219331.086418778], [630313.5019804889, 5219330.98263637], [630313.7130439517, 5219330.857563865], [630316.0489288194, 5219329.313659114], [630316.2467167047, 5219329.168501031], [630316.4293242071, 5219329.004655321], [630316.5949927166, 5219328.823699907], [630316.7421267547, 5219328.6273774905], [630316.8693093404, 5219328.4175787615], [630316.9753156357, 5219328.1963241985], [630317.059124742, 5219327.965744602], [630317.1199295319, 5219327.72806058], [630317.1571444222, 5219327.48556116], [630317.1704110127, 5219327.240581744], [630317.1596015394, 5219326.995481618], [630317.124820103, 5219326.75262123], [630317.066401668, 5219326.514339457], [630316.9849088358, 5219326.282931085], [630316.881126427, 5219326.060624701], [630316.7560539229, 5219325.849561238], [630315.1252985181, 5219323.382273753], [630306.2570325135, 5219329.708782522], [630305.2186021546, 5219330.737416823], [630305.3382236972, 5219330.828192483], [630305.5472560809, 5219330.956630713], [630305.7678710647, 5219331.063961722], [630305.9979440056, 5219331.149151853]]]]}}, {"type": "Feature", "properties": {"vineyard_id": "V42", "area_m2": 6212.7}, "geometry": {"type": "MultiPolygon", "coordinates": [[[[630271.0379122198, 5219239.66564098], [630271.1485591505, 5219239.446670267], [630271.2372104028, 5219239.217908662], [630271.3030122168, 5219238.981559264], [630271.3453308849, 5219238.739898247], [630271.3637588554, 5219238.49525294], [630271.3581186567, 5219238.249979409], [630271.328464607, 5219238.006439774], [630271.2750822911, 5219237.766979454], [630271.1984858098, 5219237.533904582], [630271.0994128293, 5219237.309459798], [630270.9788174762, 5219237.0958066275], [630270.8378611498, 5219236.895002667], [630269.1186410468, 5219234.684961436], [630268.9586812338, 5219234.498940538], [630268.7812584344, 5219234.329494184], [630268.5880813272, 5219234.178254236], [630268.3810103133, 5219234.046677217], [630268.1620396, 5219233.936030286], [630267.9332779946, 5219233.847379033], [630267.6969285967, 5219233.781577219], [630267.4552675801, 5219233.739258551], [630267.43601126, 5219233.737808064], [630266.7062233577, 5219232.801442891], [630266.5460932904, 5219232.61556853], [630266.3685154201, 5219232.4462846955], [630266.1751999182, 5219232.2952216845], [630265.968008519, 5219232.163834315], [630265.7489365889, 5219232.05338792], [630265.5200939102, 5219231.96494616], [630265.2837672178, 5219231.899383761], [630264.5872498929, 5219231.001486653], [630264.4275445871, 5219230.815247206], [630264.2503536479, 5219230.645558409], [630264.0573835211, 5219230.49405446], [630263.8504926142, 5219230.362194424], [630263.6316733999, 5219230.251248184], [630263.403033227, 5219230.162284215], [630263.166774025, 5219230.096159287], [630262.933891441, 5219230.055049583], [630262.3652308722, 5219229.323132631], [630262.2053831236, 5219229.1370154265], [630262.0280624096, 5219228.967462246], [630261.8349764255, 5219228.81610598], [630261.6279846949, 5219228.684404273], [630261.4090806611, 5219228.573625482], [630261.1803724898, 5219228.484836468], [630260.9768545879, 5219228.428043143], [630260.2696779985, 5219227.516456213], [630260.1099676184, 5219227.330221117], [630259.9327720556, 5219227.160537148], [630259.7397978007, 5219227.009038457], [630259.532903301, 5219226.877184058], [630259.3140810637, 5219226.766243781], [630259.0854384666, 5219226.677286041], [630258.8491774629, 5219226.611167551], [630258.6075733752, 5219226.5685250675], [630258.5830868868, 5219226.5666476125], [630257.8513415923, 5219225.622161208], [630257.6917486801, 5219225.435825438], [630257.5146601521, 5219225.266029768], [630257.3217814678, 5219225.114409421], [630257.1149701541, 5219224.982424583], [630256.8962179173, 5219224.871346343], [630256.6676314608, 5219224.782244444], [630256.5379185533, 5219224.745855605], [630255.963138114, 5219224.002923926], [630255.8036721627, 5219223.816479492], [630255.6266993333, 5219223.646563236], [630255.4339239708, 5219223.494811543], [630255.2272026074, 5219223.362685867], [630255.008526083, 5219223.251458648], [630254.7800003717, 5219223.162201066], [630254.5438263015, 5219223.09577272], [630254.3022783573, 5219223.052813352], [630254.0576827782, 5219223.033736684], [630253.8123951532, 5219223.038726435], [630253.5687777363, 5219223.06773455], [630253.3291766963, 5219223.120481665], [630253.0958995221, 5219223.196459798], [630252.8711928007, 5219223.294937237], [630252.6572205805, 5219223.41496559], [630252.456043531, 5219223.555388919], [630247.2693143657, 5219227.568181147], [630262.0218191707, 5219246.920479249], [630267.4310825608, 5219242.712542204], [630270.9669114361, 5219239.77737937], [630271.0379122198, 5219239.66564098]]], [[[630162.6365100902, 5219279.457626876], [630162.799444257, 5219279.641048178], [630162.9795722826, 5219279.807615915], [630163.1751594357, 5219279.955725949], [630163.3843221053, 5219280.083951899], [630163.6050459403, 5219280.19105888], [630163.8352052497, 5219280.276015392], [630164.0725834734, 5219280.338003257], [630164.3148945294, 5219280.376425499], [630164.5598048298, 5219280.390912091], [630164.8049557545, 5219280.381323519], [630165.0479863661, 5219280.347752127], [630165.2865561469, 5219280.290521223], [630165.5183675396, 5219280.210181975], [630165.7411880736, 5219280.107508092], [630165.9528718656, 5219279.983488381], [630166.1513802848, 5219279.839317218], [630166.6054846179, 5219279.474177107], [630166.7512131241, 5219279.638314389], [630166.8866361921, 5219279.76360729], [630166.856519073, 5219279.794990335], [630166.7048139516, 5219279.987802348], [630166.5727382139, 5219280.194555622], [630166.4615638218, 5219280.413259008], [630166.3723614451, 5219280.641806274], [630166.3059901516, 5219280.877996383], [630166.2630891333, 5219281.119554698], [630166.2440715502, 5219281.364154878], [630166.2491205522, 5219281.609441291], [630166.2781875146, 5219281.853051693], [630166.3309925066, 5219282.092639985], [630166.4070269874, 5219282.325898798], [630166.5055587032, 5219282.550581725], [630166.6256387399, 5219282.764524945], [630166.7661106611, 5219282.965668068], [630167.0567795007, 5219283.341184223], [630166.9946376939, 5219283.395735535], [630166.8270148775, 5219283.574882145], [630166.6777586492, 5219283.769596024], [630166.5483064281, 5219283.978001973], [630166.4399049098, 5219284.198092925], [630166.3535980603, 5219284.427749286], [630166.2902170618, 5219284.664759341], [630166.2503723076, 5219284.906840551], [630166.2344475249, 5219285.151661542], [630166.2425960777, 5219285.396864555], [630166.2663560831, 5219285.576652366], [630181.6339072692, 5219305.820780077], [630215.0304382575, 5219279.914026397], [630215.2166765856, 5219279.754319785], [630215.3863641401, 5219279.577127656], [630215.5282944195, 5219279.396348874], [630216.1164948378, 5219278.943585829], [630216.5092612505, 5219279.4444024395], [630216.6699521767, 5219279.6297921445], [630216.8480407009, 5219279.798538683], [630217.0418117333, 5219279.949016932], [630217.2493991528, 5219280.0797777055], [630217.4688037792, 5219280.189561705], [630217.6979126261, 5219280.27731165], [630217.93451925, 5219280.342182461], [630218.1763449996, 5219280.383549397], [630218.421060961, 5219280.401014072], [630218.6663103855, 5219280.39440829], [630218.9097313872, 5219280.36379567], [630219.1489796888, 5219280.309471027], [630219.3817511982, 5219280.231957538], [630219.6058041988, 5219280.132001701], [630219.8189809375, 5219280.010566142], [630220.0192284058, 5219279.868820356], [630221.6225095286, 5219278.61144398], [630221.9030115365, 5219279.016784793], [630222.0523515844, 5219279.211434392], [630222.2200515165, 5219279.390508817], [630222.4044962906, 5219279.552283481], [630222.6039096026, 5219279.695200406], [630222.7622800465, 5219279.786649174], [630228.5453451702, 5219274.986974345], [630228.4465304016, 5219274.786565399], [630228.3169884637, 5219274.578215206], [630227.6699681893, 5219273.643235359], [630259.6538043118, 5219248.762589114], [630244.8964761143, 5219229.403963696], [630242.2913638257, 5219231.419448602], [630242.1654552785, 5219231.256409819], [630242.0061532456, 5219231.06982531], [630241.8293298153, 5219230.899753586], [630241.6366878942, 5219230.747832531], [630241.4300827292, 5219230.615525228], [630241.3453266975, 5219230.572321277], [630240.2964582632, 5219229.210404816], [630240.137404385, 5219229.023608723], [630239.960807176, 5219228.85330211], [630239.7683673636, 5219228.701125124], [630239.5619382485, 5219228.56854331], [630239.3435078558, 5219228.456833507], [630239.1151797897, 5219228.367071539], [630239.0967128888, 5219228.361833351], [630238.4238879911, 5219227.47260831], [630238.2664330992, 5219227.284462427], [630238.0912948742, 5219227.112655794], [630237.9001599929, 5219226.958843007], [630237.6948691887, 5219226.824505364], [630237.4773995242, 5219226.710936611], [630237.2498453512, 5219226.619230477], [630237.0143981408, 5219226.550270143], [630236.7733253784, 5219226.504719734], [630236.5289487262, 5219226.483017925], [630236.2836216653, 5219226.485373718], [630236.0397068294, 5219226.511764423], [630235.7995532514, 5219226.561935884], [630235.5654737416, 5219226.635404924], [630235.3397226138, 5219226.731463993], [630235.1244739748, 5219226.8491879925], [630235.0658799884, 5219226.8891583625], [630234.5748403585, 5219226.267109408], [630234.41356185, 5219226.082230639], [630234.2349386532, 5219225.91405017], [630234.0406910074, 5219225.764187671], [630233.8326896233, 5219225.634086399], [630233.7490271765, 5219225.592555513], [630232.7992249714, 5219224.356589481], [630232.6403673886, 5219224.169626423], [630232.4639491639, 5219223.99913441], [630232.2716693017, 5219223.846755372], [630232.065379562, 5219223.713956804], [630231.8470666279, 5219223.602017626], [630231.6188329721, 5219223.512015876], [630231.3828766097, 5219223.44481832], [630231.1414699293, 5219223.401072106], [630230.8969378093, 5219223.381198535], [630230.6516352275, 5219223.385388998], [630230.4079245821, 5219223.413603142], [630230.3318720645, 5219223.43008613], [630229.9918728359, 5219222.992770243], [630229.8319645948, 5219222.80670501], [630229.6545887735, 5219222.637209481], [630229.4614535982, 5219222.485915989], [630229.2544190662, 5219222.3542815745], [630229.0354790331, 5219222.243573948], [630228.8067420112, 5219222.154859285], [630228.570410863, 5219222.088991957], [630228.3287615868, 5219222.0466063], [630228.084121397, 5219222.028110513], [630227.8388463125, 5219222.033682721], [630227.5952984664, 5219222.063269259], [630227.3558233576, 5219222.116585193], [630227.1227272623, 5219222.193117063], [630226.8982550234, 5219222.292127822], [630226.6845684311, 5219222.412663945], [630226.4837254043, 5219222.553564602], [630225.9252054591, 5219222.987796141], [630225.7776203906, 5219222.812245518], [630225.6020972092, 5219222.640832189], [630225.4106177755, 5219222.487448542], [630225.2050261411, 5219222.3535717465], [630224.9873022661, 5219222.240491108], [630224.7595429501, 5219222.149295655], [630224.5239416399, 5219222.08086365], [630224.2827673052, 5219222.035854131], [630224.1223326171, 5219222.021969423], [630224.1087073709, 5219221.92002207], [630224.0525279893, 5219221.681202486], [630223.973210714, 5219221.449039427], [630223.8715194138, 5219221.225768748], [630223.7484334316, 5219221.013540668], [630223.6051381525, 5219220.814399062], [630223.4889859131, 5219220.6686367495], [630223.6170360624, 5219220.526137929], [630223.7623417985, 5219220.328458493], [630223.8875718748, 5219220.117488484], [630223.9915202571, 5219219.89525966], [630224.0731858655, 5219219.663912204], [630224.1317822158, 5219219.425674121], [630224.1667449931, 5219219.182839773], [630224.1777374864, 5219218.937747786], [630224.1646538324, 5219218.692758532], [630224.1276200337, 5219218.450231391], [630224.066992746, 5219218.212502031], [630223.9833558431, 5219217.981859916], [630223.8775147944, 5219217.760526256], [630223.7504889067, 5219217.550632616], [630223.6035015092, 5219217.354200384], [630223.3261834589, 5219217.019212376], [630223.3667733541, 5219216.913296486], [630223.4316899965, 5219216.676702433], [630223.473103775, 5219216.434884701], [630223.4906158522, 5219216.190172127], [630223.4840575773, 5219215.944921427], [630223.45349211, 5219215.701494501], [630223.3992138127, 5219215.462235681], [630223.3217454148, 5219215.22944916], [630223.2218329794, 5219215.005376802], [630223.1004387179, 5219214.792176545], [630222.9587317233, 5219214.591901623], [630221.2312509685, 5219212.388311315], [630221.0705959569, 5219212.202890486], [630220.8925401234, 5219212.034109455], [630220.6987982434, 5219211.883593673], [630220.4912361571, 5219211.752792691], [630220.4433209599, 5219211.728805646], [630219.2045157352, 5219210.198774233], [630219.0409635468, 5219210.015903792], [630218.8602744692, 5219209.849944839], [630218.664188637, 5219209.702495651], [630218.4545944639, 5219209.574976244], [630218.2740973331, 5219209.488140684], [630217.2827549984, 5219208.239190866], [630217.1209826319, 5219208.054744077], [630216.9419102967, 5219207.887041914], [630216.7472625573, 5219207.737699442], [630216.5389139779, 5219207.608154909], [630216.3188710691, 5219207.4996559], [630216.0892529646, 5219207.41324732], [630215.852271012, 5219207.349761331], [630215.6102074774, 5219207.309809338], [630215.3653935646, 5219207.2937761005], [630215.1201869656, 5219207.301816027], [630214.876949154, 5219207.333851688], [630214.6380226428, 5219207.389574563], [630214.4057084251, 5219207.468448011], [630214.1822438135, 5219207.569712438], [630213.9697808947, 5219207.69239261], [630213.7703658025, 5219207.835307051], [630213.5708477319, 5219207.99367267], [630213.3789690492, 5219207.752640464], [630213.2169334932, 5219207.568424843], [630213.0376218944, 5219207.400978532], [630212.8427611213, 5219207.2519141305], [630212.6342277898, 5219207.122667211], [630212.4140301899, 5219207.014482491], [630212.1842889447, 5219206.928401849], [630211.9472165881, 5219206.8652542895], [630211.7050962563, 5219206.825647957], [630211.4602597008, 5219206.809964282], [630211.2150648312, 5219206.818354308], [630210.9718730082, 5219206.850737233], [630210.7330263021, 5219206.906801192], [630210.500824937, 5219206.986006259], [630210.2775051392, 5219207.087589646], [630210.0652176004, 5219207.210573049], [630209.8660067655, 5219207.353772071], [630209.1484731331, 5219207.924979592], [630208.9037642195, 5219207.628641456], [630208.7384535056, 5219207.447359123], [630208.5561700321, 5219207.283152997], [630208.3586692885, 5219207.137604473], [630208.1478533148, 5219207.012115262], [630207.9257523842, 5219206.907893897], [630207.69450545, 5219206.825944083], [630207.4563395466, 5219206.767055043], [630207.2135483418, 5219206.73179391], [630206.9684700477, 5219206.72050027], [630206.7234649021, 5219206.733282885], [630206.4808924388, 5219206.770018652], [630206.2430887629, 5219206.830353784], [630206.0123440538, 5219206.913707224], [630205.7908805095, 5219207.019276231], [630205.5808309447, 5219207.1460441165], [630205.3842182514, 5219207.292790038], [630205.034608946, 5219207.581489004], [630204.9825433907, 5219207.5187366195], [630204.8168111604, 5219207.337839564], [630204.6341459643, 5219207.1740581775], [630204.4363069677, 5219207.028969763], [630204.2251994686, 5219206.903971601], [630204.0028565474, 5219206.800267494], [630203.771419488, 5219206.718856167], [630203.5331171559, 5219206.660521656], [630203.2902445327, 5219206.625825756], [630203.0451406147, 5219206.615102605], [630202.8001658865, 5219206.628455475], [630202.5576795887, 5219206.665755769], [630202.3200169968, 5219206.726644265], [630202.0894669316, 5219206.810534575], [630201.8682497162, 5219206.916618788], [630201.6584957934, 5219207.043875255], [630201.462225208, 5219207.191078427], [630201.3868995234, 5219207.25357603], [630201.2269618342, 5219207.111332492], [630201.0285390562, 5219206.967043485], [630200.8169289422, 5219206.842898101], [630200.5941694132, 5219206.740091929], [630200.3624057653, 5219206.65961505], [630200.1238700092, 5219206.602242499], [630199.8808593745, 5219206.568526804], [630199.6357141866, 5219206.558792668], [630199.3907953275, 5219206.573133835], [630199.1484614997, 5219206.611412191], [630198.9110465106, 5219206.673259095], [630198.6808367962, 5219206.758078927], [630198.460049402, 5219206.865054827], [630198.2508106312, 5219206.993156558], [630198.0551355676, 5219207.14115043], [630188.1601355675, 5219215.41865043], [630187.9799086689, 5219215.58511118], [630187.8168656189, 5219215.768435703], [630187.6725766112, 5219215.966858481], [630187.5484312277, 5219216.178468595], [630187.4456250564, 5219216.401228124], [630187.3651481769, 5219216.632991772], [630187.3077756256, 5219216.871527527], [630187.2740599315, 5219217.114538163], [630187.2643257952, 5219217.359683351], [630187.2786669617, 5219217.604602209], [630187.3169453177, 5219217.846936037], [630187.3787922218, 5219218.084351026], [630187.4636120544, 5219218.314560741], [630187.5705879543, 5219218.535348135], [630187.6443168476, 5219218.655775415], [630182.8922252081, 5219222.598578427], [630182.7113281531, 5219222.764310657], [630182.5475467663, 5219222.946975852], [630182.4024583518, 5219223.144814849], [630182.3829347438, 5219223.1777879745], [630180.8361315717, 5219224.325466231], [630180.6465143076, 5219224.481146063], [630180.4730693945, 5219224.654661994], [630180.3174672015, 5219224.844342974], [630180.1812062628, 5219225.048362271], [630180.0655988458, 5219225.264755066], [630179.971758313, 5219225.491437378], [630179.9005884001, 5219225.726226135], [630179.8527745124, 5219225.96686019], [630179.8287771235, 5219226.211022108], [630179.8288273414, 5219226.456360474], [630179.8529246828, 5219226.700512547], [630179.9008370768, 5219226.941127009], [630179.972103101, 5219227.1758866105], [630180.0660364245, 5219227.402530488], [630180.1817324182, 5219227.618875938], [630180.3180768667, 5219227.822839434], [630181.9099321045, 5219229.968289795], [630168.2226561451, 5219241.149699634], [630168.0405021261, 5219241.314049353], [630167.8753343178, 5219241.495461898], [630167.7287433766, 5219241.692190169], [630167.6021410533, 5219241.902339565], [630167.4967465977, 5219242.12388623], [630167.4135750157, 5219242.354696552], [630167.3534272955, 5219242.5925477], [630167.3168826923, 5219242.835149037], [630167.3042931505, 5219243.080164179], [630167.3157799145, 5219243.325233498], [630167.3512323603, 5219243.567996841], [630167.4103090616, 5219243.806116264], [630167.4924410775, 5219244.037298549], [630167.5968374315, 5219244.259317282], [630167.6860576685, 5219244.40893471], [630167.1626873113, 5219244.827913516], [630166.9789146613, 5219244.990451296], [630166.8119584153, 5219245.170219281], [630166.663426453, 5219245.365486207], [630166.5347492186, 5219245.574371549], [630166.4271659441, 5219245.794863625], [630166.3417127152, 5219246.0248389775], [630166.2792124932, 5219246.262082815], [630166.2402671896, 5219246.504310353], [630166.2252518687, 5219246.749188806], [630166.2343111364, 5219246.994359861], [630166.267357747, 5219247.237462387], [630166.3240734435, 5219247.476155174], [630166.4039120228, 5219247.708139479], [630166.5061045957, 5219247.931181167], [630166.6296669919, 5219248.143132225], [630166.7734092377, 5219248.341951448], [630166.8147642835, 5219248.393610397], [630166.6969954855, 5219248.544543872], [630166.56575783, 5219248.751830134], [630166.4554697265, 5219248.970981795], [630166.3671933094, 5219249.199888307], [630166.301778729, 5219249.436345172], [630166.2598559634, 5219249.678075183], [630166.2418287519, 5219249.922750347], [630166.2478707063, 5219250.16801431], [630166.2779236392, 5219250.411505044], [630166.3316981244, 5219250.650877602], [630166.4086762845, 5219250.883826694], [630166.5081167775, 5219251.108108894], [630166.6290619371, 5219251.32156424], [630166.7703469954, 5219251.522137042], [630167.041614568, 5219251.8696728125], [630166.1375257351, 5219252.600576472], [630164.6274554228, 5219250.7204641765], [630164.4646224376, 5219250.536953044], [630164.2845863013, 5219250.3702859925], [630164.0890808603, 5219250.222068115], [630163.8799889389, 5219250.0937268315], [630163.6593242068, 5219249.986498139], [630163.4292117857, 5219249.901414707], [630163.1918677842, 5219249.839295938], [630162.9495779548, 5219249.800740067], [630162.704675681, 5219249.78611841], [630162.4595195055, 5219249.79557178], [630162.2164704163, 5219249.829009136], [630161.9778691089, 5219249.88610846], [630161.7460134446, 5219249.9663198525], [630161.52313632, 5219250.068870835], [630161.3113841636, 5219250.1927737845], [630161.1127962644, 5219250.336835448], [630158.5977962643, 5219252.356835448], [630158.4142851327, 5219252.519668434], [630158.2476180808, 5219252.69970457], [630158.0994002036, 5219252.895210011], [630157.9710589201, 5219253.104301932], [630157.8638302273, 5219253.324966664], [630157.7787467958, 5219253.555079086], [630157.716628026, 5219253.792423087], [630157.6780721551, 5219254.034712916], [630157.6634504976, 5219254.27961519], [630157.6729038679, 5219254.524771365], [630157.7063412248, 5219254.767820454], [630157.7634405484, 5219255.006421762], [630157.843651941, 5219255.238277426], [630157.946202923, 5219255.461154551], [630158.0701058723, 5219255.672906707], [630158.2141675362, 5219255.871494606], [630159.7406697626, 5219257.772065448], [630149.9331755526, 5219265.700858656], [630161.8189216821, 5219279.8753842255], [630161.8398451619, 5219279.860464404], [630162.525166451, 5219279.31915502], [630162.6365100902, 5219279.457626876]]], [[[630143.4732468477, 5219274.133088039], [630143.3273634029, 5219274.3303415235], [630143.2015166493, 5219274.540944257], [630143.0969185599, 5219274.762868019], [630143.0145764714, 5219274.993975563], [630142.9552833831, 5219275.232041198], [630142.91961032, 5219275.47477222], [630142.9079008332, 5219275.719830997], [630142.9202676913, 5219275.9648574805], [630142.9565917947, 5219276.20749193], [630143.0165233226, 5219276.445397643], [630143.0994851014, 5219276.676283459], [630143.2046781641, 5219276.89792582], [630143.3310894438, 5219277.108190189], [630143.4775015307, 5219277.305051606], [630145.2567043623, 5219279.467096306], [630145.4217072283, 5219279.6486588875], [630145.6037118053, 5219279.813174086], [630145.8009652898, 5219279.95905753], [630146.0115680229, 5219280.084904284], [630146.2334917852, 5219280.189502373], [630146.4645993296, 5219280.2718444625], [630146.702664964, 5219280.33113755], [630146.9453959863, 5219280.366810613], [630147.190454764, 5219280.3785201], [630147.435481247, 5219280.366153242], [630147.6781156966, 5219280.329829139], [630147.9160214103, 5219280.269897611], [630148.1469072258, 5219280.186935832], [630148.3685495867, 5219280.08174277], [630148.578813956, 5219279.955331489], [630148.7756753726, 5219279.808919403], [630149.5022542019, 5219279.210998781], [630149.7019841353, 5219279.458823445], [630149.8651234134, 5219279.64206234], [630150.0454376835, 5219279.808428444], [630150.2411904209, 5219279.95631956], [630150.4504964197, 5219280.084311417], [630150.6713399487, 5219280.1911713835], [630150.901594164, 5219280.275870338], [630151.1390415917, 5219280.337592584], [630151.3813954832, 5219280.375743703], [630151.6263218379, 5219280.389956279], [630151.8714618813, 5219280.380093436], [630152.1144547808, 5219280.346250159], [630152.3529603819, 5219280.288752378], [630152.5846817453, 5219280.208153827], [630152.8073872675, 5219280.105230715], [630153.0189321726, 5219279.980974249], [630153.2172791676, 5219279.836581083], [630153.8866667124, 5219279.2970999535], [630154.0133511462, 5219279.455339384], [630154.1758942126, 5219279.639107358], [630154.3556670008, 5219279.806058432], [630154.5509382007, 5219279.954584777], [630154.759827244, 5219280.0832560025], [630154.980322415, 5219280.190832933], [630155.2103002246, 5219280.276279546], [630155.4475458609, 5219280.338772943], [630155.6897745187, 5219280.377711278], [630155.9346534035, 5219280.392719555], [630156.1798241979, 5219280.383653234], [630156.422925773, 5219280.35059963], [630156.6616169278, 5219280.293877066], [630156.8935989361, 5219280.214031814], [630157.1166376843, 5219280.111832825], [630157.3285851872, 5219279.988264331], [630157.5274002744, 5219279.844516365], [630157.7371253772, 5219279.676613171], [630147.5998325127, 5219267.587231877], [630145.3456089452, 5219269.40964157], [630145.1626181857, 5219269.5730591295], [630144.9965262986, 5219269.753626019], [630144.8489328395, 5219269.949603281], [630144.7212592141, 5219270.159103548], [630144.6147349891, 5219270.380109218], [630144.5303860513, 5219270.610491886], [630144.4690247268, 5219270.848032839], [630144.4312419588, 5219271.090444429], [630144.4174016159, 5219271.3353921], [630144.4276369883, 5219271.580516871], [630144.4618495038, 5219271.823458059], [630144.5197096772, 5219272.061876005], [630144.6006602832, 5219272.293474615], [630144.7039217233, 5219272.516023466], [630144.8284995335, 5219272.727379294], [630144.9326069538, 5219272.869931607], [630143.8193246274, 5219273.786080596], [630143.6377620462, 5219273.951083462], [630143.4732468477, 5219274.133088039]]], [[[630166.2692644629, 5219291.474301612], [630166.2500450457, 5219291.718886016], [630166.2548916393, 5219291.96417651], [630166.283757568, 5219292.207810816], [630166.3363648374, 5219292.4474426005], [630166.4122068104, 5219292.680764077], [630166.5105530877, 5219292.905528234], [630166.6304565407, 5219293.1195704695], [630166.7707624336, 5219293.32082944], [630166.9152483986, 5219293.507809956], [630166.8459077422, 5219293.580627186], [630166.6949498694, 5219293.7740248], [630166.5636751814, 5219293.981287612], [630166.4533479247, 5219294.200419565], [630166.3650306114, 5219294.4293103], [630166.2995737855, 5219294.665755475], [630166.2576078319, 5219294.907477992], [630166.2395369057, 5219295.152149932], [630166.2455350398, 5219295.39741497], [630166.275544469, 5219295.640911071], [630166.329276186, 5219295.880293231], [630166.406212725, 5219296.113256074], [630166.505613145, 5219296.337556035], [630166.6265201657, 5219296.551032987], [630166.7677693862, 5219296.751631029], [630166.93236006, 5219296.962574863], [630166.8494193896, 5219297.049609549], [630166.6983900538, 5219297.242951361], [630166.5670387769, 5219297.450165643], [630166.4566305438, 5219297.669256809], [630166.3682286459, 5219297.898114889], [630166.3026844419, 5219298.134535857], [630166.2606291585, 5219298.376242848], [630166.2424678106, 5219298.620908094], [630166.2483753024, 5219298.866175331], [630166.2782947412, 5219299.109682505], [630166.3319379867, 5219299.349084508], [630166.4087884248, 5219299.582075767], [630166.508105944, 5219299.806412449], [630166.6289340623, 5219300.019934069], [630166.7701091388, 5219300.2205842985], [630166.9094902298, 5219300.399355038], [630166.8514223037, 5219300.4600890875], [630166.7000754516, 5219300.653182451], [630166.5683838354, 5219300.860180602], [630166.457615717, 5219301.079090037], [630166.3688378542, 5219301.307802537], [630166.3029052264, 5219301.544115476], [630166.2604528005, 5219301.785753031], [630166.241889417, 5219302.030388102], [630166.2473938512, 5219302.275664716], [630166.2769130924, 5219302.519220728], [630166.3301628543, 5219302.75871056], [630166.4066303123, 5219302.991827793], [630166.5055790433, 5219303.216327382], [630166.6260561168, 5219303.430047272], [630166.7669012725, 5219303.630929224], [630166.9008990695, 5219303.803379005], [630166.8518943596, 5219303.8546160525], [630166.7005142751, 5219304.047683364], [630166.5687870329, 5219304.254658845], [630166.4579812381, 5219304.473549212], [630166.3691640114, 5219304.7022464285], [630166.3031907111, 5219304.938548016], [630166.260696696, 5219305.180178261], [630166.242091207, 5219305.424810132], [630166.2475534248, 5219305.67008769], [630166.2770307455, 5219305.91364878], [630166.3302392863, 5219306.153147773], [630166.4066666199, 5219306.386278165], [630166.5055767093, 5219306.610794781], [630166.6260169961, 5219306.824535403], [630166.7668275747, 5219307.025441594], [630166.9986719076, 5219307.323921955], [630166.8536358606, 5219307.475372342], [630166.702133264, 5219307.668343532], [630166.5702746781, 5219307.875235363], [630166.4593299729, 5219308.0940553555], [630166.3703676066, 5219308.322696152], [630166.3042443356, 5219308.558955818], [630166.261596963, 5219308.800559043], [630166.2428362063, 5219309.045179055], [630166.248142742, 5219309.2904600315], [630166.277465465, 5219309.534039781], [630166.3305219817, 5219309.773572499], [630166.4068013286, 5219310.006751353], [630166.5055688942, 5219310.231330703], [630166.6258734926, 5219310.445147728], [630166.7665565248, 5219310.646143253], [630168.482768607, 5219312.858521179], [630168.6424752185, 5219313.044759507], [630168.8196673475, 5219313.2144470615], [630169.0126385366, 5219313.365949658], [630169.219530368, 5219313.497808244], [630169.4383503601, 5219313.608752949], [630169.666991157, 5219313.697715315], [630169.9032508227, 5219313.763838586], [630170.1448540475, 5219313.806485959], [630170.38947406, 5219313.825246716], [630170.6347550362, 5219313.81994018], [630170.878334786, 5219313.790617457], [630171.1178675033, 5219313.73756094], [630171.351046357, 5219313.661281593], [630171.5756257073, 5219313.562514028], [630171.7894427323, 5219313.442209429], [630171.9904382575, 5219313.3015263975], [630179.2633726646, 5219307.6596793365], [630166.4589725191, 5219290.79206597], [630166.3789309685, 5219290.99664352], [630166.312364797, 5219291.232778781], [630166.2692644629, 5219291.474301612]]]]}}]}