{"type":"FeatureCollection","features":[{"type":"Feature","properties":{"vineyard_id":"T005_004","row_id":"T005_004-R02","row_structure":"regular","tile":"siret3_r005_c004.tif","length_m":5.95},"geometry":{"type":"LineString","coordinates":[[629245.74,5220961.11],[629247.98,5220955.59]]}},{"type":"Feature","properties":{"vineyard_id":"T005_004","row_id":"T005_004-R03","row_structure":"regular","tile":"siret3_r005_c004.tif","length_m":13.9},"geometry":{"type":"LineString","coordinates":[[629242.62,5220961.99],[629247.99,5220949.17]]}},{"type":"Feature","properties":{"vineyard_id":"T005_004","row_id":"T005_004-R04","row_structure":"regular","tile":"siret3_r005_c004.tif","length_m":16.8},"geometry":{"type":"LineString","coordinates":[[629241.7,5220958.16],[629247.98,5220942.57]]}},{"type":"Feature","properties":{"vineyard_id":"T005_004","row_id":"T005_004-R05","row_structure":"regular","tile":"siret3_r005_c004.tif","length_m":19.4},"geometry":{"type":"LineString","coordinates":[[629240.58,5220953.88],[629247.99,5220935.95]]}},{"type":"Feature","properties":{"vineyard_id":"T005_004","row_id":"T005_004-R06","row_structure":"regular","tile":"siret3_r005_c004.tif","length_m":25.5},"geometry":{"type":"LineString","coordinates":[[629238.23,5220952.7],[629247.97,5220929.13]]}},{"type":"Feature","properties":{"vineyard_id":"T005_004","row_id":"T005_004-R07","row_structure":"regular","tile":"siret3_r005_c004.tif","length_m":31.22},"geometry":{"type":"LineString","coordinates":[[629235.96,5220951.58],[629247.98,5220922.76]]}},{"type":"Feature","properties":{"vineyard_id":"T005_004","row_id":"T005_004-R08","row_structure":"disrupted","tile":"siret3_r005_c004.tif","length_m":36.53},"geometry":{"type":"LineString","coordinates":[[629234.01,5220950.48],[629247.98,5220916.73]]}},{"type":"Feature","properties":{"vineyard_id":"T005_004","row_id":"T005_004-R09","row_structure":"regular","tile":"siret3_r005_c004.tif","length_m":32.88},"geometry":{"type":"LineString","coordinates":[[629233.44,5220945.66],[629245.88,5220915.22]]}},{"type":"Feature","properties":{"vineyard_id":"T005_004","row_id":"T005_004-R10","row_structure":"regular","tile":"siret3_r005_c004.tif","length_m":31.0},"geometry":{"type":"LineString","coordinates":[[629231.24,5220943.78],[629243.32,5220915.22]]}},{"type":"Feature","properties":{"vineyard_id":"T005_004","row_id":"T005_004-R11","row_structure":"regular","tile":"siret3_r005_c004.tif","length_m":29.98},"geometry":{"type":"LineString","coordinates":[[629228.77,5220942.76],[629240.63,5220915.23]]}},{"type":"Feature","properties":{"vineyard_id":"T005_004","row_id":"T005_004-R12","row_structure":"regular","tile":"siret3_r005_c004.tif","length_m":29.65},"geometry":{"type":"LineString","coordinates":[[629225.89,5220942.44],[629237.65,5220915.22]]}},{"type":"Feature","properties":{"vineyard_id":"T005_004","row_id":"T005_004-R13","row_structure":"regular","tile":"siret3_r005_c004.tif","length_m":27.65},"geometry":{"type":"LineString","coordinates":[[629223.82,5220940.58],[629234.86,5220915.24]]}},{"type":"Feature","properties":{"vineyard_id":"T005_004","row_id":"T005_004-R14","row_structure":"disrupted","tile":"siret3_r005_c004.tif","length_m":25.47},"geometry":{"type":"LineString","coordinates":[[629222.14,5220938.68],[629232.09,5220915.23]]}},{"type":"Feature","properties":{"vineyard_id":"T005_004","row_id":"T005_004-R15","row_structure":"disrupted","tile":"siret3_r005_c004.tif","length_m":21.73},"geometry":{"type":"LineString","coordinates":[[629220.79,5220935.21],[629229.32,5220915.23]]}},{"type":"Feature","properties":{"vineyard_id":"T005_004","row_id":"T005_004-R16","row_structure":"regular","tile":"siret3_r005_c004.tif","length_m":14.03},"geometry":{"type":"LineString","coordinates":[[629218.64,5220933.6],[629224.21,5220920.72]]}},{"type":"Feature","properties":{"vineyard_id":"T005_004","row_id":"T005_004-R17","row_structure":"disrupted","tile":"siret3_r005_c004.tif","length_m":18.25},"geometry":{"type":"LineString","coordinates":[[629216.76,5220932.09],[629223.72,5220915.22]]}},{"type":"Feature","properties":{"vineyard_id":"T005_004","row_id":"T005_004-R18","row_structure":"regular","tile":"siret3_r005_c004.tif","length_m":16.77},"geometry":{"type":"LineString","coordinates":[[629214.68,5220930.65],[629221.29,5220915.23]]}},{"type":"Feature","properties":{"vineyard_id":"T005_004","row_id":"T005_004-R19","row_structure":"regular","tile":"siret3_r005_c004.tif","length_m":15.5},"geometry":{"type":"LineString","coordinates":[[629212.03,5220929.45],[629218.21,5220915.23]]}},{"type":"Feature","properties":{"vineyard_id":"T005_004","row_id":"T005_004-R20","row_structure":"regular","tile":"siret3_r005_c004.tif","length_m":13.55},"geometry":{"type":"LineString","coordinates":[[629210.12,5220927.69],[629215.45,5220915.23]]}},{"type":"Feature","properties":{"vineyard_id":"T005_004","row_id":"T005_004-R21","row_structure":"regular","tile":"siret3_r005_c004.tif","length_m":17.3},"geometry":{"type":"LineString","coordinates":[[629205.89,5220931.06],[629212.84,5220915.22]]}},{"type":"Feature","properties":{"vineyard_id":"T005_004","row_id":"T005_004-R22","row_structure":"regular","tile":"siret3_r005_c004.tif","length_m":13.83},"geometry":{"type":"LineString","coordinates":[[629204.43,5220927.86],[629210.06,5220915.23]]}},{"type":"Feature","properties":{"vineyard_id":"T005_004","row_id":"T005_004-R23","row_structure":"regular","tile":"siret3_r005_c004.tif","length_m":19.3},"geometry":{"type":"LineString","coordinates":[[629199.45,5220933.0],[629206.93,5220915.22]]}},{"type":"Feature","properties":{"vineyard_id":"T005_004","row_id":"T005_004-R24","row_structure":"regular","tile":"siret3_r005_c004.tif","length_m":17.48},"geometry":{"type":"LineString","coordinates":[[629197.32,5220931.37],[629203.98,5220915.22]]}},{"type":"Feature","properties":{"vineyard_id":"T005_004","row_id":"T005_004-R25","row_structure":"regular","tile":"siret3_r005_c004.tif","length_m":12.3},"geometry":{"type":"LineString","coordinates":[[629196.8,5220926.54],[629201.64,5220915.23]]}},{"type":"Feature","properties":{"vineyard_id":"T005_004","row_id":"T005_004-R26","row_structure":"regular","tile":"siret3_r005_c004.tif","length_m":5.26},"geometry":{"type":"LineString","coordinates":[[629196.8,5220920.07],[629198.85,5220915.22]]}},{"type":"Feature","properties":{"vineyard_id":"T006_002","row_id":"T006_002-R01","row_structure":"regular","tile":"siret3_r006_c002.tif","length_m":2.48},"geometry":{"type":"LineString","coordinates":[[629144.66,5220886.33],[629145.58,5220884.03]]}},{"type":"Feature","properties":{"vineyard_id":"T006_002","row_id":"T006_002-R02","row_structure":"regular","tile":"siret3_r006_c002.tif","length_m":7.7},"geometry":{"type":"LineString","coordinates":[[629142.47,5220884.88],[629145.59,5220877.84]]}},{"type":"Feature","properties":{"vineyard_id":"T006_002","row_id":"T006_002-R03","row_structure":"regular","tile":"siret3_r006_c002.tif","length_m":6.03},"geometry":{"type":"LineString","coordinates":[[629140.25,5220883.48],[629142.62,5220877.94]]}},{"type":"Feature","properties":{"vineyard_id":"T006_002","row_id":"T006_002-R04","row_structure":"disrupted","tile":"siret3_r006_c002.tif","length_m":19.07},"geometry":{"type":"LineString","coordinates":[[629138.13,5220882.28],[629145.58,5220864.72]]}},{"type":"Feature","properties":{"vineyard_id":"T006_002","row_id":"T006_002-R05","row_structure":"regular","tile":"siret3_r006_c002.tif","length_m":18.15},"geometry":{"type":"LineString","coordinates":[[629136.02,5220880.67],[629143.21,5220864.01]]}},{"type":"Feature","properties":{"vineyard_id":"T006_002","row_id":"T006_002-R06","row_structure":"regular","tile":"siret3_r006_c002.tif","length_m":17.05},"geometry":{"type":"LineString","coordinates":[[629134.03,5220879.78],[629140.57,5220864.03]]}},{"type":"Feature","properties":{"vineyard_id":"T006_002","row_id":"T006_002-R07","row_structure":"regular","tile":"siret3_r006_c002.tif","length_m":15.6},"geometry":{"type":"LineString","coordinates":[[629131.56,5220878.37],[629137.65,5220864.01]]}},{"type":"Feature","properties":{"vineyard_id":"T006_002","row_id":"T006_002-R08","row_structure":"regular","tile":"siret3_r006_c002.tif","length_m":14.43},"geometry":{"type":"LineString","coordinates":[[629129.71,5220877.48],[629134.96,5220864.04]]}},{"type":"Feature","properties":{"vineyard_id":"T006_002","row_id":"T006_002-R09","row_structure":"regular","tile":"siret3_r006_c002.tif","length_m":13.18},"geometry":{"type":"LineString","coordinates":[[629127.44,5220876.3],[629132.22,5220864.02]]}},{"type":"Feature","properties":{"vineyard_id":"T006_002","row_id":"T006_002-R10","row_structure":"disrupted","tile":"siret3_r006_c002.tif","length_m":12.08},"geometry":{"type":"LineString","coordinates":[[629124.83,5220875.22],[629129.33,5220864.01]]}},{"type":"Feature","properties":{"vineyard_id":"T006_002","row_id":"T006_002-R11","row_structure":"regular","tile":"siret3_r006_c002.tif","length_m":12.0},"geometry":{"type":"LineString","coordinates":[[629122.2,5220875.19],[629126.62,5220864.03]]}},{"type":"Feature","properties":{"vineyard_id":"T006_002","row_id":"T006_002-R12","row_structure":"regular","tile":"siret3_r006_c002.tif","length_m":10.73},"geometry":{"type":"LineString","coordinates":[[629120.0,5220873.98],[629124.01,5220864.04]]}},{"type":"Feature","properties":{"vineyard_id":"T006_002","row_id":"T006_002-R13","row_structure":"regular","tile":"siret3_r006_c002.tif","length_m":8.25},"geometry":{"type":"LineString","coordinates":[[629117.96,5220871.65],[629121.08,5220864.01]]}},{"type":"Feature","properties":{"vineyard_id":"T006_002","row_id":"T006_002-R14","row_structure":"regular","tile":"siret3_r006_c002.tif","length_m":8.67},"geometry":{"type":"LineString","coordinates":[[629115.14,5220872.0],[629118.53,5220864.02]]}},{"type":"Feature","properties":{"vineyard_id":"T006_002","row_id":"T006_002-R15","row_structure":"regular","tile":"siret3_r006_c002.tif","length_m":9.35},"geometry":{"type":"LineString","coordinates":[[629112.0,5220872.52],[629115.89,5220864.01]]}},{"type":"Feature","properties":{"vineyard_id":"T006_002","row_id":"T006_002-R16","row_structure":"regular","tile":"siret3_r006_c002.tif","length_m":1.25},"geometry":{"type":"LineString","coordinates":[[629112.52,5220865.19],[629112.99,5220864.03]]}},{"type":"Feature","properties":{"vineyard_id":"T006_003","row_id":"T006_003-R01","row_structure":"regular","tile":"siret3_r006_c003.tif","length_m":1.9},"geometry":{"type":"LineString","coordinates":[[629196.05,5220915.2],[629196.78,5220913.45]]}},{"type":"Feature","properties":{"vineyard_id":"T006_003","row_id":"T006_003-R02","row_structure":"regular","tile":"siret3_r006_c003.tif","length_m":9.12},"geometry":{"type":"LineString","coordinates":[[629193.22,5220915.2],[629196.77,5220906.81]]}},{"type":"Feature","properties":{"vineyard_id":"T006_003","row_id":"T006_003-R03","row_structure":"regular","tile":"siret3_r006_c003.tif","length_m":15.6},"geometry":{"type":"LineString","coordinates":[[629190.6,5220915.19],[629196.78,5220900.87]]}},{"type":"Feature","properties":{"vineyard_id":"T006_003","row_id":"T006_003-R04","row_structure":"disrupted","tile":"siret3_r006_c003.tif","length_m":21.88},"geometry":{"type":"LineString","coordinates":[[629188.07,5220915.19],[629196.78,5220895.12]]}},{"type":"Feature","properties":{"vineyard_id":"T006_003","row_id":"T006_003-R05","row_structure":"disrupted","tile":"siret3_r006_c003.tif","length_m":30.03},"geometry":{"type":"LineString","coordinates":[[629185.33,5220915.2],[629196.79,5220887.45]]}},{"type":"Feature","properties":{"vineyard_id":"T006_003","row_id":"T006_003-R06","row_structure":"regular","tile":"siret3_r006_c003.tif","length_m":36.87},"geometry":{"type":"LineString","coordinates":[[629182.54,5220915.19],[629196.79,5220881.19]]}},{"type":"Feature","properties":{"vineyard_id":"T006_003","row_id":"T006_003-R07","row_structure":"regular","tile":"siret3_r006_c003.tif","length_m":42.28},"geometry":{"type":"LineString","coordinates":[[629180.37,5220913.96],[629196.78,5220875.0]]}},{"type":"Feature","properties":{"vineyard_id":"T006_003","row_id":"T006_003-R08","row_structure":"regular","tile":"siret3_r006_c003.tif","length_m":49.17},"geometry":{"type":"LineString","coordinates":[[629177.6,5220913.88],[629196.78,5220868.6]]}},{"type":"Feature","properties":{"vineyard_id":"T006_003","row_id":"T006_003-R09","row_structure":"regular","tile":"siret3_r006_c003.tif","length_m":54.22},"geometry":{"type":"LineString","coordinates":[[629174.9,5220913.99],[629195.95,5220864.02]]}},{"type":"Feature","properties":{"vineyard_id":"T006_003","row_id":"T006_003-R10","row_structure":"regular","tile":"siret3_r006_c003.tif","length_m":53.13},"geometry":{"type":"LineString","coordinates":[[629172.5,5220913.0],[629193.05,5220864.02]]}},{"type":"Feature","properties":{"vineyard_id":"T006_003","row_id":"T006_003-R11","row_structure":"regular","tile":"siret3_r006_c003.tif","length_m":50.7},"geometry":{"type":"LineString","coordinates":[[629170.7,5220910.84],[629190.16,5220864.03]]}},{"type":"Feature","properties":{"vineyard_id":"T006_003","row_id":"T006_003-R12","row_structure":"regular","tile":"siret3_r006_c003.tif","length_m":48.35},"geometry":{"type":"LineString","coordinates":[[629168.81,5220908.61],[629187.5,5220864.02]]}},{"type":"Feature","properties":{"vineyard_id":"T006_003","row_id":"T006_003-R13","row_structure":"regular","tile":"siret3_r006_c003.tif","length_m":45.95},"geometry":{"type":"LineString","coordinates":[[629166.93,5220906.38],[629184.76,5220864.03]]}},{"type":"Feature","properties":{"vineyard_id":"T006_003","row_id":"T006_003-R14","row_structure":"regular","tile":"siret3_r006_c003.tif","length_m":43.77},"geometry":{"type":"LineString","coordinates":[[629164.94,5220904.41],[629181.88,5220864.04]]}},{"type":"Feature","properties":{"vineyard_id":"T006_003","row_id":"T006_003-R15","row_structure":"regular","tile":"siret3_r006_c003.tif","length_m":41.42},"geometry":{"type":"LineString","coordinates":[[629163.05,5220902.23],[629179.08,5220864.03]]}},{"type":"Feature","properties":{"vineyard_id":"T006_003","row_id":"T006_003-R16","row_structure":"regular","tile":"siret3_r006_c003.tif","length_m":37.7},"geometry":{"type":"LineString","coordinates":[[629161.75,5220898.75],[629176.39,5220864.01]]}},{"type":"Feature","properties":{"vineyard_id":"T006_003","row_id":"T006_003-R17","row_structure":"regular","tile":"siret3_r006_c003.tif","length_m":35.73},"geometry":{"type":"LineString","coordinates":[[629159.74,5220896.99],[629173.51,5220864.02]]}},{"type":"Feature","properties":{"vineyard_id":"T006_003","row_id":"T006_003-R18","row_structure":"disrupted","tile":"siret3_r006_c003.tif","length_m":34.0},"geometry":{"type":"LineString","coordinates":[[629157.57,5220895.32],[629170.87,5220864.03]]}},{"type":"Feature","properties":{"vineyard_id":"T006_003","row_id":"T006_003-R19","row_structure":"regular","tile":"siret3_r006_c003.tif","length_m":32.25},"geometry":{"type":"LineString","coordinates":[[629155.33,5220893.78],[629167.78,5220864.03]]}},{"type":"Feature","properties":{"vineyard_id":"T006_003","row_id":"T006_003-R20","row_structure":"regular","tile":"siret3_r006_c003.tif","length_m":30.77},"geometry":{"type":"LineString","coordinates":[[629153.44,5220892.38],[629165.38,5220864.02]]}},{"type":"Feature","properties":{"vineyard_id":"T006_003","row_id":"T006_003-R21","row_structure":"regular","tile":"siret3_r006_c003.tif","length_m":28.55},"geometry":{"type":"LineString","coordinates":[[629151.53,5220890.28],[629162.74,5220864.03]]}},{"type":"Feature","properties":{"vineyard_id":"T006_003","row_id":"T006_003-R22","row_structure":"disrupted","tile":"siret3_r006_c003.tif","length_m":27.45},"geometry":{"type":"LineString","coordinates":[[629148.87,5220889.22],[629159.78,5220864.03]]}},{"type":"Feature","properties":{"vineyard_id":"T006_003","row_id":"T006_003-R23","row_structure":"regular","tile":"siret3_r006_c003.tif","length_m":25.8},"geometry":{"type":"LineString","coordinates":[[629146.79,5220887.67],[629157.13,5220864.03]]}},{"type":"Feature","properties":{"vineyard_id":"T006_003","row_id":"T006_003-R24","row_structure":"regular","tile":"siret3_r006_c003.tif","length_m":22.08},"geometry":{"type":"LineString","coordinates":[[629145.6,5220884.3],[629154.37,5220864.03]]}},{"type":"Feature","properties":{"vineyard_id":"T006_003","row_id":"T006_003-R25","row_structure":"disrupted","tile":"siret3_r006_c003.tif","length_m":15.09},"geometry":{"type":"LineString","coordinates":[[629145.6,5220877.85],[629151.67,5220864.03]]}},{"type":"Feature","properties":{"vineyard_id":"T006_004","row_id":"T006_004-R01","row_structure":"regular","tile":"siret3_r006_c004.tif","length_m":5.35},"geometry":{"type":"LineString","coordinates":[[629245.87,5220915.2],[629247.99,5220910.28]]}},{"type":"Feature","properties":{"vineyard_id":"T006_004","row_id":"T006_004-R02","row_structure":"regular","tile":"siret3_r006_c004.tif","length_m":12.02},"geometry":{"type":"LineString","coordinates":[[629243.34,5220915.19],[629247.98,5220904.09]]}},{"type":"Feature","properties":{"vineyard_id":"T006_004","row_id":"T006_004-R03","row_structure":"regular","tile":"siret3_r006_c004.tif","length_m":19.08},"geometry":{"type":"LineString","coordinates":[[629240.52,5220915.2],[629247.98,5220897.64]]}},{"type":"Feature","properties":{"vineyard_id":"T006_004","row_id":"T006_004-R04","row_structure":"regular","tile":"siret3_r006_c004.tif","length_m":26.63},"geometry":{"type":"LineString","coordinates":[[629237.49,5220915.2],[629247.99,5220890.73]]}},{"type":"Feature","properties":{"vineyard_id":"T006_004","row_id":"T006_004-R05","row_structure":"regular","tile":"siret3_r006_c004.tif","length_m":33.85},"geometry":{"type":"LineString","coordinates":[[629234.9,5220915.19],[629247.99,5220883.98]]}},{"type":"Feature","properties":{"vineyard_id":"T006_004","row_id":"T006_004-R06","row_structure":"disrupted","tile":"siret3_r006_c004.tif","length_m":41.12},"geometry":{"type":"LineString","coordinates":[[629232.14,5220915.2],[629247.98,5220877.25]]}},{"type":"Feature","properties":{"vineyard_id":"T006_004","row_id":"T006_004-R07","row_structure":"disrupted","tile":"siret3_r006_c004.tif","length_m":47.82},"geometry":{"type":"LineString","coordinates":[[629229.13,5220915.2],[629247.98,5220871.25]]}},{"type":"Feature","properties":{"vineyard_id":"T006_004","row_id":"T006_004-R08","row_structure":"disrupted","tile":"siret3_r006_c004.tif","length_m":55.5},"geometry":{"type":"LineString","coordinates":[[629226.46,5220915.2],[629247.95,5220864.03]]}},{"type":"Feature","properties":{"vineyard_id":"T006_004","row_id":"T006_004-R09","row_structure":"disrupted","tile":"siret3_r006_c004.tif","length_m":55.55},"geometry":{"type":"LineString","coordinates":[[629223.76,5220915.2],[629245.35,5220864.02]]}},{"type":"Feature","properties":{"vineyard_id":"T006_004","row_id":"T006_004-R10","row_structure":"regular","tile":"siret3_r006_c004.tif","length_m":55.45},"geometry":{"type":"LineString","coordinates":[[629221.16,5220915.19],[629242.54,5220864.03]]}},{"type":"Feature","properties":{"vineyard_id":"T006_004","row_id":"T006_004-R11","row_structure":"regular","tile":"siret3_r006_c004.tif","length_m":55.48},"geometry":{"type":"LineString","coordinates":[[629218.19,5220915.2],[629239.64,5220864.03]]}},{"type":"Feature","properties":{"vineyard_id":"T006_004","row_id":"T006_004-R12","row_structure":"regular","tile":"siret3_r006_c004.tif","length_m":55.45},"geometry":{"type":"LineString","coordinates":[[629215.55,5220915.19],[629236.89,5220864.02]]}},{"type":"Feature","properties":{"vineyard_id":"T006_004","row_id":"T006_004-R13","row_structure":"regular","tile":"siret3_r006_c004.tif","length_m":55.5},"geometry":{"type":"LineString","coordinates":[[629212.69,5220915.19],[629234.19,5220864.02]]}},{"type":"Feature","properties":{"vineyard_id":"T006_004","row_id":"T006_004-R14","row_structure":"regular","tile":"siret3_r006_c004.tif","length_m":55.47},"geometry":{"type":"LineString","coordinates":[[629209.95,5220915.2],[629231.39,5220864.04]]}},{"type":"Feature","properties":{"vineyard_id":"T006_004","row_id":"T006_004-R15","row_structure":"regular","tile":"siret3_r006_c004.tif","length_m":55.6},"geometry":{"type":"LineString","coordinates":[[629206.98,5220915.2],[629228.73,5220864.03]]}},{"type":"Feature","properties":{"vineyard_id":"T006_004","row_id":"T006_004-R16","row_structure":"regular","tile":"siret3_r006_c004.tif","length_m":55.65},"geometry":{"type":"LineString","coordinates":[[629204.09,5220915.2],[629225.91,5220864.01]]}},{"type":"Feature","properties":{"vineyard_id":"T006_004","row_id":"T006_004-R17","row_structure":"regular","tile":"siret3_r006_c004.tif","length_m":55.47},"geometry":{"type":"LineString","coordinates":[[629201.69,5220915.2],[629223.12,5220864.03]]}},{"type":"Feature","properties":{"vineyard_id":"T006_004","row_id":"T006_004-R18","row_structure":"regular","tile":"siret3_r006_c004.tif","length_m":55.48},"geometry":{"type":"LineString","coordinates":[[629198.89,5220915.19],[629220.3,5220864.01]]}},{"type":"Feature","properties":{"vineyard_id":"T006_004","row_id":"T006_004-R19","row_structure":"regular","tile":"siret3_r006_c004.tif","length_m":53.68},"geometry":{"type":"LineString","coordinates":[[629196.8,5220913.42],[629217.82,5220864.03]]}},{"type":"Feature","properties":{"vineyard_id":"T006_004","row_id":"T006_004-R20","row_structure":"regular","tile":"siret3_r006_c004.tif","length_m":46.46},"geometry":{"type":"LineString","coordinates":[[629196.8,5220906.81],[629214.93,5220864.03]]}},{"type":"Feature","properties":{"vineyard_id":"T006_004","row_id":"T006_004-R21","row_structure":"regular","tile":"siret3_r006_c004.tif","length_m":39.92},"geometry":{"type":"LineString","coordinates":[[629196.8,5220900.77],[629212.4,5220864.03]]}},{"type":"Feature","properties":{"vineyard_id":"T006_004","row_id":"T006_004-R22","row_structure":"regular","tile":"siret3_r006_c004.tif","length_m":33.51},"geometry":{"type":"LineString","coordinates":[[629196.8,5220895.02],[629209.59,5220864.04]]}},{"type":"Feature","properties":{"vineyard_id":"T006_004","row_id":"T006_004-R23","row_structure":"disrupted","tile":"siret3_r006_c004.tif","length_m":25.62},"geometry":{"type":"LineString","coordinates":[[629196.81,5220887.68],[629206.64,5220864.02]]}},{"type":"Feature","properties":{"vineyard_id":"T006_004","row_id":"T006_004-R24","row_structure":"regular","tile":"siret3_r006_c004.tif","length_m":18.59},"geometry":{"type":"LineString","coordinates":[[629196.8,5220881.19],[629203.95,5220864.03]]}},{"type":"Feature","properties":{"vineyard_id":"T006_004","row_id":"T006_004-R25","row_structure":"regular","tile":"siret3_r006_c004.tif","length_m":11.97},"geometry":{"type":"LineString","coordinates":[[629196.81,5220875.1],[629201.35,5220864.02]]}},{"type":"Feature","properties":{"vineyard_id":"T006_004","row_id":"T006_004-R26","row_structure":"regular","tile":"siret3_r006_c004.tif","length_m":5.03},"geometry":{"type":"LineString","coordinates":[[629196.8,5220868.7],[629198.65,5220864.03]]}},{"type":"Feature","properties":{"vineyard_id":"T007_001","row_id":"T007_001-R01","row_structure":"regular","tile":"siret3_r007_c001.tif","length_m":4.6},"geometry":{"type":"LineString","coordinates":[[629089.46,5220816.49],[629086.7,5220812.82]]}},{"type":"Feature","properties":{"vineyard_id":"T007_001","row_id":"T007_001-R02","row_structure":"disrupted","tile":"siret3_r007_c001.tif","length_m":16.67},"geometry":{"type":"LineString","coordinates":[[629094.38,5220826.09],[629084.27,5220812.83]]}},{"type":"Feature","properties":{"vineyard_id":"T007_001","row_id":"T007_001-R03","row_structure":"regular","tile":"siret3_r007_c001.tif","length_m":17.55},"geometry":{"type":"LineString","coordinates":[[629091.42,5220826.82],[629080.85,5220812.81]]}},{"type":"Feature","properties":{"vineyard_id":"T007_001","row_id":"T007_001-R04","row_structure":"regular","tile":"siret3_r007_c001.tif","length_m":26.58},"geometry":{"type":"LineString","coordinates":[[629089.93,5220833.99],[629073.85,5220812.83]]}},{"type":"Feature","properties":{"vineyard_id":"T007_001","row_id":"T007_001-R05","row_structure":"disrupted","tile":"siret3_r007_c001.tif","length_m":38.3},"geometry":{"type":"LineString","coordinates":[[629094.37,5220843.38],[629071.27,5220812.83]]}},{"type":"Feature","properties":{"vineyard_id":"T007_001","row_id":"T007_001-R06","row_structure":"disrupted","tile":"siret3_r007_c001.tif","length_m":41.55},"geometry":{"type":"LineString","coordinates":[[629092.76,5220845.93],[629067.67,5220812.82]]}},{"type":"Feature","properties":{"vineyard_id":"T007_001","row_id":"T007_001-R07","row_structure":"disrupted","tile":"siret3_r007_c001.tif","length_m":25.9},"geometry":{"type":"LineString","coordinates":[[629080.1,5220833.41],[629064.37,5220812.83]]}},{"type":"Feature","properties":{"vineyard_id":"T007_001","row_id":"T007_001-R08","row_structure":"disrupted","tile":"siret3_r007_c001.tif","length_m":26.47},"geometry":{"type":"LineString","coordinates":[[629076.66,5220834.0],[629060.77,5220812.82]]}},{"type":"Feature","properties":{"vineyard_id":"T007_001","row_id":"T007_001-R09","row_structure":"disrupted","tile":"siret3_r007_c001.tif","length_m":30.8},"geometry":{"type":"LineString","coordinates":[[629074.29,5220837.47],[629055.83,5220812.82]]}},{"type":"Feature","properties":{"vineyard_id":"T007_001","row_id":"T007_001-R10","row_structure":"disrupted","tile":"siret3_r007_c001.tif","length_m":30.97},"geometry":{"type":"LineString","coordinates":[[629069.09,5220837.54],[629050.41,5220812.83]]}},{"type":"Feature","properties":{"vineyard_id":"T007_001","row_id":"T007_001-R11","row_structure":"regular","tile":"siret3_r007_c001.tif","length_m":2.6},"geometry":{"type":"LineString","coordinates":[[629060.6,5220831.83],[629059.02,5220829.75]]}},{"type":"Feature","properties":{"vineyard_id":"T007_001","row_id":"T007_001-R12","row_structure":"regular","tile":"siret3_r007_c001.tif","length_m":4.75},"geometry":{"type":"LineString","coordinates":[[629051.61,5220826.01],[629048.67,5220822.29]]}},{"type":"Feature","properties":{"vineyard_id":"T007_002","row_id":"T007_002-R01","row_structure":"regular","tile":"siret3_r007_c002.tif","length_m":6.65},"geometry":{"type":"LineString","coordinates":[[629143.11,5220864.0],[629145.59,5220857.83]]}},{"type":"Feature","properties":{"vineyard_id":"T007_002","row_id":"T007_002-R02","row_structure":"regular","tile":"siret3_r007_c002.tif","length_m":13.05},"geometry":{"type":"LineString","coordinates":[[629140.56,5220863.99],[629145.59,5220851.95]]}},{"type":"Feature","properties":{"vineyard_id":"T007_002","row_id":"T007_002-R03","row_structure":"disrupted","tile":"siret3_r007_c002.tif","length_m":19.8},"geometry":{"type":"LineString","coordinates":[[629137.99,5220864.0],[629145.59,5220845.71]]}},{"type":"Feature","properties":{"vineyard_id":"T007_002","row_id":"T007_002-R04","row_structure":"regular","tile":"siret3_r007_c002.tif","length_m":27.1},"geometry":{"type":"LineString","coordinates":[[629134.99,5220863.99],[629145.59,5220839.05]]}},{"type":"Feature","properties":{"vineyard_id":"T007_002","row_id":"T007_002-R05","row_structure":"regular","tile":"siret3_r007_c002.tif","length_m":34.09},"geometry":{"type":"LineString","coordinates":[[629132.26,5220864.0],[629145.59,5220832.63]]}},{"type":"Feature","properties":{"vineyard_id":"T007_002","row_id":"T007_002-R06","row_structure":"disrupted","tile":"siret3_r007_c002.tif","length_m":41.8},"geometry":{"type":"LineString","coordinates":[[629129.42,5220863.99],[629145.59,5220825.45]]}},{"type":"Feature","properties":{"vineyard_id":"T007_002","row_id":"T007_002-R07","row_structure":"disrupted","tile":"siret3_r007_c002.tif","length_m":49.11},"geometry":{"type":"LineString","coordinates":[[629126.76,5220864.0],[629145.59,5220818.64]]}},{"type":"Feature","properties":{"vineyard_id":"T007_002","row_id":"T007_002-R08","row_structure":"regular","tile":"siret3_r007_c002.tif","length_m":55.35},"geometry":{"type":"LineString","coordinates":[[629124.07,5220864.0],[629145.17,5220812.83]]}},{"type":"Feature","properties":{"vineyard_id":"T007_002","row_id":"T007_002-R09","row_structure":"regular","tile":"siret3_r007_c002.tif","length_m":55.42},"geometry":{"type":"LineString","coordinates":[[629121.23,5220864.0],[629142.49,5220812.83]]}},{"type":"Feature","properties":{"vineyard_id":"T007_002","row_id":"T007_002-R10","row_structure":"regular","tile":"siret3_r007_c002.tif","length_m":55.45},"geometry":{"type":"LineString","coordinates":[[629118.41,5220863.99],[629139.81,5220812.84]]}},{"type":"Feature","properties":{"vineyard_id":"T007_002","row_id":"T007_002-R11","row_structure":"regular","tile":"siret3_r007_c002.tif","length_m":55.45},"geometry":{"type":"LineString","coordinates":[[629115.65,5220864.0],[629137.01,5220812.83]]}},{"type":"Feature","properties":{"vineyard_id":"T007_002","row_id":"T007_002-R12","row_structure":"regular","tile":"siret3_r007_c002.tif","length_m":55.45},"geometry":{"type":"LineString","coordinates":[[629112.89,5220863.99],[629134.26,5220812.82]]}},{"type":"Feature","properties":{"vineyard_id":"T007_002","row_id":"T007_002-R13","row_structure":"regular","tile":"siret3_r007_c002.tif","length_m":54.17},"geometry":{"type":"LineString","coordinates":[[629110.45,5220862.8],[629131.33,5220812.82]]}},{"type":"Feature","properties":{"vineyard_id":"T007_002","row_id":"T007_002-R14","row_structure":"regular","tile":"siret3_r007_c002.tif","length_m":51.23},"geometry":{"type":"LineString","coordinates":[[629108.96,5220860.1],[629128.69,5220812.82]]}},{"type":"Feature","properties":{"vineyard_id":"T007_002","row_id":"T007_002-R15","row_structure":"regular","tile":"siret3_r007_c002.tif","length_m":47.3},"geometry":{"type":"LineString","coordinates":[[629107.83,5220856.45],[629126.08,5220812.82]]}},{"type":"Feature","properties":{"vineyard_id":"T007_002","row_id":"T007_002-R16","row_structure":"regular","tile":"siret3_r007_c002.tif","length_m":45.78},"geometry":{"type":"LineString","coordinates":[[629105.71,5220855.08],[629123.3,5220812.82]]}},{"type":"Feature","properties":{"vineyard_id":"T007_002","row_id":"T007_002-R17","row_structure":"regular","tile":"siret3_r007_c002.tif","length_m":43.98},"geometry":{"type":"LineString","coordinates":[[629103.35,5220853.33],[629120.49,5220812.83]]}},{"type":"Feature","properties":{"vineyard_id":"T007_002","row_id":"T007_002-R18","row_structure":"regular","tile":"siret3_r007_c002.tif","length_m":42.2},"geometry":{"type":"LineString","coordinates":[[629101.04,5220851.71],[629117.4,5220812.81]]}},{"type":"Feature","properties":{"vineyard_id":"T007_002","row_id":"T007_002-R19","row_structure":"disrupted","tile":"siret3_r007_c002.tif","length_m":20.83},"geometry":{"type":"LineString","coordinates":[[629099.09,5220850.28],[629106.86,5220830.95]]}},{"type":"Feature","properties":{"vineyard_id":"T007_002","row_id":"T007_002-R20","row_structure":"regular","tile":"siret3_r007_c002.tif","length_m":38.25},"geometry":{"type":"LineString","coordinates":[[629095.87,5220848.12],[629110.63,5220812.83]]}},{"type":"Feature","properties":{"vineyard_id":"T007_002","row_id":"T007_002-R21","row_structure":"disrupted","tile":"siret3_r007_c002.tif","length_m":34.63},"geometry":{"type":"LineString","coordinates":[[629094.4,5220844.82],[629107.66,5220812.83]]}},{"type":"Feature","properties":{"vineyard_id":"T007_002","row_id":"T007_002-R22","row_structure":"regular","tile":"siret3_r007_c002.tif","length_m":21.15},"geometry":{"type":"LineString","coordinates":[[629096.83,5220832.21],[629105.32,5220812.83]]}},{"type":"Feature","properties":{"vineyard_id":"T007_002","row_id":"T007_002-R23","row_structure":"regular","tile":"siret3_r007_c002.tif","length_m":12.65},"geometry":{"type":"LineString","coordinates":[[629094.4,5220824.41],[629099.5,5220812.83]]}},{"type":"Feature","properties":{"vineyard_id":"T007_003","row_id":"T007_003-R01","row_structure":"regular","tile":"siret3_r007_c003.tif","length_m":3.25},"geometry":{"type":"LineString","coordinates":[[629195.54,5220863.99],[629196.78,5220860.99]]}},{"type":"Feature","properties":{"vineyard_id":"T007_003","row_id":"T007_003-R02","row_structure":"regular","tile":"siret3_r007_c003.tif","length_m":9.87},"geometry":{"type":"LineString","coordinates":[[629193.16,5220864.0],[629196.79,5220854.82]]}},{"type":"Feature","properties":{"vineyard_id":"T007_003","row_id":"T007_003-R03","row_structure":"regular","tile":"siret3_r007_c003.tif","length_m":16.83},"geometry":{"type":"LineString","coordinates":[[629190.38,5220863.99],[629196.78,5220848.42]]}},{"type":"Feature","properties":{"vineyard_id":"T007_003","row_id":"T007_003-R04","row_structure":"regular","tile":"siret3_r007_c003.tif","length_m":24.03},"geometry":{"type":"LineString","coordinates":[[629187.62,5220864.0],[629196.79,5220841.79]]}},{"type":"Feature","properties":{"vineyard_id":"T007_003","row_id":"T007_003-R05","row_structure":"disrupted","tile":"siret3_r007_c003.tif","length_m":31.37},"geometry":{"type":"LineString","coordinates":[[629184.75,5220864.0],[629196.79,5220835.03]]}},{"type":"Feature","properties":{"vineyard_id":"T007_003","row_id":"T007_003-R06","row_structure":"disrupted","tile":"siret3_r007_c003.tif","length_m":38.33},"geometry":{"type":"LineString","coordinates":[[629181.95,5220864.0],[629196.79,5220828.66]]}},{"type":"Feature","properties":{"vineyard_id":"T007_003","row_id":"T007_003-R07","row_structure":"disrupted","tile":"siret3_r007_c003.tif","length_m":45.57},"geometry":{"type":"LineString","coordinates":[[629179.04,5220864.0],[629196.79,5220822.03]]}},{"type":"Feature","properties":{"vineyard_id":"T007_003","row_id":"T007_003-R08","row_structure":"regular","tile":"siret3_r007_c003.tif","length_m":53.16},"geometry":{"type":"LineString","coordinates":[[629176.33,5220864.0],[629196.8,5220814.93]]}},{"type":"Feature","properties":{"vineyard_id":"T007_003","row_id":"T007_003-R09","row_structure":"regular","tile":"siret3_r007_c003.tif","length_m":55.45},"geometry":{"type":"LineString","coordinates":[[629173.54,5220863.99],[629194.91,5220812.83]]}},{"type":"Feature","properties":{"vineyard_id":"T007_003","row_id":"T007_003-R10","row_structure":"regular","tile":"siret3_r007_c003.tif","length_m":55.34},"geometry":{"type":"LineString","coordinates":[[629170.98,5220864.0],[629192.03,5220812.81]]}},{"type":"Feature","properties":{"vineyard_id":"T007_003","row_id":"T007_003-R11","row_structure":"regular","tile":"siret3_r007_c003.tif","length_m":51.37},"geometry":{"type":"LineString","coordinates":[[629169.52,5220860.2],[629189.39,5220812.83]]}},{"type":"Feature","properties":{"vineyard_id":"T007_003","row_id":"T007_003-R12","row_structure":"regular","tile":"siret3_r007_c003.tif","length_m":55.45},"geometry":{"type":"LineString","coordinates":[[629165.28,5220863.99],[629186.67,5220812.83]]}},{"type":"Feature","properties":{"vineyard_id":"T007_003","row_id":"T007_003-R13","row_structure":"regular","tile":"siret3_r007_c003.tif","length_m":55.4},"geometry":{"type":"LineString","coordinates":[[629162.62,5220863.99],[629183.83,5220812.81]]}},{"type":"Feature","properties":{"vineyard_id":"T007_003","row_id":"T007_003-R14","row_structure":"disrupted","tile":"siret3_r007_c003.tif","length_m":55.4},"geometry":{"type":"LineString","coordinates":[[629159.82,5220863.99],[629181.03,5220812.81]]}},{"type":"Feature","properties":{"vineyard_id":"T007_003","row_id":"T007_003-R15","row_structure":"regular","tile":"siret3_r007_c003.tif","length_m":55.32},"geometry":{"type":"LineString","coordinates":[[629157.13,5220864.0],[629178.13,5220812.83]]}},{"type":"Feature","properties":{"vineyard_id":"T007_003","row_id":"T007_003-R16","row_structure":"disrupted","tile":"siret3_r007_c003.tif","length_m":55.42},"geometry":{"type":"LineString","coordinates":[[629154.38,5220864.0],[629175.66,5220812.83]]}},{"type":"Feature","properties":{"vineyard_id":"T007_003","row_id":"T007_003-R17","row_structure":"disrupted","tile":"siret3_r007_c003.tif","length_m":55.47},"geometry":{"type":"LineString","coordinates":[[629151.47,5220864.0],[629172.88,5220812.83]]}},{"type":"Feature","properties":{"vineyard_id":"T007_003","row_id":"T007_003-R18","row_structure":"disrupted","tile":"siret3_r007_c003.tif","length_m":55.53},"geometry":{"type":"LineString","coordinates":[[629148.71,5220864.0],[629170.24,5220812.82]]}},{"type":"Feature","properties":{"vineyard_id":"T007_003","row_id":"T007_003-R19","row_structure":"regular","tile":"siret3_r007_c003.tif","length_m":55.45},"geometry":{"type":"LineString","coordinates":[[629146.18,5220864.0],[629167.52,5220812.82]]}},{"type":"Feature","properties":{"vineyard_id":"T007_003","row_id":"T007_003-R20","row_structure":"regular","tile":"siret3_r007_c003.tif","length_m":49.92},"geometry":{"type":"LineString","coordinates":[[629145.6,5220858.93],[629164.72,5220812.82]]}},{"type":"Feature","properties":{"vineyard_id":"T007_003","row_id":"T007_003-R21","row_structure":"regular","tile":"siret3_r007_c003.tif","length_m":42.57},"geometry":{"type":"LineString","coordinates":[[629145.6,5220852.17],[629161.85,5220812.82]]}},{"type":"Feature","properties":{"vineyard_id":"T007_003","row_id":"T007_003-R22","row_structure":"regular","tile":"siret3_r007_c003.tif","length_m":35.52},"geometry":{"type":"LineString","coordinates":[[629145.6,5220845.63],[629159.2,5220812.82]]}},{"type":"Feature","properties":{"vineyard_id":"T007_003","row_id":"T007_003-R23","row_structure":"disrupted","tile":"siret3_r007_c003.tif","length_m":28.55},"geometry":{"type":"LineString","coordinates":[[629145.6,5220839.28],[629156.33,5220812.82]]}},{"type":"Feature","properties":{"vineyard_id":"T007_003","row_id":"T007_003-R24","row_structure":"regular","tile":"siret3_r007_c003.tif","length_m":20.65},"geometry":{"type":"LineString","coordinates":[[629145.6,5220831.97],[629153.33,5220812.82]]}},{"type":"Feature","properties":{"vineyard_id":"T007_003","row_id":"T007_003-R25","row_structure":"regular","tile":"siret3_r007_c003.tif","length_m":13.62},"geometry":{"type":"LineString","coordinates":[[629145.6,5220825.49],[629150.62,5220812.83]]}},{"type":"Feature","properties":{"vineyard_id":"T007_003","row_id":"T007_003-R26","row_structure":"regular","tile":"siret3_r007_c003.tif","length_m":6.46},"geometry":{"type":"LineString","coordinates":[[629145.6,5220818.84],[629147.92,5220812.81]]}},{"type":"Feature","properties":{"vineyard_id":"T007_004","row_id":"T007_004-R01","row_structure":"regular","tile":"siret3_r007_c004.tif","length_m":6.97},"geometry":{"type":"LineString","coordinates":[[629245.4,5220864.0],[629247.99,5220857.52]]}},{"type":"Feature","properties":{"vineyard_id":"T007_004","row_id":"T007_004-R02","row_structure":"regular","tile":"siret3_r007_c004.tif","length_m":14.22},"geometry":{"type":"LineString","coordinates":[[629242.57,5220864.0],[629247.99,5220850.85]]}},{"type":"Feature","properties":{"vineyard_id":"T007_004","row_id":"T007_004-R03","row_structure":"regular","tile":"siret3_r007_c004.tif","length_m":21.42},"geometry":{"type":"LineString","coordinates":[[629239.73,5220864.0],[629247.98,5220844.24]]}},{"type":"Feature","properties":{"vineyard_id":"T007_004","row_id":"T007_004-R04","row_structure":"regular","tile":"siret3_r007_c004.tif","length_m":28.83},"geometry":{"type":"LineString","coordinates":[[629236.99,5220864.0],[629247.99,5220837.35]]}},{"type":"Feature","properties":{"vineyard_id":"T007_004","row_id":"T007_004-R05","row_structure":"regular","tile":"siret3_r007_c004.tif","length_m":36.15},"geometry":{"type":"LineString","coordinates":[[629234.36,5220864.0],[629247.99,5220830.52]]}},{"type":"Feature","properties":{"vineyard_id":"T007_004","row_id":"T007_004-R06","row_structure":"regular","tile":"siret3_r007_c004.tif","length_m":43.18},"geometry":{"type":"LineString","coordinates":[[629231.63,5220864.0],[629247.99,5220824.04]]}},{"type":"Feature","properties":{"vineyard_id":"T007_004","row_id":"T007_004-R07","row_structure":"regular","tile":"siret3_r007_c004.tif","length_m":50.37},"geometry":{"type":"LineString","coordinates":[[629228.94,5220864.0],[629247.97,5220817.37]]}},{"type":"Feature","properties":{"vineyard_id":"T007_004","row_id":"T007_004-R08","row_structure":"regular","tile":"siret3_r007_c004.tif","length_m":55.25},"geometry":{"type":"LineString","coordinates":[[629226.08,5220864.0],[629246.92,5220812.83]]}},{"type":"Feature","properties":{"vineyard_id":"T007_004","row_id":"T007_004-R09","row_structure":"regular","tile":"siret3_r007_c004.tif","length_m":55.29},"geometry":{"type":"LineString","coordinates":[[629223.32,5220864.0],[629244.27,5220812.83]]}},{"type":"Feature","properties":{"vineyard_id":"T007_004","row_id":"T007_004-R10","row_structure":"regular","tile":"siret3_r007_c004.tif","length_m":55.28},"geometry":{"type":"LineString","coordinates":[[629220.65,5220864.0],[629241.56,5220812.83]]}},{"type":"Feature","properties":{"vineyard_id":"T007_004","row_id":"T007_004-R11","row_structure":"regular","tile":"siret3_r007_c004.tif","length_m":55.19},"geometry":{"type":"LineString","coordinates":[[629217.76,5220864.0],[629238.44,5220812.83]]}},{"type":"Feature","properties":{"vineyard_id":"T007_004","row_id":"T007_004-R12","row_structure":"disrupted","tile":"siret3_r007_c004.tif","length_m":55.35},"geometry":{"type":"LineString","coordinates":[[629215.11,5220864.0],[629236.19,5220812.83]]}},{"type":"Feature","properties":{"vineyard_id":"T007_004","row_id":"T007_004-R13","row_structure":"disrupted","tile":"siret3_r007_c004.tif","length_m":55.31},"geometry":{"type":"LineString","coordinates":[[629212.35,5220864.0],[629233.3,5220812.81]]}},{"type":"Feature","properties":{"vineyard_id":"T007_004","row_id":"T007_004-R14","row_structure":"disrupted","tile":"siret3_r007_c004.tif","length_m":55.3},"geometry":{"type":"LineString","coordinates":[[629209.6,5220864.0],[629230.57,5220812.83]]}},{"type":"Feature","properties":{"vineyard_id":"T007_004","row_id":"T007_004-R15","row_structure":"regular","tile":"siret3_r007_c004.tif","length_m":55.28},"geometry":{"type":"LineString","coordinates":[[629206.86,5220863.99],[629227.78,5220812.83]]}},{"type":"Feature","properties":{"vineyard_id":"T007_004","row_id":"T007_004-R16","row_structure":"regular","tile":"siret3_r007_c004.tif","length_m":55.33},"geometry":{"type":"LineString","coordinates":[[629204.09,5220863.99],[629225.16,5220812.83]]}},{"type":"Feature","properties":{"vineyard_id":"T007_004","row_id":"T007_004-R17","row_structure":"regular","tile":"siret3_r007_c004.tif","length_m":55.25},"geometry":{"type":"LineString","coordinates":[[629201.46,5220864.0],[629222.32,5220812.84]]}},{"type":"Feature","properties":{"vineyard_id":"T007_004","row_id":"T007_004-R18","row_structure":"regular","tile":"siret3_r007_c004.tif","length_m":55.28},"geometry":{"type":"LineString","coordinates":[[629198.74,5220864.0],[629219.64,5220812.82]]}},{"type":"Feature","properties":{"vineyard_id":"T007_004","row_id":"T007_004-R19","row_structure":"regular","tile":"siret3_r007_c004.tif","length_m":52.87},"geometry":{"type":"LineString","coordinates":[[629196.8,5220861.75],[629216.86,5220812.82]]}},{"type":"Feature","properties":{"vineyard_id":"T007_004","row_id":"T007_004-R20","row_structure":"regular","tile":"siret3_r007_c004.tif","length_m":45.73},"geometry":{"type":"LineString","coordinates":[[629196.8,5220855.13],[629214.14,5220812.82]]}},{"type":"Feature","properties":{"vineyard_id":"T007_004","row_id":"T007_004-R21","row_structure":"regular","tile":"siret3_r007_c004.tif","length_m":38.63},"geometry":{"type":"LineString","coordinates":[[629196.8,5220848.63],[629211.31,5220812.83]]}},{"type":"Feature","properties":{"vineyard_id":"T007_004","row_id":"T007_004-R22","row_structure":"regular","tile":"siret3_r007_c004.tif","length_m":31.06},"geometry":{"type":"LineString","coordinates":[[629196.8,5220841.59],[629208.54,5220812.83]]}},{"type":"Feature","properties":{"vineyard_id":"T007_004","row_id":"T007_004-R23","row_structure":"regular","tile":"siret3_r007_c004.tif","length_m":24.0},"geometry":{"type":"LineString","coordinates":[[629196.8,5220835.04],[629205.86,5220812.82]]}},{"type":"Feature","properties":{"vineyard_id":"T007_004","row_id":"T007_004-R24","row_structure":"regular","tile":"siret3_r007_c004.tif","length_m":16.97},"geometry":{"type":"LineString","coordinates":[[629196.8,5220828.58],[629203.09,5220812.82]]}},{"type":"Feature","properties":{"vineyard_id":"T007_004","row_id":"T007_004-R25","row_structure":"regular","tile":"siret3_r007_c004.tif","length_m":9.75},"geometry":{"type":"LineString","coordinates":[[629196.8,5220821.83],[629200.52,5220812.83]]}},{"type":"Feature","properties":{"vineyard_id":"T007_004","row_id":"T007_004-R26","row_structure":"regular","tile":"siret3_r007_c004.tif","length_m":2.71},"geometry":{"type":"LineString","coordinates":[[629196.8,5220815.34],[629197.81,5220812.83]]}},{"type":"Feature","properties":{"vineyard_id":"T008_000","row_id":"T008_000-R01","row_structure":"regular","tile":"siret3_r008_c000.tif","length_m":6.1},"geometry":{"type":"LineString","coordinates":[[629026.41,5220797.08],[629031.38,5220793.54]]}},{"type":"Feature","properties":{"vineyard_id":"T008_000","row_id":"T008_000-R02","row_structure":"regular","tile":"siret3_r008_c000.tif","length_m":15.58},"geometry":{"type":"LineString","coordinates":[[629024.71,5220795.33],[629037.01,5220785.76]]}},{"type":"Feature","properties":{"vineyard_id":"T008_000","row_id":"T008_000-R03","row_structure":"regular","tile":"siret3_r008_c000.tif","length_m":25.65},"geometry":{"type":"LineString","coordinates":[[629022.69,5220793.32],[629043.18,5220777.88]]}},{"type":"Feature","properties":{"vineyard_id":"T008_000","row_id":"T008_000-R04","row_structure":"disrupted","tile":"siret3_r008_c000.tif","length_m":33.45},"geometry":{"type":"LineString","coordinates":[[629016.47,5220787.01],[629043.19,5220766.88]]}},{"type":"Feature","properties":{"vineyard_id":"T008_000","row_id":"T008_000-R05","row_structure":"disrupted","tile":"siret3_r008_c000.tif","length_m":36.9},"geometry":{"type":"LineString","coordinates":[[629013.66,5220785.43],[629043.19,5220763.31]]}},{"type":"Feature","properties":{"vineyard_id":"T008_000","row_id":"T008_000-R06","row_structure":"regular","tile":"siret3_r008_c000.tif","length_m":34.0},"geometry":{"type":"LineString","coordinates":[[629011.35,5220782.12],[629038.48,5220761.63]]}},{"type":"Feature","properties":{"vineyard_id":"T008_000","row_id":"T008_000-R07","row_structure":"disrupted","tile":"siret3_r008_c000.tif","length_m":30.95},"geometry":{"type":"LineString","coordinates":[[629008.9,5220780.07],[629033.74,5220761.61]]}},{"type":"Feature","properties":{"vineyard_id":"T008_000","row_id":"T008_000-R08","row_structure":"regular","tile":"siret3_r008_c000.tif","length_m":15.73},"geometry":{"type":"LineString","coordinates":[[629004.52,5220771.03],[629017.12,5220761.62]]}},{"type":"Feature","properties":{"vineyard_id":"T008_001","row_id":"T008_001-R01","row_structure":"regular","tile":"siret3_r008_c001.tif","length_m":4.2},"geometry":{"type":"LineString","coordinates":[[629090.97,5220812.79],[629094.38,5220810.33]]}},{"type":"Feature","properties":{"vineyard_id":"T008_001","row_id":"T008_001-R02","row_structure":"regular","tile":"siret3_r008_c001.tif","length_m":12.81},"geometry":{"type":"LineString","coordinates":[[629083.93,5220812.8],[629094.38,5220805.38]]}},{"type":"Feature","properties":{"vineyard_id":"T008_001","row_id":"T008_001-R03","row_structure":"regular","tile":"siret3_r008_c001.tif","length_m":18.28},"geometry":{"type":"LineString","coordinates":[[629079.51,5220812.8],[629094.38,5220802.16]]}},{"type":"Feature","properties":{"vineyard_id":"T008_001","row_id":"T008_001-R04","row_structure":"disrupted","tile":"siret3_r008_c001.tif","length_m":24.13},"geometry":{"type":"LineString","coordinates":[[629074.56,5220812.8],[629094.37,5220799.01]]}},{"type":"Feature","properties":{"vineyard_id":"T008_001","row_id":"T008_001-R05","row_structure":"regular","tile":"siret3_r008_c001.tif","length_m":28.64},"geometry":{"type":"LineString","coordinates":[[629070.98,5220812.8],[629094.39,5220796.3]]}},{"type":"Feature","properties":{"vineyard_id":"T008_001","row_id":"T008_001-R06","row_structure":"regular","tile":"siret3_r008_c001.tif","length_m":34.26},"geometry":{"type":"LineString","coordinates":[[629066.31,5220812.8],[629094.38,5220793.16]]}},{"type":"Feature","properties":{"vineyard_id":"T008_001","row_id":"T008_001-R07","row_structure":"regular","tile":"siret3_r008_c001.tif","length_m":38.91},"geometry":{"type":"LineString","coordinates":[[629062.52,5220812.8],[629094.37,5220790.46]]}},{"type":"Feature","properties":{"vineyard_id":"T008_001","row_id":"T008_001-R08","row_structure":"regular","tile":"siret3_r008_c001.tif","length_m":42.18},"geometry":{"type":"LineString","coordinates":[[629059.87,5220812.8],[629094.39,5220788.57]]}},{"type":"Feature","properties":{"vineyard_id":"T008_001","row_id":"T008_001-R09","row_structure":"regular","tile":"siret3_r008_c001.tif","length_m":45.75},"geometry":{"type":"LineString","coordinates":[[629056.97,5220812.8],[629094.37,5220786.46]]}},{"type":"Feature","properties":{"vineyard_id":"T008_001","row_id":"T008_001-R10","row_structure":"regular","tile":"siret3_r008_c001.tif","length_m":47.0},"geometry":{"type":"LineString","coordinates":[[629055.98,5220810.26],[629094.38,5220783.17]]}},{"type":"Feature","properties":{"vineyard_id":"T008_001","row_id":"T008_001-R11","row_structure":"disrupted","tile":"siret3_r008_c001.tif","length_m":38.15},"geometry":{"type":"LineString","coordinates":[[629063.19,5220800.13],[629094.38,5220778.16]]}},{"type":"Feature","properties":{"vineyard_id":"T008_001","row_id":"T008_001-R12","row_structure":"disrupted","tile":"siret3_r008_c001.tif","length_m":32.45},"geometry":{"type":"LineString","coordinates":[[629067.85,5220793.1],[629094.38,5220774.42]]}},{"type":"Feature","properties":{"vineyard_id":"T008_001","row_id":"T008_001-R13","row_structure":"disrupted","tile":"siret3_r008_c001.tif","length_m":20.43},"geometry":{"type":"LineString","coordinates":[[629077.74,5220778.57],[629094.38,5220766.73]]}},{"type":"Feature","properties":{"vineyard_id":"T008_001","row_id":"T008_001-R14","row_structure":"disrupted","tile":"siret3_r008_c001.tif","length_m":20.78},"geometry":{"type":"LineString","coordinates":[[629077.26,5220775.67],[629094.37,5220763.88]]}},{"type":"Feature","properties":{"vineyard_id":"T008_001","row_id":"T008_001-R15","row_structure":"disrupted","tile":"siret3_r008_c001.tif","length_m":31.67},"geometry":{"type":"LineString","coordinates":[[629066.02,5220779.77],[629091.98,5220761.61]]}},{"type":"Feature","properties":{"vineyard_id":"T008_001","row_id":"T008_001-R16","row_structure":"disrupted","tile":"siret3_r008_c001.tif","length_m":13.85},"geometry":{"type":"LineString","coordinates":[[629067.01,5220769.65],[629078.29,5220761.62]]}},{"type":"Feature","properties":{"vineyard_id":"T008_001","row_id":"T008_001-R17","row_structure":"disrupted","tile":"siret3_r008_c001.tif","length_m":12.53},"geometry":{"type":"LineString","coordinates":[[629063.81,5220768.67],[629074.16,5220761.61]]}},{"type":"Feature","properties":{"vineyard_id":"T008_001","row_id":"T008_001-R18","row_structure":"regular","tile":"siret3_r008_c001.tif","length_m":9.45},"geometry":{"type":"LineString","coordinates":[[629060.09,5220767.06],[629067.82,5220761.62]]}},{"type":"Feature","properties":{"vineyard_id":"T008_001","row_id":"T008_001-R19","row_structure":"disrupted","tile":"siret3_r008_c001.tif","length_m":23.33},"geometry":{"type":"LineString","coordinates":[[629043.2,5220774.87],[629062.41,5220761.63]]}},{"type":"Feature","properties":{"vineyard_id":"T008_001","row_id":"T008_001-R20","row_structure":"regular","tile":"siret3_r008_c001.tif","length_m":15.42},"geometry":{"type":"LineString","coordinates":[[629043.2,5220770.55],[629055.78,5220761.62]]}},{"type":"Feature","properties":{"vineyard_id":"T008_001","row_id":"T008_001-R21","row_structure":"regular","tile":"siret3_r008_c001.tif","length_m":10.4},"geometry":{"type":"LineString","coordinates":[[629043.21,5220767.7],[629051.65,5220761.62]]}},{"type":"Feature","properties":{"vineyard_id":"T008_001","row_id":"T008_001-R22","row_structure":"regular","tile":"siret3_r008_c001.tif","length_m":5.34},"geometry":{"type":"LineString","coordinates":[[629043.2,5220764.79],[629047.49,5220761.62]]}},{"type":"Feature","properties":{"vineyard_id":"T008_002","row_id":"T008_002-R01","row_structure":"regular","tile":"siret3_r008_c002.tif","length_m":1.8},"geometry":{"type":"LineString","coordinates":[[629144.9,5220812.79],[629145.59,5220811.13]]}},{"type":"Feature","properties":{"vineyard_id":"T008_002","row_id":"T008_002-R02","row_structure":"regular","tile":"siret3_r008_c002.tif","length_m":8.56},"geometry":{"type":"LineString","coordinates":[[629142.25,5220812.8],[629145.59,5220804.91]]}},{"type":"Feature","properties":{"vineyard_id":"T008_002","row_id":"T008_002-R03","row_structure":"regular","tile":"siret3_r008_c002.tif","length_m":15.34},"geometry":{"type":"LineString","coordinates":[[629139.63,5220812.8],[629145.58,5220798.66]]}},{"type":"Feature","properties":{"vineyard_id":"T008_002","row_id":"T008_002-R04","row_structure":"regular","tile":"siret3_r008_c002.tif","length_m":22.25},"geometry":{"type":"LineString","coordinates":[[629137.04,5220812.8],[629145.59,5220792.26]]}},{"type":"Feature","properties":{"vineyard_id":"T008_002","row_id":"T008_002-R05","row_structure":"regular","tile":"siret3_r008_c002.tif","length_m":29.89},"geometry":{"type":"LineString","coordinates":[[629134.38,5220812.8],[629145.57,5220785.08]]}},{"type":"Feature","properties":{"vineyard_id":"T008_002","row_id":"T008_002-R06","row_structure":"regular","tile":"siret3_r008_c002.tif","length_m":37.35},"geometry":{"type":"LineString","coordinates":[[629131.52,5220812.8],[629145.59,5220778.2]]}},{"type":"Feature","properties":{"vineyard_id":"T008_002","row_id":"T008_002-R07","row_structure":"disrupted","tile":"siret3_r008_c002.tif","length_m":44.48},"geometry":{"type":"LineString","coordinates":[[629128.71,5220812.8],[629145.59,5220771.65]]}},{"type":"Feature","properties":{"vineyard_id":"T008_002","row_id":"T008_002-R08","row_structure":"disrupted","tile":"siret3_r008_c002.tif","length_m":51.3},"geometry":{"type":"LineString","coordinates":[[629125.96,5220812.8],[629145.59,5220765.41]]}},{"type":"Feature","properties":{"vineyard_id":"T008_002","row_id":"T008_002-R09","row_structure":"regular","tile":"siret3_r008_c002.tif","length_m":55.38},"geometry":{"type":"LineString","coordinates":[[629123.23,5220812.79],[629144.41,5220761.62]]}},{"type":"Feature","properties":{"vineyard_id":"T008_002","row_id":"T008_002-R10","row_structure":"regular","tile":"siret3_r008_c002.tif","length_m":55.33},"geometry":{"type":"LineString","coordinates":[[629120.44,5220812.8],[629141.47,5220761.63]]}},{"type":"Feature","properties":{"vineyard_id":"T008_002","row_id":"T008_002-R11","row_structure":"regular","tile":"siret3_r008_c002.tif","length_m":55.39},"geometry":{"type":"LineString","coordinates":[[629117.38,5220812.8],[629138.54,5220761.61]]}},{"type":"Feature","properties":{"vineyard_id":"T008_002","row_id":"T008_002-R12","row_structure":"disrupted","tile":"siret3_r008_c002.tif","length_m":55.32},"geometry":{"type":"LineString","coordinates":[[629112.36,5220812.79],[629133.38,5220761.62]]}},{"type":"Feature","properties":{"vineyard_id":"T008_002","row_id":"T008_002-R13","row_structure":"disrupted","tile":"siret3_r008_c002.tif","length_m":55.3},"geometry":{"type":"LineString","coordinates":[[629109.22,5220812.8],[629130.19,5220761.63]]}},{"type":"Feature","properties":{"vineyard_id":"T008_002","row_id":"T008_002-R14","row_structure":"disrupted","tile":"siret3_r008_c002.tif","length_m":46.34},"geometry":{"type":"LineString","coordinates":[[629106.62,5220812.8],[629124.23,5220769.93]]}},{"type":"Feature","properties":{"vineyard_id":"T008_002","row_id":"T008_002-R15","row_structure":"disrupted","tile":"siret3_r008_c002.tif","length_m":34.65},"geometry":{"type":"LineString","coordinates":[[629108.19,5220801.29],[629121.49,5220769.29]]}},{"type":"Feature","properties":{"vineyard_id":"T008_002","row_id":"T008_002-R16","row_structure":"disrupted","tile":"siret3_r008_c002.tif","length_m":55.37},"geometry":{"type":"LineString","coordinates":[[629100.96,5220812.8],[629122.11,5220761.62]]}},{"type":"Feature","properties":{"vineyard_id":"T008_002","row_id":"T008_002-R17","row_structure":"disrupted","tile":"siret3_r008_c002.tif","length_m":55.3},"geometry":{"type":"LineString","coordinates":[[629098.66,5220812.8],[629119.59,5220761.61]]}},{"type":"Feature","properties":{"vineyard_id":"T008_002","row_id":"T008_002-R18","row_structure":"disrupted","tile":"siret3_r008_c002.tif","length_m":45.14},"geometry":{"type":"LineString","coordinates":[[629096.08,5220812.8],[629113.35,5220771.1]]}},{"type":"Feature","properties":{"vineyard_id":"T008_002","row_id":"T008_002-R19","row_structure":"disrupted","tile":"siret3_r008_c002.tif","length_m":53.63},"geometry":{"type":"LineString","coordinates":[[629094.4,5220811.21],[629114.86,5220761.64]]}},{"type":"Feature","properties":{"vineyard_id":"T008_002","row_id":"T008_002-R20","row_structure":"disrupted","tile":"siret3_r008_c002.tif","length_m":46.65},"geometry":{"type":"LineString","coordinates":[[629094.4,5220804.8],[629112.1,5220761.64]]}},{"type":"Feature","properties":{"vineyard_id":"T008_002","row_id":"T008_002-R21","row_structure":"disrupted","tile":"siret3_r008_c002.tif","length_m":40.48},"geometry":{"type":"LineString","coordinates":[[629094.4,5220799.12],[629109.67,5220761.63]]}},{"type":"Feature","properties":{"vineyard_id":"T008_002","row_id":"T008_002-R22","row_structure":"disrupted","tile":"siret3_r008_c002.tif","length_m":34.57},"geometry":{"type":"LineString","coordinates":[[629094.4,5220793.6],[629107.53,5220761.62]]}},{"type":"Feature","properties":{"vineyard_id":"T008_002","row_id":"T008_002-R23","row_structure":"disrupted","tile":"siret3_r008_c002.tif","length_m":28.4},"geometry":{"type":"LineString","coordinates":[[629094.4,5220787.92],[629105.12,5220761.62]]}},{"type":"Feature","properties":{"vineyard_id":"T008_002","row_id":"T008_002-R24","row_structure":"disrupted","tile":"siret3_r008_c002.tif","length_m":19.59},"geometry":{"type":"LineString","coordinates":[[629094.4,5220779.72],[629101.88,5220761.62]]}},{"type":"Feature","properties":{"vineyard_id":"T008_002","row_id":"T008_002-R25","row_structure":"regular","tile":"siret3_r008_c002.tif","length_m":5.63},"geometry":{"type":"LineString","coordinates":[[629094.4,5220774.19],[629096.55,5220768.99]]}},{"type":"Feature","properties":{"vineyard_id":"T008_002","row_id":"T008_002-R26","row_structure":"regular","tile":"siret3_r008_c002.tif","length_m":7.28},"geometry":{"type":"LineString","coordinates":[[629094.4,5220768.35],[629097.18,5220761.62]]}},{"type":"Feature","properties":{"vineyard_id":"T008_002","row_id":"T008_002-R27","row_structure":"regular","tile":"siret3_r008_c002.tif","length_m":1.09},"geometry":{"type":"LineString","coordinates":[[629094.4,5220762.63],[629094.83,5220761.63]]}},{"type":"Feature","properties":{"vineyard_id":"T008_003","row_id":"T008_003-R01","row_structure":"regular","tile":"siret3_r008_c003.tif","length_m":4.68},"geometry":{"type":"LineString","coordinates":[[629195.05,5220812.79],[629196.78,5220808.45]]}},{"type":"Feature","properties":{"vineyard_id":"T008_003","row_id":"T008_003-R02","row_structure":"regular","tile":"siret3_r008_c003.tif","length_m":12.91},"geometry":{"type":"LineString","coordinates":[[629191.95,5220812.8],[629196.79,5220800.83]]}},{"type":"Feature","properties":{"vineyard_id":"T008_003","row_id":"T008_003-R03","row_structure":"regular","tile":"siret3_r008_c003.tif","length_m":20.17},"geometry":{"type":"LineString","coordinates":[[629189.11,5220812.8],[629196.79,5220794.15]]}},{"type":"Feature","properties":{"vineyard_id":"T008_003","row_id":"T008_003-R04","row_structure":"regular","tile":"siret3_r008_c003.tif","length_m":27.49},"geometry":{"type":"LineString","coordinates":[[629186.64,5220812.8],[629196.79,5220787.25]]}},{"type":"Feature","properties":{"vineyard_id":"T008_003","row_id":"T008_003-R05","row_structure":"regular","tile":"siret3_r008_c003.tif","length_m":34.15},"geometry":{"type":"LineString","coordinates":[[629183.65,5220812.8],[629196.78,5220781.27]]}},{"type":"Feature","properties":{"vineyard_id":"T008_003","row_id":"T008_003-R06","row_structure":"regular","tile":"siret3_r008_c003.tif","length_m":41.0},"geometry":{"type":"LineString","coordinates":[[629180.9,5220812.8],[629196.78,5220775.0]]}},{"type":"Feature","properties":{"vineyard_id":"T008_003","row_id":"T008_003-R07","row_structure":"disrupted","tile":"siret3_r008_c003.tif","length_m":48.5},"geometry":{"type":"LineString","coordinates":[[629178.25,5220812.79],[629196.77,5220767.97]]}},{"type":"Feature","properties":{"vineyard_id":"T008_003","row_id":"T008_003-R08","row_structure":"regular","tile":"siret3_r008_c003.tif","length_m":55.22},"geometry":{"type":"LineString","coordinates":[[629175.87,5220812.8],[629196.59,5220761.62]]}},{"type":"Feature","properties":{"vineyard_id":"T008_003","row_id":"T008_003-R09","row_structure":"regular","tile":"siret3_r008_c003.tif","length_m":55.15},"geometry":{"type":"LineString","coordinates":[[629173.01,5220812.79],[629193.58,5220761.62]]}},{"type":"Feature","properties":{"vineyard_id":"T008_003","row_id":"T008_003-R10","row_structure":"regular","tile":"siret3_r008_c003.tif","length_m":55.22},"geometry":{"type":"LineString","coordinates":[[629170.21,5220812.8],[629190.95,5220761.62]]}},{"type":"Feature","properties":{"vineyard_id":"T008_003","row_id":"T008_003-R11","row_structure":"regular","tile":"siret3_r008_c003.tif","length_m":55.28},"geometry":{"type":"LineString","coordinates":[[629167.48,5220812.79],[629188.39,5220761.62]]}},{"type":"Feature","properties":{"vineyard_id":"T008_003","row_id":"T008_003-R12","row_structure":"regular","tile":"siret3_r008_c003.tif","length_m":55.35},"geometry":{"type":"LineString","coordinates":[[629164.7,5220812.8],[629185.75,5220761.62]]}},{"type":"Feature","properties":{"vineyard_id":"T008_003","row_id":"T008_003-R13","row_structure":"regular","tile":"siret3_r008_c003.tif","length_m":55.32},"geometry":{"type":"LineString","coordinates":[[629161.87,5220812.8],[629182.89,5220761.62]]}},{"type":"Feature","properties":{"vineyard_id":"T008_003","row_id":"T008_003-R14","row_structure":"regular","tile":"siret3_r008_c003.tif","length_m":55.28},"geometry":{"type":"LineString","coordinates":[[629159.18,5220812.8],[629180.1,5220761.63]]}},{"type":"Feature","properties":{"vineyard_id":"T008_003","row_id":"T008_003-R15","row_structure":"regular","tile":"siret3_r008_c003.tif","length_m":55.35},"geometry":{"type":"LineString","coordinates":[[629156.26,5220812.79],[629177.35,5220761.62]]}},{"type":"Feature","properties":{"vineyard_id":"T008_003","row_id":"T008_003-R16","row_structure":"regular","tile":"siret3_r008_c003.tif","length_m":55.35},"geometry":{"type":"LineString","coordinates":[[629153.45,5220812.79],[629174.57,5220761.63]]}},{"type":"Feature","properties":{"vineyard_id":"T008_003","row_id":"T008_003-R17","row_structure":"regular","tile":"siret3_r008_c003.tif","length_m":55.39},"geometry":{"type":"LineString","coordinates":[[629150.67,5220812.8],[629171.89,5220761.63]]}},{"type":"Feature","properties":{"vineyard_id":"T008_003","row_id":"T008_003-R18","row_structure":"regular","tile":"siret3_r008_c003.tif","length_m":55.49},"geometry":{"type":"LineString","coordinates":[[629147.84,5220812.8],[629169.28,5220761.61]]}},{"type":"Feature","properties":{"vineyard_id":"T008_003","row_id":"T008_003-R19","row_structure":"regular","tile":"siret3_r008_c003.tif","length_m":54.22},"geometry":{"type":"LineString","coordinates":[[629145.6,5220811.66],[629166.52,5220761.64]]}},{"type":"Feature","properties":{"vineyard_id":"T008_003","row_id":"T008_003-R20","row_structure":"regular","tile":"siret3_r008_c003.tif","length_m":47.13},"geometry":{"type":"LineString","coordinates":[[629145.6,5220805.21],[629163.51,5220761.61]]}},{"type":"Feature","properties":{"vineyard_id":"T008_003","row_id":"T008_003-R21","row_structure":"regular","tile":"siret3_r008_c003.tif","length_m":40.0},"geometry":{"type":"LineString","coordinates":[[629145.6,5220798.61],[629160.82,5220761.62]]}},{"type":"Feature","properties":{"vineyard_id":"T008_003","row_id":"T008_003-R22","row_structure":"regular","tile":"siret3_r008_c003.tif","length_m":32.79},"geometry":{"type":"LineString","coordinates":[[629145.6,5220791.96],[629158.04,5220761.63]]}},{"type":"Feature","properties":{"vineyard_id":"T008_003","row_id":"T008_003-R23","row_structure":"regular","tile":"siret3_r008_c003.tif","length_m":25.56},"geometry":{"type":"LineString","coordinates":[[629145.6,5220785.29],[629155.25,5220761.62]]}},{"type":"Feature","properties":{"vineyard_id":"T008_003","row_id":"T008_003-R24","row_structure":"regular","tile":"siret3_r008_c003.tif","length_m":18.0},"geometry":{"type":"LineString","coordinates":[[629145.6,5220778.21],[629152.56,5220761.62]]}},{"type":"Feature","properties":{"vineyard_id":"T008_003","row_id":"T008_003-R25","row_structure":"regular","tile":"siret3_r008_c003.tif","length_m":11.2},"geometry":{"type":"LineString","coordinates":[[629145.6,5220772.02],[629149.77,5220761.63]]}},{"type":"Feature","properties":{"vineyard_id":"T008_004","row_id":"T008_004-R01","row_structure":"regular","tile":"siret3_r008_c004.tif","length_m":4.1},"geometry":{"type":"LineString","coordinates":[[629247.98,5220765.34],[629246.25,5220761.62]]}},{"type":"Feature","properties":{"vineyard_id":"T008_004","row_id":"T008_004-R02","row_structure":"regular","tile":"siret3_r008_c004.tif","length_m":11.02},"geometry":{"type":"LineString","coordinates":[[629247.97,5220771.61],[629243.28,5220761.63]]}},{"type":"Feature","properties":{"vineyard_id":"T008_004","row_id":"T008_004-R03","row_structure":"disrupted","tile":"siret3_r008_c004.tif","length_m":20.8},"geometry":{"type":"LineString","coordinates":[[629247.99,5220780.54],[629239.36,5220761.61]]}},{"type":"Feature","properties":{"vineyard_id":"T008_004","row_id":"T008_004-R04","row_structure":"disrupted","tile":"siret3_r008_c004.tif","length_m":27.2},"geometry":{"type":"LineString","coordinates":[[629247.97,5220786.28],[629236.48,5220761.63]]}},{"type":"Feature","properties":{"vineyard_id":"T008_004","row_id":"T008_004-R05","row_structure":"disrupted","tile":"siret3_r008_c004.tif","length_m":32.85},"geometry":{"type":"LineString","coordinates":[[629247.99,5220791.43],[629234.19,5220761.62]]}},{"type":"Feature","properties":{"vineyard_id":"T008_004","row_id":"T008_004-R06","row_structure":"regular","tile":"siret3_r008_c004.tif","length_m":38.17},"geometry":{"type":"LineString","coordinates":[[629247.97,5220796.21],[629231.83,5220761.62]]}},{"type":"Feature","properties":{"vineyard_id":"T008_004","row_id":"T008_004-R07","row_structure":"disrupted","tile":"siret3_r008_c004.tif","length_m":44.0},"geometry":{"type":"LineString","coordinates":[[629247.98,5220801.53],[629229.43,5220761.63]]}},{"type":"Feature","properties":{"vineyard_id":"T008_004","row_id":"T008_004-R08","row_structure":"disrupted","tile":"siret3_r008_c004.tif","length_m":51.52},"geometry":{"type":"LineString","coordinates":[[629247.97,5220808.35],[629226.25,5220761.63]]}},{"type":"Feature","properties":{"vineyard_id":"T008_004","row_id":"T008_004-R09","row_structure":"disrupted","tile":"siret3_r008_c004.tif","length_m":56.49},"geometry":{"type":"LineString","coordinates":[[629247.63,5220812.8],[629223.7,5220761.63]]}},{"type":"Feature","properties":{"vineyard_id":"T008_004","row_id":"T008_004-R10","row_structure":"disrupted","tile":"siret3_r008_c004.tif","length_m":56.48},"geometry":{"type":"LineString","coordinates":[[629245.31,5220812.8],[629221.4,5220761.63]]}},{"type":"Feature","properties":{"vineyard_id":"T008_004","row_id":"T008_004-R11","row_structure":"disrupted","tile":"siret3_r008_c004.tif","length_m":56.43},"geometry":{"type":"LineString","coordinates":[[629241.7,5220812.79],[629217.91,5220761.63]]}},{"type":"Feature","properties":{"vineyard_id":"T008_004","row_id":"T008_004-R12","row_structure":"disrupted","tile":"siret3_r008_c004.tif","length_m":56.47},"geometry":{"type":"LineString","coordinates":[[629237.0,5220812.8],[629213.11,5220761.63]]}},{"type":"Feature","properties":{"vineyard_id":"T008_004","row_id":"T008_004-R13","row_structure":"disrupted","tile":"siret3_r008_c004.tif","length_m":56.45},"geometry":{"type":"LineString","coordinates":[[629234.35,5220812.8],[629210.53,5220761.62]]}},{"type":"Feature","properties":{"vineyard_id":"T008_004","row_id":"T008_004-R14","row_structure":"disrupted","tile":"siret3_r008_c004.tif","length_m":56.51},"geometry":{"type":"LineString","coordinates":[[629232.19,5220812.8],[629208.24,5220761.61]]}},{"type":"Feature","properties":{"vineyard_id":"T008_004","row_id":"T008_004-R15","row_structure":"disrupted","tile":"siret3_r008_c004.tif","length_m":56.45},"geometry":{"type":"LineString","coordinates":[[629229.61,5220812.8],[629205.81,5220761.62]]}},{"type":"Feature","properties":{"vineyard_id":"T008_004","row_id":"T008_004-R16","row_structure":"disrupted","tile":"siret3_r008_c004.tif","length_m":56.47},"geometry":{"type":"LineString","coordinates":[[629227.58,5220812.8],[629203.71,5220761.63]]}},{"type":"Feature","properties":{"vineyard_id":"T008_004","row_id":"T008_004-R17","row_structure":"disrupted","tile":"siret3_r008_c004.tif","length_m":56.48},"geometry":{"type":"LineString","coordinates":[[629222.47,5220812.79],[629198.58,5220761.62]]}},{"type":"Feature","properties":{"vineyard_id":"T008_004","row_id":"T008_004-R18","row_structure":"disrupted","tile":"siret3_r008_c004.tif","length_m":54.64},"geometry":{"type":"LineString","coordinates":[[629219.83,5220812.8],[629196.8,5220763.25]]}},{"type":"Feature","properties":{"vineyard_id":"T008_004","row_id":"T008_004-R19","row_structure":"disrupted","tile":"siret3_r008_c004.tif","length_m":45.42},"geometry":{"type":"LineString","coordinates":[[629216.08,5220812.79],[629196.8,5220771.67]]}},{"type":"Feature","properties":{"vineyard_id":"T008_004","row_id":"T008_004-R20","row_structure":"disrupted","tile":"siret3_r008_c004.tif","length_m":38.23},"geometry":{"type":"LineString","coordinates":[[629212.99,5220812.8],[629196.8,5220778.17]]}},{"type":"Feature","properties":{"vineyard_id":"T008_004","row_id":"T008_004-R21","row_structure":"disrupted","tile":"siret3_r008_c004.tif","length_m":30.19},"geometry":{"type":"LineString","coordinates":[[629209.52,5220812.79],[629196.8,5220785.41]]}},{"type":"Feature","properties":{"vineyard_id":"T008_004","row_id":"T008_004-R22","row_structure":"regular","tile":"siret3_r008_c004.tif","length_m":23.79},"geometry":{"type":"LineString","coordinates":[[629206.81,5220812.8],[629196.8,5220791.22]]}},{"type":"Feature","properties":{"vineyard_id":"T008_004","row_id":"T008_004-R23","row_structure":"disrupted","tile":"siret3_r008_c004.tif","length_m":18.23},"geometry":{"type":"LineString","coordinates":[[629204.6,5220812.79],[629196.8,5220796.32]]}},{"type":"Feature","properties":{"vineyard_id":"T008_004","row_id":"T008_004-R24","row_structure":"regular","tile":"siret3_r008_c004.tif","length_m":11.93},"geometry":{"type":"LineString","coordinates":[[629201.88,5220812.79],[629196.8,5220802.0]]}},{"type":"Feature","properties":{"vineyard_id":"T008_005","row_id":"T008_005-R02","row_structure":"regular","tile":"siret3_r008_c005.tif","length_m":22.79},"geometry":{"type":"LineString","coordinates":[[629290.74,5220812.8],[629299.19,5220791.64]]}},{"type":"Feature","properties":{"vineyard_id":"T008_005","row_id":"T008_005-R03","row_structure":"regular","tile":"siret3_r008_c005.tif","length_m":25.0},"geometry":{"type":"LineString","coordinates":[[629289.93,5220807.19],[629299.19,5220783.96]]}},{"type":"Feature","properties":{"vineyard_id":"T008_005","row_id":"T008_005-R04","row_structure":"disrupted","tile":"siret3_r008_c005.tif","length_m":35.07},"geometry":{"type":"LineString","coordinates":[[629283.85,5220812.8],[629297.14,5220780.35]]}},{"type":"Feature","properties":{"vineyard_id":"T008_005","row_id":"T008_005-R05","row_structure":"regular","tile":"siret3_r008_c005.tif","length_m":18.25},"geometry":{"type":"LineString","coordinates":[[629282.31,5220812.8],[629289.01,5220795.82]]}},{"type":"Feature","properties":{"vineyard_id":"T008_005","row_id":"T008_005-R06","row_structure":"disrupted","tile":"siret3_r008_c005.tif","length_m":55.15},"geometry":{"type":"LineString","coordinates":[[629276.96,5220812.8],[629297.51,5220761.62]]}},{"type":"Feature","properties":{"vineyard_id":"T008_005","row_id":"T008_005-R07","row_structure":"regular","tile":"siret3_r008_c005.tif","length_m":55.25},"geometry":{"type":"LineString","coordinates":[[629274.15,5220812.79],[629294.99,5220761.62]]}},{"type":"Feature","properties":{"vineyard_id":"T008_005","row_id":"T008_005-R08","row_structure":"regular","tile":"siret3_r008_c005.tif","length_m":51.24},"geometry":{"type":"LineString","coordinates":[[629271.41,5220812.8],[629290.78,5220765.36]]}},{"type":"Feature","properties":{"vineyard_id":"T008_005","row_id":"T008_005-R09","row_structure":"regular","tile":"siret3_r008_c005.tif","length_m":55.32},"geometry":{"type":"LineString","coordinates":[[629268.7,5220812.8],[629289.7,5220761.62]]}},{"type":"Feature","properties":{"vineyard_id":"T008_005","row_id":"T008_005-R10","row_structure":"regular","tile":"siret3_r008_c005.tif","length_m":55.29},"geometry":{"type":"LineString","coordinates":[[629265.92,5220812.8],[629286.88,5220761.63]]}},{"type":"Feature","properties":{"vineyard_id":"T008_005","row_id":"T008_005-R11","row_structure":"regular","tile":"siret3_r008_c005.tif","length_m":55.27},"geometry":{"type":"LineString","coordinates":[[629262.93,5220812.8],[629283.81,5220761.62]]}},{"type":"Feature","properties":{"vineyard_id":"T008_005","row_id":"T008_005-R12","row_structure":"regular","tile":"siret3_r008_c005.tif","length_m":55.22},"geometry":{"type":"LineString","coordinates":[[629260.76,5220812.8],[629281.5,5220761.63]]}},{"type":"Feature","properties":{"vineyard_id":"T008_005","row_id":"T008_005-R13","row_structure":"regular","tile":"siret3_r008_c005.tif","length_m":55.34},"geometry":{"type":"LineString","coordinates":[[629257.91,5220812.8],[629278.97,5220761.62]]}},{"type":"Feature","properties":{"vineyard_id":"T008_005","row_id":"T008_005-R14","row_structure":"regular","tile":"siret3_r008_c005.tif","length_m":55.29},"geometry":{"type":"LineString","coordinates":[[629255.34,5220812.8],[629276.24,5220761.61]]}},{"type":"Feature","properties":{"vineyard_id":"T008_005","row_id":"T008_005-R15","row_structure":"disrupted","tile":"siret3_r008_c005.tif","length_m":55.24},"geometry":{"type":"LineString","coordinates":[[629252.56,5220812.8],[629273.39,5220761.64]]}},{"type":"Feature","properties":{"vineyard_id":"T008_005","row_id":"T008_005-R16","row_structure":"regular","tile":"siret3_r008_c005.tif","length_m":55.22},"geometry":{"type":"LineString","coordinates":[[629249.69,5220812.8],[629270.46,5220761.63]]}},{"type":"Feature","properties":{"vineyard_id":"T008_005","row_id":"T008_005-R17","row_structure":"regular","tile":"siret3_r008_c005.tif","length_m":52.33},"geometry":{"type":"LineString","coordinates":[[629248.0,5220810.12],[629267.67,5220761.62]]}},{"type":"Feature","properties":{"vineyard_id":"T008_005","row_id":"T008_005-R18","row_structure":"regular","tile":"siret3_r008_c005.tif","length_m":45.55},"geometry":{"type":"LineString","coordinates":[[629248.0,5220803.79],[629265.22,5220761.62]]}},{"type":"Feature","properties":{"vineyard_id":"T008_005","row_id":"T008_005-R19","row_structure":"regular","tile":"siret3_r008_c005.tif","length_m":38.41},"geometry":{"type":"LineString","coordinates":[[629248.0,5220797.22],[629262.42,5220761.62]]}},{"type":"Feature","properties":{"vineyard_id":"T008_005","row_id":"T008_005-R20","row_structure":"disrupted","tile":"siret3_r008_c005.tif","length_m":30.3},"geometry":{"type":"LineString","coordinates":[[629248.0,5220789.56],[629259.71,5220761.62]]}},{"type":"Feature","properties":{"vineyard_id":"T008_005","row_id":"T008_005-R21","row_structure":"disrupted","tile":"siret3_r008_c005.tif","length_m":23.46},"geometry":{"type":"LineString","coordinates":[[629248.0,5220783.26],[629257.06,5220761.62]]}},{"type":"Feature","properties":{"vineyard_id":"T008_005","row_id":"T008_005-R22","row_structure":"regular","tile":"siret3_r008_c005.tif","length_m":16.77},"geometry":{"type":"LineString","coordinates":[[629248.0,5220777.17],[629254.32,5220761.63]]}},{"type":"Feature","properties":{"vineyard_id":"T008_005","row_id":"T008_005-R23","row_structure":"regular","tile":"siret3_r008_c005.tif","length_m":9.36},"geometry":{"type":"LineString","coordinates":[[629248.0,5220770.29],[629251.52,5220761.62]]}},{"type":"Feature","properties":{"vineyard_id":"T008_005","row_id":"T008_005-R24","row_structure":"regular","tile":"siret3_r008_c005.tif","length_m":1.59},"geometry":{"type":"LineString","coordinates":[[629248.0,5220763.09],[629248.6,5220761.62]]}},{"type":"Feature","properties":{"vineyard_id":"T009_000","row_id":"T009_000-R01","row_structure":"regular","tile":"siret3_r009_c000.tif","length_m":5.83},"geometry":{"type":"LineString","coordinates":[[629040.02,5220761.6],[629043.18,5220756.7]]}},{"type":"Feature","properties":{"vineyard_id":"T009_000","row_id":"T009_000-R02","row_structure":"regular","tile":"siret3_r009_c000.tif","length_m":17.89},"geometry":{"type":"LineString","coordinates":[[629033.23,5220761.6],[629043.18,5220746.73]]}},{"type":"Feature","properties":{"vineyard_id":"T009_000","row_id":"T009_000-R03","row_structure":"regular","tile":"siret3_r009_c000.tif","length_m":24.51},"geometry":{"type":"LineString","coordinates":[[629029.66,5220761.6],[629043.19,5220741.16]]}},{"type":"Feature","properties":{"vineyard_id":"T009_000","row_id":"T009_000-R04","row_structure":"regular","tile":"siret3_r009_c000.tif","length_m":31.15},"geometry":{"type":"LineString","coordinates":[[629026.0,5220761.6],[629043.18,5220735.61]]}},{"type":"Feature","properties":{"vineyard_id":"T009_000","row_id":"T009_000-R05","row_structure":"regular","tile":"siret3_r009_c000.tif","length_m":37.5},"geometry":{"type":"LineString","coordinates":[[629022.58,5220761.59],[629043.19,5220730.26]]}},{"type":"Feature","properties":{"vineyard_id":"T009_000","row_id":"T009_000-R06","row_structure":"regular","tile":"siret3_r009_c000.tif","length_m":44.1},"geometry":{"type":"LineString","coordinates":[[629018.98,5220761.59],[629043.19,5220724.72]]}},{"type":"Feature","properties":{"vineyard_id":"T009_000","row_id":"T009_000-R07","row_structure":"regular","tile":"siret3_r009_c000.tif","length_m":50.48},"geometry":{"type":"LineString","coordinates":[[629015.45,5220761.59],[629043.19,5220719.42]]}},{"type":"Feature","properties":{"vineyard_id":"T009_000","row_id":"T009_000-R08","row_structure":"regular","tile":"siret3_r009_c000.tif","length_m":57.24},"geometry":{"type":"LineString","coordinates":[[629011.66,5220761.6],[629043.18,5220713.81]]}},{"type":"Feature","properties":{"vineyard_id":"T009_000","row_id":"T009_000-R09","row_structure":"regular","tile":"siret3_r009_c000.tif","length_m":61.27},"geometry":{"type":"LineString","coordinates":[[629008.24,5220761.6],[629041.95,5220710.43]]}},{"type":"Feature","properties":{"vineyard_id":"T009_000","row_id":"T009_000-R10","row_structure":"regular","tile":"siret3_r009_c000.tif","length_m":4.15},"geometry":{"type":"LineString","coordinates":[[629004.72,5220761.49],[629007.0,5220758.03]]}},{"type":"Feature","properties":{"vineyard_id":"T009_000","row_id":"T009_000-R11","row_structure":"regular","tile":"siret3_r009_c000.tif","length_m":48.33},"geometry":{"type":"LineString","coordinates":[[629008.0,5220750.84],[629034.5,5220710.43]]}},{"type":"Feature","properties":{"vineyard_id":"T009_000","row_id":"T009_000-R12","row_structure":"disrupted","tile":"siret3_r009_c000.tif","length_m":46.17},"geometry":{"type":"LineString","coordinates":[[629005.35,5220748.95],[629030.81,5220710.42]]}},{"type":"Feature","properties":{"vineyard_id":"T009_000","row_id":"T009_000-R13","row_structure":"regular","tile":"siret3_r009_c000.tif","length_m":32.62},"geometry":{"type":"LineString","coordinates":[[629009.39,5220737.74],[629027.22,5220710.42]]}},{"type":"Feature","properties":{"vineyard_id":"T009_000","row_id":"T009_000-R14","row_structure":"regular","tile":"siret3_r009_c000.tif","length_m":26.5},"geometry":{"type":"LineString","coordinates":[[629009.38,5220732.58],[629023.92,5220710.43]]}},{"type":"Feature","properties":{"vineyard_id":"T009_000","row_id":"T009_000-R15","row_structure":"regular","tile":"siret3_r009_c000.tif","length_m":22.48},"geometry":{"type":"LineString","coordinates":[[629007.7,5220729.14],[629020.15,5220710.43]]}},{"type":"Feature","properties":{"vineyard_id":"T009_000","row_id":"T009_000-R16","row_structure":"disrupted","tile":"siret3_r009_c000.tif","length_m":20.03},"geometry":{"type":"LineString","coordinates":[[629005.46,5220727.1],[629016.53,5220710.4]]}},{"type":"Feature","properties":{"vineyard_id":"T009_000","row_id":"T009_000-R17","row_structure":"regular","tile":"siret3_r009_c000.tif","length_m":12.32},"geometry":{"type":"LineString","coordinates":[[629005.56,5220722.37],[629012.24,5220712.02]]}},{"type":"Feature","properties":{"vineyard_id":"T009_001","row_id":"T009_001-R01","row_structure":"regular","tile":"siret3_r009_c001.tif","length_m":5.79},"geometry":{"type":"LineString","coordinates":[[629091.05,5220761.6],[629094.38,5220756.85]]}},{"type":"Feature","properties":{"vineyard_id":"T009_001","row_id":"T009_001-R02","row_structure":"regular","tile":"siret3_r009_c001.tif","length_m":11.82},"geometry":{"type":"LineString","coordinates":[[629087.61,5220761.6],[629094.39,5220751.92]]}},{"type":"Feature","properties":{"vineyard_id":"T009_001","row_id":"T009_001-R03","row_structure":"regular","tile":"siret3_r009_c001.tif","length_m":17.98},"geometry":{"type":"LineString","coordinates":[[629084.07,5220761.6],[629094.38,5220746.87]]}},{"type":"Feature","properties":{"vineyard_id":"T009_001","row_id":"T009_001-R04","row_structure":"regular","tile":"siret3_r009_c001.tif","length_m":24.63},"geometry":{"type":"LineString","coordinates":[[629080.83,5220761.59],[629094.38,5220741.01]]}},{"type":"Feature","properties":{"vineyard_id":"T009_001","row_id":"T009_001-R05","row_structure":"regular","tile":"siret3_r009_c001.tif","length_m":31.68},"geometry":{"type":"LineString","coordinates":[[629076.74,5220761.6],[629094.38,5220735.27]]}},{"type":"Feature","properties":{"vineyard_id":"T009_001","row_id":"T009_001-R06","row_structure":"regular","tile":"siret3_r009_c001.tif","length_m":37.74},"geometry":{"type":"LineString","coordinates":[[629073.42,5220761.6],[629094.38,5220730.21]]}},{"type":"Feature","properties":{"vineyard_id":"T009_001","row_id":"T009_001-R07","row_structure":"regular","tile":"siret3_r009_c001.tif","length_m":44.05},"geometry":{"type":"LineString","coordinates":[[629069.96,5220761.6],[629094.39,5220724.94]]}},{"type":"Feature","properties":{"vineyard_id":"T009_001","row_id":"T009_001-R08","row_structure":"disrupted","tile":"siret3_r009_c001.tif","length_m":50.01},"geometry":{"type":"LineString","coordinates":[[629066.58,5220761.59],[629094.39,5220720.02]]}},{"type":"Feature","properties":{"vineyard_id":"T009_001","row_id":"T009_001-R09","row_structure":"regular","tile":"siret3_r009_c001.tif","length_m":57.81},"geometry":{"type":"LineString","coordinates":[[629062.15,5220761.6],[629094.39,5220713.62]]}},{"type":"Feature","properties":{"vineyard_id":"T009_001","row_id":"T009_001-R10","row_structure":"disrupted","tile":"siret3_r009_c001.tif","length_m":61.76},"geometry":{"type":"LineString","coordinates":[[629058.74,5220761.59],[629093.32,5220710.43]]}},{"type":"Feature","properties":{"vineyard_id":"T009_001","row_id":"T009_001-R11","row_structure":"disrupted","tile":"siret3_r009_c001.tif","length_m":61.67},"geometry":{"type":"LineString","coordinates":[[629055.19,5220761.6],[629089.62,5220710.43]]}},{"type":"Feature","properties":{"vineyard_id":"T009_001","row_id":"T009_001-R12","row_structure":"disrupted","tile":"siret3_r009_c001.tif","length_m":61.93},"geometry":{"type":"LineString","coordinates":[[629051.16,5220761.59],[629086.05,5220710.43]]}},{"type":"Feature","properties":{"vineyard_id":"T009_001","row_id":"T009_001-R13","row_structure":"disrupted","tile":"siret3_r009_c001.tif","length_m":61.85},"geometry":{"type":"LineString","coordinates":[[629047.77,5220761.6],[629082.52,5220710.43]]}},{"type":"Feature","properties":{"vineyard_id":"T009_001","row_id":"T009_001-R14","row_structure":"disrupted","tile":"siret3_r009_c001.tif","length_m":62.0},"geometry":{"type":"LineString","coordinates":[[629043.8,5220761.6],[629078.8,5220710.42]]}},{"type":"Feature","properties":{"vineyard_id":"T009_001","row_id":"T009_001-R15","row_structure":"regular","tile":"siret3_r009_c001.tif","length_m":56.68},"geometry":{"type":"LineString","coordinates":[[629043.21,5220757.37],[629074.95,5220710.41]]}},{"type":"Feature","properties":{"vineyard_id":"T009_001","row_id":"T009_001-R16","row_structure":"regular","tile":"siret3_r009_c001.tif","length_m":50.33},"geometry":{"type":"LineString","coordinates":[[629043.2,5220752.32],[629071.09,5220710.42]]}},{"type":"Feature","properties":{"vineyard_id":"T009_001","row_id":"T009_001-R17","row_structure":"regular","tile":"siret3_r009_c001.tif","length_m":43.4},"geometry":{"type":"LineString","coordinates":[[629043.2,5220746.32],[629067.61,5220710.43]]}},{"type":"Feature","properties":{"vineyard_id":"T009_001","row_id":"T009_001-R18","row_structure":"regular","tile":"siret3_r009_c001.tif","length_m":36.69},"geometry":{"type":"LineString","coordinates":[[629043.2,5220740.74],[629063.83,5220710.41]]}},{"type":"Feature","properties":{"vineyard_id":"T009_001","row_id":"T009_001-R19","row_structure":"regular","tile":"siret3_r009_c001.tif","length_m":30.01},"geometry":{"type":"LineString","coordinates":[[629043.2,5220735.22],[629060.08,5220710.41]]}},{"type":"Feature","properties":{"vineyard_id":"T009_001","row_id":"T009_001-R20","row_structure":"regular","tile":"siret3_r009_c001.tif","length_m":23.48},"geometry":{"type":"LineString","coordinates":[[629043.2,5220729.96],[629056.21,5220710.41]]}},{"type":"Feature","properties":{"vineyard_id":"T009_001","row_id":"T009_001-R21","row_structure":"regular","tile":"siret3_r009_c001.tif","length_m":16.8},"geometry":{"type":"LineString","coordinates":[[629043.2,5220724.34],[629052.61,5220710.42]]}},{"type":"Feature","properties":{"vineyard_id":"T009_001","row_id":"T009_001-R22","row_structure":"regular","tile":"siret3_r009_c001.tif","length_m":10.68},"geometry":{"type":"LineString","coordinates":[[629043.21,5220719.28],[629049.17,5220710.42]]}},{"type":"Feature","properties":{"vineyard_id":"T009_001","row_id":"T009_001-R23","row_structure":"regular","tile":"siret3_r009_c001.tif","length_m":4.0},"geometry":{"type":"LineString","coordinates":[[629043.2,5220713.69],[629045.5,5220710.42]]}},{"type":"Feature","properties":{"vineyard_id":"T009_002","row_id":"T009_002-R01","row_structure":"regular","tile":"siret3_r009_c002.tif","length_m":2.12},"geometry":{"type":"LineString","coordinates":[[629144.42,5220761.6],[629145.58,5220759.82]]}},{"type":"Feature","properties":{"vineyard_id":"T009_002","row_id":"T009_002-R02","row_structure":"regular","tile":"siret3_r009_c002.tif","length_m":8.87},"geometry":{"type":"LineString","coordinates":[[629140.76,5220761.6],[629145.59,5220754.17]]}},{"type":"Feature","properties":{"vineyard_id":"T009_002","row_id":"T009_002-R03","row_structure":"regular","tile":"siret3_r009_c002.tif","length_m":11.45},"geometry":{"type":"LineString","coordinates":[[629139.35,5220757.89],[629145.58,5220748.29]]}},{"type":"Feature","properties":{"vineyard_id":"T009_002","row_id":"T009_002-R04","row_structure":"disrupted","tile":"siret3_r009_c002.tif","length_m":21.73},"geometry":{"type":"LineString","coordinates":[[629133.39,5220761.6],[629145.58,5220743.61]]}},{"type":"Feature","properties":{"vineyard_id":"T009_002","row_id":"T009_002-R05","row_structure":"disrupted","tile":"siret3_r009_c002.tif","length_m":19.36},"geometry":{"type":"LineString","coordinates":[[629130.62,5220761.6],[629141.17,5220745.36]]}},{"type":"Feature","properties":{"vineyard_id":"T009_002","row_id":"T009_002-R06","row_structure":"disrupted","tile":"siret3_r009_c002.tif","length_m":34.37},"geometry":{"type":"LineString","coordinates":[[629126.84,5220761.6],[629145.58,5220732.79]]}},{"type":"Feature","properties":{"vineyard_id":"T009_002","row_id":"T009_002-R07","row_structure":"regular","tile":"siret3_r009_c002.tif","length_m":40.94},"geometry":{"type":"LineString","coordinates":[[629123.4,5220761.6],[629145.57,5220727.18]]}},{"type":"Feature","properties":{"vineyard_id":"T009_002","row_id":"T009_002-R08","row_structure":"regular","tile":"siret3_r009_c002.tif","length_m":47.37},"geometry":{"type":"LineString","coordinates":[[629119.82,5220761.6],[629145.59,5220721.85]]}},{"type":"Feature","properties":{"vineyard_id":"T009_002","row_id":"T009_002-R09","row_structure":"regular","tile":"siret3_r009_c002.tif","length_m":53.68},"geometry":{"type":"LineString","coordinates":[[629116.41,5220761.6],[629145.59,5220716.54]]}},{"type":"Feature","properties":{"vineyard_id":"T009_002","row_id":"T009_002-R10","row_structure":"regular","tile":"siret3_r009_c002.tif","length_m":60.39},"geometry":{"type":"LineString","coordinates":[[629112.71,5220761.6],[629145.57,5220710.93]]}},{"type":"Feature","properties":{"vineyard_id":"T009_002","row_id":"T009_002-R11","row_structure":"regular","tile":"siret3_r009_c002.tif","length_m":61.04},"geometry":{"type":"LineString","coordinates":[[629109.13,5220761.6],[629142.39,5220710.42]]}},{"type":"Feature","properties":{"vineyard_id":"T009_002","row_id":"T009_002-R12","row_structure":"regular","tile":"siret3_r009_c002.tif","length_m":61.05},"geometry":{"type":"LineString","coordinates":[[629105.61,5220761.59],[629138.91,5220710.42]]}},{"type":"Feature","properties":{"vineyard_id":"T009_002","row_id":"T009_002-R13","row_structure":"regular","tile":"siret3_r009_c002.tif","length_m":61.02},"geometry":{"type":"LineString","coordinates":[[629102.13,5220761.59],[629135.39,5220710.43]]}},{"type":"Feature","properties":{"vineyard_id":"T009_002","row_id":"T009_002-R14","row_structure":"regular","tile":"siret3_r009_c002.tif","length_m":61.06},"geometry":{"type":"LineString","coordinates":[[629098.49,5220761.6],[629131.8,5220710.42]]}},{"type":"Feature","properties":{"vineyard_id":"T009_002","row_id":"T009_002-R15","row_structure":"regular","tile":"siret3_r009_c002.tif","length_m":61.08},"geometry":{"type":"LineString","coordinates":[[629094.92,5220761.6],[629128.27,5220710.43]]}},{"type":"Feature","properties":{"vineyard_id":"T009_002","row_id":"T009_002-R16","row_structure":"regular","tile":"siret3_r009_c002.tif","length_m":55.21},"geometry":{"type":"LineString","coordinates":[[629094.4,5220756.65],[629124.58,5220710.42]]}},{"type":"Feature","properties":{"vineyard_id":"T009_002","row_id":"T009_002-R17","row_structure":"regular","tile":"siret3_r009_c002.tif","length_m":49.18},"geometry":{"type":"LineString","coordinates":[[629094.4,5220751.72],[629121.11,5220710.43]]}},{"type":"Feature","properties":{"vineyard_id":"T009_002","row_id":"T009_002-R18","row_structure":"regular","tile":"siret3_r009_c002.tif","length_m":42.94},"geometry":{"type":"LineString","coordinates":[[629094.4,5220746.4],[629117.83,5220710.42]]}},{"type":"Feature","properties":{"vineyard_id":"T009_002","row_id":"T009_002-R19","row_structure":"disrupted","tile":"siret3_r009_c002.tif","length_m":36.15},"geometry":{"type":"LineString","coordinates":[[629094.4,5220740.65],[629114.21,5220710.42]]}},{"type":"Feature","properties":{"vineyard_id":"T009_002","row_id":"T009_002-R20","row_structure":"regular","tile":"siret3_r009_c002.tif","length_m":29.05},"geometry":{"type":"LineString","coordinates":[[629094.4,5220734.76],[629110.28,5220710.43]]}},{"type":"Feature","properties":{"vineyard_id":"T009_002","row_id":"T009_002-R21","row_structure":"regular","tile":"siret3_r009_c002.tif","length_m":23.21},"geometry":{"type":"LineString","coordinates":[[629094.4,5220730.0],[629106.85,5220710.41]]}},{"type":"Feature","properties":{"vineyard_id":"T009_002","row_id":"T009_002-R22","row_structure":"regular","tile":"siret3_r009_c002.tif","length_m":16.68},"geometry":{"type":"LineString","coordinates":[[629094.4,5220724.42],[629103.48,5220710.43]]}},{"type":"Feature","properties":{"vineyard_id":"T009_002","row_id":"T009_002-R23","row_structure":"regular","tile":"siret3_r009_c002.tif","length_m":10.93},"geometry":{"type":"LineString","coordinates":[[629094.4,5220719.61],[629100.32,5220710.43]]}},{"type":"Feature","properties":{"vineyard_id":"T009_002","row_id":"T009_002-R24","row_structure":"regular","tile":"siret3_r009_c002.tif","length_m":3.21},"geometry":{"type":"LineString","coordinates":[[629094.4,5220713.12],[629096.14,5220710.43]]}},{"type":"Feature","properties":{"vineyard_id":"T009_003","row_id":"T009_003-R01","row_structure":"regular","tile":"siret3_r009_c003.tif","length_m":8.45},"geometry":{"type":"LineString","coordinates":[[629193.7,5220761.6],[629196.78,5220753.73]]}},{"type":"Feature","properties":{"vineyard_id":"T009_003","row_id":"T009_003-R02","row_structure":"regular","tile":"siret3_r009_c003.tif","length_m":15.35},"geometry":{"type":"LineString","coordinates":[[629190.93,5220761.6],[629196.78,5220747.41]]}},{"type":"Feature","properties":{"vineyard_id":"T009_003","row_id":"T009_003-R03","row_structure":"regular","tile":"siret3_r009_c003.tif","length_m":22.6},"geometry":{"type":"LineString","coordinates":[[629188.35,5220761.6],[629196.78,5220740.62]]}},{"type":"Feature","properties":{"vineyard_id":"T009_003","row_id":"T009_003-R04","row_structure":"regular","tile":"siret3_r009_c003.tif","length_m":29.43},"geometry":{"type":"LineString","coordinates":[[629185.66,5220761.6],[629196.79,5220734.36]]}},{"type":"Feature","properties":{"vineyard_id":"T009_003","row_id":"T009_003-R05","row_structure":"regular","tile":"siret3_r009_c003.tif","length_m":36.52},"geometry":{"type":"LineString","coordinates":[[629182.84,5220761.6],[629196.79,5220727.85]]}},{"type":"Feature","properties":{"vineyard_id":"T009_003","row_id":"T009_003-R06","row_structure":"regular","tile":"siret3_r009_c003.tif","length_m":43.74},"geometry":{"type":"LineString","coordinates":[[629180.22,5220761.6],[629196.79,5220721.12]]}},{"type":"Feature","properties":{"vineyard_id":"T009_003","row_id":"T009_003-R07","row_structure":"regular","tile":"siret3_r009_c003.tif","length_m":51.07},"geometry":{"type":"LineString","coordinates":[[629177.44,5220761.6],[629196.79,5220714.34]]}},{"type":"Feature","properties":{"vineyard_id":"T009_003","row_id":"T009_003-R08","row_structure":"regular","tile":"siret3_r009_c003.tif","length_m":55.37},"geometry":{"type":"LineString","coordinates":[[629174.59,5220761.6],[629195.76,5220710.43]]}},{"type":"Feature","properties":{"vineyard_id":"T009_003","row_id":"T009_003-R09","row_structure":"regular","tile":"siret3_r009_c003.tif","length_m":55.33},"geometry":{"type":"LineString","coordinates":[[629171.99,5220761.59],[629193.01,5220710.41]]}},{"type":"Feature","properties":{"vineyard_id":"T009_003","row_id":"T009_003-R10","row_structure":"regular","tile":"siret3_r009_c003.tif","length_m":55.17},"geometry":{"type":"LineString","coordinates":[[629169.47,5220761.6],[629190.09,5220710.43]]}},{"type":"Feature","properties":{"vineyard_id":"T009_003","row_id":"T009_003-R11","row_structure":"regular","tile":"siret3_r009_c003.tif","length_m":55.25},"geometry":{"type":"LineString","coordinates":[[629166.46,5220761.59],[629187.32,5220710.43]]}},{"type":"Feature","properties":{"vineyard_id":"T009_003","row_id":"T009_003-R12","row_structure":"regular","tile":"siret3_r009_c003.tif","length_m":55.4},"geometry":{"type":"LineString","coordinates":[[629163.39,5220761.6],[629184.59,5220710.42]]}},{"type":"Feature","properties":{"vineyard_id":"T009_003","row_id":"T009_003-R13","row_structure":"disrupted","tile":"siret3_r009_c003.tif","length_m":55.37},"geometry":{"type":"LineString","coordinates":[[629160.74,5220761.59],[629181.87,5220710.41]]}},{"type":"Feature","properties":{"vineyard_id":"T009_003","row_id":"T009_003-R14","row_structure":"regular","tile":"siret3_r009_c003.tif","length_m":55.32},"geometry":{"type":"LineString","coordinates":[[629158.07,5220761.6],[629179.06,5220710.42]]}},{"type":"Feature","properties":{"vineyard_id":"T009_003","row_id":"T009_003-R15","row_structure":"regular","tile":"siret3_r009_c003.tif","length_m":55.3},"geometry":{"type":"LineString","coordinates":[[629155.32,5220761.59],[629176.28,5220710.41]]}},{"type":"Feature","properties":{"vineyard_id":"T009_003","row_id":"T009_003-R16","row_structure":"regular","tile":"siret3_r009_c003.tif","length_m":55.27},"geometry":{"type":"LineString","coordinates":[[629152.54,5220761.6],[629173.41,5220710.42]]}},{"type":"Feature","properties":{"vineyard_id":"T009_003","row_id":"T009_003-R17","row_structure":"regular","tile":"siret3_r009_c003.tif","length_m":47.33},"geometry":{"type":"LineString","coordinates":[[629149.86,5220761.59],[629167.52,5220717.68]]}},{"type":"Feature","properties":{"vineyard_id":"T009_003","row_id":"T009_003-R18","row_structure":"regular","tile":"siret3_r009_c003.tif","length_m":55.29},"geometry":{"type":"LineString","coordinates":[[629147.01,5220761.6],[629167.94,5220710.42]]}},{"type":"Feature","properties":{"vineyard_id":"T009_003","row_id":"T009_003-R19","row_structure":"regular","tile":"siret3_r009_c003.tif","length_m":52.12},"geometry":{"type":"LineString","coordinates":[[629145.6,5220758.71],[629165.24,5220710.42]]}},{"type":"Feature","properties":{"vineyard_id":"T009_003","row_id":"T009_003-R20","row_structure":"regular","tile":"siret3_r009_c003.tif","length_m":44.48},"geometry":{"type":"LineString","coordinates":[[629145.6,5220751.6],[629162.4,5220710.42]]}},{"type":"Feature","properties":{"vineyard_id":"T009_003","row_id":"T009_003-R21","row_structure":"regular","tile":"siret3_r009_c003.tif","length_m":36.55},"geometry":{"type":"LineString","coordinates":[[629145.6,5220744.22],[629159.53,5220710.43]]}},{"type":"Feature","properties":{"vineyard_id":"T009_003","row_id":"T009_003-R22","row_structure":"regular","tile":"siret3_r009_c003.tif","length_m":23.41},"geometry":{"type":"LineString","coordinates":[[629145.6,5220732.21],[629154.19,5220710.43]]}},{"type":"Feature","properties":{"vineyard_id":"T009_003","row_id":"T009_003-R23","row_structure":"regular","tile":"siret3_r009_c003.tif","length_m":7.75},"geometry":{"type":"LineString","coordinates":[[629145.6,5220717.58],[629148.54,5220710.41]]}},{"type":"Feature","properties":{"vineyard_id":"T009_004","row_id":"T009_004-R01","row_structure":"regular","tile":"siret3_r009_c004.tif","length_m":5.59},"geometry":{"type":"LineString","coordinates":[[629246.03,5220761.6],[629247.99,5220756.36]]}},{"type":"Feature","properties":{"vineyard_id":"T009_004","row_id":"T009_004-R02","row_structure":"regular","tile":"siret3_r009_c004.tif","length_m":12.89},"geometry":{"type":"LineString","coordinates":[[629243.19,5220761.6],[629247.99,5220749.64]]}},{"type":"Feature","properties":{"vineyard_id":"T009_004","row_id":"T009_004-R03","row_structure":"regular","tile":"siret3_r009_c004.tif","length_m":20.33},"geometry":{"type":"LineString","coordinates":[[629240.56,5220761.6],[629247.98,5220742.68]]}},{"type":"Feature","properties":{"vineyard_id":"T009_004","row_id":"T009_004-R04","row_structure":"regular","tile":"siret3_r009_c004.tif","length_m":28.3},"geometry":{"type":"LineString","coordinates":[[629237.71,5220761.6],[629247.99,5220735.23]]}},{"type":"Feature","properties":{"vineyard_id":"T009_004","row_id":"T009_004-R05","row_structure":"regular","tile":"siret3_r009_c004.tif","length_m":35.17},"geometry":{"type":"LineString","coordinates":[[629234.84,5220761.59],[629247.99,5220728.97]]}},{"type":"Feature","properties":{"vineyard_id":"T009_004","row_id":"T009_004-R06","row_structure":"regular","tile":"siret3_r009_c004.tif","length_m":42.07},"geometry":{"type":"LineString","coordinates":[[629232.2,5220761.6],[629247.99,5220722.6]]}},{"type":"Feature","properties":{"vineyard_id":"T009_004","row_id":"T009_004-R07","row_structure":"regular","tile":"siret3_r009_c004.tif","length_m":42.15},"geometry":{"type":"LineString","coordinates":[[629229.53,5220761.6],[629245.43,5220722.56]]}},{"type":"Feature","properties":{"vineyard_id":"T009_004","row_id":"T009_004-R08","row_structure":"disrupted","tile":"siret3_r009_c004.tif","length_m":39.35},"geometry":{"type":"LineString","coordinates":[[629226.65,5220761.59],[629241.34,5220725.08]]}},{"type":"Feature","properties":{"vineyard_id":"T009_004","row_id":"T009_004-R09","row_structure":"disrupted","tile":"siret3_r009_c004.tif","length_m":44.72},"geometry":{"type":"LineString","coordinates":[[629223.9,5220761.6],[629240.68,5220720.15]]}},{"type":"Feature","properties":{"vineyard_id":"T009_004","row_id":"T009_004-R10","row_structure":"disrupted","tile":"siret3_r009_c004.tif","length_m":49.03},"geometry":{"type":"LineString","coordinates":[[629221.15,5220761.6],[629239.57,5220716.17]]}},{"type":"Feature","properties":{"vineyard_id":"T009_004","row_id":"T009_004-R11","row_structure":"disrupted","tile":"siret3_r009_c004.tif","length_m":55.25},"geometry":{"type":"LineString","coordinates":[[629218.55,5220761.59],[629239.38,5220710.42]]}},{"type":"Feature","properties":{"vineyard_id":"T009_004","row_id":"T009_004-R12","row_structure":"regular","tile":"siret3_r009_c004.tif","length_m":55.25},"geometry":{"type":"LineString","coordinates":[[629215.84,5220761.6],[629236.66,5220710.42]]}},{"type":"Feature","properties":{"vineyard_id":"T009_004","row_id":"T009_004-R13","row_structure":"disrupted","tile":"siret3_r009_c004.tif","length_m":55.22},"geometry":{"type":"LineString","coordinates":[[629213.15,5220761.59],[629233.92,5220710.42]]}},{"type":"Feature","properties":{"vineyard_id":"T009_004","row_id":"T009_004-R14","row_structure":"disrupted","tile":"siret3_r009_c004.tif","length_m":55.24},"geometry":{"type":"LineString","coordinates":[[629210.41,5220761.6],[629231.2,5220710.42]]}},{"type":"Feature","properties":{"vineyard_id":"T009_004","row_id":"T009_004-R15","row_structure":"regular","tile":"siret3_r009_c004.tif","length_m":55.3},"geometry":{"type":"LineString","coordinates":[[629207.6,5220761.6],[629228.54,5220710.42]]}},{"type":"Feature","properties":{"vineyard_id":"T009_004","row_id":"T009_004-R16","row_structure":"regular","tile":"siret3_r009_c004.tif","length_m":55.19},"geometry":{"type":"LineString","coordinates":[[629204.91,5220761.6],[629225.6,5220710.44]]}},{"type":"Feature","properties":{"vineyard_id":"T009_004","row_id":"T009_004-R17","row_structure":"regular","tile":"siret3_r009_c004.tif","length_m":55.22},"geometry":{"type":"LineString","coordinates":[[629202.09,5220761.6],[629222.84,5220710.42]]}},{"type":"Feature","properties":{"vineyard_id":"T009_004","row_id":"T009_004-R18","row_structure":"disrupted","tile":"siret3_r009_c004.tif","length_m":55.26},"geometry":{"type":"LineString","coordinates":[[629199.26,5220761.6],[629220.09,5220710.42]]}},{"type":"Feature","properties":{"vineyard_id":"T009_004","row_id":"T009_004-R19","row_structure":"regular","tile":"siret3_r009_c004.tif","length_m":54.92},"geometry":{"type":"LineString","coordinates":[[629196.8,5220761.31],[629217.46,5220710.42]]}},{"type":"Feature","properties":{"vineyard_id":"T009_004","row_id":"T009_004-R20","row_structure":"disrupted","tile":"siret3_r009_c004.tif","length_m":47.04},"geometry":{"type":"LineString","coordinates":[[629196.8,5220754.02],[629214.46,5220710.42]]}},{"type":"Feature","properties":{"vineyard_id":"T009_004","row_id":"T009_004-R21","row_structure":"disrupted","tile":"siret3_r009_c004.tif","length_m":39.84},"geometry":{"type":"LineString","coordinates":[[629196.8,5220747.38],[629211.68,5220710.42]]}},{"type":"Feature","properties":{"vineyard_id":"T009_004","row_id":"T009_004-R22","row_structure":"disrupted","tile":"siret3_r009_c004.tif","length_m":32.54},"geometry":{"type":"LineString","coordinates":[[629196.8,5220740.58],[629209.03,5220710.43]]}},{"type":"Feature","properties":{"vineyard_id":"T009_004","row_id":"T009_004-R23","row_structure":"regular","tile":"siret3_r009_c004.tif","length_m":26.0},"geometry":{"type":"LineString","coordinates":[[629196.8,5220734.58],[629206.44,5220710.43]]}},{"type":"Feature","properties":{"vineyard_id":"T009_004","row_id":"T009_004-R24","row_structure":"regular","tile":"siret3_r009_c004.tif","length_m":18.72},"geometry":{"type":"LineString","coordinates":[[629196.8,5220727.8],[629203.8,5220710.43]]}},{"type":"Feature","properties":{"vineyard_id":"T009_004","row_id":"T009_004-R25","row_structure":"regular","tile":"siret3_r009_c004.tif","length_m":11.41},"geometry":{"type":"LineString","coordinates":[[629196.8,5220721.04],[629200.99,5220710.43]]}},{"type":"Feature","properties":{"vineyard_id":"T009_004","row_id":"T009_004-R26","row_structure":"regular","tile":"siret3_r009_c004.tif","length_m":4.27},"geometry":{"type":"LineString","coordinates":[[629196.8,5220714.42],[629198.34,5220710.43]]}},{"type":"Feature","properties":{"vineyard_id":"T009_005","row_id":"T009_005-R01","row_structure":"regular","tile":"siret3_r009_c005.tif","length_m":36.45},"geometry":{"type":"LineString","coordinates":[[629299.18,5220712.28],[629262.77,5220710.42]]}},{"type":"Feature","properties":{"vineyard_id":"T009_005","row_id":"T009_005-R02","row_structure":"regular","tile":"siret3_r009_c005.tif","length_m":46.98},"geometry":{"type":"LineString","coordinates":[[629299.19,5220714.64],[629252.3,5220711.85]]}},{"type":"Feature","properties":{"vineyard_id":"T009_005","row_id":"T009_005-R03","row_structure":"disrupted","tile":"siret3_r009_c005.tif","length_m":51.25},"geometry":{"type":"LineString","coordinates":[[629299.17,5220735.59],[629248.01,5220732.61]]}},{"type":"Feature","properties":{"vineyard_id":"T009_005","row_id":"T009_005-R04","row_structure":"disrupted","tile":"siret3_r009_c005.tif","length_m":51.25},"geometry":{"type":"LineString","coordinates":[[629299.17,5220743.12],[629248.01,5220740.12]]}},{"type":"Feature","properties":{"vineyard_id":"T009_005","row_id":"T009_005-R05","row_structure":"disrupted","tile":"siret3_r009_c005.tif","length_m":51.25},"geometry":{"type":"LineString","coordinates":[[629299.17,5220746.21],[629248.0,5220743.24]]}},{"type":"Feature","properties":{"vineyard_id":"T009_005","row_id":"T009_005-R06","row_structure":"disrupted","tile":"siret3_r009_c005.tif","length_m":46.6},"geometry":{"type":"LineString","coordinates":[[629299.19,5220749.21],[629252.67,5220746.43]]}},{"type":"Feature","properties":{"vineyard_id":"T009_005","row_id":"T009_005-R07","row_structure":"disrupted","tile":"siret3_r009_c005.tif","length_m":51.28},"geometry":{"type":"LineString","coordinates":[[629299.18,5220751.85],[629248.0,5220748.72]]}},{"type":"Feature","properties":{"vineyard_id":"T009_005","row_id":"T009_005-R08","row_structure":"disrupted","tile":"siret3_r009_c005.tif","length_m":42.7},"geometry":{"type":"LineString","coordinates":[[629290.62,5220756.73],[629248.01,5220754.06]]}},{"type":"Feature","properties":{"vineyard_id":"T009_005","row_id":"T009_005-R09","row_structure":"disrupted","tile":"siret3_r009_c005.tif","length_m":51.27},"geometry":{"type":"LineString","coordinates":[[629299.18,5220760.8],[629248.0,5220757.75]]}},{"type":"Feature","properties":{"vineyard_id":"T010_000","row_id":"T010_000-R01","row_structure":"regular","tile":"siret3_r010_c000.tif","length_m":2.59},"geometry":{"type":"LineString","coordinates":[[629041.78,5220710.4],[629043.18,5220708.23]]}},{"type":"Feature","properties":{"vineyard_id":"T010_000","row_id":"T010_000-R02","row_structure":"regular","tile":"siret3_r010_c000.tif","length_m":9.04},"geometry":{"type":"LineString","coordinates":[[629038.13,5220710.4],[629043.18,5220702.9]]}},{"type":"Feature","properties":{"vineyard_id":"T010_000","row_id":"T010_000-R03","row_structure":"regular","tile":"siret3_r010_c000.tif","length_m":15.58},"geometry":{"type":"LineString","coordinates":[[629034.56,5220710.4],[629043.18,5220697.43]]}},{"type":"Feature","properties":{"vineyard_id":"T010_000","row_id":"T010_000-R04","row_structure":"disrupted","tile":"siret3_r010_c000.tif","length_m":22.55},"geometry":{"type":"LineString","coordinates":[[629031.15,5220710.4],[629043.18,5220691.33]]}},{"type":"Feature","properties":{"vineyard_id":"T010_000","row_id":"T010_000-R05","row_structure":"regular","tile":"siret3_r010_c000.tif","length_m":29.18},"geometry":{"type":"LineString","coordinates":[[629027.18,5220710.4],[629043.18,5220686.0]]}},{"type":"Feature","properties":{"vineyard_id":"T010_000","row_id":"T010_000-R06","row_structure":"regular","tile":"siret3_r010_c000.tif","length_m":35.3},"geometry":{"type":"LineString","coordinates":[[629023.95,5220710.4],[629043.18,5220680.8]]}},{"type":"Feature","properties":{"vineyard_id":"T010_000","row_id":"T010_000-R07","row_structure":"regular","tile":"siret3_r010_c000.tif","length_m":42.5},"geometry":{"type":"LineString","coordinates":[[629019.88,5220710.39],[629043.18,5220674.85]]}},{"type":"Feature","properties":{"vineyard_id":"T010_000","row_id":"T010_000-R08","row_structure":"disrupted","tile":"siret3_r010_c000.tif","length_m":34.0},"geometry":{"type":"LineString","coordinates":[[629016.56,5220710.39],[629035.21,5220681.97]]}},{"type":"Feature","properties":{"vineyard_id":"T010_000","row_id":"T010_000-R09","row_structure":"regular","tile":"siret3_r010_c000.tif","length_m":22.3},"geometry":{"type":"LineString","coordinates":[[629013.3,5220710.4],[629025.56,5220691.78]]}},{"type":"Feature","properties":{"vineyard_id":"T010_000","row_id":"T010_000-R10","row_structure":"regular","tile":"siret3_r010_c000.tif","length_m":2.08},"geometry":{"type":"LineString","coordinates":[[629023.5,5220689.41],[629024.68,5220687.7]]}},{"type":"Feature","properties":{"vineyard_id":"T010_001","row_id":"T010_001-R01","row_structure":"regular","tile":"siret3_r010_c001.tif","length_m":9.8},"geometry":{"type":"LineString","coordinates":[[629089.18,5220710.39],[629094.38,5220702.08]]}},{"type":"Feature","properties":{"vineyard_id":"T010_001","row_id":"T010_001-R02","row_structure":"regular","tile":"siret3_r010_c001.tif","length_m":16.69},"geometry":{"type":"LineString","coordinates":[[629085.34,5220710.4],[629094.38,5220696.37]]}},{"type":"Feature","properties":{"vineyard_id":"T010_001","row_id":"T010_001-R03","row_structure":"regular","tile":"siret3_r010_c001.tif","length_m":23.3},"geometry":{"type":"LineString","coordinates":[[629081.61,5220710.4],[629094.38,5220690.91]]}},{"type":"Feature","properties":{"vineyard_id":"T010_001","row_id":"T010_001-R04","row_structure":"regular","tile":"siret3_r010_c001.tif","length_m":29.89},"geometry":{"type":"LineString","coordinates":[[629077.89,5220710.4],[629094.37,5220685.46]]}},{"type":"Feature","properties":{"vineyard_id":"T010_001","row_id":"T010_001-R05","row_structure":"regular","tile":"siret3_r010_c001.tif","length_m":36.33},"geometry":{"type":"LineString","coordinates":[[629074.37,5220710.39],[629094.37,5220680.07]]}},{"type":"Feature","properties":{"vineyard_id":"T010_001","row_id":"T010_001-R06","row_structure":"regular","tile":"siret3_r010_c001.tif","length_m":43.15},"geometry":{"type":"LineString","coordinates":[[629070.75,5220710.4],[629094.37,5220674.29]]}},{"type":"Feature","properties":{"vineyard_id":"T010_001","row_id":"T010_001-R07","row_structure":"regular","tile":"siret3_r010_c001.tif","length_m":49.7},"geometry":{"type":"LineString","coordinates":[[629067.03,5220710.4],[629094.39,5220668.91]]}},{"type":"Feature","properties":{"vineyard_id":"T010_001","row_id":"T010_001-R08","row_structure":"regular","tile":"siret3_r010_c001.tif","length_m":56.31},"geometry":{"type":"LineString","coordinates":[[629063.37,5220710.4],[629094.37,5220663.39]]}},{"type":"Feature","properties":{"vineyard_id":"T010_001","row_id":"T010_001-R09","row_structure":"regular","tile":"siret3_r010_c001.tif","length_m":61.29},"geometry":{"type":"LineString","coordinates":[[629059.72,5220710.4],[629093.46,5220659.23]]}},{"type":"Feature","properties":{"vineyard_id":"T010_001","row_id":"T010_001-R10","row_structure":"regular","tile":"siret3_r010_c001.tif","length_m":61.3},"geometry":{"type":"LineString","coordinates":[[629055.95,5220710.4],[629089.69,5220659.23]]}},{"type":"Feature","properties":{"vineyard_id":"T010_001","row_id":"T010_001-R11","row_structure":"regular","tile":"siret3_r010_c001.tif","length_m":61.27},"geometry":{"type":"LineString","coordinates":[[629052.46,5220710.4],[629086.15,5220659.23]]}},{"type":"Feature","properties":{"vineyard_id":"T010_001","row_id":"T010_001-R12","row_structure":"regular","tile":"siret3_r010_c001.tif","length_m":61.36},"geometry":{"type":"LineString","coordinates":[[629048.94,5220710.4],[629082.76,5220659.21]]}},{"type":"Feature","properties":{"vineyard_id":"T010_001","row_id":"T010_001-R13","row_structure":"regular","tile":"siret3_r010_c001.tif","length_m":61.35},"geometry":{"type":"LineString","coordinates":[[629045.4,5220710.4],[629079.25,5220659.23]]}},{"type":"Feature","properties":{"vineyard_id":"T010_001","row_id":"T010_001-R14","row_structure":"regular","tile":"siret3_r010_c001.tif","length_m":58.87},"geometry":{"type":"LineString","coordinates":[[629043.2,5220708.4],[629075.56,5220659.22]]}},{"type":"Feature","properties":{"vineyard_id":"T010_001","row_id":"T010_001-R15","row_structure":"regular","tile":"siret3_r010_c001.tif","length_m":52.31},"geometry":{"type":"LineString","coordinates":[[629043.2,5220702.91],[629071.97,5220659.22]]}},{"type":"Feature","properties":{"vineyard_id":"T010_001","row_id":"T010_001-R16","row_structure":"regular","tile":"siret3_r010_c001.tif","length_m":45.27},"geometry":{"type":"LineString","coordinates":[[629043.2,5220697.06],[629068.05,5220659.21]]}},{"type":"Feature","properties":{"vineyard_id":"T010_001","row_id":"T010_001-R17","row_structure":"regular","tile":"siret3_r010_c001.tif","length_m":38.6},"geometry":{"type":"LineString","coordinates":[[629043.2,5220691.43],[629064.46,5220659.21]]}},{"type":"Feature","properties":{"vineyard_id":"T010_001","row_id":"T010_001-R18","row_structure":"regular","tile":"siret3_r010_c001.tif","length_m":32.29},"geometry":{"type":"LineString","coordinates":[[629043.2,5220686.29],[629060.81,5220659.23]]}},{"type":"Feature","properties":{"vineyard_id":"T010_001","row_id":"T010_001-R19","row_structure":"regular","tile":"siret3_r010_c001.tif","length_m":25.24},"geometry":{"type":"LineString","coordinates":[[629043.2,5220680.25],[629057.15,5220659.21]]}},{"type":"Feature","properties":{"vineyard_id":"T010_001","row_id":"T010_001-R20","row_structure":"regular","tile":"siret3_r010_c001.tif","length_m":19.1},"geometry":{"type":"LineString","coordinates":[[629043.2,5220675.04],[629053.89,5220659.22]]}},{"type":"Feature","properties":{"vineyard_id":"T010_002","row_id":"T010_002-R01","row_structure":"regular","tile":"siret3_r010_c002.tif","length_m":6.18},"geometry":{"type":"LineString","coordinates":[[629142.3,5220710.4],[629145.59,5220705.17]]}},{"type":"Feature","properties":{"vineyard_id":"T010_002","row_id":"T010_002-R02","row_structure":"regular","tile":"siret3_r010_c002.tif","length_m":12.18},"geometry":{"type":"LineString","coordinates":[[629138.99,5220710.4],[629145.59,5220700.17]]}},{"type":"Feature","properties":{"vineyard_id":"T010_002","row_id":"T010_002-R03","row_structure":"regular","tile":"siret3_r010_c002.tif","length_m":18.49},"geometry":{"type":"LineString","coordinates":[[629135.38,5220710.4],[629145.58,5220694.97]]}},{"type":"Feature","properties":{"vineyard_id":"T010_002","row_id":"T010_002-R04","row_structure":"regular","tile":"siret3_r010_c002.tif","length_m":24.95},"geometry":{"type":"LineString","coordinates":[[629131.83,5220710.4],[629145.58,5220689.58]]}},{"type":"Feature","properties":{"vineyard_id":"T010_002","row_id":"T010_002-R05","row_structure":"disrupted","tile":"siret3_r010_c002.tif","length_m":31.57},"geometry":{"type":"LineString","coordinates":[[629128.3,5220710.4],[629145.57,5220683.97]]}},{"type":"Feature","properties":{"vineyard_id":"T010_002","row_id":"T010_002-R06","row_structure":"regular","tile":"siret3_r010_c002.tif","length_m":38.65},"geometry":{"type":"LineString","coordinates":[[629124.66,5220710.39],[629145.59,5220677.9]]}},{"type":"Feature","properties":{"vineyard_id":"T010_002","row_id":"T010_002-R07","row_structure":"disrupted","tile":"siret3_r010_c002.tif","length_m":44.73},"geometry":{"type":"LineString","coordinates":[[629121.28,5220710.4],[629145.58,5220672.85]]}},{"type":"Feature","properties":{"vineyard_id":"T010_002","row_id":"T010_002-R08","row_structure":"disrupted","tile":"siret3_r010_c002.tif","length_m":50.93},"geometry":{"type":"LineString","coordinates":[[629117.86,5220710.39],[629145.57,5220667.66]]}},{"type":"Feature","properties":{"vineyard_id":"T010_002","row_id":"T010_002-R09","row_structure":"disrupted","tile":"siret3_r010_c002.tif","length_m":57.8},"geometry":{"type":"LineString","coordinates":[[629114.3,5220710.4],[629145.59,5220661.8]]}},{"type":"Feature","properties":{"vineyard_id":"T010_002","row_id":"T010_002-R10","row_structure":"disrupted","tile":"siret3_r010_c002.tif","length_m":61.02},"geometry":{"type":"LineString","coordinates":[[629110.39,5220710.4],[629143.63,5220659.22]]}},{"type":"Feature","properties":{"vineyard_id":"T010_002","row_id":"T010_002-R11","row_structure":"disrupted","tile":"siret3_r010_c002.tif","length_m":57.13},"geometry":{"type":"LineString","coordinates":[[629106.89,5220710.39],[629138.18,5220662.59]]}},{"type":"Feature","properties":{"vineyard_id":"T010_002","row_id":"T010_002-R12","row_structure":"disrupted","tile":"siret3_r010_c002.tif","length_m":61.14},"geometry":{"type":"LineString","coordinates":[[629103.43,5220710.4],[629136.91,5220659.23]]}},{"type":"Feature","properties":{"vineyard_id":"T010_002","row_id":"T010_002-R13","row_structure":"disrupted","tile":"siret3_r010_c002.tif","length_m":61.07},"geometry":{"type":"LineString","coordinates":[[629100.39,5220710.4],[629133.72,5220659.22]]}},{"type":"Feature","properties":{"vineyard_id":"T010_002","row_id":"T010_002-R14","row_structure":"disrupted","tile":"siret3_r010_c002.tif","length_m":61.19},"geometry":{"type":"LineString","coordinates":[[629096.22,5220710.4],[629129.79,5220659.23]]}},{"type":"Feature","properties":{"vineyard_id":"T010_002","row_id":"T010_002-R15","row_structure":"disrupted","tile":"siret3_r010_c002.tif","length_m":58.01},"geometry":{"type":"LineString","coordinates":[[629094.4,5220707.92],[629125.91,5220659.22]]}},{"type":"Feature","properties":{"vineyard_id":"T010_002","row_id":"T010_002-R16","row_structure":"disrupted","tile":"siret3_r010_c002.tif","length_m":51.44},"geometry":{"type":"LineString","coordinates":[[629094.4,5220702.39],[629122.4,5220659.23]]}},{"type":"Feature","properties":{"vineyard_id":"T010_002","row_id":"T010_002-R17","row_structure":"disrupted","tile":"siret3_r010_c002.tif","length_m":44.66},"geometry":{"type":"LineString","coordinates":[[629094.4,5220696.6],[629118.85,5220659.22]]}},{"type":"Feature","properties":{"vineyard_id":"T010_002","row_id":"T010_002-R18","row_structure":"disrupted","tile":"siret3_r010_c002.tif","length_m":38.12},"geometry":{"type":"LineString","coordinates":[[629094.4,5220691.19],[629115.19,5220659.23]]}},{"type":"Feature","properties":{"vineyard_id":"T010_002","row_id":"T010_002-R19","row_structure":"disrupted","tile":"siret3_r010_c002.tif","length_m":31.55},"geometry":{"type":"LineString","coordinates":[[629094.4,5220685.64],[629111.67,5220659.24]]}},{"type":"Feature","properties":{"vineyard_id":"T010_002","row_id":"T010_002-R20","row_structure":"disrupted","tile":"siret3_r010_c002.tif","length_m":24.84},"geometry":{"type":"LineString","coordinates":[[629094.4,5220680.06],[629107.92,5220659.22]]}},{"type":"Feature","properties":{"vineyard_id":"T010_002","row_id":"T010_002-R21","row_structure":"regular","tile":"siret3_r010_c002.tif","length_m":18.05},"geometry":{"type":"LineString","coordinates":[[629094.41,5220674.29],[629104.33,5220659.21]]}},{"type":"Feature","properties":{"vineyard_id":"T010_002","row_id":"T010_002-R22","row_structure":"regular","tile":"siret3_r010_c002.tif","length_m":10.8},"geometry":{"type":"LineString","coordinates":[[629094.4,5220668.39],[629100.13,5220659.23]]}},{"type":"Feature","properties":{"vineyard_id":"T010_002","row_id":"T010_002-R23","row_structure":"regular","tile":"siret3_r010_c002.tif","length_m":3.52},"geometry":{"type":"LineString","coordinates":[[629094.4,5220662.22],[629096.27,5220659.22]]}},{"type":"Feature","properties":{"vineyard_id":"T010_003","row_id":"T010_003-R02","row_structure":"regular","tile":"siret3_r010_c003.tif","length_m":8.88},"geometry":{"type":"LineString","coordinates":[[629193.2,5220710.4],[629196.79,5220702.28]]}},{"type":"Feature","properties":{"vineyard_id":"T010_003","row_id":"T010_003-R03","row_structure":"disrupted","tile":"siret3_r010_c003.tif","length_m":15.7},"geometry":{"type":"LineString","coordinates":[[629190.26,5220710.4],[629196.79,5220696.12]]}},{"type":"Feature","properties":{"vineyard_id":"T010_003","row_id":"T010_003-R04","row_structure":"disrupted","tile":"siret3_r010_c003.tif","length_m":21.99},"geometry":{"type":"LineString","coordinates":[[629187.26,5220710.4],[629196.78,5220690.58]]}},{"type":"Feature","properties":{"vineyard_id":"T010_003","row_id":"T010_003-R05","row_structure":"disrupted","tile":"siret3_r010_c003.tif","length_m":28.73},"geometry":{"type":"LineString","coordinates":[[629184.63,5220710.4],[629196.77,5220684.37]]}},{"type":"Feature","properties":{"vineyard_id":"T010_003","row_id":"T010_003-R06","row_structure":"disrupted","tile":"siret3_r010_c003.tif","length_m":35.33},"geometry":{"type":"LineString","coordinates":[[629181.84,5220710.4],[629196.79,5220678.39]]}},{"type":"Feature","properties":{"vineyard_id":"T010_003","row_id":"T010_003-R07","row_structure":"disrupted","tile":"siret3_r010_c003.tif","length_m":41.7},"geometry":{"type":"LineString","coordinates":[[629179.07,5220710.4],[629196.78,5220672.65]]}},{"type":"Feature","properties":{"vineyard_id":"T010_003","row_id":"T010_003-R08","row_structure":"disrupted","tile":"siret3_r010_c003.tif","length_m":49.18},"geometry":{"type":"LineString","coordinates":[[629176.09,5220710.39],[629196.79,5220665.78]]}},{"type":"Feature","properties":{"vineyard_id":"T010_003","row_id":"T010_003-R09","row_structure":"disrupted","tile":"siret3_r010_c003.tif","length_m":56.45},"geometry":{"type":"LineString","coordinates":[[629172.1,5220710.4],[629195.91,5220659.22]]}},{"type":"Feature","properties":{"vineyard_id":"T010_003","row_id":"T010_003-R10","row_structure":"regular","tile":"siret3_r010_c003.tif","length_m":56.49},"geometry":{"type":"LineString","coordinates":[[629164.95,5220710.4],[629188.88,5220659.23]]}},{"type":"Feature","properties":{"vineyard_id":"T010_003","row_id":"T010_003-R11","row_structure":"disrupted","tile":"siret3_r010_c003.tif","length_m":56.45},"geometry":{"type":"LineString","coordinates":[[629162.1,5220710.4],[629185.92,5220659.23]]}},{"type":"Feature","properties":{"vineyard_id":"T010_003","row_id":"T010_003-R12","row_structure":"disrupted","tile":"siret3_r010_c003.tif","length_m":56.47},"geometry":{"type":"LineString","coordinates":[[629159.48,5220710.4],[629183.4,5220659.24]]}},{"type":"Feature","properties":{"vineyard_id":"T010_003","row_id":"T010_003-R13","row_structure":"regular","tile":"siret3_r010_c003.tif","length_m":34.27},"geometry":{"type":"LineString","coordinates":[[629166.44,5220690.3],[629180.9,5220659.23]]}},{"type":"Feature","properties":{"vineyard_id":"T010_003","row_id":"T010_003-R14","row_structure":"disrupted","tile":"siret3_r010_c003.tif","length_m":56.47},"geometry":{"type":"LineString","coordinates":[[629154.06,5220710.4],[629177.94,5220659.23]]}},{"type":"Feature","properties":{"vineyard_id":"T010_003","row_id":"T010_003-R15","row_structure":"disrupted","tile":"siret3_r010_c003.tif","length_m":56.49},"geometry":{"type":"LineString","coordinates":[[629150.11,5220710.4],[629174.04,5220659.23]]}},{"type":"Feature","properties":{"vineyard_id":"T010_003","row_id":"T010_003-R16","row_structure":"disrupted","tile":"siret3_r010_c003.tif","length_m":56.42},"geometry":{"type":"LineString","coordinates":[[629147.08,5220710.4],[629170.85,5220659.23]]}},{"type":"Feature","properties":{"vineyard_id":"T010_003","row_id":"T010_003-R17","row_structure":"disrupted","tile":"siret3_r010_c003.tif","length_m":52.43},"geometry":{"type":"LineString","coordinates":[[629145.6,5220706.71],[629167.82,5220659.23]]}},{"type":"Feature","properties":{"vineyard_id":"T010_003","row_id":"T010_003-R18","row_structure":"disrupted","tile":"siret3_r010_c003.tif","length_m":46.02},"geometry":{"type":"LineString","coordinates":[[629145.6,5220700.91],[629165.11,5220659.23]]}},{"type":"Feature","properties":{"vineyard_id":"T010_003","row_id":"T010_003-R19","row_structure":"disrupted","tile":"siret3_r010_c003.tif","length_m":40.03},"geometry":{"type":"LineString","coordinates":[[629145.6,5220695.48],[629162.57,5220659.23]]}},{"type":"Feature","properties":{"vineyard_id":"T010_003","row_id":"T010_003-R20","row_structure":"regular","tile":"siret3_r010_c003.tif","length_m":33.5},"geometry":{"type":"LineString","coordinates":[[629145.6,5220689.61],[629159.72,5220659.23]]}},{"type":"Feature","properties":{"vineyard_id":"T010_003","row_id":"T010_003-R21","row_structure":"regular","tile":"siret3_r010_c003.tif","length_m":21.56},"geometry":{"type":"LineString","coordinates":[[629145.6,5220678.75],[629154.71,5220659.21]]}},{"type":"Feature","properties":{"vineyard_id":"T010_003","row_id":"T010_003-R22","row_structure":"disrupted","tile":"siret3_r010_c003.tif","length_m":16.15},"geometry":{"type":"LineString","coordinates":[[629145.6,5220673.82],[629152.48,5220659.22]]}},{"type":"Feature","properties":{"vineyard_id":"T010_003","row_id":"T010_003-R23","row_structure":"disrupted","tile":"siret3_r010_c003.tif","length_m":8.08},"geometry":{"type":"LineString","coordinates":[[629145.6,5220666.49],[629149.13,5220659.23]]}},{"type":"Feature","properties":{"vineyard_id":"T010_004","row_id":"T010_004-R01","row_structure":"regular","tile":"siret3_r010_c004.tif","length_m":5.15},"geometry":{"type":"LineString","coordinates":[[629247.99,5220664.32],[629247.18,5220659.23]]}},{"type":"Feature","properties":{"vineyard_id":"T010_004","row_id":"T010_004-R02","row_structure":"regular","tile":"siret3_r010_c004.tif","length_m":51.8},"geometry":{"type":"LineString","coordinates":[[629239.97,5220710.39],[629231.91,5220659.22]]}},{"type":"Feature","properties":{"vineyard_id":"T010_004","row_id":"T010_004-R03","row_structure":"regular","tile":"siret3_r010_c004.tif","length_m":51.8},"geometry":{"type":"LineString","coordinates":[[629218.52,5220710.4],[629210.42,5220659.24]]}},{"type":"Feature","properties":{"vineyard_id":"T010_004","row_id":"T010_004-R04","row_structure":"regular","tile":"siret3_r010_c004.tif","length_m":51.82},"geometry":{"type":"LineString","coordinates":[[629216.37,5220710.4],[629208.26,5220659.22]]}},{"type":"Feature","properties":{"vineyard_id":"T010_004","row_id":"T010_004-R05","row_structure":"regular","tile":"siret3_r010_c004.tif","length_m":51.83},"geometry":{"type":"LineString","coordinates":[[629212.91,5220710.4],[629204.77,5220659.22]]}},{"type":"Feature","properties":{"vineyard_id":"T010_004","row_id":"T010_004-R06","row_structure":"disrupted","tile":"siret3_r010_c004.tif","length_m":51.82},"geometry":{"type":"LineString","coordinates":[[629210.47,5220710.4],[629202.37,5220659.22]]}},{"type":"Feature","properties":{"vineyard_id":"T010_004","row_id":"T010_004-R07","row_structure":"disrupted","tile":"siret3_r010_c004.tif","length_m":51.8},"geometry":{"type":"LineString","coordinates":[[629208.14,5220710.4],[629200.04,5220659.23]]}},{"type":"Feature","properties":{"vineyard_id":"T010_004","row_id":"T010_004-R08","row_structure":"regular","tile":"siret3_r010_c004.tif","length_m":46.72},"geometry":{"type":"LineString","coordinates":[[629205.79,5220710.39],[629198.48,5220664.24]]}},{"type":"Feature","properties":{"vineyard_id":"T010_004","row_id":"T010_004-R09","row_structure":"regular","tile":"siret3_r010_c004.tif","length_m":17.39},"geometry":{"type":"LineString","coordinates":[[629199.23,5220710.39],[629196.8,5220693.17]]}},{"type":"Feature","properties":{"vineyard_id":"T011_002","row_id":"T011_002-R01","row_structure":"regular","tile":"siret3_r011_c002.tif","length_m":13.5},"geometry":{"type":"LineString","coordinates":[[629145.57,5220612.93],[629133.0,5220608.01]]}},{"type":"Feature","properties":{"vineyard_id":"T011_002","row_id":"T011_002-R02","row_structure":"disrupted","tile":"siret3_r011_c002.tif","length_m":18.85},"geometry":{"type":"LineString","coordinates":[[629145.58,5220614.82],[629127.99,5220608.03]]}},{"type":"Feature","properties":{"vineyard_id":"T011_002","row_id":"T011_002-R03","row_structure":"regular","tile":"siret3_r011_c002.tif","length_m":25.7},"geometry":{"type":"LineString","coordinates":[[629145.58,5220617.36],[629121.64,5220608.02]]}},{"type":"Feature","properties":{"vineyard_id":"T011_002","row_id":"T011_002-R04","row_structure":"regular","tile":"siret3_r011_c002.tif","length_m":32.57},"geometry":{"type":"LineString","coordinates":[[629145.58,5220619.89],[629115.25,5220608.0]]}},{"type":"Feature","properties":{"vineyard_id":"T011_002","row_id":"T011_002-R05","row_structure":"regular","tile":"siret3_r011_c002.tif","length_m":36.25},"geometry":{"type":"LineString","coordinates":[[629145.58,5220621.26],[629111.83,5220608.03]]}},{"type":"Feature","properties":{"vineyard_id":"T011_002","row_id":"T011_002-R06","row_structure":"regular","tile":"siret3_r011_c002.tif","length_m":43.08},"geometry":{"type":"LineString","coordinates":[[629145.57,5220623.7],[629105.44,5220608.02]]}},{"type":"Feature","properties":{"vineyard_id":"T011_002","row_id":"T011_002-R07","row_structure":"disrupted","tile":"siret3_r011_c002.tif","length_m":49.82},"geometry":{"type":"LineString","coordinates":[[629145.59,5220626.11],[629099.16,5220608.01]]}},{"type":"Feature","properties":{"vineyard_id":"T011_002","row_id":"T011_002-R08","row_structure":"regular","tile":"siret3_r011_c002.tif","length_m":54.5},"geometry":{"type":"LineString","coordinates":[[629145.56,5220630.48],[629094.82,5220610.61]]}},{"type":"Feature","properties":{"vineyard_id":"T011_002","row_id":"T011_002-R09","row_structure":"regular","tile":"siret3_r011_c002.tif","length_m":54.97},"geometry":{"type":"LineString","coordinates":[[629145.57,5220631.89],[629094.4,5220611.8]]}},{"type":"Feature","properties":{"vineyard_id":"T011_002","row_id":"T011_002-R10","row_structure":"regular","tile":"siret3_r011_c002.tif","length_m":54.95},"geometry":{"type":"LineString","coordinates":[[629145.57,5220633.95],[629094.41,5220613.91]]}},{"type":"Feature","properties":{"vineyard_id":"T011_002","row_id":"T011_002-R11","row_structure":"regular","tile":"siret3_r011_c002.tif","length_m":54.97},"geometry":{"type":"LineString","coordinates":[[629145.58,5220636.4],[629094.4,5220616.34]]}},{"type":"Feature","properties":{"vineyard_id":"T011_002","row_id":"T011_002-R12","row_structure":"regular","tile":"siret3_r011_c002.tif","length_m":54.95},"geometry":{"type":"LineString","coordinates":[[629145.57,5220639.03],[629094.41,5220618.98]]}},{"type":"Feature","properties":{"vineyard_id":"T011_002","row_id":"T011_002-R13","row_structure":"regular","tile":"siret3_r011_c002.tif","length_m":54.95},"geometry":{"type":"LineString","coordinates":[[629145.56,5220641.31],[629094.4,5220621.26]]}},{"type":"Feature","properties":{"vineyard_id":"T011_002","row_id":"T011_002-R14","row_structure":"disrupted","tile":"siret3_r011_c002.tif","length_m":54.99},"geometry":{"type":"LineString","coordinates":[[629145.59,5220643.58],[629094.4,5220623.48]]}},{"type":"Feature","properties":{"vineyard_id":"T011_002","row_id":"T011_002-R15","row_structure":"regular","tile":"siret3_r011_c002.tif","length_m":54.99},"geometry":{"type":"LineString","coordinates":[[629145.59,5220650.56],[629094.4,5220630.46]]}},{"type":"Feature","properties":{"vineyard_id":"T011_002","row_id":"T011_002-R16","row_structure":"regular","tile":"siret3_r011_c002.tif","length_m":54.98},"geometry":{"type":"LineString","coordinates":[[629145.58,5220652.78],[629094.41,5220632.69]]}},{"type":"Feature","properties":{"vineyard_id":"T011_002","row_id":"T011_002-R17","row_structure":"regular","tile":"siret3_r011_c002.tif","length_m":54.95},"geometry":{"type":"LineString","coordinates":[[629145.58,5220657.24],[629094.41,5220637.19]]}},{"type":"Feature","properties":{"vineyard_id":"T011_002","row_id":"T011_002-R18","row_structure":"disrupted","tile":"siret3_r011_c002.tif","length_m":55.0},"geometry":{"type":"LineString","coordinates":[[629145.58,5220658.74],[629094.4,5220638.59]]}},{"type":"Feature","properties":{"vineyard_id":"T011_002","row_id":"T011_002-R19","row_structure":"disrupted","tile":"siret3_r011_c002.tif","length_m":44.61},"geometry":{"type":"LineString","coordinates":[[629135.94,5220657.7],[629094.4,5220641.44]]}},{"type":"Feature","properties":{"vineyard_id":"T011_002","row_id":"T011_002-R20","row_structure":"regular","tile":"siret3_r011_c002.tif","length_m":42.89},"geometry":{"type":"LineString","coordinates":[[629134.34,5220659.2],[629094.4,5220643.55]]}},{"type":"Feature","properties":{"vineyard_id":"T011_002","row_id":"T011_002-R21","row_structure":"regular","tile":"siret3_r011_c002.tif","length_m":36.9},"geometry":{"type":"LineString","coordinates":[[629128.78,5220659.2],[629094.41,5220645.77]]}},{"type":"Feature","properties":{"vineyard_id":"T011_002","row_id":"T011_002-R22","row_structure":"regular","tile":"siret3_r011_c002.tif","length_m":26.1},"geometry":{"type":"LineString","coordinates":[[629118.73,5220659.2],[629094.4,5220649.77]]}},{"type":"Feature","properties":{"vineyard_id":"T011_002","row_id":"T011_002-R23","row_structure":"regular","tile":"siret3_r011_c002.tif","length_m":2.84},"geometry":{"type":"LineString","coordinates":[[629097.05,5220659.2],[629094.4,5220658.19]]}},{"type":"Feature","properties":{"vineyard_id":"T011_003","row_id":"T011_003-R01","row_structure":"regular","tile":"siret3_r011_c003.tif","length_m":17.73},"geometry":{"type":"LineString","coordinates":[[629196.78,5220623.14],[629187.53,5220608.02]]}},{"type":"Feature","properties":{"vineyard_id":"T011_003","row_id":"T011_003-R02","row_structure":"regular","tile":"siret3_r011_c003.tif","length_m":23.48},"geometry":{"type":"LineString","coordinates":[[629196.79,5220628.0],[629184.47,5220608.02]]}},{"type":"Feature","properties":{"vineyard_id":"T011_003","row_id":"T011_003-R03","row_structure":"regular","tile":"siret3_r011_c003.tif","length_m":29.73},"geometry":{"type":"LineString","coordinates":[[629196.77,5220633.23],[629181.01,5220608.03]]}},{"type":"Feature","properties":{"vineyard_id":"T011_003","row_id":"T011_003-R04","row_structure":"regular","tile":"siret3_r011_c003.tif","length_m":37.13},"geometry":{"type":"LineString","coordinates":[[629196.79,5220639.5],[629177.11,5220608.02]]}},{"type":"Feature","properties":{"vineyard_id":"T011_003","row_id":"T011_003-R05","row_structure":"regular","tile":"siret3_r011_c003.tif","length_m":43.3},"geometry":{"type":"LineString","coordinates":[[629196.79,5220644.75],[629173.85,5220608.02]]}},{"type":"Feature","properties":{"vineyard_id":"T011_003","row_id":"T011_003-R06","row_structure":"regular","tile":"siret3_r011_c003.tif","length_m":51.05},"geometry":{"type":"LineString","coordinates":[[629196.79,5220651.35],[629169.8,5220608.02]]}},{"type":"Feature","properties":{"vineyard_id":"T011_003","row_id":"T011_003-R07","row_structure":"regular","tile":"siret3_r011_c003.tif","length_m":58.4},"geometry":{"type":"LineString","coordinates":[[629196.78,5220657.57],[629165.88,5220608.02]]}},{"type":"Feature","properties":{"vineyard_id":"T011_003","row_id":"T011_003-R08","row_structure":"regular","tile":"siret3_r011_c003.tif","length_m":60.37},"geometry":{"type":"LineString","coordinates":[[629194.55,5220659.2],[629162.52,5220608.03]]}},{"type":"Feature","properties":{"vineyard_id":"T011_003","row_id":"T011_003-R09","row_structure":"regular","tile":"siret3_r011_c003.tif","length_m":60.35},"geometry":{"type":"LineString","coordinates":[[629190.97,5220659.2],[629158.99,5220608.02]]}},{"type":"Feature","properties":{"vineyard_id":"T011_003","row_id":"T011_003-R10","row_structure":"disrupted","tile":"siret3_r011_c003.tif","length_m":60.36},"geometry":{"type":"LineString","coordinates":[[629187.27,5220659.2],[629155.25,5220608.03]]}},{"type":"Feature","properties":{"vineyard_id":"T011_003","row_id":"T011_003-R11","row_structure":"disrupted","tile":"siret3_r011_c003.tif","length_m":60.38},"geometry":{"type":"LineString","coordinates":[[629183.25,5220659.2],[629151.23,5220608.01]]}},{"type":"Feature","properties":{"vineyard_id":"T011_003","row_id":"T011_003-R12","row_structure":"disrupted","tile":"siret3_r011_c003.tif","length_m":60.36},"geometry":{"type":"LineString","coordinates":[[629178.92,5220659.2],[629146.9,5220608.03]]}},{"type":"Feature","properties":{"vineyard_id":"T011_003","row_id":"T011_003-R13","row_structure":"regular","tile":"siret3_r011_c003.tif","length_m":55.84},"geometry":{"type":"LineString","coordinates":[[629175.2,5220659.2],[629145.61,5220611.84]]}},{"type":"Feature","properties":{"vineyard_id":"T011_003","row_id":"T011_003-R14","row_structure":"disrupted","tile":"siret3_r011_c003.tif","length_m":49.68},"geometry":{"type":"LineString","coordinates":[[629171.91,5220659.2],[629145.6,5220617.06]]}},{"type":"Feature","properties":{"vineyard_id":"T011_003","row_id":"T011_003-R15","row_structure":"disrupted","tile":"siret3_r011_c003.tif","length_m":42.09},"geometry":{"type":"LineString","coordinates":[[629167.85,5220659.2],[629145.6,5220623.48]]}},{"type":"Feature","properties":{"vineyard_id":"T011_003","row_id":"T011_003-R16","row_structure":"regular","tile":"siret3_r011_c003.tif","length_m":34.46},"geometry":{"type":"LineString","coordinates":[[629163.92,5220659.2],[629145.6,5220630.01]]}},{"type":"Feature","properties":{"vineyard_id":"T011_003","row_id":"T011_003-R17","row_structure":"regular","tile":"siret3_r011_c003.tif","length_m":28.37},"geometry":{"type":"LineString","coordinates":[[629160.64,5220659.2],[629145.6,5220635.14]]}},{"type":"Feature","properties":{"vineyard_id":"T011_003","row_id":"T011_003-R18","row_structure":"regular","tile":"siret3_r011_c003.tif","length_m":21.98},"geometry":{"type":"LineString","coordinates":[[629157.26,5220659.2],[629145.6,5220640.57]]}},{"type":"Feature","properties":{"vineyard_id":"T011_003","row_id":"T011_003-R19","row_structure":"regular","tile":"siret3_r011_c003.tif","length_m":7.53},"geometry":{"type":"LineString","coordinates":[[629149.42,5220659.19],[629145.6,5220652.71]]}},{"type":"Feature","properties":{"vineyard_id":"T011_004","row_id":"T011_004-R01","row_structure":"regular","tile":"siret3_r011_c004.tif","length_m":27.38},"geometry":{"type":"LineString","coordinates":[[629247.96,5220609.58],[629220.63,5220608.02]]}},{"type":"Feature","properties":{"vineyard_id":"T011_004","row_id":"T011_004-R02","row_structure":"regular","tile":"siret3_r011_c004.tif","length_m":51.29},"geometry":{"type":"LineString","coordinates":[[629247.97,5220630.66],[629196.8,5220627.09]]}},{"type":"Feature","properties":{"vineyard_id":"T011_004","row_id":"T011_004-R03","row_structure":"regular","tile":"siret3_r011_c004.tif","length_m":51.3},"geometry":{"type":"LineString","coordinates":[[629247.98,5220633.05],[629196.8,5220629.43]]}},{"type":"Feature","properties":{"vineyard_id":"T011_004","row_id":"T011_004-R04","row_structure":"regular","tile":"siret3_r011_c004.tif","length_m":51.29},"geometry":{"type":"LineString","coordinates":[[629247.97,5220635.73],[629196.8,5220632.15]]}},{"type":"Feature","properties":{"vineyard_id":"T011_004","row_id":"T011_004-R05","row_structure":"regular","tile":"siret3_r011_c004.tif","length_m":51.3},"geometry":{"type":"LineString","coordinates":[[629247.97,5220638.16],[629196.8,5220634.58]]}},{"type":"Feature","properties":{"vineyard_id":"T011_004","row_id":"T011_004-R06","row_structure":"regular","tile":"siret3_r011_c004.tif","length_m":51.3},"geometry":{"type":"LineString","coordinates":[[629247.97,5220640.98],[629196.8,5220637.35]]}},{"type":"Feature","properties":{"vineyard_id":"T011_004","row_id":"T011_004-R07","row_structure":"regular","tile":"siret3_r011_c004.tif","length_m":51.3},"geometry":{"type":"LineString","coordinates":[[629247.98,5220653.8],[629196.81,5220650.21]]}},{"type":"Feature","properties":{"vineyard_id":"T011_004","row_id":"T011_004-R08","row_structure":"regular","tile":"siret3_r011_c004.tif","length_m":51.3},"geometry":{"type":"LineString","coordinates":[[629247.99,5220657.65],[629196.81,5220654.12]]}},{"type":"Feature","properties":{"vineyard_id":"T011_004","row_id":"T011_004-R09","row_structure":"regular","tile":"siret3_r011_c004.tif","length_m":38.9},"geometry":{"type":"LineString","coordinates":[[629235.62,5220659.2],[629196.8,5220656.73]]}},{"type":"Feature","properties":{"vineyard_id":"T011_007","row_id":"T011_007-R01","row_structure":"regular","tile":"siret3_r011_c007.tif","length_m":23.23},"geometry":{"type":"LineString","coordinates":[[629396.58,5220609.56],[629373.4,5220608.01]]}},{"type":"Feature","properties":{"vineyard_id":"T011_007","row_id":"T011_007-R02","row_structure":"regular","tile":"siret3_r011_c007.tif","length_m":47.29},"geometry":{"type":"LineString","coordinates":[[629397.53,5220612.59],[629350.4,5220608.69]]}},{"type":"Feature","properties":{"vineyard_id":"T011_007","row_id":"T011_007-R03","row_structure":"regular","tile":"siret3_r011_c007.tif","length_m":51.33},"geometry":{"type":"LineString","coordinates":[[629401.57,5220615.41],[629350.41,5220611.21]]}},{"type":"Feature","properties":{"vineyard_id":"T011_007","row_id":"T011_007-R04","row_structure":"regular","tile":"siret3_r011_c007.tif","length_m":51.35},"geometry":{"type":"LineString","coordinates":[[629401.58,5220617.64],[629350.4,5220613.44]]}},{"type":"Feature","properties":{"vineyard_id":"T011_007","row_id":"T011_007-R05","row_structure":"regular","tile":"siret3_r011_c007.tif","length_m":51.35},"geometry":{"type":"LineString","coordinates":[[629401.58,5220620.67],[629350.4,5220616.5]]}},{"type":"Feature","properties":{"vineyard_id":"T011_007","row_id":"T011_007-R06","row_structure":"regular","tile":"siret3_r011_c007.tif","length_m":51.35},"geometry":{"type":"LineString","coordinates":[[629401.58,5220623.79],[629350.4,5220619.58]]}},{"type":"Feature","properties":{"vineyard_id":"T011_007","row_id":"T011_007-R07","row_structure":"disrupted","tile":"siret3_r011_c007.tif","length_m":51.35},"geometry":{"type":"LineString","coordinates":[[629401.58,5220625.88],[629350.4,5220621.72]]}},{"type":"Feature","properties":{"vineyard_id":"T011_007","row_id":"T011_007-R08","row_structure":"disrupted","tile":"siret3_r011_c007.tif","length_m":51.35},"geometry":{"type":"LineString","coordinates":[[629401.58,5220629.01],[629350.4,5220624.77]]}},{"type":"Feature","properties":{"vineyard_id":"T011_007","row_id":"T011_007-R09","row_structure":"regular","tile":"siret3_r011_c007.tif","length_m":51.35},"geometry":{"type":"LineString","coordinates":[[629401.58,5220631.13],[629350.4,5220626.9]]}},{"type":"Feature","properties":{"vineyard_id":"T011_007","row_id":"T011_007-R10","row_structure":"regular","tile":"siret3_r011_c007.tif","length_m":51.34},"geometry":{"type":"LineString","coordinates":[[629401.57,5220633.05],[629350.4,5220628.81]]}},{"type":"Feature","properties":{"vineyard_id":"T011_007","row_id":"T011_007-R11","row_structure":"regular","tile":"siret3_r011_c007.tif","length_m":51.35},"geometry":{"type":"LineString","coordinates":[[629401.58,5220635.07],[629350.4,5220630.87]]}},{"type":"Feature","properties":{"vineyard_id":"T011_007","row_id":"T011_007-R12","row_structure":"regular","tile":"siret3_r011_c007.tif","length_m":51.32},"geometry":{"type":"LineString","coordinates":[[629401.57,5220637.35],[629350.41,5220633.18]]}},{"type":"Feature","properties":{"vineyard_id":"T011_007","row_id":"T011_007-R13","row_structure":"disrupted","tile":"siret3_r011_c007.tif","length_m":51.35},"geometry":{"type":"LineString","coordinates":[[629401.57,5220641.88],[629350.4,5220637.64]]}},{"type":"Feature","properties":{"vineyard_id":"T011_007","row_id":"T011_007-R14","row_structure":"disrupted","tile":"siret3_r011_c007.tif","length_m":51.34},"geometry":{"type":"LineString","coordinates":[[629401.58,5220643.34],[629350.4,5220639.17]]}},{"type":"Feature","properties":{"vineyard_id":"T011_007","row_id":"T011_007-R15","row_structure":"disrupted","tile":"siret3_r011_c007.tif","length_m":51.35},"geometry":{"type":"LineString","coordinates":[[629401.58,5220646.67],[629350.41,5220642.4]]}},{"type":"Feature","properties":{"vineyard_id":"T011_007","row_id":"T011_007-R16","row_structure":"disrupted","tile":"siret3_r011_c007.tif","length_m":51.35},"geometry":{"type":"LineString","coordinates":[[629401.59,5220648.71],[629350.41,5220644.48]]}},{"type":"Feature","properties":{"vineyard_id":"T011_007","row_id":"T011_007-R17","row_structure":"disrupted","tile":"siret3_r011_c007.tif","length_m":51.32},"geometry":{"type":"LineString","coordinates":[[629401.56,5220651.42],[629350.41,5220647.23]]}},{"type":"Feature","properties":{"vineyard_id":"T011_007","row_id":"T011_007-R18","row_structure":"disrupted","tile":"siret3_r011_c007.tif","length_m":51.35},"geometry":{"type":"LineString","coordinates":[[629401.58,5220653.69],[629350.4,5220649.48]]}},{"type":"Feature","properties":{"vineyard_id":"T011_007","row_id":"T011_007-R19","row_structure":"disrupted","tile":"siret3_r011_c007.tif","length_m":51.33},"geometry":{"type":"LineString","coordinates":[[629401.57,5220655.68],[629350.41,5220651.52]]}},{"type":"Feature","properties":{"vineyard_id":"T011_007","row_id":"T011_007-R20","row_structure":"regular","tile":"siret3_r011_c007.tif","length_m":21.37},"geometry":{"type":"LineString","coordinates":[[629371.72,5220659.2],[629350.41,5220657.62]]}},{"type":"Feature","properties":{"vineyard_id":"T011_007","row_id":"T011_007-R21","row_structure":"regular","tile":"siret3_r011_c007.tif","length_m":1.2},"geometry":{"type":"LineString","coordinates":[[629351.61,5220659.2],[629350.41,5220659.1]]}},{"type":"Feature","properties":{"vineyard_id":"T011_008","row_id":"T011_008-R01","row_structure":"regular","tile":"siret3_r011_c008.tif","length_m":10.5},"geometry":{"type":"LineString","coordinates":[[629452.78,5220609.48],[629442.38,5220608.01]]}},{"type":"Feature","properties":{"vineyard_id":"T011_008","row_id":"T011_008-R02","row_structure":"regular","tile":"siret3_r011_c008.tif","length_m":19.78},"geometry":{"type":"LineString","coordinates":[[629452.77,5220610.96],[629433.21,5220608.03]]}},{"type":"Feature","properties":{"vineyard_id":"T011_008","row_id":"T011_008-R03","row_structure":"disrupted","tile":"siret3_r011_c008.tif","length_m":30.08},"geometry":{"type":"LineString","coordinates":[[629438.74,5220612.52],[629409.01,5220608.01]]}},{"type":"Feature","properties":{"vineyard_id":"T011_008","row_id":"T011_008-R04","row_structure":"regular","tile":"siret3_r011_c008.tif","length_m":30.55},"geometry":{"type":"LineString","coordinates":[[629437.85,5220615.58],[629407.68,5220610.75]]}},{"type":"Feature","properties":{"vineyard_id":"T011_008","row_id":"T011_008-R05","row_structure":"regular","tile":"siret3_r011_c008.tif","length_m":31.6},"geometry":{"type":"LineString","coordinates":[[629441.97,5220623.84],[629410.77,5220618.81]]}},{"type":"Feature","properties":{"vineyard_id":"T011_008","row_id":"T011_008-R06","row_structure":"disrupted","tile":"siret3_r011_c008.tif","length_m":40.98},"geometry":{"type":"LineString","coordinates":[[629452.77,5220632.92],[629412.31,5220626.4]]}},{"type":"Feature","properties":{"vineyard_id":"T011_008","row_id":"T011_008-R07","row_structure":"disrupted","tile":"siret3_r011_c008.tif","length_m":51.84},"geometry":{"type":"LineString","coordinates":[[629452.78,5220635.22],[629401.6,5220626.94]]}},{"type":"Feature","properties":{"vineyard_id":"T011_008","row_id":"T011_008-R08","row_structure":"disrupted","tile":"siret3_r011_c008.tif","length_m":51.84},"geometry":{"type":"LineString","coordinates":[[629452.78,5220637.45],[629401.6,5220629.18]]}},{"type":"Feature","properties":{"vineyard_id":"T011_008","row_id":"T011_008-R09","row_structure":"disrupted","tile":"siret3_r011_c008.tif","length_m":51.82},"geometry":{"type":"LineString","coordinates":[[629452.78,5220640.91],[629401.61,5220632.73]]}},{"type":"Feature","properties":{"vineyard_id":"T011_008","row_id":"T011_008-R10","row_structure":"disrupted","tile":"siret3_r011_c008.tif","length_m":51.83},"geometry":{"type":"LineString","coordinates":[[629452.77,5220642.36],[629401.61,5220634.13]]}},{"type":"Feature","properties":{"vineyard_id":"T011_008","row_id":"T011_008-R11","row_structure":"disrupted","tile":"siret3_r011_c008.tif","length_m":51.84},"geometry":{"type":"LineString","coordinates":[[629452.76,5220647.49],[629401.6,5220639.14]]}},{"type":"Feature","properties":{"vineyard_id":"T011_008","row_id":"T011_008-R12","row_structure":"disrupted","tile":"siret3_r011_c008.tif","length_m":45.7},"geometry":{"type":"LineString","coordinates":[[629446.75,5220648.52],[629401.6,5220641.45]]}},{"type":"Feature","properties":{"vineyard_id":"T011_008","row_id":"T011_008-R13","row_structure":"disrupted","tile":"siret3_r011_c008.tif","length_m":45.98},"geometry":{"type":"LineString","coordinates":[[629446.98,5220651.21],[629401.6,5220643.81]]}},{"type":"Feature","properties":{"vineyard_id":"T011_008","row_id":"T011_008-R14","row_structure":"disrupted","tile":"siret3_r011_c008.tif","length_m":45.53},"geometry":{"type":"LineString","coordinates":[[629446.55,5220653.55],[629401.61,5220646.31]]}},{"type":"Feature","properties":{"vineyard_id":"T011_008","row_id":"T011_008-R15","row_structure":"disrupted","tile":"siret3_r011_c008.tif","length_m":43.57},"geometry":{"type":"LineString","coordinates":[[629444.64,5220656.19],[629401.6,5220649.36]]}},{"type":"Feature","properties":{"vineyard_id":"T011_008","row_id":"T011_008-R16","row_structure":"disrupted","tile":"siret3_r011_c008.tif","length_m":39.39},"geometry":{"type":"LineString","coordinates":[[629440.5,5220658.15],[629401.6,5220651.94]]}},{"type":"Feature","properties":{"vineyard_id":"T011_008","row_id":"T011_008-R17","row_structure":"disrupted","tile":"siret3_r011_c008.tif","length_m":34.4},"geometry":{"type":"LineString","coordinates":[[629435.57,5220659.2],[629401.6,5220653.75]]}},{"type":"Feature","properties":{"vineyard_id":"T011_008","row_id":"T011_008-R18","row_structure":"regular","tile":"siret3_r011_c008.tif","length_m":10.02},"geometry":{"type":"LineString","coordinates":[[629411.49,5220659.2],[629401.6,5220657.62]]}},{"type":"Feature","properties":{"vineyard_id":"T012_002","row_id":"T012_002-R02","row_structure":"regular","tile":"siret3_r012_c002.tif","length_m":6.41},"geometry":{"type":"LineString","coordinates":[[629140.0,5220608.0],[629145.58,5220604.86]]}},{"type":"Feature","properties":{"vineyard_id":"T012_002","row_id":"T012_002-R03","row_structure":"regular","tile":"siret3_r012_c002.tif","length_m":12.5},"geometry":{"type":"LineString","coordinates":[[629134.6,5220608.0],[629145.57,5220601.99]]}},{"type":"Feature","properties":{"vineyard_id":"T012_002","row_id":"T012_002-R04","row_structure":"regular","tile":"siret3_r012_c002.tif","length_m":18.32},"geometry":{"type":"LineString","coordinates":[[629129.5,5220608.0],[629145.59,5220599.25]]}},{"type":"Feature","properties":{"vineyard_id":"T012_002","row_id":"T012_002-R05","row_structure":"disrupted","tile":"siret3_r012_c002.tif","length_m":23.35},"geometry":{"type":"LineString","coordinates":[[629125.12,5220608.0],[629145.58,5220596.75]]}},{"type":"Feature","properties":{"vineyard_id":"T012_002","row_id":"T012_002-R06","row_structure":"regular","tile":"siret3_r012_c002.tif","length_m":31.84},"geometry":{"type":"LineString","coordinates":[[629117.64,5220608.0],[629145.56,5220592.7]]}},{"type":"Feature","properties":{"vineyard_id":"T012_002","row_id":"T012_002-R07","row_structure":"disrupted","tile":"siret3_r012_c002.tif","length_m":36.37},"geometry":{"type":"LineString","coordinates":[[629113.74,5220608.0],[629145.58,5220590.41]]}},{"type":"Feature","properties":{"vineyard_id":"T012_002","row_id":"T012_002-R08","row_structure":"disrupted","tile":"siret3_r012_c002.tif","length_m":40.95},"geometry":{"type":"LineString","coordinates":[[629109.77,5220608.0],[629145.58,5220588.14]]}},{"type":"Feature","properties":{"vineyard_id":"T012_002","row_id":"T012_002-R09","row_structure":"regular","tile":"siret3_r012_c002.tif","length_m":48.79},"geometry":{"type":"LineString","coordinates":[[629102.95,5220608.0],[629145.58,5220584.28]]}},{"type":"Feature","properties":{"vineyard_id":"T012_002","row_id":"T012_002-R10","row_structure":"disrupted","tile":"siret3_r012_c002.tif","length_m":55.27},"geometry":{"type":"LineString","coordinates":[[629097.22,5220608.0],[629145.58,5220581.24]]}},{"type":"Feature","properties":{"vineyard_id":"T012_002","row_id":"T012_002-R11","row_structure":"regular","tile":"siret3_r012_c002.tif","length_m":54.43},"geometry":{"type":"LineString","coordinates":[[629098.01,5220605.87],[629145.58,5220579.42]]}},{"type":"Feature","properties":{"vineyard_id":"T012_002","row_id":"T012_002-R14","row_structure":"regular","tile":"siret3_r012_c002.tif","length_m":40.22},"geometry":{"type":"LineString","coordinates":[[629110.43,5220591.41],[629145.59,5220571.87]]}},{"type":"Feature","properties":{"vineyard_id":"T012_002","row_id":"T012_002-R15","row_structure":"regular","tile":"siret3_r012_c002.tif","length_m":37.52},"geometry":{"type":"LineString","coordinates":[[629112.79,5220587.93],[629145.59,5220569.7]]}},{"type":"Feature","properties":{"vineyard_id":"T012_002","row_id":"T012_002-R17","row_structure":"regular","tile":"siret3_r012_c002.tif","length_m":22.7},"geometry":{"type":"LineString","coordinates":[[629125.79,5220572.66],[629145.58,5220561.54]]}},{"type":"Feature","properties":{"vineyard_id":"T012_003","row_id":"T012_003-R01","row_structure":"regular","tile":"siret3_r012_c003.tif","length_m":1.57},"geometry":{"type":"LineString","coordinates":[[629195.4,5220608.0],[629196.78,5220607.26]]}},{"type":"Feature","properties":{"vineyard_id":"T012_003","row_id":"T012_003-R02","row_structure":"regular","tile":"siret3_r012_c003.tif","length_m":7.73},"geometry":{"type":"LineString","coordinates":[[629189.97,5220608.0],[629196.77,5220604.34]]}},{"type":"Feature","properties":{"vineyard_id":"T012_003","row_id":"T012_003-R03","row_structure":"regular","tile":"siret3_r012_c003.tif","length_m":13.65},"geometry":{"type":"LineString","coordinates":[[629184.71,5220608.0],[629196.78,5220601.61]]}},{"type":"Feature","properties":{"vineyard_id":"T012_003","row_id":"T012_003-R04","row_structure":"regular","tile":"siret3_r012_c003.tif","length_m":19.15},"geometry":{"type":"LineString","coordinates":[[629179.89,5220608.0],[629196.77,5220598.96]]}},{"type":"Feature","properties":{"vineyard_id":"T012_003","row_id":"T012_003-R05","row_structure":"regular","tile":"siret3_r012_c003.tif","length_m":24.42},"geometry":{"type":"LineString","coordinates":[[629175.16,5220608.0],[629196.77,5220596.63]]}},{"type":"Feature","properties":{"vineyard_id":"T012_003","row_id":"T012_003-R06","row_structure":"regular","tile":"siret3_r012_c003.tif","length_m":29.39},"geometry":{"type":"LineString","coordinates":[[629170.84,5220608.0],[629196.78,5220594.17]]}},{"type":"Feature","properties":{"vineyard_id":"T012_003","row_id":"T012_003-R07","row_structure":"regular","tile":"siret3_r012_c003.tif","length_m":35.29},"geometry":{"type":"LineString","coordinates":[[629165.68,5220608.0],[629196.76,5220591.29]]}},{"type":"Feature","properties":{"vineyard_id":"T012_003","row_id":"T012_003-R08","row_structure":"regular","tile":"siret3_r012_c003.tif","length_m":40.81},"geometry":{"type":"LineString","coordinates":[[629160.79,5220608.0],[629196.76,5220588.71]]}},{"type":"Feature","properties":{"vineyard_id":"T012_003","row_id":"T012_003-R09","row_structure":"regular","tile":"siret3_r012_c003.tif","length_m":46.1},"geometry":{"type":"LineString","coordinates":[[629156.12,5220608.0],[629196.78,5220586.28]]}},{"type":"Feature","properties":{"vineyard_id":"T012_003","row_id":"T012_003-R10","row_structure":"regular","tile":"siret3_r012_c003.tif","length_m":51.35},"geometry":{"type":"LineString","coordinates":[[629151.55,5220608.0],[629196.77,5220583.66]]}},{"type":"Feature","properties":{"vineyard_id":"T012_003","row_id":"T012_003-R11","row_structure":"regular","tile":"siret3_r012_c003.tif","length_m":56.87},"geometry":{"type":"LineString","coordinates":[[629146.67,5220608.0],[629196.78,5220581.09]]}},{"type":"Feature","properties":{"vineyard_id":"T012_003","row_id":"T012_003-R12","row_structure":"disrupted","tile":"siret3_r012_c003.tif","length_m":58.05},"geometry":{"type":"LineString","coordinates":[[629145.6,5220605.86],[629196.76,5220578.43]]}},{"type":"Feature","properties":{"vineyard_id":"T012_003","row_id":"T012_003-R13","row_structure":"regular","tile":"siret3_r012_c003.tif","length_m":58.17},"geometry":{"type":"LineString","coordinates":[[629145.61,5220603.5],[629196.78,5220575.83]]}},{"type":"Feature","properties":{"vineyard_id":"T012_003","row_id":"T012_003-R14","row_structure":"regular","tile":"siret3_r012_c003.tif","length_m":58.1},"geometry":{"type":"LineString","coordinates":[[629145.61,5220600.97],[629196.77,5220573.43]]}},{"type":"Feature","properties":{"vineyard_id":"T012_003","row_id":"T012_003-R15","row_structure":"regular","tile":"siret3_r012_c003.tif","length_m":58.1},"geometry":{"type":"LineString","coordinates":[[629145.6,5220598.22],[629196.78,5220570.71]]}},{"type":"Feature","properties":{"vineyard_id":"T012_003","row_id":"T012_003-R16","row_structure":"regular","tile":"siret3_r012_c003.tif","length_m":58.14},"geometry":{"type":"LineString","coordinates":[[629145.6,5220595.88],[629196.77,5220568.27]]}},{"type":"Feature","properties":{"vineyard_id":"T012_003","row_id":"T012_003-R17","row_structure":"regular","tile":"siret3_r012_c003.tif","length_m":58.1},"geometry":{"type":"LineString","coordinates":[[629145.61,5220593.21],[629196.79,5220565.72]]}},{"type":"Feature","properties":{"vineyard_id":"T012_003","row_id":"T012_003-R18","row_structure":"regular","tile":"siret3_r012_c003.tif","length_m":58.15},"geometry":{"type":"LineString","coordinates":[[629145.61,5220590.68],[629196.79,5220563.08]]}},{"type":"Feature","properties":{"vineyard_id":"T012_003","row_id":"T012_003-R19","row_structure":"disrupted","tile":"siret3_r012_c003.tif","length_m":58.17},"geometry":{"type":"LineString","coordinates":[[629145.6,5220588.19],[629196.79,5220560.55]]}},{"type":"Feature","properties":{"vineyard_id":"T012_003","row_id":"T012_003-R20","row_structure":"regular","tile":"siret3_r012_c003.tif","length_m":58.16},"geometry":{"type":"LineString","coordinates":[[629145.6,5220585.64],[629196.77,5220557.99]]}},{"type":"Feature","properties":{"vineyard_id":"T012_003","row_id":"T012_003-R21","row_structure":"regular","tile":"siret3_r012_c003.tif","length_m":53.79},"geometry":{"type":"LineString","coordinates":[[629145.6,5220582.33],[629192.96,5220556.82]]}},{"type":"Feature","properties":{"vineyard_id":"T012_003","row_id":"T012_003-R22","row_structure":"regular","tile":"siret3_r012_c003.tif","length_m":49.92},"geometry":{"type":"LineString","coordinates":[[629145.6,5220580.45],[629189.58,5220556.82]]}},{"type":"Feature","properties":{"vineyard_id":"T012_003","row_id":"T012_003-R23","row_structure":"regular","tile":"siret3_r012_c003.tif","length_m":36.67},"geometry":{"type":"LineString","coordinates":[[629145.6,5220574.17],[629177.92,5220556.83]]}},{"type":"Feature","properties":{"vineyard_id":"T012_003","row_id":"T012_003-R24","row_structure":"regular","tile":"siret3_r012_c003.tif","length_m":31.12},"geometry":{"type":"LineString","coordinates":[[629145.62,5220571.56],[629173.02,5220556.8]]}},{"type":"Feature","properties":{"vineyard_id":"T012_003","row_id":"T012_003-R25","row_structure":"regular","tile":"siret3_r012_c003.tif","length_m":26.21},"geometry":{"type":"LineString","coordinates":[[629145.6,5220569.24],[629168.68,5220556.81]]}},{"type":"Feature","properties":{"vineyard_id":"T012_003","row_id":"T012_003-R26","row_structure":"regular","tile":"siret3_r012_c003.tif","length_m":14.49},"geometry":{"type":"LineString","coordinates":[[629145.6,5220563.71],[629158.36,5220556.83]]}},{"type":"Feature","properties":{"vineyard_id":"T012_003","row_id":"T012_003-R27","row_structure":"regular","tile":"siret3_r012_c003.tif","length_m":9.3},"geometry":{"type":"LineString","coordinates":[[629145.6,5220561.25],[629153.78,5220556.82]]}},{"type":"Feature","properties":{"vineyard_id":"T012_003","row_id":"T012_003-R28","row_structure":"regular","tile":"siret3_r012_c003.tif","length_m":2.8},"geometry":{"type":"LineString","coordinates":[[629145.61,5220558.15],[629148.07,5220556.82]]}},{"type":"Feature","properties":{"vineyard_id":"T012_004","row_id":"T012_004-R01","row_structure":"regular","tile":"siret3_r012_c004.tif","length_m":1.41},"geometry":{"type":"LineString","coordinates":[[629246.72,5220608.0],[629247.97,5220607.34]]}},{"type":"Feature","properties":{"vineyard_id":"T012_004","row_id":"T012_004-R02","row_structure":"regular","tile":"siret3_r012_c004.tif","length_m":8.37},"geometry":{"type":"LineString","coordinates":[[629240.52,5220608.0],[629247.98,5220604.2]]}},{"type":"Feature","properties":{"vineyard_id":"T012_004","row_id":"T012_004-R03","row_structure":"regular","tile":"siret3_r012_c004.tif","length_m":57.88},"geometry":{"type":"LineString","coordinates":[[629196.8,5220607.25],[629247.97,5220580.21]]}},{"type":"Feature","properties":{"vineyard_id":"T012_004","row_id":"T012_004-R04","row_structure":"regular","tile":"siret3_r012_c004.tif","length_m":57.88},"geometry":{"type":"LineString","coordinates":[[629196.8,5220604.38],[629247.98,5220577.33]]}},{"type":"Feature","properties":{"vineyard_id":"T012_004","row_id":"T012_004-R05","row_structure":"regular","tile":"siret3_r012_c004.tif","length_m":57.87},"geometry":{"type":"LineString","coordinates":[[629196.8,5220601.72],[629247.99,5220574.73]]}},{"type":"Feature","properties":{"vineyard_id":"T012_004","row_id":"T012_004-R06","row_structure":"regular","tile":"siret3_r012_c004.tif","length_m":57.87},"geometry":{"type":"LineString","coordinates":[[629196.81,5220598.91],[629247.98,5220571.88]]}},{"type":"Feature","properties":{"vineyard_id":"T012_004","row_id":"T012_004-R07","row_structure":"regular","tile":"siret3_r012_c004.tif","length_m":57.87},"geometry":{"type":"LineString","coordinates":[[629196.8,5220596.59],[629247.98,5220569.56]]}},{"type":"Feature","properties":{"vineyard_id":"T012_004","row_id":"T012_004-R08","row_structure":"regular","tile":"siret3_r012_c004.tif","length_m":57.85},"geometry":{"type":"LineString","coordinates":[[629196.8,5220594.17],[629247.97,5220567.19]]}},{"type":"Feature","properties":{"vineyard_id":"T012_004","row_id":"T012_004-R09","row_structure":"regular","tile":"siret3_r012_c004.tif","length_m":57.85},"geometry":{"type":"LineString","coordinates":[[629196.8,5220591.49],[629247.99,5220564.54]]}},{"type":"Feature","properties":{"vineyard_id":"T012_004","row_id":"T012_004-R10","row_structure":"regular","tile":"siret3_r012_c004.tif","length_m":57.84},"geometry":{"type":"LineString","coordinates":[[629196.8,5220588.8],[629247.97,5220561.83]]}},{"type":"Feature","properties":{"vineyard_id":"T012_004","row_id":"T012_004-R11","row_structure":"regular","tile":"siret3_r012_c004.tif","length_m":57.85},"geometry":{"type":"LineString","coordinates":[[629196.81,5220586.25],[629247.98,5220559.28]]}},{"type":"Feature","properties":{"vineyard_id":"T012_004","row_id":"T012_004-R12","row_structure":"disrupted","tile":"siret3_r012_c004.tif","length_m":57.46},"geometry":{"type":"LineString","coordinates":[[629196.8,5220583.54],[629247.68,5220556.83]]}},{"type":"Feature","properties":{"vineyard_id":"T012_004","row_id":"T012_004-R13","row_structure":"disrupted","tile":"siret3_r012_c004.tif","length_m":52.2},"geometry":{"type":"LineString","coordinates":[[629196.8,5220581.1],[629243.02,5220556.83]]}},{"type":"Feature","properties":{"vineyard_id":"T012_004","row_id":"T012_004-R14","row_structure":"disrupted","tile":"siret3_r012_c004.tif","length_m":46.32},"geometry":{"type":"LineString","coordinates":[[629196.8,5220578.36],[629237.82,5220556.83]]}},{"type":"Feature","properties":{"vineyard_id":"T012_004","row_id":"T012_004-R15","row_structure":"regular","tile":"siret3_r012_c004.tif","length_m":40.81},"geometry":{"type":"LineString","coordinates":[[629196.8,5220575.86],[629232.89,5220556.81]]}},{"type":"Feature","properties":{"vineyard_id":"T012_004","row_id":"T012_004-R16","row_structure":"regular","tile":"siret3_r012_c004.tif","length_m":26.83},"geometry":{"type":"LineString","coordinates":[[629196.8,5220573.49],[629220.49,5220560.89]]}},{"type":"Feature","properties":{"vineyard_id":"T012_004","row_id":"T012_004-R17","row_structure":"regular","tile":"siret3_r012_c004.tif","length_m":29.85},"geometry":{"type":"LineString","coordinates":[[629196.8,5220570.76],[629223.2,5220556.82]]}},{"type":"Feature","properties":{"vineyard_id":"T012_004","row_id":"T012_004-R18","row_structure":"regular","tile":"siret3_r012_c004.tif","length_m":23.55},"geometry":{"type":"LineString","coordinates":[[629196.81,5220567.87],[629217.6,5220556.81]]}},{"type":"Feature","properties":{"vineyard_id":"T012_004","row_id":"T012_004-R19","row_structure":"regular","tile":"siret3_r012_c004.tif","length_m":18.7},"geometry":{"type":"LineString","coordinates":[[629196.81,5220565.67],[629213.28,5220556.82]]}},{"type":"Feature","properties":{"vineyard_id":"T012_004","row_id":"T012_004-R20","row_structure":"regular","tile":"siret3_r012_c004.tif","length_m":13.04},"geometry":{"type":"LineString","coordinates":[[629196.8,5220562.79],[629208.39,5220556.81]]}},{"type":"Feature","properties":{"vineyard_id":"T012_004","row_id":"T012_004-R21","row_structure":"regular","tile":"siret3_r012_c004.tif","length_m":7.97},"geometry":{"type":"LineString","coordinates":[[629196.8,5220560.44],[629203.89,5220556.81]]}},{"type":"Feature","properties":{"vineyard_id":"T012_004","row_id":"T012_004-R22","row_structure":"regular","tile":"siret3_r012_c004.tif","length_m":1.95},"geometry":{"type":"LineString","coordinates":[[629196.8,5220557.73],[629198.53,5220556.82]]}},{"type":"Feature","properties":{"vineyard_id":"T012_007","row_id":"T012_007-R01","row_structure":"regular","tile":"siret3_r012_c007.tif","length_m":1.55},"geometry":{"type":"LineString","coordinates":[[629401.57,5220556.92],[629400.02,5220556.81]]}},{"type":"Feature","properties":{"vineyard_id":"T012_007","row_id":"T012_007-R02","row_structure":"disrupted","tile":"siret3_r012_c007.tif","length_m":43.57},"geometry":{"type":"LineString","coordinates":[[629401.57,5220559.66],[629358.09,5220556.81]]}},{"type":"Feature","properties":{"vineyard_id":"T012_007","row_id":"T012_007-R03","row_structure":"disrupted","tile":"siret3_r012_c007.tif","length_m":51.3},"geometry":{"type":"LineString","coordinates":[[629401.58,5220562.11],[629350.4,5220558.61]]}},{"type":"Feature","properties":{"vineyard_id":"T012_007","row_id":"T012_007-R04","row_structure":"disrupted","tile":"siret3_r012_c007.tif","length_m":51.3},"geometry":{"type":"LineString","coordinates":[[629401.58,5220563.87],[629350.4,5220560.32]]}},{"type":"Feature","properties":{"vineyard_id":"T012_007","row_id":"T012_007-R05","row_structure":"disrupted","tile":"siret3_r012_c007.tif","length_m":51.29},"geometry":{"type":"LineString","coordinates":[[629401.57,5220578.38],[629350.4,5220574.81]]}},{"type":"Feature","properties":{"vineyard_id":"T012_007","row_id":"T012_007-R06","row_structure":"disrupted","tile":"siret3_r012_c007.tif","length_m":51.29},"geometry":{"type":"LineString","coordinates":[[629401.57,5220580.55],[629350.4,5220576.94]]}},{"type":"Feature","properties":{"vineyard_id":"T012_007","row_id":"T012_007-R07","row_structure":"disrupted","tile":"siret3_r012_c007.tif","length_m":51.3},"geometry":{"type":"LineString","coordinates":[[629401.59,5220583.12],[629350.41,5220579.54]]}},{"type":"Feature","properties":{"vineyard_id":"T012_007","row_id":"T012_007-R08","row_structure":"disrupted","tile":"siret3_r012_c007.tif","length_m":51.3},"geometry":{"type":"LineString","coordinates":[[629401.59,5220585.99],[629350.41,5220582.46]]}},{"type":"Feature","properties":{"vineyard_id":"T012_007","row_id":"T012_007-R09","row_structure":"disrupted","tile":"siret3_r012_c007.tif","length_m":51.3},"geometry":{"type":"LineString","coordinates":[[629401.59,5220588.16],[629350.41,5220584.58]]}},{"type":"Feature","properties":{"vineyard_id":"T012_007","row_id":"T012_007-R10","row_structure":"regular","tile":"siret3_r012_c007.tif","length_m":40.4},"geometry":{"type":"LineString","coordinates":[[629390.7,5220590.07],[629350.4,5220587.2]]}},{"type":"Feature","properties":{"vineyard_id":"T012_007","row_id":"T012_007-R11","row_structure":"regular","tile":"siret3_r012_c007.tif","length_m":42.7},"geometry":{"type":"LineString","coordinates":[[629392.99,5220598.11],[629350.4,5220595.13]]}},{"type":"Feature","properties":{"vineyard_id":"T012_007","row_id":"T012_007-R12","row_structure":"regular","tile":"siret3_r012_c007.tif","length_m":43.62},"geometry":{"type":"LineString","coordinates":[[629393.92,5220601.08],[629350.4,5220598.07]]}},{"type":"Feature","properties":{"vineyard_id":"T012_007","row_id":"T012_007-R13","row_structure":"regular","tile":"siret3_r012_c007.tif","length_m":44.32},"geometry":{"type":"LineString","coordinates":[[629394.61,5220603.66],[629350.4,5220600.57]]}},{"type":"Feature","properties":{"vineyard_id":"T012_007","row_id":"T012_007-R14","row_structure":"regular","tile":"siret3_r012_c007.tif","length_m":45.43},"geometry":{"type":"LineString","coordinates":[[629395.72,5220606.49],[629350.4,5220603.36]]}},{"type":"Feature","properties":{"vineyard_id":"T012_008","row_id":"T012_008-R05","row_structure":"disrupted","tile":"siret3_r012_c008.tif","length_m":53.59},"geometry":{"type":"LineString","coordinates":[[629449.19,5220608.0],[629433.3,5220556.82]]}},{"type":"Feature","properties":{"vineyard_id":"T012_008","row_id":"T012_008-R06","row_structure":"disrupted","tile":"siret3_r012_c008.tif","length_m":53.59},"geometry":{"type":"LineString","coordinates":[[629440.35,5220608.0],[629424.45,5220556.82]]}},{"type":"Feature","properties":{"vineyard_id":"T012_008","row_id":"T012_008-R07","row_structure":"disrupted","tile":"siret3_r012_c008.tif","length_m":53.63},"geometry":{"type":"LineString","coordinates":[[629432.24,5220608.0],[629416.24,5220556.82]]}},{"type":"Feature","properties":{"vineyard_id":"T012_008","row_id":"T012_008-R08","row_structure":"regular","tile":"siret3_r012_c008.tif","length_m":46.37},"geometry":{"type":"LineString","coordinates":[[629425.9,5220601.12],[629412.15,5220556.83]]}},{"type":"Feature","properties":{"vineyard_id":"T012_008","row_id":"T012_008-R09","row_structure":"regular","tile":"siret3_r012_c008.tif","length_m":53.58},"geometry":{"type":"LineString","coordinates":[[629425.18,5220608.0],[629409.33,5220556.82]]}},{"type":"Feature","properties":{"vineyard_id":"T012_008","row_id":"T012_008-R10","row_structure":"regular","tile":"siret3_r012_c008.tif","length_m":53.62},"geometry":{"type":"LineString","coordinates":[[629417.93,5220608.0],[629401.92,5220556.83]]}},{"type":"Feature","properties":{"vineyard_id":"T012_008","row_id":"T012_008-R11","row_structure":"regular","tile":"siret3_r012_c008.tif","length_m":36.76},"geometry":{"type":"LineString","coordinates":[[629412.31,5220608.0],[629401.6,5220572.83]]}},{"type":"Feature","properties":{"vineyard_id":"T012_008","row_id":"T012_008-R12","row_structure":"regular","tile":"siret3_r012_c008.tif","length_m":29.06},"geometry":{"type":"LineString","coordinates":[[629410.09,5220608.0],[629401.6,5220580.21]]}},{"type":"Feature","properties":{"vineyard_id":"T012_008","row_id":"T012_008-R13","row_structure":"regular","tile":"siret3_r012_c008.tif","length_m":20.73},"geometry":{"type":"LineString","coordinates":[[629407.75,5220608.0],[629401.6,5220588.2]]}},{"type":"Feature","properties":{"vineyard_id":"T012_009","row_id":"T012_009-R01","row_structure":"regular","tile":"siret3_r012_c009.tif","length_m":6.01},"geometry":{"type":"LineString","coordinates":[[629492.14,5220608.0],[629497.48,5220605.25]]}},{"type":"Feature","properties":{"vineyard_id":"T012_009","row_id":"T012_009-R02","row_structure":"regular","tile":"siret3_r012_c009.tif","length_m":17.4},"geometry":{"type":"LineString","coordinates":[[629484.33,5220608.0],[629499.8,5220600.05]]}},{"type":"Feature","properties":{"vineyard_id":"T012_009","row_id":"T012_009-R03","row_structure":"disrupted","tile":"siret3_r012_c009.tif","length_m":29.75},"geometry":{"type":"LineString","coordinates":[[629477.57,5220608.0],[629503.98,5220594.3]]}},{"type":"Feature","properties":{"vineyard_id":"T012_009","row_id":"T012_009-R04","row_structure":"disrupted","tile":"siret3_r012_c009.tif","length_m":30.84},"geometry":{"type":"LineString","coordinates":[[629469.82,5220608.0],[629497.23,5220593.86]]}},{"type":"Feature","properties":{"vineyard_id":"T012_009","row_id":"T012_009-R05","row_structure":"regular","tile":"siret3_r012_c009.tif","length_m":46.16},"geometry":{"type":"LineString","coordinates":[[629462.94,5220608.0],[629503.99,5220586.89]]}},{"type":"Feature","properties":{"vineyard_id":"T012_009","row_id":"T012_009-R06","row_structure":"disrupted","tile":"siret3_r012_c009.tif","length_m":45.93},"geometry":{"type":"LineString","coordinates":[[629463.13,5220604.16],[629503.97,5220583.16]]}},{"type":"Feature","properties":{"vineyard_id":"T012_009","row_id":"T012_009-R07","row_structure":"disrupted","tile":"siret3_r012_c009.tif","length_m":46.92},"geometry":{"type":"LineString","coordinates":[[629462.29,5220602.16],[629503.98,5220580.61]]}},{"type":"Feature","properties":{"vineyard_id":"T012_009","row_id":"T012_009-R08","row_structure":"disrupted","tile":"siret3_r012_c009.tif","length_m":47.58},"geometry":{"type":"LineString","coordinates":[[629461.76,5220598.02],[629503.98,5220576.09]]}},{"type":"Feature","properties":{"vineyard_id":"T012_009","row_id":"T012_009-R09","row_structure":"disrupted","tile":"siret3_r012_c009.tif","length_m":57.55},"geometry":{"type":"LineString","coordinates":[[629452.81,5220597.67],[629503.97,5220571.33]]}},{"type":"Feature","properties":{"vineyard_id":"T012_009","row_id":"T012_009-R10","row_structure":"disrupted","tile":"siret3_r012_c009.tif","length_m":57.54},"geometry":{"type":"LineString","coordinates":[[629452.8,5220594.32],[629503.98,5220568.02]]}},{"type":"Feature","properties":{"vineyard_id":"T012_009","row_id":"T012_009-R11","row_structure":"disrupted","tile":"siret3_r012_c009.tif","length_m":57.6},"geometry":{"type":"LineString","coordinates":[[629452.8,5220590.96],[629503.97,5220564.51]]}},{"type":"Feature","properties":{"vineyard_id":"T012_009","row_id":"T012_009-R12","row_structure":"disrupted","tile":"siret3_r012_c009.tif","length_m":45.55},"geometry":{"type":"LineString","coordinates":[[629463.49,5220578.21],[629503.99,5220557.35]]}},{"type":"Feature","properties":{"vineyard_id":"T012_009","row_id":"T012_009-R13","row_structure":"disrupted","tile":"siret3_r012_c009.tif","length_m":41.13},"geometry":{"type":"LineString","coordinates":[[629461.45,5220575.73],[629497.97,5220556.82]]}},{"type":"Feature","properties":{"vineyard_id":"T012_009","row_id":"T012_009-R14","row_structure":"disrupted","tile":"siret3_r012_c009.tif","length_m":35.27},"geometry":{"type":"LineString","coordinates":[[629460.31,5220572.86],[629491.73,5220556.82]]}},{"type":"Feature","properties":{"vineyard_id":"T012_009","row_id":"T012_009-R15","row_structure":"regular","tile":"siret3_r012_c009.tif","length_m":12.05},"geometry":{"type":"LineString","coordinates":[[629463.33,5220562.42],[629474.01,5220556.83]]}},{"type":"Feature","properties":{"vineyard_id":"T013_003","row_id":"T013_003-R01","row_structure":"regular","tile":"siret3_r013_c003.tif","length_m":7.69},"geometry":{"type":"LineString","coordinates":[[629189.91,5220556.8],[629196.78,5220553.34]]}},{"type":"Feature","properties":{"vineyard_id":"T013_003","row_id":"T013_003-R02","row_structure":"regular","tile":"siret3_r013_c003.tif","length_m":12.7},"geometry":{"type":"LineString","coordinates":[[629185.55,5220556.79],[629196.78,5220550.86]]}},{"type":"Feature","properties":{"vineyard_id":"T013_003","row_id":"T013_003-R03","row_structure":"regular","tile":"siret3_r013_c003.tif","length_m":17.22},"geometry":{"type":"LineString","coordinates":[[629181.6,5220556.8],[629196.78,5220548.66]]}},{"type":"Feature","properties":{"vineyard_id":"T013_003","row_id":"T013_003-R04","row_structure":"regular","tile":"siret3_r013_c003.tif","length_m":21.77},"geometry":{"type":"LineString","coordinates":[[629177.58,5220556.8],[629196.77,5220546.52]]}},{"type":"Feature","properties":{"vineyard_id":"T013_003","row_id":"T013_003-R05","row_structure":"regular","tile":"siret3_r013_c003.tif","length_m":37.76},"geometry":{"type":"LineString","coordinates":[[629163.55,5220556.8],[629196.78,5220538.87]]}},{"type":"Feature","properties":{"vineyard_id":"T013_003","row_id":"T013_003-R06","row_structure":"regular","tile":"siret3_r013_c003.tif","length_m":47.57},"geometry":{"type":"LineString","coordinates":[[629154.96,5220556.8],[629196.78,5220534.14]]}},{"type":"Feature","properties":{"vineyard_id":"T013_003","row_id":"T013_003-R07","row_structure":"regular","tile":"siret3_r013_c003.tif","length_m":57.47},"geometry":{"type":"LineString","coordinates":[[629146.2,5220556.8],[629196.77,5220529.5]]}},{"type":"Feature","properties":{"vineyard_id":"T013_003","row_id":"T013_003-R08","row_structure":"disrupted","tile":"siret3_r013_c003.tif","length_m":58.17},"geometry":{"type":"LineString","coordinates":[[629145.6,5220554.44],[629196.78,5220526.79]]}},{"type":"Feature","properties":{"vineyard_id":"T013_003","row_id":"T013_003-R09","row_structure":"disrupted","tile":"siret3_r013_c003.tif","length_m":58.19},"geometry":{"type":"LineString","coordinates":[[629145.6,5220551.79],[629196.79,5220524.12]]}},{"type":"Feature","properties":{"vineyard_id":"T013_003","row_id":"T013_003-R10","row_structure":"disrupted","tile":"siret3_r013_c003.tif","length_m":58.1},"geometry":{"type":"LineString","coordinates":[[629145.6,5220549.13],[629196.77,5220521.62]]}},{"type":"Feature","properties":{"vineyard_id":"T013_003","row_id":"T013_003-R12","row_structure":"disrupted","tile":"siret3_r013_c003.tif","length_m":49.2},"geometry":{"type":"LineString","coordinates":[[629153.42,5220539.47],[629196.78,5220516.21]]}},{"type":"Feature","properties":{"vineyard_id":"T013_003","row_id":"T013_003-R13","row_structure":"regular","tile":"siret3_r013_c003.tif","length_m":47.03},"geometry":{"type":"LineString","coordinates":[[629155.43,5220535.94],[629196.78,5220513.54]]}},{"type":"Feature","properties":{"vineyard_id":"T013_003","row_id":"T013_003-R15","row_structure":"regular","tile":"siret3_r013_c003.tif","length_m":33.63},"geometry":{"type":"LineString","coordinates":[[629167.22,5220523.74],[629196.77,5220507.69]]}},{"type":"Feature","properties":{"vineyard_id":"T013_003","row_id":"T013_003-R16","row_structure":"disrupted","tile":"siret3_r013_c003.tif","length_m":25.63},"geometry":{"type":"LineString","coordinates":[[629168.09,5220520.19],[629190.51,5220507.77]]}},{"type":"Feature","properties":{"vineyard_id":"T013_003","row_id":"T013_003-R17","row_structure":"regular","tile":"siret3_r013_c003.tif","length_m":12.65},"geometry":{"type":"LineString","coordinates":[[629176.42,5220511.53],[629187.61,5220505.62]]}},{"type":"Feature","properties":{"vineyard_id":"T013_004","row_id":"T013_004-R01","row_structure":"regular","tile":"siret3_r013_c004.tif","length_m":7.17},"geometry":{"type":"LineString","coordinates":[[629237.28,5220556.8],[629243.56,5220553.34]]}},{"type":"Feature","properties":{"vineyard_id":"T013_004","row_id":"T013_004-R02","row_structure":"disrupted","tile":"siret3_r013_c004.tif","length_m":22.66},"geometry":{"type":"LineString","coordinates":[[629227.99,5220556.8],[629247.97,5220546.11]]}},{"type":"Feature","properties":{"vineyard_id":"T013_004","row_id":"T013_004-R03","row_structure":"regular","tile":"siret3_r013_c004.tif","length_m":13.01},"geometry":{"type":"LineString","coordinates":[[629236.74,5220549.61],[629247.97,5220543.04]]}},{"type":"Feature","properties":{"vineyard_id":"T013_004","row_id":"T013_004-R04","row_structure":"disrupted","tile":"siret3_r013_c004.tif","length_m":33.08},"geometry":{"type":"LineString","coordinates":[[629218.9,5220556.8],[629247.98,5220541.03]]}},{"type":"Feature","properties":{"vineyard_id":"T013_004","row_id":"T013_004-R05","row_structure":"disrupted","tile":"siret3_r013_c004.tif","length_m":35.21},"geometry":{"type":"LineString","coordinates":[[629213.67,5220556.8],[629244.45,5220539.7]]}},{"type":"Feature","properties":{"vineyard_id":"T013_004","row_id":"T013_004-R06","row_structure":"disrupted","tile":"siret3_r013_c004.tif","length_m":39.35},"geometry":{"type":"LineString","coordinates":[[629208.57,5220556.79],[629243.05,5220537.83]]}},{"type":"Feature","properties":{"vineyard_id":"T013_004","row_id":"T013_004-R07","row_structure":"regular","tile":"siret3_r013_c004.tif","length_m":50.77},"geometry":{"type":"LineString","coordinates":[[629203.56,5220556.8],[629247.99,5220532.23]]}},{"type":"Feature","properties":{"vineyard_id":"T013_004","row_id":"T013_004-R08","row_structure":"regular","tile":"siret3_r013_c004.tif","length_m":56.55},"geometry":{"type":"LineString","coordinates":[[629198.5,5220556.8],[629247.98,5220529.42]]}},{"type":"Feature","properties":{"vineyard_id":"T013_004","row_id":"T013_004-R09","row_structure":"regular","tile":"siret3_r013_c004.tif","length_m":58.42},"geometry":{"type":"LineString","coordinates":[[629196.8,5220553.59],[629247.98,5220525.42]]}},{"type":"Feature","properties":{"vineyard_id":"T013_004","row_id":"T013_004-R10","row_structure":"regular","tile":"siret3_r013_c004.tif","length_m":58.42},"geometry":{"type":"LineString","coordinates":[[629196.8,5220551.94],[629247.98,5220523.76]]}},{"type":"Feature","properties":{"vineyard_id":"T013_004","row_id":"T013_004-R11","row_structure":"regular","tile":"siret3_r013_c004.tif","length_m":58.4},"geometry":{"type":"LineString","coordinates":[[629196.8,5220539.17],[629247.98,5220511.05]]}},{"type":"Feature","properties":{"vineyard_id":"T013_004","row_id":"T013_004-R12","row_structure":"regular","tile":"siret3_r013_c004.tif","length_m":44.01},"geometry":{"type":"LineString","coordinates":[[629196.8,5220526.64],[629235.47,5220505.62]]}},{"type":"Feature","properties":{"vineyard_id":"T013_004","row_id":"T013_004-R13","row_structure":"regular","tile":"siret3_r013_c004.tif","length_m":38.45},"geometry":{"type":"LineString","coordinates":[[629196.8,5220523.97],[629230.58,5220505.61]]}},{"type":"Feature","properties":{"vineyard_id":"T013_004","row_id":"T013_004-R14","row_structure":"regular","tile":"siret3_r013_c004.tif","length_m":33.22},"geometry":{"type":"LineString","coordinates":[[629196.8,5220521.42],[629226.02,5220505.61]]}},{"type":"Feature","properties":{"vineyard_id":"T013_004","row_id":"T013_004-R15","row_structure":"regular","tile":"siret3_r013_c004.tif","length_m":27.78},"geometry":{"type":"LineString","coordinates":[[629196.81,5220519.0],[629221.15,5220505.62]]}},{"type":"Feature","properties":{"vineyard_id":"T013_004","row_id":"T013_004-R16","row_structure":"regular","tile":"siret3_r013_c004.tif","length_m":21.78},"geometry":{"type":"LineString","coordinates":[[629196.81,5220516.09],[629215.9,5220505.62]]}},{"type":"Feature","properties":{"vineyard_id":"T013_004","row_id":"T013_004-R17","row_structure":"regular","tile":"siret3_r013_c004.tif","length_m":16.84},"geometry":{"type":"LineString","coordinates":[[629196.8,5220513.46],[629211.7,5220505.6]]}},{"type":"Feature","properties":{"vineyard_id":"T013_004","row_id":"T013_004-R18","row_structure":"regular","tile":"siret3_r013_c004.tif","length_m":10.05},"geometry":{"type":"LineString","coordinates":[[629196.81,5220510.33],[629205.68,5220505.62]]}},{"type":"Feature","properties":{"vineyard_id":"T013_004","row_id":"T013_004-R19","row_structure":"regular","tile":"siret3_r013_c004.tif","length_m":3.92},"geometry":{"type":"LineString","coordinates":[[629196.8,5220507.5],[629200.23,5220505.62]]}},{"type":"Feature","properties":{"vineyard_id":"T013_006","row_id":"T013_006-R02","row_structure":"regular","tile":"siret3_r013_c006.tif","length_m":7.17},"geometry":{"type":"LineString","coordinates":[[629350.39,5220510.11],[629344.79,5220505.62]]}},{"type":"Feature","properties":{"vineyard_id":"T013_006","row_id":"T013_006-R03","row_structure":"regular","tile":"siret3_r013_c006.tif","length_m":11.53},"geometry":{"type":"LineString","coordinates":[[629350.39,5220512.85],[629341.41,5220505.62]]}},{"type":"Feature","properties":{"vineyard_id":"T013_006","row_id":"T013_006-R04","row_structure":"regular","tile":"siret3_r013_c006.tif","length_m":17.87},"geometry":{"type":"LineString","coordinates":[[629350.38,5220516.84],[629336.46,5220505.62]]}},{"type":"Feature","properties":{"vineyard_id":"T013_006","row_id":"T013_006-R05","row_structure":"regular","tile":"siret3_r013_c006.tif","length_m":28.05},"geometry":{"type":"LineString","coordinates":[[629350.38,5220523.23],[629328.55,5220505.62]]}},{"type":"Feature","properties":{"vineyard_id":"T013_006","row_id":"T013_006-R06","row_structure":"regular","tile":"siret3_r013_c006.tif","length_m":37.75},"geometry":{"type":"LineString","coordinates":[[629350.38,5220529.39],[629321.04,5220505.63]]}},{"type":"Feature","properties":{"vineyard_id":"T013_006","row_id":"T013_006-R07","row_structure":"regular","tile":"siret3_r013_c006.tif","length_m":43.25},"geometry":{"type":"LineString","coordinates":[[629350.36,5220532.82],[629316.75,5220505.61]]}},{"type":"Feature","properties":{"vineyard_id":"T013_006","row_id":"T013_006-R08","row_structure":"regular","tile":"siret3_r013_c006.tif","length_m":50.15},"geometry":{"type":"LineString","coordinates":[[629350.38,5220537.18],[629311.4,5220505.62]]}},{"type":"Feature","properties":{"vineyard_id":"T013_006","row_id":"T013_006-R09","row_structure":"regular","tile":"siret3_r013_c006.tif","length_m":65.28},"geometry":{"type":"LineString","coordinates":[[629349.94,5220556.8],[629299.2,5220515.72]]}},{"type":"Feature","properties":{"vineyard_id":"T013_006","row_id":"T013_006-R10","row_structure":"regular","tile":"siret3_r013_c006.tif","length_m":55.67},"geometry":{"type":"LineString","coordinates":[[629342.49,5220556.8],[629299.2,5220521.8]]}},{"type":"Feature","properties":{"vineyard_id":"T013_006","row_id":"T013_006-R11","row_structure":"regular","tile":"siret3_r013_c006.tif","length_m":50.01},"geometry":{"type":"LineString","coordinates":[[629338.09,5220556.8],[629299.2,5220525.34]]}},{"type":"Feature","properties":{"vineyard_id":"T013_006","row_id":"T013_006-R12","row_structure":"regular","tile":"siret3_r013_c006.tif","length_m":11.16},"geometry":{"type":"LineString","coordinates":[[629307.87,5220556.8],[629299.2,5220549.78]]}},{"type":"Feature","properties":{"vineyard_id":"T013_006","row_id":"T013_006-R13","row_structure":"regular","tile":"siret3_r013_c006.tif","length_m":5.18},"geometry":{"type":"LineString","coordinates":[[629303.25,5220556.8],[629299.2,5220553.57]]}},{"type":"Feature","properties":{"vineyard_id":"T013_008","row_id":"T013_008-R01","row_structure":"disrupted","tile":"siret3_r013_c008.tif","length_m":45.12},"geometry":{"type":"LineString","coordinates":[[629452.78,5220549.89],[629444.07,5220505.61]]}},{"type":"Feature","properties":{"vineyard_id":"T013_008","row_id":"T013_008-R02","row_structure":"disrupted","tile":"siret3_r013_c008.tif","length_m":52.15},"geometry":{"type":"LineString","coordinates":[[629436.76,5220556.8],[629426.75,5220505.62]]}},{"type":"Feature","properties":{"vineyard_id":"T013_008","row_id":"T013_008-R03","row_structure":"disrupted","tile":"siret3_r013_c008.tif","length_m":52.13},"geometry":{"type":"LineString","coordinates":[[629434.13,5220556.8],[629424.22,5220505.62]]}},{"type":"Feature","properties":{"vineyard_id":"T013_008","row_id":"T013_008-R04","row_structure":"disrupted","tile":"siret3_r013_c008.tif","length_m":52.12},"geometry":{"type":"LineString","coordinates":[[629431.21,5220556.8],[629421.33,5220505.62]]}},{"type":"Feature","properties":{"vineyard_id":"T013_008","row_id":"T013_008-R05","row_structure":"disrupted","tile":"siret3_r013_c008.tif","length_m":44.29},"geometry":{"type":"LineString","coordinates":[[629428.99,5220556.8],[629420.4,5220513.34]]}},{"type":"Feature","properties":{"vineyard_id":"T013_008","row_id":"T013_008-R06","row_structure":"disrupted","tile":"siret3_r013_c008.tif","length_m":31.67},"geometry":{"type":"LineString","coordinates":[[629424.99,5220549.15],[629419.02,5220518.04]]}},{"type":"Feature","properties":{"vineyard_id":"T013_008","row_id":"T013_008-R07","row_structure":"disrupted","tile":"siret3_r013_c008.tif","length_m":52.15},"geometry":{"type":"LineString","coordinates":[[629423.8,5220556.79],[629413.67,5220505.64]]}},{"type":"Feature","properties":{"vineyard_id":"T013_008","row_id":"T013_008-R08","row_structure":"disrupted","tile":"siret3_r013_c008.tif","length_m":52.14},"geometry":{"type":"LineString","coordinates":[[629421.91,5220556.8],[629411.84,5220505.64]]}},{"type":"Feature","properties":{"vineyard_id":"T013_008","row_id":"T013_008-R09","row_structure":"disrupted","tile":"siret3_r013_c008.tif","length_m":52.12},"geometry":{"type":"LineString","coordinates":[[629417.25,5220556.79],[629407.25,5220505.64]]}},{"type":"Feature","properties":{"vineyard_id":"T013_008","row_id":"T013_008-R10","row_structure":"disrupted","tile":"siret3_r013_c008.tif","length_m":45.77},"geometry":{"type":"LineString","coordinates":[[629414.06,5220556.8],[629405.32,5220511.87]]}},{"type":"Feature","properties":{"vineyard_id":"T013_008","row_id":"T013_008-R11","row_structure":"disrupted","tile":"siret3_r013_c008.tif","length_m":30.73},"geometry":{"type":"LineString","coordinates":[[629407.54,5220556.79],[629401.6,5220526.64]]}},{"type":"Feature","properties":{"vineyard_id":"T013_008","row_id":"T013_008-R12","row_structure":"regular","tile":"siret3_r013_c008.tif","length_m":17.86},"geometry":{"type":"LineString","coordinates":[[629404.91,5220556.8],[629401.6,5220539.25]]}},{"type":"Feature","properties":{"vineyard_id":"T013_009","row_id":"T013_009-R01","row_structure":"regular","tile":"siret3_r013_c009.tif","length_m":9.25},"geometry":{"type":"LineString","coordinates":[[629494.73,5220556.65],[629503.98,5220556.49]]}},{"type":"Feature","properties":{"vineyard_id":"T013_009","row_id":"T013_009-R02","row_structure":"disrupted","tile":"siret3_r013_c009.tif","length_m":38.65},"geometry":{"type":"LineString","coordinates":[[629465.35,5220555.36],[629503.98,5220554.12]]}},{"type":"Feature","properties":{"vineyard_id":"T013_009","row_id":"T013_009-R03","row_structure":"disrupted","tile":"siret3_r013_c009.tif","length_m":38.28},"geometry":{"type":"LineString","coordinates":[[629465.73,5220552.12],[629503.99,5220551.02]]}},{"type":"Feature","properties":{"vineyard_id":"T013_009","row_id":"T013_009-R04","row_structure":"disrupted","tile":"siret3_r013_c009.tif","length_m":51.19},"geometry":{"type":"LineString","coordinates":[[629452.8,5220549.7],[629503.97,5220548.09]]}},{"type":"Feature","properties":{"vineyard_id":"T013_009","row_id":"T013_009-R05","row_structure":"disrupted","tile":"siret3_r013_c009.tif","length_m":51.2},"geometry":{"type":"LineString","coordinates":[[629452.8,5220546.04],[629503.98,5220544.38]]}},{"type":"Feature","properties":{"vineyard_id":"T013_009","row_id":"T013_009-R06","row_structure":"disrupted","tile":"siret3_r013_c009.tif","length_m":51.2},"geometry":{"type":"LineString","coordinates":[[629452.81,5220543.75],[629503.98,5220542.11]]}},{"type":"Feature","properties":{"vineyard_id":"T013_009","row_id":"T013_009-R07","row_structure":"disrupted","tile":"siret3_r013_c009.tif","length_m":51.2},"geometry":{"type":"LineString","coordinates":[[629452.81,5220539.91],[629503.99,5220538.24]]}},{"type":"Feature","properties":{"vineyard_id":"T013_009","row_id":"T013_009-R08","row_structure":"disrupted","tile":"siret3_r013_c009.tif","length_m":51.19},"geometry":{"type":"LineString","coordinates":[[629452.8,5220537.69],[629503.97,5220536.16]]}},{"type":"Feature","properties":{"vineyard_id":"T013_009","row_id":"T013_009-R09","row_structure":"disrupted","tile":"siret3_r013_c009.tif","length_m":51.2},"geometry":{"type":"LineString","coordinates":[[629452.8,5220534.89],[629503.98,5220533.31]]}},{"type":"Feature","properties":{"vineyard_id":"T013_009","row_id":"T013_009-R10","row_structure":"disrupted","tile":"siret3_r013_c009.tif","length_m":51.21},"geometry":{"type":"LineString","coordinates":[[629452.8,5220530.45],[629503.99,5220528.8]]}},{"type":"Feature","properties":{"vineyard_id":"T013_009","row_id":"T013_009-R11","row_structure":"disrupted","tile":"siret3_r013_c009.tif","length_m":51.19},"geometry":{"type":"LineString","coordinates":[[629452.8,5220528.09],[629503.97,5220526.48]]}},{"type":"Feature","properties":{"vineyard_id":"T013_009","row_id":"T013_009-R12","row_structure":"disrupted","tile":"siret3_r013_c009.tif","length_m":51.2},"geometry":{"type":"LineString","coordinates":[[629452.8,5220525.21],[629503.98,5220523.64]]}},{"type":"Feature","properties":{"vineyard_id":"T013_009","row_id":"T013_009-R13","row_structure":"disrupted","tile":"siret3_r013_c009.tif","length_m":51.2},"geometry":{"type":"LineString","coordinates":[[629452.8,5220522.72],[629503.97,5220521.17]]}},{"type":"Feature","properties":{"vineyard_id":"T013_009","row_id":"T013_009-R14","row_structure":"disrupted","tile":"siret3_r013_c009.tif","length_m":51.2},"geometry":{"type":"LineString","coordinates":[[629452.8,5220520.41],[629503.98,5220518.84]]}},{"type":"Feature","properties":{"vineyard_id":"T013_009","row_id":"T013_009-R15","row_structure":"disrupted","tile":"siret3_r013_c009.tif","length_m":51.2},"geometry":{"type":"LineString","coordinates":[[629452.8,5220518.05],[629503.97,5220516.37]]}},{"type":"Feature","properties":{"vineyard_id":"T013_009","row_id":"T013_009-R16","row_structure":"disrupted","tile":"siret3_r013_c009.tif","length_m":51.2},"geometry":{"type":"LineString","coordinates":[[629452.81,5220515.08],[629503.98,5220513.48]]}},{"type":"Feature","properties":{"vineyard_id":"T013_009","row_id":"T013_009-R17","row_structure":"disrupted","tile":"siret3_r013_c009.tif","length_m":51.2},"geometry":{"type":"LineString","coordinates":[[629452.81,5220511.09],[629503.98,5220509.45]]}},{"type":"Feature","properties":{"vineyard_id":"T013_009","row_id":"T013_009-R18","row_structure":"disrupted","tile":"siret3_r013_c009.tif","length_m":51.2},"geometry":{"type":"LineString","coordinates":[[629452.8,5220508.55],[629503.98,5220506.95]]}},{"type":"Feature","properties":{"vineyard_id":"T014_004","row_id":"T014_004-R01","row_structure":"regular","tile":"siret3_r014_c004.tif","length_m":24.6},"geometry":{"type":"LineString","coordinates":[[629226.35,5220505.59],[629247.97,5220493.86]]}},{"type":"Feature","properties":{"vineyard_id":"T014_004","row_id":"T014_004-R02","row_structure":"regular","tile":"siret3_r014_c004.tif","length_m":30.38},"geometry":{"type":"LineString","coordinates":[[629221.28,5220505.6],[629247.98,5220491.08]]}},{"type":"Feature","properties":{"vineyard_id":"T014_004","row_id":"T014_004-R03","row_structure":"regular","tile":"siret3_r014_c004.tif","length_m":36.45},"geometry":{"type":"LineString","coordinates":[[629215.95,5220505.6],[629247.97,5220488.18]]}},{"type":"Feature","properties":{"vineyard_id":"T014_004","row_id":"T014_004-R04","row_structure":"regular","tile":"siret3_r014_c004.tif","length_m":41.39},"geometry":{"type":"LineString","coordinates":[[629211.59,5220505.6],[629247.97,5220485.86]]}},{"type":"Feature","properties":{"vineyard_id":"T014_004","row_id":"T014_004-R05","row_structure":"disrupted","tile":"siret3_r014_c004.tif","length_m":47.59},"geometry":{"type":"LineString","coordinates":[[629206.07,5220505.6],[629247.98,5220483.04]]}},{"type":"Feature","properties":{"vineyard_id":"T014_004","row_id":"T014_004-R06","row_structure":"regular","tile":"siret3_r014_c004.tif","length_m":51.65},"geometry":{"type":"LineString","coordinates":[[629202.53,5220505.59],[629247.98,5220481.05]]}},{"type":"Feature","properties":{"vineyard_id":"T014_004","row_id":"T014_004-R07","row_structure":"regular","tile":"siret3_r014_c004.tif","length_m":57.91},"geometry":{"type":"LineString","coordinates":[[629197.07,5220505.6],[629247.99,5220478.02]]}},{"type":"Feature","properties":{"vineyard_id":"T014_004","row_id":"T014_004-R08","row_structure":"disrupted","tile":"siret3_r014_c004.tif","length_m":58.17},"geometry":{"type":"LineString","coordinates":[[629196.81,5220503.09],[629247.98,5220475.42]]}},{"type":"Feature","properties":{"vineyard_id":"T014_004","row_id":"T014_004-R09","row_structure":"disrupted","tile":"siret3_r014_c004.tif","length_m":58.24},"geometry":{"type":"LineString","coordinates":[[629196.8,5220500.49],[629247.99,5220472.71]]}},{"type":"Feature","properties":{"vineyard_id":"T014_004","row_id":"T014_004-R10","row_structure":"disrupted","tile":"siret3_r014_c004.tif","length_m":58.3},"geometry":{"type":"LineString","coordinates":[[629196.81,5220497.73],[629247.96,5220469.77]]}},{"type":"Feature","properties":{"vineyard_id":"T014_004","row_id":"T014_004-R11","row_structure":"disrupted","tile":"siret3_r014_c004.tif","length_m":53.9},"geometry":{"type":"LineString","coordinates":[[629200.65,5220493.17],[629247.98,5220467.38]]}},{"type":"Feature","properties":{"vineyard_id":"T014_004","row_id":"T014_004-R12","row_structure":"disrupted","tile":"siret3_r014_c004.tif","length_m":58.14},"geometry":{"type":"LineString","coordinates":[[629196.8,5220492.24],[629247.98,5220464.66]]}},{"type":"Feature","properties":{"vineyard_id":"T014_004","row_id":"T014_004-R13","row_structure":"disrupted","tile":"siret3_r014_c004.tif","length_m":58.16},"geometry":{"type":"LineString","coordinates":[[629196.8,5220490.02],[629247.96,5220462.36]]}},{"type":"Feature","properties":{"vineyard_id":"T014_004","row_id":"T014_004-R14","row_structure":"disrupted","tile":"siret3_r014_c004.tif","length_m":58.16},"geometry":{"type":"LineString","coordinates":[[629196.8,5220487.18],[629247.97,5220459.54]]}},{"type":"Feature","properties":{"vineyard_id":"T014_004","row_id":"T014_004-R15","row_structure":"disrupted","tile":"siret3_r014_c004.tif","length_m":58.12},"geometry":{"type":"LineString","coordinates":[[629196.8,5220484.79],[629247.97,5220457.23]]}},{"type":"Feature","properties":{"vineyard_id":"T014_004","row_id":"T014_004-R18","row_structure":"disrupted","tile":"siret3_r014_c004.tif","length_m":33.47},"geometry":{"type":"LineString","coordinates":[[629208.35,5220470.3],[629237.81,5220454.42]]}},{"type":"Feature","properties":{"vineyard_id":"T014_004","row_id":"T014_004-R19","row_structure":"regular","tile":"siret3_r014_c004.tif","length_m":26.5},"geometry":{"type":"LineString","coordinates":[[629210.34,5220467.21],[629233.55,5220454.41]]}},{"type":"Feature","properties":{"vineyard_id":"T014_004","row_id":"T014_004-R20","row_structure":"regular","tile":"siret3_r014_c004.tif","length_m":11.93},"geometry":{"type":"LineString","coordinates":[[629217.6,5220460.02],[629228.12,5220454.42]]}},{"type":"Feature","properties":{"vineyard_id":"T014_004","row_id":"T014_004-R21","row_structure":"regular","tile":"siret3_r014_c004.tif","length_m":3.6},"geometry":{"type":"LineString","coordinates":[[629220.18,5220456.13],[629223.35,5220454.42]]}},{"type":"Feature","properties":{"vineyard_id":"T014_007","row_id":"T014_007-R01","row_structure":"disrupted","tile":"siret3_r014_c007.tif","length_m":45.87},"geometry":{"type":"LineString","coordinates":[[629399.68,5220505.6],[629397.26,5220459.8]]}},{"type":"Feature","properties":{"vineyard_id":"T014_007","row_id":"T014_007-R02","row_structure":"disrupted","tile":"siret3_r014_c007.tif","length_m":43.52},"geometry":{"type":"LineString","coordinates":[[629396.85,5220505.6],[629394.86,5220462.12]]}},{"type":"Feature","properties":{"vineyard_id":"T014_007","row_id":"T014_007-R03","row_structure":"disrupted","tile":"siret3_r014_c007.tif","length_m":51.24},"geometry":{"type":"LineString","coordinates":[[629393.48,5220505.6],[629390.84,5220454.42]]}},{"type":"Feature","properties":{"vineyard_id":"T014_007","row_id":"T014_007-R04","row_structure":"disrupted","tile":"siret3_r014_c007.tif","length_m":45.83},"geometry":{"type":"LineString","coordinates":[[629391.3,5220500.17],[629388.67,5220454.42]]}},{"type":"Feature","properties":{"vineyard_id":"T014_007","row_id":"T014_007-R05","row_structure":"disrupted","tile":"siret3_r014_c007.tif","length_m":51.24},"geometry":{"type":"LineString","coordinates":[[629388.23,5220505.6],[629385.58,5220454.42]]}},{"type":"Feature","properties":{"vineyard_id":"T014_007","row_id":"T014_007-R06","row_structure":"disrupted","tile":"siret3_r014_c007.tif","length_m":51.25},"geometry":{"type":"LineString","coordinates":[[629353.99,5220505.6],[629351.41,5220454.42]]}},{"type":"Feature","properties":{"vineyard_id":"T014_007","row_id":"T014_007-R07","row_structure":"regular","tile":"siret3_r014_c007.tif","length_m":9.56},"geometry":{"type":"LineString","coordinates":[[629350.62,5220505.6],[629350.4,5220496.04]]}},{"type":"Feature","properties":{"vineyard_id":"T014_008","row_id":"T014_008-R01","row_structure":"regular","tile":"siret3_r014_c008.tif","length_m":1.74},"geometry":{"type":"LineString","coordinates":[[629451.03,5220505.6],[629452.77,5220505.48]]}},{"type":"Feature","properties":{"vineyard_id":"T014_008","row_id":"T014_008-R02","row_structure":"regular","tile":"siret3_r014_c008.tif","length_m":21.51},"geometry":{"type":"LineString","coordinates":[[629431.31,5220505.6],[629452.77,5220504.17]]}},{"type":"Feature","properties":{"vineyard_id":"T014_008","row_id":"T014_008-R03","row_structure":"disrupted","tile":"siret3_r014_c008.tif","length_m":51.29},"geometry":{"type":"LineString","coordinates":[[629401.6,5220504.46],[629452.78,5220501.02]]}},{"type":"Feature","properties":{"vineyard_id":"T014_008","row_id":"T014_008-R04","row_structure":"disrupted","tile":"siret3_r014_c008.tif","length_m":51.3},"geometry":{"type":"LineString","coordinates":[[629401.6,5220501.6],[629452.77,5220497.95]]}},{"type":"Feature","properties":{"vineyard_id":"T014_008","row_id":"T014_008-R05","row_structure":"disrupted","tile":"siret3_r014_c008.tif","length_m":51.3},"geometry":{"type":"LineString","coordinates":[[629401.61,5220499.7],[629452.79,5220496.11]]}},{"type":"Feature","properties":{"vineyard_id":"T014_008","row_id":"T014_008-R06","row_structure":"disrupted","tile":"siret3_r014_c008.tif","length_m":51.29},"geometry":{"type":"LineString","coordinates":[[629401.6,5220498.32],[629452.77,5220494.76]]}},{"type":"Feature","properties":{"vineyard_id":"T014_008","row_id":"T014_008-R07","row_structure":"disrupted","tile":"siret3_r014_c008.tif","length_m":51.3},"geometry":{"type":"LineString","coordinates":[[629401.61,5220495.02],[629452.78,5220491.35]]}},{"type":"Feature","properties":{"vineyard_id":"T014_008","row_id":"T014_008-R08","row_structure":"disrupted","tile":"siret3_r014_c008.tif","length_m":51.29},"geometry":{"type":"LineString","coordinates":[[629401.6,5220477.53],[629452.77,5220473.94]]}},{"type":"Feature","properties":{"vineyard_id":"T014_008","row_id":"T014_008-R09","row_structure":"disrupted","tile":"siret3_r014_c008.tif","length_m":44.73},"geometry":{"type":"LineString","coordinates":[[629408.15,5220467.7],[629452.77,5220464.62]]}},{"type":"Feature","properties":{"vineyard_id":"T014_009","row_id":"T014_009-R01","row_structure":"regular","tile":"siret3_r014_c009.tif","length_m":51.22},"geometry":{"type":"LineString","coordinates":[[629503.97,5220466.73],[629452.8,5220464.28]]}},{"type":"Feature","properties":{"vineyard_id":"T014_009","row_id":"T014_009-R02","row_structure":"regular","tile":"siret3_r014_c009.tif","length_m":51.24},"geometry":{"type":"LineString","coordinates":[[629503.98,5220469.04],[629452.8,5220466.65]]}},{"type":"Feature","properties":{"vineyard_id":"T014_009","row_id":"T014_009-R03","row_structure":"regular","tile":"siret3_r014_c009.tif","length_m":51.22},"geometry":{"type":"LineString","coordinates":[[629503.97,5220471.35],[629452.8,5220469.01]]}},{"type":"Feature","properties":{"vineyard_id":"T014_009","row_id":"T014_009-R04","row_structure":"regular","tile":"siret3_r014_c009.tif","length_m":51.24},"geometry":{"type":"LineString","coordinates":[[629503.98,5220474.33],[629452.8,5220471.85]]}},{"type":"Feature","properties":{"vineyard_id":"T014_009","row_id":"T014_009-R05","row_structure":"disrupted","tile":"siret3_r014_c009.tif","length_m":51.23},"geometry":{"type":"LineString","coordinates":[[629503.97,5220479.35],[629452.8,5220476.94]]}},{"type":"Feature","properties":{"vineyard_id":"T014_009","row_id":"T014_009-R06","row_structure":"regular","tile":"siret3_r014_c009.tif","length_m":51.24},"geometry":{"type":"LineString","coordinates":[[629503.99,5220481.67],[629452.8,5220479.3]]}},{"type":"Feature","properties":{"vineyard_id":"T014_009","row_id":"T014_009-R07","row_structure":"disrupted","tile":"siret3_r014_c009.tif","length_m":51.23},"geometry":{"type":"LineString","coordinates":[[629503.97,5220484.27],[629452.8,5220481.79]]}},{"type":"Feature","properties":{"vineyard_id":"T014_009","row_id":"T014_009-R08","row_structure":"disrupted","tile":"siret3_r014_c009.tif","length_m":51.23},"geometry":{"type":"LineString","coordinates":[[629503.98,5220486.55],[629452.81,5220484.21]]}},{"type":"Feature","properties":{"vineyard_id":"T014_009","row_id":"T014_009-R09","row_structure":"disrupted","tile":"siret3_r014_c009.tif","length_m":51.24},"geometry":{"type":"LineString","coordinates":[[629503.98,5220489.27],[629452.8,5220486.76]]}},{"type":"Feature","properties":{"vineyard_id":"T014_009","row_id":"T014_009-R10","row_structure":"disrupted","tile":"siret3_r014_c009.tif","length_m":51.22},"geometry":{"type":"LineString","coordinates":[[629503.97,5220491.68],[629452.8,5220489.21]]}},{"type":"Feature","properties":{"vineyard_id":"T014_009","row_id":"T014_009-R11","row_structure":"disrupted","tile":"siret3_r014_c009.tif","length_m":51.23},"geometry":{"type":"LineString","coordinates":[[629503.98,5220494.63],[629452.8,5220492.33]]}},{"type":"Feature","properties":{"vineyard_id":"T014_009","row_id":"T014_009-R12","row_structure":"regular","tile":"siret3_r014_c009.tif","length_m":51.24},"geometry":{"type":"LineString","coordinates":[[629503.99,5220498.16],[629452.8,5220495.77]]}},{"type":"Feature","properties":{"vineyard_id":"T014_009","row_id":"T014_009-R13","row_structure":"disrupted","tile":"siret3_r014_c009.tif","length_m":51.22},"geometry":{"type":"LineString","coordinates":[[629503.97,5220501.17],[629452.8,5220498.73]]}},{"type":"Feature","properties":{"vineyard_id":"T014_009","row_id":"T014_009-R14","row_structure":"disrupted","tile":"siret3_r014_c009.tif","length_m":51.22},"geometry":{"type":"LineString","coordinates":[[629503.98,5220504.21],[629452.81,5220501.76]]}},{"type":"Feature","properties":{"vineyard_id":"T015_005","row_id":"T015_005-R01","row_structure":"regular","tile":"siret3_r015_c005.tif","length_m":1.27},"geometry":{"type":"LineString","coordinates":[[629297.91,5220454.4],[629299.17,5220454.26]]}},{"type":"Feature","properties":{"vineyard_id":"T015_005","row_id":"T015_005-R02","row_structure":"regular","tile":"siret3_r015_c005.tif","length_m":50.11},"geometry":{"type":"LineString","coordinates":[[629249.37,5220454.4],[629299.18,5220448.9]]}},{"type":"Feature","properties":{"vineyard_id":"T015_005","row_id":"T015_005-R03","row_structure":"regular","tile":"siret3_r015_c005.tif","length_m":51.5},"geometry":{"type":"LineString","coordinates":[[629248.01,5220447.82],[629299.19,5220442.04]]}},{"type":"Feature","properties":{"vineyard_id":"T015_005","row_id":"T015_005-R04","row_structure":"regular","tile":"siret3_r015_c005.tif","length_m":51.48},"geometry":{"type":"LineString","coordinates":[[629248.01,5220444.01],[629299.17,5220438.27]]}},{"type":"Feature","properties":{"vineyard_id":"T015_005","row_id":"T015_005-R05","row_structure":"regular","tile":"siret3_r015_c005.tif","length_m":51.49},"geometry":{"type":"LineString","coordinates":[[629248.0,5220440.72],[629299.17,5220434.95]]}},{"type":"Feature","properties":{"vineyard_id":"T015_005","row_id":"T015_005-R06","row_structure":"regular","tile":"siret3_r015_c005.tif","length_m":51.5},"geometry":{"type":"LineString","coordinates":[[629248.0,5220436.72],[629299.17,5220430.95]]}},{"type":"Feature","properties":{"vineyard_id":"T015_005","row_id":"T015_005-R07","row_structure":"regular","tile":"siret3_r015_c005.tif","length_m":51.48},"geometry":{"type":"LineString","coordinates":[[629248.01,5220434.37],[629299.17,5220428.67]]}},{"type":"Feature","properties":{"vineyard_id":"T015_005","row_id":"T015_005-R08","row_structure":"regular","tile":"siret3_r015_c005.tif","length_m":51.49},"geometry":{"type":"LineString","coordinates":[[629248.0,5220431.69],[629299.17,5220425.95]]}},{"type":"Feature","properties":{"vineyard_id":"T015_005","row_id":"T015_005-R09","row_structure":"regular","tile":"siret3_r015_c005.tif","length_m":51.5},"geometry":{"type":"LineString","coordinates":[[629248.01,5220430.1],[629299.19,5220424.33]]}},{"type":"Feature","properties":{"vineyard_id":"T015_005","row_id":"T015_005-R10","row_structure":"regular","tile":"siret3_r015_c005.tif","length_m":51.5},"geometry":{"type":"LineString","coordinates":[[629248.01,5220423.32],[629299.18,5220417.54]]}},{"type":"Feature","properties":{"vineyard_id":"T015_005","row_id":"T015_005-R11","row_structure":"regular","tile":"siret3_r015_c005.tif","length_m":51.08},"geometry":{"type":"LineString","coordinates":[[629248.42,5220420.48],[629299.17,5220414.75]]}},{"type":"Feature","properties":{"vineyard_id":"T015_005","row_id":"T015_005-R12","row_structure":"regular","tile":"siret3_r015_c005.tif","length_m":49.08},"geometry":{"type":"LineString","coordinates":[[629250.4,5220418.69],[629299.17,5220413.2]]}},{"type":"Feature","properties":{"vineyard_id":"T015_005","row_id":"T015_005-R13","row_structure":"regular","tile":"siret3_r015_c005.tif","length_m":47.3},"geometry":{"type":"LineString","coordinates":[[629252.17,5220416.27],[629299.18,5220411.0]]}},{"type":"Feature","properties":{"vineyard_id":"T015_005","row_id":"T015_005-R14","row_structure":"regular","tile":"siret3_r015_c005.tif","length_m":46.3},"geometry":{"type":"LineString","coordinates":[[629253.18,5220414.51],[629299.19,5220409.31]]}},{"type":"Feature","properties":{"vineyard_id":"T015_005","row_id":"T015_005-R15","row_structure":"regular","tile":"siret3_r015_c005.tif","length_m":44.47},"geometry":{"type":"LineString","coordinates":[[629254.98,5220411.26],[629299.17,5220406.27]]}},{"type":"Feature","properties":{"vineyard_id":"T015_005","row_id":"T015_005-R16","row_structure":"regular","tile":"siret3_r015_c005.tif","length_m":11.15},"geometry":{"type":"LineString","coordinates":[[629260.7,5220404.15],[629271.81,5220403.22]]}},{"type":"Feature","properties":{"vineyard_id":"T015_006","row_id":"T015_006-R01","row_structure":"regular","tile":"siret3_r015_c006.tif","length_m":23.95},"geometry":{"type":"LineString","coordinates":[[629348.66,5220454.39],[629350.38,5220430.5]]}},{"type":"Feature","properties":{"vineyard_id":"T015_006","row_id":"T015_006-R02","row_structure":"regular","tile":"siret3_r015_c006.tif","length_m":51.38},"geometry":{"type":"LineString","coordinates":[[629345.62,5220454.4],[629350.1,5220403.22]]}},{"type":"Feature","properties":{"vineyard_id":"T015_006","row_id":"T015_006-R03","row_structure":"regular","tile":"siret3_r015_c006.tif","length_m":51.37},"geometry":{"type":"LineString","coordinates":[[629343.08,5220454.4],[629347.6,5220403.23]]}},{"type":"Feature","properties":{"vineyard_id":"T015_006","row_id":"T015_006-R04","row_structure":"regular","tile":"siret3_r015_c006.tif","length_m":51.37},"geometry":{"type":"LineString","coordinates":[[629339.95,5220454.4],[629344.43,5220403.23]]}},{"type":"Feature","properties":{"vineyard_id":"T015_006","row_id":"T015_006-R05","row_structure":"regular","tile":"siret3_r015_c006.tif","length_m":51.37},"geometry":{"type":"LineString","coordinates":[[629338.47,5220454.4],[629342.95,5220403.22]]}},{"type":"Feature","properties":{"vineyard_id":"T015_006","row_id":"T015_006-R06","row_structure":"regular","tile":"siret3_r015_c006.tif","length_m":51.37},"geometry":{"type":"LineString","coordinates":[[629335.91,5220454.4],[629340.33,5220403.22]]}},{"type":"Feature","properties":{"vineyard_id":"T015_006","row_id":"T015_006-R07","row_structure":"regular","tile":"siret3_r015_c006.tif","length_m":51.35},"geometry":{"type":"LineString","coordinates":[[629333.2,5220454.39],[629337.67,5220403.24]]}},{"type":"Feature","properties":{"vineyard_id":"T015_006","row_id":"T015_006-R08","row_structure":"regular","tile":"siret3_r015_c006.tif","length_m":51.37},"geometry":{"type":"LineString","coordinates":[[629331.4,5220454.4],[629335.87,5220403.23]]}},{"type":"Feature","properties":{"vineyard_id":"T015_006","row_id":"T015_006-R09","row_structure":"regular","tile":"siret3_r015_c006.tif","length_m":51.37},"geometry":{"type":"LineString","coordinates":[[629329.04,5220454.4],[629333.51,5220403.23]]}},{"type":"Feature","properties":{"vineyard_id":"T015_006","row_id":"T015_006-R10","row_structure":"regular","tile":"siret3_r015_c006.tif","length_m":35.22},"geometry":{"type":"LineString","coordinates":[[629299.2,5220438.34],[629302.02,5220403.23]]}},{"type":"Feature","properties":{"vineyard_id":"T015_006","row_id":"T015_006-R11","row_structure":"regular","tile":"siret3_r015_c006.tif","length_m":1.66},"geometry":{"type":"LineString","coordinates":[[629299.2,5220404.88],[629299.35,5220403.22]]}},{"type":"Feature","properties":{"vineyard_id":"T015_008","row_id":"T015_008-R01","row_structure":"regular","tile":"siret3_r015_c008.tif","length_m":47.88},"geometry":{"type":"LineString","coordinates":[[629452.76,5220405.57],[629404.95,5220403.22]]}},{"type":"Feature","properties":{"vineyard_id":"T015_008","row_id":"T015_008-R02","row_structure":"disrupted","tile":"siret3_r015_c008.tif","length_m":51.22},"geometry":{"type":"LineString","coordinates":[[629452.77,5220422.7],[629401.61,5220420.08]]}},{"type":"Feature","properties":{"vineyard_id":"T015_008","row_id":"T015_008-R03","row_structure":"disrupted","tile":"siret3_r015_c008.tif","length_m":45.42},"geometry":{"type":"LineString","coordinates":[[629452.78,5220432.49],[629407.42,5220430.17]]}},{"type":"Feature","properties":{"vineyard_id":"T015_008","row_id":"T015_008-R04","row_structure":"disrupted","tile":"siret3_r015_c008.tif","length_m":51.25},"geometry":{"type":"LineString","coordinates":[[629452.79,5220435.27],[629401.61,5220432.53]]}},{"type":"Feature","properties":{"vineyard_id":"T015_008","row_id":"T015_008-R05","row_structure":"disrupted","tile":"siret3_r015_c008.tif","length_m":42.83},"geometry":{"type":"LineString","coordinates":[[629452.77,5220440.43],[629410.0,5220438.24]]}},{"type":"Feature","properties":{"vineyard_id":"T015_008","row_id":"T015_008-R06","row_structure":"disrupted","tile":"siret3_r015_c008.tif","length_m":42.92},"geometry":{"type":"LineString","coordinates":[[629452.78,5220446.89],[629409.91,5220444.65]]}},{"type":"Feature","properties":{"vineyard_id":"T015_008","row_id":"T015_008-R07","row_structure":"disrupted","tile":"siret3_r015_c008.tif","length_m":46.08},"geometry":{"type":"LineString","coordinates":[[629452.77,5220448.89],[629406.76,5220446.51]]}},{"type":"Feature","properties":{"vineyard_id":"T017_008","row_id":"T017_008-R02","row_structure":"regular","tile":"siret3_r017_c008.tif","length_m":53.64},"geometry":{"type":"LineString","coordinates":[[629448.5,5220352.0],[629432.4,5220300.83]]}},{"type":"Feature","properties":{"vineyard_id":"T017_008","row_id":"T017_008-R03","row_structure":"regular","tile":"siret3_r017_c008.tif","length_m":53.64},"geometry":{"type":"LineString","coordinates":[[629447.15,5220352.0],[629431.06,5220300.83]]}},{"type":"Feature","properties":{"vineyard_id":"T017_008","row_id":"T017_008-R04","row_structure":"regular","tile":"siret3_r017_c008.tif","length_m":53.66},"geometry":{"type":"LineString","coordinates":[[629445.07,5220352.0],[629428.89,5220300.83]]}},{"type":"Feature","properties":{"vineyard_id":"T017_008","row_id":"T017_008-R05","row_structure":"regular","tile":"siret3_r017_c008.tif","length_m":53.65},"geometry":{"type":"LineString","coordinates":[[629442.78,5220352.0],[629426.68,5220300.82]]}},{"type":"Feature","properties":{"vineyard_id":"T017_008","row_id":"T017_008-R06","row_structure":"regular","tile":"siret3_r017_c008.tif","length_m":53.67},"geometry":{"type":"LineString","coordinates":[[629418.02,5220352.0],[629401.84,5220300.82]]}},{"type":"Feature","properties":{"vineyard_id":"T017_008","row_id":"T017_008-R07","row_structure":"regular","tile":"siret3_r017_c008.tif","length_m":23.76},"geometry":{"type":"LineString","coordinates":[[629408.63,5220352.0],[629401.6,5220329.3]]}},{"type":"Feature","properties":{"vineyard_id":"T017_008","row_id":"T017_008-R08","row_structure":"regular","tile":"siret3_r017_c008.tif","length_m":15.99},"geometry":{"type":"LineString","coordinates":[[629406.3,5220352.0],[629401.6,5220336.71]]}},{"type":"Feature","properties":{"vineyard_id":"T017_008","row_id":"T017_008-R09","row_structure":"regular","tile":"siret3_r017_c008.tif","length_m":4.57},"geometry":{"type":"LineString","coordinates":[[629402.98,5220352.0],[629401.6,5220347.63]]}},{"type":"Feature","properties":{"vineyard_id":"T018_010","row_id":"T018_010-R01","row_structure":"regular","tile":"siret3_r018_c010.tif","length_m":35.87},"geometry":{"type":"LineString","coordinates":[[629533.56,5220300.8],[629555.18,5220272.17]]}},{"type":"Feature","properties":{"vineyard_id":"T018_010","row_id":"T018_010-R02","row_structure":"regular","tile":"siret3_r018_c010.tif","length_m":35.39},"geometry":{"type":"LineString","coordinates":[[629528.63,5220300.8],[629549.85,5220272.47]]}},{"type":"Feature","properties":{"vineyard_id":"T018_010","row_id":"T018_010-R03","row_structure":"disrupted","tile":"siret3_r018_c010.tif","length_m":53.19},"geometry":{"type":"LineString","coordinates":[[629523.07,5220300.8],[629555.17,5220258.39]]}},{"type":"Feature","properties":{"vineyard_id":"T018_010","row_id":"T018_010-R04","row_structure":"disrupted","tile":"siret3_r018_c010.tif","length_m":59.22},"geometry":{"type":"LineString","coordinates":[[629519.41,5220300.8],[629555.18,5220253.61]]}},{"type":"Feature","properties":{"vineyard_id":"T018_010","row_id":"T018_010-R05","row_structure":"disrupted","tile":"siret3_r018_c010.tif","length_m":64.06},"geometry":{"type":"LineString","coordinates":[[629515.76,5220300.8],[629554.29,5220249.62]]}},{"type":"Feature","properties":{"vineyard_id":"T018_010","row_id":"T018_010-R06","row_structure":"disrupted","tile":"siret3_r018_c010.tif","length_m":64.13},"geometry":{"type":"LineString","coordinates":[[629512.2,5220300.79],[629550.85,5220249.63]]}},{"type":"Feature","properties":{"vineyard_id":"T018_010","row_id":"T018_010-R07","row_structure":"disrupted","tile":"siret3_r018_c010.tif","length_m":64.04},"geometry":{"type":"LineString","coordinates":[[629508.12,5220300.8],[629546.61,5220249.63]]}},{"type":"Feature","properties":{"vineyard_id":"T018_010","row_id":"T018_010-R08","row_structure":"disrupted","tile":"siret3_r018_c010.tif","length_m":51.42},"geometry":{"type":"LineString","coordinates":[[629504.0,5220290.69],[629534.94,5220249.62]]}},{"type":"Feature","properties":{"vineyard_id":"T018_010","row_id":"T018_010-R09","row_structure":"disrupted","tile":"siret3_r018_c010.tif","length_m":46.2},"geometry":{"type":"LineString","coordinates":[[629504.0,5220286.54],[629531.8,5220249.64]]}},{"type":"Feature","properties":{"vineyard_id":"T018_010","row_id":"T018_010-R10","row_structure":"disrupted","tile":"siret3_r018_c010.tif","length_m":40.43},"geometry":{"type":"LineString","coordinates":[[629504.0,5220281.94],[629528.29,5220249.62]]}},{"type":"Feature","properties":{"vineyard_id":"T018_010","row_id":"T018_010-R11","row_structure":"disrupted","tile":"siret3_r018_c010.tif","length_m":28.65},"geometry":{"type":"LineString","coordinates":[[629504.0,5220272.48],[629521.25,5220249.61]]}},{"type":"Feature","properties":{"vineyard_id":"T018_010","row_id":"T018_010-R12","row_structure":"disrupted","tile":"siret3_r018_c010.tif","length_m":22.62},"geometry":{"type":"LineString","coordinates":[[629504.0,5220267.75],[629517.53,5220249.62]]}},{"type":"Feature","properties":{"vineyard_id":"T018_011","row_id":"T018_011-R01","row_structure":"regular","tile":"siret3_r018_c011.tif","length_m":28.74},"geometry":{"type":"LineString","coordinates":[[629589.09,5220300.8],[629606.39,5220277.84]]}},{"type":"Feature","properties":{"vineyard_id":"T018_011","row_id":"T018_011-R02","row_structure":"disrupted","tile":"siret3_r018_c011.tif","length_m":34.74},"geometry":{"type":"LineString","coordinates":[[629585.57,5220300.8],[629606.37,5220272.98]]}},{"type":"Feature","properties":{"vineyard_id":"T018_011","row_id":"T018_011-R03","row_structure":"disrupted","tile":"siret3_r018_c011.tif","length_m":40.83},"geometry":{"type":"LineString","coordinates":[[629581.8,5220300.79],[629606.37,5220268.19]]}},{"type":"Feature","properties":{"vineyard_id":"T018_011","row_id":"T018_011-R04","row_structure":"disrupted","tile":"siret3_r018_c011.tif","length_m":46.23},"geometry":{"type":"LineString","coordinates":[[629578.53,5220300.8],[629606.38,5220263.91]]}},{"type":"Feature","properties":{"vineyard_id":"T018_011","row_id":"T018_011-R05","row_structure":"disrupted","tile":"siret3_r018_c011.tif","length_m":51.7},"geometry":{"type":"LineString","coordinates":[[629575.25,5220300.8],[629606.37,5220259.51]]}},{"type":"Feature","properties":{"vineyard_id":"T018_011","row_id":"T018_011-R06","row_structure":"disrupted","tile":"siret3_r018_c011.tif","length_m":58.02},"geometry":{"type":"LineString","coordinates":[[629571.43,5220300.8],[629606.37,5220254.48]]}},{"type":"Feature","properties":{"vineyard_id":"T018_011","row_id":"T018_011-R07","row_structure":"disrupted","tile":"siret3_r018_c011.tif","length_m":63.55},"geometry":{"type":"LineString","coordinates":[[629568.1,5220300.8],[629606.38,5220250.08]]}},{"type":"Feature","properties":{"vineyard_id":"T018_011","row_id":"T018_011-R08","row_structure":"disrupted","tile":"siret3_r018_c011.tif","length_m":64.14},"geometry":{"type":"LineString","coordinates":[[629564.38,5220300.8],[629603.04,5220249.62]]}},{"type":"Feature","properties":{"vineyard_id":"T018_011","row_id":"T018_011-R09","row_structure":"disrupted","tile":"siret3_r018_c011.tif","length_m":64.12},"geometry":{"type":"LineString","coordinates":[[629560.97,5220300.8],[629599.59,5220249.62]]}},{"type":"Feature","properties":{"vineyard_id":"T018_011","row_id":"T018_011-R10","row_structure":"disrupted","tile":"siret3_r018_c011.tif","length_m":64.1},"geometry":{"type":"LineString","coordinates":[[629557.33,5220300.79],[629595.93,5220249.61]]}},{"type":"Feature","properties":{"vineyard_id":"T018_011","row_id":"T018_011-R11","row_structure":"disrupted","tile":"siret3_r018_c011.tif","length_m":62.52},"geometry":{"type":"LineString","coordinates":[[629555.2,5220299.59],[629592.79,5220249.62]]}},{"type":"Feature","properties":{"vineyard_id":"T018_011","row_id":"T018_011-R12","row_structure":"disrupted","tile":"siret3_r018_c011.tif","length_m":56.84},"geometry":{"type":"LineString","coordinates":[[629555.2,5220295.01],[629589.41,5220249.62]]}},{"type":"Feature","properties":{"vineyard_id":"T018_011","row_id":"T018_011-R13","row_structure":"disrupted","tile":"siret3_r018_c011.tif","length_m":51.01},"geometry":{"type":"LineString","coordinates":[[629555.2,5220290.41],[629585.84,5220249.62]]}},{"type":"Feature","properties":{"vineyard_id":"T018_011","row_id":"T018_011-R14","row_structure":"disrupted","tile":"siret3_r018_c011.tif","length_m":45.13},"geometry":{"type":"LineString","coordinates":[[629555.2,5220285.67],[629582.35,5220249.62]]}},{"type":"Feature","properties":{"vineyard_id":"T018_011","row_id":"T018_011-R15","row_structure":"disrupted","tile":"siret3_r018_c011.tif","length_m":39.53},"geometry":{"type":"LineString","coordinates":[[629555.2,5220281.25],[629578.89,5220249.61]]}},{"type":"Feature","properties":{"vineyard_id":"T018_011","row_id":"T018_011-R16","row_structure":"disrupted","tile":"siret3_r018_c011.tif","length_m":33.82},"geometry":{"type":"LineString","coordinates":[[629555.2,5220276.7],[629575.46,5220249.62]]}},{"type":"Feature","properties":{"vineyard_id":"T018_011","row_id":"T018_011-R17","row_structure":"disrupted","tile":"siret3_r018_c011.tif","length_m":28.46},"geometry":{"type":"LineString","coordinates":[[629555.2,5220272.62],[629571.98,5220249.63]]}},{"type":"Feature","properties":{"vineyard_id":"T018_011","row_id":"T018_011-R18","row_structure":"regular","tile":"siret3_r018_c011.tif","length_m":22.27},"geometry":{"type":"LineString","coordinates":[[629555.2,5220267.47],[629568.54,5220249.63]]}},{"type":"Feature","properties":{"vineyard_id":"T018_011","row_id":"T018_011-R19","row_structure":"regular","tile":"siret3_r018_c011.tif","length_m":16.51},"geometry":{"type":"LineString","coordinates":[[629555.2,5220262.95],[629564.95,5220249.62]]}},{"type":"Feature","properties":{"vineyard_id":"T018_011","row_id":"T018_011-R20","row_structure":"regular","tile":"siret3_r018_c011.tif","length_m":10.65},"geometry":{"type":"LineString","coordinates":[[629555.2,5220258.26],[629561.43,5220249.63]]}},{"type":"Feature","properties":{"vineyard_id":"T018_011","row_id":"T018_011-R21","row_structure":"regular","tile":"siret3_r018_c011.tif","length_m":5.04},"geometry":{"type":"LineString","coordinates":[[629555.2,5220253.66],[629558.21,5220249.62]]}},{"type":"Feature","properties":{"vineyard_id":"T018_012","row_id":"T018_012-R01","row_structure":"regular","tile":"siret3_r018_c012.tif","length_m":4.2},"geometry":{"type":"LineString","coordinates":[[629655.02,5220300.8],[629657.58,5220297.47]]}},{"type":"Feature","properties":{"vineyard_id":"T018_012","row_id":"T018_012-R02","row_structure":"regular","tile":"siret3_r018_c012.tif","length_m":10.48},"geometry":{"type":"LineString","coordinates":[[629651.19,5220300.8],[629657.59,5220292.5]]}},{"type":"Feature","properties":{"vineyard_id":"T018_012","row_id":"T018_012-R03","row_structure":"disrupted","tile":"siret3_r018_c012.tif","length_m":21.59},"geometry":{"type":"LineString","coordinates":[[629644.56,5220300.8],[629657.59,5220283.59]]}},{"type":"Feature","properties":{"vineyard_id":"T018_012","row_id":"T018_012-R04","row_structure":"regular","tile":"siret3_r018_c012.tif","length_m":33.64},"geometry":{"type":"LineString","coordinates":[[629636.84,5220300.8],[629657.58,5220274.31]]}},{"type":"Feature","properties":{"vineyard_id":"T018_012","row_id":"T018_012-R05","row_structure":"regular","tile":"siret3_r018_c012.tif","length_m":39.24},"geometry":{"type":"LineString","coordinates":[[629633.63,5220300.8],[629657.58,5220269.71]]}},{"type":"Feature","properties":{"vineyard_id":"T018_012","row_id":"T018_012-R06","row_structure":"regular","tile":"siret3_r018_c012.tif","length_m":45.27},"geometry":{"type":"LineString","coordinates":[[629629.94,5220300.8],[629657.57,5220264.94]]}},{"type":"Feature","properties":{"vineyard_id":"T018_012","row_id":"T018_012-R07","row_structure":"disrupted","tile":"siret3_r018_c012.tif","length_m":51.22},"geometry":{"type":"LineString","coordinates":[[629626.39,5220300.8],[629657.58,5220260.17]]}},{"type":"Feature","properties":{"vineyard_id":"T018_012","row_id":"T018_012-R08","row_structure":"disrupted","tile":"siret3_r018_c012.tif","length_m":56.32},"geometry":{"type":"LineString","coordinates":[[629623.31,5220300.8],[629657.59,5220256.11]]}},{"type":"Feature","properties":{"vineyard_id":"T018_012","row_id":"T018_012-R09","row_structure":"disrupted","tile":"siret3_r018_c012.tif","length_m":62.2},"geometry":{"type":"LineString","coordinates":[[629619.73,5220300.79],[629657.59,5220251.44]]}},{"type":"Feature","properties":{"vineyard_id":"T018_012","row_id":"T018_012-R10","row_structure":"disrupted","tile":"siret3_r018_c012.tif","length_m":64.56},"geometry":{"type":"LineString","coordinates":[[629616.11,5220300.8],[629655.46,5220249.62]]}},{"type":"Feature","properties":{"vineyard_id":"T018_012","row_id":"T018_012-R11","row_structure":"disrupted","tile":"siret3_r018_c012.tif","length_m":64.56},"geometry":{"type":"LineString","coordinates":[[629612.61,5220300.8],[629651.97,5220249.62]]}},{"type":"Feature","properties":{"vineyard_id":"T018_012","row_id":"T018_012-R12","row_structure":"disrupted","tile":"siret3_r018_c012.tif","length_m":64.57},"geometry":{"type":"LineString","coordinates":[[629609.18,5220300.79],[629648.56,5220249.62]]}},{"type":"Feature","properties":{"vineyard_id":"T018_012","row_id":"T018_012-R13","row_structure":"disrupted","tile":"siret3_r018_c012.tif","length_m":63.4},"geometry":{"type":"LineString","coordinates":[[629606.41,5220299.9],[629645.04,5220249.63]]}},{"type":"Feature","properties":{"vineyard_id":"T018_012","row_id":"T018_012-R14","row_structure":"disrupted","tile":"siret3_r018_c012.tif","length_m":57.71},"geometry":{"type":"LineString","coordinates":[[629606.4,5220295.46],[629641.46,5220249.62]]}},{"type":"Feature","properties":{"vineyard_id":"T018_012","row_id":"T018_012-R15","row_structure":"disrupted","tile":"siret3_r018_c012.tif","length_m":51.99},"geometry":{"type":"LineString","coordinates":[[629606.4,5220290.9],[629638.02,5220249.63]]}},{"type":"Feature","properties":{"vineyard_id":"T018_012","row_id":"T018_012-R16","row_structure":"regular","tile":"siret3_r018_c012.tif","length_m":39.42},"geometry":{"type":"LineString","coordinates":[[629610.58,5220280.95],[629634.51,5220249.62]]}},{"type":"Feature","properties":{"vineyard_id":"T018_012","row_id":"T018_012-R17","row_structure":"regular","tile":"siret3_r018_c012.tif","length_m":40.55},"geometry":{"type":"LineString","coordinates":[[629606.4,5220281.81],[629631.06,5220249.62]]}},{"type":"Feature","properties":{"vineyard_id":"T018_012","row_id":"T018_012-R18","row_structure":"regular","tile":"siret3_r018_c012.tif","length_m":34.95},"geometry":{"type":"LineString","coordinates":[[629606.4,5220277.21],[629627.86,5220249.62]]}},{"type":"Feature","properties":{"vineyard_id":"T018_012","row_id":"T018_012-R19","row_structure":"regular","tile":"siret3_r018_c012.tif","length_m":29.0},"geometry":{"type":"LineString","coordinates":[[629606.4,5220272.67],[629623.99,5220249.61]]}},{"type":"Feature","properties":{"vineyard_id":"T018_012","row_id":"T018_012-R20","row_structure":"regular","tile":"siret3_r018_c012.tif","length_m":23.47},"geometry":{"type":"LineString","coordinates":[[629606.4,5220268.19],[629620.78,5220249.64]]}},{"type":"Feature","properties":{"vineyard_id":"T018_012","row_id":"T018_012-R21","row_structure":"regular","tile":"siret3_r018_c012.tif","length_m":18.17},"geometry":{"type":"LineString","coordinates":[[629606.4,5220264.1],[629617.37,5220249.61]]}},{"type":"Feature","properties":{"vineyard_id":"T018_012","row_id":"T018_012-R22","row_structure":"regular","tile":"siret3_r018_c012.tif","length_m":12.58},"geometry":{"type":"LineString","coordinates":[[629606.4,5220259.78],[629613.81,5220249.61]]}},{"type":"Feature","properties":{"vineyard_id":"T018_012","row_id":"T018_012-R23","row_structure":"regular","tile":"siret3_r018_c012.tif","length_m":6.3},"geometry":{"type":"LineString","coordinates":[[629606.4,5220254.64],[629610.19,5220249.61]]}},{"type":"Feature","properties":{"vineyard_id":"T018_013","row_id":"T018_013-R01","row_structure":"regular","tile":"siret3_r018_c013.tif","length_m":17.95},"geometry":{"type":"LineString","coordinates":[[629697.42,5220300.79],[629708.78,5220286.89]]}},{"type":"Feature","properties":{"vineyard_id":"T018_013","row_id":"T018_013-R02","row_structure":"disrupted","tile":"siret3_r018_c013.tif","length_m":23.68},"geometry":{"type":"LineString","coordinates":[[629694.0,5220300.79],[629708.78,5220282.29]]}},{"type":"Feature","properties":{"vineyard_id":"T018_013","row_id":"T018_013-R03","row_structure":"regular","tile":"siret3_r018_c013.tif","length_m":42.45},"geometry":{"type":"LineString","coordinates":[[629682.09,5220297.19],[629708.78,5220264.18]]}},{"type":"Feature","properties":{"vineyard_id":"T018_013","row_id":"T018_013-R04","row_structure":"disrupted","tile":"siret3_r018_c013.tif","length_m":44.88},"geometry":{"type":"LineString","coordinates":[[629680.59,5220294.17],[629708.77,5220259.25]]}},{"type":"Feature","properties":{"vineyard_id":"T018_013","row_id":"T018_013-R05","row_structure":"disrupted","tile":"siret3_r018_c013.tif","length_m":65.69},"geometry":{"type":"LineString","coordinates":[[629667.37,5220300.8],[629708.77,5220249.79]]}},{"type":"Feature","properties":{"vineyard_id":"T018_013","row_id":"T018_013-R06","row_structure":"disrupted","tile":"siret3_r018_c013.tif","length_m":65.9},"geometry":{"type":"LineString","coordinates":[[629662.71,5220300.79],[629704.22,5220249.61]]}},{"type":"Feature","properties":{"vineyard_id":"T018_013","row_id":"T018_013-R07","row_structure":"disrupted","tile":"siret3_r018_c013.tif","length_m":65.9},"geometry":{"type":"LineString","coordinates":[[629658.69,5220300.79],[629700.23,5220249.63]]}},{"type":"Feature","properties":{"vineyard_id":"T018_013","row_id":"T018_013-R08","row_structure":"disrupted","tile":"siret3_r018_c013.tif","length_m":17.1},"geometry":{"type":"LineString","coordinates":[[629657.61,5220295.64],[629668.37,5220282.35]]}},{"type":"Feature","properties":{"vineyard_id":"T018_013","row_id":"T018_013-R09","row_structure":"disrupted","tile":"siret3_r018_c013.tif","length_m":43.91},"geometry":{"type":"LineString","coordinates":[[629657.6,5220283.78],[629685.21,5220249.63]]}},{"type":"Feature","properties":{"vineyard_id":"T018_013","row_id":"T018_013-R10","row_structure":"regular","tile":"siret3_r018_c013.tif","length_m":32.17},"geometry":{"type":"LineString","coordinates":[[629657.6,5220274.5],[629678.01,5220249.62]]}},{"type":"Feature","properties":{"vineyard_id":"T018_013","row_id":"T018_013-R11","row_structure":"regular","tile":"siret3_r018_c013.tif","length_m":25.45},"geometry":{"type":"LineString","coordinates":[[629657.6,5220269.57],[629673.4,5220249.62]]}},{"type":"Feature","properties":{"vineyard_id":"T018_013","row_id":"T018_013-R12","row_structure":"regular","tile":"siret3_r018_c013.tif","length_m":19.38},"geometry":{"type":"LineString","coordinates":[[629657.6,5220265.0],[629669.39,5220249.62]]}},{"type":"Feature","properties":{"vineyard_id":"T018_013","row_id":"T018_013-R13","row_structure":"regular","tile":"siret3_r018_c013.tif","length_m":13.6},"geometry":{"type":"LineString","coordinates":[[629657.6,5220260.37],[629665.93,5220249.62]]}},{"type":"Feature","properties":{"vineyard_id":"T018_013","row_id":"T018_013-R14","row_structure":"regular","tile":"siret3_r018_c013.tif","length_m":8.14},"geometry":{"type":"LineString","coordinates":[[629657.6,5220255.94],[629662.72,5220249.62]]}},{"type":"Feature","properties":{"vineyard_id":"T018_013","row_id":"T018_013-R15","row_structure":"regular","tile":"siret3_r018_c013.tif","length_m":2.0},"geometry":{"type":"LineString","coordinates":[[629657.6,5220251.17],[629658.86,5220249.62]]}},{"type":"Feature","properties":{"vineyard_id":"T019_009","row_id":"T019_009-R01","row_structure":"regular","tile":"siret3_r019_c009.tif","length_m":26.7},"geometry":{"type":"LineString","coordinates":[[629477.46,5220249.6],[629503.97,5220246.49]]}},{"type":"Feature","properties":{"vineyard_id":"T019_009","row_id":"T019_009-R02","row_structure":"regular","tile":"siret3_r019_c009.tif","length_m":51.56},"geometry":{"type":"LineString","coordinates":[[629452.8,5220242.19],[629503.98,5220235.87]]}},{"type":"Feature","properties":{"vineyard_id":"T019_009","row_id":"T019_009-R03","row_structure":"disrupted","tile":"siret3_r019_c009.tif","length_m":51.57},"geometry":{"type":"LineString","coordinates":[[629452.8,5220239.59],[629503.98,5220233.24]]}},{"type":"Feature","properties":{"vineyard_id":"T019_009","row_id":"T019_009-R04","row_structure":"regular","tile":"siret3_r019_c009.tif","length_m":51.55},"geometry":{"type":"LineString","coordinates":[[629452.8,5220236.96],[629503.97,5220230.72]]}},{"type":"Feature","properties":{"vineyard_id":"T019_009","row_id":"T019_009-R05","row_structure":"disrupted","tile":"siret3_r019_c009.tif","length_m":51.55},"geometry":{"type":"LineString","coordinates":[[629452.81,5220233.93],[629503.98,5220227.71]]}},{"type":"Feature","properties":{"vineyard_id":"T019_009","row_id":"T019_009-R06","row_structure":"regular","tile":"siret3_r019_c009.tif","length_m":51.57},"geometry":{"type":"LineString","coordinates":[[629452.8,5220230.52],[629503.99,5220224.28]]}},{"type":"Feature","properties":{"vineyard_id":"T019_009","row_id":"T019_009-R07","row_structure":"regular","tile":"siret3_r019_c009.tif","length_m":51.55},"geometry":{"type":"LineString","coordinates":[[629452.81,5220224.29],[629503.98,5220218.05]]}},{"type":"Feature","properties":{"vineyard_id":"T019_009","row_id":"T019_009-R08","row_structure":"regular","tile":"siret3_r019_c009.tif","length_m":51.56},"geometry":{"type":"LineString","coordinates":[[629452.8,5220218.38],[629503.97,5220212.06]]}},{"type":"Feature","properties":{"vineyard_id":"T019_009","row_id":"T019_009-R09","row_structure":"regular","tile":"siret3_r019_c009.tif","length_m":51.55},"geometry":{"type":"LineString","coordinates":[[629452.81,5220213.25],[629503.97,5220206.93]]}},{"type":"Feature","properties":{"vineyard_id":"T019_009","row_id":"T019_009-R10","row_structure":"regular","tile":"siret3_r019_c009.tif","length_m":51.55},"geometry":{"type":"LineString","coordinates":[[629452.8,5220210.71],[629503.97,5220204.47]]}},{"type":"Feature","properties":{"vineyard_id":"T019_009","row_id":"T019_009-R11","row_structure":"regular","tile":"siret3_r019_c009.tif","length_m":26.25},"geometry":{"type":"LineString","coordinates":[[629452.81,5220201.52],[629478.87,5220198.42]]}},{"type":"Feature","properties":{"vineyard_id":"T019_010","row_id":"T019_010-R01","row_structure":"regular","tile":"siret3_r019_c010.tif","length_m":1.08},"geometry":{"type":"LineString","coordinates":[[629554.53,5220249.59],[629555.18,5220248.73]]}},{"type":"Feature","properties":{"vineyard_id":"T019_010","row_id":"T019_010-R02","row_structure":"regular","tile":"siret3_r019_c010.tif","length_m":6.8},"geometry":{"type":"LineString","coordinates":[[629551.04,5220249.59],[629555.19,5220244.2]]}},{"type":"Feature","properties":{"vineyard_id":"T019_010","row_id":"T019_010-R03","row_structure":"regular","tile":"siret3_r019_c010.tif","length_m":16.23},"geometry":{"type":"LineString","coordinates":[[629545.38,5220249.59],[629555.18,5220236.66]]}},{"type":"Feature","properties":{"vineyard_id":"T019_010","row_id":"T019_010-R04","row_structure":"regular","tile":"siret3_r019_c010.tif","length_m":22.24},"geometry":{"type":"LineString","coordinates":[[629541.8,5220249.6],[629555.18,5220231.84]]}},{"type":"Feature","properties":{"vineyard_id":"T019_010","row_id":"T019_010-R05","row_structure":"regular","tile":"siret3_r019_c010.tif","length_m":28.2},"geometry":{"type":"LineString","coordinates":[[629538.25,5220249.59],[629555.19,5220227.05]]}},{"type":"Feature","properties":{"vineyard_id":"T019_010","row_id":"T019_010-R06","row_structure":"regular","tile":"siret3_r019_c010.tif","length_m":33.77},"geometry":{"type":"LineString","coordinates":[[629534.69,5220249.6],[629555.18,5220222.76]]}},{"type":"Feature","properties":{"vineyard_id":"T019_010","row_id":"T019_010-R07","row_structure":"regular","tile":"siret3_r019_c010.tif","length_m":39.05},"geometry":{"type":"LineString","coordinates":[[629531.8,5220249.59],[629555.19,5220218.32]]}},{"type":"Feature","properties":{"vineyard_id":"T019_010","row_id":"T019_010-R08","row_structure":"regular","tile":"siret3_r019_c010.tif","length_m":44.97},"geometry":{"type":"LineString","coordinates":[[629528.12,5220249.6],[629555.19,5220213.68]]}},{"type":"Feature","properties":{"vineyard_id":"T019_010","row_id":"T019_010-R09","row_structure":"disrupted","tile":"siret3_r019_c010.tif","length_m":50.72},"geometry":{"type":"LineString","coordinates":[[629524.71,5220249.6],[629555.19,5220209.05]]}},{"type":"Feature","properties":{"vineyard_id":"T019_010","row_id":"T019_010-R10","row_structure":"regular","tile":"siret3_r019_c010.tif","length_m":56.8},"geometry":{"type":"LineString","coordinates":[[629521.09,5220249.6],[629555.18,5220204.16]]}},{"type":"Feature","properties":{"vineyard_id":"T019_010","row_id":"T019_010-R11","row_structure":"disrupted","tile":"siret3_r019_c010.tif","length_m":62.23},"geometry":{"type":"LineString","coordinates":[[629517.72,5220249.6],[629555.18,5220199.9]]}},{"type":"Feature","properties":{"vineyard_id":"T019_010","row_id":"T019_010-R12","row_structure":"regular","tile":"siret3_r019_c010.tif","length_m":64.16},"geometry":{"type":"LineString","coordinates":[[629514.31,5220249.6],[629553.03,5220198.44]]}},{"type":"Feature","properties":{"vineyard_id":"T019_010","row_id":"T019_010-R13","row_structure":"regular","tile":"siret3_r019_c010.tif","length_m":57.0},"geometry":{"type":"LineString","coordinates":[[629514.91,5220243.96],[629549.2,5220198.43]]}},{"type":"Feature","properties":{"vineyard_id":"T019_010","row_id":"T019_010-R14","row_structure":"disrupted","tile":"siret3_r019_c010.tif","length_m":53.32},"geometry":{"type":"LineString","coordinates":[[629513.81,5220240.98],[629545.94,5220198.42]]}},{"type":"Feature","properties":{"vineyard_id":"T019_010","row_id":"T019_010-R15","row_structure":"disrupted","tile":"siret3_r019_c010.tif","length_m":46.88},"geometry":{"type":"LineString","coordinates":[[629513.83,5220235.76],[629542.16,5220198.42]]}},{"type":"Feature","properties":{"vineyard_id":"T019_010","row_id":"T019_010-R16","row_structure":"disrupted","tile":"siret3_r019_c010.tif","length_m":57.84},"geometry":{"type":"LineString","coordinates":[[629504.0,5220244.62],[629538.81,5220198.43]]}},{"type":"Feature","properties":{"vineyard_id":"T019_010","row_id":"T019_010-R17","row_structure":"disrupted","tile":"siret3_r019_c010.tif","length_m":51.6},"geometry":{"type":"LineString","coordinates":[[629504.0,5220239.63],[629535.05,5220198.42]]}},{"type":"Feature","properties":{"vineyard_id":"T019_010","row_id":"T019_010-R18","row_structure":"disrupted","tile":"siret3_r019_c010.tif","length_m":33.37},"geometry":{"type":"LineString","coordinates":[[629511.82,5220225.05],[629531.93,5220198.41]]}},{"type":"Feature","properties":{"vineyard_id":"T019_010","row_id":"T019_010-R19","row_structure":"disrupted","tile":"siret3_r019_c010.tif","length_m":36.49},"geometry":{"type":"LineString","coordinates":[[629504.0,5220227.5],[629526.05,5220198.42]]}},{"type":"Feature","properties":{"vineyard_id":"T019_010","row_id":"T019_010-R20","row_structure":"regular","tile":"siret3_r019_c010.tif","length_m":3.34},"geometry":{"type":"LineString","coordinates":[[629504.0,5220201.08],[629506.01,5220198.42]]}},{"type":"Feature","properties":{"vineyard_id":"T019_011","row_id":"T019_011-R01","row_structure":"regular","tile":"siret3_r019_c011.tif","length_m":5.31},"geometry":{"type":"LineString","coordinates":[[629603.33,5220249.6],[629606.38,5220245.25]]}},{"type":"Feature","properties":{"vineyard_id":"T019_011","row_id":"T019_011-R02","row_structure":"regular","tile":"siret3_r019_c011.tif","length_m":11.0},"geometry":{"type":"LineString","coordinates":[[629600.07,5220249.59],[629606.38,5220240.58]]}},{"type":"Feature","properties":{"vineyard_id":"T019_011","row_id":"T019_011-R03","row_structure":"regular","tile":"siret3_r019_c011.tif","length_m":17.22},"geometry":{"type":"LineString","coordinates":[[629596.09,5220249.6],[629606.38,5220235.79]]}},{"type":"Feature","properties":{"vineyard_id":"T019_011","row_id":"T019_011-R04","row_structure":"regular","tile":"siret3_r019_c011.tif","length_m":22.92},"geometry":{"type":"LineString","coordinates":[[629593.23,5220249.59],[629606.38,5220230.82]]}},{"type":"Feature","properties":{"vineyard_id":"T019_011","row_id":"T019_011-R05","row_structure":"regular","tile":"siret3_r019_c011.tif","length_m":28.24},"geometry":{"type":"LineString","coordinates":[[629589.52,5220249.6],[629606.37,5220226.93]]}},{"type":"Feature","properties":{"vineyard_id":"T019_011","row_id":"T019_011-R06","row_structure":"regular","tile":"siret3_r019_c011.tif","length_m":33.94},"geometry":{"type":"LineString","coordinates":[[629586.22,5220249.6],[629606.4,5220222.31]]}},{"type":"Feature","properties":{"vineyard_id":"T019_011","row_id":"T019_011-R07","row_structure":"regular","tile":"siret3_r019_c011.tif","length_m":39.69},"geometry":{"type":"LineString","coordinates":[[629582.77,5220249.6],[629606.37,5220217.69]]}},{"type":"Feature","properties":{"vineyard_id":"T019_011","row_id":"T019_011-R08","row_structure":"disrupted","tile":"siret3_r019_c011.tif","length_m":45.79},"geometry":{"type":"LineString","coordinates":[[629579.16,5220249.6],[629606.37,5220212.77]]}},{"type":"Feature","properties":{"vineyard_id":"T019_011","row_id":"T019_011-R09","row_structure":"disrupted","tile":"siret3_r019_c011.tif","length_m":51.85},"geometry":{"type":"LineString","coordinates":[[629575.57,5220249.6],[629606.38,5220207.9]]}},{"type":"Feature","properties":{"vineyard_id":"T019_011","row_id":"T019_011-R10","row_structure":"disrupted","tile":"siret3_r019_c011.tif","length_m":57.72},"geometry":{"type":"LineString","coordinates":[[629572.38,5220249.6],[629606.39,5220202.96]]}},{"type":"Feature","properties":{"vineyard_id":"T019_011","row_id":"T019_011-R11","row_structure":"disrupted","tile":"siret3_r019_c011.tif","length_m":63.21},"geometry":{"type":"LineString","coordinates":[[629569.06,5220249.6],[629606.38,5220198.59]]}},{"type":"Feature","properties":{"vineyard_id":"T019_011","row_id":"T019_011-R12","row_structure":"regular","tile":"siret3_r019_c011.tif","length_m":63.65},"geometry":{"type":"LineString","coordinates":[[629565.43,5220249.6],[629603.26,5220198.42]]}},{"type":"Feature","properties":{"vineyard_id":"T019_011","row_id":"T019_011-R13","row_structure":"disrupted","tile":"siret3_r019_c011.tif","length_m":63.51},"geometry":{"type":"LineString","coordinates":[[629562.16,5220249.6],[629599.79,5220198.43]]}},{"type":"Feature","properties":{"vineyard_id":"T019_011","row_id":"T019_011-R14","row_structure":"regular","tile":"siret3_r019_c011.tif","length_m":63.41},"geometry":{"type":"LineString","coordinates":[[629558.77,5220249.6],[629596.2,5220198.42]]}},{"type":"Feature","properties":{"vineyard_id":"T019_011","row_id":"T019_011-R15","row_structure":"disrupted","tile":"siret3_r019_c011.tif","length_m":63.54},"geometry":{"type":"LineString","coordinates":[[629555.27,5220249.6],[629592.93,5220198.42]]}},{"type":"Feature","properties":{"vineyard_id":"T019_011","row_id":"T019_011-R16","row_structure":"disrupted","tile":"siret3_r019_c011.tif","length_m":56.49},"geometry":{"type":"LineString","coordinates":[[629555.2,5220244.38],[629588.07,5220198.43]]}},{"type":"Feature","properties":{"vineyard_id":"T019_011","row_id":"T019_011-R17","row_structure":"disrupted","tile":"siret3_r019_c011.tif","length_m":50.18},"geometry":{"type":"LineString","coordinates":[[629555.2,5220238.89],[629584.87,5220198.42]]}},{"type":"Feature","properties":{"vineyard_id":"T019_011","row_id":"T019_011-R18","row_structure":"regular","tile":"siret3_r019_c011.tif","length_m":41.74},"geometry":{"type":"LineString","coordinates":[[629555.2,5220232.0],[629579.99,5220198.42]]}},{"type":"Feature","properties":{"vineyard_id":"T019_011","row_id":"T019_011-R19","row_structure":"regular","tile":"siret3_r019_c011.tif","length_m":35.97},"geometry":{"type":"LineString","coordinates":[[629555.2,5220227.37],[629576.56,5220198.43]]}},{"type":"Feature","properties":{"vineyard_id":"T019_011","row_id":"T019_011-R20","row_structure":"disrupted","tile":"siret3_r019_c011.tif","length_m":30.68},"geometry":{"type":"LineString","coordinates":[[629555.2,5220223.12],[629573.41,5220198.42]]}},{"type":"Feature","properties":{"vineyard_id":"T019_011","row_id":"T019_011-R21","row_structure":"regular","tile":"siret3_r019_c011.tif","length_m":24.91},"geometry":{"type":"LineString","coordinates":[[629555.2,5220218.42],[629570.05,5220198.42]]}},{"type":"Feature","properties":{"vineyard_id":"T019_011","row_id":"T019_011-R22","row_structure":"regular","tile":"siret3_r019_c011.tif","length_m":19.59},"geometry":{"type":"LineString","coordinates":[[629555.2,5220214.47],[629566.44,5220198.42]]}},{"type":"Feature","properties":{"vineyard_id":"T019_011","row_id":"T019_011-R23","row_structure":"regular","tile":"siret3_r019_c011.tif","length_m":13.32},"geometry":{"type":"LineString","coordinates":[[629555.2,5220209.13],[629563.14,5220198.43]]}},{"type":"Feature","properties":{"vineyard_id":"T019_011","row_id":"T019_011-R24","row_structure":"regular","tile":"siret3_r019_c011.tif","length_m":7.51},"geometry":{"type":"LineString","coordinates":[[629555.2,5220204.57],[629559.51,5220198.42]]}},{"type":"Feature","properties":{"vineyard_id":"T019_011","row_id":"T019_011-R25","row_structure":"regular","tile":"siret3_r019_c011.tif","length_m":1.87},"geometry":{"type":"LineString","coordinates":[[629555.2,5220199.96],[629556.28,5220198.42]]}},{"type":"Feature","properties":{"vineyard_id":"T019_012","row_id":"T019_012-R01","row_structure":"regular","tile":"siret3_r019_c012.tif","length_m":3.54},"geometry":{"type":"LineString","coordinates":[[629655.33,5220249.6],[629657.58,5220246.86]]}},{"type":"Feature","properties":{"vineyard_id":"T019_012","row_id":"T019_012-R02","row_structure":"regular","tile":"siret3_r019_c012.tif","length_m":8.89},"geometry":{"type":"LineString","coordinates":[[629651.75,5220249.6],[629657.58,5220242.89]]}},{"type":"Feature","properties":{"vineyard_id":"T019_012","row_id":"T019_012-R03","row_structure":"regular","tile":"siret3_r019_c012.tif","length_m":14.43},"geometry":{"type":"LineString","coordinates":[[629648.11,5220249.6],[629657.57,5220238.71]]}},{"type":"Feature","properties":{"vineyard_id":"T019_012","row_id":"T019_012-R04","row_structure":"regular","tile":"siret3_r019_c012.tif","length_m":20.44},"geometry":{"type":"LineString","coordinates":[[629644.16,5220249.6],[629657.57,5220234.17]]}},{"type":"Feature","properties":{"vineyard_id":"T019_012","row_id":"T019_012-R05","row_structure":"disrupted","tile":"siret3_r019_c012.tif","length_m":25.25},"geometry":{"type":"LineString","coordinates":[[629641.02,5220249.59],[629657.59,5220230.54]]}},{"type":"Feature","properties":{"vineyard_id":"T019_012","row_id":"T019_012-R06","row_structure":"disrupted","tile":"siret3_r019_c012.tif","length_m":26.18},"geometry":{"type":"LineString","coordinates":[[629637.21,5220249.6],[629654.38,5220229.84]]}},{"type":"Feature","properties":{"vineyard_id":"T019_012","row_id":"T019_012-R07","row_structure":"regular","tile":"siret3_r019_c012.tif","length_m":20.72},"geometry":{"type":"LineString","coordinates":[[629633.86,5220249.6],[629647.46,5220233.96]]}},{"type":"Feature","properties":{"vineyard_id":"T019_012","row_id":"T019_012-R08","row_structure":"disrupted","tile":"siret3_r019_c012.tif","length_m":24.11},"geometry":{"type":"LineString","coordinates":[[629630.97,5220249.6],[629646.24,5220230.95]]}},{"type":"Feature","properties":{"vineyard_id":"T019_012","row_id":"T019_012-R09","row_structure":"disrupted","tile":"siret3_r019_c012.tif","length_m":45.68},"geometry":{"type":"LineString","coordinates":[[629627.27,5220249.6],[629657.58,5220215.43]]}},{"type":"Feature","properties":{"vineyard_id":"T019_012","row_id":"T019_012-R10","row_structure":"disrupted","tile":"siret3_r019_c012.tif","length_m":51.43},"geometry":{"type":"LineString","coordinates":[[629623.65,5220249.6],[629657.58,5220210.95]]}},{"type":"Feature","properties":{"vineyard_id":"T019_012","row_id":"T019_012-R11","row_structure":"disrupted","tile":"siret3_r019_c012.tif","length_m":56.85},"geometry":{"type":"LineString","coordinates":[[629620.34,5220249.6],[629657.58,5220206.65]]}},{"type":"Feature","properties":{"vineyard_id":"T019_012","row_id":"T019_012-R12","row_structure":"disrupted","tile":"siret3_r019_c012.tif","length_m":62.02},"geometry":{"type":"LineString","coordinates":[[629616.9,5220249.59],[629657.59,5220202.78]]}},{"type":"Feature","properties":{"vineyard_id":"T019_012","row_id":"T019_012-R13","row_structure":"disrupted","tile":"siret3_r019_c012.tif","length_m":59.76},"geometry":{"type":"LineString","coordinates":[[629613.69,5220249.6],[629652.96,5220204.55]]}},{"type":"Feature","properties":{"vineyard_id":"T019_012","row_id":"T019_012-R14","row_structure":"disrupted","tile":"siret3_r019_c012.tif","length_m":67.82},"geometry":{"type":"LineString","coordinates":[[629609.03,5220249.6],[629653.53,5220198.42]]}},{"type":"Feature","properties":{"vineyard_id":"T019_012","row_id":"T019_012-R15","row_structure":"disrupted","tile":"siret3_r019_c012.tif","length_m":67.47},"geometry":{"type":"LineString","coordinates":[[629606.4,5220249.38],[629650.63,5220198.42]]}},{"type":"Feature","properties":{"vineyard_id":"T019_012","row_id":"T019_012-R16","row_structure":"disrupted","tile":"siret3_r019_c012.tif","length_m":61.85},"geometry":{"type":"LineString","coordinates":[[629606.4,5220245.13],[629646.94,5220198.43]]}},{"type":"Feature","properties":{"vineyard_id":"T019_012","row_id":"T019_012-R17","row_structure":"disrupted","tile":"siret3_r019_c012.tif","length_m":56.11},"geometry":{"type":"LineString","coordinates":[[629606.4,5220240.64],[629643.34,5220198.42]]}},{"type":"Feature","properties":{"vineyard_id":"T019_012","row_id":"T019_012-R18","row_structure":"disrupted","tile":"siret3_r019_c012.tif","length_m":51.99},"geometry":{"type":"LineString","coordinates":[[629606.4,5220238.54],[629639.46,5220198.42]]}},{"type":"Feature","properties":{"vineyard_id":"T019_012","row_id":"T019_012-R19","row_structure":"disrupted","tile":"siret3_r019_c012.tif","length_m":21.08},"geometry":{"type":"LineString","coordinates":[[629613.66,5220225.25],[629627.48,5220209.34]]}},{"type":"Feature","properties":{"vineyard_id":"T019_012","row_id":"T019_012-R20","row_structure":"regular","tile":"siret3_r019_c012.tif","length_m":17.12},"geometry":{"type":"LineString","coordinates":[[629614.45,5220220.3],[629625.68,5220207.38]]}},{"type":"Feature","properties":{"vineyard_id":"T019_012","row_id":"T019_012-R21","row_structure":"disrupted","tile":"siret3_r019_c012.tif","length_m":23.19},"geometry":{"type":"LineString","coordinates":[[629606.4,5220225.74],[629621.61,5220208.24]]}},{"type":"Feature","properties":{"vineyard_id":"T019_012","row_id":"T019_012-R22","row_structure":"disrupted","tile":"siret3_r019_c012.tif","length_m":20.59},"geometry":{"type":"LineString","coordinates":[[629606.4,5220221.71],[629619.91,5220206.17]]}},{"type":"Feature","properties":{"vineyard_id":"T019_012","row_id":"T019_012-R23","row_structure":"regular","tile":"siret3_r019_c012.tif","length_m":14.58},"geometry":{"type":"LineString","coordinates":[[629606.4,5220217.32],[629615.97,5220206.32]]}},{"type":"Feature","properties":{"vineyard_id":"T019_012","row_id":"T019_012-R24","row_structure":"regular","tile":"siret3_r019_c012.tif","length_m":13.27},"geometry":{"type":"LineString","coordinates":[[629606.4,5220212.86],[629615.1,5220202.85]]}},{"type":"Feature","properties":{"vineyard_id":"T019_012","row_id":"T019_012-R25","row_structure":"disrupted","tile":"siret3_r019_c012.tif","length_m":13.5},"geometry":{"type":"LineString","coordinates":[[629606.4,5220208.6],[629615.26,5220198.41]]}},{"type":"Feature","properties":{"vineyard_id":"T019_012","row_id":"T019_012-R26","row_structure":"regular","tile":"siret3_r019_c012.tif","length_m":7.37},"geometry":{"type":"LineString","coordinates":[[629606.4,5220203.99],[629611.23,5220198.43]]}},{"type":"Feature","properties":{"vineyard_id":"T019_012","row_id":"T019_012-R27","row_structure":"regular","tile":"siret3_r019_c012.tif","length_m":1.15},"geometry":{"type":"LineString","coordinates":[[629606.4,5220199.3],[629607.16,5220198.43]]}},{"type":"Feature","properties":{"vineyard_id":"T019_013","row_id":"T019_013-R02","row_structure":"regular","tile":"siret3_r019_c013.tif","length_m":8.94},"geometry":{"type":"LineString","coordinates":[[629703.32,5220249.6],[629708.79,5220242.52]]}},{"type":"Feature","properties":{"vineyard_id":"T019_013","row_id":"T019_013-R03","row_structure":"regular","tile":"siret3_r019_c013.tif","length_m":27.3},"geometry":{"type":"LineString","coordinates":[[629691.94,5220249.6],[629708.78,5220228.12]]}},{"type":"Feature","properties":{"vineyard_id":"T019_013","row_id":"T019_013-R04","row_structure":"regular","tile":"siret3_r019_c013.tif","length_m":34.39},"geometry":{"type":"LineString","coordinates":[[629687.78,5220249.6],[629708.78,5220222.36]]}},{"type":"Feature","properties":{"vineyard_id":"T019_013","row_id":"T019_013-R05","row_structure":"regular","tile":"siret3_r019_c013.tif","length_m":24.67},"geometry":{"type":"LineString","coordinates":[[629678.42,5220249.6],[629693.76,5220230.28]]}},{"type":"Feature","properties":{"vineyard_id":"T019_013","row_id":"T019_013-R06","row_structure":"disrupted","tile":"siret3_r019_c013.tif","length_m":58.46},"geometry":{"type":"LineString","coordinates":[[629673.19,5220249.6],[629708.78,5220203.22]]}},{"type":"Feature","properties":{"vineyard_id":"T019_013","row_id":"T019_013-R07","row_structure":"disrupted","tile":"siret3_r019_c013.tif","length_m":64.36},"geometry":{"type":"LineString","coordinates":[[629669.43,5220249.6],[629708.77,5220198.66]]}},{"type":"Feature","properties":{"vineyard_id":"T019_013","row_id":"T019_013-R08","row_structure":"regular","tile":"siret3_r019_c013.tif","length_m":64.76},"geometry":{"type":"LineString","coordinates":[[629665.96,5220249.6],[629705.64,5220198.42]]}},{"type":"Feature","properties":{"vineyard_id":"T019_013","row_id":"T019_013-R09","row_structure":"disrupted","tile":"siret3_r019_c013.tif","length_m":64.5},"geometry":{"type":"LineString","coordinates":[[629662.7,5220249.59],[629701.97,5220198.42]]}},{"type":"Feature","properties":{"vineyard_id":"T019_013","row_id":"T019_013-R10","row_structure":"disrupted","tile":"siret3_r019_c013.tif","length_m":64.78},"geometry":{"type":"LineString","coordinates":[[629658.98,5220249.59],[629698.69,5220198.42]]}},{"type":"Feature","properties":{"vineyard_id":"T019_013","row_id":"T019_013-R11","row_structure":"disrupted","tile":"siret3_r019_c013.tif","length_m":61.24},"geometry":{"type":"LineString","coordinates":[[629657.6,5220246.9],[629695.03,5220198.43]]}},{"type":"Feature","properties":{"vineyard_id":"T019_013","row_id":"T019_013-R12","row_structure":"regular","tile":"siret3_r019_c013.tif","length_m":55.56},"geometry":{"type":"LineString","coordinates":[[629657.6,5220242.35],[629691.62,5220198.42]]}},{"type":"Feature","properties":{"vineyard_id":"T019_013","row_id":"T019_013-R13","row_structure":"disrupted","tile":"siret3_r019_c013.tif","length_m":49.81},"geometry":{"type":"LineString","coordinates":[[629657.6,5220237.96],[629687.89,5220198.41]]}},{"type":"Feature","properties":{"vineyard_id":"T019_013","row_id":"T019_013-R14","row_structure":"disrupted","tile":"siret3_r019_c013.tif","length_m":44.1},"geometry":{"type":"LineString","coordinates":[[629657.6,5220233.43],[629684.43,5220198.42]]}},{"type":"Feature","properties":{"vineyard_id":"T019_013","row_id":"T019_013-R15","row_structure":"disrupted","tile":"siret3_r019_c013.tif","length_m":38.39},"geometry":{"type":"LineString","coordinates":[[629657.6,5220228.8],[629681.08,5220198.42]]}},{"type":"Feature","properties":{"vineyard_id":"T019_013","row_id":"T019_013-R16","row_structure":"disrupted","tile":"siret3_r019_c013.tif","length_m":32.55},"geometry":{"type":"LineString","coordinates":[[629657.6,5220224.2],[629677.48,5220198.42]]}},{"type":"Feature","properties":{"vineyard_id":"T019_013","row_id":"T019_013-R17","row_structure":"disrupted","tile":"siret3_r019_c013.tif","length_m":27.15},"geometry":{"type":"LineString","coordinates":[[629657.6,5220219.97],[629674.12,5220198.42]]}},{"type":"Feature","properties":{"vineyard_id":"T019_013","row_id":"T019_013-R18","row_structure":"regular","tile":"siret3_r019_c013.tif","length_m":15.82},"geometry":{"type":"LineString","coordinates":[[629657.61,5220215.29],[629667.28,5220202.77]]}},{"type":"Feature","properties":{"vineyard_id":"T019_013","row_id":"T019_013-R19","row_structure":"regular","tile":"siret3_r019_c013.tif","length_m":15.32},"geometry":{"type":"LineString","coordinates":[[629657.6,5220210.58],[629666.94,5220198.43]]}},{"type":"Feature","properties":{"vineyard_id":"T019_013","row_id":"T019_013-R20","row_structure":"regular","tile":"siret3_r019_c013.tif","length_m":9.63},"geometry":{"type":"LineString","coordinates":[[629657.61,5220206.0],[629663.54,5220198.42]]}},{"type":"Feature","properties":{"vineyard_id":"T019_013","row_id":"T019_013-R21","row_structure":"regular","tile":"siret3_r019_c013.tif","length_m":4.33},"geometry":{"type":"LineString","coordinates":[[629657.6,5220201.83],[629660.27,5220198.42]]}},{"type":"Feature","properties":{"vineyard_id":"T020_010","row_id":"T020_010-R01","row_structure":"regular","tile":"siret3_r020_c010.tif","length_m":41.1},"geometry":{"type":"LineString","coordinates":[[629555.19,5220149.37],[629514.14,5220147.21]]}},{"type":"Feature","properties":{"vineyard_id":"T020_010","row_id":"T020_010-R02","row_structure":"regular","tile":"siret3_r020_c010.tif","length_m":51.25},"geometry":{"type":"LineString","coordinates":[[629555.17,5220169.07],[629504.01,5220166.07]]}},{"type":"Feature","properties":{"vineyard_id":"T020_010","row_id":"T020_010-R03","row_structure":"regular","tile":"siret3_r020_c010.tif","length_m":51.27},"geometry":{"type":"LineString","coordinates":[[629555.19,5220173.79],[629504.0,5220170.8]]}},{"type":"Feature","properties":{"vineyard_id":"T020_010","row_id":"T020_010-R04","row_structure":"regular","tile":"siret3_r020_c010.tif","length_m":38.8},"geometry":{"type":"LineString","coordinates":[[629555.17,5220178.29],[629516.44,5220175.99]]}},{"type":"Feature","properties":{"vineyard_id":"T020_010","row_id":"T020_010-R05","row_structure":"regular","tile":"siret3_r020_c010.tif","length_m":51.27},"geometry":{"type":"LineString","coordinates":[[629555.18,5220183.6],[629504.0,5220180.62]]}},{"type":"Feature","properties":{"vineyard_id":"T020_010","row_id":"T020_010-R06","row_structure":"disrupted","tile":"siret3_r020_c010.tif","length_m":51.28},"geometry":{"type":"LineString","coordinates":[[629555.18,5220185.67],[629504.0,5220182.58]]}},{"type":"Feature","properties":{"vineyard_id":"T020_010","row_id":"T020_010-R07","row_structure":"disrupted","tile":"siret3_r020_c010.tif","length_m":51.25},"geometry":{"type":"LineString","coordinates":[[629555.17,5220194.8],[629504.01,5220191.71]]}},{"type":"Feature","properties":{"vineyard_id":"T020_010","row_id":"T020_010-R08","row_structure":"disrupted","tile":"siret3_r020_c010.tif","length_m":51.27},"geometry":{"type":"LineString","coordinates":[[629555.18,5220197.58],[629504.0,5220194.5]]}},{"type":"Feature","properties":{"vineyard_id":"T020_011","row_id":"T020_011-R01","row_structure":"regular","tile":"siret3_r020_c011.tif","length_m":4.17},"geometry":{"type":"LineString","coordinates":[[629603.91,5220198.4],[629606.37,5220195.04]]}},{"type":"Feature","properties":{"vineyard_id":"T020_011","row_id":"T020_011-R02","row_structure":"regular","tile":"siret3_r020_c011.tif","length_m":10.32},"geometry":{"type":"LineString","coordinates":[[629600.18,5220198.4],[629606.36,5220190.14]]}},{"type":"Feature","properties":{"vineyard_id":"T020_011","row_id":"T020_011-R03","row_structure":"regular","tile":"siret3_r020_c011.tif","length_m":16.13},"geometry":{"type":"LineString","coordinates":[[629596.76,5220198.4],[629606.39,5220185.46]]}},{"type":"Feature","properties":{"vineyard_id":"T020_011","row_id":"T020_011-R04","row_structure":"regular","tile":"siret3_r020_c011.tif","length_m":22.26},"geometry":{"type":"LineString","coordinates":[[629593.02,5220198.4],[629606.38,5220180.6]]}},{"type":"Feature","properties":{"vineyard_id":"T020_011","row_id":"T020_011-R05","row_structure":"disrupted","tile":"siret3_r020_c011.tif","length_m":29.3},"geometry":{"type":"LineString","coordinates":[[629588.73,5220198.4],[629606.38,5220175.01]]}},{"type":"Feature","properties":{"vineyard_id":"T020_011","row_id":"T020_011-R06","row_structure":"disrupted","tile":"siret3_r020_c011.tif","length_m":37.6},"geometry":{"type":"LineString","coordinates":[[629583.83,5220198.4],[629606.38,5220168.31]]}},{"type":"Feature","properties":{"vineyard_id":"T020_011","row_id":"T020_011-R07","row_structure":"disrupted","tile":"siret3_r020_c011.tif","length_m":43.32},"geometry":{"type":"LineString","coordinates":[[629580.25,5220198.4],[629606.38,5220163.85]]}},{"type":"Feature","properties":{"vineyard_id":"T020_011","row_id":"T020_011-R08","row_structure":"disrupted","tile":"siret3_r020_c011.tif","length_m":48.95},"geometry":{"type":"LineString","coordinates":[[629576.75,5220198.4],[629606.38,5220159.44]]}},{"type":"Feature","properties":{"vineyard_id":"T020_011","row_id":"T020_011-R09","row_structure":"disrupted","tile":"siret3_r020_c011.tif","length_m":54.27},"geometry":{"type":"LineString","coordinates":[[629573.49,5220198.4],[629606.39,5220155.24]]}},{"type":"Feature","properties":{"vineyard_id":"T020_011","row_id":"T020_011-R10","row_structure":"regular","tile":"siret3_r020_c011.tif","length_m":59.83},"geometry":{"type":"LineString","coordinates":[[629570.07,5220198.4],[629606.38,5220150.85]]}},{"type":"Feature","properties":{"vineyard_id":"T020_011","row_id":"T020_011-R11","row_structure":"disrupted","tile":"siret3_r020_c011.tif","length_m":64.25},"geometry":{"type":"LineString","coordinates":[[629566.75,5220198.4],[629605.61,5220147.23]]}},{"type":"Feature","properties":{"vineyard_id":"T020_011","row_id":"T020_011-R12","row_structure":"regular","tile":"siret3_r020_c011.tif","length_m":64.35},"geometry":{"type":"LineString","coordinates":[[629563.15,5220198.4],[629602.17,5220147.23]]}},{"type":"Feature","properties":{"vineyard_id":"T020_011","row_id":"T020_011-R13","row_structure":"disrupted","tile":"siret3_r020_c011.tif","length_m":64.32},"geometry":{"type":"LineString","coordinates":[[629559.71,5220198.39],[629598.7,5220147.23]]}},{"type":"Feature","properties":{"vineyard_id":"T020_011","row_id":"T020_011-R14","row_structure":"disrupted","tile":"siret3_r020_c011.tif","length_m":64.18},"geometry":{"type":"LineString","coordinates":[[629556.39,5220198.4],[629595.11,5220147.22]]}},{"type":"Feature","properties":{"vineyard_id":"T020_011","row_id":"T020_011-R15","row_structure":"disrupted","tile":"siret3_r020_c011.tif","length_m":60.3},"geometry":{"type":"LineString","coordinates":[[629555.2,5220195.52],[629591.31,5220147.22]]}},{"type":"Feature","properties":{"vineyard_id":"T020_011","row_id":"T020_011-R16","row_structure":"disrupted","tile":"siret3_r020_c011.tif","length_m":54.42},"geometry":{"type":"LineString","coordinates":[[629555.2,5220190.71],[629587.91,5220147.23]]}},{"type":"Feature","properties":{"vineyard_id":"T020_011","row_id":"T020_011-R17","row_structure":"disrupted","tile":"siret3_r020_c011.tif","length_m":48.64},"geometry":{"type":"LineString","coordinates":[[629555.2,5220186.17],[629584.33,5220147.21]]}},{"type":"Feature","properties":{"vineyard_id":"T020_011","row_id":"T020_011-R18","row_structure":"disrupted","tile":"siret3_r020_c011.tif","length_m":42.6},"geometry":{"type":"LineString","coordinates":[[629555.2,5220181.1],[629581.04,5220147.23]]}},{"type":"Feature","properties":{"vineyard_id":"T020_011","row_id":"T020_011-R19","row_structure":"disrupted","tile":"siret3_r020_c011.tif","length_m":36.82},"geometry":{"type":"LineString","coordinates":[[629555.2,5220176.68],[629577.29,5220147.22]]}},{"type":"Feature","properties":{"vineyard_id":"T020_011","row_id":"T020_011-R20","row_structure":"disrupted","tile":"siret3_r020_c011.tif","length_m":30.78},"geometry":{"type":"LineString","coordinates":[[629555.21,5220171.61],[629573.98,5220147.22]]}},{"type":"Feature","properties":{"vineyard_id":"T020_011","row_id":"T020_011-R21","row_structure":"disrupted","tile":"siret3_r020_c011.tif","length_m":25.25},"geometry":{"type":"LineString","coordinates":[[629555.21,5220167.22],[629570.63,5220147.23]]}},{"type":"Feature","properties":{"vineyard_id":"T020_011","row_id":"T020_011-R22","row_structure":"disrupted","tile":"siret3_r020_c011.tif","length_m":19.13},"geometry":{"type":"LineString","coordinates":[[629555.2,5220162.49],[629566.74,5220147.23]]}},{"type":"Feature","properties":{"vineyard_id":"T020_011","row_id":"T020_011-R23","row_structure":"regular","tile":"siret3_r020_c011.tif","length_m":15.63},"geometry":{"type":"LineString","coordinates":[[629555.2,5220159.7],[629564.63,5220147.23]]}},{"type":"Feature","properties":{"vineyard_id":"T020_011","row_id":"T020_011-R24","row_structure":"regular","tile":"siret3_r020_c011.tif","length_m":3.5},"geometry":{"type":"LineString","coordinates":[[629555.2,5220150.07],[629557.25,5220147.23]]}},{"type":"Feature","properties":{"vineyard_id":"T020_012","row_id":"T020_012-R01","row_structure":"regular","tile":"siret3_r020_c012.tif","length_m":6.57},"geometry":{"type":"LineString","coordinates":[[629654.0,5220192.72],[629657.58,5220187.21]]}},{"type":"Feature","properties":{"vineyard_id":"T020_012","row_id":"T020_012-R02","row_structure":"disrupted","tile":"siret3_r020_c012.tif","length_m":19.42},"geometry":{"type":"LineString","coordinates":[[629647.0,5220198.4],[629657.58,5220182.11]]}},{"type":"Feature","properties":{"vineyard_id":"T020_012","row_id":"T020_012-R03","row_structure":"disrupted","tile":"siret3_r020_c012.tif","length_m":26.7},"geometry":{"type":"LineString","coordinates":[[629643.04,5220198.39],[629657.59,5220176.0]]}},{"type":"Feature","properties":{"vineyard_id":"T020_012","row_id":"T020_012-R04","row_structure":"disrupted","tile":"siret3_r020_c012.tif","length_m":34.29},"geometry":{"type":"LineString","coordinates":[[629639.26,5220198.4],[629657.58,5220169.41]]}},{"type":"Feature","properties":{"vineyard_id":"T020_012","row_id":"T020_012-R05","row_structure":"disrupted","tile":"siret3_r020_c012.tif","length_m":40.62},"geometry":{"type":"LineString","coordinates":[[629635.46,5220198.39],[629657.58,5220164.31]]}},{"type":"Feature","properties":{"vineyard_id":"T020_012","row_id":"T020_012-R06","row_structure":"disrupted","tile":"siret3_r020_c012.tif","length_m":46.18},"geometry":{"type":"LineString","coordinates":[[629632.31,5220198.4],[629657.58,5220159.75]]}},{"type":"Feature","properties":{"vineyard_id":"T020_012","row_id":"T020_012-R07","row_structure":"disrupted","tile":"siret3_r020_c012.tif","length_m":52.76},"geometry":{"type":"LineString","coordinates":[[629628.71,5220198.4],[629657.58,5220154.24]]}},{"type":"Feature","properties":{"vineyard_id":"T020_012","row_id":"T020_012-R08","row_structure":"disrupted","tile":"siret3_r020_c012.tif","length_m":49.39},"geometry":{"type":"LineString","coordinates":[[629625.22,5220198.4],[629652.19,5220157.03]]}},{"type":"Feature","properties":{"vineyard_id":"T020_012","row_id":"T020_012-R09","row_structure":"disrupted","tile":"siret3_r020_c012.tif","length_m":55.38},"geometry":{"type":"LineString","coordinates":[[629621.79,5220198.4],[629652.09,5220152.04]]}},{"type":"Feature","properties":{"vineyard_id":"T020_012","row_id":"T020_012-R10","row_structure":"disrupted","tile":"siret3_r020_c012.tif","length_m":53.1},"geometry":{"type":"LineString","coordinates":[[629618.63,5220198.4],[629647.63,5220153.92]]}},{"type":"Feature","properties":{"vineyard_id":"T020_012","row_id":"T020_012-R11","row_structure":"disrupted","tile":"siret3_r020_c012.tif","length_m":56.4},"geometry":{"type":"LineString","coordinates":[[629614.93,5220198.4],[629645.84,5220151.24]]}},{"type":"Feature","properties":{"vineyard_id":"T020_012","row_id":"T020_012-R12","row_structure":"disrupted","tile":"siret3_r020_c012.tif","length_m":53.97},"geometry":{"type":"LineString","coordinates":[[629611.3,5220198.4],[629640.9,5220153.27]]}},{"type":"Feature","properties":{"vineyard_id":"T020_012","row_id":"T020_012-R13","row_structure":"disrupted","tile":"siret3_r020_c012.tif","length_m":61.16},"geometry":{"type":"LineString","coordinates":[[629607.87,5220198.4],[629641.36,5220147.22]]}},{"type":"Feature","properties":{"vineyard_id":"T020_012","row_id":"T020_012-R14","row_structure":"disrupted","tile":"siret3_r020_c012.tif","length_m":58.04},"geometry":{"type":"LineString","coordinates":[[629606.4,5220195.79],[629638.18,5220147.22]]}},{"type":"Feature","properties":{"vineyard_id":"T020_012","row_id":"T020_012-R15","row_structure":"disrupted","tile":"siret3_r020_c012.tif","length_m":51.2},"geometry":{"type":"LineString","coordinates":[[629606.4,5220190.39],[629633.94,5220147.23]]}},{"type":"Feature","properties":{"vineyard_id":"T020_012","row_id":"T020_012-R16","row_structure":"disrupted","tile":"siret3_r020_c012.tif","length_m":30.53},"geometry":{"type":"LineString","coordinates":[[629613.54,5220172.41],[629630.8,5220147.22]]}},{"type":"Feature","properties":{"vineyard_id":"T020_012","row_id":"T020_012-R17","row_structure":"disrupted","tile":"siret3_r020_c012.tif","length_m":36.36},"geometry":{"type":"LineString","coordinates":[[629606.41,5220177.35],[629626.77,5220147.22]]}},{"type":"Feature","properties":{"vineyard_id":"T020_012","row_id":"T020_012-R18","row_structure":"disrupted","tile":"siret3_r020_c012.tif","length_m":28.37},"geometry":{"type":"LineString","coordinates":[[629606.41,5220170.97],[629621.93,5220147.21]]}},{"type":"Feature","properties":{"vineyard_id":"T020_012","row_id":"T020_012-R19","row_structure":"regular","tile":"siret3_r020_c012.tif","length_m":17.15},"geometry":{"type":"LineString","coordinates":[[629608.84,5220161.6],[629618.18,5220147.22]]}},{"type":"Feature","properties":{"vineyard_id":"T020_012","row_id":"T020_012-R20","row_structure":"regular","tile":"siret3_r020_c012.tif","length_m":15.98},"geometry":{"type":"LineString","coordinates":[[629606.4,5220160.63],[629615.1,5220147.22]]}},{"type":"Feature","properties":{"vineyard_id":"T020_012","row_id":"T020_012-R21","row_structure":"regular","tile":"siret3_r020_c012.tif","length_m":10.24},"geometry":{"type":"LineString","coordinates":[[629606.4,5220155.81],[629611.98,5220147.22]]}},{"type":"Feature","properties":{"vineyard_id":"T020_012","row_id":"T020_012-R22","row_structure":"regular","tile":"siret3_r020_c012.tif","length_m":4.33},"geometry":{"type":"LineString","coordinates":[[629606.4,5220150.85],[629608.76,5220147.22]]}},{"type":"Feature","properties":{"vineyard_id":"T020_013","row_id":"T020_013-R01","row_structure":"regular","tile":"siret3_r020_c013.tif","length_m":5.45},"geometry":{"type":"LineString","coordinates":[[629705.52,5220198.4],[629708.79,5220194.04]]}},{"type":"Feature","properties":{"vineyard_id":"T020_013","row_id":"T020_013-R02","row_structure":"regular","tile":"siret3_r020_c013.tif","length_m":11.11},"geometry":{"type":"LineString","coordinates":[[629702.01,5220198.4],[629708.78,5220189.59]]}},{"type":"Feature","properties":{"vineyard_id":"T020_013","row_id":"T020_013-R03","row_structure":"regular","tile":"siret3_r020_c013.tif","length_m":16.48},"geometry":{"type":"LineString","coordinates":[[629698.69,5220198.39],[629708.78,5220185.37]]}},{"type":"Feature","properties":{"vineyard_id":"T020_013","row_id":"T020_013-R04","row_structure":"regular","tile":"siret3_r020_c013.tif","length_m":22.48},"geometry":{"type":"LineString","coordinates":[[629695.08,5220198.4],[629708.77,5220180.58]]}},{"type":"Feature","properties":{"vineyard_id":"T020_013","row_id":"T020_013-R05","row_structure":"regular","tile":"siret3_r020_c013.tif","length_m":27.94},"geometry":{"type":"LineString","coordinates":[[629691.86,5220198.4],[629708.79,5220176.17]]}},{"type":"Feature","properties":{"vineyard_id":"T020_013","row_id":"T020_013-R06","row_structure":"regular","tile":"siret3_r020_c013.tif","length_m":34.08},"geometry":{"type":"LineString","coordinates":[[629688.06,5220198.4],[629708.77,5220171.33]]}},{"type":"Feature","properties":{"vineyard_id":"T020_013","row_id":"T020_013-R07","row_structure":"regular","tile":"siret3_r020_c013.tif","length_m":39.72},"geometry":{"type":"LineString","coordinates":[[629684.58,5220198.4],[629708.78,5220166.9]]}},{"type":"Feature","properties":{"vineyard_id":"T020_013","row_id":"T020_013-R08","row_structure":"regular","tile":"siret3_r020_c013.tif","length_m":45.38},"geometry":{"type":"LineString","coordinates":[[629681.12,5220198.4],[629708.77,5220162.42]]}},{"type":"Feature","properties":{"vineyard_id":"T020_013","row_id":"T020_013-R09","row_structure":"regular","tile":"siret3_r020_c013.tif","length_m":51.74},"geometry":{"type":"LineString","coordinates":[[629677.32,5220198.4],[629708.79,5220157.33]]}},{"type":"Feature","properties":{"vineyard_id":"T020_013","row_id":"T020_013-R10","row_structure":"regular","tile":"siret3_r020_c013.tif","length_m":57.16},"geometry":{"type":"LineString","coordinates":[[629674.13,5220198.4],[629708.77,5220152.94]]}},{"type":"Feature","properties":{"vineyard_id":"T020_013","row_id":"T020_013-R11","row_structure":"regular","tile":"siret3_r020_c013.tif","length_m":63.25},"geometry":{"type":"LineString","coordinates":[[629670.28,5220198.4],[629708.78,5220148.22]]}},{"type":"Feature","properties":{"vineyard_id":"T020_013","row_id":"T020_013-R12","row_structure":"disrupted","tile":"siret3_r020_c013.tif","length_m":64.63},"geometry":{"type":"LineString","coordinates":[[629666.21,5220198.4],[629705.66,5220147.21]]}},{"type":"Feature","properties":{"vineyard_id":"T020_013","row_id":"T020_013-R13","row_structure":"disrupted","tile":"siret3_r020_c013.tif","length_m":64.5},"geometry":{"type":"LineString","coordinates":[[629663.08,5220198.39],[629702.34,5220147.22]]}},{"type":"Feature","properties":{"vineyard_id":"T020_013","row_id":"T020_013-R14","row_structure":"disrupted","tile":"siret3_r020_c013.tif","length_m":64.77},"geometry":{"type":"LineString","coordinates":[[629659.85,5220198.4],[629699.56,5220147.23]]}},{"type":"Feature","properties":{"vineyard_id":"T020_013","row_id":"T020_013-R15","row_structure":"regular","tile":"siret3_r020_c013.tif","length_m":56.9},"geometry":{"type":"LineString","coordinates":[[629657.6,5220192.29],[629692.33,5220147.22]]}},{"type":"Feature","properties":{"vineyard_id":"T020_013","row_id":"T020_013-R16","row_structure":"regular","tile":"siret3_r020_c013.tif","length_m":50.98},"geometry":{"type":"LineString","coordinates":[[629657.61,5220187.48],[629688.87,5220147.21]]}},{"type":"Feature","properties":{"vineyard_id":"T020_013","row_id":"T020_013-R17","row_structure":"regular","tile":"siret3_r020_c013.tif","length_m":45.3},"geometry":{"type":"LineString","coordinates":[[629657.6,5220183.0],[629685.39,5220147.22]]}},{"type":"Feature","properties":{"vineyard_id":"T020_013","row_id":"T020_013-R18","row_structure":"regular","tile":"siret3_r020_c013.tif","length_m":39.65},"geometry":{"type":"LineString","coordinates":[[629657.61,5220178.66],[629681.79,5220147.23]]}},{"type":"Feature","properties":{"vineyard_id":"T020_013","row_id":"T020_013-R19","row_structure":"regular","tile":"siret3_r020_c013.tif","length_m":33.96},"geometry":{"type":"LineString","coordinates":[[629657.6,5220174.15],[629678.28,5220147.22]]}},{"type":"Feature","properties":{"vineyard_id":"T020_013","row_id":"T020_013-R20","row_structure":"regular","tile":"siret3_r020_c013.tif","length_m":28.05},"geometry":{"type":"LineString","coordinates":[[629657.6,5220169.45],[629674.71,5220147.22]]}},{"type":"Feature","properties":{"vineyard_id":"T020_013","row_id":"T020_013-R21","row_structure":"regular","tile":"siret3_r020_c013.tif","length_m":22.08},"geometry":{"type":"LineString","coordinates":[[629657.61,5220164.86],[629670.87,5220147.21]]}},{"type":"Feature","properties":{"vineyard_id":"T020_013","row_id":"T020_013-R22","row_structure":"regular","tile":"siret3_r020_c013.tif","length_m":16.62},"geometry":{"type":"LineString","coordinates":[[629657.6,5220160.4],[629667.72,5220147.21]]}},{"type":"Feature","properties":{"vineyard_id":"T020_013","row_id":"T020_013-R23","row_structure":"regular","tile":"siret3_r020_c013.tif","length_m":10.4},"geometry":{"type":"LineString","coordinates":[[629657.6,5220155.62],[629663.76,5220147.23]]}},{"type":"Feature","properties":{"vineyard_id":"T020_013","row_id":"T020_013-R24","row_structure":"regular","tile":"siret3_r020_c013.tif","length_m":4.71},"geometry":{"type":"LineString","coordinates":[[629657.6,5220150.97],[629660.47,5220147.23]]}},{"type":"Feature","properties":{"vineyard_id":"T020_014","row_id":"T020_014-R01","row_structure":"regular","tile":"siret3_r020_c014.tif","length_m":11.85},"geometry":{"type":"LineString","coordinates":[[629752.49,5220194.48],[629759.99,5220185.29]]}},{"type":"Feature","properties":{"vineyard_id":"T020_014","row_id":"T020_014-R02","row_structure":"regular","tile":"siret3_r020_c014.tif","length_m":22.7},"geometry":{"type":"LineString","coordinates":[[629746.19,5220198.4],[629759.99,5220180.38]]}},{"type":"Feature","properties":{"vineyard_id":"T020_014","row_id":"T020_014-R03","row_structure":"regular","tile":"siret3_r020_c014.tif","length_m":22.04},"geometry":{"type":"LineString","coordinates":[[629742.8,5220198.4],[629756.25,5220180.94]]}},{"type":"Feature","properties":{"vineyard_id":"T020_014","row_id":"T020_014-R04","row_structure":"disrupted","tile":"siret3_r020_c014.tif","length_m":41.15},"geometry":{"type":"LineString","coordinates":[[629734.58,5220181.85],[629759.98,5220149.47]]}},{"type":"Feature","properties":{"vineyard_id":"T020_014","row_id":"T020_014-R05","row_structure":"disrupted","tile":"siret3_r020_c014.tif","length_m":64.7},"geometry":{"type":"LineString","coordinates":[[629715.9,5220198.39],[629755.5,5220147.23]]}},{"type":"Feature","properties":{"vineyard_id":"T020_014","row_id":"T020_014-R06","row_structure":"regular","tile":"siret3_r020_c014.tif","length_m":64.52},"geometry":{"type":"LineString","coordinates":[[629712.47,5220198.4],[629751.77,5220147.22]]}},{"type":"Feature","properties":{"vineyard_id":"T020_014","row_id":"T020_014-R07","row_structure":"regular","tile":"siret3_r020_c014.tif","length_m":64.55},"geometry":{"type":"LineString","coordinates":[[629708.95,5220198.4],[629748.28,5220147.22]]}},{"type":"Feature","properties":{"vineyard_id":"T020_014","row_id":"T020_014-R08","row_structure":"regular","tile":"siret3_r020_c014.tif","length_m":59.28},"geometry":{"type":"LineString","coordinates":[[629708.8,5220194.25],[629744.89,5220147.23]]}},{"type":"Feature","properties":{"vineyard_id":"T020_014","row_id":"T020_014-R09","row_structure":"disrupted","tile":"siret3_r020_c014.tif","length_m":53.31},"geometry":{"type":"LineString","coordinates":[[629708.8,5220189.47],[629741.31,5220147.21]]}},{"type":"Feature","properties":{"vineyard_id":"T020_014","row_id":"T020_014-R10","row_structure":"regular","tile":"siret3_r020_c014.tif","length_m":47.89},"geometry":{"type":"LineString","coordinates":[[629708.8,5220185.18],[629738.02,5220147.24]]}},{"type":"Feature","properties":{"vineyard_id":"T020_014","row_id":"T020_014-R11","row_structure":"regular","tile":"siret3_r020_c014.tif","length_m":41.94},"geometry":{"type":"LineString","coordinates":[[629708.8,5220180.42],[629734.43,5220147.22]]}},{"type":"Feature","properties":{"vineyard_id":"T020_014","row_id":"T020_014-R12","row_structure":"regular","tile":"siret3_r020_c014.tif","length_m":36.5},"geometry":{"type":"LineString","coordinates":[[629708.8,5220176.2],[629730.99,5220147.22]]}},{"type":"Feature","properties":{"vineyard_id":"T020_014","row_id":"T020_014-R13","row_structure":"regular","tile":"siret3_r020_c014.tif","length_m":30.17},"geometry":{"type":"LineString","coordinates":[[629708.8,5220171.08],[629727.26,5220147.22]]}},{"type":"Feature","properties":{"vineyard_id":"T020_014","row_id":"T020_014-R14","row_structure":"regular","tile":"siret3_r020_c014.tif","length_m":24.5},"geometry":{"type":"LineString","coordinates":[[629708.8,5220166.61],[629723.79,5220147.22]]}},{"type":"Feature","properties":{"vineyard_id":"T020_014","row_id":"T020_014-R15","row_structure":"regular","tile":"siret3_r020_c014.tif","length_m":18.89},"geometry":{"type":"LineString","coordinates":[[629708.8,5220162.33],[629720.14,5220147.22]]}},{"type":"Feature","properties":{"vineyard_id":"T020_014","row_id":"T020_014-R16","row_structure":"regular","tile":"siret3_r020_c014.tif","length_m":12.85},"geometry":{"type":"LineString","coordinates":[[629708.8,5220157.45],[629716.57,5220147.22]]}},{"type":"Feature","properties":{"vineyard_id":"T020_014","row_id":"T020_014-R17","row_structure":"regular","tile":"siret3_r020_c014.tif","length_m":7.13},"geometry":{"type":"LineString","coordinates":[[629708.8,5220152.83],[629713.22,5220147.23]]}},{"type":"Feature","properties":{"vineyard_id":"T020_014","row_id":"T020_014-R18","row_structure":"regular","tile":"siret3_r020_c014.tif","length_m":1.75},"geometry":{"type":"LineString","coordinates":[[629708.8,5220148.59],[629709.9,5220147.23]]}},{"type":"Feature","properties":{"vineyard_id":"T021_011","row_id":"T021_011-R02","row_structure":"regular","tile":"siret3_r021_c011.tif","length_m":6.51},"geometry":{"type":"LineString","coordinates":[[629602.33,5220147.2],[629606.39,5220142.12]]}},{"type":"Feature","properties":{"vineyard_id":"T021_011","row_id":"T021_011-R03","row_structure":"regular","tile":"siret3_r021_c011.tif","length_m":12.32},"geometry":{"type":"LineString","coordinates":[[629598.82,5220147.2],[629606.37,5220137.47]]}},{"type":"Feature","properties":{"vineyard_id":"T021_011","row_id":"T021_011-R04","row_structure":"regular","tile":"siret3_r021_c011.tif","length_m":18.5},"geometry":{"type":"LineString","coordinates":[[629595.09,5220147.2],[629606.37,5220132.54]]}},{"type":"Feature","properties":{"vineyard_id":"T021_011","row_id":"T021_011-R05","row_structure":"regular","tile":"siret3_r021_c011.tif","length_m":24.52},"geometry":{"type":"LineString","coordinates":[[629591.43,5220147.2],[629606.39,5220127.76]]}},{"type":"Feature","properties":{"vineyard_id":"T021_011","row_id":"T021_011-R06","row_structure":"regular","tile":"siret3_r021_c011.tif","length_m":30.21},"geometry":{"type":"LineString","coordinates":[[629587.92,5220147.2],[629606.38,5220123.28]]}},{"type":"Feature","properties":{"vineyard_id":"T021_011","row_id":"T021_011-R07","row_structure":"regular","tile":"siret3_r021_c011.tif","length_m":36.16},"geometry":{"type":"LineString","coordinates":[[629584.22,5220147.2],[629606.38,5220118.62]]}},{"type":"Feature","properties":{"vineyard_id":"T021_011","row_id":"T021_011-R08","row_structure":"regular","tile":"siret3_r021_c011.tif","length_m":41.76},"geometry":{"type":"LineString","coordinates":[[629580.8,5220147.19],[629606.38,5220114.18]]}},{"type":"Feature","properties":{"vineyard_id":"T021_011","row_id":"T021_011-R09","row_structure":"disrupted","tile":"siret3_r021_c011.tif","length_m":48.07},"geometry":{"type":"LineString","coordinates":[[629576.86,5220147.2],[629606.38,5220109.26]]}},{"type":"Feature","properties":{"vineyard_id":"T021_011","row_id":"T021_011-R10","row_structure":"regular","tile":"siret3_r021_c011.tif","length_m":53.48},"geometry":{"type":"LineString","coordinates":[[629573.47,5220147.2],[629606.39,5220105.05]]}},{"type":"Feature","properties":{"vineyard_id":"T021_011","row_id":"T021_011-R11","row_structure":"disrupted","tile":"siret3_r021_c011.tif","length_m":58.74},"geometry":{"type":"LineString","coordinates":[[629570.32,5220147.19],[629606.39,5220100.84]]}},{"type":"Feature","properties":{"vineyard_id":"T021_011","row_id":"T021_011-R12","row_structure":"disrupted","tile":"siret3_r021_c011.tif","length_m":54.71},"geometry":{"type":"LineString","coordinates":[[629567.11,5220147.2],[629600.65,5220103.98]]}},{"type":"Feature","properties":{"vineyard_id":"T021_012","row_id":"T021_012-R01","row_structure":"regular","tile":"siret3_r021_c012.tif","length_m":1.13},"geometry":{"type":"LineString","coordinates":[[629656.92,5220147.19],[629657.59,5220146.29]]}},{"type":"Feature","properties":{"vineyard_id":"T021_012","row_id":"T021_012-R02","row_structure":"regular","tile":"siret3_r021_c012.tif","length_m":6.56},"geometry":{"type":"LineString","coordinates":[[629653.51,5220147.2],[629657.58,5220142.05]]}},{"type":"Feature","properties":{"vineyard_id":"T021_012","row_id":"T021_012-R03","row_structure":"regular","tile":"siret3_r021_c012.tif","length_m":12.55},"geometry":{"type":"LineString","coordinates":[[629649.92,5220147.2],[629657.59,5220137.27]]}},{"type":"Feature","properties":{"vineyard_id":"T021_012","row_id":"T021_012-R04","row_structure":"regular","tile":"siret3_r021_c012.tif","length_m":18.2},"geometry":{"type":"LineString","coordinates":[[629646.51,5220147.2],[629657.58,5220132.75]]}},{"type":"Feature","properties":{"vineyard_id":"T021_012","row_id":"T021_012-R05","row_structure":"regular","tile":"siret3_r021_c012.tif","length_m":24.45},"geometry":{"type":"LineString","coordinates":[[629642.68,5220147.19],[629657.57,5220127.8]]}},{"type":"Feature","properties":{"vineyard_id":"T021_012","row_id":"T021_012-R06","row_structure":"regular","tile":"siret3_r021_c012.tif","length_m":30.27},"geometry":{"type":"LineString","coordinates":[[629639.21,5220147.2],[629657.58,5220123.14]]}},{"type":"Feature","properties":{"vineyard_id":"T021_012","row_id":"T021_012-R07","row_structure":"regular","tile":"siret3_r021_c012.tif","length_m":36.29},"geometry":{"type":"LineString","coordinates":[[629635.59,5220147.2],[629657.59,5220118.33]]}},{"type":"Feature","properties":{"vineyard_id":"T021_012","row_id":"T021_012-R08","row_structure":"regular","tile":"siret3_r021_c012.tif","length_m":42.55},"geometry":{"type":"LineString","coordinates":[[629631.6,5220147.2],[629657.59,5220113.5]]}},{"type":"Feature","properties":{"vineyard_id":"T021_012","row_id":"T021_012-R09","row_structure":"regular","tile":"siret3_r021_c012.tif","length_m":49.12},"geometry":{"type":"LineString","coordinates":[[629627.99,5220147.2],[629657.58,5220107.99]]}},{"type":"Feature","properties":{"vineyard_id":"T021_012","row_id":"T021_012-R10","row_structure":"regular","tile":"siret3_r021_c012.tif","length_m":57.95},"geometry":{"type":"LineString","coordinates":[[629622.45,5220147.2],[629657.57,5220101.1]]}},{"type":"Feature","properties":{"vineyard_id":"T021_012","row_id":"T021_012-R11","row_structure":"regular","tile":"siret3_r021_c012.tif","length_m":63.38},"geometry":{"type":"LineString","coordinates":[[629619.01,5220147.2],[629657.58,5220096.91]]}},{"type":"Feature","properties":{"vineyard_id":"T021_012","row_id":"T021_012-R12","row_structure":"regular","tile":"siret3_r021_c012.tif","length_m":64.45},"geometry":{"type":"LineString","coordinates":[[629615.84,5220147.19],[629655.02,5220096.01]]}},{"type":"Feature","properties":{"vineyard_id":"T021_012","row_id":"T021_012-R13","row_structure":"regular","tile":"siret3_r021_c012.tif","length_m":64.4},"geometry":{"type":"LineString","coordinates":[[629612.48,5220147.19],[629651.59,5220096.03]]}},{"type":"Feature","properties":{"vineyard_id":"T021_012","row_id":"T021_012-R14","row_structure":"regular","tile":"siret3_r021_c012.tif","length_m":64.3},"geometry":{"type":"LineString","coordinates":[[629609.12,5220147.2],[629648.03,5220096.01]]}},{"type":"Feature","properties":{"vineyard_id":"T021_012","row_id":"T021_012-R15","row_structure":"regular","tile":"siret3_r021_c012.tif","length_m":63.25},"geometry":{"type":"LineString","coordinates":[[629606.4,5220146.33],[629644.73,5220096.02]]}},{"type":"Feature","properties":{"vineyard_id":"T021_012","row_id":"T021_012-R16","row_structure":"disrupted","tile":"siret3_r021_c012.tif","length_m":57.82},"geometry":{"type":"LineString","coordinates":[[629606.4,5220142.04],[629641.4,5220096.02]]}},{"type":"Feature","properties":{"vineyard_id":"T021_012","row_id":"T021_012-R17","row_structure":"regular","tile":"siret3_r021_c012.tif","length_m":52.17},"geometry":{"type":"LineString","coordinates":[[629606.4,5220137.54],[629638.0,5220096.03]]}},{"type":"Feature","properties":{"vineyard_id":"T021_012","row_id":"T021_012-R18","row_structure":"regular","tile":"siret3_r021_c012.tif","length_m":45.85},"geometry":{"type":"LineString","coordinates":[[629606.4,5220132.47],[629634.21,5220096.02]]}},{"type":"Feature","properties":{"vineyard_id":"T021_012","row_id":"T021_012-R19","row_structure":"regular","tile":"siret3_r021_c012.tif","length_m":39.65},"geometry":{"type":"LineString","coordinates":[[629606.41,5220127.56],[629630.44,5220096.02]]}},{"type":"Feature","properties":{"vineyard_id":"T021_012","row_id":"T021_012-R20","row_structure":"regular","tile":"siret3_r021_c012.tif","length_m":33.82},"geometry":{"type":"LineString","coordinates":[[629606.4,5220122.99],[629626.81,5220096.01]]}},{"type":"Feature","properties":{"vineyard_id":"T021_012","row_id":"T021_012-R21","row_structure":"regular","tile":"siret3_r021_c012.tif","length_m":28.2},"geometry":{"type":"LineString","coordinates":[[629606.4,5220118.48],[629623.46,5220096.03]]}},{"type":"Feature","properties":{"vineyard_id":"T021_012","row_id":"T021_012-R22","row_structure":"regular","tile":"siret3_r021_c012.tif","length_m":22.44},"geometry":{"type":"LineString","coordinates":[[629606.4,5220113.7],[629620.21,5220096.01]]}},{"type":"Feature","properties":{"vineyard_id":"T021_012","row_id":"T021_012-R23","row_structure":"regular","tile":"siret3_r021_c012.tif","length_m":16.7},"geometry":{"type":"LineString","coordinates":[[629606.4,5220109.4],[629616.4,5220096.03]]}},{"type":"Feature","properties":{"vineyard_id":"T021_012","row_id":"T021_012-R24","row_structure":"regular","tile":"siret3_r021_c012.tif","length_m":11.27},"geometry":{"type":"LineString","coordinates":[[629606.4,5220105.05],[629613.17,5220096.03]]}},{"type":"Feature","properties":{"vineyard_id":"T021_012","row_id":"T021_012-R25","row_structure":"regular","tile":"siret3_r021_c012.tif","length_m":5.93},"geometry":{"type":"LineString","coordinates":[[629606.4,5220100.67],[629610.06,5220096.0]]}},{"type":"Feature","properties":{"vineyard_id":"T021_013","row_id":"T021_013-R01","row_structure":"regular","tile":"siret3_r021_c013.tif","length_m":5.25},"geometry":{"type":"LineString","coordinates":[[629705.47,5220147.2],[629708.79,5220143.12]]}},{"type":"Feature","properties":{"vineyard_id":"T021_013","row_id":"T021_013-R02","row_structure":"regular","tile":"siret3_r021_c013.tif","length_m":10.13},"geometry":{"type":"LineString","coordinates":[[629702.39,5220147.2],[629708.78,5220139.34]]}},{"type":"Feature","properties":{"vineyard_id":"T021_013","row_id":"T021_013-R03","row_structure":"regular","tile":"siret3_r021_c013.tif","length_m":15.25},"geometry":{"type":"LineString","coordinates":[[629699.51,5220147.2],[629708.77,5220135.08]]}},{"type":"Feature","properties":{"vineyard_id":"T021_013","row_id":"T021_013-R04","row_structure":"regular","tile":"siret3_r021_c013.tif","length_m":20.55},"geometry":{"type":"LineString","coordinates":[[629696.29,5220147.2],[629708.79,5220130.9]]}},{"type":"Feature","properties":{"vineyard_id":"T021_013","row_id":"T021_013-R05","row_structure":"regular","tile":"siret3_r021_c013.tif","length_m":27.1},"geometry":{"type":"LineString","coordinates":[[629692.42,5220147.2],[629708.78,5220125.6]]}},{"type":"Feature","properties":{"vineyard_id":"T021_013","row_id":"T021_013-R06","row_structure":"regular","tile":"siret3_r021_c013.tif","length_m":32.7},"geometry":{"type":"LineString","coordinates":[[629688.96,5220147.2],[629708.78,5220121.19]]}},{"type":"Feature","properties":{"vineyard_id":"T021_013","row_id":"T021_013-R07","row_structure":"regular","tile":"siret3_r021_c013.tif","length_m":38.42},"geometry":{"type":"LineString","coordinates":[[629685.48,5220147.2],[629708.78,5220116.65]]}},{"type":"Feature","properties":{"vineyard_id":"T021_013","row_id":"T021_013-R08","row_structure":"regular","tile":"siret3_r021_c013.tif","length_m":44.29},"geometry":{"type":"LineString","coordinates":[[629681.67,5220147.2],[629708.77,5220112.17]]}},{"type":"Feature","properties":{"vineyard_id":"T021_013","row_id":"T021_013-R09","row_structure":"regular","tile":"siret3_r021_c013.tif","length_m":50.28},"geometry":{"type":"LineString","coordinates":[[629678.28,5220147.2],[629708.79,5220107.23]]}},{"type":"Feature","properties":{"vineyard_id":"T021_013","row_id":"T021_013-R10","row_structure":"regular","tile":"siret3_r021_c013.tif","length_m":56.23},"geometry":{"type":"LineString","coordinates":[[629674.67,5220147.2],[629708.79,5220102.51]]}},{"type":"Feature","properties":{"vineyard_id":"T021_013","row_id":"T021_013-R11","row_structure":"regular","tile":"siret3_r021_c013.tif","length_m":62.0},"geometry":{"type":"LineString","coordinates":[[629670.89,5220147.2],[629708.78,5220098.12]]}},{"type":"Feature","properties":{"vineyard_id":"T021_013","row_id":"T021_013-R12","row_structure":"regular","tile":"siret3_r021_c013.tif","length_m":64.4},"geometry":{"type":"LineString","coordinates":[[629667.66,5220147.2],[629706.73,5220096.01]]}},{"type":"Feature","properties":{"vineyard_id":"T021_013","row_id":"T021_013-R13","row_structure":"regular","tile":"siret3_r021_c013.tif","length_m":64.59},"geometry":{"type":"LineString","coordinates":[[629663.85,5220147.2],[629703.24,5220096.01]]}},{"type":"Feature","properties":{"vineyard_id":"T021_013","row_id":"T021_013-R14","row_structure":"regular","tile":"siret3_r021_c013.tif","length_m":64.56},"geometry":{"type":"LineString","coordinates":[[629660.57,5220147.2],[629699.93,5220096.02]]}},{"type":"Feature","properties":{"vineyard_id":"T021_013","row_id":"T021_013-R15","row_structure":"regular","tile":"siret3_r021_c013.tif","length_m":63.46},"geometry":{"type":"LineString","coordinates":[[629657.6,5220146.24],[629696.39,5220096.02]]}},{"type":"Feature","properties":{"vineyard_id":"T021_013","row_id":"T021_013-R16","row_structure":"disrupted","tile":"siret3_r021_c013.tif","length_m":57.84},"geometry":{"type":"LineString","coordinates":[[629657.6,5220142.0],[629692.71,5220096.03]]}},{"type":"Feature","properties":{"vineyard_id":"T021_013","row_id":"T021_013-R17","row_structure":"regular","tile":"siret3_r021_c013.tif","length_m":51.8},"geometry":{"type":"LineString","coordinates":[[629657.6,5220137.22],[629689.0,5220096.02]]}},{"type":"Feature","properties":{"vineyard_id":"T021_013","row_id":"T021_013-R18","row_structure":"regular","tile":"siret3_r021_c013.tif","length_m":46.24},"geometry":{"type":"LineString","coordinates":[[629657.6,5220132.73],[629685.71,5220096.02]]}},{"type":"Feature","properties":{"vineyard_id":"T021_013","row_id":"T021_013-R19","row_structure":"regular","tile":"siret3_r021_c013.tif","length_m":40.17},"geometry":{"type":"LineString","coordinates":[[629657.6,5220127.82],[629682.15,5220096.03]]}},{"type":"Feature","properties":{"vineyard_id":"T021_013","row_id":"T021_013-R20","row_structure":"regular","tile":"siret3_r021_c013.tif","length_m":34.26},"geometry":{"type":"LineString","coordinates":[[629657.6,5220123.08],[629678.6,5220096.02]]}},{"type":"Feature","properties":{"vineyard_id":"T021_013","row_id":"T021_013-R21","row_structure":"regular","tile":"siret3_r021_c013.tif","length_m":28.54},"geometry":{"type":"LineString","coordinates":[[629657.6,5220118.65],[629675.0,5220096.02]]}},{"type":"Feature","properties":{"vineyard_id":"T021_013","row_id":"T021_013-R22","row_structure":"regular","tile":"siret3_r021_c013.tif","length_m":22.45},"geometry":{"type":"LineString","coordinates":[[629657.6,5220113.71],[629671.42,5220096.02]]}},{"type":"Feature","properties":{"vineyard_id":"T021_013","row_id":"T021_013-R23","row_structure":"regular","tile":"siret3_r021_c013.tif","length_m":17.18},"geometry":{"type":"LineString","coordinates":[[629657.61,5220109.71],[629667.98,5220096.02]]}},{"type":"Feature","properties":{"vineyard_id":"T021_013","row_id":"T021_013-R24","row_structure":"regular","tile":"siret3_r021_c013.tif","length_m":6.85},"geometry":{"type":"LineString","coordinates":[[629657.6,5220101.45],[629661.77,5220096.02]]}},{"type":"Feature","properties":{"vineyard_id":"T021_013","row_id":"T021_013-R25","row_structure":"regular","tile":"siret3_r021_c013.tif","length_m":1.15},"geometry":{"type":"LineString","coordinates":[[629657.61,5220096.95],[629658.29,5220096.03]]}},{"type":"Feature","properties":{"vineyard_id":"T021_014","row_id":"T021_014-R01","row_structure":"regular","tile":"siret3_r021_c014.tif","length_m":1.16},"geometry":{"type":"LineString","coordinates":[[629759.28,5220147.2],[629759.99,5220146.28]]}},{"type":"Feature","properties":{"vineyard_id":"T021_014","row_id":"T021_014-R02","row_structure":"regular","tile":"siret3_r021_c014.tif","length_m":6.96},"geometry":{"type":"LineString","coordinates":[[629755.67,5220147.2],[629759.98,5220141.74]]}},{"type":"Feature","properties":{"vineyard_id":"T021_014","row_id":"T021_014-R03","row_structure":"regular","tile":"siret3_r021_c014.tif","length_m":13.68},"geometry":{"type":"LineString","coordinates":[[629751.8,5220147.2],[629759.98,5220136.23]]}},{"type":"Feature","properties":{"vineyard_id":"T021_014","row_id":"T021_014-R04","row_structure":"regular","tile":"siret3_r021_c014.tif","length_m":19.32},"geometry":{"type":"LineString","coordinates":[[629748.28,5220147.2],[629759.98,5220131.83]]}},{"type":"Feature","properties":{"vineyard_id":"T021_014","row_id":"T021_014-R05","row_structure":"regular","tile":"siret3_r021_c014.tif","length_m":24.87},"geometry":{"type":"LineString","coordinates":[[629744.83,5220147.2],[629759.98,5220127.49]]}},{"type":"Feature","properties":{"vineyard_id":"T021_014","row_id":"T021_014-R06","row_structure":"regular","tile":"siret3_r021_c014.tif","length_m":30.48},"geometry":{"type":"LineString","coordinates":[[629741.35,5220147.2],[629759.97,5220123.07]]}},{"type":"Feature","properties":{"vineyard_id":"T021_014","row_id":"T021_014-R07","row_structure":"regular","tile":"siret3_r021_c014.tif","length_m":36.36},"geometry":{"type":"LineString","coordinates":[[629738.05,5220147.2],[629759.98,5220118.2]]}},{"type":"Feature","properties":{"vineyard_id":"T021_014","row_id":"T021_014-R08","row_structure":"regular","tile":"siret3_r021_c014.tif","length_m":41.93},"geometry":{"type":"LineString","coordinates":[[629734.38,5220147.19],[629759.98,5220113.99]]}},{"type":"Feature","properties":{"vineyard_id":"T021_014","row_id":"T021_014-R09","row_structure":"regular","tile":"siret3_r021_c014.tif","length_m":40.85},"geometry":{"type":"LineString","coordinates":[[629731.02,5220147.2],[629755.86,5220114.77]]}},{"type":"Feature","properties":{"vineyard_id":"T021_014","row_id":"T021_014-R10","row_structure":"disrupted","tile":"siret3_r021_c014.tif","length_m":53.95},"geometry":{"type":"LineString","coordinates":[[629727.28,5220147.2],[629759.99,5220104.3]]}},{"type":"Feature","properties":{"vineyard_id":"T021_014","row_id":"T021_014-R11","row_structure":"regular","tile":"siret3_r021_c014.tif","length_m":59.81},"geometry":{"type":"LineString","coordinates":[[629723.97,5220147.2],[629759.97,5220099.44]]}},{"type":"Feature","properties":{"vineyard_id":"T021_014","row_id":"T021_014-R12","row_structure":"regular","tile":"siret3_r021_c014.tif","length_m":64.43},"geometry":{"type":"LineString","coordinates":[[629720.27,5220147.2],[629759.41,5220096.02]]}},{"type":"Feature","properties":{"vineyard_id":"T021_014","row_id":"T021_014-R13","row_structure":"regular","tile":"siret3_r021_c014.tif","length_m":64.45},"geometry":{"type":"LineString","coordinates":[[629716.62,5220147.2],[629755.79,5220096.02]]}},{"type":"Feature","properties":{"vineyard_id":"T021_014","row_id":"T021_014-R14","row_structure":"regular","tile":"siret3_r021_c014.tif","length_m":64.45},"geometry":{"type":"LineString","coordinates":[[629713.25,5220147.2],[629752.4,5220096.01]]}},{"type":"Feature","properties":{"vineyard_id":"T021_014","row_id":"T021_014-R15","row_structure":"disrupted","tile":"siret3_r021_c014.tif","length_m":64.33},"geometry":{"type":"LineString","coordinates":[[629709.94,5220147.2],[629748.94,5220096.04]]}},{"type":"Feature","properties":{"vineyard_id":"T021_014","row_id":"T021_014-R16","row_structure":"disrupted","tile":"siret3_r021_c014.tif","length_m":59.45},"geometry":{"type":"LineString","coordinates":[[629708.8,5220143.11],[629745.09,5220096.02]]}},{"type":"Feature","properties":{"vineyard_id":"T021_014","row_id":"T021_014-R17","row_structure":"disrupted","tile":"siret3_r021_c014.tif","length_m":54.08},"geometry":{"type":"LineString","coordinates":[[629708.8,5220138.93],[629741.72,5220096.03]]}},{"type":"Feature","properties":{"vineyard_id":"T021_014","row_id":"T021_014-R18","row_structure":"disrupted","tile":"siret3_r021_c014.tif","length_m":49.23},"geometry":{"type":"LineString","coordinates":[[629708.8,5220135.21],[629738.58,5220096.02]]}},{"type":"Feature","properties":{"vineyard_id":"T021_014","row_id":"T021_014-R19","row_structure":"disrupted","tile":"siret3_r021_c014.tif","length_m":43.88},"geometry":{"type":"LineString","coordinates":[[629708.8,5220130.88],[629735.46,5220096.02]]}},{"type":"Feature","properties":{"vineyard_id":"T021_014","row_id":"T021_014-R20","row_structure":"regular","tile":"siret3_r021_c014.tif","length_m":38.79},"geometry":{"type":"LineString","coordinates":[[629708.8,5220126.86],[629732.33,5220096.02]]}},{"type":"Feature","properties":{"vineyard_id":"T021_014","row_id":"T021_014-R21","row_structure":"regular","tile":"siret3_r021_c014.tif","length_m":14.63},"geometry":{"type":"LineString","coordinates":[[629708.8,5220121.21],[629717.74,5220109.63]]}},{"type":"Feature","properties":{"vineyard_id":"T021_014","row_id":"T021_014-R22","row_structure":"regular","tile":"siret3_r021_c014.tif","length_m":25.83},"geometry":{"type":"LineString","coordinates":[[629708.8,5220116.49],[629724.55,5220096.02]]}},{"type":"Feature","properties":{"vineyard_id":"T021_014","row_id":"T021_014-R23","row_structure":"disrupted","tile":"siret3_r021_c014.tif","length_m":20.15},"geometry":{"type":"LineString","coordinates":[[629708.81,5220112.06],[629721.02,5220096.03]]}},{"type":"Feature","properties":{"vineyard_id":"T021_014","row_id":"T021_014-R24","row_structure":"disrupted","tile":"siret3_r021_c014.tif","length_m":14.32},"geometry":{"type":"LineString","coordinates":[[629708.81,5220107.37],[629717.55,5220096.02]]}},{"type":"Feature","properties":{"vineyard_id":"T021_014","row_id":"T021_014-R25","row_structure":"regular","tile":"siret3_r021_c014.tif","length_m":7.99},"geometry":{"type":"LineString","coordinates":[[629708.8,5220102.35],[629713.69,5220096.02]]}},{"type":"Feature","properties":{"vineyard_id":"T021_014","row_id":"T021_014-R26","row_structure":"regular","tile":"siret3_r021_c014.tif","length_m":2.4},"geometry":{"type":"LineString","coordinates":[[629708.81,5220097.9],[629710.32,5220096.03]]}},{"type":"Feature","properties":{"vineyard_id":"T021_015","row_id":"T021_015-R01","row_structure":"regular","tile":"siret3_r021_c015.tif","length_m":4.35},"geometry":{"type":"LineString","coordinates":[[629808.52,5220141.95],[629811.19,5220138.5]]}},{"type":"Feature","properties":{"vineyard_id":"T021_015","row_id":"T021_015-R02","row_structure":"regular","tile":"siret3_r021_c015.tif","length_m":7.63},"geometry":{"type":"LineString","coordinates":[[629806.57,5220140.75],[629811.19,5220134.68]]}},{"type":"Feature","properties":{"vineyard_id":"T021_015","row_id":"T021_015-R03","row_structure":"regular","tile":"siret3_r021_c015.tif","length_m":7.17},"geometry":{"type":"LineString","coordinates":[[629802.19,5220137.44],[629806.71,5220131.86]]}},{"type":"Feature","properties":{"vineyard_id":"T021_015","row_id":"T021_015-R04","row_structure":"disrupted","tile":"siret3_r021_c015.tif","length_m":35.67},"geometry":{"type":"LineString","coordinates":[[629788.84,5220147.2],[629811.19,5220119.4]]}},{"type":"Feature","properties":{"vineyard_id":"T021_015","row_id":"T021_015-R05","row_structure":"regular","tile":"siret3_r021_c015.tif","length_m":52.79},"geometry":{"type":"LineString","coordinates":[[629777.92,5220147.2],[629811.17,5220106.2]]}},{"type":"Feature","properties":{"vineyard_id":"T021_015","row_id":"T021_015-R06","row_structure":"disrupted","tile":"siret3_r021_c015.tif","length_m":59.83},"geometry":{"type":"LineString","coordinates":[[629760.01,5220146.29],[629797.73,5220099.85]]}},{"type":"Feature","properties":{"vineyard_id":"T021_015","row_id":"T021_015-R07","row_structure":"disrupted","tile":"siret3_r021_c015.tif","length_m":58.75},"geometry":{"type":"LineString","coordinates":[[629760.0,5220141.77],[629796.86,5220096.03]]}},{"type":"Feature","properties":{"vineyard_id":"T021_015","row_id":"T021_015-R08","row_structure":"disrupted","tile":"siret3_r021_c015.tif","length_m":51.25},"geometry":{"type":"LineString","coordinates":[[629760.0,5220135.91],[629792.18,5220096.03]]}},{"type":"Feature","properties":{"vineyard_id":"T021_015","row_id":"T021_015-R09","row_structure":"regular","tile":"siret3_r021_c015.tif","length_m":40.82},"geometry":{"type":"LineString","coordinates":[[629760.0,5220131.43],[629785.29,5220099.39]]}},{"type":"Feature","properties":{"vineyard_id":"T021_015","row_id":"T021_015-R10","row_structure":"regular","tile":"siret3_r021_c015.tif","length_m":14.72},"geometry":{"type":"LineString","coordinates":[[629760.0,5220127.11],[629769.18,5220115.59]]}},{"type":"Feature","properties":{"vineyard_id":"T021_015","row_id":"T021_015-R11","row_structure":"disrupted","tile":"siret3_r021_c015.tif","length_m":31.72},"geometry":{"type":"LineString","coordinates":[[629760.01,5220120.67],[629779.97,5220096.02]]}},{"type":"Feature","properties":{"vineyard_id":"T021_015","row_id":"T021_015-R12","row_structure":"disrupted","tile":"siret3_r021_c015.tif","length_m":23.47},"geometry":{"type":"LineString","coordinates":[[629760.0,5220114.19],[629774.84,5220096.02]]}},{"type":"Feature","properties":{"vineyard_id":"T021_015","row_id":"T021_015-R13","row_structure":"regular","tile":"siret3_r021_c015.tif","length_m":13.79},"geometry":{"type":"LineString","coordinates":[[629760.0,5220106.79],[629768.63,5220096.04]]}},{"type":"Feature","properties":{"vineyard_id":"T021_015","row_id":"T021_015-R14","row_structure":"regular","tile":"siret3_r021_c015.tif","length_m":9.58},"geometry":{"type":"LineString","coordinates":[[629760.0,5220103.36],[629766.16,5220096.03]]}},{"type":"Feature","properties":{"vineyard_id":"T021_015","row_id":"T021_015-R15","row_structure":"regular","tile":"siret3_r021_c015.tif","length_m":3.9},"geometry":{"type":"LineString","coordinates":[[629760.0,5220099.05],[629762.45,5220096.02]]}},{"type":"Feature","properties":{"vineyard_id":"T022_012","row_id":"T022_012-R01","row_structure":"regular","tile":"siret3_r022_c012.tif","length_m":4.03},"geometry":{"type":"LineString","coordinates":[[629654.93,5220096.0],[629657.57,5220092.96]]}},{"type":"Feature","properties":{"vineyard_id":"T022_012","row_id":"T022_012-R02","row_structure":"regular","tile":"siret3_r022_c012.tif","length_m":9.45},"geometry":{"type":"LineString","coordinates":[[629651.39,5220096.0],[629657.59,5220088.87]]}},{"type":"Feature","properties":{"vineyard_id":"T022_012","row_id":"T022_012-R03","row_structure":"regular","tile":"siret3_r022_c012.tif","length_m":15.23},"geometry":{"type":"LineString","coordinates":[[629647.87,5220095.99],[629657.58,5220084.26]]}},{"type":"Feature","properties":{"vineyard_id":"T022_012","row_id":"T022_012-R04","row_structure":"disrupted","tile":"siret3_r022_c012.tif","length_m":20.56},"geometry":{"type":"LineString","coordinates":[[629644.56,5220095.99],[629657.58,5220080.08]]}},{"type":"Feature","properties":{"vineyard_id":"T022_012","row_id":"T022_012-R05","row_structure":"regular","tile":"siret3_r022_c012.tif","length_m":18.67},"geometry":{"type":"LineString","coordinates":[[629640.42,5220096.0],[629652.67,5220081.91]]}},{"type":"Feature","properties":{"vineyard_id":"T022_012","row_id":"T022_012-R06","row_structure":"regular","tile":"siret3_r022_c012.tif","length_m":13.22},"geometry":{"type":"LineString","coordinates":[[629636.98,5220096.0],[629645.66,5220086.01]]}},{"type":"Feature","properties":{"vineyard_id":"T022_012","row_id":"T022_012-R07","row_structure":"disrupted","tile":"siret3_r022_c012.tif","length_m":20.84},"geometry":{"type":"LineString","coordinates":[[629634.01,5220096.0],[629647.21,5220079.88]]}},{"type":"Feature","properties":{"vineyard_id":"T022_012","row_id":"T022_012-R08","row_structure":"disrupted","tile":"siret3_r022_c012.tif","length_m":41.4},"geometry":{"type":"LineString","coordinates":[[629630.21,5220096.0],[629657.58,5220064.94]]}},{"type":"Feature","properties":{"vineyard_id":"T022_012","row_id":"T022_012-R09","row_structure":"disrupted","tile":"siret3_r022_c012.tif","length_m":20.9},"geometry":{"type":"LineString","coordinates":[[629635.28,5220083.82],[629648.99,5220068.04]]}},{"type":"Feature","properties":{"vineyard_id":"T022_012","row_id":"T022_012-R10","row_structure":"disrupted","tile":"siret3_r022_c012.tif","length_m":43.25},"geometry":{"type":"LineString","coordinates":[[629622.33,5220096.0],[629649.89,5220062.67]]}},{"type":"Feature","properties":{"vineyard_id":"T022_012","row_id":"T022_012-R11","row_structure":"disrupted","tile":"siret3_r022_c012.tif","length_m":58.14},"geometry":{"type":"LineString","coordinates":[[629619.54,5220096.0],[629657.58,5220052.02]]}},{"type":"Feature","properties":{"vineyard_id":"T022_012","row_id":"T022_012-R12","row_structure":"disrupted","tile":"siret3_r022_c012.tif","length_m":63.8},"geometry":{"type":"LineString","coordinates":[[629615.94,5220095.99],[629657.57,5220047.64]]}},{"type":"Feature","properties":{"vineyard_id":"T022_012","row_id":"T022_012-R13","row_structure":"disrupted","tile":"siret3_r022_c012.tif","length_m":58.48},"geometry":{"type":"LineString","coordinates":[[629612.98,5220096.0],[629651.21,5220051.75]]}},{"type":"Feature","properties":{"vineyard_id":"T022_012","row_id":"T022_012-R14","row_structure":"disrupted","tile":"siret3_r022_c012.tif","length_m":58.3},"geometry":{"type":"LineString","coordinates":[[629609.4,5220096.0],[629647.62,5220051.99]]}},{"type":"Feature","properties":{"vineyard_id":"T022_012","row_id":"T022_012-R15","row_structure":"disrupted","tile":"siret3_r022_c012.tif","length_m":51.87},"geometry":{"type":"LineString","coordinates":[[629616.4,5220084.83],[629649.41,5220044.82]]}},{"type":"Feature","properties":{"vineyard_id":"T022_012","row_id":"T022_012-R16","row_structure":"regular","tile":"siret3_r022_c012.tif","length_m":55.74},"geometry":{"type":"LineString","coordinates":[[629606.4,5220086.92],[629642.94,5220044.83]]}},{"type":"Feature","properties":{"vineyard_id":"T022_013","row_id":"T022_013-R01","row_structure":"regular","tile":"siret3_r022_c013.tif","length_m":3.39},"geometry":{"type":"LineString","coordinates":[[629706.73,5220096.0],[629708.78,5220093.31]]}},{"type":"Feature","properties":{"vineyard_id":"T022_013","row_id":"T022_013-R02","row_structure":"regular","tile":"siret3_r022_c013.tif","length_m":9.32},"geometry":{"type":"LineString","coordinates":[[629703.13,5220096.0],[629708.78,5220088.59]]}},{"type":"Feature","properties":{"vineyard_id":"T022_013","row_id":"T022_013-R03","row_structure":"regular","tile":"siret3_r022_c013.tif","length_m":15.1},"geometry":{"type":"LineString","coordinates":[[629699.75,5220096.0],[629708.77,5220083.89]]}},{"type":"Feature","properties":{"vineyard_id":"T022_013","row_id":"T022_013-R04","row_structure":"regular","tile":"siret3_r022_c013.tif","length_m":20.37},"geometry":{"type":"LineString","coordinates":[[629696.28,5220096.0],[629708.77,5220079.9]]}},{"type":"Feature","properties":{"vineyard_id":"T022_013","row_id":"T022_013-R05","row_structure":"regular","tile":"siret3_r022_c013.tif","length_m":26.37},"geometry":{"type":"LineString","coordinates":[[629692.65,5220095.99],[629708.78,5220075.12]]}},{"type":"Feature","properties":{"vineyard_id":"T022_013","row_id":"T022_013-R06","row_structure":"regular","tile":"siret3_r022_c013.tif","length_m":32.13},"geometry":{"type":"LineString","coordinates":[[629689.33,5220096.0],[629708.79,5220070.43]]}},{"type":"Feature","properties":{"vineyard_id":"T022_013","row_id":"T022_013-R07","row_structure":"regular","tile":"siret3_r022_c013.tif","length_m":37.86},"geometry":{"type":"LineString","coordinates":[[629685.78,5220096.0],[629708.78,5220065.93]]}},{"type":"Feature","properties":{"vineyard_id":"T022_013","row_id":"T022_013-R08","row_structure":"regular","tile":"siret3_r022_c013.tif","length_m":43.64},"geometry":{"type":"LineString","coordinates":[[629682.39,5220096.0],[629708.79,5220061.25]]}},{"type":"Feature","properties":{"vineyard_id":"T022_013","row_id":"T022_013-R09","row_structure":"regular","tile":"siret3_r022_c013.tif","length_m":49.62},"geometry":{"type":"LineString","coordinates":[[629678.68,5220096.0],[629708.78,5220056.55]]}},{"type":"Feature","properties":{"vineyard_id":"T022_013","row_id":"T022_013-R10","row_structure":"regular","tile":"siret3_r022_c013.tif","length_m":51.23},"geometry":{"type":"LineString","coordinates":[[629677.81,5220092.51],[629708.78,5220051.7]]}},{"type":"Feature","properties":{"vineyard_id":"T022_013","row_id":"T022_013-R11","row_structure":"regular","tile":"siret3_r022_c013.tif","length_m":61.38},"geometry":{"type":"LineString","coordinates":[[629671.75,5220096.0],[629708.79,5220047.05]]}},{"type":"Feature","properties":{"vineyard_id":"T022_013","row_id":"T022_013-R12","row_structure":"disrupted","tile":"siret3_r022_c013.tif","length_m":64.3},"geometry":{"type":"LineString","coordinates":[[629666.98,5220096.0],[629705.92,5220044.83]]}},{"type":"Feature","properties":{"vineyard_id":"T022_013","row_id":"T022_013-R13","row_structure":"disrupted","tile":"siret3_r022_c013.tif","length_m":55.32},"geometry":{"type":"LineString","coordinates":[[629661.72,5220096.0],[629695.39,5220052.1]]}},{"type":"Feature","properties":{"vineyard_id":"T022_013","row_id":"T022_013-R14","row_structure":"disrupted","tile":"siret3_r022_c013.tif","length_m":64.51},"geometry":{"type":"LineString","coordinates":[[629658.2,5220096.0],[629697.47,5220044.82]]}},{"type":"Feature","properties":{"vineyard_id":"T022_013","row_id":"T022_013-R15","row_structure":"disrupted","tile":"siret3_r022_c013.tif","length_m":60.32},"geometry":{"type":"LineString","coordinates":[[629657.61,5220092.64],[629694.38,5220044.82]]}},{"type":"Feature","properties":{"vineyard_id":"T022_013","row_id":"T022_013-R16","row_structure":"regular","tile":"siret3_r022_c013.tif","length_m":48.31},"geometry":{"type":"LineString","coordinates":[[629657.6,5220088.05],[629687.06,5220049.76]]}},{"type":"Feature","properties":{"vineyard_id":"T022_013","row_id":"T022_013-R17","row_structure":"regular","tile":"siret3_r022_c013.tif","length_m":42.78},"geometry":{"type":"LineString","coordinates":[[629657.6,5220083.73],[629683.46,5220049.65]]}},{"type":"Feature","properties":{"vineyard_id":"T022_013","row_id":"T022_013-R18","row_structure":"regular","tile":"siret3_r022_c013.tif","length_m":42.86},"geometry":{"type":"LineString","coordinates":[[629657.6,5220078.84],[629683.69,5220044.83]]}},{"type":"Feature","properties":{"vineyard_id":"T022_013","row_id":"T022_013-R19","row_structure":"regular","tile":"siret3_r022_c013.tif","length_m":37.31},"geometry":{"type":"LineString","coordinates":[[629657.6,5220074.4],[629680.36,5220044.83]]}},{"type":"Feature","properties":{"vineyard_id":"T022_013","row_id":"T022_013-R20","row_structure":"regular","tile":"siret3_r022_c013.tif","length_m":31.4},"geometry":{"type":"LineString","coordinates":[[629657.6,5220069.72],[629676.72,5220044.82]]}},{"type":"Feature","properties":{"vineyard_id":"T022_013","row_id":"T022_013-R21","row_structure":"regular","tile":"siret3_r022_c013.tif","length_m":25.6},"geometry":{"type":"LineString","coordinates":[[629657.6,5220065.07],[629673.27,5220044.83]]}},{"type":"Feature","properties":{"vineyard_id":"T022_013","row_id":"T022_013-R22","row_structure":"regular","tile":"siret3_r022_c013.tif","length_m":19.7},"geometry":{"type":"LineString","coordinates":[[629657.61,5220060.61],[629669.4,5220044.83]]}},{"type":"Feature","properties":{"vineyard_id":"T022_013","row_id":"T022_013-R23","row_structure":"regular","tile":"siret3_r022_c013.tif","length_m":13.97},"geometry":{"type":"LineString","coordinates":[[629657.6,5220056.03],[629665.94,5220044.82]]}},{"type":"Feature","properties":{"vineyard_id":"T022_013","row_id":"T022_013-R24","row_structure":"regular","tile":"siret3_r022_c013.tif","length_m":8.2},"geometry":{"type":"LineString","coordinates":[[629657.6,5220051.47],[629662.39,5220044.82]]}},{"type":"Feature","properties":{"vineyard_id":"T022_013","row_id":"T022_013-R25","row_structure":"regular","tile":"siret3_r022_c013.tif","length_m":2.03},"geometry":{"type":"LineString","coordinates":[[629657.6,5220046.44],[629658.83,5220044.83]]}},{"type":"Feature","properties":{"vineyard_id":"T022_014","row_id":"T022_014-R01","row_structure":"regular","tile":"siret3_r022_c014.tif","length_m":4.63},"geometry":{"type":"LineString","coordinates":[[629757.07,5220096.0],[629759.99,5220092.4]]}},{"type":"Feature","properties":{"vineyard_id":"T022_014","row_id":"T022_014-R02","row_structure":"regular","tile":"siret3_r022_c014.tif","length_m":9.42},"geometry":{"type":"LineString","coordinates":[[629754.25,5220096.0],[629759.98,5220088.53]]}},{"type":"Feature","properties":{"vineyard_id":"T022_014","row_id":"T022_014-R03","row_structure":"regular","tile":"siret3_r022_c014.tif","length_m":14.4},"geometry":{"type":"LineString","coordinates":[[629751.23,5220096.0],[629759.98,5220084.56]]}},{"type":"Feature","properties":{"vineyard_id":"T022_014","row_id":"T022_014-R04","row_structure":"regular","tile":"siret3_r022_c014.tif","length_m":19.15},"geometry":{"type":"LineString","coordinates":[[629748.38,5220095.99],[629759.99,5220080.76]]}},{"type":"Feature","properties":{"vineyard_id":"T022_014","row_id":"T022_014-R05","row_structure":"regular","tile":"siret3_r022_c014.tif","length_m":22.87},"geometry":{"type":"LineString","coordinates":[[629746.15,5220096.0],[629759.99,5220077.8]]}},{"type":"Feature","properties":{"vineyard_id":"T022_014","row_id":"T022_014-R06","row_structure":"regular","tile":"siret3_r022_c014.tif","length_m":37.54},"geometry":{"type":"LineString","coordinates":[[629737.14,5220096.0],[629759.98,5220066.21]]}},{"type":"Feature","properties":{"vineyard_id":"T022_014","row_id":"T022_014-R07","row_structure":"regular","tile":"siret3_r022_c014.tif","length_m":44.08},"geometry":{"type":"LineString","coordinates":[[629733.24,5220096.0],[629759.97,5220060.95]]}},{"type":"Feature","properties":{"vineyard_id":"T022_014","row_id":"T022_014-R08","row_structure":"regular","tile":"siret3_r022_c014.tif","length_m":49.95},"geometry":{"type":"LineString","coordinates":[[629729.66,5220096.0],[629759.99,5220056.31]]}},{"type":"Feature","properties":{"vineyard_id":"T022_014","row_id":"T022_014-R09","row_structure":"regular","tile":"siret3_r022_c014.tif","length_m":58.6},"geometry":{"type":"LineString","coordinates":[[629724.35,5220096.0],[629759.99,5220049.48]]}},{"type":"Feature","properties":{"vineyard_id":"T022_014","row_id":"T022_014-R10","row_structure":"regular","tile":"siret3_r022_c014.tif","length_m":63.95},"geometry":{"type":"LineString","coordinates":[[629721.15,5220096.0],[629759.99,5220045.2]]}},{"type":"Feature","properties":{"vineyard_id":"T022_014","row_id":"T022_014-R11","row_structure":"regular","tile":"siret3_r022_c014.tif","length_m":64.44},"geometry":{"type":"LineString","coordinates":[[629717.46,5220096.0],[629756.62,5220044.83]]}},{"type":"Feature","properties":{"vineyard_id":"T022_014","row_id":"T022_014-R12","row_structure":"regular","tile":"siret3_r022_c014.tif","length_m":64.52},"geometry":{"type":"LineString","coordinates":[[629713.74,5220096.0],[629753.03,5220044.82]]}},{"type":"Feature","properties":{"vineyard_id":"T022_014","row_id":"T022_014-R13","row_structure":"regular","tile":"siret3_r022_c014.tif","length_m":64.54},"geometry":{"type":"LineString","coordinates":[[629710.37,5220096.0],[629749.7,5220044.82]]}},{"type":"Feature","properties":{"vineyard_id":"T022_014","row_id":"T022_014-R14","row_structure":"regular","tile":"siret3_r022_c014.tif","length_m":60.81},"geometry":{"type":"LineString","coordinates":[[629708.8,5220093.19],[629745.66,5220044.82]]}},{"type":"Feature","properties":{"vineyard_id":"T022_014","row_id":"T022_014-R15","row_structure":"regular","tile":"siret3_r022_c014.tif","length_m":55.31},"geometry":{"type":"LineString","coordinates":[[629708.8,5220088.78],[629742.37,5220044.82]]}},{"type":"Feature","properties":{"vineyard_id":"T022_014","row_id":"T022_014-R16","row_structure":"regular","tile":"siret3_r022_c014.tif","length_m":49.38},"geometry":{"type":"LineString","coordinates":[[629708.8,5220084.09],[629738.77,5220044.83]]}},{"type":"Feature","properties":{"vineyard_id":"T022_014","row_id":"T022_014-R17","row_structure":"regular","tile":"siret3_r022_c014.tif","length_m":44.16},"geometry":{"type":"LineString","coordinates":[[629708.8,5220080.03],[629735.46,5220044.83]]}},{"type":"Feature","properties":{"vineyard_id":"T022_014","row_id":"T022_014-R18","row_structure":"regular","tile":"siret3_r022_c014.tif","length_m":37.61},"geometry":{"type":"LineString","coordinates":[[629708.8,5220074.84],[629731.47,5220044.83]]}},{"type":"Feature","properties":{"vineyard_id":"T022_014","row_id":"T022_014-R19","row_structure":"regular","tile":"siret3_r022_c014.tif","length_m":32.12},"geometry":{"type":"LineString","coordinates":[[629708.8,5220070.41],[629728.21,5220044.82]]}},{"type":"Feature","properties":{"vineyard_id":"T022_014","row_id":"T022_014-R20","row_structure":"regular","tile":"siret3_r022_c014.tif","length_m":26.55},"geometry":{"type":"LineString","coordinates":[[629708.8,5220065.97],[629724.83,5220044.82]]}},{"type":"Feature","properties":{"vineyard_id":"T022_014","row_id":"T022_014-R21","row_structure":"regular","tile":"siret3_r022_c014.tif","length_m":20.77},"geometry":{"type":"LineString","coordinates":[[629708.8,5220061.34],[629721.39,5220044.83]]}},{"type":"Feature","properties":{"vineyard_id":"T022_014","row_id":"T022_014-R22","row_structure":"regular","tile":"siret3_r022_c014.tif","length_m":14.74},"geometry":{"type":"LineString","coordinates":[[629708.8,5220056.62],[629717.65,5220044.83]]}},{"type":"Feature","properties":{"vineyard_id":"T022_014","row_id":"T022_014-R23","row_structure":"regular","tile":"siret3_r022_c014.tif","length_m":8.48},"geometry":{"type":"LineString","coordinates":[[629708.8,5220051.58],[629713.94,5220044.83]]}},{"type":"Feature","properties":{"vineyard_id":"T022_014","row_id":"T022_014-R24","row_structure":"regular","tile":"siret3_r022_c014.tif","length_m":2.82},"geometry":{"type":"LineString","coordinates":[[629708.8,5220047.06],[629710.51,5220044.82]]}},{"type":"Feature","properties":{"vineyard_id":"T022_015","row_id":"T022_015-R01","row_structure":"regular","tile":"siret3_r022_c015.tif","length_m":12.09},"geometry":{"type":"LineString","coordinates":[[629810.04,5220096.0],[629811.18,5220083.96]]}},{"type":"Feature","properties":{"vineyard_id":"T022_015","row_id":"T022_015-R02","row_structure":"disrupted","tile":"siret3_r022_c015.tif","length_m":51.45},"geometry":{"type":"LineString","coordinates":[[629805.79,5220095.99],[629811.14,5220044.82]]}},{"type":"Feature","properties":{"vineyard_id":"T022_015","row_id":"T022_015-R03","row_structure":"disrupted","tile":"siret3_r022_c015.tif","length_m":47.42},"geometry":{"type":"LineString","coordinates":[[629802.77,5220091.97],[629807.77,5220044.82]]}},{"type":"Feature","properties":{"vineyard_id":"T022_015","row_id":"T022_015-R04","row_structure":"disrupted","tile":"siret3_r022_c015.tif","length_m":47.05},"geometry":{"type":"LineString","coordinates":[[629799.73,5220091.61],[629804.73,5220044.82]]}},{"type":"Feature","properties":{"vineyard_id":"T022_015","row_id":"T022_015-R05","row_structure":"disrupted","tile":"siret3_r022_c015.tif","length_m":51.45},"geometry":{"type":"LineString","coordinates":[[629795.98,5220095.99],[629801.34,5220044.82]]}},{"type":"Feature","properties":{"vineyard_id":"T022_015","row_id":"T022_015-R06","row_structure":"disrupted","tile":"siret3_r022_c015.tif","length_m":51.45},"geometry":{"type":"LineString","coordinates":[[629792.89,5220095.99],[629798.27,5220044.82]]}},{"type":"Feature","properties":{"vineyard_id":"T022_015","row_id":"T022_015-R07","row_structure":"disrupted","tile":"siret3_r022_c015.tif","length_m":51.47},"geometry":{"type":"LineString","coordinates":[[629790.2,5220096.0],[629795.58,5220044.82]]}},{"type":"Feature","properties":{"vineyard_id":"T022_015","row_id":"T022_015-R08","row_structure":"disrupted","tile":"siret3_r022_c015.tif","length_m":51.45},"geometry":{"type":"LineString","coordinates":[[629787.42,5220095.99],[629792.84,5220044.83]]}},{"type":"Feature","properties":{"vineyard_id":"T022_015","row_id":"T022_015-R09","row_structure":"disrupted","tile":"siret3_r022_c015.tif","length_m":46.9},"geometry":{"type":"LineString","coordinates":[[629784.72,5220091.49],[629789.54,5220044.83]]}},{"type":"Feature","properties":{"vineyard_id":"T022_015","row_id":"T022_015-R10","row_structure":"disrupted","tile":"siret3_r022_c015.tif","length_m":51.45},"geometry":{"type":"LineString","coordinates":[[629781.3,5220096.0],[629786.57,5220044.82]]}},{"type":"Feature","properties":{"vineyard_id":"T022_015","row_id":"T022_015-R11","row_structure":"disrupted","tile":"siret3_r022_c015.tif","length_m":51.47},"geometry":{"type":"LineString","coordinates":[[629774.59,5220096.0],[629780.07,5220044.82]]}},{"type":"Feature","properties":{"vineyard_id":"T022_015","row_id":"T022_015-R12","row_structure":"regular","tile":"siret3_r022_c015.tif","length_m":51.45},"geometry":{"type":"LineString","coordinates":[[629771.84,5220095.99],[629777.26,5220044.83]]}},{"type":"Feature","properties":{"vineyard_id":"T022_015","row_id":"T022_015-R13","row_structure":"regular","tile":"siret3_r022_c015.tif","length_m":51.45},"geometry":{"type":"LineString","coordinates":[[629767.79,5220095.99],[629773.14,5220044.82]]}},{"type":"Feature","properties":{"vineyard_id":"T022_015","row_id":"T022_015-R14","row_structure":"regular","tile":"siret3_r022_c015.tif","length_m":51.45},"geometry":{"type":"LineString","coordinates":[[629764.78,5220096.0],[629770.11,5220044.83]]}},{"type":"Feature","properties":{"vineyard_id":"T022_016","row_id":"T022_016-R01","row_structure":"disrupted","tile":"siret3_r022_c016.tif","length_m":21.23},"geometry":{"type":"LineString","coordinates":[[629862.39,5220066.05],[629861.62,5220044.83]]}},{"type":"Feature","properties":{"vineyard_id":"T022_016","row_id":"T022_016-R02","row_structure":"disrupted","tile":"siret3_r022_c016.tif","length_m":51.25},"geometry":{"type":"LineString","coordinates":[[629861.22,5220096.0],[629858.22,5220044.83]]}},{"type":"Feature","properties":{"vineyard_id":"T022_016","row_id":"T022_016-R03","row_structure":"regular","tile":"siret3_r022_c016.tif","length_m":46.8},"geometry":{"type":"LineString","coordinates":[[629851.41,5220096.0],[629848.63,5220049.29]]}},{"type":"Feature","properties":{"vineyard_id":"T022_016","row_id":"T022_016-R04","row_structure":"disrupted","tile":"siret3_r022_c016.tif","length_m":51.27},"geometry":{"type":"LineString","coordinates":[[629844.58,5220096.0],[629841.47,5220044.83]]}},{"type":"Feature","properties":{"vineyard_id":"T022_016","row_id":"T022_016-R05","row_structure":"disrupted","tile":"siret3_r022_c016.tif","length_m":51.27},"geometry":{"type":"LineString","coordinates":[[629822.36,5220096.0],[629819.29,5220044.82]]}},{"type":"Feature","properties":{"vineyard_id":"T022_016","row_id":"T022_016-R06","row_structure":"disrupted","tile":"siret3_r022_c016.tif","length_m":51.28},"geometry":{"type":"LineString","coordinates":[[629819.51,5220096.0],[629816.35,5220044.82]]}},{"type":"Feature","properties":{"vineyard_id":"T022_016","row_id":"T022_016-R07","row_structure":"disrupted","tile":"siret3_r022_c016.tif","length_m":47.03},"geometry":{"type":"LineString","coordinates":[[629814.51,5220091.76],[629811.76,5220044.82]]}},{"type":"Feature","properties":{"vineyard_id":"T023_014","row_id":"T023_014-R01","row_structure":"regular","tile":"siret3_r023_c014.tif","length_m":5.58},"geometry":{"type":"LineString","coordinates":[[629756.49,5220044.79],[629759.97,5220040.44]]}},{"type":"Feature","properties":{"vineyard_id":"T023_014","row_id":"T023_014-R02","row_structure":"regular","tile":"siret3_r023_c014.tif","length_m":11.75},"geometry":{"type":"LineString","coordinates":[[629752.78,5220044.8],[629759.98,5220035.52]]}},{"type":"Feature","properties":{"vineyard_id":"T023_014","row_id":"T023_014-R03","row_structure":"regular","tile":"siret3_r023_c014.tif","length_m":17.32},"geometry":{"type":"LineString","coordinates":[[629749.47,5220044.8],[629759.97,5220031.03]]}},{"type":"Feature","properties":{"vineyard_id":"T023_014","row_id":"T023_014-R04","row_structure":"regular","tile":"siret3_r023_c014.tif","length_m":23.83},"geometry":{"type":"LineString","coordinates":[[629745.63,5220044.8],[629759.98,5220025.77]]}},{"type":"Feature","properties":{"vineyard_id":"T023_014","row_id":"T023_014-R05","row_structure":"regular","tile":"siret3_r023_c014.tif","length_m":29.61},"geometry":{"type":"LineString","coordinates":[[629742.27,5220044.8],[629759.99,5220021.08]]}},{"type":"Feature","properties":{"vineyard_id":"T023_014","row_id":"T023_014-R06","row_structure":"regular","tile":"siret3_r023_c014.tif","length_m":35.14},"geometry":{"type":"LineString","coordinates":[[629738.73,5220044.8],[629759.98,5220016.81]]}},{"type":"Feature","properties":{"vineyard_id":"T023_014","row_id":"T023_014-R07","row_structure":"regular","tile":"siret3_r023_c014.tif","length_m":35.23},"geometry":{"type":"LineString","coordinates":[[629735.44,5220044.8],[629756.58,5220016.62]]}},{"type":"Feature","properties":{"vineyard_id":"T023_014","row_id":"T023_014-R08","row_structure":"disrupted","tile":"siret3_r023_c014.tif","length_m":47.05},"geometry":{"type":"LineString","coordinates":[[629731.59,5220044.8],[629759.97,5220007.27]]}},{"type":"Feature","properties":{"vineyard_id":"T023_014","row_id":"T023_014-R09","row_structure":"disrupted","tile":"siret3_r023_c014.tif","length_m":52.47},"geometry":{"type":"LineString","coordinates":[[629728.37,5220044.8],[629759.99,5220002.93]]}},{"type":"Feature","properties":{"vineyard_id":"T023_014","row_id":"T023_014-R10","row_structure":"disrupted","tile":"siret3_r023_c014.tif","length_m":58.47},"geometry":{"type":"LineString","coordinates":[[629724.74,5220044.79],[629759.98,5219998.13]]}},{"type":"Feature","properties":{"vineyard_id":"T023_014","row_id":"T023_014-R11","row_structure":"disrupted","tile":"siret3_r023_c014.tif","length_m":64.14},"geometry":{"type":"LineString","coordinates":[[629721.21,5220044.8],[629759.88,5219993.63]]}},{"type":"Feature","properties":{"vineyard_id":"T023_014","row_id":"T023_014-R12","row_structure":"disrupted","tile":"siret3_r023_c014.tif","length_m":64.11},"geometry":{"type":"LineString","coordinates":[[629717.73,5220044.8],[629756.34,5219993.62]]}},{"type":"Feature","properties":{"vineyard_id":"T023_014","row_id":"T023_014-R13","row_structure":"disrupted","tile":"siret3_r023_c014.tif","length_m":64.14},"geometry":{"type":"LineString","coordinates":[[629713.96,5220044.8],[629752.61,5219993.62]]}},{"type":"Feature","properties":{"vineyard_id":"T023_014","row_id":"T023_014-R14","row_structure":"disrupted","tile":"siret3_r023_c014.tif","length_m":64.09},"geometry":{"type":"LineString","coordinates":[[629710.55,5220044.8],[629749.12,5219993.62]]}},{"type":"Feature","properties":{"vineyard_id":"T023_014","row_id":"T023_014-R15","row_structure":"disrupted","tile":"siret3_r023_c014.tif","length_m":61.51},"geometry":{"type":"LineString","coordinates":[[629708.8,5220042.75],[629745.82,5219993.62]]}},{"type":"Feature","properties":{"vineyard_id":"T023_014","row_id":"T023_014-R16","row_structure":"regular","tile":"siret3_r023_c014.tif","length_m":9.83},"geometry":{"type":"LineString","coordinates":[[629708.8,5220001.48],[629714.68,5219993.62]]}},{"type":"Feature","properties":{"vineyard_id":"T023_014","row_id":"T023_014-R17","row_structure":"regular","tile":"siret3_r023_c014.tif","length_m":4.7},"geometry":{"type":"LineString","coordinates":[[629708.81,5219997.41],[629711.58,5219993.62]]}},{"type":"Feature","properties":{"vineyard_id":"T023_015","row_id":"T023_015-R01","row_structure":"regular","tile":"siret3_r023_c015.tif","length_m":13.3},"geometry":{"type":"LineString","coordinates":[[629811.17,5220004.26],[629803.19,5219993.62]]}},{"type":"Feature","properties":{"vineyard_id":"T023_015","row_id":"T023_015-R02","row_structure":"disrupted","tile":"siret3_r023_c015.tif","length_m":19.62},"geometry":{"type":"LineString","coordinates":[[629811.19,5220009.26],[629799.33,5219993.62]]}},{"type":"Feature","properties":{"vineyard_id":"T023_015","row_id":"T023_015-R03","row_structure":"regular","tile":"siret3_r023_c015.tif","length_m":24.65},"geometry":{"type":"LineString","coordinates":[[629811.19,5220013.37],[629796.43,5219993.62]]}},{"type":"Feature","properties":{"vineyard_id":"T023_015","row_id":"T023_015-R04","row_structure":"disrupted","tile":"siret3_r023_c015.tif","length_m":30.85},"geometry":{"type":"LineString","coordinates":[[629811.19,5220018.34],[629792.73,5219993.62]]}},{"type":"Feature","properties":{"vineyard_id":"T023_015","row_id":"T023_015-R05","row_structure":"disrupted","tile":"siret3_r023_c015.tif","length_m":35.8},"geometry":{"type":"LineString","coordinates":[[629811.18,5220022.14],[629789.54,5219993.62]]}},{"type":"Feature","properties":{"vineyard_id":"T023_015","row_id":"T023_015-R06","row_structure":"disrupted","tile":"siret3_r023_c015.tif","length_m":41.05},"geometry":{"type":"LineString","coordinates":[[629811.18,5220026.48],[629786.57,5219993.63]]}},{"type":"Feature","properties":{"vineyard_id":"T023_015","row_id":"T023_015-R07","row_structure":"disrupted","tile":"siret3_r023_c015.tif","length_m":47.75},"geometry":{"type":"LineString","coordinates":[[629811.18,5220031.81],[629782.5,5219993.63]]}},{"type":"Feature","properties":{"vineyard_id":"T023_015","row_id":"T023_015-R08","row_structure":"disrupted","tile":"siret3_r023_c015.tif","length_m":59.33},"geometry":{"type":"LineString","coordinates":[[629811.19,5220041.04],[629775.51,5219993.63]]}},{"type":"Feature","properties":{"vineyard_id":"T023_015","row_id":"T023_015-R09","row_structure":"disrupted","tile":"siret3_r023_c015.tif","length_m":64.15},"geometry":{"type":"LineString","coordinates":[[629809.69,5220044.79],[629771.01,5219993.62]]}},{"type":"Feature","properties":{"vineyard_id":"T023_015","row_id":"T023_015-R10","row_structure":"disrupted","tile":"siret3_r023_c015.tif","length_m":64.07},"geometry":{"type":"LineString","coordinates":[[629806.68,5220044.8],[629768.12,5219993.63]]}},{"type":"Feature","properties":{"vineyard_id":"T023_015","row_id":"T023_015-R11","row_structure":"disrupted","tile":"siret3_r023_c015.tif","length_m":64.03},"geometry":{"type":"LineString","coordinates":[[629802.96,5220044.79],[629764.47,5219993.63]]}},{"type":"Feature","properties":{"vineyard_id":"T023_015","row_id":"T023_015-R12","row_structure":"disrupted","tile":"siret3_r023_c015.tif","length_m":64.1},"geometry":{"type":"LineString","coordinates":[[629800.04,5220044.8],[629761.46,5219993.61]]}},{"type":"Feature","properties":{"vineyard_id":"T023_015","row_id":"T023_015-R13","row_structure":"disrupted","tile":"siret3_r023_c015.tif","length_m":62.87},"geometry":{"type":"LineString","coordinates":[[629797.81,5220044.79],[629760.0,5219994.56]]}},{"type":"Feature","properties":{"vineyard_id":"T023_015","row_id":"T023_015-R14","row_structure":"disrupted","tile":"siret3_r023_c015.tif","length_m":58.65},"geometry":{"type":"LineString","coordinates":[[629795.27,5220044.79],[629760.0,5219997.94]]}},{"type":"Feature","properties":{"vineyard_id":"T023_015","row_id":"T023_015-R15","row_structure":"disrupted","tile":"siret3_r023_c015.tif","length_m":51.5},"geometry":{"type":"LineString","coordinates":[[629790.99,5220044.8],[629760.0,5220003.67]]}},{"type":"Feature","properties":{"vineyard_id":"T023_015","row_id":"T023_015-R16","row_structure":"disrupted","tile":"siret3_r023_c015.tif","length_m":44.51},"geometry":{"type":"LineString","coordinates":[[629786.8,5220044.8],[629760.0,5220009.27]]}},{"type":"Feature","properties":{"vineyard_id":"T023_015","row_id":"T023_015-R17","row_structure":"regular","tile":"siret3_r023_c015.tif","length_m":33.33},"geometry":{"type":"LineString","coordinates":[[629782.81,5220044.8],[629762.62,5220018.28]]}},{"type":"Feature","properties":{"vineyard_id":"T023_015","row_id":"T023_015-R18","row_structure":"regular","tile":"siret3_r023_c015.tif","length_m":32.03},"geometry":{"type":"LineString","coordinates":[[629779.29,5220044.8],[629760.01,5220019.22]]}},{"type":"Feature","properties":{"vineyard_id":"T023_015","row_id":"T023_015-R19","row_structure":"regular","tile":"siret3_r023_c015.tif","length_m":24.87},"geometry":{"type":"LineString","coordinates":[[629774.96,5220044.8],[629760.0,5220024.93]]}},{"type":"Feature","properties":{"vineyard_id":"T023_015","row_id":"T023_015-R20","row_structure":"disrupted","tile":"siret3_r023_c015.tif","length_m":18.78},"geometry":{"type":"LineString","coordinates":[[629771.31,5220044.8],[629760.0,5220029.8]]}},{"type":"Feature","properties":{"vineyard_id":"T023_015","row_id":"T023_015-R21","row_structure":"disrupted","tile":"siret3_r023_c015.tif","length_m":13.63},"geometry":{"type":"LineString","coordinates":[[629768.23,5220044.8],[629760.01,5220033.93]]}},{"type":"Feature","properties":{"vineyard_id":"T023_016","row_id":"T023_016-R01","row_structure":"regular","tile":"siret3_r023_c016.tif","length_m":2.49},"geometry":{"type":"LineString","coordinates":[[629860.92,5220044.8],[629862.37,5220042.77]]}},{"type":"Feature","properties":{"vineyard_id":"T023_016","row_id":"T023_016-R02","row_structure":"regular","tile":"siret3_r023_c016.tif","length_m":7.76},"geometry":{"type":"LineString","coordinates":[[629857.73,5220044.8],[629862.38,5220038.58]]}},{"type":"Feature","properties":{"vineyard_id":"T023_016","row_id":"T023_016-R03","row_structure":"regular","tile":"siret3_r023_c016.tif","length_m":10.97},"geometry":{"type":"LineString","coordinates":[[629855.76,5220044.8],[629862.37,5220036.04]]}},{"type":"Feature","properties":{"vineyard_id":"T023_016","row_id":"T023_016-R04","row_structure":"disrupted","tile":"siret3_r023_c016.tif","length_m":16.29},"geometry":{"type":"LineString","coordinates":[[629848.42,5220044.8],[629858.34,5220031.88]]}},{"type":"Feature","properties":{"vineyard_id":"T023_016","row_id":"T023_016-R05","row_structure":"disrupted","tile":"siret3_r023_c016.tif","length_m":29.31},"geometry":{"type":"LineString","coordinates":[[629845.28,5220044.8],[629862.38,5220021.0]]}},{"type":"Feature","properties":{"vineyard_id":"T023_016","row_id":"T023_016-R06","row_structure":"disrupted","tile":"siret3_r023_c016.tif","length_m":28.79},"geometry":{"type":"LineString","coordinates":[[629841.48,5220044.8],[629858.9,5220021.88]]}},{"type":"Feature","properties":{"vineyard_id":"T023_016","row_id":"T023_016-R07","row_structure":"disrupted","tile":"siret3_r023_c016.tif","length_m":33.27},"geometry":{"type":"LineString","coordinates":[[629838.05,5220044.79],[629858.29,5220018.38]]}},{"type":"Feature","properties":{"vineyard_id":"T023_016","row_id":"T023_016-R08","row_structure":"regular","tile":"siret3_r023_c016.tif","length_m":18.92},"geometry":{"type":"LineString","coordinates":[[629832.62,5220044.8],[629844.14,5220029.79]]}},{"type":"Feature","properties":{"vineyard_id":"T023_016","row_id":"T023_016-R09","row_structure":"disrupted","tile":"siret3_r023_c016.tif","length_m":58.1},"geometry":{"type":"LineString","coordinates":[[629827.51,5220044.8],[629862.37,5219998.32]]}},{"type":"Feature","properties":{"vineyard_id":"T023_016","row_id":"T023_016-R10","row_structure":"disrupted","tile":"siret3_r023_c016.tif","length_m":62.66},"geometry":{"type":"LineString","coordinates":[[629824.46,5220044.8],[629862.37,5219994.91]]}},{"type":"Feature","properties":{"vineyard_id":"T023_016","row_id":"T023_016-R11","row_structure":"disrupted","tile":"siret3_r023_c016.tif","length_m":64.15},"geometry":{"type":"LineString","coordinates":[[629821.28,5220044.8],[629859.95,5219993.62]]}},{"type":"Feature","properties":{"vineyard_id":"T023_016","row_id":"T023_016-R12","row_structure":"disrupted","tile":"siret3_r023_c016.tif","length_m":40.86},"geometry":{"type":"LineString","coordinates":[[629818.69,5220044.8],[629843.34,5220012.21]]}},{"type":"Feature","properties":{"vineyard_id":"T023_016","row_id":"T023_016-R13","row_structure":"disrupted","tile":"siret3_r023_c016.tif","length_m":64.13},"geometry":{"type":"LineString","coordinates":[[629813.58,5220044.79],[629852.24,5219993.63]]}},{"type":"Feature","properties":{"vineyard_id":"T023_016","row_id":"T023_016-R14","row_structure":"disrupted","tile":"siret3_r023_c016.tif","length_m":62.17},"geometry":{"type":"LineString","coordinates":[[629811.2,5220043.25],[629848.65,5219993.62]]}},{"type":"Feature","properties":{"vineyard_id":"T023_016","row_id":"T023_016-R15","row_structure":"regular","tile":"siret3_r023_c016.tif","length_m":55.23},"geometry":{"type":"LineString","coordinates":[[629811.2,5220037.52],[629844.7,5219993.61]]}},{"type":"Feature","properties":{"vineyard_id":"T023_016","row_id":"T023_016-R16","row_structure":"regular","tile":"siret3_r023_c016.tif","length_m":49.21},"geometry":{"type":"LineString","coordinates":[[629811.2,5220032.84],[629840.94,5219993.63]]}},{"type":"Feature","properties":{"vineyard_id":"T023_016","row_id":"T023_016-R17","row_structure":"regular","tile":"siret3_r023_c016.tif","length_m":43.27},"geometry":{"type":"LineString","coordinates":[[629811.2,5220028.22],[629837.19,5219993.62]]}},{"type":"Feature","properties":{"vineyard_id":"T023_016","row_id":"T023_016-R18","row_structure":"regular","tile":"siret3_r023_c016.tif","length_m":37.0},"geometry":{"type":"LineString","coordinates":[[629811.2,5220023.25],[629833.37,5219993.62]]}},{"type":"Feature","properties":{"vineyard_id":"T023_016","row_id":"T023_016-R19","row_structure":"regular","tile":"siret3_r023_c016.tif","length_m":30.69},"geometry":{"type":"LineString","coordinates":[[629811.2,5220018.23],[629829.54,5219993.62]]}},{"type":"Feature","properties":{"vineyard_id":"T023_016","row_id":"T023_016-R20","row_structure":"regular","tile":"siret3_r023_c016.tif","length_m":24.47},"geometry":{"type":"LineString","coordinates":[[629811.2,5220013.22],[629825.86,5219993.63]]}},{"type":"Feature","properties":{"vineyard_id":"T023_016","row_id":"T023_016-R21","row_structure":"regular","tile":"siret3_r023_c016.tif","length_m":18.29},"geometry":{"type":"LineString","coordinates":[[629811.2,5220008.27],[629822.15,5219993.62]]}},{"type":"Feature","properties":{"vineyard_id":"T023_016","row_id":"T023_016-R22","row_structure":"regular","tile":"siret3_r023_c016.tif","length_m":12.2},"geometry":{"type":"LineString","coordinates":[[629811.2,5220003.27],[629818.65,5219993.61]]}},{"type":"Feature","properties":{"vineyard_id":"T023_016","row_id":"T023_016-R23","row_structure":"regular","tile":"siret3_r023_c016.tif","length_m":5.8},"geometry":{"type":"LineString","coordinates":[[629811.2,5219998.3],[629814.63,5219993.62]]}},{"type":"Feature","properties":{"vineyard_id":"T024_015","row_id":"T024_015-R01","row_structure":"disrupted","tile":"siret3_r024_c015.tif","length_m":51.55},"geometry":{"type":"LineString","coordinates":[[629760.01,5219987.39],[629811.18,5219981.11]]}},{"type":"Feature","properties":{"vineyard_id":"T024_015","row_id":"T024_015-R02","row_structure":"regular","tile":"siret3_r024_c015.tif","length_m":33.39},"geometry":{"type":"LineString","coordinates":[[629760.0,5219979.89],[629793.14,5219975.73]]}},{"type":"Feature","properties":{"vineyard_id":"T024_015","row_id":"T024_015-R03","row_structure":"disrupted","tile":"siret3_r024_c015.tif","length_m":51.55},"geometry":{"type":"LineString","coordinates":[[629760.0,5219977.24],[629811.17,5219970.96]]}},{"type":"Feature","properties":{"vineyard_id":"T024_015","row_id":"T024_015-R04","row_structure":"regular","tile":"siret3_r024_c015.tif","length_m":41.05},"geometry":{"type":"LineString","coordinates":[[629760.0,5219974.62],[629800.75,5219969.61]]}},{"type":"Feature","properties":{"vineyard_id":"T024_015","row_id":"T024_015-R05","row_structure":"disrupted","tile":"siret3_r024_c015.tif","length_m":46.15},"geometry":{"type":"LineString","coordinates":[[629760.0,5219972.96],[629805.8,5219967.29]]}},{"type":"Feature","properties":{"vineyard_id":"T024_015","row_id":"T024_015-R06","row_structure":"disrupted","tile":"siret3_r024_c015.tif","length_m":51.55},"geometry":{"type":"LineString","coordinates":[[629760.0,5219969.85],[629811.17,5219963.63]]}},{"type":"Feature","properties":{"vineyard_id":"T024_015","row_id":"T024_015-R07","row_structure":"disrupted","tile":"siret3_r024_c015.tif","length_m":51.56},"geometry":{"type":"LineString","coordinates":[[629760.0,5219968.34],[629811.18,5219962.02]]}},{"type":"Feature","properties":{"vineyard_id":"T024_015","row_id":"T024_015-R08","row_structure":"regular","tile":"siret3_r024_c015.tif","length_m":45.25},"geometry":{"type":"LineString","coordinates":[[629760.0,5219965.96],[629804.91,5219960.41]]}},{"type":"Feature","properties":{"vineyard_id":"T024_015","row_id":"T024_015-R09","row_structure":"regular","tile":"siret3_r024_c015.tif","length_m":51.55},"geometry":{"type":"LineString","coordinates":[[629760.01,5219955.75],[629811.17,5219949.47]]}},{"type":"Feature","properties":{"vineyard_id":"T024_015","row_id":"T024_015-R10","row_structure":"regular","tile":"siret3_r024_c015.tif","length_m":51.55},"geometry":{"type":"LineString","coordinates":[[629760.0,5219953.64],[629811.16,5219947.35]]}},{"type":"Feature","properties":{"vineyard_id":"T024_015","row_id":"T024_015-R11","row_structure":"regular","tile":"siret3_r024_c015.tif","length_m":51.57},"geometry":{"type":"LineString","coordinates":[[629760.0,5219950.98],[629811.18,5219944.65]]}},{"type":"Feature","properties":{"vineyard_id":"T024_015","row_id":"T024_015-R12","row_structure":"regular","tile":"siret3_r024_c015.tif","length_m":9.93},"geometry":{"type":"LineString","coordinates":[[629760.0,5219943.39],[629769.88,5219942.41]]}},{"type":"Feature","properties":{"vineyard_id":"T024_016","row_id":"T024_016-R01","row_structure":"disrupted","tile":"siret3_r024_c016.tif","length_m":16.37},"geometry":{"type":"LineString","coordinates":[[629852.1,5219993.6],[629862.38,5219980.85]]}},{"type":"Feature","properties":{"vineyard_id":"T024_016","row_id":"T024_016-R02","row_structure":"regular","tile":"siret3_r024_c016.tif","length_m":22.54},"geometry":{"type":"LineString","coordinates":[[629848.7,5219993.6],[629862.38,5219975.68]]}},{"type":"Feature","properties":{"vineyard_id":"T024_016","row_id":"T024_016-R03","row_structure":"regular","tile":"siret3_r024_c016.tif","length_m":29.15},"geometry":{"type":"LineString","coordinates":[[629844.73,5219993.59],[629862.38,5219970.39]]}},{"type":"Feature","properties":{"vineyard_id":"T024_016","row_id":"T024_016-R04","row_structure":"regular","tile":"siret3_r024_c016.tif","length_m":35.02},"geometry":{"type":"LineString","coordinates":[[629841.07,5219993.59],[629862.38,5219965.79]]}},{"type":"Feature","properties":{"vineyard_id":"T024_016","row_id":"T024_016-R05","row_structure":"regular","tile":"siret3_r024_c016.tif","length_m":41.2},"geometry":{"type":"LineString","coordinates":[[629837.35,5219993.6],[629862.38,5219960.88]]}},{"type":"Feature","properties":{"vineyard_id":"T024_016","row_id":"T024_016-R06","row_structure":"regular","tile":"siret3_r024_c016.tif","length_m":47.5},"geometry":{"type":"LineString","coordinates":[[629833.53,5219993.6],[629862.37,5219955.86]]}},{"type":"Feature","properties":{"vineyard_id":"T024_016","row_id":"T024_016-R07","row_structure":"regular","tile":"siret3_r024_c016.tif","length_m":53.62},"geometry":{"type":"LineString","coordinates":[[629829.67,5219993.6],[629862.37,5219951.09]]}},{"type":"Feature","properties":{"vineyard_id":"T024_016","row_id":"T024_016-R08","row_structure":"regular","tile":"siret3_r024_c016.tif","length_m":59.82},"geometry":{"type":"LineString","coordinates":[[629825.94,5219993.6],[629862.38,5219946.16]]}},{"type":"Feature","properties":{"vineyard_id":"T024_016","row_id":"T024_016-R09","row_structure":"regular","tile":"siret3_r024_c016.tif","length_m":64.5},"geometry":{"type":"LineString","coordinates":[[629822.31,5219993.59],[629861.58,5219942.42]]}},{"type":"Feature","properties":{"vineyard_id":"T024_016","row_id":"T024_016-R10","row_structure":"regular","tile":"siret3_r024_c016.tif","length_m":64.54},"geometry":{"type":"LineString","coordinates":[[629818.56,5219993.6],[629857.87,5219942.42]]}},{"type":"Feature","properties":{"vineyard_id":"T024_016","row_id":"T024_016-R11","row_structure":"regular","tile":"siret3_r024_c016.tif","length_m":64.63},"geometry":{"type":"LineString","coordinates":[[629814.6,5219993.6],[629854.06,5219942.42]]}},{"type":"Feature","properties":{"vineyard_id":"T024_016","row_id":"T024_016-R12","row_structure":"regular","tile":"siret3_r024_c016.tif","length_m":64.33},"geometry":{"type":"LineString","coordinates":[[629811.2,5219993.39],[629850.44,5219942.42]]}},{"type":"Feature","properties":{"vineyard_id":"T024_016","row_id":"T024_016-R13","row_structure":"regular","tile":"siret3_r024_c016.tif","length_m":58.23},"geometry":{"type":"LineString","coordinates":[[629811.2,5219988.51],[629846.78,5219942.42]]}},{"type":"Feature","properties":{"vineyard_id":"T024_016","row_id":"T024_016-R14","row_structure":"disrupted","tile":"siret3_r024_c016.tif","length_m":52.44},"geometry":{"type":"LineString","coordinates":[[629811.2,5219983.82],[629843.38,5219942.42]]}},{"type":"Feature","properties":{"vineyard_id":"T024_016","row_id":"T024_016-R15","row_structure":"regular","tile":"siret3_r024_c016.tif","length_m":35.4},"geometry":{"type":"LineString","coordinates":[[629811.2,5219970.51],[629832.74,5219942.42]]}},{"type":"Feature","properties":{"vineyard_id":"T024_016","row_id":"T024_016-R16","row_structure":"regular","tile":"siret3_r024_c016.tif","length_m":3.22},"geometry":{"type":"LineString","coordinates":[[629811.2,5219944.98],[629813.16,5219942.42]]}},{"type":"Feature","properties":{"vineyard_id":"T024_017","row_id":"T024_017-R01","row_structure":"regular","tile":"siret3_r024_c017.tif","length_m":3.65},"geometry":{"type":"LineString","coordinates":[[629913.59,5219943.48],[629910.09,5219942.42]]}},{"type":"Feature","properties":{"vineyard_id":"T024_017","row_id":"T024_017-R02","row_structure":"regular","tile":"siret3_r024_c017.tif","length_m":12.37},"geometry":{"type":"LineString","coordinates":[[629913.57,5219945.93],[629901.71,5219942.42]]}},{"type":"Feature","properties":{"vineyard_id":"T024_017","row_id":"T024_017-R03","row_structure":"regular","tile":"siret3_r024_c017.tif","length_m":28.35},"geometry":{"type":"LineString","coordinates":[[629913.56,5219950.57],[629886.41,5219942.42]]}},{"type":"Feature","properties":{"vineyard_id":"T024_017","row_id":"T024_017-R04","row_structure":"disrupted","tile":"siret3_r024_c017.tif","length_m":40.5},"geometry":{"type":"LineString","coordinates":[[629913.57,5219954.31],[629874.85,5219942.42]]}},{"type":"Feature","properties":{"vineyard_id":"T024_017","row_id":"T024_017-R05","row_structure":"regular","tile":"siret3_r024_c017.tif","length_m":46.93},"geometry":{"type":"LineString","coordinates":[[629913.57,5219956.21],[629868.71,5219942.42]]}},{"type":"Feature","properties":{"vineyard_id":"T024_017","row_id":"T024_017-R06","row_structure":"regular","tile":"siret3_r024_c017.tif","length_m":52.17},"geometry":{"type":"LineString","coordinates":[[629913.57,5219957.66],[629863.67,5219942.41]]}},{"type":"Feature","properties":{"vineyard_id":"T024_017","row_id":"T024_017-R07","row_structure":"disrupted","tile":"siret3_r024_c017.tif","length_m":53.5},"geometry":{"type":"LineString","coordinates":[[629913.57,5219961.84],[629862.41,5219946.21]]}},{"type":"Feature","properties":{"vineyard_id":"T024_017","row_id":"T024_017-R08","row_structure":"disrupted","tile":"siret3_r024_c017.tif","length_m":53.51},"geometry":{"type":"LineString","coordinates":[[629913.57,5219964.82],[629862.4,5219949.18]]}},{"type":"Feature","properties":{"vineyard_id":"T024_017","row_id":"T024_017-R09","row_structure":"disrupted","tile":"siret3_r024_c017.tif","length_m":48.75},"geometry":{"type":"LineString","coordinates":[[629909.01,5219965.55],[629862.4,5219951.25]]}},{"type":"Feature","properties":{"vineyard_id":"T024_017","row_id":"T024_017-R10","row_structure":"disrupted","tile":"siret3_r024_c017.tif","length_m":53.52},"geometry":{"type":"LineString","coordinates":[[629913.57,5219970.12],[629862.41,5219954.41]]}},{"type":"Feature","properties":{"vineyard_id":"T024_017","row_id":"T024_017-R11","row_structure":"disrupted","tile":"siret3_r024_c017.tif","length_m":53.49},"geometry":{"type":"LineString","coordinates":[[629913.57,5219971.5],[629862.4,5219955.91]]}},{"type":"Feature","properties":{"vineyard_id":"T024_017","row_id":"T024_017-R12","row_structure":"disrupted","tile":"siret3_r024_c017.tif","length_m":53.52},"geometry":{"type":"LineString","coordinates":[[629913.58,5219974.46],[629862.41,5219958.77]]}},{"type":"Feature","properties":{"vineyard_id":"T024_017","row_id":"T024_017-R13","row_structure":"disrupted","tile":"siret3_r024_c017.tif","length_m":53.52},"geometry":{"type":"LineString","coordinates":[[629913.58,5219979.83],[629862.4,5219964.18]]}},{"type":"Feature","properties":{"vineyard_id":"T024_017","row_id":"T024_017-R14","row_structure":"disrupted","tile":"siret3_r024_c017.tif","length_m":53.52},"geometry":{"type":"LineString","coordinates":[[629913.58,5219982.5],[629862.4,5219966.83]]}},{"type":"Feature","properties":{"vineyard_id":"T024_017","row_id":"T024_017-R15","row_structure":"disrupted","tile":"siret3_r024_c017.tif","length_m":53.49},"geometry":{"type":"LineString","coordinates":[[629913.56,5219987.51],[629862.4,5219971.9]]}},{"type":"Feature","properties":{"vineyard_id":"T024_017","row_id":"T024_017-R16","row_structure":"disrupted","tile":"siret3_r024_c017.tif","length_m":53.52},"geometry":{"type":"LineString","coordinates":[[629913.58,5219990.19],[629862.4,5219974.53]]}},{"type":"Feature","properties":{"vineyard_id":"T024_017","row_id":"T024_017-R17","row_structure":"regular","tile":"siret3_r024_c017.tif","length_m":40.44},"geometry":{"type":"LineString","coordinates":[[629913.32,5219993.6],[629874.63,5219981.81]]}},{"type":"Feature","properties":{"vineyard_id":"T024_017","row_id":"T024_017-R18","row_structure":"regular","tile":"siret3_r024_c017.tif","length_m":22.98},"geometry":{"type":"LineString","coordinates":[[629889.12,5219993.6],[629867.13,5219986.93]]}},{"type":"Feature","properties":{"vineyard_id":"T024_017","row_id":"T024_017-R19","row_structure":"regular","tile":"siret3_r024_c017.tif","length_m":10.31},"geometry":{"type":"LineString","coordinates":[[629872.34,5219993.6],[629862.4,5219990.88]]}},{"type":"Feature","properties":{"vineyard_id":"T025_014","row_id":"T025_014-R01","row_structure":"regular","tile":"siret3_r025_c014.tif","length_m":1.4},"geometry":{"type":"LineString","coordinates":[[629758.65,5219942.4],[629759.98,5219941.97]]}},{"type":"Feature","properties":{"vineyard_id":"T025_014","row_id":"T025_014-R02","row_structure":"regular","tile":"siret3_r025_c014.tif","length_m":11.31},"geometry":{"type":"LineString","coordinates":[[629749.19,5219942.4],[629759.98,5219939.03]]}},{"type":"Feature","properties":{"vineyard_id":"T025_014","row_id":"T025_014-R03","row_structure":"regular","tile":"siret3_r025_c014.tif","length_m":19.97},"geometry":{"type":"LineString","coordinates":[[629740.93,5219942.4],[629759.97,5219936.37]]}},{"type":"Feature","properties":{"vineyard_id":"T025_014","row_id":"T025_014-R04","row_structure":"regular","tile":"siret3_r025_c014.tif","length_m":53.75},"geometry":{"type":"LineString","coordinates":[[629708.8,5219937.6],[629759.97,5219921.17]]}},{"type":"Feature","properties":{"vineyard_id":"T025_014","row_id":"T025_014-R05","row_structure":"regular","tile":"siret3_r025_c014.tif","length_m":53.74},"geometry":{"type":"LineString","coordinates":[[629708.8,5219933.34],[629759.97,5219916.91]]}},{"type":"Feature","properties":{"vineyard_id":"T025_014","row_id":"T025_014-R06","row_structure":"regular","tile":"siret3_r025_c014.tif","length_m":53.77},"geometry":{"type":"LineString","coordinates":[[629708.8,5219928.36],[629759.98,5219911.88]]}},{"type":"Feature","properties":{"vineyard_id":"T025_014","row_id":"T025_014-R07","row_structure":"regular","tile":"siret3_r025_c014.tif","length_m":53.73},"geometry":{"type":"LineString","coordinates":[[629708.81,5219913.03],[629759.97,5219896.64]]}},{"type":"Feature","properties":{"vineyard_id":"T025_014","row_id":"T025_014-R08","row_structure":"regular","tile":"siret3_r025_c014.tif","length_m":40.19},"geometry":{"type":"LineString","coordinates":[[629708.8,5219903.47],[629747.07,5219891.21]]}},{"type":"Feature","properties":{"vineyard_id":"T025_014","row_id":"T025_014-R09","row_structure":"regular","tile":"siret3_r025_c014.tif","length_m":21.0},"geometry":{"type":"LineString","coordinates":[[629708.81,5219897.57],[629728.83,5219891.23]]}},{"type":"Feature","properties":{"vineyard_id":"T025_014","row_id":"T025_014-R10","row_structure":"regular","tile":"siret3_r025_c014.tif","length_m":10.17},"geometry":{"type":"LineString","coordinates":[[629708.8,5219894.42],[629718.46,5219891.22]]}},{"type":"Feature","properties":{"vineyard_id":"T025_016","row_id":"T025_016-R01","row_structure":"regular","tile":"siret3_r025_c016.tif","length_m":5.98},"geometry":{"type":"LineString","coordinates":[[629859.59,5219942.4],[629862.38,5219937.11]]}},{"type":"Feature","properties":{"vineyard_id":"T025_016","row_id":"T025_016-R02","row_structure":"disrupted","tile":"siret3_r025_c016.tif","length_m":11.87},"geometry":{"type":"LineString","coordinates":[[629856.99,5219942.4],[629862.39,5219931.82]]}},{"type":"Feature","properties":{"vineyard_id":"T025_016","row_id":"T025_016-R03","row_structure":"disrupted","tile":"siret3_r025_c016.tif","length_m":18.4},"geometry":{"type":"LineString","coordinates":[[629854.21,5219942.4],[629862.39,5219925.92]]}},{"type":"Feature","properties":{"vineyard_id":"T025_016","row_id":"T025_016-R04","row_structure":"disrupted","tile":"siret3_r025_c016.tif","length_m":25.88},"geometry":{"type":"LineString","coordinates":[[629850.65,5219942.39],[629862.39,5219919.33]]}},{"type":"Feature","properties":{"vineyard_id":"T025_016","row_id":"T025_016-R05","row_structure":"disrupted","tile":"siret3_r025_c016.tif","length_m":24.75},"geometry":{"type":"LineString","coordinates":[[629851.08,5219937.87],[629862.39,5219915.85]]}},{"type":"Feature","properties":{"vineyard_id":"T025_016","row_id":"T025_016-R06","row_structure":"disrupted","tile":"siret3_r025_c016.tif","length_m":35.14},"geometry":{"type":"LineString","coordinates":[[629843.86,5219942.4],[629860.04,5219911.2]]}},{"type":"Feature","properties":{"vineyard_id":"T025_016","row_id":"T025_016-R07","row_structure":"disrupted","tile":"siret3_r025_c016.tif","length_m":33.8},"geometry":{"type":"LineString","coordinates":[[629847.06,5219929.34],[629862.39,5219899.21]]}},{"type":"Feature","properties":{"vineyard_id":"T025_016","row_id":"T025_016-R08","row_structure":"disrupted","tile":"siret3_r025_c016.tif","length_m":46.88},"geometry":{"type":"LineString","coordinates":[[629840.75,5219937.35],[629862.39,5219895.76]]}},{"type":"Feature","properties":{"vineyard_id":"T025_016","row_id":"T025_016-R09","row_structure":"disrupted","tile":"siret3_r025_c016.tif","length_m":39.4},"geometry":{"type":"LineString","coordinates":[[629841.37,5219931.21],[629859.3,5219896.12]]}},{"type":"Feature","properties":{"vineyard_id":"T025_016","row_id":"T025_016-R10","row_structure":"disrupted","tile":"siret3_r025_c016.tif","length_m":48.27},"geometry":{"type":"LineString","coordinates":[[629833.29,5219934.16],[629855.36,5219891.23]]}},{"type":"Feature","properties":{"vineyard_id":"T025_016","row_id":"T025_016-R11","row_structure":"disrupted","tile":"siret3_r025_c016.tif","length_m":57.48},"geometry":{"type":"LineString","coordinates":[[629820.94,5219942.4],[629847.08,5219891.21]]}},{"type":"Feature","properties":{"vineyard_id":"T025_016","row_id":"T025_016-R12","row_structure":"regular","tile":"siret3_r025_c016.tif","length_m":57.45},"geometry":{"type":"LineString","coordinates":[[629813.11,5219942.4],[629839.24,5219891.24]]}},{"type":"Feature","properties":{"vineyard_id":"T025_016","row_id":"T025_016-R13","row_structure":"regular","tile":"siret3_r025_c016.tif","length_m":54.68},"geometry":{"type":"LineString","coordinates":[[629811.2,5219939.97],[629835.99,5219891.23]]}},{"type":"Feature","properties":{"vineyard_id":"T025_016","row_id":"T025_016-R14","row_structure":"regular","tile":"siret3_r025_c016.tif","length_m":40.22},"geometry":{"type":"LineString","coordinates":[[629811.2,5219927.08],[629829.43,5219891.23]]}},{"type":"Feature","properties":{"vineyard_id":"T025_016","row_id":"T025_016-R15","row_structure":"regular","tile":"siret3_r025_c016.tif","length_m":33.04},"geometry":{"type":"LineString","coordinates":[[629811.2,5219920.71],[629826.14,5219891.23]]}},{"type":"Feature","properties":{"vineyard_id":"T025_017","row_id":"T025_017-R02","row_structure":"disrupted","tile":"siret3_r025_c017.tif","length_m":37.05},"geometry":{"type":"LineString","coordinates":[[629913.58,5219896.27],[629876.87,5219891.21]]}},{"type":"Feature","properties":{"vineyard_id":"T025_017","row_id":"T025_017-R03","row_structure":"disrupted","tile":"siret3_r025_c017.tif","length_m":51.67},"geometry":{"type":"LineString","coordinates":[[629913.57,5219901.07],[629862.4,5219893.91]]}},{"type":"Feature","properties":{"vineyard_id":"T025_017","row_id":"T025_017-R04","row_structure":"disrupted","tile":"siret3_r025_c017.tif","length_m":51.68},"geometry":{"type":"LineString","coordinates":[[629913.58,5219903.34],[629862.4,5219896.2]]}},{"type":"Feature","properties":{"vineyard_id":"T025_017","row_id":"T025_017-R05","row_structure":"disrupted","tile":"siret3_r025_c017.tif","length_m":51.67},"geometry":{"type":"LineString","coordinates":[[629913.58,5219905.34],[629862.4,5219898.19]]}},{"type":"Feature","properties":{"vineyard_id":"T025_017","row_id":"T025_017-R06","row_structure":"disrupted","tile":"siret3_r025_c017.tif","length_m":51.67},"geometry":{"type":"LineString","coordinates":[[629913.59,5219921.68],[629862.4,5219914.6]]}},{"type":"Feature","properties":{"vineyard_id":"T025_017","row_id":"T025_017-R07","row_structure":"disrupted","tile":"siret3_r025_c017.tif","length_m":51.65},"geometry":{"type":"LineString","coordinates":[[629913.57,5219924.18],[629862.41,5219917.08]]}},{"type":"Feature","properties":{"vineyard_id":"T025_017","row_id":"T025_017-R08","row_structure":"disrupted","tile":"siret3_r025_c017.tif","length_m":51.65},"geometry":{"type":"LineString","coordinates":[[629913.57,5219926.88],[629862.4,5219919.84]]}},{"type":"Feature","properties":{"vineyard_id":"T025_017","row_id":"T025_017-R09","row_structure":"regular","tile":"siret3_r025_c017.tif","length_m":51.65},"geometry":{"type":"LineString","coordinates":[[629913.57,5219930.2],[629862.4,5219923.14]]}},{"type":"Feature","properties":{"vineyard_id":"T025_017","row_id":"T025_017-R10","row_structure":"regular","tile":"siret3_r025_c017.tif","length_m":51.65},"geometry":{"type":"LineString","coordinates":[[629913.58,5219932.64],[629862.41,5219925.61]]}},{"type":"Feature","properties":{"vineyard_id":"T025_017","row_id":"T025_017-R11","row_structure":"regular","tile":"siret3_r025_c017.tif","length_m":51.65},"geometry":{"type":"LineString","coordinates":[[629913.57,5219934.91],[629862.4,5219927.89]]}},{"type":"Feature","properties":{"vineyard_id":"T025_017","row_id":"T025_017-R12","row_structure":"regular","tile":"siret3_r025_c017.tif","length_m":51.67},"geometry":{"type":"LineString","coordinates":[[629913.59,5219937.51],[629862.4,5219930.45]]}},{"type":"Feature","properties":{"vineyard_id":"T025_017","row_id":"T025_017-R13","row_structure":"disrupted","tile":"siret3_r025_c017.tif","length_m":51.65},"geometry":{"type":"LineString","coordinates":[[629913.57,5219941.47],[629862.4,5219934.42]]}},{"type":"Feature","properties":{"vineyard_id":"T025_017","row_id":"T025_017-R14","row_structure":"regular","tile":"siret3_r025_c017.tif","length_m":19.63},"geometry":{"type":"LineString","coordinates":[[629881.86,5219942.4],[629862.41,5219939.79]]}},{"type":"Feature","properties":{"vineyard_id":"T025_018","row_id":"T025_018-R01","row_structure":"regular","tile":"siret3_r025_c018.tif","length_m":24.41},"geometry":{"type":"LineString","coordinates":[[629929.11,5219942.4],[629953.41,5219940.05]]}},{"type":"Feature","properties":{"vineyard_id":"T025_018","row_id":"T025_018-R02","row_structure":"disrupted","tile":"siret3_r025_c018.tif","length_m":35.58},"geometry":{"type":"LineString","coordinates":[[629913.61,5219940.35],[629949.0,5219936.7]]}},{"type":"Feature","properties":{"vineyard_id":"T025_018","row_id":"T025_018-R03","row_structure":"disrupted","tile":"siret3_r025_c018.tif","length_m":41.58},"geometry":{"type":"LineString","coordinates":[[629913.6,5219936.06],[629954.97,5219931.86]]}},{"type":"Feature","properties":{"vineyard_id":"T025_018","row_id":"T025_018-R04","row_structure":"disrupted","tile":"siret3_r025_c018.tif","length_m":51.47},"geometry":{"type":"LineString","coordinates":[[629913.6,5219932.97],[629964.78,5219927.57]]}},{"type":"Feature","properties":{"vineyard_id":"T025_018","row_id":"T025_018-R05","row_structure":"disrupted","tile":"siret3_r025_c018.tif","length_m":51.43},"geometry":{"type":"LineString","coordinates":[[629913.61,5219929.19],[629964.77,5219923.94]]}},{"type":"Feature","properties":{"vineyard_id":"T025_018","row_id":"T025_018-R06","row_structure":"disrupted","tile":"siret3_r025_c018.tif","length_m":51.44},"geometry":{"type":"LineString","coordinates":[[629913.6,5219925.52],[629964.77,5219920.28]]}},{"type":"Feature","properties":{"vineyard_id":"T025_018","row_id":"T025_018-R07","row_structure":"disrupted","tile":"siret3_r025_c018.tif","length_m":51.43},"geometry":{"type":"LineString","coordinates":[[629913.61,5219922.02],[629964.77,5219916.85]]}},{"type":"Feature","properties":{"vineyard_id":"T025_018","row_id":"T025_018-R08","row_structure":"disrupted","tile":"siret3_r025_c018.tif","length_m":51.45},"geometry":{"type":"LineString","coordinates":[[629913.61,5219918.51],[629964.77,5219913.14]]}},{"type":"Feature","properties":{"vineyard_id":"T025_018","row_id":"T025_018-R09","row_structure":"disrupted","tile":"siret3_r025_c018.tif","length_m":51.45},"geometry":{"type":"LineString","coordinates":[[629913.6,5219914.73],[629964.78,5219909.5]]}},{"type":"Feature","properties":{"vineyard_id":"T025_018","row_id":"T025_018-R10","row_structure":"disrupted","tile":"siret3_r025_c018.tif","length_m":51.44},"geometry":{"type":"LineString","coordinates":[[629913.6,5219909.7],[629964.78,5219904.54]]}},{"type":"Feature","properties":{"vineyard_id":"T025_018","row_id":"T025_018-R11","row_structure":"regular","tile":"siret3_r025_c018.tif","length_m":44.47},"geometry":{"type":"LineString","coordinates":[[629913.6,5219905.53],[629957.85,5219901.1]]}},{"type":"Feature","properties":{"vineyard_id":"T025_018","row_id":"T025_018-R12","row_structure":"disrupted","tile":"siret3_r025_c018.tif","length_m":51.43},"geometry":{"type":"LineString","coordinates":[[629913.6,5219896.71],[629964.77,5219891.54]]}},{"type":"Feature","properties":{"vineyard_id":"T025_019","row_id":"T025_019-R01","row_structure":"regular","tile":"siret3_r025_c019.tif","length_m":3.18},"geometry":{"type":"LineString","coordinates":[[630013.58,5219942.4],[630015.98,5219940.32]]}},{"type":"Feature","properties":{"vineyard_id":"T025_019","row_id":"T025_019-R02","row_structure":"regular","tile":"siret3_r025_c019.tif","length_m":7.69},"geometry":{"type":"LineString","coordinates":[[630010.19,5219942.4],[630015.99,5219937.36]]}},{"type":"Feature","properties":{"vineyard_id":"T025_019","row_id":"T025_019-R03","row_structure":"disrupted","tile":"siret3_r025_c019.tif","length_m":16.05},"geometry":{"type":"LineString","coordinates":[[630003.78,5219942.4],[630015.98,5219931.97]]}},{"type":"Feature","properties":{"vineyard_id":"T025_019","row_id":"T025_019-R04","row_structure":"regular","tile":"siret3_r025_c019.tif","length_m":11.45},"geometry":{"type":"LineString","coordinates":[[630007.34,5219936.66],[630015.98,5219929.15]]}},{"type":"Feature","properties":{"vineyard_id":"T025_019","row_id":"T025_019-R05","row_structure":"disrupted","tile":"siret3_r025_c019.tif","length_m":30.83},"geometry":{"type":"LineString","coordinates":[[629992.71,5219942.4],[630015.98,5219922.18]]}},{"type":"Feature","properties":{"vineyard_id":"T025_019","row_id":"T025_019-R06","row_structure":"disrupted","tile":"siret3_r025_c019.tif","length_m":46.37},"geometry":{"type":"LineString","coordinates":[[629980.86,5219942.4],[630015.97,5219912.11]]}},{"type":"Feature","properties":{"vineyard_id":"T025_019","row_id":"T025_019-R07","row_structure":"disrupted","tile":"siret3_r025_c019.tif","length_m":50.26},"geometry":{"type":"LineString","coordinates":[[629978.22,5219942.4],[630015.99,5219909.23]]}},{"type":"Feature","properties":{"vineyard_id":"T025_019","row_id":"T025_019-R08","row_structure":"disrupted","tile":"siret3_r025_c019.tif","length_m":46.08},"geometry":{"type":"LineString","coordinates":[[629981.28,5219935.72],[630015.98,5219905.41]]}},{"type":"Feature","properties":{"vineyard_id":"T025_019","row_id":"T025_019-R09","row_structure":"disrupted","tile":"siret3_r025_c019.tif","length_m":52.07},"geometry":{"type":"LineString","coordinates":[[629976.73,5219937.2],[630015.98,5219902.98]]}},{"type":"Feature","properties":{"vineyard_id":"T025_019","row_id":"T025_019-R10","row_structure":"disrupted","tile":"siret3_r025_c019.tif","length_m":52.9},"geometry":{"type":"LineString","coordinates":[[629976.04,5219932.52],[630015.96,5219897.81]]}},{"type":"Feature","properties":{"vineyard_id":"T025_019","row_id":"T025_019-R11","row_structure":"disrupted","tile":"siret3_r025_c019.tif","length_m":57.64},"geometry":{"type":"LineString","coordinates":[[629964.8,5219928.99],[630008.35,5219891.22]]}},{"type":"Feature","properties":{"vineyard_id":"T025_019","row_id":"T025_019-R12","row_structure":"disrupted","tile":"siret3_r025_c019.tif","length_m":51.87},"geometry":{"type":"LineString","coordinates":[[629964.8,5219925.22],[630003.98,5219891.23]]}},{"type":"Feature","properties":{"vineyard_id":"T025_019","row_id":"T025_019-R13","row_structure":"disrupted","tile":"siret3_r025_c019.tif","length_m":45.97},"geometry":{"type":"LineString","coordinates":[[629964.8,5219921.3],[629999.56,5219891.21]]}},{"type":"Feature","properties":{"vineyard_id":"T025_019","row_id":"T025_019-R14","row_structure":"disrupted","tile":"siret3_r025_c019.tif","length_m":37.35},"geometry":{"type":"LineString","coordinates":[[629964.8,5219915.86],[629992.88,5219891.23]]}},{"type":"Feature","properties":{"vineyard_id":"T025_019","row_id":"T025_019-R15","row_structure":"regular","tile":"siret3_r025_c019.tif","length_m":31.57},"geometry":{"type":"LineString","coordinates":[[629964.8,5219911.97],[629988.61,5219891.23]]}},{"type":"Feature","properties":{"vineyard_id":"T025_019","row_id":"T025_019-R16","row_structure":"disrupted","tile":"siret3_r025_c019.tif","length_m":26.6},"geometry":{"type":"LineString","coordinates":[[629964.8,5219908.66],[629984.88,5219891.21]]}},{"type":"Feature","properties":{"vineyard_id":"T025_019","row_id":"T025_019-R17","row_structure":"regular","tile":"siret3_r025_c019.tif","length_m":4.48},"geometry":{"type":"LineString","coordinates":[[629968.16,5219894.18],[629971.51,5219891.22]]}},{"type":"Feature","properties":{"vineyard_id":"T025_031","row_id":"T025_031-R01","row_structure":"regular","tile":"siret3_r025_c031.tif","length_m":12.49},"geometry":{"type":"LineString","coordinates":[[630590.62,5219942.4],[630599.59,5219933.7]]}},{"type":"Feature","properties":{"vineyard_id":"T025_031","row_id":"T025_031-R02","row_structure":"regular","tile":"siret3_r025_c031.tif","length_m":13.55},"geometry":{"type":"LineString","coordinates":[[630588.74,5219942.4],[630598.38,5219932.88]]}},{"type":"Feature","properties":{"vineyard_id":"T025_031","row_id":"T025_031-R03","row_structure":"regular","tile":"siret3_r025_c031.tif","length_m":28.5},"geometry":{"type":"LineString","coordinates":[[630584.0,5219942.4],[630604.2,5219922.3]]}},{"type":"Feature","properties":{"vineyard_id":"T025_031","row_id":"T025_031-R04","row_structure":"disrupted","tile":"siret3_r025_c031.tif","length_m":30.25},"geometry":{"type":"LineString","coordinates":[[630579.82,5219942.39],[630601.19,5219920.98]]}},{"type":"Feature","properties":{"vineyard_id":"T025_031","row_id":"T025_031-R05","row_structure":"disrupted","tile":"siret3_r025_c031.tif","length_m":25.55},"geometry":{"type":"LineString","coordinates":[[630579.21,5219934.61],[630597.28,5219916.54]]}},{"type":"Feature","properties":{"vineyard_id":"T025_031","row_id":"T025_031-R06","row_structure":"regular","tile":"siret3_r025_c031.tif","length_m":9.45},"geometry":{"type":"LineString","coordinates":[[630579.21,5219922.66],[630585.91,5219916.0]]}},{"type":"Feature","properties":{"vineyard_id":"T026_016","row_id":"T026_016-R01","row_structure":"regular","tile":"siret3_r026_c016.tif","length_m":8.65},"geometry":{"type":"LineString","coordinates":[[629854.16,5219891.2],[629862.37,5219888.51]]}},{"type":"Feature","properties":{"vineyard_id":"T026_016","row_id":"T026_016-R02","row_structure":"regular","tile":"siret3_r026_c016.tif","length_m":16.68},"geometry":{"type":"LineString","coordinates":[[629846.44,5219891.2],[629862.38,5219886.29]]}},{"type":"Feature","properties":{"vineyard_id":"T026_016","row_id":"T026_016-R03","row_structure":"regular","tile":"siret3_r026_c016.tif","length_m":24.43},"geometry":{"type":"LineString","coordinates":[[629839.05,5219891.2],[629862.37,5219883.93]]}},{"type":"Feature","properties":{"vineyard_id":"T026_016","row_id":"T026_016-R04","row_structure":"disrupted","tile":"siret3_r026_c016.tif","length_m":33.88},"geometry":{"type":"LineString","coordinates":[[629830.03,5219891.2],[629862.38,5219881.12]]}},{"type":"Feature","properties":{"vineyard_id":"T026_016","row_id":"T026_016-R05","row_structure":"disrupted","tile":"siret3_r026_c016.tif","length_m":41.52},"geometry":{"type":"LineString","coordinates":[[629822.75,5219891.2],[629862.38,5219878.81]]}},{"type":"Feature","properties":{"vineyard_id":"T026_016","row_id":"T026_016-R06","row_structure":"disrupted","tile":"siret3_r026_c016.tif","length_m":50.93},"geometry":{"type":"LineString","coordinates":[[629813.81,5219891.2],[629862.39,5219875.91]]}},{"type":"Feature","properties":{"vineyard_id":"T026_016","row_id":"T026_016-R07","row_structure":"disrupted","tile":"siret3_r026_c016.tif","length_m":53.67},"geometry":{"type":"LineString","coordinates":[[629811.2,5219889.49],[629862.37,5219873.29]]}},{"type":"Feature","properties":{"vineyard_id":"T026_016","row_id":"T026_016-R08","row_structure":"disrupted","tile":"siret3_r026_c016.tif","length_m":53.64},"geometry":{"type":"LineString","coordinates":[[629811.2,5219886.88],[629862.38,5219870.82]]}},{"type":"Feature","properties":{"vineyard_id":"T026_016","row_id":"T026_016-R09","row_structure":"disrupted","tile":"siret3_r026_c016.tif","length_m":53.66},"geometry":{"type":"LineString","coordinates":[[629811.2,5219884.62],[629862.39,5219868.52]]}},{"type":"Feature","properties":{"vineyard_id":"T026_016","row_id":"T026_016-R10","row_structure":"disrupted","tile":"siret3_r026_c016.tif","length_m":53.67},"geometry":{"type":"LineString","coordinates":[[629811.2,5219883.16],[629862.37,5219866.96]]}},{"type":"Feature","properties":{"vineyard_id":"T026_016","row_id":"T026_016-R11","row_structure":"disrupted","tile":"siret3_r026_c016.tif","length_m":53.67},"geometry":{"type":"LineString","coordinates":[[629811.2,5219881.1],[629862.38,5219864.93]]}},{"type":"Feature","properties":{"vineyard_id":"T026_016","row_id":"T026_016-R12","row_structure":"disrupted","tile":"siret3_r026_c016.tif","length_m":53.63},"geometry":{"type":"LineString","coordinates":[[629811.21,5219873.73],[629862.37,5219857.64]]}},{"type":"Feature","properties":{"vineyard_id":"T026_016","row_id":"T026_016-R13","row_structure":"regular","tile":"siret3_r026_c016.tif","length_m":53.66},"geometry":{"type":"LineString","coordinates":[[629811.2,5219859.94],[629862.39,5219843.83]]}},{"type":"Feature","properties":{"vineyard_id":"T026_017","row_id":"T026_017-R01","row_structure":"regular","tile":"siret3_r026_c017.tif","length_m":6.42},"geometry":{"type":"LineString","coordinates":[[629912.8,5219891.2],[629913.59,5219884.83]]}},{"type":"Feature","properties":{"vineyard_id":"T026_017","row_id":"T026_017-R02","row_structure":"disrupted","tile":"siret3_r026_c017.tif","length_m":47.53},"geometry":{"type":"LineString","coordinates":[[629908.01,5219891.19],[629913.6,5219844.0]]}},{"type":"Feature","properties":{"vineyard_id":"T026_017","row_id":"T026_017-R03","row_structure":"disrupted","tile":"siret3_r026_c017.tif","length_m":51.59},"geometry":{"type":"LineString","coordinates":[[629904.46,5219891.2],[629910.96,5219840.02]]}},{"type":"Feature","properties":{"vineyard_id":"T026_017","row_id":"T026_017-R04","row_structure":"disrupted","tile":"siret3_r026_c017.tif","length_m":51.58},"geometry":{"type":"LineString","coordinates":[[629900.07,5219891.2],[629906.41,5219840.02]]}},{"type":"Feature","properties":{"vineyard_id":"T026_017","row_id":"T026_017-R05","row_structure":"disrupted","tile":"siret3_r026_c017.tif","length_m":51.56},"geometry":{"type":"LineString","coordinates":[[629895.23,5219891.2],[629901.59,5219840.03]]}},{"type":"Feature","properties":{"vineyard_id":"T026_017","row_id":"T026_017-R06","row_structure":"disrupted","tile":"siret3_r026_c017.tif","length_m":51.55},"geometry":{"type":"LineString","coordinates":[[629889.45,5219891.2],[629895.7,5219840.04]]}},{"type":"Feature","properties":{"vineyard_id":"T026_017","row_id":"T026_017-R07","row_structure":"disrupted","tile":"siret3_r026_c017.tif","length_m":51.57},"geometry":{"type":"LineString","coordinates":[[629887.22,5219891.2],[629893.54,5219840.02]]}},{"type":"Feature","properties":{"vineyard_id":"T026_017","row_id":"T026_017-R08","row_structure":"disrupted","tile":"siret3_r026_c017.tif","length_m":51.55},"geometry":{"type":"LineString","coordinates":[[629881.8,5219891.2],[629888.03,5219840.03]]}},{"type":"Feature","properties":{"vineyard_id":"T026_017","row_id":"T026_017-R09","row_structure":"disrupted","tile":"siret3_r026_c017.tif","length_m":51.55},"geometry":{"type":"LineString","coordinates":[[629879.1,5219891.19],[629885.33,5219840.02]]}},{"type":"Feature","properties":{"vineyard_id":"T026_017","row_id":"T026_017-R10","row_structure":"disrupted","tile":"siret3_r026_c017.tif","length_m":51.54},"geometry":{"type":"LineString","coordinates":[[629876.74,5219891.2],[629883.0,5219840.04]]}},{"type":"Feature","properties":{"vineyard_id":"T026_017","row_id":"T026_017-R11","row_structure":"disrupted","tile":"siret3_r026_c017.tif","length_m":51.57},"geometry":{"type":"LineString","coordinates":[[629871.43,5219891.2],[629877.77,5219840.03]]}},{"type":"Feature","properties":{"vineyard_id":"T026_017","row_id":"T026_017-R12","row_structure":"regular","tile":"siret3_r026_c017.tif","length_m":44.55},"geometry":{"type":"LineString","coordinates":[[629863.69,5219884.24],[629869.07,5219840.02]]}},{"type":"Feature","properties":{"vineyard_id":"T026_018","row_id":"T026_018-R01","row_structure":"regular","tile":"siret3_r026_c018.tif","length_m":39.3},"geometry":{"type":"LineString","coordinates":[[629913.6,5219881.13],[629952.9,5219881.78]]}},{"type":"Feature","properties":{"vineyard_id":"T026_018","row_id":"T026_018-R02","row_structure":"disrupted","tile":"siret3_r026_c018.tif","length_m":51.17},"geometry":{"type":"LineString","coordinates":[[629913.6,5219874.13],[629964.77,5219874.98]]}},{"type":"Feature","properties":{"vineyard_id":"T026_018","row_id":"T026_018-R03","row_structure":"disrupted","tile":"siret3_r026_c018.tif","length_m":51.17},"geometry":{"type":"LineString","coordinates":[[629913.6,5219865.42],[629964.76,5219866.53]]}},{"type":"Feature","properties":{"vineyard_id":"T026_018","row_id":"T026_018-R04","row_structure":"disrupted","tile":"siret3_r026_c018.tif","length_m":51.18},"geometry":{"type":"LineString","coordinates":[[629913.6,5219862.57],[629964.77,5219863.46]]}},{"type":"Feature","properties":{"vineyard_id":"T026_018","row_id":"T026_018-R05","row_structure":"disrupted","tile":"siret3_r026_c018.tif","length_m":51.17},"geometry":{"type":"LineString","coordinates":[[629913.61,5219860.7],[629964.77,5219861.64]]}},{"type":"Feature","properties":{"vineyard_id":"T026_018","row_id":"T026_018-R06","row_structure":"disrupted","tile":"siret3_r026_c018.tif","length_m":51.17},"geometry":{"type":"LineString","coordinates":[[629913.61,5219857.54],[629964.78,5219858.46]]}},{"type":"Feature","properties":{"vineyard_id":"T026_018","row_id":"T026_018-R07","row_structure":"disrupted","tile":"siret3_r026_c018.tif","length_m":51.18},"geometry":{"type":"LineString","coordinates":[[629913.61,5219854.88],[629964.78,5219855.81]]}},{"type":"Feature","properties":{"vineyard_id":"T026_018","row_id":"T026_018-R08","row_structure":"disrupted","tile":"siret3_r026_c018.tif","length_m":51.18},"geometry":{"type":"LineString","coordinates":[[629913.61,5219850.52],[629964.78,5219851.41]]}},{"type":"Feature","properties":{"vineyard_id":"T026_018","row_id":"T026_018-R09","row_structure":"disrupted","tile":"siret3_r026_c018.tif","length_m":51.18},"geometry":{"type":"LineString","coordinates":[[629913.61,5219847.74],[629964.78,5219848.66]]}},{"type":"Feature","properties":{"vineyard_id":"T026_018","row_id":"T026_018-R10","row_structure":"disrupted","tile":"siret3_r026_c018.tif","length_m":51.18},"geometry":{"type":"LineString","coordinates":[[629913.61,5219843.44],[629964.78,5219844.33]]}},{"type":"Feature","properties":{"vineyard_id":"T026_018","row_id":"T026_018-R11","row_structure":"disrupted","tile":"siret3_r026_c018.tif","length_m":51.18},"geometry":{"type":"LineString","coordinates":[[629913.61,5219840.4],[629964.78,5219841.36]]}},{"type":"Feature","properties":{"vineyard_id":"T026_022","row_id":"T026_022-R01","row_structure":"regular","tile":"siret3_r026_c022.tif","length_m":2.66},"geometry":{"type":"LineString","coordinates":[[630166.97,5219891.2],[630169.58,5219890.65]]}},{"type":"Feature","properties":{"vineyard_id":"T026_022","row_id":"T026_022-R02","row_structure":"regular","tile":"siret3_r026_c022.tif","length_m":32.55},"geometry":{"type":"LineString","coordinates":[[630137.71,5219891.2],[630169.57,5219884.57]]}},{"type":"Feature","properties":{"vineyard_id":"T026_022","row_id":"T026_022-R03","row_structure":"regular","tile":"siret3_r026_c022.tif","length_m":49.26},"geometry":{"type":"LineString","coordinates":[[630121.36,5219891.2],[630169.58,5219881.09]]}},{"type":"Feature","properties":{"vineyard_id":"T026_022","row_id":"T026_022-R04","row_structure":"disrupted","tile":"siret3_r026_c022.tif","length_m":52.3},"geometry":{"type":"LineString","coordinates":[[630118.4,5219888.95],[630169.57,5219878.12]]}},{"type":"Feature","properties":{"vineyard_id":"T026_022","row_id":"T026_022-R05","row_structure":"regular","tile":"siret3_r026_c022.tif","length_m":52.31},"geometry":{"type":"LineString","coordinates":[[630118.4,5219885.0],[630169.59,5219874.21]]}},{"type":"Feature","properties":{"vineyard_id":"T026_022","row_id":"T026_022-R06","row_structure":"disrupted","tile":"siret3_r026_c022.tif","length_m":52.27},"geometry":{"type":"LineString","coordinates":[[630118.41,5219881.46],[630169.56,5219870.69]]}},{"type":"Feature","properties":{"vineyard_id":"T026_022","row_id":"T026_022-R07","row_structure":"disrupted","tile":"siret3_r026_c022.tif","length_m":42.57},"geometry":{"type":"LineString","coordinates":[[630127.93,5219876.1],[630169.58,5219867.27]]}},{"type":"Feature","properties":{"vineyard_id":"T026_022","row_id":"T026_022-R08","row_structure":"regular","tile":"siret3_r026_c022.tif","length_m":28.27},"geometry":{"type":"LineString","coordinates":[[630141.93,5219868.45],[630169.58,5219862.54]]}},{"type":"Feature","properties":{"vineyard_id":"T026_022","row_id":"T026_022-R09","row_structure":"regular","tile":"siret3_r026_c022.tif","length_m":28.98},"geometry":{"type":"LineString","coordinates":[[630141.22,5219865.21],[630169.58,5219859.24]]}},{"type":"Feature","properties":{"vineyard_id":"T026_022","row_id":"T026_022-R10","row_structure":"regular","tile":"siret3_r026_c022.tif","length_m":28.73},"geometry":{"type":"LineString","coordinates":[[630141.48,5219862.92],[630169.58,5219856.95]]}},{"type":"Feature","properties":{"vineyard_id":"T026_022","row_id":"T026_022-R11","row_structure":"regular","tile":"siret3_r026_c022.tif","length_m":27.85},"geometry":{"type":"LineString","coordinates":[[630142.33,5219860.04],[630169.57,5219854.25]]}},{"type":"Feature","properties":{"vineyard_id":"T026_022","row_id":"T026_022-R12","row_structure":"regular","tile":"siret3_r026_c022.tif","length_m":27.28},"geometry":{"type":"LineString","coordinates":[[630142.87,5219857.28],[630169.56,5219851.66]]}},{"type":"Feature","properties":{"vineyard_id":"T026_022","row_id":"T026_022-R13","row_structure":"regular","tile":"siret3_r026_c022.tif","length_m":28.67},"geometry":{"type":"LineString","coordinates":[[630141.51,5219854.46],[630169.58,5219848.57]]}},{"type":"Feature","properties":{"vineyard_id":"T026_022","row_id":"T026_022-R14","row_structure":"disrupted","tile":"siret3_r026_c022.tif","length_m":52.29},"geometry":{"type":"LineString","coordinates":[[630118.4,5219851.78],[630169.58,5219841.06]]}},{"type":"Feature","properties":{"vineyard_id":"T026_022","row_id":"T026_022-R15","row_structure":"regular","tile":"siret3_r026_c022.tif","length_m":43.85},"geometry":{"type":"LineString","coordinates":[[630118.41,5219848.97],[630161.34,5219840.01]]}},{"type":"Feature","properties":{"vineyard_id":"T026_022","row_id":"T026_022-R16","row_structure":"regular","tile":"siret3_r026_c022.tif","length_m":19.42},"geometry":{"type":"LineString","coordinates":[[630118.41,5219843.86],[630137.44,5219840.0]]}},{"type":"Feature","properties":{"vineyard_id":"T026_022","row_id":"T026_022-R17","row_structure":"regular","tile":"siret3_r026_c022.tif","length_m":11.23},"geometry":{"type":"LineString","coordinates":[[630118.41,5219842.05],[630129.45,5219840.01]]}},{"type":"Feature","properties":{"vineyard_id":"T026_030","row_id":"T026_030-R01","row_structure":"disrupted","tile":"siret3_r026_c030.tif","length_m":32.15},"geometry":{"type":"LineString","coordinates":[[630560.11,5219842.48],[630528.01,5219840.66]]}},{"type":"Feature","properties":{"vineyard_id":"T026_030","row_id":"T026_030-R02","row_structure":"disrupted","tile":"siret3_r026_c030.tif","length_m":44.03},"geometry":{"type":"LineString","coordinates":[[630571.95,5219846.73],[630528.0,5219844.13]]}},{"type":"Feature","properties":{"vineyard_id":"T026_030","row_id":"T026_030-R03","row_structure":"disrupted","tile":"siret3_r026_c030.tif","length_m":41.47},"geometry":{"type":"LineString","coordinates":[[630569.4,5219851.36],[630528.0,5219848.79]]}},{"type":"Feature","properties":{"vineyard_id":"T026_030","row_id":"T026_030-R04","row_structure":"disrupted","tile":"siret3_r026_c030.tif","length_m":28.37},"geometry":{"type":"LineString","coordinates":[[630556.31,5219854.91],[630528.0,5219853.15]]}},{"type":"Feature","properties":{"vineyard_id":"T026_030","row_id":"T026_030-R05","row_structure":"disrupted","tile":"siret3_r026_c030.tif","length_m":28.47},"geometry":{"type":"LineString","coordinates":[[630556.43,5219857.24],[630528.0,5219855.52]]}},{"type":"Feature","properties":{"vineyard_id":"T026_030","row_id":"T026_030-R06","row_structure":"disrupted","tile":"siret3_r026_c030.tif","length_m":24.34},"geometry":{"type":"LineString","coordinates":[[630552.29,5219859.81],[630528.0,5219858.27]]}},{"type":"Feature","properties":{"vineyard_id":"T026_030","row_id":"T026_030-R07","row_structure":"disrupted","tile":"siret3_r026_c030.tif","length_m":41.02},"geometry":{"type":"LineString","coordinates":[[630568.94,5219862.75],[630528.0,5219860.19]]}},{"type":"Feature","properties":{"vineyard_id":"T026_030","row_id":"T026_030-R08","row_structure":"disrupted","tile":"siret3_r026_c030.tif","length_m":35.4},"geometry":{"type":"LineString","coordinates":[[630563.35,5219868.88],[630528.01,5219866.77]]}},{"type":"Feature","properties":{"vineyard_id":"T026_030","row_id":"T026_030-R09","row_structure":"disrupted","tile":"siret3_r026_c030.tif","length_m":35.04},"geometry":{"type":"LineString","coordinates":[[630562.99,5219870.26],[630528.0,5219868.31]]}},{"type":"Feature","properties":{"vineyard_id":"T026_030","row_id":"T026_030-R10","row_structure":"regular","tile":"siret3_r026_c030.tif","length_m":17.53},"geometry":{"type":"LineString","coordinates":[[630545.49,5219872.21],[630528.0,5219871.15]]}},{"type":"Feature","properties":{"vineyard_id":"T026_030","row_id":"T026_030-R11","row_structure":"disrupted","tile":"siret3_r026_c030.tif","length_m":34.17},"geometry":{"type":"LineString","coordinates":[[630562.1,5219875.07],[630528.0,5219872.96]]}},{"type":"Feature","properties":{"vineyard_id":"T026_030","row_id":"T026_030-R12","row_structure":"disrupted","tile":"siret3_r026_c030.tif","length_m":42.15},"geometry":{"type":"LineString","coordinates":[[630570.07,5219878.82],[630528.0,5219876.17]]}},{"type":"Feature","properties":{"vineyard_id":"T026_030","row_id":"T026_030-R13","row_structure":"disrupted","tile":"siret3_r026_c030.tif","length_m":32.5},"geometry":{"type":"LineString","coordinates":[[630560.44,5219880.24],[630528.01,5219878.21]]}},{"type":"Feature","properties":{"vineyard_id":"T026_030","row_id":"T026_030-R14","row_structure":"disrupted","tile":"siret3_r026_c030.tif","length_m":51.28},"geometry":{"type":"LineString","coordinates":[[630579.18,5219883.53],[630528.0,5219880.41]]}},{"type":"Feature","properties":{"vineyard_id":"T026_030","row_id":"T026_030-R15","row_structure":"regular","tile":"siret3_r026_c030.tif","length_m":9.54},"geometry":{"type":"LineString","coordinates":[[630537.54,5219891.04],[630528.0,5219890.7]]}},{"type":"Feature","properties":{"vineyard_id":"T027_017","row_id":"T027_017-R01","row_structure":"regular","tile":"siret3_r027_c017.tif","length_m":31.43},"geometry":{"type":"LineString","coordinates":[[629913.59,5219820.16],[629911.14,5219788.82]]}},{"type":"Feature","properties":{"vineyard_id":"T027_017","row_id":"T027_017-R02","row_structure":"regular","tile":"siret3_r027_c017.tif","length_m":51.37},"geometry":{"type":"LineString","coordinates":[[629912.59,5219839.99],[629908.06,5219788.82]]}},{"type":"Feature","properties":{"vineyard_id":"T027_017","row_id":"T027_017-R03","row_structure":"regular","tile":"siret3_r027_c017.tif","length_m":51.37},"geometry":{"type":"LineString","coordinates":[[629909.81,5219840.0],[629905.36,5219788.83]]}},{"type":"Feature","properties":{"vineyard_id":"T027_017","row_id":"T027_017-R04","row_structure":"disrupted","tile":"siret3_r027_c017.tif","length_m":51.36},"geometry":{"type":"LineString","coordinates":[[629907.48,5219840.0],[629903.0,5219788.83]]}},{"type":"Feature","properties":{"vineyard_id":"T027_017","row_id":"T027_017-R05","row_structure":"regular","tile":"siret3_r027_c017.tif","length_m":51.37},"geometry":{"type":"LineString","coordinates":[[629905.06,5219840.0],[629900.54,5219788.82]]}},{"type":"Feature","properties":{"vineyard_id":"T027_017","row_id":"T027_017-R06","row_structure":"regular","tile":"siret3_r027_c017.tif","length_m":51.37},"geometry":{"type":"LineString","coordinates":[[629901.81,5219840.0],[629897.39,5219788.82]]}},{"type":"Feature","properties":{"vineyard_id":"T027_017","row_id":"T027_017-R07","row_structure":"regular","tile":"siret3_r027_c017.tif","length_m":51.38},"geometry":{"type":"LineString","coordinates":[[629899.88,5219840.0],[629895.38,5219788.82]]}},{"type":"Feature","properties":{"vineyard_id":"T027_017","row_id":"T027_017-R08","row_structure":"regular","tile":"siret3_r027_c017.tif","length_m":51.38},"geometry":{"type":"LineString","coordinates":[[629897.29,5219840.0],[629892.82,5219788.82]]}},{"type":"Feature","properties":{"vineyard_id":"T027_017","row_id":"T027_017-R09","row_structure":"regular","tile":"siret3_r027_c017.tif","length_m":51.38},"geometry":{"type":"LineString","coordinates":[[629894.2,5219840.0],[629889.73,5219788.82]]}},{"type":"Feature","properties":{"vineyard_id":"T027_017","row_id":"T027_017-R10","row_structure":"regular","tile":"siret3_r027_c017.tif","length_m":51.37},"geometry":{"type":"LineString","coordinates":[[629891.66,5219839.99],[629887.11,5219788.82]]}},{"type":"Feature","properties":{"vineyard_id":"T027_017","row_id":"T027_017-R11","row_structure":"disrupted","tile":"siret3_r027_c017.tif","length_m":51.35},"geometry":{"type":"LineString","coordinates":[[629888.83,5219839.99],[629884.36,5219788.83]]}},{"type":"Feature","properties":{"vineyard_id":"T027_017","row_id":"T027_017-R12","row_structure":"regular","tile":"siret3_r027_c017.tif","length_m":51.37},"geometry":{"type":"LineString","coordinates":[[629886.02,5219840.0],[629881.58,5219788.83]]}},{"type":"Feature","properties":{"vineyard_id":"T027_017","row_id":"T027_017-R13","row_structure":"regular","tile":"siret3_r027_c017.tif","length_m":51.37},"geometry":{"type":"LineString","coordinates":[[629883.19,5219840.0],[629878.71,5219788.83]]}},{"type":"Feature","properties":{"vineyard_id":"T027_017","row_id":"T027_017-R14","row_structure":"regular","tile":"siret3_r027_c017.tif","length_m":51.36},"geometry":{"type":"LineString","coordinates":[[629877.64,5219840.0],[629873.17,5219788.83]]}},{"type":"Feature","properties":{"vineyard_id":"T027_017","row_id":"T027_017-R15","row_structure":"regular","tile":"siret3_r027_c017.tif","length_m":51.35},"geometry":{"type":"LineString","coordinates":[[629874.17,5219839.99],[629869.73,5219788.83]]}},{"type":"Feature","properties":{"vineyard_id":"T027_017","row_id":"T027_017-R16","row_structure":"regular","tile":"siret3_r027_c017.tif","length_m":25.54},"geometry":{"type":"LineString","coordinates":[[629864.35,5219840.0],[629862.4,5219814.53]]}},{"type":"Feature","properties":{"vineyard_id":"T027_018","row_id":"T027_018-R01","row_structure":"disrupted","tile":"siret3_r027_c018.tif","length_m":17.25},"geometry":{"type":"LineString","coordinates":[[629964.78,5219790.25],[629947.59,5219788.82]]}},{"type":"Feature","properties":{"vineyard_id":"T027_018","row_id":"T027_018-R02","row_structure":"disrupted","tile":"siret3_r027_c018.tif","length_m":51.35},"geometry":{"type":"LineString","coordinates":[[629964.78,5219793.56],[629913.61,5219789.3]]}},{"type":"Feature","properties":{"vineyard_id":"T027_018","row_id":"T027_018-R03","row_structure":"disrupted","tile":"siret3_r027_c018.tif","length_m":51.35},"geometry":{"type":"LineString","coordinates":[[629964.78,5219797.51],[629913.6,5219793.34]]}},{"type":"Feature","properties":{"vineyard_id":"T027_018","row_id":"T027_018-R04","row_structure":"disrupted","tile":"siret3_r027_c018.tif","length_m":51.33},"geometry":{"type":"LineString","coordinates":[[629964.77,5219799.26],[629913.6,5219795.17]]}},{"type":"Feature","properties":{"vineyard_id":"T027_018","row_id":"T027_018-R05","row_structure":"disrupted","tile":"siret3_r027_c018.tif","length_m":51.34},"geometry":{"type":"LineString","coordinates":[[629964.77,5219801.33],[629913.6,5219797.11]]}},{"type":"Feature","properties":{"vineyard_id":"T027_018","row_id":"T027_018-R06","row_structure":"disrupted","tile":"siret3_r027_c018.tif","length_m":51.35},"geometry":{"type":"LineString","coordinates":[[629964.77,5219803.46],[629913.6,5219799.17]]}},{"type":"Feature","properties":{"vineyard_id":"T027_018","row_id":"T027_018-R07","row_structure":"disrupted","tile":"siret3_r027_c018.tif","length_m":51.35},"geometry":{"type":"LineString","coordinates":[[629964.77,5219805.57],[629913.6,5219801.31]]}},{"type":"Feature","properties":{"vineyard_id":"T027_018","row_id":"T027_018-R08","row_structure":"disrupted","tile":"siret3_r027_c018.tif","length_m":51.35},"geometry":{"type":"LineString","coordinates":[[629964.79,5219808.17],[629913.6,5219804.04]]}},{"type":"Feature","properties":{"vineyard_id":"T027_018","row_id":"T027_018-R09","row_structure":"disrupted","tile":"siret3_r027_c018.tif","length_m":51.35},"geometry":{"type":"LineString","coordinates":[[629964.77,5219810.19],[629913.6,5219805.91]]}},{"type":"Feature","properties":{"vineyard_id":"T027_018","row_id":"T027_018-R10","row_structure":"disrupted","tile":"siret3_r027_c018.tif","length_m":51.34},"geometry":{"type":"LineString","coordinates":[[629964.77,5219812.59],[629913.6,5219808.41]]}},{"type":"Feature","properties":{"vineyard_id":"T027_018","row_id":"T027_018-R11","row_structure":"disrupted","tile":"siret3_r027_c018.tif","length_m":51.35},"geometry":{"type":"LineString","coordinates":[[629964.78,5219814.89],[629913.61,5219810.63]]}},{"type":"Feature","properties":{"vineyard_id":"T027_018","row_id":"T027_018-R12","row_structure":"disrupted","tile":"siret3_r027_c018.tif","length_m":51.34},"geometry":{"type":"LineString","coordinates":[[629964.77,5219817.5],[629913.6,5219813.33]]}},{"type":"Feature","properties":{"vineyard_id":"T027_018","row_id":"T027_018-R13","row_structure":"disrupted","tile":"siret3_r027_c018.tif","length_m":51.35},"geometry":{"type":"LineString","coordinates":[[629964.79,5219820.02],[629913.61,5219815.81]]}},{"type":"Feature","properties":{"vineyard_id":"T027_018","row_id":"T027_018-R14","row_structure":"disrupted","tile":"siret3_r027_c018.tif","length_m":51.33},"geometry":{"type":"LineString","coordinates":[[629964.76,5219822.47],[629913.61,5219818.26]]}},{"type":"Feature","properties":{"vineyard_id":"T027_018","row_id":"T027_018-R15","row_structure":"disrupted","tile":"siret3_r027_c018.tif","length_m":51.35},"geometry":{"type":"LineString","coordinates":[[629964.77,5219826.34],[629913.6,5219822.1]]}},{"type":"Feature","properties":{"vineyard_id":"T027_018","row_id":"T027_018-R16","row_structure":"disrupted","tile":"siret3_r027_c018.tif","length_m":51.35},"geometry":{"type":"LineString","coordinates":[[629964.79,5219828.61],[629913.6,5219824.47]]}},{"type":"Feature","properties":{"vineyard_id":"T027_018","row_id":"T027_018-R17","row_structure":"disrupted","tile":"siret3_r027_c018.tif","length_m":51.35},"geometry":{"type":"LineString","coordinates":[[629964.78,5219830.53],[629913.61,5219826.25]]}},{"type":"Feature","properties":{"vineyard_id":"T027_018","row_id":"T027_018-R18","row_structure":"disrupted","tile":"siret3_r027_c018.tif","length_m":51.35},"geometry":{"type":"LineString","coordinates":[[629964.78,5219833.54],[629913.6,5219829.32]]}},{"type":"Feature","properties":{"vineyard_id":"T027_018","row_id":"T027_018-R19","row_structure":"disrupted","tile":"siret3_r027_c018.tif","length_m":51.35},"geometry":{"type":"LineString","coordinates":[[629964.78,5219836.28],[629913.61,5219832.0]]}},{"type":"Feature","properties":{"vineyard_id":"T027_018","row_id":"T027_018-R20","row_structure":"disrupted","tile":"siret3_r027_c018.tif","length_m":51.34},"geometry":{"type":"LineString","coordinates":[[629964.77,5219838.85],[629913.6,5219834.62]]}},{"type":"Feature","properties":{"vineyard_id":"T027_019","row_id":"T027_019-R01","row_structure":"disrupted","tile":"siret3_r027_c019.tif","length_m":40.27},"geometry":{"type":"LineString","coordinates":[[630015.99,5219828.83],[630011.23,5219788.83]]}},{"type":"Feature","properties":{"vineyard_id":"T027_019","row_id":"T027_019-R02","row_structure":"disrupted","tile":"siret3_r027_c019.tif","length_m":51.55},"geometry":{"type":"LineString","coordinates":[[630005.23,5219840.0],[629998.91,5219788.83]]}},{"type":"Feature","properties":{"vineyard_id":"T027_019","row_id":"T027_019-R03","row_structure":"disrupted","tile":"siret3_r027_c019.tif","length_m":43.4},"geometry":{"type":"LineString","coordinates":[[629999.87,5219831.89],[629994.44,5219788.83]]}},{"type":"Feature","properties":{"vineyard_id":"T027_019","row_id":"T027_019-R04","row_structure":"disrupted","tile":"siret3_r027_c019.tif","length_m":51.54},"geometry":{"type":"LineString","coordinates":[[629997.14,5219840.0],[629990.94,5219788.83]]}},{"type":"Feature","properties":{"vineyard_id":"T027_019","row_id":"T027_019-R05","row_structure":"regular","tile":"siret3_r027_c019.tif","length_m":51.57},"geometry":{"type":"LineString","coordinates":[[629994.28,5219840.0],[629987.99,5219788.82]]}},{"type":"Feature","properties":{"vineyard_id":"T027_019","row_id":"T027_019-R06","row_structure":"disrupted","tile":"siret3_r027_c019.tif","length_m":51.57},"geometry":{"type":"LineString","coordinates":[[629992.42,5219840.0],[629986.07,5219788.83]]}},{"type":"Feature","properties":{"vineyard_id":"T027_019","row_id":"T027_019-R07","row_structure":"regular","tile":"siret3_r027_c019.tif","length_m":51.57},"geometry":{"type":"LineString","coordinates":[[629989.54,5219840.0],[629983.26,5219788.82]]}},{"type":"Feature","properties":{"vineyard_id":"T027_019","row_id":"T027_019-R08","row_structure":"regular","tile":"siret3_r027_c019.tif","length_m":51.55},"geometry":{"type":"LineString","coordinates":[[629986.32,5219840.0],[629980.03,5219788.83]]}},{"type":"Feature","properties":{"vineyard_id":"T027_019","row_id":"T027_019-R09","row_structure":"regular","tile":"siret3_r027_c019.tif","length_m":51.55},"geometry":{"type":"LineString","coordinates":[[629983.28,5219840.0],[629977.06,5219788.82]]}},{"type":"Feature","properties":{"vineyard_id":"T027_019","row_id":"T027_019-R10","row_structure":"regular","tile":"siret3_r027_c019.tif","length_m":51.57},"geometry":{"type":"LineString","coordinates":[[629978.89,5219840.0],[629972.6,5219788.82]]}},{"type":"Feature","properties":{"vineyard_id":"T027_019","row_id":"T027_019-R11","row_structure":"disrupted","tile":"siret3_r027_c019.tif","length_m":51.55},"geometry":{"type":"LineString","coordinates":[[629976.3,5219840.0],[629969.97,5219788.84]]}},{"type":"Feature","properties":{"vineyard_id":"T027_019","row_id":"T027_019-R12","row_structure":"regular","tile":"siret3_r027_c019.tif","length_m":51.56},"geometry":{"type":"LineString","coordinates":[[629971.48,5219840.0],[629965.19,5219788.82]]}},{"type":"Feature","properties":{"vineyard_id":"T027_019","row_id":"T027_019-R13","row_structure":"disrupted","tile":"siret3_r027_c019.tif","length_m":26.55},"geometry":{"type":"LineString","coordinates":[[629967.97,5219840.0],[629964.8,5219813.64]]}},{"type":"Feature","properties":{"vineyard_id":"T027_020","row_id":"T027_020-R02","row_structure":"disrupted","tile":"siret3_r027_c020.tif","length_m":35.06},"geometry":{"type":"LineString","coordinates":[[630032.97,5219840.0],[630067.17,5219832.3]]}},{"type":"Feature","properties":{"vineyard_id":"T027_020","row_id":"T027_020-R03","row_structure":"disrupted","tile":"siret3_r027_c020.tif","length_m":51.07},"geometry":{"type":"LineString","coordinates":[[630017.33,5219840.0],[630067.17,5219828.82]]}},{"type":"Feature","properties":{"vineyard_id":"T027_020","row_id":"T027_020-R04","row_structure":"disrupted","tile":"siret3_r027_c020.tif","length_m":52.5},"geometry":{"type":"LineString","coordinates":[[630016.01,5219836.83],[630067.17,5219825.03]]}},{"type":"Feature","properties":{"vineyard_id":"T027_020","row_id":"T027_020-R05","row_structure":"disrupted","tile":"siret3_r027_c020.tif","length_m":48.45},"geometry":{"type":"LineString","coordinates":[[630019.92,5219831.04],[630067.17,5219820.32]]}},{"type":"Feature","properties":{"vineyard_id":"T027_020","row_id":"T027_020-R06","row_structure":"disrupted","tile":"siret3_r027_c020.tif","length_m":46.5},"geometry":{"type":"LineString","coordinates":[[630021.85,5219828.39],[630067.18,5219818.02]]}},{"type":"Feature","properties":{"vineyard_id":"T027_020","row_id":"T027_020-R07","row_structure":"disrupted","tile":"siret3_r027_c020.tif","length_m":52.47},"geometry":{"type":"LineString","coordinates":[[630016.01,5219826.17],[630067.17,5219814.49]]}},{"type":"Feature","properties":{"vineyard_id":"T027_020","row_id":"T027_020-R08","row_structure":"disrupted","tile":"siret3_r027_c020.tif","length_m":52.48},"geometry":{"type":"LineString","coordinates":[[630016.01,5219821.71],[630067.16,5219810.0]]}},{"type":"Feature","properties":{"vineyard_id":"T027_020","row_id":"T027_020-R09","row_structure":"disrupted","tile":"siret3_r027_c020.tif","length_m":52.52},"geometry":{"type":"LineString","coordinates":[[630016.01,5219818.9],[630067.19,5219807.07]]}},{"type":"Feature","properties":{"vineyard_id":"T027_020","row_id":"T027_020-R10","row_structure":"disrupted","tile":"siret3_r027_c020.tif","length_m":52.49},"geometry":{"type":"LineString","coordinates":[[630016.0,5219814.44],[630067.18,5219802.79]]}},{"type":"Feature","properties":{"vineyard_id":"T027_020","row_id":"T027_020-R11","row_structure":"disrupted","tile":"siret3_r027_c020.tif","length_m":52.53},"geometry":{"type":"LineString","coordinates":[[630016.01,5219811.28],[630067.18,5219799.45]]}},{"type":"Feature","properties":{"vineyard_id":"T027_020","row_id":"T027_020-R12","row_structure":"disrupted","tile":"siret3_r027_c020.tif","length_m":52.5},"geometry":{"type":"LineString","coordinates":[[630016.01,5219808.03],[630067.17,5219796.26]]}},{"type":"Feature","properties":{"vineyard_id":"T027_020","row_id":"T027_020-R13","row_structure":"regular","tile":"siret3_r027_c020.tif","length_m":52.5},"geometry":{"type":"LineString","coordinates":[[630016.0,5219806.1],[630067.18,5219794.38]]}},{"type":"Feature","properties":{"vineyard_id":"T027_020","row_id":"T027_020-R14","row_structure":"regular","tile":"siret3_r027_c020.tif","length_m":52.49},"geometry":{"type":"LineString","coordinates":[[630016.0,5219803.26],[630067.18,5219791.58]]}},{"type":"Feature","properties":{"vineyard_id":"T027_020","row_id":"T027_020-R15","row_structure":"disrupted","tile":"siret3_r027_c020.tif","length_m":45.75},"geometry":{"type":"LineString","coordinates":[[630016.0,5219799.05],[630060.59,5219788.82]]}},{"type":"Feature","properties":{"vineyard_id":"T027_020","row_id":"T027_020-R16","row_structure":"disrupted","tile":"siret3_r027_c020.tif","length_m":33.77},"geometry":{"type":"LineString","coordinates":[[630016.0,5219796.25],[630048.95,5219788.81]]}},{"type":"Feature","properties":{"vineyard_id":"T027_021","row_id":"T027_021-R01","row_structure":"regular","tile":"siret3_r027_c021.tif","length_m":5.12},"geometry":{"type":"LineString","coordinates":[[630113.47,5219840.0],[630118.37,5219838.5]]}},{"type":"Feature","properties":{"vineyard_id":"T027_021","row_id":"T027_021-R02","row_structure":"regular","tile":"siret3_r027_c021.tif","length_m":24.53},"geometry":{"type":"LineString","coordinates":[[630094.9,5219838.45],[630118.37,5219831.33]]}},{"type":"Feature","properties":{"vineyard_id":"T027_021","row_id":"T027_021-R03","row_structure":"disrupted","tile":"siret3_r027_c021.tif","length_m":41.04},"geometry":{"type":"LineString","coordinates":[[630079.15,5219840.0],[630118.39,5219827.97]]}},{"type":"Feature","properties":{"vineyard_id":"T027_021","row_id":"T027_021-R04","row_structure":"disrupted","tile":"siret3_r027_c021.tif","length_m":51.88},"geometry":{"type":"LineString","coordinates":[[630068.72,5219840.0],[630118.37,5219824.93]]}},{"type":"Feature","properties":{"vineyard_id":"T027_021","row_id":"T027_021-R05","row_structure":"disrupted","tile":"siret3_r027_c021.tif","length_m":53.51},"geometry":{"type":"LineString","coordinates":[[630067.2,5219836.66],[630118.37,5219820.98]]}},{"type":"Feature","properties":{"vineyard_id":"T027_021","row_id":"T027_021-R06","row_structure":"regular","tile":"siret3_r027_c021.tif","length_m":53.5},"geometry":{"type":"LineString","coordinates":[[630067.2,5219833.52],[630118.37,5219817.92]]}},{"type":"Feature","properties":{"vineyard_id":"T027_021","row_id":"T027_021-R07","row_structure":"regular","tile":"siret3_r027_c021.tif","length_m":53.55},"geometry":{"type":"LineString","coordinates":[[630067.2,5219830.79],[630118.38,5219815.05]]}},{"type":"Feature","properties":{"vineyard_id":"T027_021","row_id":"T027_021-R08","row_structure":"disrupted","tile":"siret3_r027_c021.tif","length_m":53.45},"geometry":{"type":"LineString","coordinates":[[630067.21,5219828.42],[630118.37,5219812.94]]}},{"type":"Feature","properties":{"vineyard_id":"T027_021","row_id":"T027_021-R09","row_structure":"regular","tile":"siret3_r027_c021.tif","length_m":39.29},"geometry":{"type":"LineString","coordinates":[[630067.2,5219825.73],[630104.76,5219814.19]]}},{"type":"Feature","properties":{"vineyard_id":"T027_021","row_id":"T027_021-R10","row_structure":"regular","tile":"siret3_r027_c021.tif","length_m":36.52},"geometry":{"type":"LineString","coordinates":[[630067.2,5219823.25],[630102.11,5219812.53]]}},{"type":"Feature","properties":{"vineyard_id":"T027_021","row_id":"T027_021-R11","row_structure":"regular","tile":"siret3_r027_c021.tif","length_m":34.4},"geometry":{"type":"LineString","coordinates":[[630067.21,5219820.22],[630100.12,5219810.21]]}},{"type":"Feature","properties":{"vineyard_id":"T027_021","row_id":"T027_021-R12","row_structure":"regular","tile":"siret3_r027_c021.tif","length_m":33.15},"geometry":{"type":"LineString","coordinates":[[630067.21,5219816.98],[630098.88,5219807.18]]}},{"type":"Feature","properties":{"vineyard_id":"T027_021","row_id":"T027_021-R13","row_structure":"regular","tile":"siret3_r027_c021.tif","length_m":31.72},"geometry":{"type":"LineString","coordinates":[[630067.2,5219813.43],[630097.55,5219804.18]]}},{"type":"Feature","properties":{"vineyard_id":"T027_021","row_id":"T027_021-R14","row_structure":"disrupted","tile":"siret3_r027_c021.tif","length_m":37.52},"geometry":{"type":"LineString","coordinates":[[630067.2,5219805.98],[630103.1,5219795.06]]}},{"type":"Feature","properties":{"vineyard_id":"T027_021","row_id":"T027_021-R15","row_structure":"regular","tile":"siret3_r027_c021.tif","length_m":41.05},"geometry":{"type":"LineString","coordinates":[[630067.21,5219802.6],[630106.47,5219790.6]]}},{"type":"Feature","properties":{"vineyard_id":"T027_021","row_id":"T027_021-R16","row_structure":"regular","tile":"siret3_r027_c021.tif","length_m":37.09},"geometry":{"type":"LineString","coordinates":[[630067.2,5219799.65],[630102.68,5219788.81]]}},{"type":"Feature","properties":{"vineyard_id":"T027_021","row_id":"T027_021-R17","row_structure":"regular","tile":"siret3_r027_c021.tif","length_m":26.71},"geometry":{"type":"LineString","coordinates":[[630067.2,5219796.55],[630092.77,5219788.82]]}},{"type":"Feature","properties":{"vineyard_id":"T027_021","row_id":"T027_021-R18","row_structure":"regular","tile":"siret3_r027_c021.tif","length_m":14.8},"geometry":{"type":"LineString","coordinates":[[630067.21,5219793.01],[630081.4,5219788.82]]}},{"type":"Feature","properties":{"vineyard_id":"T027_021","row_id":"T027_021-R19","row_structure":"regular","tile":"siret3_r027_c021.tif","length_m":3.22},"geometry":{"type":"LineString","coordinates":[[630067.2,5219789.76],[630070.29,5219788.82]]}},{"type":"Feature","properties":{"vineyard_id":"T027_022","row_id":"T027_022-R01","row_structure":"regular","tile":"siret3_r027_c022.tif","length_m":3.19},"geometry":{"type":"LineString","coordinates":[[630166.4,5219840.0],[630169.58,5219839.78]]}},{"type":"Feature","properties":{"vineyard_id":"T027_022","row_id":"T027_022-R02","row_structure":"regular","tile":"siret3_r027_c022.tif","length_m":43.09},"geometry":{"type":"LineString","coordinates":[[630126.58,5219840.0],[630169.58,5219837.22]]}},{"type":"Feature","properties":{"vineyard_id":"T027_022","row_id":"T027_022-R03","row_structure":"regular","tile":"siret3_r027_c022.tif","length_m":51.3},"geometry":{"type":"LineString","coordinates":[[630118.41,5219837.96],[630169.58,5219834.35]]}},{"type":"Feature","properties":{"vineyard_id":"T027_022","row_id":"T027_022-R04","row_structure":"regular","tile":"siret3_r027_c022.tif","length_m":51.29},"geometry":{"type":"LineString","coordinates":[[630118.4,5219835.27],[630169.57,5219831.7]]}},{"type":"Feature","properties":{"vineyard_id":"T027_022","row_id":"T027_022-R05","row_structure":"regular","tile":"siret3_r027_c022.tif","length_m":51.29},"geometry":{"type":"LineString","coordinates":[[630118.4,5219832.4],[630169.57,5219828.77]]}},{"type":"Feature","properties":{"vineyard_id":"T027_022","row_id":"T027_022-R06","row_structure":"regular","tile":"siret3_r027_c022.tif","length_m":51.3},"geometry":{"type":"LineString","coordinates":[[630118.4,5219828.9],[630169.58,5219825.37]]}},{"type":"Feature","properties":{"vineyard_id":"T027_022","row_id":"T027_022-R07","row_structure":"regular","tile":"siret3_r027_c022.tif","length_m":51.3},"geometry":{"type":"LineString","coordinates":[[630118.4,5219826.38],[630169.57,5219822.79]]}},{"type":"Feature","properties":{"vineyard_id":"T027_022","row_id":"T027_022-R08","row_structure":"regular","tile":"siret3_r027_c022.tif","length_m":51.3},"geometry":{"type":"LineString","coordinates":[[630118.41,5219823.32],[630169.59,5219819.74]]}},{"type":"Feature","properties":{"vineyard_id":"T027_022","row_id":"T027_022-R09","row_structure":"regular","tile":"siret3_r027_c022.tif","length_m":51.3},"geometry":{"type":"LineString","coordinates":[[630118.4,5219820.64],[630169.57,5219817.06]]}},{"type":"Feature","properties":{"vineyard_id":"T027_022","row_id":"T027_022-R10","row_structure":"regular","tile":"siret3_r027_c022.tif","length_m":51.3},"geometry":{"type":"LineString","coordinates":[[630118.41,5219817.9],[630169.59,5219814.36]]}},{"type":"Feature","properties":{"vineyard_id":"T027_022","row_id":"T027_022-R11","row_structure":"regular","tile":"siret3_r027_c022.tif","length_m":51.29},"geometry":{"type":"LineString","coordinates":[[630118.4,5219815.15],[630169.57,5219811.57]]}},{"type":"Feature","properties":{"vineyard_id":"T027_022","row_id":"T027_022-R12","row_structure":"disrupted","tile":"siret3_r027_c022.tif","length_m":51.32},"geometry":{"type":"LineString","coordinates":[[630118.4,5219812.31],[630169.59,5219808.62]]}},{"type":"Feature","properties":{"vineyard_id":"T027_022","row_id":"T027_022-R13","row_structure":"disrupted","tile":"siret3_r027_c022.tif","length_m":51.29},"geometry":{"type":"LineString","coordinates":[[630118.4,5219809.8],[630169.57,5219806.27]]}},{"type":"Feature","properties":{"vineyard_id":"T027_022","row_id":"T027_022-R14","row_structure":"regular","tile":"siret3_r027_c022.tif","length_m":45.25},"geometry":{"type":"LineString","coordinates":[[630124.42,5219806.43],[630169.57,5219803.33]]}},{"type":"Feature","properties":{"vineyard_id":"T027_022","row_id":"T027_022-R15","row_structure":"disrupted","tile":"siret3_r027_c022.tif","length_m":43.25},"geometry":{"type":"LineString","coordinates":[[630126.43,5219803.93],[630169.57,5219800.81]]}},{"type":"Feature","properties":{"vineyard_id":"T027_022","row_id":"T027_022-R16","row_structure":"regular","tile":"siret3_r027_c022.tif","length_m":38.33},"geometry":{"type":"LineString","coordinates":[[630131.34,5219797.46],[630169.57,5219794.75]]}},{"type":"Feature","properties":{"vineyard_id":"T027_022","row_id":"T027_022-R17","row_structure":"regular","tile":"siret3_r027_c022.tif","length_m":37.85},"geometry":{"type":"LineString","coordinates":[[630131.81,5219794.94],[630169.57,5219792.25]]}},{"type":"Feature","properties":{"vineyard_id":"T027_022","row_id":"T027_022-R18","row_structure":"regular","tile":"siret3_r027_c022.tif","length_m":35.05},"geometry":{"type":"LineString","coordinates":[[630134.61,5219792.29],[630169.58,5219789.84]]}},{"type":"Feature","properties":{"vineyard_id":"T027_022","row_id":"T027_022-R19","row_structure":"regular","tile":"siret3_r027_c022.tif","length_m":19.18},"geometry":{"type":"LineString","coordinates":[[630136.31,5219789.67],[630155.47,5219788.82]]}},{"type":"Feature","properties":{"vineyard_id":"T027_023","row_id":"T027_023-R01","row_structure":"regular","tile":"siret3_r027_c023.tif","length_m":52.73},"geometry":{"type":"LineString","coordinates":[[630183.51,5219839.99],[630220.79,5219802.71]]}},{"type":"Feature","properties":{"vineyard_id":"T027_023","row_id":"T027_023-R02","row_structure":"disrupted","tile":"siret3_r027_c023.tif","length_m":58.13},"geometry":{"type":"LineString","coordinates":[[630179.66,5219839.99],[630220.79,5219798.92]]}},{"type":"Feature","properties":{"vineyard_id":"T027_023","row_id":"T027_023-R03","row_structure":"disrupted","tile":"siret3_r027_c023.tif","length_m":61.18},"geometry":{"type":"LineString","coordinates":[[630177.54,5219840.0],[630220.78,5219796.72]]}},{"type":"Feature","properties":{"vineyard_id":"T027_023","row_id":"T027_023-R04","row_structure":"disrupted","tile":"siret3_r027_c023.tif","length_m":66.72},"geometry":{"type":"LineString","coordinates":[[630173.61,5219839.99],[630220.79,5219792.8]]}},{"type":"Feature","properties":{"vineyard_id":"T027_023","row_id":"T027_023-R05","row_structure":"disrupted","tile":"siret3_r027_c023.tif","length_m":71.19},"geometry":{"type":"LineString","coordinates":[[630170.45,5219840.0],[630220.79,5219789.66]]}},{"type":"Feature","properties":{"vineyard_id":"T027_023","row_id":"T027_023-R06","row_structure":"regular","tile":"siret3_r027_c023.tif","length_m":69.07},"geometry":{"type":"LineString","coordinates":[[630169.6,5219837.67],[630218.44,5219788.83]]}},{"type":"Feature","properties":{"vineyard_id":"T027_023","row_id":"T027_023-R07","row_structure":"regular","tile":"siret3_r027_c023.tif","length_m":56.45},"geometry":{"type":"LineString","coordinates":[[630169.6,5219828.77],[630209.49,5219788.83]]}},{"type":"Feature","properties":{"vineyard_id":"T027_023","row_id":"T027_023-R08","row_structure":"regular","tile":"siret3_r027_c023.tif","length_m":49.69},"geometry":{"type":"LineString","coordinates":[[630169.6,5219823.95],[630204.74,5219788.81]]}},{"type":"Feature","properties":{"vineyard_id":"T027_023","row_id":"T027_023-R09","row_structure":"regular","tile":"siret3_r027_c023.tif","length_m":42.52},"geometry":{"type":"LineString","coordinates":[[630169.6,5219818.89],[630199.66,5219788.83]]}},{"type":"Feature","properties":{"vineyard_id":"T027_023","row_id":"T027_023-R10","row_structure":"disrupted","tile":"siret3_r027_c023.tif","length_m":37.37},"geometry":{"type":"LineString","coordinates":[[630169.6,5219815.25],[630196.02,5219788.83]]}},{"type":"Feature","properties":{"vineyard_id":"T027_023","row_id":"T027_023-R11","row_structure":"disrupted","tile":"siret3_r027_c023.tif","length_m":33.22},"geometry":{"type":"LineString","coordinates":[[630169.6,5219812.32],[630193.09,5219788.83]]}},{"type":"Feature","properties":{"vineyard_id":"T027_023","row_id":"T027_023-R12","row_structure":"disrupted","tile":"siret3_r027_c023.tif","length_m":27.88},"geometry":{"type":"LineString","coordinates":[[630169.6,5219808.58],[630189.25,5219788.81]]}},{"type":"Feature","properties":{"vineyard_id":"T027_023","row_id":"T027_023-R13","row_structure":"regular","tile":"siret3_r027_c023.tif","length_m":22.95},"geometry":{"type":"LineString","coordinates":[[630169.6,5219805.12],[630185.76,5219788.82]]}},{"type":"Feature","properties":{"vineyard_id":"T027_023","row_id":"T027_023-R14","row_structure":"regular","tile":"siret3_r027_c023.tif","length_m":9.5},"geometry":{"type":"LineString","coordinates":[[630169.6,5219795.46],[630176.39,5219788.82]]}},{"type":"Feature","properties":{"vineyard_id":"T027_023","row_id":"T027_023-R15","row_structure":"regular","tile":"siret3_r027_c023.tif","length_m":4.48},"geometry":{"type":"LineString","coordinates":[[630169.61,5219791.97],[630172.78,5219788.82]]}},{"type":"Feature","properties":{"vineyard_id":"T027_024","row_id":"T027_024-R01","row_structure":"regular","tile":"siret3_r027_c024.tif","length_m":2.67},"geometry":{"type":"LineString","coordinates":[[630271.98,5219788.97],[630269.31,5219788.81]]}},{"type":"Feature","properties":{"vineyard_id":"T027_024","row_id":"T027_024-R02","row_structure":"regular","tile":"siret3_r027_c024.tif","length_m":4.78},"geometry":{"type":"LineString","coordinates":[[630271.98,5219790.6],[630267.22,5219790.28]]}},{"type":"Feature","properties":{"vineyard_id":"T027_024","row_id":"T027_024-R03","row_structure":"disrupted","tile":"siret3_r027_c024.tif","length_m":51.25},"geometry":{"type":"LineString","coordinates":[[630271.98,5219791.86],[630220.82,5219788.88]]}},{"type":"Feature","properties":{"vineyard_id":"T027_024","row_id":"T027_024-R04","row_structure":"disrupted","tile":"siret3_r027_c024.tif","length_m":51.27},"geometry":{"type":"LineString","coordinates":[[630271.99,5219793.91],[630220.8,5219790.96]]}},{"type":"Feature","properties":{"vineyard_id":"T027_024","row_id":"T027_024-R05","row_structure":"disrupted","tile":"siret3_r027_c024.tif","length_m":51.26},"geometry":{"type":"LineString","coordinates":[[630271.98,5219796.14],[630220.8,5219793.18]]}},{"type":"Feature","properties":{"vineyard_id":"T027_024","row_id":"T027_024-R06","row_structure":"disrupted","tile":"siret3_r027_c024.tif","length_m":51.27},"geometry":{"type":"LineString","coordinates":[[630271.98,5219797.42],[630220.8,5219794.36]]}},{"type":"Feature","properties":{"vineyard_id":"T027_024","row_id":"T027_024-R07","row_structure":"regular","tile":"siret3_r027_c024.tif","length_m":13.6},"geometry":{"type":"LineString","coordinates":[[630271.98,5219810.46],[630258.41,5219809.59]]}},{"type":"Feature","properties":{"vineyard_id":"T027_029","row_id":"T027_029-R01","row_structure":"disrupted","tile":"siret3_r027_c029.tif","length_m":28.25},"geometry":{"type":"LineString","coordinates":[[630527.98,5219816.89],[630524.68,5219788.84]]}},{"type":"Feature","properties":{"vineyard_id":"T027_029","row_id":"T027_029-R02","row_structure":"disrupted","tile":"siret3_r027_c029.tif","length_m":42.15},"geometry":{"type":"LineString","coordinates":[[630527.73,5219839.99],[630522.59,5219798.16]]}},{"type":"Feature","properties":{"vineyard_id":"T027_029","row_id":"T027_029-R03","row_structure":"regular","tile":"siret3_r027_c029.tif","length_m":32.63},"geometry":{"type":"LineString","coordinates":[[630514.58,5219826.85],[630510.62,5219794.47]]}},{"type":"Feature","properties":{"vineyard_id":"T027_029","row_id":"T027_029-R04","row_structure":"disrupted","tile":"siret3_r027_c029.tif","length_m":46.91},"geometry":{"type":"LineString","coordinates":[[630513.43,5219840.0],[630507.86,5219793.42]]}},{"type":"Feature","properties":{"vineyard_id":"T027_029","row_id":"T027_029-R05","row_structure":"regular","tile":"siret3_r027_c029.tif","length_m":45.1},"geometry":{"type":"LineString","coordinates":[[630506.96,5219833.59],[630501.53,5219788.82]]}},{"type":"Feature","properties":{"vineyard_id":"T027_029","row_id":"T027_029-R06","row_structure":"disrupted","tile":"siret3_r027_c029.tif","length_m":51.55},"geometry":{"type":"LineString","coordinates":[[630504.57,5219840.0],[630498.45,5219788.82]]}},{"type":"Feature","properties":{"vineyard_id":"T027_029","row_id":"T027_029-R07","row_structure":"disrupted","tile":"siret3_r027_c029.tif","length_m":51.54},"geometry":{"type":"LineString","coordinates":[[630499.93,5219840.0],[630493.73,5219788.83]]}},{"type":"Feature","properties":{"vineyard_id":"T027_029","row_id":"T027_029-R08","row_structure":"disrupted","tile":"siret3_r027_c029.tif","length_m":43.33},"geometry":{"type":"LineString","coordinates":[[630481.96,5219831.83],[630476.82,5219788.81]]}},{"type":"Feature","properties":{"vineyard_id":"T027_029","row_id":"T027_029-R09","row_structure":"regular","tile":"siret3_r027_c029.tif","length_m":11.04},"geometry":{"type":"LineString","coordinates":[[630477.9,5219836.0],[630476.8,5219825.01]]}},{"type":"Feature","properties":{"vineyard_id":"T027_030","row_id":"T027_030-R01","row_structure":"regular","tile":"siret3_r027_c030.tif","length_m":14.7},"geometry":{"type":"LineString","coordinates":[[630557.82,5219789.7],[630543.15,5219788.82]]}},{"type":"Feature","properties":{"vineyard_id":"T027_030","row_id":"T027_030-R02","row_structure":"disrupted","tile":"siret3_r027_c030.tif","length_m":38.7},"geometry":{"type":"LineString","coordinates":[[630579.17,5219805.62],[630540.6,5219802.37]]}},{"type":"Feature","properties":{"vineyard_id":"T027_030","row_id":"T027_030-R03","row_structure":"regular","tile":"siret3_r027_c030.tif","length_m":40.48},"geometry":{"type":"LineString","coordinates":[[630568.34,5219812.5],[630528.01,5219809.08]]}},{"type":"Feature","properties":{"vineyard_id":"T027_030","row_id":"T027_030-R04","row_structure":"disrupted","tile":"siret3_r027_c030.tif","length_m":40.0},"geometry":{"type":"LineString","coordinates":[[630567.85,5219817.91],[630528.0,5219814.5]]}},{"type":"Feature","properties":{"vineyard_id":"T027_030","row_id":"T027_030-R05","row_structure":"regular","tile":"siret3_r027_c030.tif","length_m":29.8},"geometry":{"type":"LineString","coordinates":[[630563.87,5219820.5],[630534.17,5219818.0]]}},{"type":"Feature","properties":{"vineyard_id":"T027_030","row_id":"T027_030-R06","row_structure":"disrupted","tile":"siret3_r027_c030.tif","length_m":35.78},"geometry":{"type":"LineString","coordinates":[[630569.31,5219822.63],[630533.66,5219819.63]]}},{"type":"Feature","properties":{"vineyard_id":"T027_030","row_id":"T027_030-R07","row_structure":"disrupted","tile":"siret3_r027_c030.tif","length_m":37.08},"geometry":{"type":"LineString","coordinates":[[630569.65,5219825.11],[630532.7,5219822.0]]}},{"type":"Feature","properties":{"vineyard_id":"T027_030","row_id":"T027_030-R08","row_structure":"disrupted","tile":"siret3_r027_c030.tif","length_m":35.2},"geometry":{"type":"LineString","coordinates":[[630567.16,5219826.92],[630532.08,5219823.94]]}},{"type":"Feature","properties":{"vineyard_id":"T027_030","row_id":"T027_030-R09","row_structure":"disrupted","tile":"siret3_r027_c030.tif","length_m":43.72},"geometry":{"type":"LineString","coordinates":[[630571.56,5219829.69],[630528.0,5219825.97]]}},{"type":"Feature","properties":{"vineyard_id":"T027_030","row_id":"T027_030-R10","row_structure":"disrupted","tile":"siret3_r027_c030.tif","length_m":39.72},"geometry":{"type":"LineString","coordinates":[[630567.59,5219832.4],[630528.01,5219829.06]]}},{"type":"Feature","properties":{"vineyard_id":"T028_019","row_id":"T028_019-R02","row_structure":"regular","tile":"siret3_r028_c019.tif","length_m":7.75},"geometry":{"type":"LineString","coordinates":[[630011.24,5219788.79],[630015.99,5219782.67]]}},{"type":"Feature","properties":{"vineyard_id":"T028_019","row_id":"T028_019-R03","row_structure":"regular","tile":"siret3_r028_c019.tif","length_m":15.9},"geometry":{"type":"LineString","coordinates":[[630003.98,5219788.8],[630013.52,5219776.07]]}},{"type":"Feature","properties":{"vineyard_id":"T028_019","row_id":"T028_019-R04","row_structure":"disrupted","tile":"siret3_r028_c019.tif","length_m":34.64},"geometry":{"type":"LineString","coordinates":[[629994.54,5219788.8],[630015.98,5219761.59]]}},{"type":"Feature","properties":{"vineyard_id":"T028_019","row_id":"T028_019-R05","row_structure":"disrupted","tile":"siret3_r028_c019.tif","length_m":38.1},"geometry":{"type":"LineString","coordinates":[[629989.32,5219788.79],[630012.79,5219758.79]]}},{"type":"Feature","properties":{"vineyard_id":"T028_019","row_id":"T028_019-R06","row_structure":"regular","tile":"siret3_r028_c019.tif","length_m":49.81},"geometry":{"type":"LineString","coordinates":[[629985.2,5219788.8],[630015.98,5219749.63]]}},{"type":"Feature","properties":{"vineyard_id":"T028_019","row_id":"T028_019-R07","row_structure":"disrupted","tile":"siret3_r028_c019.tif","length_m":56.0},"geometry":{"type":"LineString","coordinates":[[629981.49,5219788.8],[630015.99,5219744.69]]}},{"type":"Feature","properties":{"vineyard_id":"T028_019","row_id":"T028_019-R08","row_structure":"disrupted","tile":"siret3_r028_c019.tif","length_m":57.09},"geometry":{"type":"LineString","coordinates":[[629977.64,5219788.8],[630012.77,5219743.8]]}},{"type":"Feature","properties":{"vineyard_id":"T028_019","row_id":"T028_019-R09","row_structure":"regular","tile":"siret3_r028_c019.tif","length_m":53.26},"geometry":{"type":"LineString","coordinates":[[629973.92,5219788.8],[630006.68,5219746.81]]}},{"type":"Feature","properties":{"vineyard_id":"T028_019","row_id":"T028_019-R10","row_structure":"regular","tile":"siret3_r028_c019.tif","length_m":54.79},"geometry":{"type":"LineString","coordinates":[[629970.3,5219788.8],[630003.99,5219745.6]]}},{"type":"Feature","properties":{"vineyard_id":"T028_019","row_id":"T028_019-R11","row_structure":"regular","tile":"siret3_r028_c019.tif","length_m":57.36},"geometry":{"type":"LineString","coordinates":[[629966.56,5219788.8],[630001.88,5219743.6]]}},{"type":"Feature","properties":{"vineyard_id":"T028_019","row_id":"T028_019-R12","row_structure":"regular","tile":"siret3_r028_c019.tif","length_m":57.02},"geometry":{"type":"LineString","coordinates":[[629964.8,5219786.26],[630000.03,5219741.43]]}},{"type":"Feature","properties":{"vineyard_id":"T028_019","row_id":"T028_019-R13","row_structure":"disrupted","tile":"siret3_r028_c019.tif","length_m":56.45},"geometry":{"type":"LineString","coordinates":[[629964.8,5219781.95],[629999.76,5219737.63]]}},{"type":"Feature","properties":{"vineyard_id":"T028_019","row_id":"T028_019-R14","row_structure":"disrupted","tile":"siret3_r028_c019.tif","length_m":45.27},"geometry":{"type":"LineString","coordinates":[[629968.05,5219773.22],[629996.02,5219737.62]]}},{"type":"Feature","properties":{"vineyard_id":"T028_019","row_id":"T028_019-R15","row_structure":"disrupted","tile":"siret3_r028_c019.tif","length_m":45.53},"geometry":{"type":"LineString","coordinates":[[629964.81,5219773.61],[629992.69,5219737.62]]}},{"type":"Feature","properties":{"vineyard_id":"T028_019","row_id":"T028_019-R16","row_structure":"disrupted","tile":"siret3_r028_c019.tif","length_m":35.55},"geometry":{"type":"LineString","coordinates":[[629967.7,5219765.66],[629989.57,5219737.63]]}},{"type":"Feature","properties":{"vineyard_id":"T028_019","row_id":"T028_019-R17","row_structure":"disrupted","tile":"siret3_r028_c019.tif","length_m":29.05},"geometry":{"type":"LineString","coordinates":[[629968.64,5219760.46],[629986.6,5219737.63]]}},{"type":"Feature","properties":{"vineyard_id":"T028_019","row_id":"T028_019-R18","row_structure":"disrupted","tile":"siret3_r028_c019.tif","length_m":26.01},"geometry":{"type":"LineString","coordinates":[[629967.46,5219758.49],[629982.99,5219737.62]]}},{"type":"Feature","properties":{"vineyard_id":"T028_019","row_id":"T028_019-R19","row_structure":"regular","tile":"siret3_r028_c019.tif","length_m":23.9},"geometry":{"type":"LineString","coordinates":[[629964.8,5219756.38],[629979.63,5219737.64]]}},{"type":"Feature","properties":{"vineyard_id":"T028_020","row_id":"T028_020-R01","row_structure":"disrupted","tile":"siret3_r028_c020.tif","length_m":20.85},"geometry":{"type":"LineString","coordinates":[[630062.77,5219741.57],[630042.29,5219737.62]]}},{"type":"Feature","properties":{"vineyard_id":"T028_020","row_id":"T028_020-R02","row_structure":"disrupted","tile":"siret3_r028_c020.tif","length_m":46.3},"geometry":{"type":"LineString","coordinates":[[630067.18,5219746.5],[630021.74,5219737.61]]}},{"type":"Feature","properties":{"vineyard_id":"T028_020","row_id":"T028_020-R03","row_structure":"disrupted","tile":"siret3_r028_c020.tif","length_m":52.14},"geometry":{"type":"LineString","coordinates":[[630067.17,5219749.6],[630016.0,5219739.55]]}},{"type":"Feature","properties":{"vineyard_id":"T028_020","row_id":"T028_020-R04","row_structure":"disrupted","tile":"siret3_r028_c020.tif","length_m":52.17},"geometry":{"type":"LineString","coordinates":[[630067.17,5219752.97],[630016.0,5219742.83]]}},{"type":"Feature","properties":{"vineyard_id":"T028_020","row_id":"T028_020-R05","row_structure":"disrupted","tile":"siret3_r028_c020.tif","length_m":47.85},"geometry":{"type":"LineString","coordinates":[[630062.99,5219754.71],[630016.01,5219745.63]]}},{"type":"Feature","properties":{"vineyard_id":"T028_020","row_id":"T028_020-R06","row_structure":"disrupted","tile":"siret3_r028_c020.tif","length_m":52.14},"geometry":{"type":"LineString","coordinates":[[630067.17,5219758.88],[630016.0,5219748.88]]}},{"type":"Feature","properties":{"vineyard_id":"T028_020","row_id":"T028_020-R07","row_structure":"regular","tile":"siret3_r028_c020.tif","length_m":52.13},"geometry":{"type":"LineString","coordinates":[[630067.17,5219764.91],[630016.01,5219754.92]]}},{"type":"Feature","properties":{"vineyard_id":"T028_020","row_id":"T028_020-R08","row_structure":"regular","tile":"siret3_r028_c020.tif","length_m":52.15},"geometry":{"type":"LineString","coordinates":[[630067.18,5219767.98],[630016.0,5219757.99]]}},{"type":"Feature","properties":{"vineyard_id":"T028_020","row_id":"T028_020-R09","row_structure":"disrupted","tile":"siret3_r028_c020.tif","length_m":52.13},"geometry":{"type":"LineString","coordinates":[[630067.19,5219772.56],[630016.01,5219762.66]]}},{"type":"Feature","properties":{"vineyard_id":"T028_020","row_id":"T028_020-R10","row_structure":"disrupted","tile":"siret3_r028_c020.tif","length_m":52.12},"geometry":{"type":"LineString","coordinates":[[630067.17,5219775.64],[630016.0,5219765.73]]}},{"type":"Feature","properties":{"vineyard_id":"T028_020","row_id":"T028_020-R11","row_structure":"disrupted","tile":"siret3_r028_c020.tif","length_m":52.15},"geometry":{"type":"LineString","coordinates":[[630067.19,5219780.0],[630016.0,5219770.05]]}},{"type":"Feature","properties":{"vineyard_id":"T028_020","row_id":"T028_020-R12","row_structure":"disrupted","tile":"siret3_r028_c020.tif","length_m":52.13},"geometry":{"type":"LineString","coordinates":[[630067.18,5219782.96],[630016.01,5219773.01]]}},{"type":"Feature","properties":{"vineyard_id":"T028_020","row_id":"T028_020-R13","row_structure":"disrupted","tile":"siret3_r028_c020.tif","length_m":52.13},"geometry":{"type":"LineString","coordinates":[[630067.19,5219785.52],[630016.0,5219775.67]]}},{"type":"Feature","properties":{"vineyard_id":"T028_020","row_id":"T028_020-R14","row_structure":"disrupted","tile":"siret3_r028_c020.tif","length_m":48.0},"geometry":{"type":"LineString","coordinates":[[630067.17,5219788.34],[630020.06,5219779.12]]}},{"type":"Feature","properties":{"vineyard_id":"T028_020","row_id":"T028_020-R15","row_structure":"disrupted","tile":"siret3_r028_c020.tif","length_m":24.97},"geometry":{"type":"LineString","coordinates":[[630040.55,5219788.8],[630016.0,5219784.25]]}},{"type":"Feature","properties":{"vineyard_id":"T028_020","row_id":"T028_020-R16","row_structure":"regular","tile":"siret3_r028_c020.tif","length_m":4.08},"geometry":{"type":"LineString","coordinates":[[630020.01,5219788.8],[630016.0,5219788.02]]}},{"type":"Feature","properties":{"vineyard_id":"T028_023","row_id":"T028_023-R02","row_structure":"regular","tile":"siret3_r028_c023.tif","length_m":33.75},"geometry":{"type":"LineString","coordinates":[[630220.78,5219741.35],[630187.24,5219737.61]]}},{"type":"Feature","properties":{"vineyard_id":"T028_023","row_id":"T028_023-R03","row_structure":"regular","tile":"siret3_r028_c023.tif","length_m":51.5},"geometry":{"type":"LineString","coordinates":[[630220.77,5219744.95],[630169.61,5219739.07]]}},{"type":"Feature","properties":{"vineyard_id":"T028_023","row_id":"T028_023-R04","row_structure":"regular","tile":"siret3_r028_c023.tif","length_m":51.52},"geometry":{"type":"LineString","coordinates":[[630220.78,5219748.5],[630169.6,5219742.58]]}},{"type":"Feature","properties":{"vineyard_id":"T028_023","row_id":"T028_023-R05","row_structure":"regular","tile":"siret3_r028_c023.tif","length_m":51.5},"geometry":{"type":"LineString","coordinates":[[630220.77,5219752.14],[630169.6,5219746.26]]}},{"type":"Feature","properties":{"vineyard_id":"T028_023","row_id":"T028_023-R06","row_structure":"regular","tile":"siret3_r028_c023.tif","length_m":51.52},"geometry":{"type":"LineString","coordinates":[[630220.78,5219757.01],[630169.6,5219751.09]]}},{"type":"Feature","properties":{"vineyard_id":"T028_023","row_id":"T028_023-R07","row_structure":"regular","tile":"siret3_r028_c023.tif","length_m":51.52},"geometry":{"type":"LineString","coordinates":[[630220.78,5219760.48],[630169.6,5219754.56]]}},{"type":"Feature","properties":{"vineyard_id":"T028_023","row_id":"T028_023-R08","row_structure":"regular","tile":"siret3_r028_c023.tif","length_m":51.52},"geometry":{"type":"LineString","coordinates":[[630220.78,5219763.13],[630169.6,5219757.17]]}},{"type":"Feature","properties":{"vineyard_id":"T028_023","row_id":"T028_023-R09","row_structure":"regular","tile":"siret3_r028_c023.tif","length_m":51.5},"geometry":{"type":"LineString","coordinates":[[630220.77,5219766.47],[630169.61,5219760.59]]}},{"type":"Feature","properties":{"vineyard_id":"T028_023","row_id":"T028_023-R10","row_structure":"regular","tile":"siret3_r028_c023.tif","length_m":51.52},"geometry":{"type":"LineString","coordinates":[[630220.77,5219769.94],[630169.6,5219763.97]]}},{"type":"Feature","properties":{"vineyard_id":"T028_023","row_id":"T028_023-R11","row_structure":"regular","tile":"siret3_r028_c023.tif","length_m":51.53},"geometry":{"type":"LineString","coordinates":[[630220.79,5219772.84],[630169.6,5219766.92]]}},{"type":"Feature","properties":{"vineyard_id":"T028_023","row_id":"T028_023-R12","row_structure":"regular","tile":"siret3_r028_c023.tif","length_m":51.52},"geometry":{"type":"LineString","coordinates":[[630220.78,5219775.71],[630169.6,5219769.82]]}},{"type":"Feature","properties":{"vineyard_id":"T028_023","row_id":"T028_023-R13","row_structure":"regular","tile":"siret3_r028_c023.tif","length_m":51.5},"geometry":{"type":"LineString","coordinates":[[630220.77,5219778.9],[630169.61,5219772.96]]}},{"type":"Feature","properties":{"vineyard_id":"T028_023","row_id":"T028_023-R14","row_structure":"regular","tile":"siret3_r028_c023.tif","length_m":51.5},"geometry":{"type":"LineString","coordinates":[[630220.77,5219781.95],[630169.61,5219776.03]]}},{"type":"Feature","properties":{"vineyard_id":"T028_023","row_id":"T028_023-R15","row_structure":"regular","tile":"siret3_r028_c023.tif","length_m":51.5},"geometry":{"type":"LineString","coordinates":[[630220.78,5219785.12],[630169.61,5219779.24]]}},{"type":"Feature","properties":{"vineyard_id":"T028_023","row_id":"T028_023-R16","row_structure":"disrupted","tile":"siret3_r028_c023.tif","length_m":51.51},"geometry":{"type":"LineString","coordinates":[[630220.77,5219787.99],[630169.6,5219782.07]]}},{"type":"Feature","properties":{"vineyard_id":"T028_023","row_id":"T028_023-R17","row_structure":"regular","tile":"siret3_r028_c023.tif","length_m":31.97},"geometry":{"type":"LineString","coordinates":[[630201.4,5219788.8],[630169.61,5219785.33]]}},{"type":"Feature","properties":{"vineyard_id":"T028_023","row_id":"T028_023-R18","row_structure":"regular","tile":"siret3_r028_c023.tif","length_m":3.04},"geometry":{"type":"LineString","coordinates":[[630172.63,5219788.8],[630169.6,5219788.45]]}},{"type":"Feature","properties":{"vineyard_id":"T028_028","row_id":"T028_028-R01","row_structure":"regular","tile":"siret3_r028_c028.tif","length_m":5.6},"geometry":{"type":"LineString","coordinates":[[630464.23,5219738.26],[630458.67,5219737.61]]}},{"type":"Feature","properties":{"vineyard_id":"T028_028","row_id":"T028_028-R02","row_structure":"regular","tile":"siret3_r028_c028.tif","length_m":30.32},"geometry":{"type":"LineString","coordinates":[[630455.73,5219752.58],[630425.61,5219749.01]]}},{"type":"Feature","properties":{"vineyard_id":"T028_028","row_id":"T028_028-R03","row_structure":"regular","tile":"siret3_r028_c028.tif","length_m":29.33},"geometry":{"type":"LineString","coordinates":[[630454.74,5219754.55],[630425.6,5219751.25]]}},{"type":"Feature","properties":{"vineyard_id":"T028_028","row_id":"T028_028-R04","row_structure":"disrupted","tile":"siret3_r028_c028.tif","length_m":27.52},"geometry":{"type":"LineString","coordinates":[[630452.95,5219757.62],[630425.61,5219754.47]]}},{"type":"Feature","properties":{"vineyard_id":"T028_028","row_id":"T028_028-R05","row_structure":"disrupted","tile":"siret3_r028_c028.tif","length_m":26.52},"geometry":{"type":"LineString","coordinates":[[630451.94,5219759.41],[630425.6,5219756.34]]}},{"type":"Feature","properties":{"vineyard_id":"T028_028","row_id":"T028_028-R06","row_structure":"regular","tile":"siret3_r028_c028.tif","length_m":23.34},"geometry":{"type":"LineString","coordinates":[[630448.79,5219765.13],[630425.6,5219762.43]]}},{"type":"Feature","properties":{"vineyard_id":"T028_030","row_id":"T028_030-R01","row_structure":"regular","tile":"siret3_r028_c030.tif","length_m":11.18},"geometry":{"type":"LineString","coordinates":[[630574.91,5219738.66],[630563.78,5219737.62]]}},{"type":"Feature","properties":{"vineyard_id":"T028_030","row_id":"T028_030-R02","row_structure":"disrupted","tile":"siret3_r028_c030.tif","length_m":29.95},"geometry":{"type":"LineString","coordinates":[[630573.85,5219741.17],[630544.11,5219737.62]]}},{"type":"Feature","properties":{"vineyard_id":"T028_030","row_id":"T028_030-R03","row_structure":"disrupted","tile":"siret3_r028_c030.tif","length_m":44.55},"geometry":{"type":"LineString","coordinates":[[630572.22,5219746.25],[630528.0,5219740.81]]}},{"type":"Feature","properties":{"vineyard_id":"T028_030","row_id":"T028_030-R04","row_structure":"regular","tile":"siret3_r028_c030.tif","length_m":44.62},"geometry":{"type":"LineString","coordinates":[[630572.28,5219751.27],[630528.0,5219745.79]]}},{"type":"Feature","properties":{"vineyard_id":"T028_030","row_id":"T028_030-R05","row_structure":"disrupted","tile":"siret3_r028_c030.tif","length_m":42.73},"geometry":{"type":"LineString","coordinates":[[630570.42,5219758.45],[630528.01,5219753.29]]}},{"type":"Feature","properties":{"vineyard_id":"T028_030","row_id":"T028_030-R06","row_structure":"disrupted","tile":"siret3_r028_c030.tif","length_m":39.22},"geometry":{"type":"LineString","coordinates":[[630566.93,5219761.59],[630528.0,5219756.81]]}},{"type":"Feature","properties":{"vineyard_id":"T028_030","row_id":"T028_030-R07","row_structure":"disrupted","tile":"siret3_r028_c030.tif","length_m":43.47},"geometry":{"type":"LineString","coordinates":[[630571.13,5219764.31],[630528.0,5219758.94]]}},{"type":"Feature","properties":{"vineyard_id":"T028_030","row_id":"T028_030-R08","row_structure":"disrupted","tile":"siret3_r028_c030.tif","length_m":38.09},"geometry":{"type":"LineString","coordinates":[[630565.81,5219765.17],[630528.0,5219760.57]]}},{"type":"Feature","properties":{"vineyard_id":"T028_030","row_id":"T028_030-R09","row_structure":"disrupted","tile":"siret3_r028_c030.tif","length_m":30.28},"geometry":{"type":"LineString","coordinates":[[630558.06,5219788.8],[630528.0,5219785.16]]}},{"type":"Feature","properties":{"vineyard_id":"T029_015","row_id":"T029_015-R01","row_structure":"regular","tile":"siret3_r029_c015.tif","length_m":5.3},"geometry":{"type":"LineString","coordinates":[[629807.7,5219737.6],[629811.18,5219733.6]]}},{"type":"Feature","properties":{"vineyard_id":"T029_015","row_id":"T029_015-R02","row_structure":"regular","tile":"siret3_r029_c015.tif","length_m":11.92},"geometry":{"type":"LineString","coordinates":[[629803.36,5219737.6],[629811.18,5219728.6]]}},{"type":"Feature","properties":{"vineyard_id":"T029_015","row_id":"T029_015-R03","row_structure":"regular","tile":"siret3_r029_c015.tif","length_m":19.84},"geometry":{"type":"LineString","coordinates":[[629798.57,5219737.6],[629811.18,5219722.28]]}},{"type":"Feature","properties":{"vineyard_id":"T029_015","row_id":"T029_015-R04","row_structure":"regular","tile":"siret3_r029_c015.tif","length_m":26.71},"geometry":{"type":"LineString","coordinates":[[629794.25,5219737.6],[629811.18,5219716.94]]}},{"type":"Feature","properties":{"vineyard_id":"T029_015","row_id":"T029_015-R05","row_structure":"regular","tile":"siret3_r029_c015.tif","length_m":22.63},"geometry":{"type":"LineString","coordinates":[[629790.01,5219737.6],[629804.54,5219720.25]]}},{"type":"Feature","properties":{"vineyard_id":"T029_015","row_id":"T029_015-R06","row_structure":"disrupted","tile":"siret3_r029_c015.tif","length_m":38.47},"geometry":{"type":"LineString","coordinates":[[629785.82,5219737.6],[629811.19,5219708.67]]}},{"type":"Feature","properties":{"vineyard_id":"T029_015","row_id":"T029_015-R07","row_structure":"disrupted","tile":"siret3_r029_c015.tif","length_m":45.32},"geometry":{"type":"LineString","coordinates":[[629781.38,5219737.6],[629811.17,5219703.46]]}},{"type":"Feature","properties":{"vineyard_id":"T029_015","row_id":"T029_015-R08","row_structure":"disrupted","tile":"siret3_r029_c015.tif","length_m":51.1},"geometry":{"type":"LineString","coordinates":[[629777.59,5219737.6],[629811.18,5219699.09]]}},{"type":"Feature","properties":{"vineyard_id":"T029_015","row_id":"T029_015-R09","row_structure":"disrupted","tile":"siret3_r029_c015.tif","length_m":57.53},"geometry":{"type":"LineString","coordinates":[[629773.47,5219737.59],[629811.19,5219694.16]]}},{"type":"Feature","properties":{"vineyard_id":"T029_015","row_id":"T029_015-R10","row_structure":"disrupted","tile":"siret3_r029_c015.tif","length_m":63.11},"geometry":{"type":"LineString","coordinates":[[629769.91,5219737.6],[629811.18,5219689.84]]}},{"type":"Feature","properties":{"vineyard_id":"T029_015","row_id":"T029_015-R11","row_structure":"regular","tile":"siret3_r029_c015.tif","length_m":5.0},"geometry":{"type":"LineString","coordinates":[[629776.01,5219726.19],[629779.27,5219722.39]]}},{"type":"Feature","properties":{"vineyard_id":"T029_016","row_id":"T029_016-R01","row_structure":"regular","tile":"siret3_r029_c016.tif","length_m":18.1},"geometry":{"type":"LineString","coordinates":[[629851.99,5219737.6],[629862.37,5219722.78]]}},{"type":"Feature","properties":{"vineyard_id":"T029_016","row_id":"T029_016-R02","row_structure":"disrupted","tile":"siret3_r029_c016.tif","length_m":24.39},"geometry":{"type":"LineString","coordinates":[[629848.38,5219737.6],[629862.39,5219717.63]]}},{"type":"Feature","properties":{"vineyard_id":"T029_016","row_id":"T029_016-R03","row_structure":"regular","tile":"siret3_r029_c016.tif","length_m":31.8},"geometry":{"type":"LineString","coordinates":[[629844.18,5219737.6],[629862.39,5219711.53]]}},{"type":"Feature","properties":{"vineyard_id":"T029_016","row_id":"T029_016-R04","row_structure":"disrupted","tile":"siret3_r029_c016.tif","length_m":38.74},"geometry":{"type":"LineString","coordinates":[[629840.23,5219737.6],[629862.39,5219705.82]]}},{"type":"Feature","properties":{"vineyard_id":"T029_016","row_id":"T029_016-R05","row_structure":"regular","tile":"siret3_r029_c016.tif","length_m":47.45},"geometry":{"type":"LineString","coordinates":[[629835.21,5219737.6],[629862.39,5219698.71]]}},{"type":"Feature","properties":{"vineyard_id":"T029_016","row_id":"T029_016-R06","row_structure":"disrupted","tile":"siret3_r029_c016.tif","length_m":53.12},"geometry":{"type":"LineString","coordinates":[[629829.03,5219737.6],[629859.6,5219694.16]]}},{"type":"Feature","properties":{"vineyard_id":"T029_016","row_id":"T029_016-R07","row_structure":"regular","tile":"siret3_r029_c016.tif","length_m":62.48},"geometry":{"type":"LineString","coordinates":[[629812.34,5219737.6],[629848.19,5219686.42]]}},{"type":"Feature","properties":{"vineyard_id":"T029_016","row_id":"T029_016-R08","row_structure":"regular","tile":"siret3_r029_c016.tif","length_m":55.8},"geometry":{"type":"LineString","coordinates":[[629811.2,5219732.27],[629843.01,5219686.43]]}},{"type":"Feature","properties":{"vineyard_id":"T029_016","row_id":"T029_016-R09","row_structure":"regular","tile":"siret3_r029_c016.tif","length_m":48.87},"geometry":{"type":"LineString","coordinates":[[629811.2,5219726.49],[629839.16,5219686.41]]}},{"type":"Feature","properties":{"vineyard_id":"T029_016","row_id":"T029_016-R10","row_structure":"regular","tile":"siret3_r029_c016.tif","length_m":41.82},"geometry":{"type":"LineString","coordinates":[[629811.2,5219720.67],[629835.19,5219686.41]]}},{"type":"Feature","properties":{"vineyard_id":"T029_016","row_id":"T029_016-R11","row_structure":"regular","tile":"siret3_r029_c016.tif","length_m":35.15},"geometry":{"type":"LineString","coordinates":[[629811.21,5219715.15],[629831.47,5219686.43]]}},{"type":"Feature","properties":{"vineyard_id":"T029_016","row_id":"T029_016-R12","row_structure":"regular","tile":"siret3_r029_c016.tif","length_m":28.06},"geometry":{"type":"LineString","coordinates":[[629811.2,5219709.36],[629827.37,5219686.42]]}},{"type":"Feature","properties":{"vineyard_id":"T029_016","row_id":"T029_016-R13","row_structure":"regular","tile":"siret3_r029_c016.tif","length_m":21.29},"geometry":{"type":"LineString","coordinates":[[629811.2,5219703.91],[629823.36,5219686.43]]}},{"type":"Feature","properties":{"vineyard_id":"T029_016","row_id":"T029_016-R14","row_structure":"regular","tile":"siret3_r029_c016.tif","length_m":14.61},"geometry":{"type":"LineString","coordinates":[[629811.2,5219698.41],[629819.57,5219686.43]]}},{"type":"Feature","properties":{"vineyard_id":"T029_016","row_id":"T029_016-R15","row_structure":"regular","tile":"siret3_r029_c016.tif","length_m":7.44},"geometry":{"type":"LineString","coordinates":[[629811.2,5219692.51],[629815.46,5219686.42]]}},{"type":"Feature","properties":{"vineyard_id":"T029_017","row_id":"T029_017-R01","row_structure":"regular","tile":"siret3_r029_c017.tif","length_m":2.47},"geometry":{"type":"LineString","coordinates":[[629913.57,5219687.05],[629911.18,5219686.41]]}},{"type":"Feature","properties":{"vineyard_id":"T029_017","row_id":"T029_017-R02","row_structure":"regular","tile":"siret3_r029_c017.tif","length_m":11.45},"geometry":{"type":"LineString","coordinates":[[629913.57,5219689.26],[629902.47,5219686.42]]}},{"type":"Feature","properties":{"vineyard_id":"T029_017","row_id":"T029_017-R03","row_structure":"regular","tile":"siret3_r029_c017.tif","length_m":21.85},"geometry":{"type":"LineString","coordinates":[[629913.58,5219691.93],[629892.44,5219686.42]]}},{"type":"Feature","properties":{"vineyard_id":"T029_017","row_id":"T029_017-R04","row_structure":"regular","tile":"siret3_r029_c017.tif","length_m":31.17},"geometry":{"type":"LineString","coordinates":[[629913.59,5219694.42],[629883.46,5219686.41]]}},{"type":"Feature","properties":{"vineyard_id":"T029_017","row_id":"T029_017-R05","row_structure":"regular","tile":"siret3_r029_c017.tif","length_m":39.65},"geometry":{"type":"LineString","coordinates":[[629913.57,5219696.61],[629875.25,5219686.42]]}},{"type":"Feature","properties":{"vineyard_id":"T029_017","row_id":"T029_017-R06","row_structure":"regular","tile":"siret3_r029_c017.tif","length_m":48.55},"geometry":{"type":"LineString","coordinates":[[629913.56,5219698.94],[629866.66,5219686.41]]}},{"type":"Feature","properties":{"vineyard_id":"T029_017","row_id":"T029_017-R07","row_structure":"regular","tile":"siret3_r029_c017.tif","length_m":53.0},"geometry":{"type":"LineString","coordinates":[[629913.59,5219703.97],[629862.4,5219690.23]]}},{"type":"Feature","properties":{"vineyard_id":"T029_017","row_id":"T029_017-R08","row_structure":"regular","tile":"siret3_r029_c017.tif","length_m":52.97},"geometry":{"type":"LineString","coordinates":[[629913.58,5219708.56],[629862.4,5219694.87]]}},{"type":"Feature","properties":{"vineyard_id":"T029_017","row_id":"T029_017-R09","row_structure":"regular","tile":"siret3_r029_c017.tif","length_m":53.0},"geometry":{"type":"LineString","coordinates":[[629913.58,5219710.26],[629862.4,5219696.51]]}},{"type":"Feature","properties":{"vineyard_id":"T029_017","row_id":"T029_017-R10","row_structure":"disrupted","tile":"siret3_r029_c017.tif","length_m":52.97},"geometry":{"type":"LineString","coordinates":[[629913.57,5219712.81],[629862.4,5219699.14]]}},{"type":"Feature","properties":{"vineyard_id":"T029_017","row_id":"T029_017-R11","row_structure":"disrupted","tile":"siret3_r029_c017.tif","length_m":53.0},"geometry":{"type":"LineString","coordinates":[[629913.59,5219714.8],[629862.41,5219701.02]]}},{"type":"Feature","properties":{"vineyard_id":"T029_017","row_id":"T029_017-R12","row_structure":"regular","tile":"siret3_r029_c017.tif","length_m":52.97},"geometry":{"type":"LineString","coordinates":[[629913.57,5219716.39],[629862.41,5219702.64]]}},{"type":"Feature","properties":{"vineyard_id":"T029_017","row_id":"T029_017-R13","row_structure":"regular","tile":"siret3_r029_c017.tif","length_m":52.97},"geometry":{"type":"LineString","coordinates":[[629913.58,5219718.29],[629862.4,5219704.63]]}},{"type":"Feature","properties":{"vineyard_id":"T029_017","row_id":"T029_017-R14","row_structure":"regular","tile":"siret3_r029_c017.tif","length_m":52.97},"geometry":{"type":"LineString","coordinates":[[629913.57,5219720.74],[629862.4,5219707.03]]}},{"type":"Feature","properties":{"vineyard_id":"T029_017","row_id":"T029_017-R15","row_structure":"regular","tile":"siret3_r029_c017.tif","length_m":52.95},"geometry":{"type":"LineString","coordinates":[[629913.57,5219723.17],[629862.41,5219709.51]]}},{"type":"Feature","properties":{"vineyard_id":"T029_017","row_id":"T029_017-R16","row_structure":"regular","tile":"siret3_r029_c017.tif","length_m":52.97},"geometry":{"type":"LineString","coordinates":[[629913.57,5219725.67],[629862.4,5219711.98]]}},{"type":"Feature","properties":{"vineyard_id":"T029_017","row_id":"T029_017-R17","row_structure":"disrupted","tile":"siret3_r029_c017.tif","length_m":53.0},"geometry":{"type":"LineString","coordinates":[[629913.59,5219727.74],[629862.4,5219714.01]]}},{"type":"Feature","properties":{"vineyard_id":"T029_017","row_id":"T029_017-R18","row_structure":"disrupted","tile":"siret3_r029_c017.tif","length_m":52.97},"geometry":{"type":"LineString","coordinates":[[629913.57,5219730.81],[629862.4,5219717.1]]}},{"type":"Feature","properties":{"vineyard_id":"T029_017","row_id":"T029_017-R19","row_structure":"regular","tile":"siret3_r029_c017.tif","length_m":53.0},"geometry":{"type":"LineString","coordinates":[[629913.59,5219733.44],[629862.41,5219719.67]]}},{"type":"Feature","properties":{"vineyard_id":"T029_017","row_id":"T029_017-R20","row_structure":"disrupted","tile":"siret3_r029_c017.tif","length_m":53.0},"geometry":{"type":"LineString","coordinates":[[629913.58,5219735.58],[629862.4,5219721.82]]}},{"type":"Feature","properties":{"vineyard_id":"T029_017","row_id":"T029_017-R21","row_structure":"regular","tile":"siret3_r029_c017.tif","length_m":47.83},"geometry":{"type":"LineString","coordinates":[[629908.62,5219737.6],[629862.41,5219725.26]]}},{"type":"Feature","properties":{"vineyard_id":"T029_017","row_id":"T029_017-R22","row_structure":"regular","tile":"siret3_r029_c017.tif","length_m":39.33},"geometry":{"type":"LineString","coordinates":[[629900.41,5219737.6],[629862.4,5219727.51]]}},{"type":"Feature","properties":{"vineyard_id":"T029_017","row_id":"T029_017-R23","row_structure":"regular","tile":"siret3_r029_c017.tif","length_m":10.89},"geometry":{"type":"LineString","coordinates":[[629872.97,5219737.6],[629862.4,5219734.97]]}},{"type":"Feature","properties":{"vineyard_id":"T029_021","row_id":"T029_021-R01","row_structure":"regular","tile":"siret3_r029_c021.tif","length_m":38.7},"geometry":{"type":"LineString","coordinates":[[630096.11,5219737.6],[630118.38,5219705.95]]}},{"type":"Feature","properties":{"vineyard_id":"T029_021","row_id":"T029_021-R02","row_structure":"regular","tile":"siret3_r029_c021.tif","length_m":58.28},"geometry":{"type":"LineString","coordinates":[[630084.82,5219737.59],[630118.37,5219689.94]]}},{"type":"Feature","properties":{"vineyard_id":"T029_021","row_id":"T029_021-R03","row_structure":"regular","tile":"siret3_r029_c021.tif","length_m":62.6},"geometry":{"type":"LineString","coordinates":[[630081.72,5219737.6],[630117.78,5219686.43]]}},{"type":"Feature","properties":{"vineyard_id":"T029_021","row_id":"T029_021-R04","row_structure":"regular","tile":"siret3_r029_c021.tif","length_m":28.42},"geometry":{"type":"LineString","coordinates":[[630067.2,5219709.65],[630083.58,5219686.42]]}},{"type":"Feature","properties":{"vineyard_id":"T029_021","row_id":"T029_021-R05","row_structure":"regular","tile":"siret3_r029_c021.tif","length_m":22.72},"geometry":{"type":"LineString","coordinates":[[630067.21,5219704.95],[630080.38,5219686.43]]}},{"type":"Feature","properties":{"vineyard_id":"T029_021","row_id":"T029_021-R06","row_structure":"regular","tile":"siret3_r029_c021.tif","length_m":16.58},"geometry":{"type":"LineString","coordinates":[[630067.21,5219699.83],[630076.93,5219686.41]]}},{"type":"Feature","properties":{"vineyard_id":"T029_021","row_id":"T029_021-R07","row_structure":"regular","tile":"siret3_r029_c021.tif","length_m":11.07},"geometry":{"type":"LineString","coordinates":[[630067.2,5219695.42],[630073.66,5219686.43]]}},{"type":"Feature","properties":{"vineyard_id":"T029_021","row_id":"T029_021-R08","row_structure":"regular","tile":"siret3_r029_c021.tif","length_m":6.95},"geometry":{"type":"LineString","coordinates":[[630067.2,5219692.12],[630071.17,5219686.42]]}},{"type":"Feature","properties":{"vineyard_id":"T029_021","row_id":"T029_021-R09","row_structure":"regular","tile":"siret3_r029_c021.tif","length_m":2.29},"geometry":{"type":"LineString","coordinates":[[630067.2,5219688.29],[630068.52,5219686.42]]}},{"type":"Feature","properties":{"vineyard_id":"T029_023","row_id":"T029_023-R01","row_structure":"regular","tile":"siret3_r029_c023.tif","length_m":2.83},"geometry":{"type":"LineString","coordinates":[[630219.4,5219737.6],[630220.78,5219735.13]]}},{"type":"Feature","properties":{"vineyard_id":"T029_023","row_id":"T029_023-R02","row_structure":"regular","tile":"siret3_r029_c023.tif","length_m":9.52},"geometry":{"type":"LineString","coordinates":[[630216.34,5219737.6],[630220.79,5219729.18]]}},{"type":"Feature","properties":{"vineyard_id":"T029_023","row_id":"T029_023-R03","row_structure":"regular","tile":"siret3_r029_c023.tif","length_m":41.04},"geometry":{"type":"LineString","coordinates":[[630200.68,5219737.6],[630220.78,5219701.82]]}},{"type":"Feature","properties":{"vineyard_id":"T029_023","row_id":"T029_023-R04","row_structure":"regular","tile":"siret3_r029_c023.tif","length_m":47.9},"geometry":{"type":"LineString","coordinates":[[630197.42,5219737.6],[630220.79,5219695.78]]}},{"type":"Feature","properties":{"vineyard_id":"T029_023","row_id":"T029_023-R05","row_structure":"regular","tile":"siret3_r029_c023.tif","length_m":54.3},"geometry":{"type":"LineString","coordinates":[[630194.28,5219737.59],[630220.77,5219690.19]]}},{"type":"Feature","properties":{"vineyard_id":"T029_023","row_id":"T029_023-R06","row_structure":"regular","tile":"siret3_r029_c023.tif","length_m":58.56},"geometry":{"type":"LineString","coordinates":[[630190.94,5219737.6],[630219.4,5219686.42]]}},{"type":"Feature","properties":{"vineyard_id":"T029_023","row_id":"T029_023-R07","row_structure":"regular","tile":"siret3_r029_c023.tif","length_m":58.5},"geometry":{"type":"LineString","coordinates":[[630187.78,5219737.59],[630216.15,5219686.43]]}},{"type":"Feature","properties":{"vineyard_id":"T029_023","row_id":"T029_023-R08","row_structure":"regular","tile":"siret3_r029_c023.tif","length_m":58.65},"geometry":{"type":"LineString","coordinates":[[630184.66,5219737.6],[630213.33,5219686.43]]}},{"type":"Feature","properties":{"vineyard_id":"T029_023","row_id":"T029_023-R09","row_structure":"regular","tile":"siret3_r029_c023.tif","length_m":58.67},"geometry":{"type":"LineString","coordinates":[[630181.34,5219737.6],[630210.03,5219686.42]]}},{"type":"Feature","properties":{"vineyard_id":"T029_023","row_id":"T029_023-R10","row_structure":"regular","tile":"siret3_r029_c023.tif","length_m":58.6},"geometry":{"type":"LineString","coordinates":[[630176.23,5219737.58],[630204.82,5219686.43]]}},{"type":"Feature","properties":{"vineyard_id":"T029_023","row_id":"T029_023-R11","row_structure":"regular","tile":"siret3_r029_c023.tif","length_m":53.17},"geometry":{"type":"LineString","coordinates":[[630175.32,5219732.86],[630201.21,5219686.42]]}},{"type":"Feature","properties":{"vineyard_id":"T029_023","row_id":"T029_023-R12","row_structure":"disrupted","tile":"siret3_r029_c023.tif","length_m":21.18},"geometry":{"type":"LineString","coordinates":[[630178.65,5219704.6],[630189.53,5219686.42]]}},{"type":"Feature","properties":{"vineyard_id":"T029_023","row_id":"T029_023-R13","row_structure":"regular","tile":"siret3_r029_c023.tif","length_m":33.08},"geometry":{"type":"LineString","coordinates":[[630169.6,5219715.32],[630185.71,5219686.43]]}},{"type":"Feature","properties":{"vineyard_id":"T029_023","row_id":"T029_023-R14","row_structure":"regular","tile":"siret3_r029_c023.tif","length_m":25.39},"geometry":{"type":"LineString","coordinates":[[630169.6,5219708.54],[630182.04,5219686.42]]}},{"type":"Feature","properties":{"vineyard_id":"T029_023","row_id":"T029_023-R15","row_structure":"regular","tile":"siret3_r029_c023.tif","length_m":17.2},"geometry":{"type":"LineString","coordinates":[[630169.6,5219701.46],[630177.96,5219686.42]]}},{"type":"Feature","properties":{"vineyard_id":"T029_023","row_id":"T029_023-R16","row_structure":"regular","tile":"siret3_r029_c023.tif","length_m":9.99},"geometry":{"type":"LineString","coordinates":[[630169.6,5219695.18],[630174.43,5219686.43]]}},{"type":"Feature","properties":{"vineyard_id":"T029_023","row_id":"T029_023-R17","row_structure":"regular","tile":"siret3_r029_c023.tif","length_m":3.88},"geometry":{"type":"LineString","coordinates":[[630169.6,5219689.86],[630171.4,5219686.42]]}},{"type":"Feature","properties":{"vineyard_id":"T029_024","row_id":"T029_024-R01","row_structure":"regular","tile":"siret3_r029_c024.tif","length_m":24.7},"geometry":{"type":"LineString","coordinates":[[630247.67,5219688.04],[630223.02,5219686.41]]}},{"type":"Feature","properties":{"vineyard_id":"T029_024","row_id":"T029_024-R02","row_structure":"regular","tile":"siret3_r029_c024.tif","length_m":27.14},"geometry":{"type":"LineString","coordinates":[[630247.88,5219690.38],[630220.8,5219688.45]]}},{"type":"Feature","properties":{"vineyard_id":"T029_024","row_id":"T029_024-R03","row_structure":"regular","tile":"siret3_r029_c024.tif","length_m":28.87},"geometry":{"type":"LineString","coordinates":[[630249.6,5219695.28],[630220.8,5219693.28]]}},{"type":"Feature","properties":{"vineyard_id":"T029_024","row_id":"T029_024-R04","row_structure":"regular","tile":"siret3_r029_c024.tif","length_m":29.95},"geometry":{"type":"LineString","coordinates":[[630250.67,5219698.6],[630220.8,5219696.43]]}},{"type":"Feature","properties":{"vineyard_id":"T029_024","row_id":"T029_024-R05","row_structure":"disrupted","tile":"siret3_r029_c024.tif","length_m":31.47},"geometry":{"type":"LineString","coordinates":[[630252.19,5219702.28],[630220.8,5219699.98]]}},{"type":"Feature","properties":{"vineyard_id":"T029_024","row_id":"T029_024-R06","row_structure":"regular","tile":"siret3_r029_c024.tif","length_m":32.04},"geometry":{"type":"LineString","coordinates":[[630252.76,5219705.48],[630220.8,5219703.21]]}},{"type":"Feature","properties":{"vineyard_id":"T029_024","row_id":"T029_024-R07","row_structure":"regular","tile":"siret3_r029_c024.tif","length_m":32.87},"geometry":{"type":"LineString","coordinates":[[630253.59,5219708.85],[630220.8,5219706.57]]}},{"type":"Feature","properties":{"vineyard_id":"T029_024","row_id":"T029_024-R08","row_structure":"disrupted","tile":"siret3_r029_c024.tif","length_m":33.6},"geometry":{"type":"LineString","coordinates":[[630254.32,5219712.0],[630220.8,5219709.63]]}},{"type":"Feature","properties":{"vineyard_id":"T029_024","row_id":"T029_024-R09","row_structure":"disrupted","tile":"siret3_r029_c024.tif","length_m":33.75},"geometry":{"type":"LineString","coordinates":[[630254.47,5219715.17],[630220.81,5219712.76]]}},{"type":"Feature","properties":{"vineyard_id":"T029_024","row_id":"T029_024-R10","row_structure":"disrupted","tile":"siret3_r029_c024.tif","length_m":35.65},"geometry":{"type":"LineString","coordinates":[[630256.37,5219722.2],[630220.81,5219719.75]]}},{"type":"Feature","properties":{"vineyard_id":"T029_024","row_id":"T029_024-R11","row_structure":"disrupted","tile":"siret3_r029_c024.tif","length_m":36.57},"geometry":{"type":"LineString","coordinates":[[630257.29,5219725.76],[630220.81,5219723.24]]}},{"type":"Feature","properties":{"vineyard_id":"T029_024","row_id":"T029_024-R12","row_structure":"disrupted","tile":"siret3_r029_c024.tif","length_m":37.42},"geometry":{"type":"LineString","coordinates":[[630258.13,5219728.73],[630220.8,5219726.13]]}},{"type":"Feature","properties":{"vineyard_id":"T029_024","row_id":"T029_024-R13","row_structure":"disrupted","tile":"siret3_r029_c024.tif","length_m":40.11},"geometry":{"type":"LineString","coordinates":[[630260.81,5219732.31],[630220.8,5219729.41]]}},{"type":"Feature","properties":{"vineyard_id":"T029_024","row_id":"T029_024-R14","row_structure":"disrupted","tile":"siret3_r029_c024.tif","length_m":42.15},"geometry":{"type":"LineString","coordinates":[[630262.86,5219735.59],[630220.81,5219732.59]]}},{"type":"Feature","properties":{"vineyard_id":"T029_024","row_id":"T029_024-R15","row_structure":"disrupted","tile":"siret3_r029_c024.tif","length_m":27.58},"geometry":{"type":"LineString","coordinates":[[630248.33,5219737.6],[630220.81,5219735.76]]}},{"type":"Feature","properties":{"vineyard_id":"T029_025","row_id":"T029_025-R01","row_structure":"regular","tile":"siret3_r029_c025.tif","length_m":13.46},"geometry":{"type":"LineString","coordinates":[[630309.8,5219737.6],[630323.18,5219736.07]]}},{"type":"Feature","properties":{"vineyard_id":"T029_025","row_id":"T029_025-R02","row_structure":"disrupted","tile":"siret3_r029_c025.tif","length_m":44.35},"geometry":{"type":"LineString","coordinates":[[630279.15,5219722.85],[630323.17,5219717.47]]}},{"type":"Feature","properties":{"vineyard_id":"T029_025","row_id":"T029_025-R03","row_structure":"disrupted","tile":"siret3_r029_c025.tif","length_m":39.28},"geometry":{"type":"LineString","coordinates":[[630284.19,5219717.69],[630323.17,5219712.91]]}},{"type":"Feature","properties":{"vineyard_id":"T029_025","row_id":"T029_025-R04","row_structure":"disrupted","tile":"siret3_r029_c025.tif","length_m":42.4},"geometry":{"type":"LineString","coordinates":[[630281.07,5219713.6],[630323.17,5219708.52]]}},{"type":"Feature","properties":{"vineyard_id":"T029_025","row_id":"T029_025-R05","row_structure":"disrupted","tile":"siret3_r029_c025.tif","length_m":41.72},"geometry":{"type":"LineString","coordinates":[[630281.77,5219711.24],[630323.19,5219706.17]]}},{"type":"Feature","properties":{"vineyard_id":"T029_025","row_id":"T029_025-R06","row_structure":"disrupted","tile":"siret3_r029_c025.tif","length_m":38.37},"geometry":{"type":"LineString","coordinates":[[630285.08,5219707.19],[630323.17,5219702.49]]}},{"type":"Feature","properties":{"vineyard_id":"T029_025","row_id":"T029_025-R07","row_structure":"disrupted","tile":"siret3_r029_c025.tif","length_m":34.78},"geometry":{"type":"LineString","coordinates":[[630288.66,5219704.51],[630323.18,5219700.28]]}},{"type":"Feature","properties":{"vineyard_id":"T029_025","row_id":"T029_025-R08","row_structure":"disrupted","tile":"siret3_r029_c025.tif","length_m":36.53},"geometry":{"type":"LineString","coordinates":[[630286.93,5219702.72],[630323.19,5219698.28]]}},{"type":"Feature","properties":{"vineyard_id":"T029_025","row_id":"T029_025-R09","row_structure":"disrupted","tile":"siret3_r029_c025.tif","length_m":17.57},"geometry":{"type":"LineString","coordinates":[[630291.62,5219689.62],[630309.06,5219687.51]]}},{"type":"Feature","properties":{"vineyard_id":"T029_031","row_id":"T029_031-R01","row_structure":"disrupted","tile":"siret3_r029_c031.tif","length_m":51.3},"geometry":{"type":"LineString","coordinates":[[630579.21,5219712.97],[630630.38,5219709.42]]}},{"type":"Feature","properties":{"vineyard_id":"T029_031","row_id":"T029_031-R02","row_structure":"disrupted","tile":"siret3_r029_c031.tif","length_m":51.3},"geometry":{"type":"LineString","coordinates":[[630579.2,5219711.12],[630630.38,5219707.54]]}},{"type":"Feature","properties":{"vineyard_id":"T029_031","row_id":"T029_031-R03","row_structure":"disrupted","tile":"siret3_r029_c031.tif","length_m":31.35},"geometry":{"type":"LineString","coordinates":[[630579.21,5219701.12],[630610.48,5219698.94]]}},{"type":"Feature","properties":{"vineyard_id":"T029_031","row_id":"T029_031-R04","row_structure":"disrupted","tile":"siret3_r029_c031.tif","length_m":33.19},"geometry":{"type":"LineString","coordinates":[[630579.2,5219698.02],[630612.3,5219695.66]]}},{"type":"Feature","properties":{"vineyard_id":"T029_031","row_id":"T029_031-R05","row_structure":"disrupted","tile":"siret3_r029_c031.tif","length_m":34.24},"geometry":{"type":"LineString","coordinates":[[630579.2,5219694.82],[630613.36,5219692.5]]}},{"type":"Feature","properties":{"vineyard_id":"T029_031","row_id":"T029_031-R06","row_structure":"regular","tile":"siret3_r029_c031.tif","length_m":35.35},"geometry":{"type":"LineString","coordinates":[[630579.2,5219691.73],[630614.46,5219689.23]]}},{"type":"Feature","properties":{"vineyard_id":"T030_016","row_id":"T030_016-R01","row_structure":"regular","tile":"siret3_r030_c016.tif","length_m":5.12},"geometry":{"type":"LineString","coordinates":[[629862.38,5219639.29],[629859.25,5219635.23]]}},{"type":"Feature","properties":{"vineyard_id":"T030_016","row_id":"T030_016-R02","row_structure":"regular","tile":"siret3_r030_c016.tif","length_m":17.6},"geometry":{"type":"LineString","coordinates":[[629862.39,5219650.93],[629851.67,5219636.96]]}},{"type":"Feature","properties":{"vineyard_id":"T030_016","row_id":"T030_016-R03","row_structure":"regular","tile":"siret3_r030_c016.tif","length_m":20.8},"geometry":{"type":"LineString","coordinates":[[629862.38,5219655.35],[629849.74,5219638.83]]}},{"type":"Feature","properties":{"vineyard_id":"T030_016","row_id":"T030_016-R04","row_structure":"regular","tile":"siret3_r030_c016.tif","length_m":23.95},"geometry":{"type":"LineString","coordinates":[[629862.38,5219659.48],[629847.77,5219640.5]]}},{"type":"Feature","properties":{"vineyard_id":"T030_016","row_id":"T030_016-R05","row_structure":"regular","tile":"siret3_r030_c016.tif","length_m":25.1},"geometry":{"type":"LineString","coordinates":[[629862.37,5219663.84],[629846.96,5219644.03]]}},{"type":"Feature","properties":{"vineyard_id":"T030_016","row_id":"T030_016-R06","row_structure":"regular","tile":"siret3_r030_c016.tif","length_m":27.35},"geometry":{"type":"LineString","coordinates":[[629862.39,5219667.56],[629845.52,5219646.03]]}},{"type":"Feature","properties":{"vineyard_id":"T030_016","row_id":"T030_016-R07","row_structure":"regular","tile":"siret3_r030_c016.tif","length_m":32.17},"geometry":{"type":"LineString","coordinates":[[629862.38,5219671.54],[629842.55,5219646.2]]}},{"type":"Feature","properties":{"vineyard_id":"T030_016","row_id":"T030_016-R08","row_structure":"regular","tile":"siret3_r030_c016.tif","length_m":34.3},"geometry":{"type":"LineString","coordinates":[[629862.39,5219675.76],[629841.32,5219648.69]]}},{"type":"Feature","properties":{"vineyard_id":"T030_016","row_id":"T030_016-R09","row_structure":"regular","tile":"siret3_r030_c016.tif","length_m":36.27},"geometry":{"type":"LineString","coordinates":[[629862.37,5219679.37],[629840.03,5219650.79]]}},{"type":"Feature","properties":{"vineyard_id":"T030_016","row_id":"T030_016-R10","row_structure":"regular","tile":"siret3_r030_c016.tif","length_m":39.32},"geometry":{"type":"LineString","coordinates":[[629862.38,5219683.97],[629838.41,5219652.79]]}},{"type":"Feature","properties":{"vineyard_id":"T030_016","row_id":"T030_016-R11","row_structure":"regular","tile":"siret3_r030_c016.tif","length_m":40.21},"geometry":{"type":"LineString","coordinates":[[629861.17,5219686.4],[629836.58,5219654.58]]}},{"type":"Feature","properties":{"vineyard_id":"T030_016","row_id":"T030_016-R12","row_structure":"regular","tile":"siret3_r030_c016.tif","length_m":37.99},"geometry":{"type":"LineString","coordinates":[[629857.69,5219686.4],[629834.61,5219656.22]]}},{"type":"Feature","properties":{"vineyard_id":"T030_016","row_id":"T030_016-R13","row_structure":"regular","tile":"siret3_r030_c016.tif","length_m":35.23},"geometry":{"type":"LineString","coordinates":[[629853.65,5219686.4],[629832.64,5219658.12]]}},{"type":"Feature","properties":{"vineyard_id":"T030_016","row_id":"T030_016-R14","row_structure":"regular","tile":"siret3_r030_c016.tif","length_m":16.64},"geometry":{"type":"LineString","coordinates":[[629829.79,5219686.4],[629819.64,5219673.22]]}},{"type":"Feature","properties":{"vineyard_id":"T030_016","row_id":"T030_016-R15","row_structure":"regular","tile":"siret3_r030_c016.tif","length_m":11.1},"geometry":{"type":"LineString","coordinates":[[629825.49,5219686.4],[629818.83,5219677.53]]}},{"type":"Feature","properties":{"vineyard_id":"T030_016","row_id":"T030_016-R16","row_structure":"regular","tile":"siret3_r030_c016.tif","length_m":9.88},"geometry":{"type":"LineString","coordinates":[[629823.05,5219686.4],[629816.83,5219678.72]]}},{"type":"Feature","properties":{"vineyard_id":"T030_016","row_id":"T030_016-R17","row_structure":"regular","tile":"siret3_r030_c016.tif","length_m":7.35},"geometry":{"type":"LineString","coordinates":[[629820.09,5219686.4],[629815.69,5219680.51]]}},{"type":"Feature","properties":{"vineyard_id":"T030_016","row_id":"T030_016-R18","row_structure":"regular","tile":"siret3_r030_c016.tif","length_m":5.53},"geometry":{"type":"LineString","coordinates":[[629817.65,5219686.4],[629814.28,5219682.01]]}},{"type":"Feature","properties":{"vineyard_id":"T030_016","row_id":"T030_016-R19","row_structure":"regular","tile":"siret3_r030_c016.tif","length_m":3.49},"geometry":{"type":"LineString","coordinates":[[629814.63,5219686.4],[629812.5,5219683.64]]}},{"type":"Feature","properties":{"vineyard_id":"T030_017","row_id":"T030_017-R01","row_structure":"regular","tile":"siret3_r030_c017.tif","length_m":15.0},"geometry":{"type":"LineString","coordinates":[[629912.42,5219686.4],[629913.58,5219671.44]]}},{"type":"Feature","properties":{"vineyard_id":"T030_017","row_id":"T030_017-R02","row_structure":"regular","tile":"siret3_r030_c017.tif","length_m":51.4},"geometry":{"type":"LineString","coordinates":[[629892.07,5219686.4],[629896.96,5219635.23]]}},{"type":"Feature","properties":{"vineyard_id":"T030_017","row_id":"T030_017-R03","row_structure":"disrupted","tile":"siret3_r030_c017.tif","length_m":51.42},"geometry":{"type":"LineString","coordinates":[[629886.21,5219686.4],[629891.14,5219635.22]]}},{"type":"Feature","properties":{"vineyard_id":"T030_017","row_id":"T030_017-R04","row_structure":"disrupted","tile":"siret3_r030_c017.tif","length_m":51.43},"geometry":{"type":"LineString","coordinates":[[629882.97,5219686.4],[629887.93,5219635.21]]}},{"type":"Feature","properties":{"vineyard_id":"T030_017","row_id":"T030_017-R05","row_structure":"regular","tile":"siret3_r030_c017.tif","length_m":51.42},"geometry":{"type":"LineString","coordinates":[[629880.16,5219686.4],[629885.12,5219635.22]]}},{"type":"Feature","properties":{"vineyard_id":"T030_017","row_id":"T030_017-R06","row_structure":"disrupted","tile":"siret3_r030_c017.tif","length_m":51.4},"geometry":{"type":"LineString","coordinates":[[629871.39,5219686.39],[629876.27,5219635.22]]}},{"type":"Feature","properties":{"vineyard_id":"T030_017","row_id":"T030_017-R07","row_structure":"regular","tile":"siret3_r030_c017.tif","length_m":51.39},"geometry":{"type":"LineString","coordinates":[[629868.19,5219686.4],[629872.98,5219635.23]]}},{"type":"Feature","properties":{"vineyard_id":"T030_017","row_id":"T030_017-R08","row_structure":"disrupted","tile":"siret3_r030_c017.tif","length_m":51.4},"geometry":{"type":"LineString","coordinates":[[629862.6,5219686.4],[629867.54,5219635.23]]}},{"type":"Feature","properties":{"vineyard_id":"T030_017","row_id":"T030_017-R09","row_structure":"regular","tile":"siret3_r030_c017.tif","length_m":25.64},"geometry":{"type":"LineString","coordinates":[[629862.4,5219660.78],[629864.52,5219635.22]]}},{"type":"Feature","properties":{"vineyard_id":"T030_018","row_id":"T030_018-R02","row_structure":"regular","tile":"siret3_r030_c018.tif","length_m":12.3},"geometry":{"type":"LineString","coordinates":[[629964.77,5219637.21],[629952.63,5219635.21]]}},{"type":"Feature","properties":{"vineyard_id":"T030_018","row_id":"T030_018-R03","row_structure":"regular","tile":"siret3_r030_c018.tif","length_m":19.97},"geometry":{"type":"LineString","coordinates":[[629964.77,5219638.91],[629945.14,5219635.21]]}},{"type":"Feature","properties":{"vineyard_id":"T030_018","row_id":"T030_018-R04","row_structure":"regular","tile":"siret3_r030_c018.tif","length_m":30.77},"geometry":{"type":"LineString","coordinates":[[629964.77,5219641.02],[629934.55,5219635.22]]}},{"type":"Feature","properties":{"vineyard_id":"T030_018","row_id":"T030_018-R05","row_structure":"regular","tile":"siret3_r030_c018.tif","length_m":40.28},"geometry":{"type":"LineString","coordinates":[[629964.78,5219642.79],[629925.23,5219635.21]]}},{"type":"Feature","properties":{"vineyard_id":"T030_018","row_id":"T030_018-R06","row_structure":"regular","tile":"siret3_r030_c018.tif","length_m":46.53},"geometry":{"type":"LineString","coordinates":[[629964.77,5219644.02],[629919.09,5219635.22]]}},{"type":"Feature","properties":{"vineyard_id":"T030_018","row_id":"T030_018-R07","row_structure":"regular","tile":"siret3_r030_c018.tif","length_m":52.13},"geometry":{"type":"LineString","coordinates":[[629964.78,5219646.32],[629913.61,5219636.41]]}},{"type":"Feature","properties":{"vineyard_id":"T030_018","row_id":"T030_018-R08","row_structure":"regular","tile":"siret3_r030_c018.tif","length_m":52.14},"geometry":{"type":"LineString","coordinates":[[629964.78,5219649.36],[629913.6,5219639.41]]}},{"type":"Feature","properties":{"vineyard_id":"T030_018","row_id":"T030_018-R09","row_structure":"regular","tile":"siret3_r030_c018.tif","length_m":52.14},"geometry":{"type":"LineString","coordinates":[[629964.78,5219651.86],[629913.6,5219641.88]]}},{"type":"Feature","properties":{"vineyard_id":"T030_018","row_id":"T030_018-R10","row_structure":"disrupted","tile":"siret3_r030_c018.tif","length_m":52.15},"geometry":{"type":"LineString","coordinates":[[629964.78,5219653.92],[629913.6,5219643.92]]}},{"type":"Feature","properties":{"vineyard_id":"T030_018","row_id":"T030_018-R11","row_structure":"disrupted","tile":"siret3_r030_c018.tif","length_m":52.13},"geometry":{"type":"LineString","coordinates":[[629964.78,5219656.72],[629913.61,5219646.77]]}},{"type":"Feature","properties":{"vineyard_id":"T030_018","row_id":"T030_018-R12","row_structure":"disrupted","tile":"siret3_r030_c018.tif","length_m":52.13},"geometry":{"type":"LineString","coordinates":[[629964.78,5219658.91],[629913.61,5219648.99]]}},{"type":"Feature","properties":{"vineyard_id":"T030_018","row_id":"T030_018-R13","row_structure":"disrupted","tile":"siret3_r030_c018.tif","length_m":52.13},"geometry":{"type":"LineString","coordinates":[[629964.77,5219661.33],[629913.6,5219651.38]]}},{"type":"Feature","properties":{"vineyard_id":"T030_018","row_id":"T030_018-R14","row_structure":"disrupted","tile":"siret3_r030_c018.tif","length_m":52.14},"geometry":{"type":"LineString","coordinates":[[629964.78,5219664.82],[629913.6,5219654.87]]}},{"type":"Feature","properties":{"vineyard_id":"T030_018","row_id":"T030_018-R15","row_structure":"disrupted","tile":"siret3_r030_c018.tif","length_m":52.12},"geometry":{"type":"LineString","coordinates":[[629964.77,5219667.23],[629913.6,5219657.29]]}},{"type":"Feature","properties":{"vineyard_id":"T030_018","row_id":"T030_018-R16","row_structure":"disrupted","tile":"siret3_r030_c018.tif","length_m":52.14},"geometry":{"type":"LineString","coordinates":[[629964.78,5219669.81],[629913.6,5219659.83]]}},{"type":"Feature","properties":{"vineyard_id":"T030_018","row_id":"T030_018-R17","row_structure":"disrupted","tile":"siret3_r030_c018.tif","length_m":52.13},"geometry":{"type":"LineString","coordinates":[[629964.78,5219671.35],[629913.6,5219661.47]]}},{"type":"Feature","properties":{"vineyard_id":"T030_018","row_id":"T030_018-R18","row_structure":"disrupted","tile":"siret3_r030_c018.tif","length_m":52.13},"geometry":{"type":"LineString","coordinates":[[629964.78,5219674.24],[629913.6,5219664.36]]}},{"type":"Feature","properties":{"vineyard_id":"T030_018","row_id":"T030_018-R19","row_structure":"disrupted","tile":"siret3_r030_c018.tif","length_m":52.14},"geometry":{"type":"LineString","coordinates":[[629964.78,5219677.26],[629913.6,5219667.27]]}},{"type":"Feature","properties":{"vineyard_id":"T030_018","row_id":"T030_018-R20","row_structure":"regular","tile":"siret3_r030_c018.tif","length_m":52.17},"geometry":{"type":"LineString","coordinates":[[629964.78,5219679.49],[629913.6,5219669.39]]}},{"type":"Feature","properties":{"vineyard_id":"T030_018","row_id":"T030_018-R21","row_structure":"regular","tile":"siret3_r030_c018.tif","length_m":26.61},"geometry":{"type":"LineString","coordinates":[[629939.73,5219686.4],[629913.61,5219681.37]]}},{"type":"Feature","properties":{"vineyard_id":"T030_018","row_id":"T030_018-R22","row_structure":"regular","tile":"siret3_r030_c018.tif","length_m":13.53},"geometry":{"type":"LineString","coordinates":[[629926.92,5219686.4],[629913.6,5219684.05]]}},{"type":"Feature","properties":{"vineyard_id":"T030_018","row_id":"T030_018-R23","row_structure":"regular","tile":"siret3_r030_c018.tif","length_m":1.67},"geometry":{"type":"LineString","coordinates":[[629915.25,5219686.4],[629913.61,5219686.08]]}},{"type":"Feature","properties":{"vineyard_id":"T030_019","row_id":"T030_019-R01","row_structure":"regular","tile":"siret3_r030_c019.tif","length_m":1.8},"geometry":{"type":"LineString","coordinates":[[630015.97,5219636.58],[630014.8,5219635.22]]}},{"type":"Feature","properties":{"vineyard_id":"T030_019","row_id":"T030_019-R02","row_structure":"regular","tile":"siret3_r030_c019.tif","length_m":7.3},"geometry":{"type":"LineString","coordinates":[[630015.98,5219640.81],[630011.29,5219635.21]]}},{"type":"Feature","properties":{"vineyard_id":"T030_019","row_id":"T030_019-R03","row_structure":"regular","tile":"siret3_r030_c019.tif","length_m":17.35},"geometry":{"type":"LineString","coordinates":[[630015.98,5219648.38],[630004.67,5219635.23]]}},{"type":"Feature","properties":{"vineyard_id":"T030_019","row_id":"T030_019-R04","row_structure":"regular","tile":"siret3_r030_c019.tif","length_m":22.9},"geometry":{"type":"LineString","coordinates":[[630015.99,5219652.51],[630000.97,5219635.22]]}},{"type":"Feature","properties":{"vineyard_id":"T030_019","row_id":"T030_019-R05","row_structure":"regular","tile":"siret3_r030_c019.tif","length_m":30.8},"geometry":{"type":"LineString","coordinates":[[630015.99,5219658.43],[629995.74,5219635.23]]}},{"type":"Feature","properties":{"vineyard_id":"T030_019","row_id":"T030_019-R06","row_structure":"disrupted","tile":"siret3_r030_c019.tif","length_m":36.45},"geometry":{"type":"LineString","coordinates":[[630015.98,5219662.81],[629992.15,5219635.22]]}},{"type":"Feature","properties":{"vineyard_id":"T030_019","row_id":"T030_019-R07","row_structure":"disrupted","tile":"siret3_r030_c019.tif","length_m":40.75},"geometry":{"type":"LineString","coordinates":[[630015.97,5219665.99],[629989.25,5219635.22]]}},{"type":"Feature","properties":{"vineyard_id":"T030_019","row_id":"T030_019-R08","row_structure":"regular","tile":"siret3_r030_c019.tif","length_m":46.83},"geometry":{"type":"LineString","coordinates":[[630015.99,5219670.6],[629985.33,5219635.21]]}},{"type":"Feature","properties":{"vineyard_id":"T030_019","row_id":"T030_019-R09","row_structure":"regular","tile":"siret3_r030_c019.tif","length_m":52.05},"geometry":{"type":"LineString","coordinates":[[630015.97,5219674.65],[629981.99,5219635.23]]}},{"type":"Feature","properties":{"vineyard_id":"T030_019","row_id":"T030_019-R10","row_structure":"regular","tile":"siret3_r030_c019.tif","length_m":51.33},"geometry":{"type":"LineString","coordinates":[[630012.05,5219673.98],[629978.42,5219635.21]]}},{"type":"Feature","properties":{"vineyard_id":"T030_019","row_id":"T030_019-R11","row_structure":"regular","tile":"siret3_r030_c019.tif","length_m":58.8},"geometry":{"type":"LineString","coordinates":[[630007.02,5219679.63],[629968.48,5219635.22]]}},{"type":"Feature","properties":{"vineyard_id":"T030_019","row_id":"T030_019-R12","row_structure":"disrupted","tile":"siret3_r030_c019.tif","length_m":56.75},"geometry":{"type":"LineString","coordinates":[[630001.91,5219686.4],[629964.8,5219643.47]]}},{"type":"Feature","properties":{"vineyard_id":"T030_019","row_id":"T030_019-R13","row_structure":"regular","tile":"siret3_r030_c019.tif","length_m":36.94},"geometry":{"type":"LineString","coordinates":[[629988.98,5219686.39],[629964.8,5219658.47]]}},{"type":"Feature","properties":{"vineyard_id":"T030_019","row_id":"T030_019-R14","row_structure":"disrupted","tile":"siret3_r030_c019.tif","length_m":31.02},"geometry":{"type":"LineString","coordinates":[[629985.14,5219686.4],[629964.8,5219662.99]]}},{"type":"Feature","properties":{"vineyard_id":"T030_019","row_id":"T030_019-R15","row_structure":"disrupted","tile":"siret3_r030_c019.tif","length_m":25.5},"geometry":{"type":"LineString","coordinates":[[629981.45,5219686.4],[629964.8,5219667.09]]}},{"type":"Feature","properties":{"vineyard_id":"T030_019","row_id":"T030_019-R16","row_structure":"regular","tile":"siret3_r030_c019.tif","length_m":19.58},"geometry":{"type":"LineString","coordinates":[[629977.61,5219686.4],[629964.8,5219671.6]]}},{"type":"Feature","properties":{"vineyard_id":"T030_019","row_id":"T030_019-R17","row_structure":"regular","tile":"siret3_r030_c019.tif","length_m":14.57},"geometry":{"type":"LineString","coordinates":[[629974.49,5219686.4],[629964.81,5219675.51]]}},{"type":"Feature","properties":{"vineyard_id":"T030_019","row_id":"T030_019-R18","row_structure":"regular","tile":"siret3_r030_c019.tif","length_m":4.09},"geometry":{"type":"LineString","coordinates":[[629967.48,5219686.4],[629964.8,5219683.31]]}},{"type":"Feature","properties":{"vineyard_id":"T030_020","row_id":"T030_020-R02","row_structure":"regular","tile":"siret3_r030_c020.tif","length_m":10.91},"geometry":{"type":"LineString","coordinates":[[630063.97,5219686.4],[630067.17,5219675.97]]}},{"type":"Feature","properties":{"vineyard_id":"T030_020","row_id":"T030_020-R03","row_structure":"regular","tile":"siret3_r030_c020.tif","length_m":21.87},"geometry":{"type":"LineString","coordinates":[[630060.88,5219686.4],[630067.18,5219665.46]]}},{"type":"Feature","properties":{"vineyard_id":"T030_020","row_id":"T030_020-R04","row_structure":"regular","tile":"siret3_r030_c020.tif","length_m":42.57},"geometry":{"type":"LineString","coordinates":[[630054.72,5219686.4],[630067.18,5219645.69]]}},{"type":"Feature","properties":{"vineyard_id":"T030_020","row_id":"T030_020-R05","row_structure":"regular","tile":"siret3_r030_c020.tif","length_m":53.27},"geometry":{"type":"LineString","coordinates":[[630051.62,5219686.4],[630067.19,5219635.45]]}},{"type":"Feature","properties":{"vineyard_id":"T030_020","row_id":"T030_020-R06","row_structure":"regular","tile":"siret3_r030_c020.tif","length_m":53.5},"geometry":{"type":"LineString","coordinates":[[630048.38,5219686.4],[630064.0,5219635.23]]}},{"type":"Feature","properties":{"vineyard_id":"T030_020","row_id":"T030_020-R07","row_structure":"disrupted","tile":"siret3_r030_c020.tif","length_m":53.52},"geometry":{"type":"LineString","coordinates":[[630043.81,5219686.39],[630059.57,5219635.24]]}},{"type":"Feature","properties":{"vineyard_id":"T030_020","row_id":"T030_020-R08","row_structure":"disrupted","tile":"siret3_r030_c020.tif","length_m":53.52},"geometry":{"type":"LineString","coordinates":[[630042.13,5219686.4],[630057.78,5219635.21]]}},{"type":"Feature","properties":{"vineyard_id":"T030_020","row_id":"T030_020-R09","row_structure":"disrupted","tile":"siret3_r030_c020.tif","length_m":53.52},"geometry":{"type":"LineString","coordinates":[[630039.32,5219686.4],[630055.02,5219635.23]]}},{"type":"Feature","properties":{"vineyard_id":"T030_020","row_id":"T030_020-R10","row_structure":"disrupted","tile":"siret3_r030_c020.tif","length_m":53.54},"geometry":{"type":"LineString","coordinates":[[630036.94,5219686.4],[630052.68,5219635.22]]}},{"type":"Feature","properties":{"vineyard_id":"T030_020","row_id":"T030_020-R11","row_structure":"disrupted","tile":"siret3_r030_c020.tif","length_m":53.51},"geometry":{"type":"LineString","coordinates":[[630033.97,5219686.4],[630049.6,5219635.22]]}},{"type":"Feature","properties":{"vineyard_id":"T030_020","row_id":"T030_020-R12","row_structure":"disrupted","tile":"siret3_r030_c020.tif","length_m":53.52},"geometry":{"type":"LineString","coordinates":[[630030.96,5219686.4],[630046.61,5219635.22]]}},{"type":"Feature","properties":{"vineyard_id":"T030_020","row_id":"T030_020-R13","row_structure":"disrupted","tile":"siret3_r030_c020.tif","length_m":48.78},"geometry":{"type":"LineString","coordinates":[[630028.19,5219681.88],[630042.43,5219635.22]]}},{"type":"Feature","properties":{"vineyard_id":"T030_020","row_id":"T030_020-R14","row_structure":"regular","tile":"siret3_r030_c020.tif","length_m":45.73},"geometry":{"type":"LineString","coordinates":[[630026.16,5219678.96],[630039.49,5219635.22]]}},{"type":"Feature","properties":{"vineyard_id":"T030_020","row_id":"T030_020-R15","row_structure":"disrupted","tile":"siret3_r030_c020.tif","length_m":43.23},"geometry":{"type":"LineString","coordinates":[[630024.46,5219676.58],[630037.01,5219635.22]]}},{"type":"Feature","properties":{"vineyard_id":"T030_020","row_id":"T030_020-R16","row_structure":"regular","tile":"siret3_r030_c020.tif","length_m":40.62},"geometry":{"type":"LineString","coordinates":[[630022.58,5219674.07],[630034.45,5219635.22]]}},{"type":"Feature","properties":{"vineyard_id":"T030_020","row_id":"T030_020-R17","row_structure":"regular","tile":"siret3_r030_c020.tif","length_m":37.68},"geometry":{"type":"LineString","coordinates":[[630020.83,5219671.23],[630031.88,5219635.21]]}},{"type":"Feature","properties":{"vineyard_id":"T030_020","row_id":"T030_020-R18","row_structure":"regular","tile":"siret3_r030_c020.tif","length_m":34.82},"geometry":{"type":"LineString","coordinates":[[630019.23,5219668.52],[630029.41,5219635.22]]}},{"type":"Feature","properties":{"vineyard_id":"T030_020","row_id":"T030_020-R19","row_structure":"regular","tile":"siret3_r030_c020.tif","length_m":21.91},"geometry":{"type":"LineString","coordinates":[[630016.0,5219656.17],[630022.4,5219635.22]]}},{"type":"Feature","properties":{"vineyard_id":"T030_020","row_id":"T030_020-R20","row_structure":"disrupted","tile":"siret3_r030_c020.tif","length_m":11.92},"geometry":{"type":"LineString","coordinates":[[630016.0,5219646.64],[630019.4,5219635.22]]}},{"type":"Feature","properties":{"vineyard_id":"T030_020","row_id":"T030_020-R21","row_structure":"regular","tile":"siret3_r030_c020.tif","length_m":2.09},"geometry":{"type":"LineString","coordinates":[[630016.0,5219637.22],[630016.61,5219635.23]]}},{"type":"Feature","properties":{"vineyard_id":"T030_021","row_id":"T030_021-R01","row_structure":"regular","tile":"siret3_r030_c021.tif","length_m":24.38},"geometry":{"type":"LineString","coordinates":[[630118.39,5219636.15],[630094.02,5219635.22]]}},{"type":"Feature","properties":{"vineyard_id":"T030_021","row_id":"T030_021-R02","row_structure":"regular","tile":"siret3_r030_c021.tif","length_m":51.27},"geometry":{"type":"LineString","coordinates":[[630118.37,5219638.86],[630067.2,5219635.59]]}},{"type":"Feature","properties":{"vineyard_id":"T030_021","row_id":"T030_021-R03","row_structure":"disrupted","tile":"siret3_r030_c021.tif","length_m":51.29},"geometry":{"type":"LineString","coordinates":[[630118.39,5219641.29],[630067.2,5219638.07]]}},{"type":"Feature","properties":{"vineyard_id":"T030_021","row_id":"T030_021-R04","row_structure":"disrupted","tile":"siret3_r030_c021.tif","length_m":51.26},"geometry":{"type":"LineString","coordinates":[[630118.37,5219643.62],[630067.2,5219640.46]]}},{"type":"Feature","properties":{"vineyard_id":"T030_021","row_id":"T030_021-R05","row_structure":"regular","tile":"siret3_r030_c021.tif","length_m":44.83},"geometry":{"type":"LineString","coordinates":[[630111.94,5219647.48],[630067.2,5219644.66]]}},{"type":"Feature","properties":{"vineyard_id":"T030_021","row_id":"T030_021-R06","row_structure":"disrupted","tile":"siret3_r030_c021.tif","length_m":42.94},"geometry":{"type":"LineString","coordinates":[[630110.06,5219650.33],[630067.2,5219647.58]]}},{"type":"Feature","properties":{"vineyard_id":"T030_021","row_id":"T030_021-R07","row_structure":"disrupted","tile":"siret3_r030_c021.tif","length_m":41.17},"geometry":{"type":"LineString","coordinates":[[630108.3,5219652.71],[630067.21,5219650.18]]}},{"type":"Feature","properties":{"vineyard_id":"T030_021","row_id":"T030_021-R08","row_structure":"disrupted","tile":"siret3_r030_c021.tif","length_m":39.43},"geometry":{"type":"LineString","coordinates":[[630106.56,5219654.99],[630067.21,5219652.53]]}},{"type":"Feature","properties":{"vineyard_id":"T030_021","row_id":"T030_021-R09","row_structure":"disrupted","tile":"siret3_r030_c021.tif","length_m":37.4},"geometry":{"type":"LineString","coordinates":[[630104.53,5219657.68],[630067.21,5219655.33]]}},{"type":"Feature","properties":{"vineyard_id":"T030_021","row_id":"T030_021-R10","row_structure":"disrupted","tile":"siret3_r030_c021.tif","length_m":35.83},"geometry":{"type":"LineString","coordinates":[[630102.96,5219660.04],[630067.2,5219657.79]]}},{"type":"Feature","properties":{"vineyard_id":"T030_021","row_id":"T030_021-R11","row_structure":"disrupted","tile":"siret3_r030_c021.tif","length_m":51.3},"geometry":{"type":"LineString","coordinates":[[630118.39,5219669.19],[630067.2,5219665.82]]}},{"type":"Feature","properties":{"vineyard_id":"T030_021","row_id":"T030_021-R12","row_structure":"disrupted","tile":"siret3_r030_c021.tif","length_m":51.29},"geometry":{"type":"LineString","coordinates":[[630118.39,5219672.81],[630067.2,5219669.5]]}},{"type":"Feature","properties":{"vineyard_id":"T030_021","row_id":"T030_021-R13","row_structure":"disrupted","tile":"siret3_r030_c021.tif","length_m":51.29},"geometry":{"type":"LineString","coordinates":[[630118.39,5219677.97],[630067.2,5219674.71]]}},{"type":"Feature","properties":{"vineyard_id":"T030_021","row_id":"T030_021-R14","row_structure":"disrupted","tile":"siret3_r030_c021.tif","length_m":51.27},"geometry":{"type":"LineString","coordinates":[[630118.37,5219681.83],[630067.2,5219678.57]]}},{"type":"Feature","properties":{"vineyard_id":"T030_021","row_id":"T030_021-R15","row_structure":"disrupted","tile":"siret3_r030_c021.tif","length_m":51.27},"geometry":{"type":"LineString","coordinates":[[630118.37,5219685.03],[630067.2,5219681.78]]}},{"type":"Feature","properties":{"vineyard_id":"T030_023","row_id":"T030_023-R01","row_structure":"regular","tile":"siret3_r030_c023.tif","length_m":3.02},"geometry":{"type":"LineString","coordinates":[[630219.4,5219686.4],[630220.78,5219683.71]]}},{"type":"Feature","properties":{"vineyard_id":"T030_023","row_id":"T030_023-R02","row_structure":"regular","tile":"siret3_r030_c023.tif","length_m":9.65},"geometry":{"type":"LineString","coordinates":[[630216.15,5219686.4],[630220.79,5219677.94]]}},{"type":"Feature","properties":{"vineyard_id":"T030_023","row_id":"T030_023-R03","row_structure":"regular","tile":"siret3_r030_c023.tif","length_m":15.73},"geometry":{"type":"LineString","coordinates":[[630213.24,5219686.39],[630220.78,5219672.59]]}},{"type":"Feature","properties":{"vineyard_id":"T030_023","row_id":"T030_023-R04","row_structure":"regular","tile":"siret3_r030_c023.tif","length_m":21.95},"geometry":{"type":"LineString","coordinates":[[630210.11,5219686.4],[630220.78,5219667.22]]}},{"type":"Feature","properties":{"vineyard_id":"T030_023","row_id":"T030_023-R05","row_structure":"regular","tile":"siret3_r030_c023.tif","length_m":28.15},"geometry":{"type":"LineString","coordinates":[[630207.15,5219686.39],[630220.79,5219661.77]]}},{"type":"Feature","properties":{"vineyard_id":"T030_023","row_id":"T030_023-R06","row_structure":"regular","tile":"siret3_r030_c023.tif","length_m":34.5},"geometry":{"type":"LineString","coordinates":[[630204.01,5219686.39],[630220.77,5219656.24]]}},{"type":"Feature","properties":{"vineyard_id":"T030_023","row_id":"T030_023-R07","row_structure":"regular","tile":"siret3_r030_c023.tif","length_m":37.95},"geometry":{"type":"LineString","coordinates":[[630202.11,5219686.4],[630220.78,5219653.35]]}},{"type":"Feature","properties":{"vineyard_id":"T030_023","row_id":"T030_023-R08","row_structure":"regular","tile":"siret3_r030_c023.tif","length_m":58.47},"geometry":{"type":"LineString","coordinates":[[630186.94,5219686.39],[630215.26,5219635.23]]}},{"type":"Feature","properties":{"vineyard_id":"T030_023","row_id":"T030_023-R09","row_structure":"regular","tile":"siret3_r030_c023.tif","length_m":58.52},"geometry":{"type":"LineString","coordinates":[[630183.03,5219686.4],[630211.44,5219635.23]]}},{"type":"Feature","properties":{"vineyard_id":"T030_023","row_id":"T030_023-R10","row_structure":"regular","tile":"siret3_r030_c023.tif","length_m":58.49},"geometry":{"type":"LineString","coordinates":[[630180.42,5219686.4],[630208.75,5219635.22]]}},{"type":"Feature","properties":{"vineyard_id":"T030_023","row_id":"T030_023-R11","row_structure":"regular","tile":"siret3_r030_c023.tif","length_m":58.49},"geometry":{"type":"LineString","coordinates":[[630176.55,5219686.4],[630204.91,5219635.24]]}},{"type":"Feature","properties":{"vineyard_id":"T030_023","row_id":"T030_023-R12","row_structure":"disrupted","tile":"siret3_r030_c023.tif","length_m":21.05},"geometry":{"type":"LineString","coordinates":[[630169.6,5219653.74],[630179.62,5219635.23]]}},{"type":"Feature","properties":{"vineyard_id":"T030_023","row_id":"T030_023-R13","row_structure":"regular","tile":"siret3_r030_c023.tif","length_m":10.04},"geometry":{"type":"LineString","coordinates":[[630169.6,5219643.96],[630174.56,5219635.23]]}},{"type":"Feature","properties":{"vineyard_id":"T030_023","row_id":"T030_023-R14","row_structure":"regular","tile":"siret3_r030_c023.tif","length_m":5.09},"geometry":{"type":"LineString","coordinates":[[630169.6,5219639.66],[630172.07,5219635.22]]}},{"type":"Feature","properties":{"vineyard_id":"T030_024","row_id":"T030_024-R01","row_structure":"regular","tile":"siret3_r030_c024.tif","length_m":58.77},"geometry":{"type":"LineString","coordinates":[[630236.23,5219686.4],[630265.12,5219635.22]]}},{"type":"Feature","properties":{"vineyard_id":"T030_024","row_id":"T030_024-R02","row_structure":"regular","tile":"siret3_r030_c024.tif","length_m":58.77},"geometry":{"type":"LineString","coordinates":[[630232.82,5219686.4],[630261.7,5219635.21]]}},{"type":"Feature","properties":{"vineyard_id":"T030_024","row_id":"T030_024-R03","row_structure":"regular","tile":"siret3_r030_c024.tif","length_m":58.7},"geometry":{"type":"LineString","coordinates":[[630229.39,5219686.4],[630258.14,5219635.22]]}},{"type":"Feature","properties":{"vineyard_id":"T030_024","row_id":"T030_024-R04","row_structure":"regular","tile":"siret3_r030_c024.tif","length_m":58.7},"geometry":{"type":"LineString","coordinates":[[630225.98,5219686.4],[630254.74,5219635.23]]}},{"type":"Feature","properties":{"vineyard_id":"T030_024","row_id":"T030_024-R05","row_structure":"regular","tile":"siret3_r030_c024.tif","length_m":58.7},"geometry":{"type":"LineString","coordinates":[[630222.77,5219686.39],[630251.52,5219635.22]]}},{"type":"Feature","properties":{"vineyard_id":"T030_024","row_id":"T030_024-R06","row_structure":"regular","tile":"siret3_r030_c024.tif","length_m":55.93},"geometry":{"type":"LineString","coordinates":[[630220.8,5219683.97],[630248.22,5219635.23]]}},{"type":"Feature","properties":{"vineyard_id":"T030_024","row_id":"T030_024-R07","row_structure":"regular","tile":"siret3_r030_c024.tif","length_m":48.97},"geometry":{"type":"LineString","coordinates":[[630220.8,5219677.85],[630244.88,5219635.21]]}},{"type":"Feature","properties":{"vineyard_id":"T030_024","row_id":"T030_024-R08","row_structure":"regular","tile":"siret3_r030_c024.tif","length_m":42.47},"geometry":{"type":"LineString","coordinates":[[630220.8,5219672.25],[630241.61,5219635.23]]}},{"type":"Feature","properties":{"vineyard_id":"T030_024","row_id":"T030_024-R09","row_structure":"regular","tile":"siret3_r030_c024.tif","length_m":36.0},"geometry":{"type":"LineString","coordinates":[[630220.8,5219666.57],[630238.5,5219635.23]]}},{"type":"Feature","properties":{"vineyard_id":"T030_024","row_id":"T030_024-R10","row_structure":"regular","tile":"siret3_r030_c024.tif","length_m":21.7},"geometry":{"type":"LineString","coordinates":[[630220.8,5219653.92],[630231.82,5219635.23]]}},{"type":"Feature","properties":{"vineyard_id":"T030_025","row_id":"T030_025-R01","row_structure":"regular","tile":"siret3_r030_c025.tif","length_m":14.18},"geometry":{"type":"LineString","coordinates":[[630318.91,5219636.04],[630304.76,5219635.23]]}},{"type":"Feature","properties":{"vineyard_id":"T030_025","row_id":"T030_025-R02","row_structure":"disrupted","tile":"siret3_r030_c025.tif","length_m":35.13},"geometry":{"type":"LineString","coordinates":[[630317.71,5219639.34],[630282.72,5219636.23]]}},{"type":"Feature","properties":{"vineyard_id":"T030_025","row_id":"T030_025-R03","row_structure":"disrupted","tile":"siret3_r030_c025.tif","length_m":30.9},"geometry":{"type":"LineString","coordinates":[[630316.93,5219642.23],[630286.12,5219639.8]]}},{"type":"Feature","properties":{"vineyard_id":"T030_025","row_id":"T030_025-R04","row_structure":"disrupted","tile":"siret3_r030_c025.tif","length_m":27.9},"geometry":{"type":"LineString","coordinates":[[630316.18,5219645.16],[630288.39,5219642.72]]}},{"type":"Feature","properties":{"vineyard_id":"T030_025","row_id":"T030_025-R05","row_structure":"disrupted","tile":"siret3_r030_c025.tif","length_m":23.02},"geometry":{"type":"LineString","coordinates":[[630315.13,5219647.9],[630292.18,5219646.06]]}},{"type":"Feature","properties":{"vineyard_id":"T030_025","row_id":"T030_025-R06","row_structure":"regular","tile":"siret3_r030_c025.tif","length_m":15.18},"geometry":{"type":"LineString","coordinates":[[630314.45,5219650.67],[630299.32,5219649.42]]}},{"type":"Feature","properties":{"vineyard_id":"T030_025","row_id":"T030_025-R07","row_structure":"regular","tile":"siret3_r030_c025.tif","length_m":10.6},"geometry":{"type":"LineString","coordinates":[[630313.82,5219660.8],[630303.25,5219659.99]]}},{"type":"Feature","properties":{"vineyard_id":"T030_025","row_id":"T030_025-R08","row_structure":"regular","tile":"siret3_r030_c025.tif","length_m":12.45},"geometry":{"type":"LineString","coordinates":[[630314.29,5219664.48],[630301.89,5219663.46]]}},{"type":"Feature","properties":{"vineyard_id":"T030_025","row_id":"T030_025-R09","row_structure":"regular","tile":"siret3_r030_c025.tif","length_m":14.95},"geometry":{"type":"LineString","coordinates":[[630316.63,5219668.41],[630301.72,5219667.29]]}},{"type":"Feature","properties":{"vineyard_id":"T030_025","row_id":"T030_025-R10","row_structure":"disrupted","tile":"siret3_r030_c025.tif","length_m":23.05},"geometry":{"type":"LineString","coordinates":[[630323.19,5219671.91],[630300.22,5219669.93]]}},{"type":"Feature","properties":{"vineyard_id":"T030_025","row_id":"T030_025-R11","row_structure":"regular","tile":"siret3_r030_c025.tif","length_m":24.5},"geometry":{"type":"LineString","coordinates":[[630323.17,5219675.21],[630298.76,5219673.12]]}},{"type":"Feature","properties":{"vineyard_id":"T030_025","row_id":"T030_025-R12","row_structure":"disrupted","tile":"siret3_r030_c025.tif","length_m":25.98},"geometry":{"type":"LineString","coordinates":[[630323.17,5219678.61],[630297.28,5219676.47]]}},{"type":"Feature","properties":{"vineyard_id":"T030_025","row_id":"T030_025-R13","row_structure":"disrupted","tile":"siret3_r030_c025.tif","length_m":17.85},"geometry":{"type":"LineString","coordinates":[[630313.16,5219682.52],[630295.37,5219681.1]]}},{"type":"Feature","properties":{"vineyard_id":"T030_025","row_id":"T030_025-R14","row_structure":"regular","tile":"siret3_r030_c025.tif","length_m":14.73},"geometry":{"type":"LineString","coordinates":[[630310.07,5219685.65],[630295.37,5219684.71]]}},{"type":"Feature","properties":{"vineyard_id":"T030_028","row_id":"T030_028-R01","row_structure":"disrupted","tile":"siret3_r030_c028.tif","length_m":41.68},"geometry":{"type":"LineString","coordinates":[[630466.66,5219643.2],[630425.61,5219636.0]]}},{"type":"Feature","properties":{"vineyard_id":"T030_028","row_id":"T030_028-R02","row_structure":"disrupted","tile":"siret3_r030_c028.tif","length_m":36.15},"geometry":{"type":"LineString","coordinates":[[630466.09,5219644.89],[630430.49,5219638.59]]}},{"type":"Feature","properties":{"vineyard_id":"T030_028","row_id":"T030_028-R03","row_structure":"disrupted","tile":"siret3_r030_c028.tif","length_m":40.5},"geometry":{"type":"LineString","coordinates":[[630465.53,5219647.12],[630425.6,5219640.33]]}},{"type":"Feature","properties":{"vineyard_id":"T030_028","row_id":"T030_028-R04","row_structure":"disrupted","tile":"siret3_r030_c028.tif","length_m":47.35},"geometry":{"type":"LineString","coordinates":[[630472.27,5219649.93],[630425.61,5219641.88]]}},{"type":"Feature","properties":{"vineyard_id":"T030_028","row_id":"T030_028-R05","row_structure":"disrupted","tile":"siret3_r030_c028.tif","length_m":46.44},"geometry":{"type":"LineString","coordinates":[[630471.36,5219652.73],[630425.6,5219644.78]]}},{"type":"Feature","properties":{"vineyard_id":"T030_028","row_id":"T030_028-R06","row_structure":"disrupted","tile":"siret3_r030_c028.tif","length_m":47.27},"geometry":{"type":"LineString","coordinates":[[630476.77,5219655.6],[630430.19,5219647.55]]}},{"type":"Feature","properties":{"vineyard_id":"T030_028","row_id":"T030_028-R07","row_structure":"regular","tile":"siret3_r030_c028.tif","length_m":32.25},"geometry":{"type":"LineString","coordinates":[[630476.77,5219656.96],[630444.96,5219651.64]]}},{"type":"Feature","properties":{"vineyard_id":"T030_028","row_id":"T030_028-R08","row_structure":"regular","tile":"siret3_r030_c028.tif","length_m":28.3},"geometry":{"type":"LineString","coordinates":[[630476.77,5219659.85],[630448.9,5219654.93]]}},{"type":"Feature","properties":{"vineyard_id":"T030_028","row_id":"T030_028-R09","row_structure":"regular","tile":"siret3_r030_c028.tif","length_m":30.07},"geometry":{"type":"LineString","coordinates":[[630476.77,5219661.62],[630447.13,5219656.53]]}},{"type":"Feature","properties":{"vineyard_id":"T030_028","row_id":"T030_028-R10","row_structure":"disrupted","tile":"siret3_r030_c028.tif","length_m":34.95},"geometry":{"type":"LineString","coordinates":[[630476.78,5219663.03],[630442.32,5219657.21]]}},{"type":"Feature","properties":{"vineyard_id":"T030_028","row_id":"T030_028-R11","row_structure":"regular","tile":"siret3_r030_c028.tif","length_m":12.17},"geometry":{"type":"LineString","coordinates":[[630451.87,5219661.11],[630439.86,5219659.11]]}},{"type":"Feature","properties":{"vineyard_id":"T030_029","row_id":"T030_029-R01","row_structure":"regular","tile":"siret3_r030_c029.tif","length_m":53.04},"geometry":{"type":"LineString","coordinates":[[630527.99,5219675.33],[630476.8,5219661.42]]}},{"type":"Feature","properties":{"vineyard_id":"T030_029","row_id":"T030_029-R02","row_structure":"disrupted","tile":"siret3_r030_c029.tif","length_m":40.67},"geometry":{"type":"LineString","coordinates":[[630527.96,5219678.56],[630488.78,5219667.66]]}},{"type":"Feature","properties":{"vineyard_id":"T030_029","row_id":"T030_029-R03","row_structure":"disrupted","tile":"siret3_r030_c029.tif","length_m":42.42},"geometry":{"type":"LineString","coordinates":[[630527.97,5219681.29],[630487.01,5219670.24]]}},{"type":"Feature","properties":{"vineyard_id":"T030_029","row_id":"T030_029-R04","row_structure":"disrupted","tile":"siret3_r030_c029.tif","length_m":43.45},"geometry":{"type":"LineString","coordinates":[[630527.97,5219684.47],[630486.08,5219672.9]]}},{"type":"Feature","properties":{"vineyard_id":"T030_029","row_id":"T030_029-R05","row_structure":"disrupted","tile":"siret3_r030_c029.tif","length_m":34.73},"geometry":{"type":"LineString","coordinates":[[630517.83,5219686.4],[630484.28,5219677.43]]}},{"type":"Feature","properties":{"vineyard_id":"T030_029","row_id":"T030_029-R06","row_structure":"disrupted","tile":"siret3_r030_c029.tif","length_m":22.56},"geometry":{"type":"LineString","coordinates":[[630504.73,5219686.4],[630482.98,5219680.4]]}},{"type":"Feature","properties":{"vineyard_id":"T030_029","row_id":"T030_029-R07","row_structure":"regular","tile":"siret3_r030_c029.tif","length_m":14.52},"geometry":{"type":"LineString","coordinates":[[630495.67,5219686.4],[630481.66,5219682.61]]}},{"type":"Feature","properties":{"vineyard_id":"T030_031","row_id":"T030_031-R01","row_structure":"regular","tile":"siret3_r030_c031.tif","length_m":6.1},"geometry":{"type":"LineString","coordinates":[[630630.39,5219635.69],[630624.31,5219635.22]]}},{"type":"Feature","properties":{"vineyard_id":"T030_031","row_id":"T030_031-R02","row_structure":"regular","tile":"siret3_r030_c031.tif","length_m":37.4},"geometry":{"type":"LineString","coordinates":[[630630.38,5219638.06],[630593.09,5219635.21]]}},{"type":"Feature","properties":{"vineyard_id":"T030_031","row_id":"T030_031-R03","row_structure":"regular","tile":"siret3_r030_c031.tif","length_m":37.15},"geometry":{"type":"LineString","coordinates":[[630630.37,5219640.09],[630593.33,5219637.18]]}},{"type":"Feature","properties":{"vineyard_id":"T030_031","row_id":"T030_031-R04","row_structure":"regular","tile":"siret3_r030_c031.tif","length_m":38.17},"geometry":{"type":"LineString","coordinates":[[630630.39,5219643.99],[630592.33,5219641.04]]}},{"type":"Feature","properties":{"vineyard_id":"T030_031","row_id":"T030_031-R05","row_structure":"regular","tile":"siret3_r030_c031.tif","length_m":39.05},"geometry":{"type":"LineString","coordinates":[[630630.37,5219647.01],[630591.44,5219643.95]]}},{"type":"Feature","properties":{"vineyard_id":"T030_031","row_id":"T030_031-R06","row_structure":"regular","tile":"siret3_r030_c031.tif","length_m":39.35},"geometry":{"type":"LineString","coordinates":[[630630.38,5219648.57],[630591.15,5219645.48]]}},{"type":"Feature","properties":{"vineyard_id":"T030_031","row_id":"T030_031-R07","row_structure":"disrupted","tile":"siret3_r030_c031.tif","length_m":47.22},"geometry":{"type":"LineString","coordinates":[[630626.28,5219651.62],[630579.2,5219647.98]]}},{"type":"Feature","properties":{"vineyard_id":"T030_031","row_id":"T030_031-R08","row_structure":"disrupted","tile":"siret3_r030_c031.tif","length_m":46.63},"geometry":{"type":"LineString","coordinates":[[630625.68,5219654.04],[630579.2,5219650.39]]}},{"type":"Feature","properties":{"vineyard_id":"T030_031","row_id":"T030_031-R09","row_structure":"disrupted","tile":"siret3_r030_c031.tif","length_m":45.84},"geometry":{"type":"LineString","coordinates":[[630624.9,5219656.72],[630579.2,5219653.08]]}},{"type":"Feature","properties":{"vineyard_id":"T030_031","row_id":"T030_031-R10","row_structure":"disrupted","tile":"siret3_r030_c031.tif","length_m":45.51},"geometry":{"type":"LineString","coordinates":[[630624.58,5219658.17],[630579.2,5219654.67]]}},{"type":"Feature","properties":{"vineyard_id":"T030_031","row_id":"T030_031-R11","row_structure":"disrupted","tile":"siret3_r030_c031.tif","length_m":44.17},"geometry":{"type":"LineString","coordinates":[[630623.23,5219661.94],[630579.2,5219658.39]]}},{"type":"Feature","properties":{"vineyard_id":"T030_031","row_id":"T030_031-R12","row_structure":"regular","tile":"siret3_r030_c031.tif","length_m":35.9},"geometry":{"type":"LineString","coordinates":[[630622.4,5219664.22],[630586.61,5219661.46]]}},{"type":"Feature","properties":{"vineyard_id":"T030_031","row_id":"T030_031-R13","row_structure":"disrupted","tile":"siret3_r030_c031.tif","length_m":35.98},"geometry":{"type":"LineString","coordinates":[[630621.94,5219666.51],[630586.08,5219663.72]]}},{"type":"Feature","properties":{"vineyard_id":"T030_031","row_id":"T030_031-R14","row_structure":"regular","tile":"siret3_r030_c031.tif","length_m":35.6},"geometry":{"type":"LineString","coordinates":[[630620.54,5219670.06],[630585.04,5219667.31]]}},{"type":"Feature","properties":{"vineyard_id":"T030_031","row_id":"T030_031-R15","row_structure":"regular","tile":"siret3_r030_c031.tif","length_m":35.78},"geometry":{"type":"LineString","coordinates":[[630620.06,5219672.26],[630584.39,5219669.48]]}},{"type":"Feature","properties":{"vineyard_id":"T030_031","row_id":"T030_031-R16","row_structure":"regular","tile":"siret3_r030_c031.tif","length_m":35.4},"geometry":{"type":"LineString","coordinates":[[630619.29,5219674.14],[630583.99,5219671.46]]}},{"type":"Feature","properties":{"vineyard_id":"T030_031","row_id":"T030_031-R17","row_structure":"regular","tile":"siret3_r030_c031.tif","length_m":35.25},"geometry":{"type":"LineString","coordinates":[[630618.51,5219676.1],[630583.37,5219673.3]]}},{"type":"Feature","properties":{"vineyard_id":"T030_031","row_id":"T030_031-R18","row_structure":"disrupted","tile":"siret3_r030_c031.tif","length_m":38.49},"geometry":{"type":"LineString","coordinates":[[630617.57,5219678.11],[630579.2,5219675.05]]}},{"type":"Feature","properties":{"vineyard_id":"T030_031","row_id":"T030_031-R19","row_structure":"disrupted","tile":"siret3_r030_c031.tif","length_m":38.21},"geometry":{"type":"LineString","coordinates":[[630617.3,5219680.88],[630579.2,5219677.93]]}},{"type":"Feature","properties":{"vineyard_id":"T030_031","row_id":"T030_031-R20","row_structure":"regular","tile":"siret3_r030_c031.tif","length_m":37.04},"geometry":{"type":"LineString","coordinates":[[630616.12,5219683.09],[630579.2,5219680.14]]}},{"type":"Feature","properties":{"vineyard_id":"T030_031","row_id":"T030_031-R21","row_structure":"disrupted","tile":"siret3_r030_c031.tif","length_m":37.51},"geometry":{"type":"LineString","coordinates":[[630616.6,5219686.4],[630579.2,5219683.57]]}},{"type":"Feature","properties":{"vineyard_id":"T031_019","row_id":"T031_019-R01","row_structure":"regular","tile":"siret3_r031_c019.tif","length_m":4.48},"geometry":{"type":"LineString","coordinates":[[630015.98,5219587.42],[630013.07,5219584.02]]}},{"type":"Feature","properties":{"vineyard_id":"T031_019","row_id":"T031_019-R02","row_structure":"regular","tile":"siret3_r031_c019.tif","length_m":10.2},"geometry":{"type":"LineString","coordinates":[[630015.98,5219591.74],[630009.3,5219584.03]]}},{"type":"Feature","properties":{"vineyard_id":"T031_019","row_id":"T031_019-R03","row_structure":"regular","tile":"siret3_r031_c019.tif","length_m":15.7},"geometry":{"type":"LineString","coordinates":[[630015.98,5219595.97],[630005.79,5219584.03]]}},{"type":"Feature","properties":{"vineyard_id":"T031_019","row_id":"T031_019-R04","row_structure":"regular","tile":"siret3_r031_c019.tif","length_m":20.45},"geometry":{"type":"LineString","coordinates":[[630015.98,5219599.66],[630002.79,5219584.03]]}},{"type":"Feature","properties":{"vineyard_id":"T031_019","row_id":"T031_019-R05","row_structure":"regular","tile":"siret3_r031_c019.tif","length_m":25.55},"geometry":{"type":"LineString","coordinates":[[630015.98,5219603.47],[629999.42,5219584.02]]}},{"type":"Feature","properties":{"vineyard_id":"T031_019","row_id":"T031_019-R06","row_structure":"disrupted","tile":"siret3_r031_c019.tif","length_m":31.1},"geometry":{"type":"LineString","coordinates":[[630015.99,5219607.64],[629995.75,5219584.02]]}},{"type":"Feature","properties":{"vineyard_id":"T031_019","row_id":"T031_019-R07","row_structure":"disrupted","tile":"siret3_r031_c019.tif","length_m":36.7},"geometry":{"type":"LineString","coordinates":[[630015.98,5219611.92],[629992.14,5219584.02]]}},{"type":"Feature","properties":{"vineyard_id":"T031_019","row_id":"T031_019-R08","row_structure":"disrupted","tile":"siret3_r031_c019.tif","length_m":41.55},"geometry":{"type":"LineString","coordinates":[[630015.99,5219615.53],[629988.9,5219584.02]]}},{"type":"Feature","properties":{"vineyard_id":"T031_019","row_id":"T031_019-R09","row_structure":"regular","tile":"siret3_r031_c019.tif","length_m":47.92},"geometry":{"type":"LineString","coordinates":[[630015.97,5219620.58],[629984.98,5219584.02]]}},{"type":"Feature","properties":{"vineyard_id":"T031_019","row_id":"T031_019-R10","row_structure":"regular","tile":"siret3_r031_c019.tif","length_m":53.12},"geometry":{"type":"LineString","coordinates":[[630015.97,5219624.45],[629981.51,5219584.03]]}},{"type":"Feature","properties":{"vineyard_id":"T031_019","row_id":"T031_019-R11","row_structure":"regular","tile":"siret3_r031_c019.tif","length_m":58.43},"geometry":{"type":"LineString","coordinates":[[630015.98,5219628.49],[629978.08,5219584.03]]}},{"type":"Feature","properties":{"vineyard_id":"T031_019","row_id":"T031_019-R12","row_structure":"regular","tile":"siret3_r031_c019.tif","length_m":64.25},"geometry":{"type":"LineString","coordinates":[[630015.99,5219632.85],[629974.24,5219584.02]]}},{"type":"Feature","properties":{"vineyard_id":"T031_019","row_id":"T031_019-R13","row_structure":"disrupted","tile":"siret3_r031_c019.tif","length_m":62.77},"geometry":{"type":"LineString","coordinates":[[630014.83,5219635.19],[629974.07,5219587.45]]}},{"type":"Feature","properties":{"vineyard_id":"T031_019","row_id":"T031_019-R14","row_structure":"disrupted","tile":"siret3_r031_c019.tif","length_m":55.8},"geometry":{"type":"LineString","coordinates":[[630008.3,5219631.53],[629972.13,5219589.04]]}},{"type":"Feature","properties":{"vineyard_id":"T031_019","row_id":"T031_019-R15","row_structure":"regular","tile":"siret3_r031_c019.tif","length_m":57.65},"geometry":{"type":"LineString","coordinates":[[630008.04,5219635.2],[629970.6,5219591.37]]}},{"type":"Feature","properties":{"vineyard_id":"T031_019","row_id":"T031_019-R16","row_structure":"regular","tile":"siret3_r031_c019.tif","length_m":55.56},"geometry":{"type":"LineString","coordinates":[[630004.67,5219635.2],[629968.56,5219592.98]]}},{"type":"Feature","properties":{"vineyard_id":"T031_019","row_id":"T031_019-R17","row_structure":"regular","tile":"siret3_r031_c019.tif","length_m":56.15},"geometry":{"type":"LineString","coordinates":[[630001.15,5219635.2],[629964.8,5219592.41]]}},{"type":"Feature","properties":{"vineyard_id":"T031_019","row_id":"T031_019-R18","row_structure":"regular","tile":"siret3_r031_c019.tif","length_m":50.81},"geometry":{"type":"LineString","coordinates":[[629997.9,5219635.2],[629964.81,5219596.64]]}},{"type":"Feature","properties":{"vineyard_id":"T031_019","row_id":"T031_019-R19","row_structure":"disrupted","tile":"siret3_r031_c019.tif","length_m":47.68},"geometry":{"type":"LineString","coordinates":[[629995.84,5219635.2],[629964.8,5219599.01]]}},{"type":"Feature","properties":{"vineyard_id":"T031_019","row_id":"T031_019-R20","row_structure":"regular","tile":"siret3_r031_c019.tif","length_m":42.97},"geometry":{"type":"LineString","coordinates":[[629992.58,5219635.19],[629964.8,5219602.41]]}},{"type":"Feature","properties":{"vineyard_id":"T031_019","row_id":"T031_019-R21","row_structure":"regular","tile":"siret3_r031_c019.tif","length_m":37.61},"geometry":{"type":"LineString","coordinates":[[629989.22,5219635.2],[629964.8,5219606.59]]}},{"type":"Feature","properties":{"vineyard_id":"T031_019","row_id":"T031_019-R22","row_structure":"regular","tile":"siret3_r031_c019.tif","length_m":27.55},"geometry":{"type":"LineString","coordinates":[[629982.65,5219635.2],[629964.8,5219614.2]]}},{"type":"Feature","properties":{"vineyard_id":"T031_019","row_id":"T031_019-R23","row_structure":"regular","tile":"siret3_r031_c019.tif","length_m":21.95},"geometry":{"type":"LineString","coordinates":[[629978.9,5219635.2],[629964.8,5219618.38]]}},{"type":"Feature","properties":{"vineyard_id":"T031_019","row_id":"T031_019-R24","row_structure":"regular","tile":"siret3_r031_c019.tif","length_m":16.28},"geometry":{"type":"LineString","coordinates":[[629975.43,5219635.2],[629964.8,5219622.87]]}},{"type":"Feature","properties":{"vineyard_id":"T031_019","row_id":"T031_019-R25","row_structure":"regular","tile":"siret3_r031_c019.tif","length_m":10.49},"geometry":{"type":"LineString","coordinates":[[629971.61,5219635.2],[629964.8,5219627.23]]}},{"type":"Feature","properties":{"vineyard_id":"T031_019","row_id":"T031_019-R26","row_structure":"regular","tile":"siret3_r031_c019.tif","length_m":5.87},"geometry":{"type":"LineString","coordinates":[[629968.55,5219635.2],[629964.8,5219630.68]]}},{"type":"Feature","properties":{"vineyard_id":"T031_020","row_id":"T031_020-R02","row_structure":"regular","tile":"siret3_r031_c020.tif","length_m":5.28},"geometry":{"type":"LineString","coordinates":[[630067.19,5219588.11],[630063.85,5219584.03]]}},{"type":"Feature","properties":{"vineyard_id":"T031_020","row_id":"T031_020-R03","row_structure":"regular","tile":"siret3_r031_c020.tif","length_m":10.2},"geometry":{"type":"LineString","coordinates":[[630067.18,5219592.03],[630060.86,5219584.02]]}},{"type":"Feature","properties":{"vineyard_id":"T031_020","row_id":"T031_020-R04","row_structure":"disrupted","tile":"siret3_r031_c020.tif","length_m":15.6},"geometry":{"type":"LineString","coordinates":[[630067.18,5219596.12],[630057.34,5219584.02]]}},{"type":"Feature","properties":{"vineyard_id":"T031_020","row_id":"T031_020-R05","row_structure":"disrupted","tile":"siret3_r031_c020.tif","length_m":19.62},"geometry":{"type":"LineString","coordinates":[[630067.18,5219599.13],[630054.65,5219584.03]]}},{"type":"Feature","properties":{"vineyard_id":"T031_020","row_id":"T031_020-R06","row_structure":"disrupted","tile":"siret3_r031_c020.tif","length_m":24.35},"geometry":{"type":"LineString","coordinates":[[630067.16,5219602.76],[630051.62,5219584.02]]}},{"type":"Feature","properties":{"vineyard_id":"T031_020","row_id":"T031_020-R07","row_structure":"disrupted","tile":"siret3_r031_c020.tif","length_m":29.47},"geometry":{"type":"LineString","coordinates":[[630067.17,5219606.83],[630048.5,5219584.02]]}},{"type":"Feature","properties":{"vineyard_id":"T031_020","row_id":"T031_020-R08","row_structure":"disrupted","tile":"siret3_r031_c020.tif","length_m":34.63},"geometry":{"type":"LineString","coordinates":[[630067.17,5219610.7],[630045.12,5219584.01]]}},{"type":"Feature","properties":{"vineyard_id":"T031_020","row_id":"T031_020-R09","row_structure":"disrupted","tile":"siret3_r031_c020.tif","length_m":40.81},"geometry":{"type":"LineString","coordinates":[[630067.18,5219616.06],[630041.89,5219584.04]]}},{"type":"Feature","properties":{"vineyard_id":"T031_020","row_id":"T031_020-R10","row_structure":"disrupted","tile":"siret3_r031_c020.tif","length_m":45.37},"geometry":{"type":"LineString","coordinates":[[630067.18,5219619.35],[630038.7,5219584.03]]}},{"type":"Feature","properties":{"vineyard_id":"T031_020","row_id":"T031_020-R11","row_structure":"disrupted","tile":"siret3_r031_c020.tif","length_m":48.92},"geometry":{"type":"LineString","coordinates":[[630067.18,5219621.88],[630036.19,5219584.02]]}},{"type":"Feature","properties":{"vineyard_id":"T031_020","row_id":"T031_020-R12","row_structure":"disrupted","tile":"siret3_r031_c020.tif","length_m":46.05},"geometry":{"type":"LineString","coordinates":[[630067.19,5219624.55],[630037.94,5219588.98]]}},{"type":"Feature","properties":{"vineyard_id":"T031_020","row_id":"T031_020-R13","row_structure":"regular","tile":"siret3_r031_c020.tif","length_m":60.12},"geometry":{"type":"LineString","coordinates":[[630067.19,5219630.55],[630029.11,5219584.03]]}},{"type":"Feature","properties":{"vineyard_id":"T031_020","row_id":"T031_020-R14","row_structure":"regular","tile":"siret3_r031_c020.tif","length_m":64.98},"geometry":{"type":"LineString","coordinates":[[630067.19,5219634.34],[630026.07,5219584.03]]}},{"type":"Feature","properties":{"vineyard_id":"T031_020","row_id":"T031_020-R15","row_structure":"disrupted","tile":"siret3_r031_c020.tif","length_m":66.08},"geometry":{"type":"LineString","coordinates":[[630065.43,5219635.2],[630023.64,5219584.02]]}},{"type":"Feature","properties":{"vineyard_id":"T031_020","row_id":"T031_020-R16","row_structure":"disrupted","tile":"siret3_r031_c020.tif","length_m":66.15},"geometry":{"type":"LineString","coordinates":[[630063.13,5219635.2],[630021.21,5219584.03]]}},{"type":"Feature","properties":{"vineyard_id":"T031_020","row_id":"T031_020-R17","row_structure":"disrupted","tile":"siret3_r031_c020.tif","length_m":66.17},"geometry":{"type":"LineString","coordinates":[[630058.67,5219635.2],[630016.72,5219584.02]]}},{"type":"Feature","properties":{"vineyard_id":"T031_020","row_id":"T031_020-R18","row_structure":"disrupted","tile":"siret3_r031_c020.tif","length_m":64.54},"geometry":{"type":"LineString","coordinates":[[630056.89,5219635.2],[630016.0,5219585.26]]}},{"type":"Feature","properties":{"vineyard_id":"T031_020","row_id":"T031_020-R19","row_structure":"disrupted","tile":"siret3_r031_c020.tif","length_m":59.28},"geometry":{"type":"LineString","coordinates":[[630053.6,5219635.2],[630016.0,5219589.37]]}},{"type":"Feature","properties":{"vineyard_id":"T031_020","row_id":"T031_020-R20","row_structure":"disrupted","tile":"siret3_r031_c020.tif","length_m":52.69},"geometry":{"type":"LineString","coordinates":[[630049.43,5219635.2],[630016.0,5219594.48]]}},{"type":"Feature","properties":{"vineyard_id":"T031_020","row_id":"T031_020-R21","row_structure":"disrupted","tile":"siret3_r031_c020.tif","length_m":49.51},"geometry":{"type":"LineString","coordinates":[[630047.26,5219635.2],[630016.0,5219596.81]]}},{"type":"Feature","properties":{"vineyard_id":"T031_020","row_id":"T031_020-R22","row_structure":"disrupted","tile":"siret3_r031_c020.tif","length_m":41.02},"geometry":{"type":"LineString","coordinates":[[630042.04,5219635.2],[630016.0,5219603.5]]}},{"type":"Feature","properties":{"vineyard_id":"T031_020","row_id":"T031_020-R23","row_structure":"disrupted","tile":"siret3_r031_c020.tif","length_m":38.45},"geometry":{"type":"LineString","coordinates":[[630040.4,5219635.2],[630016.01,5219605.48]]}},{"type":"Feature","properties":{"vineyard_id":"T031_020","row_id":"T031_020-R24","row_structure":"disrupted","tile":"siret3_r031_c020.tif","length_m":30.57},"geometry":{"type":"LineString","coordinates":[[630035.62,5219635.2],[630016.01,5219611.75]]}},{"type":"Feature","properties":{"vineyard_id":"T031_020","row_id":"T031_020-R25","row_structure":"disrupted","tile":"siret3_r031_c020.tif","length_m":26.73},"geometry":{"type":"LineString","coordinates":[[630032.8,5219635.2],[630016.0,5219614.42]]}},{"type":"Feature","properties":{"vineyard_id":"T031_020","row_id":"T031_020-R26","row_structure":"disrupted","tile":"siret3_r031_c020.tif","length_m":22.02},"geometry":{"type":"LineString","coordinates":[[630030.2,5219635.2],[630016.0,5219618.37]]}},{"type":"Feature","properties":{"vineyard_id":"T031_020","row_id":"T031_020-R27","row_structure":"disrupted","tile":"siret3_r031_c020.tif","length_m":17.96},"geometry":{"type":"LineString","coordinates":[[630027.31,5219635.19],[630016.0,5219621.24]]}},{"type":"Feature","properties":{"vineyard_id":"T031_020","row_id":"T031_020-R28","row_structure":"regular","tile":"siret3_r031_c020.tif","length_m":13.55},"geometry":{"type":"LineString","coordinates":[[630024.63,5219635.2],[630016.0,5219624.76]]}},{"type":"Feature","properties":{"vineyard_id":"T031_020","row_id":"T031_020-R29","row_structure":"regular","tile":"siret3_r031_c020.tif","length_m":7.92},"geometry":{"type":"LineString","coordinates":[[630021.14,5219635.2],[630016.0,5219629.18]]}},{"type":"Feature","properties":{"vineyard_id":"T031_021","row_id":"T031_021-R02","row_structure":"regular","tile":"siret3_r031_c021.tif","length_m":15.79},"geometry":{"type":"LineString","coordinates":[[630103.02,5219635.2],[630118.38,5219631.55]]}},{"type":"Feature","properties":{"vineyard_id":"T031_021","row_id":"T031_021-R03","row_structure":"regular","tile":"siret3_r031_c021.tif","length_m":29.58},"geometry":{"type":"LineString","coordinates":[[630089.64,5219635.2],[630118.38,5219628.21]]}},{"type":"Feature","properties":{"vineyard_id":"T031_021","row_id":"T031_021-R04","row_structure":"regular","tile":"siret3_r031_c021.tif","length_m":42.09},"geometry":{"type":"LineString","coordinates":[[630077.5,5219635.2],[630118.38,5219625.19]]}},{"type":"Feature","properties":{"vineyard_id":"T031_021","row_id":"T031_021-R05","row_structure":"regular","tile":"siret3_r031_c021.tif","length_m":52.72},"geometry":{"type":"LineString","coordinates":[[630067.2,5219634.47],[630118.38,5219621.82]]}},{"type":"Feature","properties":{"vineyard_id":"T031_021","row_id":"T031_021-R06","row_structure":"disrupted","tile":"siret3_r031_c021.tif","length_m":52.68},"geometry":{"type":"LineString","coordinates":[[630067.21,5219630.77],[630118.38,5219618.27]]}},{"type":"Feature","properties":{"vineyard_id":"T031_021","row_id":"T031_021-R07","row_structure":"disrupted","tile":"siret3_r031_c021.tif","length_m":52.68},"geometry":{"type":"LineString","coordinates":[[630067.2,5219628.57],[630118.38,5219616.05]]}},{"type":"Feature","properties":{"vineyard_id":"T031_021","row_id":"T031_021-R08","row_structure":"disrupted","tile":"siret3_r031_c021.tif","length_m":52.69},"geometry":{"type":"LineString","coordinates":[[630067.2,5219625.76],[630118.37,5219613.19]]}},{"type":"Feature","properties":{"vineyard_id":"T031_021","row_id":"T031_021-R09","row_structure":"disrupted","tile":"siret3_r031_c021.tif","length_m":52.68},"geometry":{"type":"LineString","coordinates":[[630067.2,5219623.08],[630118.38,5219610.61]]}},{"type":"Feature","properties":{"vineyard_id":"T031_021","row_id":"T031_021-R10","row_structure":"disrupted","tile":"siret3_r031_c021.tif","length_m":52.7},"geometry":{"type":"LineString","coordinates":[[630067.2,5219619.81],[630118.39,5219607.29]]}},{"type":"Feature","properties":{"vineyard_id":"T031_021","row_id":"T031_021-R11","row_structure":"disrupted","tile":"siret3_r031_c021.tif","length_m":52.7},"geometry":{"type":"LineString","coordinates":[[630067.21,5219615.04],[630118.38,5219602.44]]}},{"type":"Feature","properties":{"vineyard_id":"T031_021","row_id":"T031_021-R12","row_structure":"disrupted","tile":"siret3_r031_c021.tif","length_m":52.67},"geometry":{"type":"LineString","coordinates":[[630067.2,5219611.74],[630118.37,5219599.25]]}},{"type":"Feature","properties":{"vineyard_id":"T031_021","row_id":"T031_021-R13","row_structure":"disrupted","tile":"siret3_r031_c021.tif","length_m":52.69},"geometry":{"type":"LineString","coordinates":[[630067.2,5219608.98],[630118.37,5219596.41]]}},{"type":"Feature","properties":{"vineyard_id":"T031_021","row_id":"T031_021-R14","row_structure":"disrupted","tile":"siret3_r031_c021.tif","length_m":52.68},"geometry":{"type":"LineString","coordinates":[[630067.21,5219605.62],[630118.37,5219593.06]]}},{"type":"Feature","properties":{"vineyard_id":"T031_021","row_id":"T031_021-R15","row_structure":"regular","tile":"siret3_r031_c021.tif","length_m":52.71},"geometry":{"type":"LineString","coordinates":[[630067.2,5219601.75],[630118.38,5219589.12]]}},{"type":"Feature","properties":{"vineyard_id":"T031_021","row_id":"T031_021-R16","row_structure":"regular","tile":"siret3_r031_c021.tif","length_m":52.7},"geometry":{"type":"LineString","coordinates":[[630067.2,5219598.45],[630118.36,5219585.81]]}},{"type":"Feature","properties":{"vineyard_id":"T031_021","row_id":"T031_021-R17","row_structure":"regular","tile":"siret3_r031_c021.tif","length_m":46.3},"geometry":{"type":"LineString","coordinates":[[630067.21,5219595.02],[630112.18,5219584.02]]}},{"type":"Feature","properties":{"vineyard_id":"T031_021","row_id":"T031_021-R18","row_structure":"regular","tile":"siret3_r031_c021.tif","length_m":31.72},"geometry":{"type":"LineString","coordinates":[[630067.2,5219591.52],[630098.02,5219584.0]]}},{"type":"Feature","properties":{"vineyard_id":"T031_021","row_id":"T031_021-R19","row_structure":"regular","tile":"siret3_r031_c021.tif","length_m":16.72},"geometry":{"type":"LineString","coordinates":[[630067.21,5219587.99],[630083.45,5219584.01]]}},{"type":"Feature","properties":{"vineyard_id":"T031_021","row_id":"T031_021-R20","row_structure":"regular","tile":"siret3_r031_c021.tif","length_m":2.05},"geometry":{"type":"LineString","coordinates":[[630067.2,5219584.51],[630069.19,5219584.02]]}},{"type":"Feature","properties":{"vineyard_id":"T031_022","row_id":"T031_022-R01","row_structure":"regular","tile":"siret3_r031_c022.tif","length_m":14.93},"geometry":{"type":"LineString","coordinates":[[630166.89,5219635.19],[630169.59,5219620.51]]}},{"type":"Feature","properties":{"vineyard_id":"T031_022","row_id":"T031_022-R02","row_structure":"disrupted","tile":"siret3_r031_c022.tif","length_m":31.09},"geometry":{"type":"LineString","coordinates":[[630163.9,5219635.2],[630169.58,5219604.63]]}},{"type":"Feature","properties":{"vineyard_id":"T031_022","row_id":"T031_022-R03","row_structure":"regular","tile":"siret3_r031_c022.tif","length_m":47.42},"geometry":{"type":"LineString","coordinates":[[630160.69,5219635.2],[630169.57,5219588.62]]}},{"type":"Feature","properties":{"vineyard_id":"T031_022","row_id":"T031_022-R04","row_structure":"disrupted","tile":"siret3_r031_c022.tif","length_m":52.12},"geometry":{"type":"LineString","coordinates":[[630158.04,5219635.2],[630167.9,5219584.03]]}},{"type":"Feature","properties":{"vineyard_id":"T031_022","row_id":"T031_022-R05","row_structure":"disrupted","tile":"siret3_r031_c022.tif","length_m":52.1},"geometry":{"type":"LineString","coordinates":[[630154.9,5219635.2],[630164.72,5219584.03]]}},{"type":"Feature","properties":{"vineyard_id":"T031_022","row_id":"T031_022-R06","row_structure":"disrupted","tile":"siret3_r031_c022.tif","length_m":52.1},"geometry":{"type":"LineString","coordinates":[[630151.56,5219635.2],[630161.31,5219584.02]]}},{"type":"Feature","properties":{"vineyard_id":"T031_022","row_id":"T031_022-R07","row_structure":"disrupted","tile":"siret3_r031_c022.tif","length_m":52.09},"geometry":{"type":"LineString","coordinates":[[630148.7,5219635.2],[630158.45,5219584.03]]}},{"type":"Feature","properties":{"vineyard_id":"T031_022","row_id":"T031_022-R08","row_structure":"regular","tile":"siret3_r031_c022.tif","length_m":52.1},"geometry":{"type":"LineString","coordinates":[[630146.01,5219635.2],[630155.76,5219584.03]]}},{"type":"Feature","properties":{"vineyard_id":"T031_022","row_id":"T031_022-R09","row_structure":"disrupted","tile":"siret3_r031_c022.tif","length_m":52.1},"geometry":{"type":"LineString","coordinates":[[630143.31,5219635.2],[630153.07,5219584.02]]}},{"type":"Feature","properties":{"vineyard_id":"T031_022","row_id":"T031_022-R10","row_structure":"disrupted","tile":"siret3_r031_c022.tif","length_m":52.11},"geometry":{"type":"LineString","coordinates":[[630140.45,5219635.2],[630150.24,5219584.02]]}},{"type":"Feature","properties":{"vineyard_id":"T031_022","row_id":"T031_022-R11","row_structure":"disrupted","tile":"siret3_r031_c022.tif","length_m":52.1},"geometry":{"type":"LineString","coordinates":[[630138.46,5219635.19],[630148.26,5219584.02]]}},{"type":"Feature","properties":{"vineyard_id":"T031_022","row_id":"T031_022-R12","row_structure":"disrupted","tile":"siret3_r031_c022.tif","length_m":52.07},"geometry":{"type":"LineString","coordinates":[[630135.81,5219635.19],[630145.49,5219584.03]]}},{"type":"Feature","properties":{"vineyard_id":"T031_022","row_id":"T031_022-R13","row_structure":"regular","tile":"siret3_r031_c022.tif","length_m":52.07},"geometry":{"type":"LineString","coordinates":[[630132.92,5219635.2],[630142.53,5219584.02]]}},{"type":"Feature","properties":{"vineyard_id":"T031_022","row_id":"T031_022-R14","row_structure":"disrupted","tile":"siret3_r031_c022.tif","length_m":52.1},"geometry":{"type":"LineString","coordinates":[[630129.96,5219635.2],[630139.79,5219584.03]]}},{"type":"Feature","properties":{"vineyard_id":"T031_022","row_id":"T031_022-R15","row_structure":"disrupted","tile":"siret3_r031_c022.tif","length_m":52.12},"geometry":{"type":"LineString","coordinates":[[630127.73,5219635.2],[630137.6,5219584.02]]}},{"type":"Feature","properties":{"vineyard_id":"T031_022","row_id":"T031_022-R16","row_structure":"disrupted","tile":"siret3_r031_c022.tif","length_m":52.1},"geometry":{"type":"LineString","coordinates":[[630125.17,5219635.2],[630134.96,5219584.03]]}},{"type":"Feature","properties":{"vineyard_id":"T031_022","row_id":"T031_022-R17","row_structure":"disrupted","tile":"siret3_r031_c022.tif","length_m":52.11},"geometry":{"type":"LineString","coordinates":[[630122.82,5219635.2],[630132.64,5219584.02]]}},{"type":"Feature","properties":{"vineyard_id":"T031_022","row_id":"T031_022-R18","row_structure":"disrupted","tile":"siret3_r031_c022.tif","length_m":52.07},"geometry":{"type":"LineString","coordinates":[[630119.98,5219635.2],[630129.58,5219584.02]]}},{"type":"Feature","properties":{"vineyard_id":"T031_022","row_id":"T031_022-R19","row_structure":"disrupted","tile":"siret3_r031_c022.tif","length_m":51.88},"geometry":{"type":"LineString","coordinates":[[630118.4,5219635.0],[630128.01,5219584.03]]}},{"type":"Feature","properties":{"vineyard_id":"T031_022","row_id":"T031_022-R20","row_structure":"disrupted","tile":"siret3_r031_c022.tif","length_m":37.06},"geometry":{"type":"LineString","coordinates":[[630118.4,5219620.42],[630125.34,5219584.03]]}},{"type":"Feature","properties":{"vineyard_id":"T031_022","row_id":"T031_022-R21","row_structure":"disrupted","tile":"siret3_r031_c022.tif","length_m":23.11},"geometry":{"type":"LineString","coordinates":[[630118.4,5219606.77],[630122.56,5219584.03]]}},{"type":"Feature","properties":{"vineyard_id":"T031_022","row_id":"T031_022-R22","row_structure":"regular","tile":"siret3_r031_c022.tif","length_m":7.69},"geometry":{"type":"LineString","coordinates":[[630118.4,5219591.57],[630119.84,5219584.02]]}},{"type":"Feature","properties":{"vineyard_id":"T031_023","row_id":"T031_023-R01","row_structure":"regular","tile":"siret3_r031_c023.tif","length_m":5.98},"geometry":{"type":"LineString","coordinates":[[630220.78,5219589.79],[630219.24,5219584.02]]}},{"type":"Feature","properties":{"vineyard_id":"T031_023","row_id":"T031_023-R02","row_structure":"regular","tile":"siret3_r031_c023.tif","length_m":7.82},"geometry":{"type":"LineString","coordinates":[[630220.78,5219596.94],[630218.76,5219589.38]]}},{"type":"Feature","properties":{"vineyard_id":"T031_023","row_id":"T031_023-R03","row_structure":"regular","tile":"siret3_r031_c023.tif","length_m":17.88},"geometry":{"type":"LineString","coordinates":[[630220.79,5219608.24],[630216.39,5219590.92]]}},{"type":"Feature","properties":{"vineyard_id":"T031_023","row_id":"T031_023-R04","row_structure":"disrupted","tile":"siret3_r031_c023.tif","length_m":52.96},"geometry":{"type":"LineString","coordinates":[[630219.83,5219635.2],[630206.18,5219584.02]]}},{"type":"Feature","properties":{"vineyard_id":"T031_023","row_id":"T031_023-R05","row_structure":"disrupted","tile":"siret3_r031_c023.tif","length_m":52.95},"geometry":{"type":"LineString","coordinates":[[630216.91,5219635.19],[630203.26,5219584.03]]}},{"type":"Feature","properties":{"vineyard_id":"T031_023","row_id":"T031_023-R06","row_structure":"disrupted","tile":"siret3_r031_c023.tif","length_m":52.98},"geometry":{"type":"LineString","coordinates":[[630214.61,5219635.19],[630200.9,5219584.02]]}},{"type":"Feature","properties":{"vineyard_id":"T031_023","row_id":"T031_023-R07","row_structure":"disrupted","tile":"siret3_r031_c023.tif","length_m":53.0},"geometry":{"type":"LineString","coordinates":[[630210.02,5219635.2],[630196.21,5219584.03]]}},{"type":"Feature","properties":{"vineyard_id":"T031_023","row_id":"T031_023-R08","row_structure":"disrupted","tile":"siret3_r031_c023.tif","length_m":53.0},"geometry":{"type":"LineString","coordinates":[[630207.29,5219635.2],[630193.53,5219584.02]]}},{"type":"Feature","properties":{"vineyard_id":"T031_023","row_id":"T031_023-R09","row_structure":"disrupted","tile":"siret3_r031_c023.tif","length_m":52.97},"geometry":{"type":"LineString","coordinates":[[630205.11,5219635.2],[630191.43,5219584.02]]}},{"type":"Feature","properties":{"vineyard_id":"T031_023","row_id":"T031_023-R10","row_structure":"disrupted","tile":"siret3_r031_c023.tif","length_m":52.98},"geometry":{"type":"LineString","coordinates":[[630202.89,5219635.2],[630189.17,5219584.03]]}},{"type":"Feature","properties":{"vineyard_id":"T031_023","row_id":"T031_023-R11","row_structure":"disrupted","tile":"siret3_r031_c023.tif","length_m":52.97},"geometry":{"type":"LineString","coordinates":[[630200.07,5219635.2],[630186.35,5219584.03]]}},{"type":"Feature","properties":{"vineyard_id":"T031_023","row_id":"T031_023-R12","row_structure":"disrupted","tile":"siret3_r031_c023.tif","length_m":52.98},"geometry":{"type":"LineString","coordinates":[[630197.68,5219635.19],[630183.98,5219584.02]]}},{"type":"Feature","properties":{"vineyard_id":"T031_023","row_id":"T031_023-R13","row_structure":"disrupted","tile":"siret3_r031_c023.tif","length_m":53.0},"geometry":{"type":"LineString","coordinates":[[630192.73,5219635.2],[630178.97,5219584.02]]}},{"type":"Feature","properties":{"vineyard_id":"T031_023","row_id":"T031_023-R14","row_structure":"disrupted","tile":"siret3_r031_c023.tif","length_m":52.95},"geometry":{"type":"LineString","coordinates":[[630190.91,5219635.2],[630177.27,5219584.03]]}},{"type":"Feature","properties":{"vineyard_id":"T031_023","row_id":"T031_023-R15","row_structure":"regular","tile":"siret3_r031_c023.tif","length_m":42.42},"geometry":{"type":"LineString","coordinates":[[630185.24,5219625.02],[630174.33,5219584.02]]}},{"type":"Feature","properties":{"vineyard_id":"T031_023","row_id":"T031_023-R16","row_structure":"regular","tile":"siret3_r031_c023.tif","length_m":47.35},"geometry":{"type":"LineString","coordinates":[[630183.38,5219629.79],[630171.17,5219584.04]]}},{"type":"Feature","properties":{"vineyard_id":"T031_023","row_id":"T031_023-R17","row_structure":"disrupted","tile":"siret3_r031_c023.tif","length_m":41.27},"geometry":{"type":"LineString","coordinates":[[630180.26,5219628.42],[630169.6,5219588.55]]}},{"type":"Feature","properties":{"vineyard_id":"T031_023","row_id":"T031_023-R18","row_structure":"disrupted","tile":"siret3_r031_c023.tif","length_m":38.33},"geometry":{"type":"LineString","coordinates":[[630179.43,5219635.19],[630169.6,5219598.14]]}},{"type":"Feature","properties":{"vineyard_id":"T031_023","row_id":"T031_023-R19","row_structure":"disrupted","tile":"siret3_r031_c023.tif","length_m":28.28},"geometry":{"type":"LineString","coordinates":[[630176.98,5219635.2],[630169.6,5219607.9]]}},{"type":"Feature","properties":{"vineyard_id":"T031_023","row_id":"T031_023-R20","row_structure":"regular","tile":"siret3_r031_c023.tif","length_m":21.01},"geometry":{"type":"LineString","coordinates":[[630174.71,5219635.2],[630169.6,5219614.82]]}},{"type":"Feature","properties":{"vineyard_id":"T031_023","row_id":"T031_023-R21","row_structure":"regular","tile":"siret3_r031_c023.tif","length_m":12.76},"geometry":{"type":"LineString","coordinates":[[630172.67,5219635.19],[630169.6,5219622.81]]}},{"type":"Feature","properties":{"vineyard_id":"T031_023","row_id":"T031_023-R22","row_structure":"regular","tile":"siret3_r031_c023.tif","length_m":3.3},"geometry":{"type":"LineString","coordinates":[[630170.44,5219635.19],[630169.6,5219632.0]]}},{"type":"Feature","properties":{"vineyard_id":"T031_025","row_id":"T031_025-R01","row_structure":"regular","tile":"siret3_r031_c025.tif","length_m":16.43},"geometry":{"type":"LineString","coordinates":[[630306.79,5219635.2],[630323.17,5219634.02]]}},{"type":"Feature","properties":{"vineyard_id":"T031_025","row_id":"T031_025-R02","row_structure":"disrupted","tile":"siret3_r031_c025.tif","length_m":42.7},"geometry":{"type":"LineString","coordinates":[[630280.62,5219632.27],[630323.17,5219628.59]]}},{"type":"Feature","properties":{"vineyard_id":"T031_025","row_id":"T031_025-R03","row_structure":"disrupted","tile":"siret3_r031_c025.tif","length_m":45.6},"geometry":{"type":"LineString","coordinates":[[630277.76,5219630.58],[630323.19,5219626.56]]}},{"type":"Feature","properties":{"vineyard_id":"T031_025","row_id":"T031_025-R04","row_structure":"disrupted","tile":"siret3_r031_c025.tif","length_m":51.36},"geometry":{"type":"LineString","coordinates":[[630272.0,5219627.2],[630323.17,5219622.7]]}},{"type":"Feature","properties":{"vineyard_id":"T031_025","row_id":"T031_025-R05","row_structure":"disrupted","tile":"siret3_r031_c025.tif","length_m":51.37},"geometry":{"type":"LineString","coordinates":[[630272.0,5219624.82],[630323.18,5219620.29]]}},{"type":"Feature","properties":{"vineyard_id":"T031_025","row_id":"T031_025-R06","row_structure":"disrupted","tile":"siret3_r031_c025.tif","length_m":51.39},"geometry":{"type":"LineString","coordinates":[[630272.0,5219621.92],[630323.19,5219617.32]]}},{"type":"Feature","properties":{"vineyard_id":"T031_025","row_id":"T031_025-R07","row_structure":"disrupted","tile":"siret3_r031_c025.tif","length_m":51.37},"geometry":{"type":"LineString","coordinates":[[630272.0,5219619.46],[630323.17,5219614.86]]}},{"type":"Feature","properties":{"vineyard_id":"T031_025","row_id":"T031_025-R08","row_structure":"disrupted","tile":"siret3_r031_c025.tif","length_m":51.39},"geometry":{"type":"LineString","coordinates":[[630272.0,5219617.66],[630323.18,5219613.04]]}},{"type":"Feature","properties":{"vineyard_id":"T031_025","row_id":"T031_025-R09","row_structure":"disrupted","tile":"siret3_r031_c025.tif","length_m":51.39},"geometry":{"type":"LineString","coordinates":[[630272.0,5219614.89],[630323.19,5219610.29]]}},{"type":"Feature","properties":{"vineyard_id":"T031_025","row_id":"T031_025-R10","row_structure":"disrupted","tile":"siret3_r031_c025.tif","length_m":51.37},"geometry":{"type":"LineString","coordinates":[[630272.0,5219611.58],[630323.18,5219607.07]]}},{"type":"Feature","properties":{"vineyard_id":"T031_025","row_id":"T031_025-R11","row_structure":"disrupted","tile":"siret3_r031_c025.tif","length_m":51.37},"geometry":{"type":"LineString","coordinates":[[630272.01,5219608.27],[630323.18,5219603.69]]}},{"type":"Feature","properties":{"vineyard_id":"T031_025","row_id":"T031_025-R12","row_structure":"disrupted","tile":"siret3_r031_c025.tif","length_m":51.37},"geometry":{"type":"LineString","coordinates":[[630272.0,5219602.01],[630323.17,5219597.46]]}},{"type":"Feature","properties":{"vineyard_id":"T031_025","row_id":"T031_025-R13","row_structure":"disrupted","tile":"siret3_r031_c025.tif","length_m":51.37},"geometry":{"type":"LineString","coordinates":[[630272.0,5219599.14],[630323.17,5219594.66]]}},{"type":"Feature","properties":{"vineyard_id":"T031_025","row_id":"T031_025-R14","row_structure":"disrupted","tile":"siret3_r031_c025.tif","length_m":51.37},"geometry":{"type":"LineString","coordinates":[[630272.0,5219596.33],[630323.17,5219591.84]]}},{"type":"Feature","properties":{"vineyard_id":"T031_025","row_id":"T031_025-R15","row_structure":"disrupted","tile":"siret3_r031_c025.tif","length_m":51.37},"geometry":{"type":"LineString","coordinates":[[630272.0,5219593.22],[630323.17,5219588.73]]}},{"type":"Feature","properties":{"vineyard_id":"T031_025","row_id":"T031_025-R16","row_structure":"disrupted","tile":"siret3_r031_c025.tif","length_m":51.35},"geometry":{"type":"LineString","coordinates":[[630272.01,5219589.5],[630323.17,5219585.02]]}},{"type":"Feature","properties":{"vineyard_id":"T031_026","row_id":"T031_026-R01","row_structure":"regular","tile":"siret3_r031_c026.tif","length_m":15.35},"geometry":{"type":"LineString","coordinates":[[630372.13,5219635.19],[630374.39,5219620.0]]}},{"type":"Feature","properties":{"vineyard_id":"T031_026","row_id":"T031_026-R02","row_structure":"regular","tile":"siret3_r031_c026.tif","length_m":38.49},"geometry":{"type":"LineString","coordinates":[[630368.41,5219635.2],[630374.39,5219597.17]]}},{"type":"Feature","properties":{"vineyard_id":"T031_026","row_id":"T031_026-R03","row_structure":"regular","tile":"siret3_r031_c026.tif","length_m":46.93},"geometry":{"type":"LineString","coordinates":[[630359.25,5219635.2],[630366.55,5219588.84]]}},{"type":"Feature","properties":{"vineyard_id":"T031_026","row_id":"T031_026-R04","row_structure":"disrupted","tile":"siret3_r031_c026.tif","length_m":51.8},"geometry":{"type":"LineString","coordinates":[[630353.32,5219635.2],[630361.39,5219584.03]]}},{"type":"Feature","properties":{"vineyard_id":"T031_026","row_id":"T031_026-R05","row_structure":"regular","tile":"siret3_r031_c026.tif","length_m":45.9},"geometry":{"type":"LineString","coordinates":[[630352.64,5219629.37],[630359.83,5219584.04]]}},{"type":"Feature","properties":{"vineyard_id":"T031_026","row_id":"T031_026-R06","row_structure":"disrupted","tile":"siret3_r031_c026.tif","length_m":47.24},"geometry":{"type":"LineString","coordinates":[[630349.09,5219635.2],[630356.48,5219588.54]]}},{"type":"Feature","properties":{"vineyard_id":"T031_026","row_id":"T031_026-R07","row_structure":"disrupted","tile":"siret3_r031_c026.tif","length_m":51.85},"geometry":{"type":"LineString","coordinates":[[630345.86,5219635.2],[630354.11,5219584.02]]}},{"type":"Feature","properties":{"vineyard_id":"T031_026","row_id":"T031_026-R08","row_structure":"disrupted","tile":"siret3_r031_c026.tif","length_m":51.85},"geometry":{"type":"LineString","coordinates":[[630342.67,5219635.2],[630350.91,5219584.02]]}},{"type":"Feature","properties":{"vineyard_id":"T031_026","row_id":"T031_026-R09","row_structure":"disrupted","tile":"siret3_r031_c026.tif","length_m":51.78},"geometry":{"type":"LineString","coordinates":[[630341.35,5219635.2],[630349.26,5219584.03]]}},{"type":"Feature","properties":{"vineyard_id":"T031_026","row_id":"T031_026-R10","row_structure":"disrupted","tile":"siret3_r031_c026.tif","length_m":51.82},"geometry":{"type":"LineString","coordinates":[[630339.14,5219635.2],[630347.3,5219584.03]]}},{"type":"Feature","properties":{"vineyard_id":"T031_026","row_id":"T031_026-R11","row_structure":"disrupted","tile":"siret3_r031_c026.tif","length_m":51.77},"geometry":{"type":"LineString","coordinates":[[630336.64,5219635.19],[630344.64,5219584.04]]}},{"type":"Feature","properties":{"vineyard_id":"T031_026","row_id":"T031_026-R12","row_structure":"disrupted","tile":"siret3_r031_c026.tif","length_m":51.8},"geometry":{"type":"LineString","coordinates":[[630333.12,5219635.19],[630341.18,5219584.02]]}},{"type":"Feature","properties":{"vineyard_id":"T031_026","row_id":"T031_026-R13","row_structure":"disrupted","tile":"siret3_r031_c026.tif","length_m":51.8},"geometry":{"type":"LineString","coordinates":[[630331.09,5219635.2],[630339.11,5219584.02]]}},{"type":"Feature","properties":{"vineyard_id":"T031_026","row_id":"T031_026-R14","row_structure":"disrupted","tile":"siret3_r031_c026.tif","length_m":51.82},"geometry":{"type":"LineString","coordinates":[[630328.92,5219635.2],[630337.02,5219584.02]]}},{"type":"Feature","properties":{"vineyard_id":"T031_026","row_id":"T031_026-R15","row_structure":"disrupted","tile":"siret3_r031_c026.tif","length_m":47.6},"geometry":{"type":"LineString","coordinates":[[630327.19,5219631.03],[630334.64,5219584.02]]}},{"type":"Feature","properties":{"vineyard_id":"T031_026","row_id":"T031_026-R16","row_structure":"disrupted","tile":"siret3_r031_c026.tif","length_m":38.02},"geometry":{"type":"LineString","coordinates":[[630326.02,5219621.56],[630332.11,5219584.03]]}},{"type":"Feature","properties":{"vineyard_id":"T031_026","row_id":"T031_026-R17","row_structure":"disrupted","tile":"siret3_r031_c026.tif","length_m":40.62},"geometry":{"type":"LineString","coordinates":[[630323.2,5219624.14],[630329.5,5219584.02]]}},{"type":"Feature","properties":{"vineyard_id":"T031_026","row_id":"T031_026-R18","row_structure":"regular","tile":"siret3_r031_c026.tif","length_m":27.85},"geometry":{"type":"LineString","coordinates":[[630323.2,5219611.55],[630327.47,5219584.02]]}},{"type":"Feature","properties":{"vineyard_id":"T031_026","row_id":"T031_026-R19","row_structure":"regular","tile":"siret3_r031_c026.tif","length_m":14.67},"geometry":{"type":"LineString","coordinates":[[630323.2,5219598.54],[630325.44,5219584.03]]}},{"type":"Feature","properties":{"vineyard_id":"T031_027","row_id":"T031_027-R01","row_structure":"regular","tile":"siret3_r031_c027.tif","length_m":7.44},"geometry":{"type":"LineString","coordinates":[[630418.45,5219635.2],[630425.57,5219633.03]]}},{"type":"Feature","properties":{"vineyard_id":"T031_027","row_id":"T031_027-R02","row_structure":"disrupted","tile":"siret3_r031_c027.tif","length_m":43.01},"geometry":{"type":"LineString","coordinates":[[630374.4,5219622.71],[630415.55,5219610.19]]}},{"type":"Feature","properties":{"vineyard_id":"T031_027","row_id":"T031_027-R03","row_structure":"disrupted","tile":"siret3_r031_c027.tif","length_m":32.57},"geometry":{"type":"LineString","coordinates":[[630374.41,5219619.86],[630405.58,5219610.42]]}},{"type":"Feature","properties":{"vineyard_id":"T031_027","row_id":"T031_027-R04","row_structure":"regular","tile":"siret3_r031_c027.tif","length_m":13.2},"geometry":{"type":"LineString","coordinates":[[630379.83,5219610.22],[630392.48,5219606.46]]}},{"type":"Feature","properties":{"vineyard_id":"T031_027","row_id":"T031_027-R05","row_structure":"regular","tile":"siret3_r031_c027.tif","length_m":6.2},"geometry":{"type":"LineString","coordinates":[[630374.4,5219604.37],[630380.35,5219602.62]]}},{"type":"Feature","properties":{"vineyard_id":"T031_027","row_id":"T031_027-R06","row_structure":"regular","tile":"siret3_r031_c027.tif","length_m":3.58},"geometry":{"type":"LineString","coordinates":[[630374.41,5219595.49],[630377.8,5219594.37]]}},{"type":"Feature","properties":{"vineyard_id":"T031_027","row_id":"T031_027-R07","row_structure":"regular","tile":"siret3_r031_c027.tif","length_m":4.77},"geometry":{"type":"LineString","coordinates":[[630374.4,5219592.12],[630378.98,5219590.78]]}},{"type":"Feature","properties":{"vineyard_id":"T031_027","row_id":"T031_027-R08","row_structure":"regular","tile":"siret3_r031_c027.tif","length_m":5.87},"geometry":{"type":"LineString","coordinates":[[630374.4,5219589.56],[630380.02,5219587.84]]}},{"type":"Feature","properties":{"vineyard_id":"T031_029","row_id":"T031_029-R01","row_structure":"disrupted","tile":"siret3_r031_c029.tif","length_m":56.42},"geometry":{"type":"LineString","coordinates":[[630476.8,5219610.11],[630527.99,5219586.37]]}},{"type":"Feature","properties":{"vineyard_id":"T031_029","row_id":"T031_029-R02","row_structure":"disrupted","tile":"siret3_r031_c029.tif","length_m":45.07},"geometry":{"type":"LineString","coordinates":[[630476.8,5219606.44],[630517.57,5219587.24]]}},{"type":"Feature","properties":{"vineyard_id":"T031_029","row_id":"T031_029-R03","row_structure":"disrupted","tile":"siret3_r031_c029.tif","length_m":40.94},"geometry":{"type":"LineString","coordinates":[[630476.8,5219603.25],[630513.87,5219585.88]]}},{"type":"Feature","properties":{"vineyard_id":"T031_029","row_id":"T031_029-R04","row_structure":"disrupted","tile":"siret3_r031_c029.tif","length_m":37.93},"geometry":{"type":"LineString","coordinates":[[630476.8,5219600.45],[630510.99,5219584.02]]}},{"type":"Feature","properties":{"vineyard_id":"T031_029","row_id":"T031_029-R05","row_structure":"disrupted","tile":"siret3_r031_c029.tif","length_m":29.62},"geometry":{"type":"LineString","coordinates":[[630476.8,5219596.84],[630503.5,5219584.01]]}},{"type":"Feature","properties":{"vineyard_id":"T031_029","row_id":"T031_029-R06","row_structure":"regular","tile":"siret3_r031_c029.tif","length_m":11.97},"geometry":{"type":"LineString","coordinates":[[630476.8,5219592.96],[630487.57,5219587.73]]}},{"type":"Feature","properties":{"vineyard_id":"T031_029","row_id":"T031_029-R07","row_structure":"regular","tile":"siret3_r031_c029.tif","length_m":12.8},"geometry":{"type":"LineString","coordinates":[[630476.8,5219589.24],[630488.48,5219584.02]]}},{"type":"Feature","properties":{"vineyard_id":"T031_031","row_id":"T031_031-R01","row_structure":"disrupted","tile":"siret3_r031_c031.tif","length_m":14.47},"geometry":{"type":"LineString","coordinates":[[630628.93,5219635.2],[630628.16,5219620.75]]}},{"type":"Feature","properties":{"vineyard_id":"T031_031","row_id":"T031_031-R02","row_structure":"disrupted","tile":"siret3_r031_c031.tif","length_m":16.65},"geometry":{"type":"LineString","coordinates":[[630626.23,5219635.2],[630625.18,5219618.58]]}},{"type":"Feature","properties":{"vineyard_id":"T031_031","row_id":"T031_031-R03","row_structure":"regular","tile":"siret3_r031_c031.tif","length_m":19.39},"geometry":{"type":"LineString","coordinates":[[630622.68,5219635.2],[630621.68,5219615.84]]}},{"type":"Feature","properties":{"vineyard_id":"T031_031","row_id":"T031_031-R04","row_structure":"regular","tile":"siret3_r031_c031.tif","length_m":21.77},"geometry":{"type":"LineString","coordinates":[[630619.78,5219635.19],[630618.68,5219613.44]]}},{"type":"Feature","properties":{"vineyard_id":"T031_031","row_id":"T031_031-R05","row_structure":"regular","tile":"siret3_r031_c031.tif","length_m":24.37},"geometry":{"type":"LineString","coordinates":[[630616.49,5219635.2],[630615.18,5219610.87]]}},{"type":"Feature","properties":{"vineyard_id":"T031_031","row_id":"T031_031-R06","row_structure":"disrupted","tile":"siret3_r031_c031.tif","length_m":43.83},"geometry":{"type":"LineString","coordinates":[[630597.21,5219635.2],[630594.81,5219591.44]]}},{"type":"Feature","properties":{"vineyard_id":"T031_031","row_id":"T031_031-R07","row_structure":"regular","tile":"siret3_r031_c031.tif","length_m":15.15},"geometry":{"type":"LineString","coordinates":[[630579.99,5219635.2],[630579.2,5219620.06]]}},{"type":"Feature","properties":{"vineyard_id":"T032_018","row_id":"T032_018-R01","row_structure":"regular","tile":"siret3_r032_c018.tif","length_m":3.5},"geometry":{"type":"LineString","coordinates":[[629964.78,5219535.51],[629962.53,5219532.82]]}},{"type":"Feature","properties":{"vineyard_id":"T032_018","row_id":"T032_018-R02","row_structure":"regular","tile":"siret3_r032_c018.tif","length_m":22.5},"geometry":{"type":"LineString","coordinates":[[629964.77,5219550.25],[629950.54,5219532.83]]}},{"type":"Feature","properties":{"vineyard_id":"T032_018","row_id":"T032_018-R03","row_structure":"regular","tile":"siret3_r032_c018.tif","length_m":48.86},"geometry":{"type":"LineString","coordinates":[[629954.46,5219584.0],[629923.48,5219546.22]]}},{"type":"Feature","properties":{"vineyard_id":"T032_018","row_id":"T032_018-R04","row_structure":"regular","tile":"siret3_r032_c018.tif","length_m":46.98},"geometry":{"type":"LineString","coordinates":[[629951.01,5219584.0],[629921.31,5219547.61]]}},{"type":"Feature","properties":{"vineyard_id":"T032_018","row_id":"T032_018-R05","row_structure":"regular","tile":"siret3_r032_c018.tif","length_m":40.11},"geometry":{"type":"LineString","coordinates":[[629947.65,5219584.0],[629922.4,5219552.84]]}},{"type":"Feature","properties":{"vineyard_id":"T032_018","row_id":"T032_018-R06","row_structure":"regular","tile":"siret3_r032_c018.tif","length_m":42.03},"geometry":{"type":"LineString","coordinates":[[629944.4,5219584.0],[629918.19,5219551.15]]}},{"type":"Feature","properties":{"vineyard_id":"T032_018","row_id":"T032_018-R07","row_structure":"regular","tile":"siret3_r032_c018.tif","length_m":38.51},"geometry":{"type":"LineString","coordinates":[[629941.17,5219584.0],[629916.78,5219554.2]]}},{"type":"Feature","properties":{"vineyard_id":"T032_018","row_id":"T032_018-R08","row_structure":"regular","tile":"siret3_r032_c018.tif","length_m":35.22},"geometry":{"type":"LineString","coordinates":[[629937.72,5219584.0],[629915.4,5219556.75]]}},{"type":"Feature","properties":{"vineyard_id":"T032_018","row_id":"T032_018-R09","row_structure":"regular","tile":"siret3_r032_c018.tif","length_m":32.1},"geometry":{"type":"LineString","coordinates":[[629934.2,5219584.0],[629914.0,5219559.05]]}},{"type":"Feature","properties":{"vineyard_id":"T032_018","row_id":"T032_018-R10","row_structure":"regular","tile":"siret3_r032_c018.tif","length_m":27.47},"geometry":{"type":"LineString","coordinates":[[629930.96,5219584.0],[629913.6,5219562.71]]}},{"type":"Feature","properties":{"vineyard_id":"T032_018","row_id":"T032_018-R11","row_structure":"regular","tile":"siret3_r032_c018.tif","length_m":22.42},"geometry":{"type":"LineString","coordinates":[[629927.77,5219584.0],[629913.6,5219566.62]]}},{"type":"Feature","properties":{"vineyard_id":"T032_018","row_id":"T032_018-R12","row_structure":"regular","tile":"siret3_r032_c018.tif","length_m":17.17},"geometry":{"type":"LineString","coordinates":[[629924.42,5219584.0],[629913.6,5219570.67]]}},{"type":"Feature","properties":{"vineyard_id":"T032_018","row_id":"T032_018-R13","row_structure":"regular","tile":"siret3_r032_c018.tif","length_m":12.57},"geometry":{"type":"LineString","coordinates":[[629921.55,5219584.0],[629913.6,5219574.26]]}},{"type":"Feature","properties":{"vineyard_id":"T032_018","row_id":"T032_018-R14","row_structure":"regular","tile":"siret3_r032_c018.tif","length_m":2.73},"geometry":{"type":"LineString","coordinates":[[629915.32,5219584.0],[629913.6,5219581.88]]}},{"type":"Feature","properties":{"vineyard_id":"T032_019","row_id":"T032_019-R01","row_structure":"regular","tile":"siret3_r032_c019.tif","length_m":4.13},"geometry":{"type":"LineString","coordinates":[[630015.99,5219536.08],[630013.45,5219532.83]]}},{"type":"Feature","properties":{"vineyard_id":"T032_019","row_id":"T032_019-R02","row_structure":"regular","tile":"siret3_r032_c019.tif","length_m":9.93},"geometry":{"type":"LineString","coordinates":[[630015.98,5219540.62],[630009.83,5219532.83]]}},{"type":"Feature","properties":{"vineyard_id":"T032_019","row_id":"T032_019-R03","row_structure":"regular","tile":"siret3_r032_c019.tif","length_m":18.02},"geometry":{"type":"LineString","coordinates":[[630015.97,5219546.83],[630004.61,5219532.83]]}},{"type":"Feature","properties":{"vineyard_id":"T032_019","row_id":"T032_019-R04","row_structure":"regular","tile":"siret3_r032_c019.tif","length_m":23.2},"geometry":{"type":"LineString","coordinates":[[630015.98,5219550.96],[630001.53,5219532.81]]}},{"type":"Feature","properties":{"vineyard_id":"T032_020","row_id":"T032_020-R01","row_structure":"regular","tile":"siret3_r032_c020.tif","length_m":3.77},"geometry":{"type":"LineString","coordinates":[[630067.17,5219535.84],[630064.91,5219532.82]]}},{"type":"Feature","properties":{"vineyard_id":"T032_020","row_id":"T032_020-R02","row_structure":"regular","tile":"siret3_r032_c020.tif","length_m":21.37},"geometry":{"type":"LineString","coordinates":[[630067.17,5219549.74],[630054.1,5219532.83]]}},{"type":"Feature","properties":{"vineyard_id":"T032_020","row_id":"T032_020-R03","row_structure":"regular","tile":"siret3_r032_c020.tif","length_m":27.5},"geometry":{"type":"LineString","coordinates":[[630067.18,5219554.57],[630050.36,5219532.82]]}},{"type":"Feature","properties":{"vineyard_id":"T032_020","row_id":"T032_020-R04","row_structure":"regular","tile":"siret3_r032_c020.tif","length_m":33.2},"geometry":{"type":"LineString","coordinates":[[630067.19,5219559.05],[630046.84,5219532.82]]}},{"type":"Feature","properties":{"vineyard_id":"T032_020","row_id":"T032_020-R05","row_structure":"regular","tile":"siret3_r032_c020.tif","length_m":39.08},"geometry":{"type":"LineString","coordinates":[[630067.19,5219563.76],[630043.32,5219532.82]]}},{"type":"Feature","properties":{"vineyard_id":"T032_020","row_id":"T032_020-R06","row_structure":"regular","tile":"siret3_r032_c020.tif","length_m":43.9},"geometry":{"type":"LineString","coordinates":[[630067.18,5219567.59],[630040.36,5219532.83]]}},{"type":"Feature","properties":{"vineyard_id":"T032_020","row_id":"T032_020-R07","row_structure":"regular","tile":"siret3_r032_c020.tif","length_m":49.17},"geometry":{"type":"LineString","coordinates":[[630067.18,5219571.75],[630037.14,5219532.83]]}},{"type":"Feature","properties":{"vineyard_id":"T032_020","row_id":"T032_020-R08","row_structure":"regular","tile":"siret3_r032_c020.tif","length_m":53.92},"geometry":{"type":"LineString","coordinates":[[630067.18,5219575.46],[630034.17,5219532.82]]}},{"type":"Feature","properties":{"vineyard_id":"T032_020","row_id":"T032_020-R09","row_structure":"regular","tile":"siret3_r032_c020.tif","length_m":64.65},"geometry":{"type":"LineString","coordinates":[[630063.49,5219583.99],[630023.99,5219532.82]]}},{"type":"Feature","properties":{"vineyard_id":"T032_020","row_id":"T032_020-R10","row_structure":"regular","tile":"siret3_r032_c020.tif","length_m":64.65},"geometry":{"type":"LineString","coordinates":[[630060.27,5219583.99],[630020.74,5219532.83]]}},{"type":"Feature","properties":{"vineyard_id":"T032_020","row_id":"T032_020-R11","row_structure":"disrupted","tile":"siret3_r032_c020.tif","length_m":64.71},"geometry":{"type":"LineString","coordinates":[[630057.12,5219584.0],[630017.52,5219532.83]]}},{"type":"Feature","properties":{"vineyard_id":"T032_020","row_id":"T032_020-R12","row_structure":"disrupted","tile":"siret3_r032_c020.tif","length_m":61.6},"geometry":{"type":"LineString","coordinates":[[630054.0,5219584.0],[630016.01,5219535.51]]}},{"type":"Feature","properties":{"vineyard_id":"T032_020","row_id":"T032_020-R13","row_structure":"disrupted","tile":"siret3_r032_c020.tif","length_m":54.48},"geometry":{"type":"LineString","coordinates":[[630048.91,5219584.0],[630016.0,5219540.58]]}},{"type":"Feature","properties":{"vineyard_id":"T032_020","row_id":"T032_020-R14","row_structure":"disrupted","tile":"siret3_r032_c020.tif","length_m":46.56},"geometry":{"type":"LineString","coordinates":[[630044.48,5219584.0],[630016.01,5219547.17]]}},{"type":"Feature","properties":{"vineyard_id":"T032_020","row_id":"T032_020-R15","row_structure":"disrupted","tile":"siret3_r032_c020.tif","length_m":43.42},"geometry":{"type":"LineString","coordinates":[[630042.56,5219584.0],[630016.0,5219549.64]]}},{"type":"Feature","properties":{"vineyard_id":"T032_020","row_id":"T032_020-R16","row_structure":"disrupted","tile":"siret3_r032_c020.tif","length_m":38.43},"geometry":{"type":"LineString","coordinates":[[630039.46,5219584.0],[630016.0,5219553.56]]}},{"type":"Feature","properties":{"vineyard_id":"T032_020","row_id":"T032_020-R17","row_structure":"disrupted","tile":"siret3_r032_c020.tif","length_m":27.54},"geometry":{"type":"LineString","coordinates":[[630032.8,5219584.0],[630016.0,5219562.17]]}},{"type":"Feature","properties":{"vineyard_id":"T032_020","row_id":"T032_020-R18","row_structure":"regular","tile":"siret3_r032_c020.tif","length_m":22.86},"geometry":{"type":"LineString","coordinates":[[630029.98,5219584.0],[630016.0,5219565.91]]}},{"type":"Feature","properties":{"vineyard_id":"T032_020","row_id":"T032_020-R19","row_structure":"regular","tile":"siret3_r032_c020.tif","length_m":11.64},"geometry":{"type":"LineString","coordinates":[[630023.05,5219584.0],[630016.0,5219574.74]]}},{"type":"Feature","properties":{"vineyard_id":"T032_020","row_id":"T032_020-R20","row_structure":"regular","tile":"siret3_r032_c020.tif","length_m":6.51},"geometry":{"type":"LineString","coordinates":[[630019.92,5219583.99],[630016.0,5219578.79]]}},{"type":"Feature","properties":{"vineyard_id":"T032_020","row_id":"T032_020-R21","row_structure":"regular","tile":"siret3_r032_c020.tif","length_m":1.8},"geometry":{"type":"LineString","coordinates":[[630017.1,5219584.0],[630016.0,5219582.57]]}},{"type":"Feature","properties":{"vineyard_id":"T032_021","row_id":"T032_021-R01","row_structure":"regular","tile":"siret3_r032_c021.tif","length_m":5.23},"geometry":{"type":"LineString","coordinates":[[630118.38,5219536.95],[630115.16,5219532.83]]}},{"type":"Feature","properties":{"vineyard_id":"T032_021","row_id":"T032_021-R02","row_structure":"regular","tile":"siret3_r032_c021.tif","length_m":11.23},"geometry":{"type":"LineString","coordinates":[[630118.38,5219541.64],[630111.44,5219532.82]]}},{"type":"Feature","properties":{"vineyard_id":"T032_021","row_id":"T032_021-R03","row_structure":"disrupted","tile":"siret3_r032_c021.tif","length_m":20.28},"geometry":{"type":"LineString","coordinates":[[630118.37,5219548.71],[630105.77,5219532.83]]}},{"type":"Feature","properties":{"vineyard_id":"T032_021","row_id":"T032_021-R04","row_structure":"disrupted","tile":"siret3_r032_c021.tif","length_m":24.67},"geometry":{"type":"LineString","coordinates":[[630118.39,5219552.37],[630103.32,5219532.83]]}},{"type":"Feature","properties":{"vineyard_id":"T032_021","row_id":"T032_021-R05","row_structure":"regular","tile":"siret3_r032_c021.tif","length_m":31.0},"geometry":{"type":"LineString","coordinates":[[630118.37,5219557.33],[630099.39,5219532.82]]}},{"type":"Feature","properties":{"vineyard_id":"T032_021","row_id":"T032_021-R06","row_structure":"regular","tile":"siret3_r032_c021.tif","length_m":36.57},"geometry":{"type":"LineString","coordinates":[[630118.38,5219561.7],[630095.93,5219532.82]]}},{"type":"Feature","properties":{"vineyard_id":"T032_021","row_id":"T032_021-R07","row_structure":"regular","tile":"siret3_r032_c021.tif","length_m":42.4},"geometry":{"type":"LineString","coordinates":[[630118.38,5219566.32],[630092.38,5219532.83]]}},{"type":"Feature","properties":{"vineyard_id":"T032_021","row_id":"T032_021-R08","row_structure":"regular","tile":"siret3_r032_c021.tif","length_m":47.25},"geometry":{"type":"LineString","coordinates":[[630118.38,5219570.12],[630089.37,5219532.82]]}},{"type":"Feature","properties":{"vineyard_id":"T032_021","row_id":"T032_021-R09","row_structure":"regular","tile":"siret3_r032_c021.tif","length_m":64.83},"geometry":{"type":"LineString","coordinates":[[630117.98,5219584.0],[630078.19,5219532.82]]}},{"type":"Feature","properties":{"vineyard_id":"T032_021","row_id":"T032_021-R10","row_structure":"disrupted","tile":"siret3_r032_c021.tif","length_m":64.85},"geometry":{"type":"LineString","coordinates":[[630114.56,5219584.0],[630074.73,5219532.82]]}},{"type":"Feature","properties":{"vineyard_id":"T032_021","row_id":"T032_021-R11","row_structure":"disrupted","tile":"siret3_r032_c021.tif","length_m":64.87},"geometry":{"type":"LineString","coordinates":[[630111.34,5219584.0],[630071.49,5219532.81]]}},{"type":"Feature","properties":{"vineyard_id":"T032_021","row_id":"T032_021-R12","row_structure":"disrupted","tile":"siret3_r032_c021.tif","length_m":64.9},"geometry":{"type":"LineString","coordinates":[[630108.13,5219584.0],[630068.22,5219532.82]]}},{"type":"Feature","properties":{"vineyard_id":"T032_021","row_id":"T032_021-R13","row_structure":"disrupted","tile":"siret3_r032_c021.tif","length_m":61.59},"geometry":{"type":"LineString","coordinates":[[630105.03,5219584.0],[630067.2,5219535.41]]}},{"type":"Feature","properties":{"vineyard_id":"T032_021","row_id":"T032_021-R14","row_structure":"disrupted","tile":"siret3_r032_c021.tif","length_m":56.57},"geometry":{"type":"LineString","coordinates":[[630101.88,5219584.0],[630067.2,5219539.31]]}},{"type":"Feature","properties":{"vineyard_id":"T032_021","row_id":"T032_021-R15","row_structure":"disrupted","tile":"siret3_r032_c021.tif","length_m":51.08},"geometry":{"type":"LineString","coordinates":[[630098.49,5219583.99],[630067.2,5219543.61]]}},{"type":"Feature","properties":{"vineyard_id":"T032_021","row_id":"T032_021-R16","row_structure":"disrupted","tile":"siret3_r032_c021.tif","length_m":46.13},"geometry":{"type":"LineString","coordinates":[[630095.56,5219584.0],[630067.2,5219547.62]]}},{"type":"Feature","properties":{"vineyard_id":"T032_021","row_id":"T032_021-R17","row_structure":"regular","tile":"siret3_r032_c021.tif","length_m":38.64},"geometry":{"type":"LineString","coordinates":[[630090.89,5219584.0],[630067.2,5219553.46]]}},{"type":"Feature","properties":{"vineyard_id":"T032_021","row_id":"T032_021-R18","row_structure":"regular","tile":"siret3_r032_c021.tif","length_m":33.45},"geometry":{"type":"LineString","coordinates":[[630087.78,5219583.99],[630067.2,5219557.62]]}},{"type":"Feature","properties":{"vineyard_id":"T032_021","row_id":"T032_021-R19","row_structure":"regular","tile":"siret3_r032_c021.tif","length_m":17.78},"geometry":{"type":"LineString","coordinates":[[630078.1,5219584.0],[630067.2,5219569.94]]}},{"type":"Feature","properties":{"vineyard_id":"T032_021","row_id":"T032_021-R20","row_structure":"regular","tile":"siret3_r032_c021.tif","length_m":12.15},"geometry":{"type":"LineString","coordinates":[[630074.62,5219584.0],[630067.2,5219574.38]]}},{"type":"Feature","properties":{"vineyard_id":"T032_021","row_id":"T032_021-R21","row_structure":"regular","tile":"siret3_r032_c021.tif","length_m":6.23},"geometry":{"type":"LineString","coordinates":[[630071.0,5219584.0],[630067.2,5219579.07]]}},{"type":"Feature","properties":{"vineyard_id":"T032_022","row_id":"T032_022-R01","row_structure":"regular","tile":"siret3_r032_c022.tif","length_m":25.67},"geometry":{"type":"LineString","coordinates":[[630169.57,5219535.07],[630143.99,5219532.82]]}},{"type":"Feature","properties":{"vineyard_id":"T032_022","row_id":"T032_022-R02","row_structure":"disrupted","tile":"siret3_r032_c022.tif","length_m":51.37},"geometry":{"type":"LineString","coordinates":[[630169.58,5219537.87],[630118.4,5219533.44]]}},{"type":"Feature","properties":{"vineyard_id":"T032_022","row_id":"T032_022-R03","row_structure":"disrupted","tile":"siret3_r032_c022.tif","length_m":51.37},"geometry":{"type":"LineString","coordinates":[[630169.59,5219540.3],[630118.41,5219535.87]]}},{"type":"Feature","properties":{"vineyard_id":"T032_022","row_id":"T032_022-R04","row_structure":"disrupted","tile":"siret3_r032_c022.tif","length_m":51.35},"geometry":{"type":"LineString","coordinates":[[630169.57,5219542.76],[630118.41,5219538.34]]}},{"type":"Feature","properties":{"vineyard_id":"T032_022","row_id":"T032_022-R05","row_structure":"disrupted","tile":"siret3_r032_c022.tif","length_m":51.37},"geometry":{"type":"LineString","coordinates":[[630169.58,5219545.01],[630118.4,5219540.61]]}},{"type":"Feature","properties":{"vineyard_id":"T032_022","row_id":"T032_022-R06","row_structure":"disrupted","tile":"siret3_r032_c022.tif","length_m":51.35},"geometry":{"type":"LineString","coordinates":[[630169.56,5219547.18],[630118.41,5219542.71]]}},{"type":"Feature","properties":{"vineyard_id":"T032_022","row_id":"T032_022-R07","row_structure":"disrupted","tile":"siret3_r032_c022.tif","length_m":51.37},"geometry":{"type":"LineString","coordinates":[[630169.58,5219549.81],[630118.41,5219545.29]]}},{"type":"Feature","properties":{"vineyard_id":"T032_022","row_id":"T032_022-R08","row_structure":"disrupted","tile":"siret3_r032_c022.tif","length_m":51.39},"geometry":{"type":"LineString","coordinates":[[630169.58,5219552.43],[630118.4,5219547.83]]}},{"type":"Feature","properties":{"vineyard_id":"T032_022","row_id":"T032_022-R09","row_structure":"disrupted","tile":"siret3_r032_c022.tif","length_m":51.37},"geometry":{"type":"LineString","coordinates":[[630169.58,5219554.98],[630118.4,5219550.61]]}},{"type":"Feature","properties":{"vineyard_id":"T032_022","row_id":"T032_022-R10","row_structure":"disrupted","tile":"siret3_r032_c022.tif","length_m":51.37},"geometry":{"type":"LineString","coordinates":[[630169.57,5219557.75],[630118.4,5219553.21]]}},{"type":"Feature","properties":{"vineyard_id":"T032_022","row_id":"T032_022-R11","row_structure":"disrupted","tile":"siret3_r032_c022.tif","length_m":51.37},"geometry":{"type":"LineString","coordinates":[[630169.58,5219559.93],[630118.4,5219555.46]]}},{"type":"Feature","properties":{"vineyard_id":"T032_022","row_id":"T032_022-R12","row_structure":"disrupted","tile":"siret3_r032_c022.tif","length_m":51.38},"geometry":{"type":"LineString","coordinates":[[630169.59,5219562.12],[630118.41,5219557.58]]}},{"type":"Feature","properties":{"vineyard_id":"T032_022","row_id":"T032_022-R13","row_structure":"disrupted","tile":"siret3_r032_c022.tif","length_m":51.36},"geometry":{"type":"LineString","coordinates":[[630169.57,5219565.15],[630118.4,5219560.71]]}},{"type":"Feature","properties":{"vineyard_id":"T032_022","row_id":"T032_022-R14","row_structure":"disrupted","tile":"siret3_r032_c022.tif","length_m":51.37},"geometry":{"type":"LineString","coordinates":[[630169.57,5219568.05],[630118.4,5219563.54]]}},{"type":"Feature","properties":{"vineyard_id":"T032_022","row_id":"T032_022-R15","row_structure":"disrupted","tile":"siret3_r032_c022.tif","length_m":51.37},"geometry":{"type":"LineString","coordinates":[[630169.59,5219570.45],[630118.41,5219565.97]]}},{"type":"Feature","properties":{"vineyard_id":"T032_022","row_id":"T032_022-R16","row_structure":"disrupted","tile":"siret3_r032_c022.tif","length_m":51.38},"geometry":{"type":"LineString","coordinates":[[630169.58,5219573.06],[630118.41,5219568.55]]}},{"type":"Feature","properties":{"vineyard_id":"T032_022","row_id":"T032_022-R17","row_structure":"disrupted","tile":"siret3_r032_c022.tif","length_m":51.37},"geometry":{"type":"LineString","coordinates":[[630169.58,5219575.95],[630118.4,5219571.46]]}},{"type":"Feature","properties":{"vineyard_id":"T032_022","row_id":"T032_022-R18","row_structure":"disrupted","tile":"siret3_r032_c022.tif","length_m":51.37},"geometry":{"type":"LineString","coordinates":[[630169.57,5219578.94],[630118.4,5219574.39]]}},{"type":"Feature","properties":{"vineyard_id":"T032_022","row_id":"T032_022-R19","row_structure":"disrupted","tile":"siret3_r032_c022.tif","length_m":51.37},"geometry":{"type":"LineString","coordinates":[[630169.57,5219581.24],[630118.4,5219576.76]]}},{"type":"Feature","properties":{"vineyard_id":"T032_022","row_id":"T032_022-R20","row_structure":"disrupted","tile":"siret3_r032_c022.tif","length_m":51.37},"geometry":{"type":"LineString","coordinates":[[630169.58,5219583.7],[630118.4,5219579.25]]}},{"type":"Feature","properties":{"vineyard_id":"T032_022","row_id":"T032_022-R21","row_structure":"disrupted","tile":"siret3_r032_c022.tif","length_m":23.19},"geometry":{"type":"LineString","coordinates":[[630141.52,5219584.0],[630118.4,5219582.14]]}},{"type":"Feature","properties":{"vineyard_id":"T032_023","row_id":"T032_023-R01","row_structure":"regular","tile":"siret3_r032_c023.tif","length_m":13.7},"geometry":{"type":"LineString","coordinates":[[630198.98,5219584.0],[630212.6,5219582.55]]}},{"type":"Feature","properties":{"vineyard_id":"T032_023","row_id":"T032_023-R02","row_structure":"regular","tile":"siret3_r032_c023.tif","length_m":39.21},"geometry":{"type":"LineString","coordinates":[[630176.33,5219584.0],[630215.26,5219579.35]]}},{"type":"Feature","properties":{"vineyard_id":"T032_023","row_id":"T032_023-R03","row_structure":"disrupted","tile":"siret3_r032_c023.tif","length_m":51.55},"geometry":{"type":"LineString","coordinates":[[630169.61,5219581.85],[630220.77,5219575.53]]}},{"type":"Feature","properties":{"vineyard_id":"T032_023","row_id":"T032_023-R04","row_structure":"disrupted","tile":"siret3_r032_c023.tif","length_m":51.55},"geometry":{"type":"LineString","coordinates":[[630169.6,5219578.48],[630220.77,5219572.18]]}},{"type":"Feature","properties":{"vineyard_id":"T032_023","row_id":"T032_023-R05","row_structure":"regular","tile":"siret3_r032_c023.tif","length_m":51.55},"geometry":{"type":"LineString","coordinates":[[630169.6,5219575.96],[630220.78,5219569.78]]}},{"type":"Feature","properties":{"vineyard_id":"T032_023","row_id":"T032_023-R06","row_structure":"disrupted","tile":"siret3_r032_c023.tif","length_m":51.55},"geometry":{"type":"LineString","coordinates":[[630169.6,5219573.69],[630220.77,5219567.4]]}},{"type":"Feature","properties":{"vineyard_id":"T032_023","row_id":"T032_023-R07","row_structure":"disrupted","tile":"siret3_r032_c023.tif","length_m":51.55},"geometry":{"type":"LineString","coordinates":[[630169.61,5219570.86],[630220.79,5219564.66]]}},{"type":"Feature","properties":{"vineyard_id":"T032_023","row_id":"T032_023-R08","row_structure":"disrupted","tile":"siret3_r032_c023.tif","length_m":51.53},"geometry":{"type":"LineString","coordinates":[[630169.6,5219568.3],[630220.77,5219562.18]]}},{"type":"Feature","properties":{"vineyard_id":"T032_023","row_id":"T032_023-R09","row_structure":"disrupted","tile":"siret3_r032_c023.tif","length_m":51.55},"geometry":{"type":"LineString","coordinates":[[630169.61,5219565.43],[630220.78,5219559.18]]}},{"type":"Feature","properties":{"vineyard_id":"T032_023","row_id":"T032_023-R10","row_structure":"regular","tile":"siret3_r032_c023.tif","length_m":51.55},"geometry":{"type":"LineString","coordinates":[[630169.61,5219562.71],[630220.78,5219556.45]]}},{"type":"Feature","properties":{"vineyard_id":"T032_023","row_id":"T032_023-R11","row_structure":"disrupted","tile":"siret3_r032_c023.tif","length_m":51.55},"geometry":{"type":"LineString","coordinates":[[630169.6,5219560.36],[630220.77,5219554.13]]}},{"type":"Feature","properties":{"vineyard_id":"T032_023","row_id":"T032_023-R12","row_structure":"disrupted","tile":"siret3_r032_c023.tif","length_m":51.54},"geometry":{"type":"LineString","coordinates":[[630169.6,5219557.57],[630220.78,5219551.44]]}},{"type":"Feature","properties":{"vineyard_id":"T032_023","row_id":"T032_023-R13","row_structure":"disrupted","tile":"siret3_r032_c023.tif","length_m":51.54},"geometry":{"type":"LineString","coordinates":[[630169.6,5219555.32],[630220.77,5219549.12]]}},{"type":"Feature","properties":{"vineyard_id":"T032_023","row_id":"T032_023-R14","row_structure":"disrupted","tile":"siret3_r032_c023.tif","length_m":51.55},"geometry":{"type":"LineString","coordinates":[[630169.6,5219552.62],[630220.77,5219546.41]]}},{"type":"Feature","properties":{"vineyard_id":"T032_023","row_id":"T032_023-R15","row_structure":"disrupted","tile":"siret3_r032_c023.tif","length_m":51.55},"geometry":{"type":"LineString","coordinates":[[630169.6,5219549.36],[630220.78,5219543.13]]}},{"type":"Feature","properties":{"vineyard_id":"T032_023","row_id":"T032_023-R16","row_structure":"disrupted","tile":"siret3_r032_c023.tif","length_m":51.54},"geometry":{"type":"LineString","coordinates":[[630169.6,5219546.57],[630220.77,5219540.36]]}},{"type":"Feature","properties":{"vineyard_id":"T032_023","row_id":"T032_023-R17","row_structure":"disrupted","tile":"siret3_r032_c023.tif","length_m":51.55},"geometry":{"type":"LineString","coordinates":[[630169.6,5219544.13],[630220.78,5219537.94]]}},{"type":"Feature","properties":{"vineyard_id":"T032_023","row_id":"T032_023-R18","row_structure":"disrupted","tile":"siret3_r032_c023.tif","length_m":51.55},"geometry":{"type":"LineString","coordinates":[[630169.6,5219542.02],[630220.77,5219535.79]]}},{"type":"Feature","properties":{"vineyard_id":"T032_023","row_id":"T032_023-R19","row_structure":"disrupted","tile":"siret3_r032_c023.tif","length_m":51.54},"geometry":{"type":"LineString","coordinates":[[630169.6,5219539.09],[630220.78,5219532.96]]}},{"type":"Feature","properties":{"vineyard_id":"T032_023","row_id":"T032_023-R20","row_structure":"disrupted","tile":"siret3_r032_c023.tif","length_m":28.08},"geometry":{"type":"LineString","coordinates":[[630169.6,5219536.03],[630197.49,5219532.8]]}},{"type":"Feature","properties":{"vineyard_id":"T032_023","row_id":"T032_023-R21","row_structure":"regular","tile":"siret3_r032_c023.tif","length_m":11.3},"geometry":{"type":"LineString","coordinates":[[630169.6,5219533.86],[630180.85,5219532.81]]}},{"type":"Feature","properties":{"vineyard_id":"T032_024","row_id":"T032_024-R01","row_structure":"regular","tile":"siret3_r032_c024.tif","length_m":18.43},"geometry":{"type":"LineString","coordinates":[[630269.32,5219584.0],[630271.99,5219565.77]]}},{"type":"Feature","properties":{"vineyard_id":"T032_024","row_id":"T032_024-R02","row_structure":"regular","tile":"siret3_r032_c024.tif","length_m":51.83},"geometry":{"type":"LineString","coordinates":[[630257.13,5219584.0],[630265.28,5219532.81]]}},{"type":"Feature","properties":{"vineyard_id":"T032_024","row_id":"T032_024-R03","row_structure":"regular","tile":"siret3_r032_c024.tif","length_m":51.8},"geometry":{"type":"LineString","coordinates":[[630248.41,5219584.0],[630256.48,5219532.84]]}},{"type":"Feature","properties":{"vineyard_id":"T032_024","row_id":"T032_024-R04","row_structure":"regular","tile":"siret3_r032_c024.tif","length_m":51.8},"geometry":{"type":"LineString","coordinates":[[630245.77,5219583.99],[630253.9,5219532.83]]}},{"type":"Feature","properties":{"vineyard_id":"T032_024","row_id":"T032_024-R05","row_structure":"regular","tile":"siret3_r032_c024.tif","length_m":51.82},"geometry":{"type":"LineString","coordinates":[[630243.93,5219584.0],[630252.07,5219532.82]]}},{"type":"Feature","properties":{"vineyard_id":"T032_024","row_id":"T032_024-R06","row_structure":"regular","tile":"siret3_r032_c024.tif","length_m":51.8},"geometry":{"type":"LineString","coordinates":[[630241.62,5219583.99],[630249.77,5219532.84]]}},{"type":"Feature","properties":{"vineyard_id":"T032_024","row_id":"T032_024-R07","row_structure":"regular","tile":"siret3_r032_c024.tif","length_m":51.82},"geometry":{"type":"LineString","coordinates":[[630239.44,5219584.0],[630247.59,5219532.82]]}},{"type":"Feature","properties":{"vineyard_id":"T032_024","row_id":"T032_024-R08","row_structure":"disrupted","tile":"siret3_r032_c024.tif","length_m":51.82},"geometry":{"type":"LineString","coordinates":[[630237.68,5219584.0],[630245.86,5219532.83]]}},{"type":"Feature","properties":{"vineyard_id":"T032_024","row_id":"T032_024-R09","row_structure":"regular","tile":"siret3_r032_c024.tif","length_m":51.8},"geometry":{"type":"LineString","coordinates":[[630235.7,5219583.99],[630243.71,5219532.81]]}},{"type":"Feature","properties":{"vineyard_id":"T032_024","row_id":"T032_024-R10","row_structure":"regular","tile":"siret3_r032_c024.tif","length_m":51.83},"geometry":{"type":"LineString","coordinates":[[630233.84,5219584.0],[630241.98,5219532.82]]}},{"type":"Feature","properties":{"vineyard_id":"T032_024","row_id":"T032_024-R11","row_structure":"regular","tile":"siret3_r032_c024.tif","length_m":51.8},"geometry":{"type":"LineString","coordinates":[[630231.43,5219584.0],[630239.53,5219532.83]]}},{"type":"Feature","properties":{"vineyard_id":"T032_024","row_id":"T032_024-R12","row_structure":"regular","tile":"siret3_r032_c024.tif","length_m":51.8},"geometry":{"type":"LineString","coordinates":[[630229.32,5219583.99],[630237.45,5219532.83]]}},{"type":"Feature","properties":{"vineyard_id":"T032_024","row_id":"T032_024-R13","row_structure":"disrupted","tile":"siret3_r032_c024.tif","length_m":51.8},"geometry":{"type":"LineString","coordinates":[[630227.22,5219583.99],[630235.33,5219532.83]]}},{"type":"Feature","properties":{"vineyard_id":"T032_024","row_id":"T032_024-R14","row_structure":"disrupted","tile":"siret3_r032_c024.tif","length_m":51.8},"geometry":{"type":"LineString","coordinates":[[630224.67,5219583.99],[630232.74,5219532.82]]}},{"type":"Feature","properties":{"vineyard_id":"T032_024","row_id":"T032_024-R15","row_structure":"regular","tile":"siret3_r032_c024.tif","length_m":10.26},"geometry":{"type":"LineString","coordinates":[[630220.8,5219542.99],[630222.16,5219532.82]]}},{"type":"Feature","properties":{"vineyard_id":"T032_026","row_id":"T032_026-R01","row_structure":"regular","tile":"siret3_r032_c026.tif","length_m":10.73},"geometry":{"type":"LineString","coordinates":[[630374.38,5219535.69],[630364.05,5219532.82]]}},{"type":"Feature","properties":{"vineyard_id":"T032_026","row_id":"T032_026-R02","row_structure":"regular","tile":"siret3_r032_c026.tif","length_m":20.93},"geometry":{"type":"LineString","coordinates":[[630374.37,5219538.72],[630354.3,5219532.82]]}},{"type":"Feature","properties":{"vineyard_id":"T032_026","row_id":"T032_026-R03","row_structure":"regular","tile":"siret3_r032_c026.tif","length_m":29.4},"geometry":{"type":"LineString","coordinates":[[630374.37,5219541.22],[630346.19,5219532.83]]}},{"type":"Feature","properties":{"vineyard_id":"T032_026","row_id":"T032_026-R04","row_structure":"disrupted","tile":"siret3_r032_c026.tif","length_m":37.53},"geometry":{"type":"LineString","coordinates":[[630374.39,5219543.72],[630338.48,5219532.82]]}},{"type":"Feature","properties":{"vineyard_id":"T032_026","row_id":"T032_026-R05","row_structure":"regular","tile":"siret3_r032_c026.tif","length_m":34.82},"geometry":{"type":"LineString","coordinates":[[630374.39,5219546.19],[630341.11,5219535.92]]}},{"type":"Feature","properties":{"vineyard_id":"T032_026","row_id":"T032_026-R06","row_structure":"disrupted","tile":"siret3_r032_c026.tif","length_m":53.53},"geometry":{"type":"LineString","coordinates":[[630374.37,5219549.58],[630323.21,5219533.85]]}},{"type":"Feature","properties":{"vineyard_id":"T032_026","row_id":"T032_026-R07","row_structure":"disrupted","tile":"siret3_r032_c026.tif","length_m":28.38},"geometry":{"type":"LineString","coordinates":[[630350.34,5219546.11],[630323.21,5219537.79]]}},{"type":"Feature","properties":{"vineyard_id":"T032_026","row_id":"T032_026-R08","row_structure":"disrupted","tile":"siret3_r032_c026.tif","length_m":25.59},"geometry":{"type":"LineString","coordinates":[[630347.69,5219547.49],[630323.2,5219540.06]]}},{"type":"Feature","properties":{"vineyard_id":"T032_026","row_id":"T032_026-R09","row_structure":"disrupted","tile":"siret3_r032_c026.tif","length_m":19.22},"geometry":{"type":"LineString","coordinates":[[630346.04,5219552.72],[630327.64,5219547.15]]}},{"type":"Feature","properties":{"vineyard_id":"T032_026","row_id":"T032_026-R10","row_structure":"disrupted","tile":"siret3_r032_c026.tif","length_m":18.98},"geometry":{"type":"LineString","coordinates":[[630345.36,5219554.71],[630327.15,5219549.36]]}},{"type":"Feature","properties":{"vineyard_id":"T032_026","row_id":"T032_026-R11","row_structure":"regular","tile":"siret3_r032_c026.tif","length_m":14.95},"geometry":{"type":"LineString","coordinates":[[630344.03,5219557.35],[630329.73,5219552.97]]}},{"type":"Feature","properties":{"vineyard_id":"T032_026","row_id":"T032_026-R12","row_structure":"regular","tile":"siret3_r032_c026.tif","length_m":19.75},"geometry":{"type":"LineString","coordinates":[[630342.09,5219563.68],[630323.2,5219557.91]]}},{"type":"Feature","properties":{"vineyard_id":"T032_026","row_id":"T032_026-R13","row_structure":"regular","tile":"siret3_r032_c026.tif","length_m":18.77},"geometry":{"type":"LineString","coordinates":[[630341.15,5219565.72],[630323.2,5219560.23]]}},{"type":"Feature","properties":{"vineyard_id":"T032_026","row_id":"T032_026-R14","row_structure":"regular","tile":"siret3_r032_c026.tif","length_m":17.07},"geometry":{"type":"LineString","coordinates":[[630339.55,5219569.75],[630323.2,5219564.83]]}},{"type":"Feature","properties":{"vineyard_id":"T032_026","row_id":"T032_026-R15","row_structure":"regular","tile":"siret3_r032_c026.tif","length_m":13.7},"geometry":{"type":"LineString","coordinates":[[630336.31,5219575.64],[630323.2,5219571.68]]}},{"type":"Feature","properties":{"vineyard_id":"T032_026","row_id":"T032_026-R16","row_structure":"regular","tile":"siret3_r032_c026.tif","length_m":29.42},"geometry":{"type":"LineString","coordinates":[[630351.33,5219584.0],[630323.2,5219575.39]]}},{"type":"Feature","properties":{"vineyard_id":"T032_026","row_id":"T032_026-R17","row_structure":"disrupted","tile":"siret3_r032_c026.tif","length_m":21.38},"geometry":{"type":"LineString","coordinates":[[630343.62,5219584.0],[630323.2,5219577.66]]}},{"type":"Feature","properties":{"vineyard_id":"T032_026","row_id":"T032_026-R18","row_structure":"regular","tile":"siret3_r032_c026.tif","length_m":15.05},"geometry":{"type":"LineString","coordinates":[[630337.66,5219584.0],[630323.2,5219579.81]]}},{"type":"Feature","properties":{"vineyard_id":"T032_026","row_id":"T032_026-R19","row_structure":"regular","tile":"siret3_r032_c026.tif","length_m":7.84},"geometry":{"type":"LineString","coordinates":[[630330.77,5219584.0],[630323.21,5219581.92]]}},{"type":"Feature","properties":{"vineyard_id":"T032_027","row_id":"T032_027-R01","row_structure":"disrupted","tile":"siret3_r032_c027.tif","length_m":8.35},"geometry":{"type":"LineString","coordinates":[[630425.56,5219533.82],[630417.28,5219532.82]]}},{"type":"Feature","properties":{"vineyard_id":"T032_027","row_id":"T032_027-R02","row_structure":"disrupted","tile":"siret3_r032_c027.tif","length_m":32.05},"geometry":{"type":"LineString","coordinates":[[630425.58,5219536.59],[630393.75,5219532.82]]}},{"type":"Feature","properties":{"vineyard_id":"T032_027","row_id":"T032_027-R03","row_structure":"disrupted","tile":"siret3_r032_c027.tif","length_m":51.54},"geometry":{"type":"LineString","coordinates":[[630425.58,5219540.37],[630374.4,5219534.26]]}},{"type":"Feature","properties":{"vineyard_id":"T032_027","row_id":"T032_027-R04","row_structure":"disrupted","tile":"siret3_r032_c027.tif","length_m":51.54},"geometry":{"type":"LineString","coordinates":[[630425.57,5219543.32],[630374.4,5219537.14]]}},{"type":"Feature","properties":{"vineyard_id":"T032_027","row_id":"T032_027-R05","row_structure":"disrupted","tile":"siret3_r032_c027.tif","length_m":51.53},"geometry":{"type":"LineString","coordinates":[[630425.57,5219545.88],[630374.41,5219539.75]]}},{"type":"Feature","properties":{"vineyard_id":"T032_027","row_id":"T032_027-R06","row_structure":"disrupted","tile":"siret3_r032_c027.tif","length_m":51.53},"geometry":{"type":"LineString","coordinates":[[630425.57,5219548.36],[630374.41,5219542.21]]}},{"type":"Feature","properties":{"vineyard_id":"T032_027","row_id":"T032_027-R07","row_structure":"disrupted","tile":"siret3_r032_c027.tif","length_m":51.52},"geometry":{"type":"LineString","coordinates":[[630425.58,5219551.2],[630374.41,5219545.1]]}},{"type":"Feature","properties":{"vineyard_id":"T032_027","row_id":"T032_027-R08","row_structure":"disrupted","tile":"siret3_r032_c027.tif","length_m":51.55},"geometry":{"type":"LineString","coordinates":[[630425.58,5219554.29],[630374.41,5219548.05]]}},{"type":"Feature","properties":{"vineyard_id":"T032_027","row_id":"T032_027-R09","row_structure":"disrupted","tile":"siret3_r032_c027.tif","length_m":51.55},"geometry":{"type":"LineString","coordinates":[[630425.57,5219556.04],[630374.4,5219549.8]]}},{"type":"Feature","properties":{"vineyard_id":"T032_027","row_id":"T032_027-R10","row_structure":"disrupted","tile":"siret3_r032_c027.tif","length_m":51.55},"geometry":{"type":"LineString","coordinates":[[630425.57,5219558.5],[630374.4,5219552.25]]}},{"type":"Feature","properties":{"vineyard_id":"T032_027","row_id":"T032_027-R11","row_structure":"disrupted","tile":"siret3_r032_c027.tif","length_m":39.67},"geometry":{"type":"LineString","coordinates":[[630425.58,5219562.62],[630386.21,5219557.67]]}},{"type":"Feature","properties":{"vineyard_id":"T032_027","row_id":"T032_027-R12","row_structure":"disrupted","tile":"siret3_r032_c027.tif","length_m":38.28},"geometry":{"type":"LineString","coordinates":[[630425.57,5219564.39],[630387.53,5219560.15]]}},{"type":"Feature","properties":{"vineyard_id":"T032_027","row_id":"T032_027-R13","row_structure":"disrupted","tile":"siret3_r032_c027.tif","length_m":30.03},"geometry":{"type":"LineString","coordinates":[[630413.93,5219564.79],[630384.08,5219561.53]]}},{"type":"Feature","properties":{"vineyard_id":"T032_027","row_id":"T032_027-R14","row_structure":"regular","tile":"siret3_r032_c027.tif","length_m":7.72},"geometry":{"type":"LineString","coordinates":[[630390.82,5219564.94],[630383.15,5219564.03]]}},{"type":"Feature","properties":{"vineyard_id":"T032_027","row_id":"T032_027-R15","row_structure":"regular","tile":"siret3_r032_c027.tif","length_m":5.23},"geometry":{"type":"LineString","coordinates":[[630388.25,5219567.28],[630383.06,5219566.65]]}},{"type":"Feature","properties":{"vineyard_id":"T032_028","row_id":"T032_028-R01","row_structure":"regular","tile":"siret3_r032_c028.tif","length_m":8.13},"geometry":{"type":"LineString","coordinates":[[630476.78,5219540.71],[630474.83,5219532.83]]}},{"type":"Feature","properties":{"vineyard_id":"T032_028","row_id":"T032_028-R02","row_structure":"regular","tile":"siret3_r032_c028.tif","length_m":16.5},"geometry":{"type":"LineString","coordinates":[[630476.79,5219548.74],[630472.4,5219532.83]]}},{"type":"Feature","properties":{"vineyard_id":"T032_028","row_id":"T032_028-R03","row_structure":"disrupted","tile":"siret3_r032_c028.tif","length_m":25.17},"geometry":{"type":"LineString","coordinates":[[630476.78,5219557.15],[630470.31,5219532.82]]}},{"type":"Feature","properties":{"vineyard_id":"T032_028","row_id":"T032_028-R04","row_structure":"disrupted","tile":"siret3_r032_c028.tif","length_m":34.25},"geometry":{"type":"LineString","coordinates":[[630476.79,5219565.92],[630467.93,5219532.84]]}},{"type":"Feature","properties":{"vineyard_id":"T032_028","row_id":"T032_028-R05","row_structure":"disrupted","tile":"siret3_r032_c028.tif","length_m":47.32},"geometry":{"type":"LineString","coordinates":[[630476.79,5219578.58],[630464.65,5219532.84]]}},{"type":"Feature","properties":{"vineyard_id":"T032_028","row_id":"T032_028-R06","row_structure":"disrupted","tile":"siret3_r032_c028.tif","length_m":52.97},"geometry":{"type":"LineString","coordinates":[[630475.8,5219583.99],[630462.11,5219532.82]]}},{"type":"Feature","properties":{"vineyard_id":"T032_028","row_id":"T032_028-R07","row_structure":"disrupted","tile":"siret3_r032_c028.tif","length_m":53.0},"geometry":{"type":"LineString","coordinates":[[630473.4,5219583.99],[630459.6,5219532.82]]}},{"type":"Feature","properties":{"vineyard_id":"T032_028","row_id":"T032_028-R08","row_structure":"disrupted","tile":"siret3_r032_c028.tif","length_m":43.85},"geometry":{"type":"LineString","coordinates":[[630467.05,5219575.21],[630455.79,5219532.83]]}},{"type":"Feature","properties":{"vineyard_id":"T032_028","row_id":"T032_028-R09","row_structure":"disrupted","tile":"siret3_r032_c028.tif","length_m":43.25},"geometry":{"type":"LineString","coordinates":[[630464.35,5219574.61],[630453.16,5219532.83]]}},{"type":"Feature","properties":{"vineyard_id":"T032_028","row_id":"T032_028-R10","row_structure":"disrupted","tile":"siret3_r032_c028.tif","length_m":43.57},"geometry":{"type":"LineString","coordinates":[[630462.08,5219574.93],[630450.83,5219532.84]]}},{"type":"Feature","properties":{"vineyard_id":"T032_028","row_id":"T032_028-R11","row_structure":"disrupted","tile":"siret3_r032_c028.tif","length_m":47.63},"geometry":{"type":"LineString","coordinates":[[630459.55,5219578.82],[630447.22,5219532.82]]}},{"type":"Feature","properties":{"vineyard_id":"T032_028","row_id":"T032_028-R12","row_structure":"disrupted","tile":"siret3_r032_c028.tif","length_m":42.58},"geometry":{"type":"LineString","coordinates":[[630455.58,5219573.93],[630444.54,5219532.81]]}},{"type":"Feature","properties":{"vineyard_id":"T032_028","row_id":"T032_028-R13","row_structure":"disrupted","tile":"siret3_r032_c028.tif","length_m":45.93},"geometry":{"type":"LineString","coordinates":[[630453.55,5219577.2],[630441.74,5219532.82]]}},{"type":"Feature","properties":{"vineyard_id":"T032_028","row_id":"T032_028-R14","row_structure":"disrupted","tile":"siret3_r032_c028.tif","length_m":42.08},"geometry":{"type":"LineString","coordinates":[[630450.91,5219573.45],[630440.0,5219532.82]]}},{"type":"Feature","properties":{"vineyard_id":"T032_028","row_id":"T032_028-R15","row_structure":"disrupted","tile":"siret3_r032_c028.tif","length_m":42.3},"geometry":{"type":"LineString","coordinates":[[630448.24,5219573.67],[630437.27,5219532.82]]}},{"type":"Feature","properties":{"vineyard_id":"T032_028","row_id":"T032_028-R16","row_structure":"disrupted","tile":"siret3_r032_c028.tif","length_m":43.1},"geometry":{"type":"LineString","coordinates":[[630444.62,5219574.44],[630433.43,5219532.82]]}},{"type":"Feature","properties":{"vineyard_id":"T032_028","row_id":"T032_028-R17","row_structure":"disrupted","tile":"siret3_r032_c028.tif","length_m":37.82},"geometry":{"type":"LineString","coordinates":[[630440.81,5219569.38],[630431.1,5219532.82]]}},{"type":"Feature","properties":{"vineyard_id":"T032_028","row_id":"T032_028-R18","row_structure":"disrupted","tile":"siret3_r032_c028.tif","length_m":41.88},"geometry":{"type":"LineString","coordinates":[[630439.85,5219573.26],[630428.99,5219532.81]]}},{"type":"Feature","properties":{"vineyard_id":"T032_028","row_id":"T032_028-R19","row_structure":"disrupted","tile":"siret3_r032_c028.tif","length_m":40.0},"geometry":{"type":"LineString","coordinates":[[630436.73,5219571.48],[630426.4,5219532.84]]}},{"type":"Feature","properties":{"vineyard_id":"T032_028","row_id":"T032_028-R20","row_structure":"disrupted","tile":"siret3_r032_c028.tif","length_m":28.13},"geometry":{"type":"LineString","coordinates":[[630432.65,5219567.53],[630425.6,5219540.29]]}},{"type":"Feature","properties":{"vineyard_id":"T032_028","row_id":"T032_028-R21","row_structure":"disrupted","tile":"siret3_r032_c028.tif","length_m":17.11},"geometry":{"type":"LineString","coordinates":[[630430.07,5219565.78],[630425.6,5219549.27]]}},{"type":"Feature","properties":{"vineyard_id":"T032_029","row_id":"T032_029-R01","row_structure":"regular","tile":"siret3_r032_c029.tif","length_m":8.83},"geometry":{"type":"LineString","coordinates":[[630527.98,5219541.59],[630526.85,5219532.83]]}},{"type":"Feature","properties":{"vineyard_id":"T032_029","row_id":"T032_029-R02","row_structure":"regular","tile":"siret3_r032_c029.tif","length_m":13.1},"geometry":{"type":"LineString","coordinates":[[630526.36,5219545.75],[630524.25,5219532.82]]}},{"type":"Feature","properties":{"vineyard_id":"T032_029","row_id":"T032_029-R03","row_structure":"disrupted","tile":"siret3_r032_c029.tif","length_m":34.75},"geometry":{"type":"LineString","coordinates":[[630527.99,5219567.16],[630522.57,5219532.83]]}},{"type":"Feature","properties":{"vineyard_id":"T032_029","row_id":"T032_029-R04","row_structure":"disrupted","tile":"siret3_r032_c029.tif","length_m":33.23},"geometry":{"type":"LineString","coordinates":[[630524.59,5219565.64],[630519.4,5219532.83]]}},{"type":"Feature","properties":{"vineyard_id":"T032_029","row_id":"T032_029-R05","row_structure":"disrupted","tile":"siret3_r032_c029.tif","length_m":32.65},"geometry":{"type":"LineString","coordinates":[[630522.35,5219565.06],[630517.18,5219532.82]]}},{"type":"Feature","properties":{"vineyard_id":"T032_029","row_id":"T032_029-R06","row_structure":"disrupted","tile":"siret3_r032_c029.tif","length_m":31.75},"geometry":{"type":"LineString","coordinates":[[630519.68,5219564.17],[630514.68,5219532.82]]}},{"type":"Feature","properties":{"vineyard_id":"T032_029","row_id":"T032_029-R07","row_structure":"disrupted","tile":"siret3_r032_c029.tif","length_m":31.65},"geometry":{"type":"LineString","coordinates":[[630517.88,5219564.07],[630512.87,5219532.82]]}},{"type":"Feature","properties":{"vineyard_id":"T032_029","row_id":"T032_029-R08","row_structure":"disrupted","tile":"siret3_r032_c029.tif","length_m":31.27},"geometry":{"type":"LineString","coordinates":[[630516.45,5219563.72],[630511.56,5219532.83]]}},{"type":"Feature","properties":{"vineyard_id":"T032_029","row_id":"T032_029-R09","row_structure":"disrupted","tile":"siret3_r032_c029.tif","length_m":28.73},"geometry":{"type":"LineString","coordinates":[[630510.23,5219561.18],[630505.7,5219532.82]]}},{"type":"Feature","properties":{"vineyard_id":"T032_029","row_id":"T032_029-R10","row_structure":"disrupted","tile":"siret3_r032_c029.tif","length_m":29.4},"geometry":{"type":"LineString","coordinates":[[630508.57,5219561.88],[630504.02,5219532.83]]}},{"type":"Feature","properties":{"vineyard_id":"T032_029","row_id":"T032_029-R11","row_structure":"disrupted","tile":"siret3_r032_c029.tif","length_m":27.45},"geometry":{"type":"LineString","coordinates":[[630503.26,5219559.96],[630499.03,5219532.84]]}},{"type":"Feature","properties":{"vineyard_id":"T032_029","row_id":"T032_029-R12","row_structure":"disrupted","tile":"siret3_r032_c029.tif","length_m":51.82},"geometry":{"type":"LineString","coordinates":[[630499.08,5219584.0],[630490.97,5219532.82]]}},{"type":"Feature","properties":{"vineyard_id":"T032_029","row_id":"T032_029-R13","row_structure":"disrupted","tile":"siret3_r032_c029.tif","length_m":51.8},"geometry":{"type":"LineString","coordinates":[[630495.85,5219583.99],[630487.71,5219532.83]]}},{"type":"Feature","properties":{"vineyard_id":"T032_029","row_id":"T032_029-R14","row_structure":"disrupted","tile":"siret3_r032_c029.tif","length_m":51.82},"geometry":{"type":"LineString","coordinates":[[630493.39,5219584.0],[630485.27,5219532.82]]}},{"type":"Feature","properties":{"vineyard_id":"T032_029","row_id":"T032_029-R15","row_structure":"disrupted","tile":"siret3_r032_c029.tif","length_m":51.82},"geometry":{"type":"LineString","coordinates":[[630490.78,5219584.0],[630482.67,5219532.82]]}},{"type":"Feature","properties":{"vineyard_id":"T032_029","row_id":"T032_029-R16","row_structure":"disrupted","tile":"siret3_r032_c029.tif","length_m":51.82},"geometry":{"type":"LineString","coordinates":[[630488.06,5219584.0],[630479.99,5219532.82]]}},{"type":"Feature","properties":{"vineyard_id":"T032_029","row_id":"T032_029-R17","row_structure":"disrupted","tile":"siret3_r032_c029.tif","length_m":51.8},"geometry":{"type":"LineString","coordinates":[[630485.88,5219584.0],[630477.8,5219532.83]]}},{"type":"Feature","properties":{"vineyard_id":"T032_029","row_id":"T032_029-R18","row_structure":"regular","tile":"siret3_r032_c029.tif","length_m":44.69},"geometry":{"type":"LineString","coordinates":[[630483.62,5219584.0],[630476.8,5219539.83]]}},{"type":"Feature","properties":{"vineyard_id":"T032_029","row_id":"T032_029-R19","row_structure":"regular","tile":"siret3_r032_c029.tif","length_m":27.16},"geometry":{"type":"LineString","coordinates":[[630480.88,5219584.0],[630476.8,5219557.14]]}},{"type":"Feature","properties":{"vineyard_id":"T032_029","row_id":"T032_029-R20","row_structure":"disrupted","tile":"siret3_r032_c029.tif","length_m":13.26},"geometry":{"type":"LineString","coordinates":[[630478.53,5219584.0],[630476.8,5219570.86]]}},{"type":"Feature","properties":{"vineyard_id":"T032_030","row_id":"T032_030-R01","row_structure":"regular","tile":"siret3_r032_c030.tif","length_m":6.35},"geometry":{"type":"LineString","coordinates":[[630578.33,5219579.96],[630579.19,5219573.67]]}},{"type":"Feature","properties":{"vineyard_id":"T032_030","row_id":"T032_030-R02","row_structure":"regular","tile":"siret3_r032_c030.tif","length_m":6.0},"geometry":{"type":"LineString","coordinates":[[630564.95,5219575.96],[630565.76,5219570.01]]}},{"type":"Feature","properties":{"vineyard_id":"T032_030","row_id":"T032_030-R03","row_structure":"disrupted","tile":"siret3_r032_c030.tif","length_m":20.92},"geometry":{"type":"LineString","coordinates":[[630560.91,5219574.6],[630563.7,5219553.86]]}},{"type":"Feature","properties":{"vineyard_id":"T032_030","row_id":"T032_030-R04","row_structure":"disrupted","tile":"siret3_r032_c030.tif","length_m":24.05},"geometry":{"type":"LineString","coordinates":[[630558.16,5219574.1],[630561.34,5219550.26]]}},{"type":"Feature","properties":{"vineyard_id":"T032_030","row_id":"T032_030-R05","row_structure":"disrupted","tile":"siret3_r032_c030.tif","length_m":28.82},"geometry":{"type":"LineString","coordinates":[[630554.08,5219573.25],[630557.86,5219544.67]]}},{"type":"Feature","properties":{"vineyard_id":"T032_030","row_id":"T032_030-R06","row_structure":"disrupted","tile":"siret3_r032_c030.tif","length_m":35.07},"geometry":{"type":"LineString","coordinates":[[630550.39,5219572.42],[630555.16,5219537.67]]}},{"type":"Feature","properties":{"vineyard_id":"T032_030","row_id":"T032_030-R07","row_structure":"disrupted","tile":"siret3_r032_c030.tif","length_m":36.1},"geometry":{"type":"LineString","coordinates":[[630546.49,5219571.26],[630551.16,5219535.46]]}},{"type":"Feature","properties":{"vineyard_id":"T032_030","row_id":"T032_030-R08","row_structure":"disrupted","tile":"siret3_r032_c030.tif","length_m":37.1},"geometry":{"type":"LineString","coordinates":[[630542.41,5219569.6],[630547.35,5219532.83]]}},{"type":"Feature","properties":{"vineyard_id":"T032_030","row_id":"T032_030-R09","row_structure":"disrupted","tile":"siret3_r032_c030.tif","length_m":36.1},"geometry":{"type":"LineString","coordinates":[[630537.47,5219568.61],[630542.34,5219532.84]]}},{"type":"Feature","properties":{"vineyard_id":"T032_030","row_id":"T032_030-R10","row_structure":"disrupted","tile":"siret3_r032_c030.tif","length_m":35.65},"geometry":{"type":"LineString","coordinates":[[630534.27,5219568.15],[630539.0,5219532.81]]}},{"type":"Feature","properties":{"vineyard_id":"T032_030","row_id":"T032_030-R11","row_structure":"disrupted","tile":"siret3_r032_c030.tif","length_m":34.9},"geometry":{"type":"LineString","coordinates":[[630530.92,5219567.39],[630535.64,5219532.81]]}},{"type":"Feature","properties":{"vineyard_id":"T032_030","row_id":"T032_030-R12","row_structure":"disrupted","tile":"siret3_r032_c030.tif","length_m":36.6},"geometry":{"type":"LineString","coordinates":[[630528.0,5219569.09],[630532.91,5219532.82]]}},{"type":"Feature","properties":{"vineyard_id":"T032_030","row_id":"T032_030-R13","row_structure":"regular","tile":"siret3_r032_c030.tif","length_m":16.04},"geometry":{"type":"LineString","coordinates":[[630528.0,5219548.73],[630530.07,5219532.82]]}},{"type":"Feature","properties":{"vineyard_id":"T033_019","row_id":"T033_019-R01","row_structure":"regular","tile":"siret3_r033_c019.tif","length_m":1.25},"geometry":{"type":"LineString","coordinates":[[630015.98,5219482.57],[630015.16,5219481.62]]}},{"type":"Feature","properties":{"vineyard_id":"T033_019","row_id":"T033_019-R02","row_structure":"regular","tile":"siret3_r033_c019.tif","length_m":15.02},"geometry":{"type":"LineString","coordinates":[[630015.97,5219493.17],[630006.37,5219481.61]]}},{"type":"Feature","properties":{"vineyard_id":"T033_019","row_id":"T033_019-R03","row_structure":"regular","tile":"siret3_r033_c019.tif","length_m":42.73},"geometry":{"type":"LineString","coordinates":[[630015.98,5219514.71],[629988.94,5219481.63]]}},{"type":"Feature","properties":{"vineyard_id":"T033_019","row_id":"T033_019-R04","row_structure":"regular","tile":"siret3_r033_c019.tif","length_m":47.85},"geometry":{"type":"LineString","coordinates":[[630015.98,5219518.59],[629985.6,5219481.62]]}},{"type":"Feature","properties":{"vineyard_id":"T033_019","row_id":"T033_019-R05","row_structure":"regular","tile":"siret3_r033_c019.tif","length_m":53.15},"geometry":{"type":"LineString","coordinates":[[630015.98,5219522.64],[629982.19,5219481.62]]}},{"type":"Feature","properties":{"vineyard_id":"T033_019","row_id":"T033_019-R06","row_structure":"regular","tile":"siret3_r033_c019.tif","length_m":58.53},"geometry":{"type":"LineString","coordinates":[[630015.99,5219526.81],[629978.8,5219481.62]]}},{"type":"Feature","properties":{"vineyard_id":"T033_019","row_id":"T033_019-R07","row_structure":"regular","tile":"siret3_r033_c019.tif","length_m":64.68},"geometry":{"type":"LineString","coordinates":[[630015.98,5219531.46],[629974.76,5219481.62]]}},{"type":"Feature","properties":{"vineyard_id":"T033_019","row_id":"T033_019-R08","row_structure":"regular","tile":"siret3_r033_c019.tif","length_m":66.45},"geometry":{"type":"LineString","coordinates":[[630013.29,5219532.8],[629970.92,5219481.61]]}},{"type":"Feature","properties":{"vineyard_id":"T033_019","row_id":"T033_019-R09","row_structure":"regular","tile":"siret3_r033_c019.tif","length_m":63.93},"geometry":{"type":"LineString","coordinates":[[630009.68,5219532.8],[629968.87,5219483.59]]}},{"type":"Feature","properties":{"vineyard_id":"T033_019","row_id":"T033_019-R10","row_structure":"regular","tile":"siret3_r033_c019.tif","length_m":60.07},"geometry":{"type":"LineString","coordinates":[[630004.4,5219532.8],[629966.39,5219486.28]]}},{"type":"Feature","properties":{"vineyard_id":"T033_019","row_id":"T033_019-R11","row_structure":"regular","tile":"siret3_r033_c019.tif","length_m":40.35},"geometry":{"type":"LineString","coordinates":[[629990.47,5219532.79],[629964.8,5219501.65]]}},{"type":"Feature","properties":{"vineyard_id":"T033_020","row_id":"T033_020-R02","row_structure":"regular","tile":"siret3_r033_c020.tif","length_m":6.4},"geometry":{"type":"LineString","coordinates":[[630067.17,5219486.56],[630063.1,5219481.62]]}},{"type":"Feature","properties":{"vineyard_id":"T033_020","row_id":"T033_020-R03","row_structure":"regular","tile":"siret3_r033_c020.tif","length_m":13.1},"geometry":{"type":"LineString","coordinates":[[630067.19,5219491.76],[630058.89,5219481.63]]}},{"type":"Feature","properties":{"vineyard_id":"T033_020","row_id":"T033_020-R04","row_structure":"regular","tile":"siret3_r033_c020.tif","length_m":34.07},"geometry":{"type":"LineString","coordinates":[[630067.18,5219507.94],[630045.54,5219481.62]]}},{"type":"Feature","properties":{"vineyard_id":"T033_020","row_id":"T033_020-R05","row_structure":"regular","tile":"siret3_r033_c020.tif","length_m":66.35},"geometry":{"type":"LineString","coordinates":[[630065.62,5219532.8],[630023.39,5219481.63]]}},{"type":"Feature","properties":{"vineyard_id":"T033_020","row_id":"T033_020-R06","row_structure":"regular","tile":"siret3_r033_c020.tif","length_m":33.99},"geometry":{"type":"LineString","coordinates":[[630037.62,5219532.79],[630016.0,5219506.56]]}},{"type":"Feature","properties":{"vineyard_id":"T033_020","row_id":"T033_020-R07","row_structure":"regular","tile":"siret3_r033_c020.tif","length_m":23.07},"geometry":{"type":"LineString","coordinates":[[630030.81,5219532.79],[630016.0,5219515.11]]}},{"type":"Feature","properties":{"vineyard_id":"T033_020","row_id":"T033_020-R08","row_structure":"regular","tile":"siret3_r033_c020.tif","length_m":18.45},"geometry":{"type":"LineString","coordinates":[[630027.74,5219532.8],[630016.0,5219518.57]]}},{"type":"Feature","properties":{"vineyard_id":"T033_020","row_id":"T033_020-R09","row_structure":"regular","tile":"siret3_r033_c020.tif","length_m":13.51},"geometry":{"type":"LineString","coordinates":[[630024.68,5219532.8],[630016.0,5219522.44]]}},{"type":"Feature","properties":{"vineyard_id":"T033_020","row_id":"T033_020-R10","row_structure":"regular","tile":"siret3_r033_c020.tif","length_m":7.98},"geometry":{"type":"LineString","coordinates":[[630021.11,5219532.8],[630016.01,5219526.66]]}},{"type":"Feature","properties":{"vineyard_id":"T033_020","row_id":"T033_020-R11","row_structure":"regular","tile":"siret3_r033_c020.tif","length_m":2.14},"geometry":{"type":"LineString","coordinates":[[630017.36,5219532.8],[630016.0,5219531.15]]}},{"type":"Feature","properties":{"vineyard_id":"T033_021","row_id":"T033_021-R01","row_structure":"regular","tile":"siret3_r033_c021.tif","length_m":4.07},"geometry":{"type":"LineString","coordinates":[[630118.38,5219484.89],[630115.94,5219481.63]]}},{"type":"Feature","properties":{"vineyard_id":"T033_021","row_id":"T033_021-R02","row_structure":"regular","tile":"siret3_r033_c021.tif","length_m":22.43},"geometry":{"type":"LineString","coordinates":[[630118.39,5219499.67],[630105.08,5219481.62]]}},{"type":"Feature","properties":{"vineyard_id":"T033_021","row_id":"T033_021-R03","row_structure":"regular","tile":"siret3_r033_c021.tif","length_m":33.45},"geometry":{"type":"LineString","coordinates":[[630118.37,5219508.54],[630098.52,5219481.62]]}},{"type":"Feature","properties":{"vineyard_id":"T033_021","row_id":"T033_021-R04","row_structure":"regular","tile":"siret3_r033_c021.tif","length_m":39.72},"geometry":{"type":"LineString","coordinates":[[630118.38,5219513.59],[630094.8,5219481.62]]}},{"type":"Feature","properties":{"vineyard_id":"T033_021","row_id":"T033_021-R05","row_structure":"regular","tile":"siret3_r033_c021.tif","length_m":46.08},"geometry":{"type":"LineString","coordinates":[[630118.37,5219518.72],[630091.05,5219481.62]]}},{"type":"Feature","properties":{"vineyard_id":"T033_021","row_id":"T033_021-R06","row_structure":"regular","tile":"siret3_r033_c021.tif","length_m":52.48},"geometry":{"type":"LineString","coordinates":[[630118.39,5219523.87],[630087.27,5219481.62]]}},{"type":"Feature","properties":{"vineyard_id":"T033_021","row_id":"T033_021-R07","row_structure":"disrupted","tile":"siret3_r033_c021.tif","length_m":59.08},"geometry":{"type":"LineString","coordinates":[[630118.37,5219529.1],[630083.22,5219481.62]]}},{"type":"Feature","properties":{"vineyard_id":"T033_021","row_id":"T033_021-R08","row_structure":"regular","tile":"siret3_r033_c021.tif","length_m":63.2},"geometry":{"type":"LineString","coordinates":[[630118.38,5219532.39],[630080.74,5219481.62]]}},{"type":"Feature","properties":{"vineyard_id":"T033_021","row_id":"T033_021-R09","row_structure":"regular","tile":"siret3_r033_c021.tif","length_m":63.55},"geometry":{"type":"LineString","coordinates":[[630114.75,5219532.79],[630077.05,5219481.63]]}},{"type":"Feature","properties":{"vineyard_id":"T033_021","row_id":"T033_021-R10","row_structure":"regular","tile":"siret3_r033_c021.tif","length_m":63.62},"geometry":{"type":"LineString","coordinates":[[630110.99,5219532.8],[630073.2,5219481.62]]}},{"type":"Feature","properties":{"vineyard_id":"T033_021","row_id":"T033_021-R11","row_structure":"regular","tile":"siret3_r033_c021.tif","length_m":63.57},"geometry":{"type":"LineString","coordinates":[[630107.4,5219532.8],[630069.68,5219481.63]]}},{"type":"Feature","properties":{"vineyard_id":"T033_021","row_id":"T033_021-R12","row_structure":"regular","tile":"siret3_r033_c021.tif","length_m":61.07},"geometry":{"type":"LineString","coordinates":[[630103.49,5219532.8],[630067.21,5219483.67]]}},{"type":"Feature","properties":{"vineyard_id":"T033_021","row_id":"T033_021-R13","row_structure":"regular","tile":"siret3_r033_c021.tif","length_m":54.54},"geometry":{"type":"LineString","coordinates":[[630099.53,5219532.8],[630067.2,5219488.87]]}},{"type":"Feature","properties":{"vineyard_id":"T033_021","row_id":"T033_021-R14","row_structure":"regular","tile":"siret3_r033_c021.tif","length_m":47.74},"geometry":{"type":"LineString","coordinates":[[630095.49,5219532.8],[630067.2,5219494.34]]}},{"type":"Feature","properties":{"vineyard_id":"T033_021","row_id":"T033_021-R15","row_structure":"regular","tile":"siret3_r033_c021.tif","length_m":23.26},"geometry":{"type":"LineString","coordinates":[[630080.98,5219532.8],[630067.2,5219514.06]]}},{"type":"Feature","properties":{"vineyard_id":"T033_021","row_id":"T033_021-R16","row_structure":"regular","tile":"siret3_r033_c021.tif","length_m":17.68},"geometry":{"type":"LineString","coordinates":[[630077.73,5219532.8],[630067.2,5219518.59]]}},{"type":"Feature","properties":{"vineyard_id":"T033_021","row_id":"T033_021-R17","row_structure":"regular","tile":"siret3_r033_c021.tif","length_m":11.73},"geometry":{"type":"LineString","coordinates":[[630074.08,5219532.8],[630067.2,5219523.29]]}},{"type":"Feature","properties":{"vineyard_id":"T033_021","row_id":"T033_021-R18","row_structure":"regular","tile":"siret3_r033_c021.tif","length_m":7.54},"geometry":{"type":"LineString","coordinates":[[630071.63,5219532.8],[630067.2,5219526.7]]}},{"type":"Feature","properties":{"vineyard_id":"T033_022","row_id":"T033_022-R01","row_structure":"disrupted","tile":"siret3_r033_c022.tif","length_m":13.63},"geometry":{"type":"LineString","coordinates":[[630169.58,5219494.96],[630166.73,5219481.63]]}},{"type":"Feature","properties":{"vineyard_id":"T033_022","row_id":"T033_022-R02","row_structure":"regular","tile":"siret3_r033_c022.tif","length_m":29.05},"geometry":{"type":"LineString","coordinates":[[630169.58,5219509.96],[630163.15,5219481.63]]}},{"type":"Feature","properties":{"vineyard_id":"T033_022","row_id":"T033_022-R03","row_structure":"disrupted","tile":"siret3_r033_c022.tif","length_m":45.35},"geometry":{"type":"LineString","coordinates":[[630169.59,5219525.86],[630159.6,5219481.62]]}},{"type":"Feature","properties":{"vineyard_id":"T033_022","row_id":"T033_022-R04","row_structure":"disrupted","tile":"siret3_r033_c022.tif","length_m":52.48},"geometry":{"type":"LineString","coordinates":[[630168.31,5219532.79],[630156.64,5219481.63]]}},{"type":"Feature","properties":{"vineyard_id":"T033_022","row_id":"T033_022-R05","row_structure":"disrupted","tile":"siret3_r033_c022.tif","length_m":52.47},"geometry":{"type":"LineString","coordinates":[[630165.18,5219532.79],[630153.5,5219481.63]]}},{"type":"Feature","properties":{"vineyard_id":"T033_022","row_id":"T033_022-R06","row_structure":"disrupted","tile":"siret3_r033_c022.tif","length_m":52.47},"geometry":{"type":"LineString","coordinates":[[630161.21,5219532.8],[630149.61,5219481.63]]}},{"type":"Feature","properties":{"vineyard_id":"T033_022","row_id":"T033_022-R07","row_structure":"disrupted","tile":"siret3_r033_c022.tif","length_m":52.48},"geometry":{"type":"LineString","coordinates":[[630157.65,5219532.8],[630146.03,5219481.63]]}},{"type":"Feature","properties":{"vineyard_id":"T033_022","row_id":"T033_022-R08","row_structure":"disrupted","tile":"siret3_r033_c022.tif","length_m":52.48},"geometry":{"type":"LineString","coordinates":[[630153.99,5219532.79],[630142.33,5219481.63]]}},{"type":"Feature","properties":{"vineyard_id":"T033_022","row_id":"T033_022-R09","row_structure":"disrupted","tile":"siret3_r033_c022.tif","length_m":52.49},"geometry":{"type":"LineString","coordinates":[[630150.88,5219532.8],[630139.21,5219481.62]]}},{"type":"Feature","properties":{"vineyard_id":"T033_022","row_id":"T033_022-R10","row_structure":"disrupted","tile":"siret3_r033_c022.tif","length_m":52.52},"geometry":{"type":"LineString","coordinates":[[630147.19,5219532.8],[630135.44,5219481.62]]}},{"type":"Feature","properties":{"vineyard_id":"T033_022","row_id":"T033_022-R11","row_structure":"disrupted","tile":"siret3_r033_c022.tif","length_m":52.51},"geometry":{"type":"LineString","coordinates":[[630143.04,5219532.8],[630131.23,5219481.63]]}},{"type":"Feature","properties":{"vineyard_id":"T033_022","row_id":"T033_022-R12","row_structure":"disrupted","tile":"siret3_r033_c022.tif","length_m":52.52},"geometry":{"type":"LineString","coordinates":[[630139.83,5219532.8],[630127.99,5219481.63]]}},{"type":"Feature","properties":{"vineyard_id":"T033_022","row_id":"T033_022-R13","row_structure":"disrupted","tile":"siret3_r033_c022.tif","length_m":52.52},"geometry":{"type":"LineString","coordinates":[[630136.19,5219532.79],[630124.35,5219481.62]]}},{"type":"Feature","properties":{"vineyard_id":"T033_022","row_id":"T033_022-R14","row_structure":"disrupted","tile":"siret3_r033_c022.tif","length_m":52.5},"geometry":{"type":"LineString","coordinates":[[630132.57,5219532.8],[630120.89,5219481.62]]}},{"type":"Feature","properties":{"vineyard_id":"T033_022","row_id":"T033_022-R15","row_structure":"disrupted","tile":"siret3_r033_c022.tif","length_m":48.06},"geometry":{"type":"LineString","coordinates":[[630129.03,5219532.8],[630118.4,5219485.93]]}},{"type":"Feature","properties":{"vineyard_id":"T033_022","row_id":"T033_022-R16","row_structure":"disrupted","tile":"siret3_r033_c022.tif","length_m":31.81},"geometry":{"type":"LineString","coordinates":[[630125.4,5219532.8],[630118.4,5219501.77]]}},{"type":"Feature","properties":{"vineyard_id":"T033_022","row_id":"T033_022-R17","row_structure":"disrupted","tile":"siret3_r033_c022.tif","length_m":19.47},"geometry":{"type":"LineString","coordinates":[[630122.59,5219532.8],[630118.4,5219513.79]]}},{"type":"Feature","properties":{"vineyard_id":"T033_023","row_id":"T033_023-R01","row_structure":"disrupted","tile":"siret3_r033_c023.tif","length_m":51.52},"geometry":{"type":"LineString","coordinates":[[630210.99,5219532.79],[630204.86,5219481.63]]}},{"type":"Feature","properties":{"vineyard_id":"T033_023","row_id":"T033_023-R02","row_structure":"regular","tile":"siret3_r033_c023.tif","length_m":51.55},"geometry":{"type":"LineString","coordinates":[[630208.8,5219532.8],[630202.56,5219481.63]]}},{"type":"Feature","properties":{"vineyard_id":"T033_023","row_id":"T033_023-R03","row_structure":"regular","tile":"siret3_r033_c023.tif","length_m":51.54},"geometry":{"type":"LineString","coordinates":[[630206.43,5219532.8],[630200.26,5219481.63]]}},{"type":"Feature","properties":{"vineyard_id":"T033_023","row_id":"T033_023-R04","row_structure":"disrupted","tile":"siret3_r033_c023.tif","length_m":51.55},"geometry":{"type":"LineString","coordinates":[[630203.82,5219532.8],[630197.54,5219481.63]]}},{"type":"Feature","properties":{"vineyard_id":"T033_023","row_id":"T033_023-R05","row_structure":"disrupted","tile":"siret3_r033_c023.tif","length_m":51.53},"geometry":{"type":"LineString","coordinates":[[630201.21,5219532.79],[630195.02,5219481.64]]}},{"type":"Feature","properties":{"vineyard_id":"T033_023","row_id":"T033_023-R06","row_structure":"disrupted","tile":"siret3_r033_c023.tif","length_m":51.52},"geometry":{"type":"LineString","coordinates":[[630198.94,5219532.79],[630192.75,5219481.63]]}},{"type":"Feature","properties":{"vineyard_id":"T033_023","row_id":"T033_023-R07","row_structure":"disrupted","tile":"siret3_r033_c023.tif","length_m":51.53},"geometry":{"type":"LineString","coordinates":[[630196.4,5219532.79],[630190.28,5219481.63]]}},{"type":"Feature","properties":{"vineyard_id":"T033_023","row_id":"T033_023-R08","row_structure":"disrupted","tile":"siret3_r033_c023.tif","length_m":51.53},"geometry":{"type":"LineString","coordinates":[[630192.87,5219532.79],[630186.68,5219481.64]]}},{"type":"Feature","properties":{"vineyard_id":"T033_023","row_id":"T033_023-R09","row_structure":"disrupted","tile":"siret3_r033_c023.tif","length_m":51.55},"geometry":{"type":"LineString","coordinates":[[630190.78,5219532.79],[630184.53,5219481.62]]}},{"type":"Feature","properties":{"vineyard_id":"T033_023","row_id":"T033_023-R10","row_structure":"regular","tile":"siret3_r033_c023.tif","length_m":51.55},"geometry":{"type":"LineString","coordinates":[[630188.6,5219532.8],[630182.46,5219481.62]]}},{"type":"Feature","properties":{"vineyard_id":"T033_023","row_id":"T033_023-R11","row_structure":"regular","tile":"siret3_r033_c023.tif","length_m":51.55},"geometry":{"type":"LineString","coordinates":[[630187.03,5219532.79],[630180.81,5219481.62]]}},{"type":"Feature","properties":{"vineyard_id":"T033_023","row_id":"T033_023-R12","row_structure":"regular","tile":"siret3_r033_c023.tif","length_m":51.55},"geometry":{"type":"LineString","coordinates":[[630183.23,5219532.8],[630177.01,5219481.62]]}},{"type":"Feature","properties":{"vineyard_id":"T033_023","row_id":"T033_023-R13","row_structure":"disrupted","tile":"siret3_r033_c023.tif","length_m":51.54},"geometry":{"type":"LineString","coordinates":[[630180.64,5219532.8],[630174.42,5219481.64]]}},{"type":"Feature","properties":{"vineyard_id":"T033_023","row_id":"T033_023-R14","row_structure":"disrupted","tile":"siret3_r033_c023.tif","length_m":51.55},"geometry":{"type":"LineString","coordinates":[[630178.39,5219532.8],[630172.2,5219481.63]]}},{"type":"Feature","properties":{"vineyard_id":"T033_023","row_id":"T033_023-R15","row_structure":"disrupted","tile":"siret3_r033_c023.tif","length_m":47.4},"geometry":{"type":"LineString","coordinates":[[630175.19,5219532.79],[630169.6,5219485.72]]}},{"type":"Feature","properties":{"vineyard_id":"T033_023","row_id":"T033_023-R16","row_structure":"disrupted","tile":"siret3_r033_c023.tif","length_m":29.75},"geometry":{"type":"LineString","coordinates":[[630173.08,5219532.79],[630169.6,5219503.25]]}},{"type":"Feature","properties":{"vineyard_id":"T033_023","row_id":"T033_023-R17","row_structure":"regular","tile":"siret3_r033_c023.tif","length_m":12.94},"geometry":{"type":"LineString","coordinates":[[630171.11,5219532.8],[630169.6,5219519.94]]}},{"type":"Feature","properties":{"vineyard_id":"T033_024","row_id":"T033_024-R01","row_structure":"regular","tile":"siret3_r033_c024.tif","length_m":1.36},"geometry":{"type":"LineString","coordinates":[[630270.62,5219532.8],[630271.97,5219532.68]]}},{"type":"Feature","properties":{"vineyard_id":"T033_024","row_id":"T033_024-R02","row_structure":"regular","tile":"siret3_r033_c024.tif","length_m":19.52},"geometry":{"type":"LineString","coordinates":[[630252.5,5219532.8],[630271.98,5219531.63]]}},{"type":"Feature","properties":{"vineyard_id":"T033_024","row_id":"T033_024-R03","row_structure":"regular","tile":"siret3_r033_c024.tif","length_m":49.92},"geometry":{"type":"LineString","coordinates":[[630222.23,5219532.8],[630271.98,5219528.67]]}},{"type":"Feature","properties":{"vineyard_id":"T033_024","row_id":"T033_024-R04","row_structure":"regular","tile":"siret3_r033_c024.tif","length_m":51.35},"geometry":{"type":"LineString","coordinates":[[630220.81,5219528.58],[630271.97,5219524.19]]}},{"type":"Feature","properties":{"vineyard_id":"T033_024","row_id":"T033_024-R05","row_structure":"regular","tile":"siret3_r033_c024.tif","length_m":51.35},"geometry":{"type":"LineString","coordinates":[[630220.81,5219526.58],[630271.97,5219522.15]]}},{"type":"Feature","properties":{"vineyard_id":"T033_024","row_id":"T033_024-R06","row_structure":"regular","tile":"siret3_r033_c024.tif","length_m":51.36},"geometry":{"type":"LineString","coordinates":[[630220.8,5219524.54],[630271.97,5219520.12]]}},{"type":"Feature","properties":{"vineyard_id":"T033_024","row_id":"T033_024-R07","row_structure":"regular","tile":"siret3_r033_c024.tif","length_m":51.37},"geometry":{"type":"LineString","coordinates":[[630220.8,5219521.38],[630271.98,5219516.97]]}},{"type":"Feature","properties":{"vineyard_id":"T033_024","row_id":"T033_024-R08","row_structure":"regular","tile":"siret3_r033_c024.tif","length_m":51.36},"geometry":{"type":"LineString","coordinates":[[630220.8,5219518.97],[630271.98,5219514.58]]}},{"type":"Feature","properties":{"vineyard_id":"T033_024","row_id":"T033_024-R09","row_structure":"regular","tile":"siret3_r033_c024.tif","length_m":51.36},"geometry":{"type":"LineString","coordinates":[[630220.8,5219516.94],[630271.98,5219512.54]]}},{"type":"Feature","properties":{"vineyard_id":"T033_024","row_id":"T033_024-R10","row_structure":"regular","tile":"siret3_r033_c024.tif","length_m":51.36},"geometry":{"type":"LineString","coordinates":[[630220.8,5219514.88],[630271.98,5219510.49]]}},{"type":"Feature","properties":{"vineyard_id":"T033_024","row_id":"T033_024-R11","row_structure":"regular","tile":"siret3_r033_c024.tif","length_m":51.35},"geometry":{"type":"LineString","coordinates":[[630220.81,5219513.07],[630271.97,5219508.68]]}},{"type":"Feature","properties":{"vineyard_id":"T033_024","row_id":"T033_024-R12","row_structure":"regular","tile":"siret3_r033_c024.tif","length_m":51.38},"geometry":{"type":"LineString","coordinates":[[630220.8,5219510.97],[630271.99,5219506.54]]}},{"type":"Feature","properties":{"vineyard_id":"T033_024","row_id":"T033_024-R13","row_structure":"regular","tile":"siret3_r033_c024.tif","length_m":51.37},"geometry":{"type":"LineString","coordinates":[[630220.8,5219505.29],[630271.98,5219500.91]]}},{"type":"Feature","properties":{"vineyard_id":"T033_024","row_id":"T033_024-R14","row_structure":"regular","tile":"siret3_r033_c024.tif","length_m":51.35},"geometry":{"type":"LineString","coordinates":[[630220.8,5219503.63],[630271.97,5219499.29]]}},{"type":"Feature","properties":{"vineyard_id":"T033_024","row_id":"T033_024-R15","row_structure":"disrupted","tile":"siret3_r033_c024.tif","length_m":51.35},"geometry":{"type":"LineString","coordinates":[[630220.81,5219501.11],[630271.97,5219496.71]]}},{"type":"Feature","properties":{"vineyard_id":"T033_024","row_id":"T033_024-R16","row_structure":"regular","tile":"siret3_r033_c024.tif","length_m":51.37},"geometry":{"type":"LineString","coordinates":[[630220.8,5219499.12],[630271.98,5219494.72]]}},{"type":"Feature","properties":{"vineyard_id":"T033_024","row_id":"T033_024-R17","row_structure":"regular","tile":"siret3_r033_c024.tif","length_m":51.37},"geometry":{"type":"LineString","coordinates":[[630220.8,5219496.84],[630271.98,5219492.42]]}},{"type":"Feature","properties":{"vineyard_id":"T033_024","row_id":"T033_024-R18","row_structure":"regular","tile":"siret3_r033_c024.tif","length_m":51.36},"geometry":{"type":"LineString","coordinates":[[630220.8,5219494.42],[630271.98,5219490.07]]}},{"type":"Feature","properties":{"vineyard_id":"T033_024","row_id":"T033_024-R19","row_structure":"regular","tile":"siret3_r033_c024.tif","length_m":51.37},"geometry":{"type":"LineString","coordinates":[[630220.8,5219490.95],[630271.98,5219486.52]]}},{"type":"Feature","properties":{"vineyard_id":"T033_024","row_id":"T033_024-R20","row_structure":"regular","tile":"siret3_r033_c024.tif","length_m":51.38},"geometry":{"type":"LineString","coordinates":[[630220.8,5219489.59],[630271.99,5219485.17]]}},{"type":"Feature","properties":{"vineyard_id":"T033_025","row_id":"T033_025-R01","row_structure":"disrupted","tile":"siret3_r033_c025.tif","length_m":51.36},"geometry":{"type":"LineString","coordinates":[[630272.0,5219532.75],[630323.18,5219528.44]]}},{"type":"Feature","properties":{"vineyard_id":"T033_025","row_id":"T033_025-R02","row_structure":"disrupted","tile":"siret3_r033_c025.tif","length_m":51.35},"geometry":{"type":"LineString","coordinates":[[630272.0,5219530.53],[630323.16,5219526.15]]}},{"type":"Feature","properties":{"vineyard_id":"T033_025","row_id":"T033_025-R03","row_structure":"disrupted","tile":"siret3_r033_c025.tif","length_m":51.35},"geometry":{"type":"LineString","coordinates":[[630272.01,5219527.72],[630323.18,5219523.39]]}},{"type":"Feature","properties":{"vineyard_id":"T033_025","row_id":"T033_025-R04","row_structure":"disrupted","tile":"siret3_r033_c025.tif","length_m":43.02},"geometry":{"type":"LineString","coordinates":[[630272.01,5219521.54],[630314.87,5219517.79]]}},{"type":"Feature","properties":{"vineyard_id":"T033_025","row_id":"T033_025-R05","row_structure":"disrupted","tile":"siret3_r033_c025.tif","length_m":42.02},"geometry":{"type":"LineString","coordinates":[[630272.0,5219519.66],[630313.86,5219516.0]]}},{"type":"Feature","properties":{"vineyard_id":"T033_025","row_id":"T033_025-R06","row_structure":"disrupted","tile":"siret3_r033_c025.tif","length_m":51.35},"geometry":{"type":"LineString","coordinates":[[630272.0,5219516.53],[630323.17,5219512.15]]}},{"type":"Feature","properties":{"vineyard_id":"T033_025","row_id":"T033_025-R07","row_structure":"disrupted","tile":"siret3_r033_c025.tif","length_m":45.12},"geometry":{"type":"LineString","coordinates":[[630272.01,5219513.61],[630316.97,5219509.82]]}},{"type":"Feature","properties":{"vineyard_id":"T033_025","row_id":"T033_025-R08","row_structure":"disrupted","tile":"siret3_r033_c025.tif","length_m":51.35},"geometry":{"type":"LineString","coordinates":[[630272.01,5219510.13],[630323.17,5219505.75]]}},{"type":"Feature","properties":{"vineyard_id":"T033_025","row_id":"T033_025-R09","row_structure":"regular","tile":"siret3_r033_c025.tif","length_m":35.34},"geometry":{"type":"LineString","coordinates":[[630272.0,5219506.73],[630307.21,5219503.67]]}},{"type":"Feature","properties":{"vineyard_id":"T033_025","row_id":"T033_025-R10","row_structure":"disrupted","tile":"siret3_r033_c025.tif","length_m":51.37},"geometry":{"type":"LineString","coordinates":[[630272.0,5219504.1],[630323.18,5219499.77]]}},{"type":"Feature","properties":{"vineyard_id":"T033_025","row_id":"T033_025-R11","row_structure":"disrupted","tile":"siret3_r033_c025.tif","length_m":51.37},"geometry":{"type":"LineString","coordinates":[[630272.0,5219500.59],[630323.18,5219496.23]]}},{"type":"Feature","properties":{"vineyard_id":"T033_025","row_id":"T033_025-R12","row_structure":"disrupted","tile":"siret3_r033_c025.tif","length_m":51.34},"geometry":{"type":"LineString","coordinates":[[630272.0,5219498.25],[630323.17,5219494.02]]}},{"type":"Feature","properties":{"vineyard_id":"T033_025","row_id":"T033_025-R13","row_structure":"disrupted","tile":"siret3_r033_c025.tif","length_m":51.37},"geometry":{"type":"LineString","coordinates":[[630272.0,5219494.78],[630323.18,5219490.39]]}},{"type":"Feature","properties":{"vineyard_id":"T033_025","row_id":"T033_025-R14","row_structure":"disrupted","tile":"siret3_r033_c025.tif","length_m":51.35},"geometry":{"type":"LineString","coordinates":[[630272.01,5219493.14],[630323.16,5219488.7]]}},{"type":"Feature","properties":{"vineyard_id":"T033_025","row_id":"T033_025-R15","row_structure":"disrupted","tile":"siret3_r033_c025.tif","length_m":51.35},"geometry":{"type":"LineString","coordinates":[[630272.01,5219490.23],[630323.17,5219485.87]]}},{"type":"Feature","properties":{"vineyard_id":"T033_025","row_id":"T033_025-R16","row_structure":"regular","tile":"siret3_r033_c025.tif","length_m":23.25},"geometry":{"type":"LineString","coordinates":[[630272.01,5219483.5],[630295.18,5219481.61]]}},{"type":"Feature","properties":{"vineyard_id":"T033_026","row_id":"T033_026-R01","row_structure":"disrupted","tile":"siret3_r033_c026.tif","length_m":21.65},"geometry":{"type":"LineString","coordinates":[[630374.37,5219482.75],[630352.75,5219481.61]]}},{"type":"Feature","properties":{"vineyard_id":"T033_026","row_id":"T033_026-R02","row_structure":"regular","tile":"siret3_r033_c026.tif","length_m":19.95},"geometry":{"type":"LineString","coordinates":[[630374.39,5219485.0],[630354.49,5219483.55]]}},{"type":"Feature","properties":{"vineyard_id":"T033_026","row_id":"T033_026-R03","row_structure":"regular","tile":"siret3_r033_c026.tif","length_m":20.13},"geometry":{"type":"LineString","coordinates":[[630374.37,5219487.83],[630354.29,5219486.42]]}},{"type":"Feature","properties":{"vineyard_id":"T033_026","row_id":"T033_026-R04","row_structure":"disrupted","tile":"siret3_r033_c026.tif","length_m":51.27},"geometry":{"type":"LineString","coordinates":[[630374.37,5219489.94],[630323.21,5219486.49]]}},{"type":"Feature","properties":{"vineyard_id":"T033_026","row_id":"T033_026-R05","row_structure":"disrupted","tile":"siret3_r033_c026.tif","length_m":51.29},"geometry":{"type":"LineString","coordinates":[[630374.37,5219491.63],[630323.2,5219488.09]]}},{"type":"Feature","properties":{"vineyard_id":"T033_026","row_id":"T033_026-R06","row_structure":"disrupted","tile":"siret3_r033_c026.tif","length_m":51.3},"geometry":{"type":"LineString","coordinates":[[630374.38,5219494.44],[630323.21,5219490.8]]}},{"type":"Feature","properties":{"vineyard_id":"T033_026","row_id":"T033_026-R07","row_structure":"disrupted","tile":"siret3_r033_c026.tif","length_m":51.3},"geometry":{"type":"LineString","coordinates":[[630374.38,5219497.29],[630323.21,5219493.64]]}},{"type":"Feature","properties":{"vineyard_id":"T033_026","row_id":"T033_026-R08","row_structure":"disrupted","tile":"siret3_r033_c026.tif","length_m":51.3},"geometry":{"type":"LineString","coordinates":[[630374.38,5219499.03],[630323.2,5219495.52]]}},{"type":"Feature","properties":{"vineyard_id":"T033_026","row_id":"T033_026-R09","row_structure":"disrupted","tile":"siret3_r033_c026.tif","length_m":51.27},"geometry":{"type":"LineString","coordinates":[[630374.36,5219501.45],[630323.2,5219498.04]]}},{"type":"Feature","properties":{"vineyard_id":"T033_026","row_id":"T033_026-R10","row_structure":"disrupted","tile":"siret3_r033_c026.tif","length_m":51.32},"geometry":{"type":"LineString","coordinates":[[630374.38,5219504.05],[630323.2,5219500.3]]}},{"type":"Feature","properties":{"vineyard_id":"T033_026","row_id":"T033_026-R11","row_structure":"disrupted","tile":"siret3_r033_c026.tif","length_m":51.3},"geometry":{"type":"LineString","coordinates":[[630374.38,5219505.96],[630323.2,5219502.43]]}},{"type":"Feature","properties":{"vineyard_id":"T033_026","row_id":"T033_026-R12","row_structure":"disrupted","tile":"siret3_r033_c026.tif","length_m":51.3},"geometry":{"type":"LineString","coordinates":[[630374.38,5219508.1],[630323.21,5219504.43]]}},{"type":"Feature","properties":{"vineyard_id":"T033_026","row_id":"T033_026-R13","row_structure":"disrupted","tile":"siret3_r033_c026.tif","length_m":51.3},"geometry":{"type":"LineString","coordinates":[[630374.37,5219510.27],[630323.2,5219506.7]]}},{"type":"Feature","properties":{"vineyard_id":"T033_026","row_id":"T033_026-R14","row_structure":"disrupted","tile":"siret3_r033_c026.tif","length_m":51.3},"geometry":{"type":"LineString","coordinates":[[630374.38,5219513.73],[630323.21,5219510.19]]}},{"type":"Feature","properties":{"vineyard_id":"T033_026","row_id":"T033_026-R15","row_structure":"disrupted","tile":"siret3_r033_c026.tif","length_m":51.3},"geometry":{"type":"LineString","coordinates":[[630374.38,5219518.47],[630323.2,5219514.95]]}},{"type":"Feature","properties":{"vineyard_id":"T033_026","row_id":"T033_026-R16","row_structure":"disrupted","tile":"siret3_r033_c026.tif","length_m":51.29},"geometry":{"type":"LineString","coordinates":[[630374.37,5219519.95],[630323.2,5219516.44]]}},{"type":"Feature","properties":{"vineyard_id":"T033_026","row_id":"T033_026-R17","row_structure":"disrupted","tile":"siret3_r033_c026.tif","length_m":41.3},"geometry":{"type":"LineString","coordinates":[[630374.38,5219522.35],[630333.18,5219519.56]]}},{"type":"Feature","properties":{"vineyard_id":"T033_026","row_id":"T033_026-R18","row_structure":"disrupted","tile":"siret3_r033_c026.tif","length_m":45.57},"geometry":{"type":"LineString","coordinates":[[630374.37,5219524.72],[630328.91,5219521.42]]}},{"type":"Feature","properties":{"vineyard_id":"T033_026","row_id":"T033_026-R19","row_structure":"disrupted","tile":"siret3_r033_c026.tif","length_m":45.5},"geometry":{"type":"LineString","coordinates":[[630374.38,5219529.24],[630328.99,5219526.01]]}},{"type":"Feature","properties":{"vineyard_id":"T033_026","row_id":"T033_026-R20","row_structure":"disrupted","tile":"siret3_r033_c026.tif","length_m":45.9},"geometry":{"type":"LineString","coordinates":[[630374.37,5219532.22],[630328.58,5219529.08]]}},{"type":"Feature","properties":{"vineyard_id":"T033_027","row_id":"T033_027-R01","row_structure":"disrupted","tile":"siret3_r033_c027.tif","length_m":19.0},"geometry":{"type":"LineString","coordinates":[[630423.53,5219532.8],[630425.59,5219513.91]]}},{"type":"Feature","properties":{"vineyard_id":"T033_027","row_id":"T033_027-R02","row_structure":"disrupted","tile":"siret3_r033_c027.tif","length_m":41.12},"geometry":{"type":"LineString","coordinates":[[630420.59,5219532.79],[630425.59,5219491.97]]}},{"type":"Feature","properties":{"vineyard_id":"T033_027","row_id":"T033_027-R03","row_structure":"disrupted","tile":"siret3_r033_c027.tif","length_m":51.58},"geometry":{"type":"LineString","coordinates":[[630417.77,5219532.79],[630424.28,5219481.63]]}},{"type":"Feature","properties":{"vineyard_id":"T033_027","row_id":"T033_027-R04","row_structure":"disrupted","tile":"siret3_r033_c027.tif","length_m":51.55},"geometry":{"type":"LineString","coordinates":[[630414.75,5219532.8],[630420.99,5219481.63]]}},{"type":"Feature","properties":{"vineyard_id":"T033_027","row_id":"T033_027-R05","row_structure":"disrupted","tile":"siret3_r033_c027.tif","length_m":51.55},"geometry":{"type":"LineString","coordinates":[[630412.41,5219532.79],[630418.65,5219481.62]]}},{"type":"Feature","properties":{"vineyard_id":"T033_027","row_id":"T033_027-R06","row_structure":"disrupted","tile":"siret3_r033_c027.tif","length_m":51.54},"geometry":{"type":"LineString","coordinates":[[630409.09,5219532.8],[630415.24,5219481.63]]}},{"type":"Feature","properties":{"vineyard_id":"T033_027","row_id":"T033_027-R07","row_structure":"disrupted","tile":"siret3_r033_c027.tif","length_m":51.55},"geometry":{"type":"LineString","coordinates":[[630406.56,5219532.8],[630412.83,5219481.63]]}},{"type":"Feature","properties":{"vineyard_id":"T033_027","row_id":"T033_027-R08","row_structure":"regular","tile":"siret3_r033_c027.tif","length_m":51.55},"geometry":{"type":"LineString","coordinates":[[630404.26,5219532.8],[630410.55,5219481.63]]}},{"type":"Feature","properties":{"vineyard_id":"T033_027","row_id":"T033_027-R09","row_structure":"disrupted","tile":"siret3_r033_c027.tif","length_m":47.13},"geometry":{"type":"LineString","coordinates":[[630401.2,5219532.8],[630406.99,5219486.03]]}},{"type":"Feature","properties":{"vineyard_id":"T033_027","row_id":"T033_027-R10","row_structure":"disrupted","tile":"siret3_r033_c027.tif","length_m":51.56},"geometry":{"type":"LineString","coordinates":[[630399.04,5219532.8],[630405.26,5219481.61]]}},{"type":"Feature","properties":{"vineyard_id":"T033_027","row_id":"T033_027-R11","row_structure":"disrupted","tile":"siret3_r033_c027.tif","length_m":51.55},"geometry":{"type":"LineString","coordinates":[[630396.91,5219532.8],[630403.16,5219481.63]]}},{"type":"Feature","properties":{"vineyard_id":"T033_027","row_id":"T033_027-R12","row_structure":"regular","tile":"siret3_r033_c027.tif","length_m":51.55},"geometry":{"type":"LineString","coordinates":[[630395.15,5219532.79],[630401.48,5219481.63]]}},{"type":"Feature","properties":{"vineyard_id":"T033_027","row_id":"T033_027-R13","row_structure":"regular","tile":"siret3_r033_c027.tif","length_m":51.56},"geometry":{"type":"LineString","coordinates":[[630393.29,5219532.8],[630399.56,5219481.62]]}},{"type":"Feature","properties":{"vineyard_id":"T033_027","row_id":"T033_027-R14","row_structure":"disrupted","tile":"siret3_r033_c027.tif","length_m":51.55},"geometry":{"type":"LineString","coordinates":[[630390.06,5219532.79],[630396.31,5219481.62]]}},{"type":"Feature","properties":{"vineyard_id":"T033_027","row_id":"T033_027-R15","row_structure":"disrupted","tile":"siret3_r033_c027.tif","length_m":51.57},"geometry":{"type":"LineString","coordinates":[[630388.77,5219532.8],[630395.09,5219481.62]]}},{"type":"Feature","properties":{"vineyard_id":"T033_027","row_id":"T033_027-R16","row_structure":"disrupted","tile":"siret3_r033_c027.tif","length_m":51.55},"geometry":{"type":"LineString","coordinates":[[630387.04,5219532.8],[630393.35,5219481.64]]}},{"type":"Feature","properties":{"vineyard_id":"T033_027","row_id":"T033_027-R17","row_structure":"disrupted","tile":"siret3_r033_c027.tif","length_m":51.55},"geometry":{"type":"LineString","coordinates":[[630384.71,5219532.79],[630391.05,5219481.63]]}},{"type":"Feature","properties":{"vineyard_id":"T033_027","row_id":"T033_027-R18","row_structure":"disrupted","tile":"siret3_r033_c027.tif","length_m":51.56},"geometry":{"type":"LineString","coordinates":[[630382.83,5219532.8],[630389.11,5219481.62]]}},{"type":"Feature","properties":{"vineyard_id":"T033_027","row_id":"T033_027-R19","row_structure":"disrupted","tile":"siret3_r033_c027.tif","length_m":51.54},"geometry":{"type":"LineString","coordinates":[[630380.95,5219532.8],[630387.18,5219481.63]]}},{"type":"Feature","properties":{"vineyard_id":"T033_027","row_id":"T033_027-R20","row_structure":"disrupted","tile":"siret3_r033_c027.tif","length_m":51.55},"geometry":{"type":"LineString","coordinates":[[630378.58,5219532.79],[630384.85,5219481.62]]}},{"type":"Feature","properties":{"vineyard_id":"T033_027","row_id":"T033_027-R21","row_structure":"disrupted","tile":"siret3_r033_c027.tif","length_m":51.53},"geometry":{"type":"LineString","coordinates":[[630376.73,5219532.79],[630382.81,5219481.62]]}},{"type":"Feature","properties":{"vineyard_id":"T033_027","row_id":"T033_027-R22","row_structure":"disrupted","tile":"siret3_r033_c027.tif","length_m":36.75},"geometry":{"type":"LineString","coordinates":[[630374.4,5219518.12],[630378.77,5219481.63]]}},{"type":"Feature","properties":{"vineyard_id":"T033_027","row_id":"T033_027-R23","row_structure":"regular","tile":"siret3_r033_c027.tif","length_m":22.51},"geometry":{"type":"LineString","coordinates":[[630374.4,5219503.98],[630377.01,5219481.62]]}},{"type":"Feature","properties":{"vineyard_id":"T033_027","row_id":"T033_027-R24","row_structure":"regular","tile":"siret3_r033_c027.tif","length_m":6.52},"geometry":{"type":"LineString","coordinates":[[630374.4,5219488.09],[630375.2,5219481.62]]}},{"type":"Feature","properties":{"vineyard_id":"T033_028","row_id":"T033_028-R01","row_structure":"regular","tile":"siret3_r033_c028.tif","length_m":1.0},"geometry":{"type":"LineString","coordinates":[[630476.79,5219482.62],[630476.69,5219481.63]]}},{"type":"Feature","properties":{"vineyard_id":"T033_028","row_id":"T033_028-R02","row_structure":"regular","tile":"siret3_r033_c028.tif","length_m":16.43},"geometry":{"type":"LineString","coordinates":[[630476.79,5219497.98],[630475.14,5219481.64]]}},{"type":"Feature","properties":{"vineyard_id":"T033_028","row_id":"T033_028-R03","row_structure":"disrupted","tile":"siret3_r033_c028.tif","length_m":47.0},"geometry":{"type":"LineString","coordinates":[[630476.78,5219528.41],[630472.19,5219481.63]]}},{"type":"Feature","properties":{"vineyard_id":"T033_028","row_id":"T033_028-R04","row_structure":"disrupted","tile":"siret3_r033_c028.tif","length_m":51.45},"geometry":{"type":"LineString","coordinates":[[630474.44,5219532.79],[630469.21,5219481.61]]}},{"type":"Feature","properties":{"vineyard_id":"T033_028","row_id":"T033_028-R05","row_structure":"disrupted","tile":"siret3_r033_c028.tif","length_m":51.42},"geometry":{"type":"LineString","coordinates":[[630472.24,5219532.79],[630467.08,5219481.63]]}},{"type":"Feature","properties":{"vineyard_id":"T033_028","row_id":"T033_028-R06","row_structure":"disrupted","tile":"siret3_r033_c028.tif","length_m":51.42},"geometry":{"type":"LineString","coordinates":[[630468.92,5219532.8],[630463.76,5219481.64]]}},{"type":"Feature","properties":{"vineyard_id":"T033_028","row_id":"T033_028-R07","row_structure":"disrupted","tile":"siret3_r033_c028.tif","length_m":51.43},"geometry":{"type":"LineString","coordinates":[[630466.74,5219532.8],[630461.55,5219481.63]]}},{"type":"Feature","properties":{"vineyard_id":"T033_028","row_id":"T033_028-R08","row_structure":"disrupted","tile":"siret3_r033_c028.tif","length_m":51.44},"geometry":{"type":"LineString","coordinates":[[630464.63,5219532.8],[630459.41,5219481.63]]}},{"type":"Feature","properties":{"vineyard_id":"T033_028","row_id":"T033_028-R09","row_structure":"disrupted","tile":"siret3_r033_c028.tif","length_m":51.44},"geometry":{"type":"LineString","coordinates":[[630461.91,5219532.8],[630456.72,5219481.62]]}},{"type":"Feature","properties":{"vineyard_id":"T033_028","row_id":"T033_028-R10","row_structure":"disrupted","tile":"siret3_r033_c028.tif","length_m":51.45},"geometry":{"type":"LineString","coordinates":[[630459.53,5219532.8],[630454.34,5219481.62]]}},{"type":"Feature","properties":{"vineyard_id":"T033_028","row_id":"T033_028-R11","row_structure":"disrupted","tile":"siret3_r033_c028.tif","length_m":51.43},"geometry":{"type":"LineString","coordinates":[[630455.67,5219532.79],[630450.54,5219481.62]]}},{"type":"Feature","properties":{"vineyard_id":"T033_028","row_id":"T033_028-R12","row_structure":"disrupted","tile":"siret3_r033_c028.tif","length_m":51.43},"geometry":{"type":"LineString","coordinates":[[630453.62,5219532.8],[630448.44,5219481.63]]}},{"type":"Feature","properties":{"vineyard_id":"T033_028","row_id":"T033_028-R13","row_structure":"disrupted","tile":"siret3_r033_c028.tif","length_m":51.45},"geometry":{"type":"LineString","coordinates":[[630450.69,5219532.79],[630445.39,5219481.62]]}},{"type":"Feature","properties":{"vineyard_id":"T033_028","row_id":"T033_028-R14","row_structure":"disrupted","tile":"siret3_r033_c028.tif","length_m":51.42},"geometry":{"type":"LineString","coordinates":[[630448.12,5219532.8],[630443.0,5219481.63]]}},{"type":"Feature","properties":{"vineyard_id":"T033_028","row_id":"T033_028-R15","row_structure":"disrupted","tile":"siret3_r033_c028.tif","length_m":51.41},"geometry":{"type":"LineString","coordinates":[[630443.36,5219532.8],[630438.31,5219481.63]]}},{"type":"Feature","properties":{"vineyard_id":"T033_028","row_id":"T033_028-R16","row_structure":"disrupted","tile":"siret3_r033_c028.tif","length_m":51.44},"geometry":{"type":"LineString","coordinates":[[630440.94,5219532.8],[630435.74,5219481.62]]}},{"type":"Feature","properties":{"vineyard_id":"T033_028","row_id":"T033_028-R17","row_structure":"disrupted","tile":"siret3_r033_c028.tif","length_m":51.44},"geometry":{"type":"LineString","coordinates":[[630434.93,5219532.8],[630429.73,5219481.63]]}},{"type":"Feature","properties":{"vineyard_id":"T033_028","row_id":"T033_028-R18","row_structure":"disrupted","tile":"siret3_r033_c028.tif","length_m":51.44},"geometry":{"type":"LineString","coordinates":[[630432.27,5219532.8],[630427.07,5219481.62]]}},{"type":"Feature","properties":{"vineyard_id":"T033_028","row_id":"T033_028-R19","row_structure":"disrupted","tile":"siret3_r033_c028.tif","length_m":30.54},"geometry":{"type":"LineString","coordinates":[[630428.54,5219532.8],[630425.6,5219502.4]]}},{"type":"Feature","properties":{"vineyard_id":"T033_029","row_id":"T033_029-R02","row_structure":"regular","tile":"siret3_r033_c029.tif","length_m":9.36},"geometry":{"type":"LineString","coordinates":[[630518.87,5219532.8],[630527.97,5219530.62]]}},{"type":"Feature","properties":{"vineyard_id":"T033_029","row_id":"T033_029-R03","row_structure":"regular","tile":"siret3_r033_c029.tif","length_m":18.29},"geometry":{"type":"LineString","coordinates":[[630510.31,5219532.8],[630527.98,5219528.05]]}},{"type":"Feature","properties":{"vineyard_id":"T033_029","row_id":"T033_029-R04","row_structure":"regular","tile":"siret3_r033_c029.tif","length_m":29.39},"geometry":{"type":"LineString","coordinates":[[630499.54,5219532.8],[630527.99,5219525.4]]}},{"type":"Feature","properties":{"vineyard_id":"T033_029","row_id":"T033_029-R05","row_structure":"disrupted","tile":"siret3_r033_c029.tif","length_m":37.82},"geometry":{"type":"LineString","coordinates":[[630491.38,5219532.8],[630527.96,5219523.19]]}},{"type":"Feature","properties":{"vineyard_id":"T033_029","row_id":"T033_029-R06","row_structure":"disrupted","tile":"siret3_r033_c029.tif","length_m":53.0},"geometry":{"type":"LineString","coordinates":[[630476.81,5219528.99],[630527.97,5219515.15]]}},{"type":"Feature","properties":{"vineyard_id":"T033_029","row_id":"T033_029-R07","row_structure":"disrupted","tile":"siret3_r033_c029.tif","length_m":53.0},"geometry":{"type":"LineString","coordinates":[[630476.81,5219526.04],[630527.98,5219512.24]]}},{"type":"Feature","properties":{"vineyard_id":"T033_029","row_id":"T033_029-R08","row_structure":"disrupted","tile":"siret3_r033_c029.tif","length_m":49.62},"geometry":{"type":"LineString","coordinates":[[630476.8,5219523.69],[630524.71,5219510.76]]}},{"type":"Feature","properties":{"vineyard_id":"T033_029","row_id":"T033_029-R09","row_structure":"disrupted","tile":"siret3_r033_c029.tif","length_m":48.09},"geometry":{"type":"LineString","coordinates":[[630476.8,5219520.89],[630523.24,5219508.39]]}},{"type":"Feature","properties":{"vineyard_id":"T033_029","row_id":"T033_029-R10","row_structure":"disrupted","tile":"siret3_r033_c029.tif","length_m":46.0},"geometry":{"type":"LineString","coordinates":[[630476.8,5219517.45],[630521.2,5219505.41]]}},{"type":"Feature","properties":{"vineyard_id":"T033_029","row_id":"T033_029-R11","row_structure":"disrupted","tile":"siret3_r033_c029.tif","length_m":44.02},"geometry":{"type":"LineString","coordinates":[[630476.8,5219514.64],[630519.33,5219503.28]]}},{"type":"Feature","properties":{"vineyard_id":"T033_029","row_id":"T033_029-R12","row_structure":"disrupted","tile":"siret3_r033_c029.tif","length_m":39.1},"geometry":{"type":"LineString","coordinates":[[630476.81,5219512.0],[630514.55,5219501.79]]}},{"type":"Feature","properties":{"vineyard_id":"T033_029","row_id":"T033_029-R13","row_structure":"disrupted","tile":"siret3_r033_c029.tif","length_m":37.2},"geometry":{"type":"LineString","coordinates":[[630476.8,5219509.67],[630512.67,5219499.83]]}},{"type":"Feature","properties":{"vineyard_id":"T033_029","row_id":"T033_029-R14","row_structure":"disrupted","tile":"siret3_r033_c029.tif","length_m":34.83},"geometry":{"type":"LineString","coordinates":[[630476.8,5219506.62],[630510.43,5219497.56]]}},{"type":"Feature","properties":{"vineyard_id":"T033_029","row_id":"T033_029-R15","row_structure":"disrupted","tile":"siret3_r033_c029.tif","length_m":33.4},"geometry":{"type":"LineString","coordinates":[[630476.81,5219504.8],[630509.11,5219496.3]]}},{"type":"Feature","properties":{"vineyard_id":"T033_029","row_id":"T033_029-R16","row_structure":"disrupted","tile":"siret3_r033_c029.tif","length_m":32.15},"geometry":{"type":"LineString","coordinates":[[630476.81,5219501.67],[630507.82,5219493.18]]}},{"type":"Feature","properties":{"vineyard_id":"T033_029","row_id":"T033_029-R17","row_structure":"disrupted","tile":"siret3_r033_c029.tif","length_m":29.6},"geometry":{"type":"LineString","coordinates":[[630476.81,5219498.48],[630505.41,5219490.87]]}},{"type":"Feature","properties":{"vineyard_id":"T033_029","row_id":"T033_029-R18","row_structure":"regular","tile":"siret3_r033_c029.tif","length_m":34.24},"geometry":{"type":"LineString","coordinates":[[630476.8,5219495.63],[630509.87,5219486.76]]}},{"type":"Feature","properties":{"vineyard_id":"T033_029","row_id":"T033_029-R19","row_structure":"regular","tile":"siret3_r033_c029.tif","length_m":29.75},"geometry":{"type":"LineString","coordinates":[[630476.81,5219493.29],[630505.52,5219485.51]]}},{"type":"Feature","properties":{"vineyard_id":"T033_029","row_id":"T033_029-R20","row_structure":"disrupted","tile":"siret3_r033_c029.tif","length_m":31.69},"geometry":{"type":"LineString","coordinates":[[630476.8,5219490.91],[630507.39,5219482.65]]}},{"type":"Feature","properties":{"vineyard_id":"T033_029","row_id":"T033_029-R21","row_structure":"disrupted","tile":"siret3_r033_c029.tif","length_m":26.24},"geometry":{"type":"LineString","coordinates":[[630476.8,5219488.33],[630502.16,5219481.6]]}},{"type":"Feature","properties":{"vineyard_id":"T033_029","row_id":"T033_029-R22","row_structure":"regular","tile":"siret3_r033_c029.tif","length_m":15.52},"geometry":{"type":"LineString","coordinates":[[630476.8,5219485.55],[630491.81,5219481.62]]}},{"type":"Feature","properties":{"vineyard_id":"T033_029","row_id":"T033_029-R23","row_structure":"regular","tile":"siret3_r033_c029.tif","length_m":6.4},"geometry":{"type":"LineString","coordinates":[[630476.8,5219483.28],[630482.98,5219481.62]]}},{"type":"Feature","properties":{"vineyard_id":"T033_030","row_id":"T033_030-R01","row_structure":"regular","tile":"siret3_r033_c030.tif","length_m":8.05},"geometry":{"type":"LineString","coordinates":[[630548.38,5219529.25],[630543.77,5219522.65]]}},{"type":"Feature","properties":{"vineyard_id":"T033_030","row_id":"T033_030-R02","row_structure":"regular","tile":"siret3_r033_c030.tif","length_m":8.4},"geometry":{"type":"LineString","coordinates":[[630546.38,5219530.35],[630541.74,5219523.35]]}},{"type":"Feature","properties":{"vineyard_id":"T033_030","row_id":"T033_030-R03","row_structure":"regular","tile":"siret3_r033_c030.tif","length_m":3.7},"geometry":{"type":"LineString","coordinates":[[630541.94,5219527.19],[630539.85,5219524.14]]}},{"type":"Feature","properties":{"vineyard_id":"T033_030","row_id":"T033_030-R04","row_structure":"disrupted","tile":"siret3_r033_c030.tif","length_m":10.47},"geometry":{"type":"LineString","coordinates":[[630543.5,5219532.8],[630537.68,5219524.1]]}},{"type":"Feature","properties":{"vineyard_id":"T033_030","row_id":"T033_030-R05","row_structure":"disrupted","tile":"siret3_r033_c030.tif","length_m":23.94},"geometry":{"type":"LineString","coordinates":[[630540.94,5219532.79],[630528.0,5219512.65]]}},{"type":"Feature","properties":{"vineyard_id":"T033_030","row_id":"T033_030-R06","row_structure":"disrupted","tile":"siret3_r033_c030.tif","length_m":18.96},"geometry":{"type":"LineString","coordinates":[[630538.41,5219532.8],[630528.0,5219516.95]]}},{"type":"Feature","properties":{"vineyard_id":"T033_030","row_id":"T033_030-R07","row_structure":"disrupted","tile":"siret3_r033_c030.tif","length_m":14.0},"geometry":{"type":"LineString","coordinates":[[630535.65,5219532.79],[630528.0,5219521.08]]}},{"type":"Feature","properties":{"vineyard_id":"T033_030","row_id":"T033_030-R08","row_structure":"regular","tile":"siret3_r033_c030.tif","length_m":8.8},"geometry":{"type":"LineString","coordinates":[[630532.85,5219532.8],[630528.0,5219525.46]]}},{"type":"Feature","properties":{"vineyard_id":"T033_030","row_id":"T033_030-R09","row_structure":"regular","tile":"siret3_r033_c030.tif","length_m":4.89},"geometry":{"type":"LineString","coordinates":[[630530.81,5219532.8],[630528.0,5219528.8]]}},{"type":"Feature","properties":{"vineyard_id":"T034_019","row_id":"T034_019-R01","row_structure":"regular","tile":"siret3_r034_c019.tif","length_m":1.2},"geometry":{"type":"LineString","coordinates":[[630015.13,5219481.6],[630015.98,5219480.75]]}},{"type":"Feature","properties":{"vineyard_id":"T034_019","row_id":"T034_019-R02","row_structure":"regular","tile":"siret3_r034_c019.tif","length_m":7.43},"geometry":{"type":"LineString","coordinates":[[630010.85,5219481.59],[630015.97,5219476.22]]}},{"type":"Feature","properties":{"vineyard_id":"T034_019","row_id":"T034_019-R03","row_structure":"regular","tile":"siret3_r034_c019.tif","length_m":13.67},"geometry":{"type":"LineString","coordinates":[[630006.41,5219481.6],[630015.98,5219471.83]]}},{"type":"Feature","properties":{"vineyard_id":"T034_019","row_id":"T034_019-R04","row_structure":"regular","tile":"siret3_r034_c019.tif","length_m":19.98},"geometry":{"type":"LineString","coordinates":[[630001.8,5219481.59],[630015.97,5219467.52]]}},{"type":"Feature","properties":{"vineyard_id":"T034_019","row_id":"T034_019-R05","row_structure":"regular","tile":"siret3_r034_c019.tif","length_m":61.47},"geometry":{"type":"LineString","coordinates":[[629972.51,5219481.6],[630015.97,5219438.14]]}},{"type":"Feature","properties":{"vineyard_id":"T034_019","row_id":"T034_019-R07","row_structure":"regular","tile":"siret3_r034_c019.tif","length_m":15.11},"geometry":{"type":"LineString","coordinates":[[630004.85,5219440.77],[630015.85,5219430.41]]}},{"type":"Feature","properties":{"vineyard_id":"T034_020","row_id":"T034_020-R01","row_structure":"regular","tile":"siret3_r034_c020.tif","length_m":3.61},"geometry":{"type":"LineString","coordinates":[[630063.59,5219481.6],[630067.17,5219481.21]]}},{"type":"Feature","properties":{"vineyard_id":"T034_020","row_id":"T034_020-R02","row_structure":"regular","tile":"siret3_r034_c020.tif","length_m":33.12},"geometry":{"type":"LineString","coordinates":[[630034.23,5219481.6],[630067.17,5219478.2]]}},{"type":"Feature","properties":{"vineyard_id":"T034_020","row_id":"T034_020-R03","row_structure":"regular","tile":"siret3_r034_c020.tif","length_m":51.47},"geometry":{"type":"LineString","coordinates":[[630016.0,5219480.96],[630067.17,5219475.38]]}},{"type":"Feature","properties":{"vineyard_id":"T034_020","row_id":"T034_020-R04","row_structure":"regular","tile":"siret3_r034_c020.tif","length_m":51.48},"geometry":{"type":"LineString","coordinates":[[630016.0,5219475.0],[630067.18,5219469.5]]}},{"type":"Feature","properties":{"vineyard_id":"T034_020","row_id":"T034_020-R05","row_structure":"regular","tile":"siret3_r034_c020.tif","length_m":51.47},"geometry":{"type":"LineString","coordinates":[[630016.01,5219457.47],[630067.18,5219451.86]]}},{"type":"Feature","properties":{"vineyard_id":"T034_020","row_id":"T034_020-R06","row_structure":"disrupted","tile":"siret3_r034_c020.tif","length_m":51.46},"geometry":{"type":"LineString","coordinates":[[630016.0,5219445.71],[630067.17,5219440.19]]}},{"type":"Feature","properties":{"vineyard_id":"T034_020","row_id":"T034_020-R07","row_structure":"regular","tile":"siret3_r034_c020.tif","length_m":51.48},"geometry":{"type":"LineString","coordinates":[[630016.01,5219442.39],[630067.18,5219436.84]]}},{"type":"Feature","properties":{"vineyard_id":"T034_020","row_id":"T034_020-R08","row_structure":"disrupted","tile":"siret3_r034_c020.tif","length_m":51.46},"geometry":{"type":"LineString","coordinates":[[630016.0,5219440.38],[630067.17,5219434.88]]}},{"type":"Feature","properties":{"vineyard_id":"T034_020","row_id":"T034_020-R09","row_structure":"disrupted","tile":"siret3_r034_c020.tif","length_m":51.47},"geometry":{"type":"LineString","coordinates":[[630016.0,5219436.77],[630067.17,5219431.16]]}},{"type":"Feature","properties":{"vineyard_id":"T034_020","row_id":"T034_020-R10","row_structure":"regular","tile":"siret3_r034_c020.tif","length_m":28.19},"geometry":{"type":"LineString","coordinates":[[630016.0,5219433.47],[630044.03,5219430.42]]}},{"type":"Feature","properties":{"vineyard_id":"T034_021","row_id":"T034_021-R01","row_structure":"regular","tile":"siret3_r034_c021.tif","length_m":6.25},"geometry":{"type":"LineString","coordinates":[[630118.37,5219435.37],[630114.55,5219430.42]]}},{"type":"Feature","properties":{"vineyard_id":"T034_021","row_id":"T034_021-R02","row_structure":"regular","tile":"siret3_r034_c021.tif","length_m":13.1},"geometry":{"type":"LineString","coordinates":[[630118.37,5219440.72],[630110.26,5219430.43]]}},{"type":"Feature","properties":{"vineyard_id":"T034_021","row_id":"T034_021-R03","row_structure":"regular","tile":"siret3_r034_c021.tif","length_m":19.67},"geometry":{"type":"LineString","coordinates":[[630118.39,5219445.76],[630106.09,5219430.41]]}},{"type":"Feature","properties":{"vineyard_id":"T034_021","row_id":"T034_021-R04","row_structure":"disrupted","tile":"siret3_r034_c021.tif","length_m":48.03},"geometry":{"type":"LineString","coordinates":[[630118.39,5219467.9],[630088.36,5219430.42]]}},{"type":"Feature","properties":{"vineyard_id":"T034_021","row_id":"T034_021-R05","row_structure":"regular","tile":"siret3_r034_c021.tif","length_m":55.18},"geometry":{"type":"LineString","coordinates":[[630118.38,5219473.51],[630083.92,5219430.43]]}},{"type":"Feature","properties":{"vineyard_id":"T034_021","row_id":"T034_021-R06","row_structure":"regular","tile":"siret3_r034_c021.tif","length_m":65.61},"geometry":{"type":"LineString","coordinates":[[630113.58,5219481.6],[630072.52,5219430.42]]}},{"type":"Feature","properties":{"vineyard_id":"T034_021","row_id":"T034_021-R07","row_structure":"disrupted","tile":"siret3_r034_c021.tif","length_m":65.58},"geometry":{"type":"LineString","coordinates":[[630109.34,5219481.6],[630068.33,5219430.42]]}},{"type":"Feature","properties":{"vineyard_id":"T034_021","row_id":"T034_021-R08","row_structure":"regular","tile":"siret3_r034_c021.tif","length_m":57.21},"geometry":{"type":"LineString","coordinates":[[630103.0,5219481.6],[630067.2,5219436.98]]}},{"type":"Feature","properties":{"vineyard_id":"T034_021","row_id":"T034_021-R09","row_structure":"regular","tile":"siret3_r034_c021.tif","length_m":51.16},"geometry":{"type":"LineString","coordinates":[[630099.22,5219481.6],[630067.21,5219441.7]]}},{"type":"Feature","properties":{"vineyard_id":"T034_021","row_id":"T034_021-R10","row_structure":"regular","tile":"siret3_r034_c021.tif","length_m":5.53},"geometry":{"type":"LineString","coordinates":[[630070.58,5219481.6],[630067.2,5219477.22]]}},{"type":"Feature","properties":{"vineyard_id":"T034_022","row_id":"T034_022-R01","row_structure":"regular","tile":"siret3_r034_c022.tif","length_m":1.98},"geometry":{"type":"LineString","coordinates":[[630169.58,5219431.99],[630168.37,5219430.43]]}},{"type":"Feature","properties":{"vineyard_id":"T034_022","row_id":"T034_022-R02","row_structure":"regular","tile":"siret3_r034_c022.tif","length_m":6.75},"geometry":{"type":"LineString","coordinates":[[630169.59,5219435.77],[630165.47,5219430.43]]}},{"type":"Feature","properties":{"vineyard_id":"T034_022","row_id":"T034_022-R03","row_structure":"regular","tile":"siret3_r034_c022.tif","length_m":11.7},"geometry":{"type":"LineString","coordinates":[[630169.58,5219439.66],[630162.41,5219430.42]]}},{"type":"Feature","properties":{"vineyard_id":"T034_022","row_id":"T034_022-R04","row_structure":"regular","tile":"siret3_r034_c022.tif","length_m":17.03},"geometry":{"type":"LineString","coordinates":[[630169.59,5219444.01],[630159.34,5219430.42]]}},{"type":"Feature","properties":{"vineyard_id":"T034_022","row_id":"T034_022-R05","row_structure":"regular","tile":"siret3_r034_c022.tif","length_m":23.15},"geometry":{"type":"LineString","coordinates":[[630169.58,5219448.69],[630155.37,5219430.41]]}},{"type":"Feature","properties":{"vineyard_id":"T034_022","row_id":"T034_022-R06","row_structure":"regular","tile":"siret3_r034_c022.tif","length_m":29.18},"geometry":{"type":"LineString","coordinates":[[630169.59,5219453.47],[630151.71,5219430.42]]}},{"type":"Feature","properties":{"vineyard_id":"T034_022","row_id":"T034_022-R07","row_structure":"disrupted","tile":"siret3_r034_c022.tif","length_m":35.05},"geometry":{"type":"LineString","coordinates":[[630169.58,5219458.21],[630148.22,5219430.42]]}},{"type":"Feature","properties":{"vineyard_id":"T034_022","row_id":"T034_022-R08","row_structure":"regular","tile":"siret3_r034_c022.tif","length_m":40.0},"geometry":{"type":"LineString","coordinates":[[630169.58,5219462.07],[630145.12,5219430.42]]}},{"type":"Feature","properties":{"vineyard_id":"T034_022","row_id":"T034_022-R09","row_structure":"disrupted","tile":"siret3_r034_c022.tif","length_m":44.85},"geometry":{"type":"LineString","coordinates":[[630169.59,5219466.0],[630142.27,5219430.43]]}},{"type":"Feature","properties":{"vineyard_id":"T034_022","row_id":"T034_022-R10","row_structure":"disrupted","tile":"siret3_r034_c022.tif","length_m":50.27},"geometry":{"type":"LineString","coordinates":[[630169.58,5219470.26],[630138.93,5219430.42]]}},{"type":"Feature","properties":{"vineyard_id":"T034_022","row_id":"T034_022-R11","row_structure":"regular","tile":"siret3_r034_c022.tif","length_m":55.35},"geometry":{"type":"LineString","coordinates":[[630169.58,5219474.21],[630135.73,5219430.42]]}},{"type":"Feature","properties":{"vineyard_id":"T034_022","row_id":"T034_022-R12","row_structure":"regular","tile":"siret3_r034_c022.tif","length_m":59.2},"geometry":{"type":"LineString","coordinates":[[630169.57,5219477.31],[630133.44,5219430.42]]}},{"type":"Feature","properties":{"vineyard_id":"T034_022","row_id":"T034_022-R13","row_structure":"regular","tile":"siret3_r034_c022.tif","length_m":64.55},"geometry":{"type":"LineString","coordinates":[[630169.09,5219481.6],[630129.74,5219430.43]]}},{"type":"Feature","properties":{"vineyard_id":"T034_022","row_id":"T034_022-R14","row_structure":"disrupted","tile":"siret3_r034_c022.tif","length_m":64.58},"geometry":{"type":"LineString","coordinates":[[630160.78,5219481.59],[630121.38,5219430.43]]}},{"type":"Feature","properties":{"vineyard_id":"T034_022","row_id":"T034_022-R15","row_structure":"regular","tile":"siret3_r034_c022.tif","length_m":64.1},"geometry":{"type":"LineString","coordinates":[[630157.42,5219481.59],[630118.4,5219430.73]]}},{"type":"Feature","properties":{"vineyard_id":"T034_022","row_id":"T034_022-R16","row_structure":"disrupted","tile":"siret3_r034_c022.tif","length_m":58.12},"geometry":{"type":"LineString","coordinates":[[630153.8,5219481.6],[630118.4,5219435.51]]}},{"type":"Feature","properties":{"vineyard_id":"T034_022","row_id":"T034_022-R17","row_structure":"regular","tile":"siret3_r034_c022.tif","length_m":52.05},"geometry":{"type":"LineString","coordinates":[[630150.19,5219481.6],[630118.4,5219440.39]]}},{"type":"Feature","properties":{"vineyard_id":"T034_022","row_id":"T034_022-R18","row_structure":"regular","tile":"siret3_r034_c022.tif","length_m":45.98},"geometry":{"type":"LineString","coordinates":[[630146.57,5219481.6],[630118.4,5219445.26]]}},{"type":"Feature","properties":{"vineyard_id":"T034_022","row_id":"T034_022-R19","row_structure":"regular","tile":"siret3_r034_c022.tif","length_m":40.95},"geometry":{"type":"LineString","coordinates":[[630143.43,5219481.6],[630118.4,5219449.19]]}},{"type":"Feature","properties":{"vineyard_id":"T034_022","row_id":"T034_022-R20","row_structure":"regular","tile":"siret3_r034_c022.tif","length_m":27.88},"geometry":{"type":"LineString","coordinates":[[630135.41,5219481.6],[630118.4,5219459.51]]}},{"type":"Feature","properties":{"vineyard_id":"T034_022","row_id":"T034_022-R21","row_structure":"regular","tile":"siret3_r034_c022.tif","length_m":9.7},"geometry":{"type":"LineString","coordinates":[[630124.27,5219481.59],[630118.4,5219473.87]]}},{"type":"Feature","properties":{"vineyard_id":"T034_022","row_id":"T034_022-R22","row_structure":"regular","tile":"siret3_r034_c022.tif","length_m":3.79},"geometry":{"type":"LineString","coordinates":[[630120.65,5219481.6],[630118.4,5219478.55]]}},{"type":"Feature","properties":{"vineyard_id":"T034_023","row_id":"T034_023-R01","row_structure":"regular","tile":"siret3_r034_c023.tif","length_m":2.05},"geometry":{"type":"LineString","coordinates":[[630220.79,5219431.78],[630219.25,5219430.42]]}},{"type":"Feature","properties":{"vineyard_id":"T034_023","row_id":"T034_023-R02","row_structure":"regular","tile":"siret3_r034_c023.tif","length_m":7.47},"geometry":{"type":"LineString","coordinates":[[630220.78,5219435.4],[630215.19,5219430.43]]}},{"type":"Feature","properties":{"vineyard_id":"T034_023","row_id":"T034_023-R03","row_structure":"regular","tile":"siret3_r034_c023.tif","length_m":11.11},"geometry":{"type":"LineString","coordinates":[[630220.77,5219437.55],[630212.27,5219430.42]]}},{"type":"Feature","properties":{"vineyard_id":"T034_023","row_id":"T034_023-R04","row_structure":"regular","tile":"siret3_r034_c023.tif","length_m":15.98},"geometry":{"type":"LineString","coordinates":[[630220.77,5219440.79],[630208.62,5219430.42]]}},{"type":"Feature","properties":{"vineyard_id":"T034_023","row_id":"T034_023-R05","row_structure":"regular","tile":"siret3_r034_c023.tif","length_m":21.9},"geometry":{"type":"LineString","coordinates":[[630220.78,5219445.15],[630204.57,5219430.42]]}},{"type":"Feature","properties":{"vineyard_id":"T034_023","row_id":"T034_023-R06","row_structure":"regular","tile":"siret3_r034_c023.tif","length_m":28.75},"geometry":{"type":"LineString","coordinates":[[630220.78,5219449.56],[630199.32,5219430.42]]}},{"type":"Feature","properties":{"vineyard_id":"T034_023","row_id":"T034_023-R07","row_structure":"regular","tile":"siret3_r034_c023.tif","length_m":33.78},"geometry":{"type":"LineString","coordinates":[[630220.79,5219452.86],[630195.53,5219430.43]]}},{"type":"Feature","properties":{"vineyard_id":"T034_023","row_id":"T034_023-R08","row_structure":"regular","tile":"siret3_r034_c023.tif","length_m":36.63},"geometry":{"type":"LineString","coordinates":[[630220.78,5219454.67],[630193.35,5219430.41]]}},{"type":"Feature","properties":{"vineyard_id":"T034_023","row_id":"T034_023-R09","row_structure":"regular","tile":"siret3_r034_c023.tif","length_m":41.55},"geometry":{"type":"LineString","coordinates":[[630220.78,5219457.99],[630189.7,5219430.41]]}},{"type":"Feature","properties":{"vineyard_id":"T034_023","row_id":"T034_023-R10","row_structure":"regular","tile":"siret3_r034_c023.tif","length_m":48.77},"geometry":{"type":"LineString","coordinates":[[630220.77,5219462.82],[630184.32,5219430.42]]}},{"type":"Feature","properties":{"vineyard_id":"T034_023","row_id":"T034_023-R11","row_structure":"regular","tile":"siret3_r034_c023.tif","length_m":53.2},"geometry":{"type":"LineString","coordinates":[[630220.79,5219465.7],[630180.97,5219430.42]]}},{"type":"Feature","properties":{"vineyard_id":"T034_023","row_id":"T034_023-R12","row_structure":"regular","tile":"siret3_r034_c023.tif","length_m":57.5},"geometry":{"type":"LineString","coordinates":[[630220.78,5219468.6],[630177.79,5219430.42]]}},{"type":"Feature","properties":{"vineyard_id":"T034_023","row_id":"T034_023-R13","row_structure":"regular","tile":"siret3_r034_c023.tif","length_m":60.23},"geometry":{"type":"LineString","coordinates":[[630220.79,5219470.41],[630175.75,5219430.42]]}},{"type":"Feature","properties":{"vineyard_id":"T034_023","row_id":"T034_023-R14","row_structure":"regular","tile":"siret3_r034_c023.tif","length_m":63.63},"geometry":{"type":"LineString","coordinates":[[630220.79,5219472.63],[630173.18,5219430.42]]}},{"type":"Feature","properties":{"vineyard_id":"T034_023","row_id":"T034_023-R15","row_structure":"regular","tile":"siret3_r034_c023.tif","length_m":67.5},"geometry":{"type":"LineString","coordinates":[[630220.79,5219475.27],[630170.34,5219430.42]]}},{"type":"Feature","properties":{"vineyard_id":"T034_023","row_id":"T034_023-R16","row_structure":"regular","tile":"siret3_r034_c023.tif","length_m":68.49},"geometry":{"type":"LineString","coordinates":[[630220.78,5219478.47],[630169.6,5219432.97]]}},{"type":"Feature","properties":{"vineyard_id":"T034_023","row_id":"T034_023-R17","row_structure":"disrupted","tile":"siret3_r034_c023.tif","length_m":68.4},"geometry":{"type":"LineString","coordinates":[[630220.78,5219480.96],[630169.61,5219435.57]]}},{"type":"Feature","properties":{"vineyard_id":"T034_023","row_id":"T034_023-R18","row_structure":"regular","tile":"siret3_r034_c023.tif","length_m":64.65},"geometry":{"type":"LineString","coordinates":[[630217.95,5219481.59],[630169.6,5219438.67]]}},{"type":"Feature","properties":{"vineyard_id":"T034_023","row_id":"T034_023-R19","row_structure":"disrupted","tile":"siret3_r034_c023.tif","length_m":59.95},"geometry":{"type":"LineString","coordinates":[[630214.46,5219481.6],[630169.61,5219441.82]]}},{"type":"Feature","properties":{"vineyard_id":"T034_023","row_id":"T034_023-R20","row_structure":"disrupted","tile":"siret3_r034_c023.tif","length_m":55.75},"geometry":{"type":"LineString","coordinates":[[630211.33,5219481.6],[630169.6,5219444.63]]}},{"type":"Feature","properties":{"vineyard_id":"T034_023","row_id":"T034_023-R21","row_structure":"disrupted","tile":"siret3_r034_c023.tif","length_m":51.89},"geometry":{"type":"LineString","coordinates":[[630208.38,5219481.59],[630169.6,5219447.12]]}},{"type":"Feature","properties":{"vineyard_id":"T034_023","row_id":"T034_023-R22","row_structure":"disrupted","tile":"siret3_r034_c023.tif","length_m":48.22},"geometry":{"type":"LineString","coordinates":[[630205.7,5219481.6],[630169.61,5219449.62]]}},{"type":"Feature","properties":{"vineyard_id":"T034_023","row_id":"T034_023-R23","row_structure":"disrupted","tile":"siret3_r034_c023.tif","length_m":44.81},"geometry":{"type":"LineString","coordinates":[[630203.06,5219481.6],[630169.6,5219451.8]]}},{"type":"Feature","properties":{"vineyard_id":"T034_023","row_id":"T034_023-R24","row_structure":"regular","tile":"siret3_r034_c023.tif","length_m":41.32},"geometry":{"type":"LineString","coordinates":[[630200.47,5219481.6],[630169.6,5219454.14]]}},{"type":"Feature","properties":{"vineyard_id":"T034_023","row_id":"T034_023-R25","row_structure":"disrupted","tile":"siret3_r034_c023.tif","length_m":37.66},"geometry":{"type":"LineString","coordinates":[[630197.75,5219481.6],[630169.6,5219456.58]]}},{"type":"Feature","properties":{"vineyard_id":"T034_023","row_id":"T034_023-R26","row_structure":"regular","tile":"siret3_r034_c023.tif","length_m":31.31},"geometry":{"type":"LineString","coordinates":[[630192.97,5219481.6],[630169.6,5219460.75]]}},{"type":"Feature","properties":{"vineyard_id":"T034_023","row_id":"T034_023-R27","row_structure":"disrupted","tile":"siret3_r034_c023.tif","length_m":26.07},"geometry":{"type":"LineString","coordinates":[[630189.09,5219481.59],[630169.61,5219464.26]]}},{"type":"Feature","properties":{"vineyard_id":"T034_023","row_id":"T034_023-R28","row_structure":"disrupted","tile":"siret3_r034_c023.tif","length_m":21.35},"geometry":{"type":"LineString","coordinates":[[630185.67,5219481.6],[630169.6,5219467.55]]}},{"type":"Feature","properties":{"vineyard_id":"T034_023","row_id":"T034_023-R29","row_structure":"regular","tile":"siret3_r034_c023.tif","length_m":17.48},"geometry":{"type":"LineString","coordinates":[[630182.66,5219481.6],[630169.6,5219469.98]]}},{"type":"Feature","properties":{"vineyard_id":"T034_023","row_id":"T034_023-R30","row_structure":"disrupted","tile":"siret3_r034_c023.tif","length_m":13.05},"geometry":{"type":"LineString","coordinates":[[630179.5,5219481.59],[630169.6,5219473.09]]}},{"type":"Feature","properties":{"vineyard_id":"T034_023","row_id":"T034_023-R31","row_structure":"regular","tile":"siret3_r034_c023.tif","length_m":8.99},"geometry":{"type":"LineString","coordinates":[[630176.44,5219481.6],[630169.6,5219475.77]]}},{"type":"Feature","properties":{"vineyard_id":"T034_023","row_id":"T034_023-R32","row_structure":"regular","tile":"siret3_r034_c023.tif","length_m":4.31},"geometry":{"type":"LineString","coordinates":[[630172.78,5219481.6],[630169.6,5219478.69]]}},{"type":"Feature","properties":{"vineyard_id":"T034_024","row_id":"T034_024-R01","row_structure":"regular","tile":"siret3_r034_c024.tif","length_m":5.37},"geometry":{"type":"LineString","coordinates":[[630266.99,5219481.6],[630271.99,5219479.64]]}},{"type":"Feature","properties":{"vineyard_id":"T034_024","row_id":"T034_024-R02","row_structure":"regular","tile":"siret3_r034_c024.tif","length_m":14.12},"geometry":{"type":"LineString","coordinates":[[630258.88,5219481.6],[630271.98,5219476.33]]}},{"type":"Feature","properties":{"vineyard_id":"T034_024","row_id":"T034_024-R03","row_structure":"regular","tile":"siret3_r034_c024.tif","length_m":21.19},"geometry":{"type":"LineString","coordinates":[[630252.39,5219481.6],[630271.98,5219473.51]]}},{"type":"Feature","properties":{"vineyard_id":"T034_024","row_id":"T034_024-R04","row_structure":"regular","tile":"siret3_r034_c024.tif","length_m":29.36},"geometry":{"type":"LineString","coordinates":[[630244.82,5219481.6],[630271.98,5219470.43]]}},{"type":"Feature","properties":{"vineyard_id":"T034_024","row_id":"T034_024-R05","row_structure":"regular","tile":"siret3_r034_c024.tif","length_m":38.04},"geometry":{"type":"LineString","coordinates":[[630236.79,5219481.6],[630271.97,5219467.13]]}},{"type":"Feature","properties":{"vineyard_id":"T034_024","row_id":"T034_024-R06","row_structure":"regular","tile":"siret3_r034_c024.tif","length_m":46.77},"geometry":{"type":"LineString","coordinates":[[630228.7,5219481.6],[630271.97,5219463.84]]}},{"type":"Feature","properties":{"vineyard_id":"T034_024","row_id":"T034_024-R07","row_structure":"regular","tile":"siret3_r034_c024.tif","length_m":54.8},"geometry":{"type":"LineString","coordinates":[[630221.31,5219481.6],[630271.98,5219460.73]]}},{"type":"Feature","properties":{"vineyard_id":"T034_024","row_id":"T034_024-R08","row_structure":"regular","tile":"siret3_r034_c024.tif","length_m":55.37},"geometry":{"type":"LineString","coordinates":[[630220.8,5219476.82],[630271.98,5219455.67]]}},{"type":"Feature","properties":{"vineyard_id":"T034_024","row_id":"T034_024-R09","row_structure":"disrupted","tile":"siret3_r034_c024.tif","length_m":55.37},"geometry":{"type":"LineString","coordinates":[[630220.8,5219474.03],[630271.98,5219452.9]]}},{"type":"Feature","properties":{"vineyard_id":"T034_024","row_id":"T034_024-R10","row_structure":"regular","tile":"siret3_r034_c024.tif","length_m":55.35},"geometry":{"type":"LineString","coordinates":[[630220.81,5219470.6],[630271.97,5219449.49]]}},{"type":"Feature","properties":{"vineyard_id":"T034_024","row_id":"T034_024-R11","row_structure":"disrupted","tile":"siret3_r034_c024.tif","length_m":55.35},"geometry":{"type":"LineString","coordinates":[[630220.81,5219465.8],[630271.98,5219444.71]]}},{"type":"Feature","properties":{"vineyard_id":"T034_024","row_id":"T034_024-R12","row_structure":"disrupted","tile":"siret3_r034_c024.tif","length_m":55.38},"geometry":{"type":"LineString","coordinates":[[630220.81,5219463.06],[630271.98,5219441.89]]}},{"type":"Feature","properties":{"vineyard_id":"T034_024","row_id":"T034_024-R13","row_structure":"disrupted","tile":"siret3_r034_c024.tif","length_m":55.34},"geometry":{"type":"LineString","coordinates":[[630220.8,5219456.85],[630271.97,5219435.77]]}},{"type":"Feature","properties":{"vineyard_id":"T034_024","row_id":"T034_024-R14","row_structure":"disrupted","tile":"siret3_r034_c024.tif","length_m":55.34},"geometry":{"type":"LineString","coordinates":[[630220.8,5219452.85],[630271.98,5219431.79]]}},{"type":"Feature","properties":{"vineyard_id":"T034_024","row_id":"T034_024-R15","row_structure":"disrupted","tile":"siret3_r034_c024.tif","length_m":51.25},"geometry":{"type":"LineString","coordinates":[[630220.8,5219449.91],[630268.19,5219430.41]]}},{"type":"Feature","properties":{"vineyard_id":"T034_024","row_id":"T034_024-R16","row_structure":"disrupted","tile":"siret3_r034_c024.tif","length_m":44.35},"geometry":{"type":"LineString","coordinates":[[630220.81,5219447.3],[630261.82,5219430.42]]}},{"type":"Feature","properties":{"vineyard_id":"T034_024","row_id":"T034_024-R17","row_structure":"disrupted","tile":"siret3_r034_c024.tif","length_m":36.95},"geometry":{"type":"LineString","coordinates":[[630220.8,5219444.4],[630255.0,5219430.41]]}},{"type":"Feature","properties":{"vineyard_id":"T034_024","row_id":"T034_024-R18","row_structure":"disrupted","tile":"siret3_r034_c024.tif","length_m":29.2},"geometry":{"type":"LineString","coordinates":[[630220.8,5219441.58],[630247.78,5219430.41]]}},{"type":"Feature","properties":{"vineyard_id":"T034_024","row_id":"T034_024-R19","row_structure":"regular","tile":"siret3_r034_c024.tif","length_m":21.47},"geometry":{"type":"LineString","coordinates":[[630220.8,5219438.63],[630240.64,5219430.42]]}},{"type":"Feature","properties":{"vineyard_id":"T034_024","row_id":"T034_024-R20","row_structure":"regular","tile":"siret3_r034_c024.tif","length_m":12.97},"geometry":{"type":"LineString","coordinates":[[630220.8,5219435.41],[630232.77,5219430.41]]}},{"type":"Feature","properties":{"vineyard_id":"T034_024","row_id":"T034_024-R21","row_structure":"regular","tile":"siret3_r034_c024.tif","length_m":4.2},"geometry":{"type":"LineString","coordinates":[[630220.81,5219432.02],[630224.69,5219430.42]]}},{"type":"Feature","properties":{"vineyard_id":"T034_025","row_id":"T034_025-R01","row_structure":"regular","tile":"siret3_r034_c025.tif","length_m":2.48},"geometry":{"type":"LineString","coordinates":[[630323.17,5219432.06],[630321.31,5219430.43]]}},{"type":"Feature","properties":{"vineyard_id":"T034_025","row_id":"T034_025-R02","row_structure":"disrupted","tile":"siret3_r034_c025.tif","length_m":13.58},"geometry":{"type":"LineString","coordinates":[[630323.18,5219439.1],[630312.74,5219430.42]]}},{"type":"Feature","properties":{"vineyard_id":"T034_025","row_id":"T034_025-R03","row_structure":"regular","tile":"siret3_r034_c025.tif","length_m":18.38},"geometry":{"type":"LineString","coordinates":[[630323.16,5219442.15],[630309.01,5219430.42]]}},{"type":"Feature","properties":{"vineyard_id":"T034_025","row_id":"T034_025-R04","row_structure":"regular","tile":"siret3_r034_c025.tif","length_m":23.35},"geometry":{"type":"LineString","coordinates":[[630323.18,5219445.5],[630305.35,5219430.42]]}},{"type":"Feature","properties":{"vineyard_id":"T034_025","row_id":"T034_025-R05","row_structure":"regular","tile":"siret3_r034_c025.tif","length_m":27.7},"geometry":{"type":"LineString","coordinates":[[630323.18,5219448.57],[630302.25,5219430.42]]}},{"type":"Feature","properties":{"vineyard_id":"T034_025","row_id":"T034_025-R06","row_structure":"regular","tile":"siret3_r034_c025.tif","length_m":10.3},"geometry":{"type":"LineString","coordinates":[[630306.72,5219437.27],[630299.03,5219430.42]]}},{"type":"Feature","properties":{"vineyard_id":"T034_025","row_id":"T034_025-R07","row_structure":"regular","tile":"siret3_r034_c025.tif","length_m":7.2},"geometry":{"type":"LineString","coordinates":[[630304.12,5219438.33],[630298.75,5219433.53]]}},{"type":"Feature","properties":{"vineyard_id":"T034_025","row_id":"T034_025-R08","row_structure":"regular","tile":"siret3_r034_c025.tif","length_m":15.27},"geometry":{"type":"LineString","coordinates":[[630302.8,5219440.55],[630291.38,5219430.42]]}},{"type":"Feature","properties":{"vineyard_id":"T034_025","row_id":"T034_025-R09","row_structure":"disrupted","tile":"siret3_r034_c025.tif","length_m":20.9},"geometry":{"type":"LineString","coordinates":[[630298.13,5219444.21],[630282.41,5219430.43]]}},{"type":"Feature","properties":{"vineyard_id":"T034_025","row_id":"T034_025-R10","row_structure":"regular","tile":"siret3_r034_c025.tif","length_m":28.07},"geometry":{"type":"LineString","coordinates":[[630299.61,5219448.92],[630278.5,5219430.41]]}},{"type":"Feature","properties":{"vineyard_id":"T034_025","row_id":"T034_025-R11","row_structure":"disrupted","tile":"siret3_r034_c025.tif","length_m":48.67},"geometry":{"type":"LineString","coordinates":[[630309.48,5219462.65],[630273.0,5219430.42]]}},{"type":"Feature","properties":{"vineyard_id":"T034_025","row_id":"T034_025-R12","row_structure":"disrupted","tile":"siret3_r034_c025.tif","length_m":54.4},"geometry":{"type":"LineString","coordinates":[[630312.94,5219469.12],[630272.01,5219433.3]]}},{"type":"Feature","properties":{"vineyard_id":"T034_025","row_id":"T034_025-R13","row_structure":"disrupted","tile":"siret3_r034_c025.tif","length_m":62.18},"geometry":{"type":"LineString","coordinates":[[630318.67,5219478.28],[630272.0,5219437.19]]}},{"type":"Feature","properties":{"vineyard_id":"T034_025","row_id":"T034_025-R14","row_structure":"disrupted","tile":"siret3_r034_c025.tif","length_m":61.33},"geometry":{"type":"LineString","coordinates":[[630318.05,5219481.6],[630272.0,5219441.09]]}},{"type":"Feature","properties":{"vineyard_id":"T034_025","row_id":"T034_025-R15","row_structure":"disrupted","tile":"siret3_r034_c025.tif","length_m":56.07},"geometry":{"type":"LineString","coordinates":[[630314.12,5219481.6],[630272.0,5219444.59]]}},{"type":"Feature","properties":{"vineyard_id":"T034_025","row_id":"T034_025-R16","row_structure":"disrupted","tile":"siret3_r034_c025.tif","length_m":37.52},"geometry":{"type":"LineString","coordinates":[[630300.17,5219472.87],[630272.0,5219448.07]]}},{"type":"Feature","properties":{"vineyard_id":"T034_025","row_id":"T034_025-R17","row_structure":"disrupted","tile":"siret3_r034_c025.tif","length_m":37.88},"geometry":{"type":"LineString","coordinates":[[630300.42,5219477.85],[630272.0,5219452.8]]}},{"type":"Feature","properties":{"vineyard_id":"T034_025","row_id":"T034_025-R18","row_structure":"regular","tile":"siret3_r034_c025.tif","length_m":3.39},"geometry":{"type":"LineString","coordinates":[[630274.55,5219481.6],[630272.0,5219479.36]]}},{"type":"Feature","properties":{"vineyard_id":"T034_026","row_id":"T034_026-R01","row_structure":"regular","tile":"siret3_r034_c026.tif","length_m":21.7},"geometry":{"type":"LineString","coordinates":[[630374.37,5219444.38],[630357.76,5219430.42]]}},{"type":"Feature","properties":{"vineyard_id":"T034_026","row_id":"T034_026-R02","row_structure":"regular","tile":"siret3_r034_c026.tif","length_m":27.4},"geometry":{"type":"LineString","coordinates":[[630374.38,5219447.85],[630353.25,5219430.41]]}},{"type":"Feature","properties":{"vineyard_id":"T034_026","row_id":"T034_026-R03","row_structure":"disrupted","tile":"siret3_r034_c026.tif","length_m":35.3},"geometry":{"type":"LineString","coordinates":[[630374.37,5219452.99],[630347.23,5219430.42]]}},{"type":"Feature","properties":{"vineyard_id":"T034_026","row_id":"T034_026-R04","row_structure":"disrupted","tile":"siret3_r034_c026.tif","length_m":41.45},"geometry":{"type":"LineString","coordinates":[[630374.38,5219456.81],[630342.41,5219430.43]]}},{"type":"Feature","properties":{"vineyard_id":"T034_026","row_id":"T034_026-R05","row_structure":"disrupted","tile":"siret3_r034_c026.tif","length_m":64.7},"geometry":{"type":"LineString","coordinates":[[630374.38,5219471.8],[630324.64,5219430.43]]}},{"type":"Feature","properties":{"vineyard_id":"T034_026","row_id":"T034_026-R06","row_structure":"disrupted","tile":"siret3_r034_c026.tif","length_m":66.74},"geometry":{"type":"LineString","coordinates":[[630374.38,5219475.33],[630323.2,5219432.48]]}},{"type":"Feature","properties":{"vineyard_id":"T034_026","row_id":"T034_026-R07","row_structure":"disrupted","tile":"siret3_r034_c026.tif","length_m":66.73},"geometry":{"type":"LineString","coordinates":[[630374.39,5219478.6],[630323.21,5219435.79]]}},{"type":"Feature","properties":{"vineyard_id":"T034_026","row_id":"T034_026-R08","row_structure":"disrupted","tile":"siret3_r034_c026.tif","length_m":66.48},"geometry":{"type":"LineString","coordinates":[[630374.28,5219481.59],[630323.21,5219439.04]]}},{"type":"Feature","properties":{"vineyard_id":"T034_026","row_id":"T034_026-R09","row_structure":"disrupted","tile":"siret3_r034_c026.tif","length_m":62.01},"geometry":{"type":"LineString","coordinates":[[630370.87,5219481.6],[630323.2,5219441.94]]}},{"type":"Feature","properties":{"vineyard_id":"T034_026","row_id":"T034_026-R10","row_structure":"regular","tile":"siret3_r034_c026.tif","length_m":56.46},"geometry":{"type":"LineString","coordinates":[[630366.57,5219481.6],[630323.2,5219445.44]]}},{"type":"Feature","properties":{"vineyard_id":"T034_026","row_id":"T034_026-R11","row_structure":"disrupted","tile":"siret3_r034_c026.tif","length_m":51.59},"geometry":{"type":"LineString","coordinates":[[630362.88,5219481.6],[630323.2,5219448.63]]}},{"type":"Feature","properties":{"vineyard_id":"T034_027","row_id":"T034_027-R02","row_structure":"regular","tile":"siret3_r034_c027.tif","length_m":49.65},"geometry":{"type":"LineString","coordinates":[[630425.58,5219480.0],[630422.82,5219430.43]]}},{"type":"Feature","properties":{"vineyard_id":"T034_027","row_id":"T034_027-R03","row_structure":"regular","tile":"siret3_r034_c027.tif","length_m":51.27},"geometry":{"type":"LineString","coordinates":[[630423.47,5219481.6],[630420.48,5219430.42]]}},{"type":"Feature","properties":{"vineyard_id":"T034_027","row_id":"T034_027-R04","row_structure":"disrupted","tile":"siret3_r034_c027.tif","length_m":51.25},"geometry":{"type":"LineString","coordinates":[[630421.48,5219481.59],[630418.54,5219430.43]]}},{"type":"Feature","properties":{"vineyard_id":"T034_027","row_id":"T034_027-R05","row_structure":"regular","tile":"siret3_r034_c027.tif","length_m":51.25},"geometry":{"type":"LineString","coordinates":[[630419.7,5219481.59],[630416.71,5219430.43]]}},{"type":"Feature","properties":{"vineyard_id":"T034_027","row_id":"T034_027-R06","row_structure":"disrupted","tile":"siret3_r034_c027.tif","length_m":51.27},"geometry":{"type":"LineString","coordinates":[[630417.39,5219481.6],[630414.39,5219430.42]]}},{"type":"Feature","properties":{"vineyard_id":"T034_027","row_id":"T034_027-R07","row_structure":"regular","tile":"siret3_r034_c027.tif","length_m":51.25},"geometry":{"type":"LineString","coordinates":[[630415.46,5219481.59],[630412.48,5219430.43]]}},{"type":"Feature","properties":{"vineyard_id":"T034_027","row_id":"T034_027-R08","row_structure":"regular","tile":"siret3_r034_c027.tif","length_m":51.25},"geometry":{"type":"LineString","coordinates":[[630413.21,5219481.59],[630410.27,5219430.43]]}},{"type":"Feature","properties":{"vineyard_id":"T034_027","row_id":"T034_027-R09","row_structure":"regular","tile":"siret3_r034_c027.tif","length_m":51.25},"geometry":{"type":"LineString","coordinates":[[630410.92,5219481.6],[630408.0,5219430.43]]}},{"type":"Feature","properties":{"vineyard_id":"T034_027","row_id":"T034_027-R10","row_structure":"regular","tile":"siret3_r034_c027.tif","length_m":51.27},"geometry":{"type":"LineString","coordinates":[[630409.57,5219481.6],[630406.61,5219430.42]]}},{"type":"Feature","properties":{"vineyard_id":"T034_027","row_id":"T034_027-R11","row_structure":"disrupted","tile":"siret3_r034_c027.tif","length_m":51.25},"geometry":{"type":"LineString","coordinates":[[630407.89,5219481.6],[630404.94,5219430.43]]}},{"type":"Feature","properties":{"vineyard_id":"T034_027","row_id":"T034_027-R12","row_structure":"disrupted","tile":"siret3_r034_c027.tif","length_m":51.25},"geometry":{"type":"LineString","coordinates":[[630405.76,5219481.6],[630402.81,5219430.43]]}},{"type":"Feature","properties":{"vineyard_id":"T034_027","row_id":"T034_027-R13","row_structure":"disrupted","tile":"siret3_r034_c027.tif","length_m":51.27},"geometry":{"type":"LineString","coordinates":[[630403.48,5219481.6],[630400.46,5219430.42]]}},{"type":"Feature","properties":{"vineyard_id":"T034_027","row_id":"T034_027-R14","row_structure":"disrupted","tile":"siret3_r034_c027.tif","length_m":51.27},"geometry":{"type":"LineString","coordinates":[[630401.29,5219481.6],[630398.25,5219430.42]]}},{"type":"Feature","properties":{"vineyard_id":"T034_027","row_id":"T034_027-R15","row_structure":"disrupted","tile":"siret3_r034_c027.tif","length_m":51.25},"geometry":{"type":"LineString","coordinates":[[630398.77,5219481.6],[630395.82,5219430.43]]}},{"type":"Feature","properties":{"vineyard_id":"T034_027","row_id":"T034_027-R16","row_structure":"disrupted","tile":"siret3_r034_c027.tif","length_m":51.27},"geometry":{"type":"LineString","coordinates":[[630396.65,5219481.6],[630393.54,5219430.42]]}},{"type":"Feature","properties":{"vineyard_id":"T034_027","row_id":"T034_027-R17","row_structure":"disrupted","tile":"siret3_r034_c027.tif","length_m":51.25},"geometry":{"type":"LineString","coordinates":[[630394.84,5219481.6],[630391.99,5219430.43]]}},{"type":"Feature","properties":{"vineyard_id":"T034_027","row_id":"T034_027-R18","row_structure":"disrupted","tile":"siret3_r034_c027.tif","length_m":51.25},"geometry":{"type":"LineString","coordinates":[[630392.4,5219481.59],[630389.57,5219430.42]]}},{"type":"Feature","properties":{"vineyard_id":"T034_027","row_id":"T034_027-R19","row_structure":"disrupted","tile":"siret3_r034_c027.tif","length_m":51.25},"geometry":{"type":"LineString","coordinates":[[630391.14,5219481.59],[630388.26,5219430.42]]}},{"type":"Feature","properties":{"vineyard_id":"T034_027","row_id":"T034_027-R20","row_structure":"disrupted","tile":"siret3_r034_c027.tif","length_m":51.27},"geometry":{"type":"LineString","coordinates":[[630389.58,5219481.6],[630386.57,5219430.42]]}},{"type":"Feature","properties":{"vineyard_id":"T034_027","row_id":"T034_027-R21","row_structure":"disrupted","tile":"siret3_r034_c027.tif","length_m":51.27},"geometry":{"type":"LineString","coordinates":[[630387.34,5219481.6],[630384.34,5219430.42]]}},{"type":"Feature","properties":{"vineyard_id":"T034_027","row_id":"T034_027-R22","row_structure":"disrupted","tile":"siret3_r034_c027.tif","length_m":51.25},"geometry":{"type":"LineString","coordinates":[[630380.72,5219481.59],[630377.85,5219430.42]]}},{"type":"Feature","properties":{"vineyard_id":"T034_027","row_id":"T034_027-R23","row_structure":"disrupted","tile":"siret3_r034_c027.tif","length_m":51.25},"geometry":{"type":"LineString","coordinates":[[630377.52,5219481.6],[630374.59,5219430.43]]}},{"type":"Feature","properties":{"vineyard_id":"T034_027","row_id":"T034_027-R24","row_structure":"disrupted","tile":"siret3_r034_c027.tif","length_m":15.73},"geometry":{"type":"LineString","coordinates":[[630374.94,5219481.6],[630374.4,5219465.88]]}},{"type":"Feature","properties":{"vineyard_id":"T034_028","row_id":"T034_028-R02","row_structure":"regular","tile":"siret3_r034_c028.tif","length_m":33.44},"geometry":{"type":"LineString","coordinates":[[630475.36,5219481.6],[630471.24,5219448.42]]}},{"type":"Feature","properties":{"vineyard_id":"T034_028","row_id":"T034_028-R03","row_structure":"regular","tile":"siret3_r034_c028.tif","length_m":37.8},"geometry":{"type":"LineString","coordinates":[[630470.96,5219481.59],[630466.3,5219444.08]]}},{"type":"Feature","properties":{"vineyard_id":"T034_028","row_id":"T034_028-R04","row_structure":"regular","tile":"siret3_r034_c028.tif","length_m":40.38},"geometry":{"type":"LineString","coordinates":[[630468.3,5219481.59],[630463.38,5219441.52]]}},{"type":"Feature","properties":{"vineyard_id":"T034_028","row_id":"T034_028-R05","row_structure":"regular","tile":"siret3_r034_c028.tif","length_m":41.03},"geometry":{"type":"LineString","coordinates":[[630465.66,5219481.59],[630460.61,5219440.88]]}},{"type":"Feature","properties":{"vineyard_id":"T034_028","row_id":"T034_028-R06","row_structure":"regular","tile":"siret3_r034_c028.tif","length_m":44.17},"geometry":{"type":"LineString","coordinates":[[630462.94,5219481.6],[630457.51,5219437.76]]}},{"type":"Feature","properties":{"vineyard_id":"T034_028","row_id":"T034_028-R07","row_structure":"regular","tile":"siret3_r034_c028.tif","length_m":44.15},"geometry":{"type":"LineString","coordinates":[[630459.92,5219481.59],[630454.5,5219437.77]]}},{"type":"Feature","properties":{"vineyard_id":"T034_028","row_id":"T034_028-R08","row_structure":"regular","tile":"siret3_r034_c028.tif","length_m":51.57},"geometry":{"type":"LineString","coordinates":[[630457.11,5219481.6],[630450.8,5219430.42]]}},{"type":"Feature","properties":{"vineyard_id":"T034_028","row_id":"T034_028-R09","row_structure":"regular","tile":"siret3_r034_c028.tif","length_m":51.57},"geometry":{"type":"LineString","coordinates":[[630454.03,5219481.6],[630447.7,5219430.42]]}},{"type":"Feature","properties":{"vineyard_id":"T034_028","row_id":"T034_028-R10","row_structure":"regular","tile":"siret3_r034_c028.tif","length_m":51.56},"geometry":{"type":"LineString","coordinates":[[630450.73,5219481.6],[630444.4,5219430.42]]}},{"type":"Feature","properties":{"vineyard_id":"T034_028","row_id":"T034_028-R11","row_structure":"regular","tile":"siret3_r034_c028.tif","length_m":51.55},"geometry":{"type":"LineString","coordinates":[[630448.23,5219481.59],[630441.99,5219430.42]]}},{"type":"Feature","properties":{"vineyard_id":"T034_028","row_id":"T034_028-R12","row_structure":"regular","tile":"siret3_r034_c028.tif","length_m":51.55},"geometry":{"type":"LineString","coordinates":[[630440.33,5219481.6],[630434.09,5219430.43]]}},{"type":"Feature","properties":{"vineyard_id":"T034_028","row_id":"T034_028-R13","row_structure":"regular","tile":"siret3_r034_c028.tif","length_m":51.57},"geometry":{"type":"LineString","coordinates":[[630436.24,5219481.6],[630429.95,5219430.41]]}},{"type":"Feature","properties":{"vineyard_id":"T034_028","row_id":"T034_028-R14","row_structure":"regular","tile":"siret3_r034_c028.tif","length_m":51.55},"geometry":{"type":"LineString","coordinates":[[630433.04,5219481.59],[630426.72,5219430.43]]}},{"type":"Feature","properties":{"vineyard_id":"T034_028","row_id":"T034_028-R15","row_structure":"regular","tile":"siret3_r034_c028.tif","length_m":33.0},"geometry":{"type":"LineString","coordinates":[[630429.49,5219481.6],[630425.6,5219448.83]]}},{"type":"Feature","properties":{"vineyard_id":"T034_028","row_id":"T034_028-R16","row_structure":"regular","tile":"siret3_r034_c028.tif","length_m":4.05},"geometry":{"type":"LineString","coordinates":[[630426.09,5219481.59],[630425.6,5219477.57]]}},{"type":"Feature","properties":{"vineyard_id":"T034_029","row_id":"T034_029-R01","row_structure":"regular","tile":"siret3_r034_c029.tif","length_m":1.87},"geometry":{"type":"LineString","coordinates":[[630503.37,5219481.6],[630505.2,5219481.18]]}},{"type":"Feature","properties":{"vineyard_id":"T034_029","row_id":"T034_029-R02","row_structure":"regular","tile":"siret3_r034_c029.tif","length_m":14.54},"geometry":{"type":"LineString","coordinates":[[630487.35,5219481.6],[630501.48,5219478.16]]}},{"type":"Feature","properties":{"vineyard_id":"T034_029","row_id":"T034_029-R03","row_structure":"disrupted","tile":"siret3_r034_c029.tif","length_m":22.13},"geometry":{"type":"LineString","coordinates":[[630476.8,5219480.64],[630498.41,5219475.87]]}},{"type":"Feature","properties":{"vineyard_id":"T034_029","row_id":"T034_029-R04","row_structure":"regular","tile":"siret3_r034_c029.tif","length_m":22.95},"geometry":{"type":"LineString","coordinates":[[630476.8,5219477.43],[630499.15,5219472.18]]}},{"type":"Feature","properties":{"vineyard_id":"T034_029","row_id":"T034_029-R05","row_structure":"regular","tile":"siret3_r034_c029.tif","length_m":12.32},"geometry":{"type":"LineString","coordinates":[[630476.8,5219468.51],[630488.85,5219465.91]]}},{"type":"Feature","properties":{"vineyard_id":"T034_029","row_id":"T034_029-R06","row_structure":"regular","tile":"siret3_r034_c029.tif","length_m":7.28},"geometry":{"type":"LineString","coordinates":[[630476.81,5219465.22],[630483.88,5219463.51]]}},{"type":"Feature","properties":{"vineyard_id":"T034_029","row_id":"T034_029-R07","row_structure":"regular","tile":"siret3_r034_c029.tif","length_m":4.9},"geometry":{"type":"LineString","coordinates":[[630476.8,5219461.64],[630481.56,5219460.48]]}},{"type":"Feature","properties":{"vineyard_id":"T034_029","row_id":"T034_029-R08","row_structure":"regular","tile":"siret3_r034_c029.tif","length_m":1.94},"geometry":{"type":"LineString","coordinates":[[630476.8,5219454.84],[630478.7,5219454.4]]}},{"type":"Feature","properties":{"vineyard_id":"T035_020","row_id":"T035_020-R01","row_structure":"regular","tile":"siret3_r035_c020.tif","length_m":51.2},"geometry":{"type":"LineString","coordinates":[[630066.89,5219430.39],[630065.02,5219379.23]]}},{"type":"Feature","properties":{"vineyard_id":"T035_020","row_id":"T035_020-R02","row_structure":"disrupted","tile":"siret3_r035_c020.tif","length_m":51.21},"geometry":{"type":"LineString","coordinates":[[630063.64,5219430.4],[630061.83,5219379.22]]}},{"type":"Feature","properties":{"vineyard_id":"T035_020","row_id":"T035_020-R03","row_structure":"regular","tile":"siret3_r035_c020.tif","length_m":49.5},"geometry":{"type":"LineString","coordinates":[[630062.09,5219430.39],[630060.28,5219380.93]]}},{"type":"Feature","properties":{"vineyard_id":"T035_020","row_id":"T035_020-R04","row_structure":"disrupted","tile":"siret3_r035_c020.tif","length_m":47.55},"geometry":{"type":"LineString","coordinates":[[630059.67,5219430.4],[630057.89,5219382.89]]}},{"type":"Feature","properties":{"vineyard_id":"T035_020","row_id":"T035_020-R05","row_structure":"disrupted","tile":"siret3_r035_c020.tif","length_m":47.25},"geometry":{"type":"LineString","coordinates":[[630057.23,5219430.4],[630055.51,5219383.18]]}},{"type":"Feature","properties":{"vineyard_id":"T035_020","row_id":"T035_020-R06","row_structure":"disrupted","tile":"siret3_r035_c020.tif","length_m":42.62},"geometry":{"type":"LineString","coordinates":[[630053.58,5219430.4],[630052.05,5219387.81]]}},{"type":"Feature","properties":{"vineyard_id":"T035_020","row_id":"T035_020-R07","row_structure":"regular","tile":"siret3_r035_c020.tif","length_m":36.28},"geometry":{"type":"LineString","coordinates":[[630049.17,5219430.39],[630047.79,5219394.14]]}},{"type":"Feature","properties":{"vineyard_id":"T035_020","row_id":"T035_020-R08","row_structure":"disrupted","tile":"siret3_r035_c020.tif","length_m":33.6},"geometry":{"type":"LineString","coordinates":[[630047.06,5219430.39],[630045.92,5219396.81]]}},{"type":"Feature","properties":{"vineyard_id":"T035_020","row_id":"T035_020-R09","row_structure":"regular","tile":"siret3_r035_c020.tif","length_m":31.94},"geometry":{"type":"LineString","coordinates":[[630044.61,5219430.4],[630043.32,5219398.48]]}},{"type":"Feature","properties":{"vineyard_id":"T035_020","row_id":"T035_020-R10","row_structure":"disrupted","tile":"siret3_r035_c020.tif","length_m":30.52},"geometry":{"type":"LineString","coordinates":[[630041.96,5219430.4],[630040.99,5219399.9]]}},{"type":"Feature","properties":{"vineyard_id":"T035_020","row_id":"T035_020-R11","row_structure":"disrupted","tile":"siret3_r035_c020.tif","length_m":27.63},"geometry":{"type":"LineString","coordinates":[[630040.17,5219430.4],[630039.03,5219402.79]]}},{"type":"Feature","properties":{"vineyard_id":"T035_020","row_id":"T035_020-R12","row_structure":"regular","tile":"siret3_r035_c020.tif","length_m":24.42},"geometry":{"type":"LineString","coordinates":[[630036.54,5219430.4],[630035.71,5219405.99]]}},{"type":"Feature","properties":{"vineyard_id":"T035_020","row_id":"T035_020-R13","row_structure":"regular","tile":"siret3_r035_c020.tif","length_m":19.84},"geometry":{"type":"LineString","coordinates":[[630034.4,5219430.4],[630033.75,5219410.57]]}},{"type":"Feature","properties":{"vineyard_id":"T035_020","row_id":"T035_020-R14","row_structure":"regular","tile":"siret3_r035_c020.tif","length_m":16.22},"geometry":{"type":"LineString","coordinates":[[630031.72,5219430.4],[630031.36,5219414.18]]}},{"type":"Feature","properties":{"vineyard_id":"T035_020","row_id":"T035_020-R15","row_structure":"regular","tile":"siret3_r035_c020.tif","length_m":16.12},"geometry":{"type":"LineString","coordinates":[[630029.52,5219430.4],[630029.12,5219414.29]]}},{"type":"Feature","properties":{"vineyard_id":"T035_020","row_id":"T035_020-R16","row_structure":"disrupted","tile":"siret3_r035_c020.tif","length_m":13.27},"geometry":{"type":"LineString","coordinates":[[630027.58,5219430.4],[630027.14,5219417.14]]}},{"type":"Feature","properties":{"vineyard_id":"T035_021","row_id":"T035_021-R01","row_structure":"regular","tile":"siret3_r035_c021.tif","length_m":1.18},"geometry":{"type":"LineString","coordinates":[[630118.39,5219380.15],[630117.66,5219379.23]]}},{"type":"Feature","properties":{"vineyard_id":"T035_021","row_id":"T035_021-R02","row_structure":"regular","tile":"siret3_r035_c021.tif","length_m":7.2},"geometry":{"type":"LineString","coordinates":[[630118.38,5219384.93],[630113.96,5219379.24]]}},{"type":"Feature","properties":{"vineyard_id":"T035_021","row_id":"T035_021-R03","row_structure":"regular","tile":"siret3_r035_c021.tif","length_m":12.88},"geometry":{"type":"LineString","coordinates":[[630118.39,5219389.44],[630110.56,5219379.21]]}},{"type":"Feature","properties":{"vineyard_id":"T035_021","row_id":"T035_021-R04","row_structure":"regular","tile":"siret3_r035_c021.tif","length_m":17.85},"geometry":{"type":"LineString","coordinates":[[630118.38,5219393.2],[630107.28,5219379.22]]}},{"type":"Feature","properties":{"vineyard_id":"T035_021","row_id":"T035_021-R05","row_structure":"disrupted","tile":"siret3_r035_c021.tif","length_m":22.55},"geometry":{"type":"LineString","coordinates":[[630118.37,5219396.93],[630104.4,5219379.22]]}},{"type":"Feature","properties":{"vineyard_id":"T035_021","row_id":"T035_021-R06","row_structure":"disrupted","tile":"siret3_r035_c021.tif","length_m":28.57},"geometry":{"type":"LineString","coordinates":[[630118.38,5219401.66],[630100.7,5219379.21]]}},{"type":"Feature","properties":{"vineyard_id":"T035_021","row_id":"T035_021-R07","row_structure":"disrupted","tile":"siret3_r035_c021.tif","length_m":33.63},"geometry":{"type":"LineString","coordinates":[[630118.38,5219405.7],[630097.65,5219379.22]]}},{"type":"Feature","properties":{"vineyard_id":"T035_021","row_id":"T035_021-R08","row_structure":"regular","tile":"siret3_r035_c021.tif","length_m":38.4},"geometry":{"type":"LineString","coordinates":[[630118.39,5219409.45],[630094.7,5219379.23]]}},{"type":"Feature","properties":{"vineyard_id":"T035_021","row_id":"T035_021-R09","row_structure":"regular","tile":"siret3_r035_c021.tif","length_m":42.38},"geometry":{"type":"LineString","coordinates":[[630118.39,5219412.53],[630092.19,5219379.22]]}},{"type":"Feature","properties":{"vineyard_id":"T035_021","row_id":"T035_021-R10","row_structure":"disrupted","tile":"siret3_r035_c021.tif","length_m":47.73},"geometry":{"type":"LineString","coordinates":[[630118.37,5219416.78],[630088.92,5219379.22]]}},{"type":"Feature","properties":{"vineyard_id":"T035_021","row_id":"T035_021-R11","row_structure":"regular","tile":"siret3_r035_c021.tif","length_m":53.88},"geometry":{"type":"LineString","coordinates":[[630118.37,5219421.58],[630085.08,5219379.23]]}},{"type":"Feature","properties":{"vineyard_id":"T035_021","row_id":"T035_021-R12","row_structure":"regular","tile":"siret3_r035_c021.tif","length_m":59.87},"geometry":{"type":"LineString","coordinates":[[630118.38,5219426.31],[630081.4,5219379.23]]}},{"type":"Feature","properties":{"vineyard_id":"T035_021","row_id":"T035_021-R13","row_structure":"disrupted","tile":"siret3_r035_c021.tif","length_m":64.97},"geometry":{"type":"LineString","coordinates":[[630118.17,5219430.39],[630078.11,5219379.24]]}},{"type":"Feature","properties":{"vineyard_id":"T035_021","row_id":"T035_021-R14","row_structure":"disrupted","tile":"siret3_r035_c021.tif","length_m":65.27},"geometry":{"type":"LineString","coordinates":[[630114.63,5219430.4],[630074.13,5219379.22]]}},{"type":"Feature","properties":{"vineyard_id":"T035_021","row_id":"T035_021-R15","row_structure":"disrupted","tile":"siret3_r035_c021.tif","length_m":65.14},"geometry":{"type":"LineString","coordinates":[[630110.46,5219430.4],[630070.17,5219379.22]]}},{"type":"Feature","properties":{"vineyard_id":"T035_021","row_id":"T035_021-R16","row_structure":"disrupted","tile":"siret3_r035_c021.tif","length_m":63.58},"geometry":{"type":"LineString","coordinates":[[630106.36,5219430.4],[630067.21,5219380.31]]}},{"type":"Feature","properties":{"vineyard_id":"T035_021","row_id":"T035_021-R17","row_structure":"disrupted","tile":"siret3_r035_c021.tif","length_m":58.33},"geometry":{"type":"LineString","coordinates":[[630103.37,5219430.4],[630067.21,5219384.64]]}},{"type":"Feature","properties":{"vineyard_id":"T035_021","row_id":"T035_021-R18","row_structure":"disrupted","tile":"siret3_r035_c021.tif","length_m":53.17},"geometry":{"type":"LineString","coordinates":[[630100.08,5219430.4],[630067.2,5219388.62]]}},{"type":"Feature","properties":{"vineyard_id":"T035_021","row_id":"T035_021-R19","row_structure":"regular","tile":"siret3_r035_c021.tif","length_m":47.18},"geometry":{"type":"LineString","coordinates":[[630096.45,5219430.4],[630067.2,5219393.38]]}},{"type":"Feature","properties":{"vineyard_id":"T035_021","row_id":"T035_021-R20","row_structure":"disrupted","tile":"siret3_r035_c021.tif","length_m":41.02},"geometry":{"type":"LineString","coordinates":[[630092.64,5219430.4],[630067.2,5219398.22]]}},{"type":"Feature","properties":{"vineyard_id":"T035_021","row_id":"T035_021-R21","row_structure":"regular","tile":"siret3_r035_c021.tif","length_m":34.86},"geometry":{"type":"LineString","coordinates":[[630088.79,5219430.4],[630067.2,5219403.03]]}},{"type":"Feature","properties":{"vineyard_id":"T035_021","row_id":"T035_021-R22","row_structure":"regular","tile":"siret3_r035_c021.tif","length_m":29.48},"geometry":{"type":"LineString","coordinates":[[630085.54,5219430.4],[630067.21,5219407.32]]}},{"type":"Feature","properties":{"vineyard_id":"T035_021","row_id":"T035_021-R23","row_structure":"regular","tile":"siret3_r035_c021.tif","length_m":24.47},"geometry":{"type":"LineString","coordinates":[[630082.33,5219430.4],[630067.2,5219411.17]]}},{"type":"Feature","properties":{"vineyard_id":"T035_021","row_id":"T035_021-R24","row_structure":"regular","tile":"siret3_r035_c021.tif","length_m":18.28},"geometry":{"type":"LineString","coordinates":[[630078.51,5219430.4],[630067.2,5219416.04]]}},{"type":"Feature","properties":{"vineyard_id":"T035_021","row_id":"T035_021-R25","row_structure":"regular","tile":"siret3_r035_c021.tif","length_m":11.83},"geometry":{"type":"LineString","coordinates":[[630074.55,5219430.4],[630067.2,5219421.12]]}},{"type":"Feature","properties":{"vineyard_id":"T035_021","row_id":"T035_021-R26","row_structure":"regular","tile":"siret3_r035_c021.tif","length_m":6.06},"geometry":{"type":"LineString","coordinates":[[630070.95,5219430.4],[630067.2,5219425.63]]}},{"type":"Feature","properties":{"vineyard_id":"T035_022","row_id":"T035_022-R01","row_structure":"regular","tile":"siret3_r035_c022.tif","length_m":17.33},"geometry":{"type":"LineString","coordinates":[[630169.57,5219381.06],[630152.34,5219379.22]]}},{"type":"Feature","properties":{"vineyard_id":"T035_022","row_id":"T035_022-R02","row_structure":"disrupted","tile":"siret3_r035_c022.tif","length_m":39.68},"geometry":{"type":"LineString","coordinates":[[630169.57,5219383.72],[630130.15,5219379.22]]}},{"type":"Feature","properties":{"vineyard_id":"T035_022","row_id":"T035_022-R03","row_structure":"disrupted","tile":"siret3_r035_c022.tif","length_m":51.5},"geometry":{"type":"LineString","coordinates":[[630169.57,5219387.4],[630118.4,5219381.56]]}},{"type":"Feature","properties":{"vineyard_id":"T035_022","row_id":"T035_022-R04","row_structure":"disrupted","tile":"siret3_r035_c022.tif","length_m":51.52},"geometry":{"type":"LineString","coordinates":[[630169.58,5219389.67],[630118.4,5219383.76]]}},{"type":"Feature","properties":{"vineyard_id":"T035_022","row_id":"T035_022-R05","row_structure":"disrupted","tile":"siret3_r035_c022.tif","length_m":51.5},"geometry":{"type":"LineString","coordinates":[[630169.57,5219392.22],[630118.41,5219386.27]]}},{"type":"Feature","properties":{"vineyard_id":"T035_022","row_id":"T035_022-R06","row_structure":"disrupted","tile":"siret3_r035_c022.tif","length_m":51.52},"geometry":{"type":"LineString","coordinates":[[630169.58,5219395.6],[630118.41,5219389.57]]}},{"type":"Feature","properties":{"vineyard_id":"T035_022","row_id":"T035_022-R07","row_structure":"disrupted","tile":"siret3_r035_c022.tif","length_m":51.52},"geometry":{"type":"LineString","coordinates":[[630169.59,5219397.91],[630118.4,5219391.98]]}},{"type":"Feature","properties":{"vineyard_id":"T035_022","row_id":"T035_022-R08","row_structure":"disrupted","tile":"siret3_r035_c022.tif","length_m":51.5},"geometry":{"type":"LineString","coordinates":[[630169.57,5219400.22],[630118.41,5219394.3]]}},{"type":"Feature","properties":{"vineyard_id":"T035_022","row_id":"T035_022-R09","row_structure":"disrupted","tile":"siret3_r035_c022.tif","length_m":51.51},"geometry":{"type":"LineString","coordinates":[[630169.56,5219402.68],[630118.4,5219396.69]]}},{"type":"Feature","properties":{"vineyard_id":"T035_022","row_id":"T035_022-R10","row_structure":"disrupted","tile":"siret3_r035_c022.tif","length_m":51.5},"geometry":{"type":"LineString","coordinates":[[630169.57,5219404.85],[630118.4,5219398.97]]}},{"type":"Feature","properties":{"vineyard_id":"T035_022","row_id":"T035_022-R11","row_structure":"disrupted","tile":"siret3_r035_c022.tif","length_m":51.52},"geometry":{"type":"LineString","coordinates":[[630169.58,5219406.43],[630118.4,5219400.53]]}},{"type":"Feature","properties":{"vineyard_id":"T035_022","row_id":"T035_022-R12","row_structure":"disrupted","tile":"siret3_r035_c022.tif","length_m":51.52},"geometry":{"type":"LineString","coordinates":[[630169.57,5219410.65],[630118.4,5219404.62]]}},{"type":"Feature","properties":{"vineyard_id":"T035_022","row_id":"T035_022-R13","row_structure":"disrupted","tile":"siret3_r035_c022.tif","length_m":51.5},"geometry":{"type":"LineString","coordinates":[[630169.58,5219413.42],[630118.41,5219407.58]]}},{"type":"Feature","properties":{"vineyard_id":"T035_022","row_id":"T035_022-R14","row_structure":"disrupted","tile":"siret3_r035_c022.tif","length_m":51.52},"geometry":{"type":"LineString","coordinates":[[630169.57,5219415.89],[630118.4,5219409.89]]}},{"type":"Feature","properties":{"vineyard_id":"T035_022","row_id":"T035_022-R15","row_structure":"disrupted","tile":"siret3_r035_c022.tif","length_m":51.51},"geometry":{"type":"LineString","coordinates":[[630169.57,5219418.76],[630118.4,5219412.8]]}},{"type":"Feature","properties":{"vineyard_id":"T035_022","row_id":"T035_022-R16","row_structure":"disrupted","tile":"siret3_r035_c022.tif","length_m":51.5},"geometry":{"type":"LineString","coordinates":[[630169.57,5219420.91],[630118.41,5219414.99]]}},{"type":"Feature","properties":{"vineyard_id":"T035_022","row_id":"T035_022-R17","row_structure":"disrupted","tile":"siret3_r035_c022.tif","length_m":51.51},"geometry":{"type":"LineString","coordinates":[[630169.58,5219423.44],[630118.4,5219417.56]]}},{"type":"Feature","properties":{"vineyard_id":"T035_022","row_id":"T035_022-R18","row_structure":"disrupted","tile":"siret3_r035_c022.tif","length_m":51.5},"geometry":{"type":"LineString","coordinates":[[630169.58,5219426.7],[630118.4,5219420.96]]}},{"type":"Feature","properties":{"vineyard_id":"T035_022","row_id":"T035_022-R19","row_structure":"disrupted","tile":"siret3_r035_c022.tif","length_m":51.52},"geometry":{"type":"LineString","coordinates":[[630169.57,5219430.04],[630118.4,5219424.06]]}},{"type":"Feature","properties":{"vineyard_id":"T035_022","row_id":"T035_022-R20","row_structure":"regular","tile":"siret3_r035_c022.tif","length_m":35.61},"geometry":{"type":"LineString","coordinates":[[630153.79,5219430.4],[630118.4,5219426.44]]}},{"type":"Feature","properties":{"vineyard_id":"T035_022","row_id":"T035_022-R21","row_structure":"regular","tile":"siret3_r035_c022.tif","length_m":18.48},"geometry":{"type":"LineString","coordinates":[[630136.77,5219430.4],[630118.4,5219428.38]]}},{"type":"Feature","properties":{"vineyard_id":"T035_023","row_id":"T035_023-R01","row_structure":"regular","tile":"siret3_r035_c023.tif","length_m":6.05},"geometry":{"type":"LineString","coordinates":[[630214.8,5219430.4],[630220.77,5219429.45]]}},{"type":"Feature","properties":{"vineyard_id":"T035_023","row_id":"T035_023-R02","row_structure":"regular","tile":"siret3_r035_c023.tif","length_m":33.62},"geometry":{"type":"LineString","coordinates":[[630187.55,5219430.4],[630220.78,5219425.36]]}},{"type":"Feature","properties":{"vineyard_id":"T035_023","row_id":"T035_023-R03","row_structure":"disrupted","tile":"siret3_r035_c023.tif","length_m":49.05},"geometry":{"type":"LineString","coordinates":[[630172.32,5219430.4],[630220.77,5219422.75]]}},{"type":"Feature","properties":{"vineyard_id":"T035_023","row_id":"T035_023-R04","row_structure":"disrupted","tile":"siret3_r035_c023.tif","length_m":46.29},"geometry":{"type":"LineString","coordinates":[[630169.6,5219426.72],[630215.33,5219419.53]]}},{"type":"Feature","properties":{"vineyard_id":"T035_023","row_id":"T035_023-R05","row_structure":"disrupted","tile":"siret3_r035_c023.tif","length_m":51.81},"geometry":{"type":"LineString","coordinates":[[630169.6,5219423.2],[630220.77,5219415.05]]}},{"type":"Feature","properties":{"vineyard_id":"T035_023","row_id":"T035_023-R06","row_structure":"regular","tile":"siret3_r035_c023.tif","length_m":51.8},"geometry":{"type":"LineString","coordinates":[[630169.6,5219421.37],[630220.77,5219413.27]]}},{"type":"Feature","properties":{"vineyard_id":"T035_023","row_id":"T035_023-R07","row_structure":"disrupted","tile":"siret3_r035_c023.tif","length_m":51.83},"geometry":{"type":"LineString","coordinates":[[630169.61,5219418.87],[630220.79,5219410.71]]}},{"type":"Feature","properties":{"vineyard_id":"T035_023","row_id":"T035_023-R08","row_structure":"regular","tile":"siret3_r035_c023.tif","length_m":51.82},"geometry":{"type":"LineString","coordinates":[[630169.6,5219415.6],[630220.79,5219407.49]]}},{"type":"Feature","properties":{"vineyard_id":"T035_023","row_id":"T035_023-R09","row_structure":"regular","tile":"siret3_r035_c023.tif","length_m":51.8},"geometry":{"type":"LineString","coordinates":[[630169.61,5219412.79],[630220.77,5219404.65]]}},{"type":"Feature","properties":{"vineyard_id":"T035_023","row_id":"T035_023-R10","row_structure":"regular","tile":"siret3_r035_c023.tif","length_m":51.77},"geometry":{"type":"LineString","coordinates":[[630169.61,5219409.43],[630220.76,5219401.44]]}},{"type":"Feature","properties":{"vineyard_id":"T035_023","row_id":"T035_023-R11","row_structure":"regular","tile":"siret3_r035_c023.tif","length_m":51.82},"geometry":{"type":"LineString","coordinates":[[630169.6,5219405.02],[630220.78,5219396.9]]}},{"type":"Feature","properties":{"vineyard_id":"T035_023","row_id":"T035_023-R12","row_structure":"disrupted","tile":"siret3_r035_c023.tif","length_m":51.8},"geometry":{"type":"LineString","coordinates":[[630169.61,5219400.96],[630220.76,5219392.81]]}},{"type":"Feature","properties":{"vineyard_id":"T035_023","row_id":"T035_023-R13","row_structure":"regular","tile":"siret3_r035_c023.tif","length_m":51.8},"geometry":{"type":"LineString","coordinates":[[630169.61,5219397.93],[630220.77,5219389.83]]}},{"type":"Feature","properties":{"vineyard_id":"T035_023","row_id":"T035_023-R14","row_structure":"disrupted","tile":"siret3_r035_c023.tif","length_m":51.8},"geometry":{"type":"LineString","coordinates":[[630169.61,5219394.55],[630220.76,5219386.42]]}},{"type":"Feature","properties":{"vineyard_id":"T035_023","row_id":"T035_023-R15","row_structure":"disrupted","tile":"siret3_r035_c023.tif","length_m":51.82},"geometry":{"type":"LineString","coordinates":[[630169.6,5219391.26],[630220.78,5219383.14]]}},{"type":"Feature","properties":{"vineyard_id":"T035_023","row_id":"T035_023-R16","row_structure":"disrupted","tile":"siret3_r035_c023.tif","length_m":51.82},"geometry":{"type":"LineString","coordinates":[[630169.6,5219388.08],[630220.77,5219379.92]]}},{"type":"Feature","properties":{"vineyard_id":"T035_023","row_id":"T035_023-R17","row_structure":"disrupted","tile":"siret3_r035_c023.tif","length_m":37.68},"geometry":{"type":"LineString","coordinates":[[630169.61,5219384.97],[630206.84,5219379.21]]}},{"type":"Feature","properties":{"vineyard_id":"T035_023","row_id":"T035_023-R18","row_structure":"regular","tile":"siret3_r035_c023.tif","length_m":19.57},"geometry":{"type":"LineString","coordinates":[[630169.6,5219382.13],[630188.95,5219379.22]]}},{"type":"Feature","properties":{"vineyard_id":"T035_023","row_id":"T035_023-R19","row_structure":"regular","tile":"siret3_r035_c023.tif","length_m":1.47},"geometry":{"type":"LineString","coordinates":[[630169.6,5219379.44],[630171.05,5219379.21]]}},{"type":"Feature","properties":{"vineyard_id":"T035_024","row_id":"T035_024-R01","row_structure":"regular","tile":"siret3_r035_c024.tif","length_m":3.05},"geometry":{"type":"LineString","coordinates":[[630271.98,5219381.71],[630270.22,5219379.23]]}},{"type":"Feature","properties":{"vineyard_id":"T035_024","row_id":"T035_024-R02","row_structure":"regular","tile":"siret3_r035_c024.tif","length_m":8.85},"geometry":{"type":"LineString","coordinates":[[630271.98,5219386.5],[630266.96,5219379.21]]}},{"type":"Feature","properties":{"vineyard_id":"T035_024","row_id":"T035_024-R03","row_structure":"regular","tile":"siret3_r035_c024.tif","length_m":14.3},"geometry":{"type":"LineString","coordinates":[[630271.97,5219390.95],[630263.8,5219379.22]]}},{"type":"Feature","properties":{"vineyard_id":"T035_024","row_id":"T035_024-R04","row_structure":"regular","tile":"siret3_r035_c024.tif","length_m":19.85},"geometry":{"type":"LineString","coordinates":[[630271.98,5219395.4],[630260.45,5219379.23]]}},{"type":"Feature","properties":{"vineyard_id":"T035_024","row_id":"T035_024-R05","row_structure":"regular","tile":"siret3_r035_c024.tif","length_m":26.95},"geometry":{"type":"LineString","coordinates":[[630271.98,5219401.19],[630256.36,5219379.23]]}},{"type":"Feature","properties":{"vineyard_id":"T035_024","row_id":"T035_024-R06","row_structure":"regular","tile":"siret3_r035_c024.tif","length_m":31.92},"geometry":{"type":"LineString","coordinates":[[630271.97,5219405.28],[630253.52,5219379.22]]}},{"type":"Feature","properties":{"vineyard_id":"T035_024","row_id":"T035_024-R07","row_structure":"regular","tile":"siret3_r035_c024.tif","length_m":36.73},"geometry":{"type":"LineString","coordinates":[[630271.97,5219409.17],[630250.7,5219379.24]]}},{"type":"Feature","properties":{"vineyard_id":"T035_024","row_id":"T035_024-R08","row_structure":"regular","tile":"siret3_r035_c024.tif","length_m":42.05},"geometry":{"type":"LineString","coordinates":[[630271.99,5219413.51],[630247.63,5219379.24]]}},{"type":"Feature","properties":{"vineyard_id":"T035_024","row_id":"T035_024-R09","row_structure":"regular","tile":"siret3_r035_c024.tif","length_m":50.63},"geometry":{"type":"LineString","coordinates":[[630271.98,5219420.52],[630242.69,5219379.22]]}},{"type":"Feature","properties":{"vineyard_id":"T035_024","row_id":"T035_024-R10","row_structure":"regular","tile":"siret3_r035_c024.tif","length_m":55.6},"geometry":{"type":"LineString","coordinates":[[630271.97,5219424.57],[630239.79,5219379.23]]}},{"type":"Feature","properties":{"vineyard_id":"T035_024","row_id":"T035_024-R11","row_structure":"regular","tile":"siret3_r035_c024.tif","length_m":61.67},"geometry":{"type":"LineString","coordinates":[[630271.99,5219429.49],[630236.27,5219379.22]]}},{"type":"Feature","properties":{"vineyard_id":"T035_024","row_id":"T035_024-R12","row_structure":"regular","tile":"siret3_r035_c024.tif","length_m":62.85},"geometry":{"type":"LineString","coordinates":[[630269.73,5219430.4],[630233.25,5219379.21]]}},{"type":"Feature","properties":{"vineyard_id":"T035_024","row_id":"T035_024-R13","row_structure":"disrupted","tile":"siret3_r035_c024.tif","length_m":62.81},"geometry":{"type":"LineString","coordinates":[[630267.02,5219430.4],[630230.62,5219379.21]]}},{"type":"Feature","properties":{"vineyard_id":"T035_024","row_id":"T035_024-R14","row_structure":"regular","tile":"siret3_r035_c024.tif","length_m":62.79},"geometry":{"type":"LineString","coordinates":[[630262.49,5219430.4],[630226.12,5219379.22]]}},{"type":"Feature","properties":{"vineyard_id":"T035_024","row_id":"T035_024-R15","row_structure":"disrupted","tile":"siret3_r035_c024.tif","length_m":62.79},"geometry":{"type":"LineString","coordinates":[[630259.64,5219430.4],[630223.27,5219379.22]]}},{"type":"Feature","properties":{"vineyard_id":"T035_024","row_id":"T035_024-R16","row_structure":"regular","tile":"siret3_r035_c024.tif","length_m":57.36},"geometry":{"type":"LineString","coordinates":[[630254.0,5219430.4],[630220.8,5219383.62]]}},{"type":"Feature","properties":{"vineyard_id":"T035_024","row_id":"T035_024-R17","row_structure":"regular","tile":"siret3_r035_c024.tif","length_m":51.84},"geometry":{"type":"LineString","coordinates":[[630250.78,5219430.4],[630220.8,5219388.12]]}},{"type":"Feature","properties":{"vineyard_id":"T035_024","row_id":"T035_024-R18","row_structure":"regular","tile":"siret3_r035_c024.tif","length_m":47.41},"geometry":{"type":"LineString","coordinates":[[630248.27,5219430.4],[630220.8,5219391.76]]}},{"type":"Feature","properties":{"vineyard_id":"T035_024","row_id":"T035_024-R19","row_structure":"disrupted","tile":"siret3_r035_c024.tif","length_m":42.16},"geometry":{"type":"LineString","coordinates":[[630245.23,5219430.4],[630220.8,5219396.03]]}},{"type":"Feature","properties":{"vineyard_id":"T035_024","row_id":"T035_024-R20","row_structure":"disrupted","tile":"siret3_r035_c024.tif","length_m":37.71},"geometry":{"type":"LineString","coordinates":[[630242.62,5219430.4],[630220.8,5219399.64]]}},{"type":"Feature","properties":{"vineyard_id":"T035_024","row_id":"T035_024-R21","row_structure":"disrupted","tile":"siret3_r035_c024.tif","length_m":33.0},"geometry":{"type":"LineString","coordinates":[[630239.91,5219430.39],[630220.8,5219403.49]]}},{"type":"Feature","properties":{"vineyard_id":"T035_024","row_id":"T035_024-R22","row_structure":"regular","tile":"siret3_r035_c024.tif","length_m":28.42},"geometry":{"type":"LineString","coordinates":[[630237.29,5219430.4],[630220.8,5219407.25]]}},{"type":"Feature","properties":{"vineyard_id":"T035_024","row_id":"T035_024-R23","row_structure":"regular","tile":"siret3_r035_c024.tif","length_m":22.84},"geometry":{"type":"LineString","coordinates":[[630234.03,5219430.4],[630220.8,5219411.78]]}},{"type":"Feature","properties":{"vineyard_id":"T035_024","row_id":"T035_024-R24","row_structure":"regular","tile":"siret3_r035_c024.tif","length_m":17.22},"geometry":{"type":"LineString","coordinates":[[630230.67,5219430.39],[630220.8,5219416.28]]}},{"type":"Feature","properties":{"vineyard_id":"T035_024","row_id":"T035_024-R25","row_structure":"regular","tile":"siret3_r035_c024.tif","length_m":11.59},"geometry":{"type":"LineString","coordinates":[[630227.45,5219430.4],[630220.8,5219420.91]]}},{"type":"Feature","properties":{"vineyard_id":"T035_024","row_id":"T035_024-R26","row_structure":"disrupted","tile":"siret3_r035_c024.tif","length_m":7.21},"geometry":{"type":"LineString","coordinates":[[630225.02,5219430.4],[630220.8,5219424.54]]}},{"type":"Feature","properties":{"vineyard_id":"T035_025","row_id":"T035_025-R01","row_structure":"regular","tile":"siret3_r035_c025.tif","length_m":10.58},"geometry":{"type":"LineString","coordinates":[[630323.19,5219389.68],[630321.64,5219379.22]]}},{"type":"Feature","properties":{"vineyard_id":"T035_025","row_id":"T035_025-R02","row_structure":"disrupted","tile":"siret3_r035_c025.tif","length_m":43.8},"geometry":{"type":"LineString","coordinates":[[630323.18,5219422.71],[630317.91,5219379.22]]}},{"type":"Feature","properties":{"vineyard_id":"T035_025","row_id":"T035_025-R03","row_structure":"disrupted","tile":"siret3_r035_c025.tif","length_m":44.53},"geometry":{"type":"LineString","coordinates":[[630321.1,5219423.41],[630315.67,5219379.22]]}},{"type":"Feature","properties":{"vineyard_id":"T035_025","row_id":"T035_025-R04","row_structure":"disrupted","tile":"siret3_r035_c025.tif","length_m":47.28},"geometry":{"type":"LineString","coordinates":[[630318.12,5219426.15],[630312.4,5219379.22]]}},{"type":"Feature","properties":{"vineyard_id":"T035_025","row_id":"T035_025-R05","row_structure":"disrupted","tile":"siret3_r035_c025.tif","length_m":51.55},"geometry":{"type":"LineString","coordinates":[[630316.51,5219430.4],[630310.26,5219379.23]]}},{"type":"Feature","properties":{"vineyard_id":"T035_025","row_id":"T035_025-R06","row_structure":"disrupted","tile":"siret3_r035_c025.tif","length_m":51.56},"geometry":{"type":"LineString","coordinates":[[630314.75,5219430.4],[630308.46,5219379.22]]}},{"type":"Feature","properties":{"vineyard_id":"T035_025","row_id":"T035_025-R07","row_structure":"disrupted","tile":"siret3_r035_c025.tif","length_m":51.57},"geometry":{"type":"LineString","coordinates":[[630312.99,5219430.4],[630306.7,5219379.21]]}},{"type":"Feature","properties":{"vineyard_id":"T035_025","row_id":"T035_025-R08","row_structure":"disrupted","tile":"siret3_r035_c025.tif","length_m":51.55},"geometry":{"type":"LineString","coordinates":[[630310.03,5219430.39],[630303.65,5219379.24]]}},{"type":"Feature","properties":{"vineyard_id":"T035_025","row_id":"T035_025-R09","row_structure":"disrupted","tile":"siret3_r035_c025.tif","length_m":51.55},"geometry":{"type":"LineString","coordinates":[[630306.45,5219430.4],[630300.31,5219379.22]]}},{"type":"Feature","properties":{"vineyard_id":"T035_025","row_id":"T035_025-R10","row_structure":"disrupted","tile":"siret3_r035_c025.tif","length_m":51.57},"geometry":{"type":"LineString","coordinates":[[630303.94,5219430.4],[630297.66,5219379.22]]}},{"type":"Feature","properties":{"vineyard_id":"T035_025","row_id":"T035_025-R11","row_structure":"disrupted","tile":"siret3_r035_c025.tif","length_m":51.6},"geometry":{"type":"LineString","coordinates":[[630301.3,5219430.4],[630294.78,5219379.22]]}},{"type":"Feature","properties":{"vineyard_id":"T035_025","row_id":"T035_025-R12","row_structure":"disrupted","tile":"siret3_r035_c025.tif","length_m":51.56},"geometry":{"type":"LineString","coordinates":[[630296.92,5219430.4],[630290.7,5219379.21]]}},{"type":"Feature","properties":{"vineyard_id":"T035_025","row_id":"T035_025-R13","row_structure":"regular","tile":"siret3_r035_c025.tif","length_m":51.55},"geometry":{"type":"LineString","coordinates":[[630294.54,5219430.4],[630288.27,5219379.24]]}},{"type":"Feature","properties":{"vineyard_id":"T035_025","row_id":"T035_025-R14","row_structure":"disrupted","tile":"siret3_r035_c025.tif","length_m":51.56},"geometry":{"type":"LineString","coordinates":[[630291.99,5219430.4],[630285.75,5219379.22]]}},{"type":"Feature","properties":{"vineyard_id":"T035_025","row_id":"T035_025-R15","row_structure":"disrupted","tile":"siret3_r035_c025.tif","length_m":51.57},"geometry":{"type":"LineString","coordinates":[[630289.4,5219430.4],[630282.99,5219379.23]]}},{"type":"Feature","properties":{"vineyard_id":"T035_025","row_id":"T035_025-R16","row_structure":"disrupted","tile":"siret3_r035_c025.tif","length_m":44.73},"geometry":{"type":"LineString","coordinates":[[630285.95,5219423.62],[630280.61,5219379.22]]}},{"type":"Feature","properties":{"vineyard_id":"T035_025","row_id":"T035_025-R17","row_structure":"disrupted","tile":"siret3_r035_c025.tif","length_m":51.55},"geometry":{"type":"LineString","coordinates":[[630282.46,5219430.4],[630276.26,5219379.22]]}},{"type":"Feature","properties":{"vineyard_id":"T035_025","row_id":"T035_025-R18","row_structure":"regular","tile":"siret3_r035_c025.tif","length_m":51.57},"geometry":{"type":"LineString","coordinates":[[630279.49,5219430.4],[630273.2,5219379.22]]}},{"type":"Feature","properties":{"vineyard_id":"T035_025","row_id":"T035_025-R19","row_structure":"regular","tile":"siret3_r035_c025.tif","length_m":28.38},"geometry":{"type":"LineString","coordinates":[[630275.35,5219430.39],[630272.0,5219402.21]]}},{"type":"Feature","properties":{"vineyard_id":"T035_026","row_id":"T035_026-R01","row_structure":"regular","tile":"siret3_r035_c026.tif","length_m":25.07},"geometry":{"type":"LineString","coordinates":[[630357.98,5219430.39],[630374.37,5219411.42]]}},{"type":"Feature","properties":{"vineyard_id":"T035_026","row_id":"T035_026-R02","row_structure":"regular","tile":"siret3_r035_c026.tif","length_m":25.47},"geometry":{"type":"LineString","coordinates":[[630357.69,5219426.82],[630374.38,5219407.57]]}},{"type":"Feature","properties":{"vineyard_id":"T035_026","row_id":"T035_026-R03","row_structure":"disrupted","tile":"siret3_r035_c026.tif","length_m":36.53},"geometry":{"type":"LineString","coordinates":[[630350.46,5219430.4],[630374.38,5219402.79]]}},{"type":"Feature","properties":{"vineyard_id":"T035_026","row_id":"T035_026-R04","row_structure":"disrupted","tile":"siret3_r035_c026.tif","length_m":42.1},"geometry":{"type":"LineString","coordinates":[[630346.74,5219430.4],[630374.38,5219398.65]]}},{"type":"Feature","properties":{"vineyard_id":"T035_026","row_id":"T035_026-R05","row_structure":"regular","tile":"siret3_r035_c026.tif","length_m":48.13},"geometry":{"type":"LineString","coordinates":[[630342.73,5219430.4],[630374.39,5219394.15]]}},{"type":"Feature","properties":{"vineyard_id":"T035_026","row_id":"T035_026-R06","row_structure":"regular","tile":"siret3_r035_c026.tif","length_m":53.77},"geometry":{"type":"LineString","coordinates":[[630339.01,5219430.4],[630374.37,5219389.89]]}},{"type":"Feature","properties":{"vineyard_id":"T035_026","row_id":"T035_026-R07","row_structure":"disrupted","tile":"siret3_r035_c026.tif","length_m":59.65},"geometry":{"type":"LineString","coordinates":[[630335.36,5219430.4],[630374.38,5219385.28]]}},{"type":"Feature","properties":{"vineyard_id":"T035_026","row_id":"T035_026-R08","row_structure":"regular","tile":"siret3_r035_c026.tif","length_m":65.13},"geometry":{"type":"LineString","coordinates":[[630331.74,5219430.39],[630374.39,5219381.17]]}},{"type":"Feature","properties":{"vineyard_id":"T035_026","row_id":"T035_026-R09","row_structure":"disrupted","tile":"siret3_r035_c026.tif","length_m":63.73},"geometry":{"type":"LineString","coordinates":[[630330.81,5219427.33],[630372.6,5219379.22]]}},{"type":"Feature","properties":{"vineyard_id":"T035_026","row_id":"T035_026-R10","row_structure":"disrupted","tile":"siret3_r035_c026.tif","length_m":68.0},"geometry":{"type":"LineString","coordinates":[[630324.45,5219430.4],[630369.22,5219379.22]]}},{"type":"Feature","properties":{"vineyard_id":"T035_026","row_id":"T035_026-R11","row_structure":"regular","tile":"siret3_r035_c026.tif","length_m":58.98},"geometry":{"type":"LineString","coordinates":[[630326.94,5219423.71],[630365.64,5219379.22]]}},{"type":"Feature","properties":{"vineyard_id":"T035_026","row_id":"T035_026-R12","row_structure":"regular","tile":"siret3_r035_c026.tif","length_m":59.17},"geometry":{"type":"LineString","coordinates":[[630323.2,5219423.84],[630362.07,5219379.22]]}},{"type":"Feature","properties":{"vineyard_id":"T035_026","row_id":"T035_026-R13","row_structure":"regular","tile":"siret3_r035_c026.tif","length_m":54.42},"geometry":{"type":"LineString","coordinates":[[630323.2,5219420.25],[630358.97,5219379.24]]}},{"type":"Feature","properties":{"vineyard_id":"T035_026","row_id":"T035_026-R14","row_structure":"regular","tile":"siret3_r035_c026.tif","length_m":48.75},"geometry":{"type":"LineString","coordinates":[[630323.2,5219415.91],[630355.32,5219379.23]]}},{"type":"Feature","properties":{"vineyard_id":"T035_026","row_id":"T035_026-R15","row_structure":"disrupted","tile":"siret3_r035_c026.tif","length_m":41.75},"geometry":{"type":"LineString","coordinates":[[630323.2,5219410.71],[630350.64,5219379.24]]}},{"type":"Feature","properties":{"vineyard_id":"T035_026","row_id":"T035_026-R16","row_structure":"disrupted","tile":"siret3_r035_c026.tif","length_m":36.95},"geometry":{"type":"LineString","coordinates":[[630323.2,5219407.09],[630347.47,5219379.22]]}},{"type":"Feature","properties":{"vineyard_id":"T035_026","row_id":"T035_026-R17","row_structure":"disrupted","tile":"siret3_r035_c026.tif","length_m":32.36},"geometry":{"type":"LineString","coordinates":[[630323.2,5219403.68],[630344.39,5219379.23]]}},{"type":"Feature","properties":{"vineyard_id":"T035_026","row_id":"T035_026-R18","row_structure":"regular","tile":"siret3_r035_c026.tif","length_m":27.87},"geometry":{"type":"LineString","coordinates":[[630323.21,5219400.19],[630341.58,5219379.23]]}},{"type":"Feature","properties":{"vineyard_id":"T035_026","row_id":"T035_026-R19","row_structure":"disrupted","tile":"siret3_r035_c026.tif","length_m":23.05},"geometry":{"type":"LineString","coordinates":[[630323.2,5219396.77],[630338.15,5219379.22]]}},{"type":"Feature","properties":{"vineyard_id":"T035_026","row_id":"T035_026-R20","row_structure":"regular","tile":"siret3_r035_c026.tif","length_m":15.0},"geometry":{"type":"LineString","coordinates":[[630323.2,5219390.53],[630333.06,5219379.23]]}},{"type":"Feature","properties":{"vineyard_id":"T035_026","row_id":"T035_026-R21","row_structure":"disrupted","tile":"siret3_r035_c026.tif","length_m":10.83},"geometry":{"type":"LineString","coordinates":[[630323.2,5219387.32],[630330.4,5219379.23]]}},{"type":"Feature","properties":{"vineyard_id":"T035_027","row_id":"T035_027-R02","row_structure":"regular","tile":"siret3_r035_c027.tif","length_m":8.55},"geometry":{"type":"LineString","coordinates":[[630419.08,5219430.4],[630425.58,5219424.86]]}},{"type":"Feature","properties":{"vineyard_id":"T035_027","row_id":"T035_027-R03","row_structure":"regular","tile":"siret3_r035_c027.tif","length_m":21.62},"geometry":{"type":"LineString","coordinates":[[630409.24,5219430.4],[630425.56,5219416.22]]}},{"type":"Feature","properties":{"vineyard_id":"T035_027","row_id":"T035_027-R04","row_structure":"regular","tile":"siret3_r035_c027.tif","length_m":41.98},"geometry":{"type":"LineString","coordinates":[[630393.89,5219430.4],[630425.58,5219402.86]]}},{"type":"Feature","properties":{"vineyard_id":"T035_027","row_id":"T035_027-R05","row_structure":"regular","tile":"siret3_r035_c027.tif","length_m":48.0},"geometry":{"type":"LineString","coordinates":[[630389.36,5219430.4],[630425.59,5219398.91]]}},{"type":"Feature","properties":{"vineyard_id":"T035_027","row_id":"T035_027-R06","row_structure":"regular","tile":"siret3_r035_c027.tif","length_m":51.32},"geometry":{"type":"LineString","coordinates":[[630384.79,5219430.4],[630423.48,5219396.68]]}},{"type":"Feature","properties":{"vineyard_id":"T035_027","row_id":"T035_027-R07","row_structure":"regular","tile":"siret3_r035_c027.tif","length_m":54.81},"geometry":{"type":"LineString","coordinates":[[630379.37,5219430.4],[630420.77,5219394.47]]}},{"type":"Feature","properties":{"vineyard_id":"T035_027","row_id":"T035_027-R08","row_structure":"disrupted","tile":"siret3_r035_c027.tif","length_m":57.88},"geometry":{"type":"LineString","coordinates":[[630374.41,5219430.01],[630418.13,5219392.08]]}},{"type":"Feature","properties":{"vineyard_id":"T035_027","row_id":"T035_027-R09","row_structure":"disrupted","tile":"siret3_r035_c027.tif","length_m":54.1},"geometry":{"type":"LineString","coordinates":[[630374.4,5219425.39],[630415.18,5219389.84]]}},{"type":"Feature","properties":{"vineyard_id":"T035_027","row_id":"T035_027-R10","row_structure":"disrupted","tile":"siret3_r035_c027.tif","length_m":46.69},"geometry":{"type":"LineString","coordinates":[[630374.4,5219421.48],[630409.64,5219390.85]]}},{"type":"Feature","properties":{"vineyard_id":"T035_027","row_id":"T035_027-R11","row_structure":"regular","tile":"siret3_r035_c027.tif","length_m":41.81},"geometry":{"type":"LineString","coordinates":[[630374.4,5219417.47],[630405.93,5219390.01]]}},{"type":"Feature","properties":{"vineyard_id":"T035_027","row_id":"T035_027-R12","row_structure":"regular","tile":"siret3_r035_c027.tif","length_m":37.44},"geometry":{"type":"LineString","coordinates":[[630374.4,5219413.59],[630402.61,5219388.98]]}},{"type":"Feature","properties":{"vineyard_id":"T035_027","row_id":"T035_027-R13","row_structure":"disrupted","tile":"siret3_r035_c027.tif","length_m":33.8},"geometry":{"type":"LineString","coordinates":[[630374.41,5219410.53],[630400.01,5219388.46]]}},{"type":"Feature","properties":{"vineyard_id":"T035_027","row_id":"T035_027-R14","row_structure":"disrupted","tile":"siret3_r035_c027.tif","length_m":29.28},"geometry":{"type":"LineString","coordinates":[[630374.4,5219406.87],[630396.53,5219387.7]]}},{"type":"Feature","properties":{"vineyard_id":"T035_027","row_id":"T035_027-R15","row_structure":"regular","tile":"siret3_r035_c027.tif","length_m":24.74},"geometry":{"type":"LineString","coordinates":[[630374.4,5219402.66],[630393.07,5219386.43]]}},{"type":"Feature","properties":{"vineyard_id":"T035_027","row_id":"T035_027-R16","row_structure":"disrupted","tile":"siret3_r035_c027.tif","length_m":19.5},"geometry":{"type":"LineString","coordinates":[[630374.41,5219398.87],[630389.02,5219385.96]]}},{"type":"Feature","properties":{"vineyard_id":"T035_027","row_id":"T035_027-R17","row_structure":"regular","tile":"siret3_r035_c027.tif","length_m":15.5},"geometry":{"type":"LineString","coordinates":[[630374.41,5219394.83],[630386.08,5219384.64]]}},{"type":"Feature","properties":{"vineyard_id":"T035_027","row_id":"T035_027-R18","row_structure":"disrupted","tile":"siret3_r035_c027.tif","length_m":11.11},"geometry":{"type":"LineString","coordinates":[[630374.4,5219391.15],[630382.76,5219383.82]]}},{"type":"Feature","properties":{"vineyard_id":"T035_028","row_id":"T035_028-R01","row_structure":"disrupted","tile":"siret3_r035_c028.tif","length_m":24.84},"geometry":{"type":"LineString","coordinates":[[630446.15,5219413.18],[630425.6,5219399.21]]}},{"type":"Feature","properties":{"vineyard_id":"T035_028","row_id":"T035_028-R02","row_structure":"disrupted","tile":"siret3_r035_c028.tif","length_m":18.99},"geometry":{"type":"LineString","coordinates":[[630441.26,5219412.5],[630425.6,5219401.74]]}},{"type":"Feature","properties":{"vineyard_id":"T035_028","row_id":"T035_028-R03","row_structure":"regular","tile":"siret3_r035_c028.tif","length_m":8.03},"geometry":{"type":"LineString","coordinates":[[630432.33,5219408.75],[630425.6,5219404.37]]}},{"type":"Feature","properties":{"vineyard_id":"T035_028","row_id":"T035_028-R04","row_structure":"regular","tile":"siret3_r035_c028.tif","length_m":8.82},"geometry":{"type":"LineString","coordinates":[[630432.98,5219411.65],[630425.6,5219406.82]]}},{"type":"Feature","properties":{"vineyard_id":"T035_028","row_id":"T035_028-R05","row_structure":"regular","tile":"siret3_r035_c028.tif","length_m":12.55},"geometry":{"type":"LineString","coordinates":[[630436.2,5219415.46],[630425.61,5219408.73]]}},{"type":"Feature","properties":{"vineyard_id":"T035_028","row_id":"T035_028-R06","row_structure":"disrupted","tile":"siret3_r035_c028.tif","length_m":27.6},"geometry":{"type":"LineString","coordinates":[[630448.77,5219426.3],[630425.61,5219411.3]]}},{"type":"Feature","properties":{"vineyard_id":"T035_028","row_id":"T035_028-R07","row_structure":"disrupted","tile":"siret3_r035_c028.tif","length_m":29.0},"geometry":{"type":"LineString","coordinates":[[630449.91,5219430.4],[630425.6,5219414.58]]}},{"type":"Feature","properties":{"vineyard_id":"T035_028","row_id":"T035_028-R08","row_structure":"regular","tile":"siret3_r035_c028.tif","length_m":24.77},"geometry":{"type":"LineString","coordinates":[[630446.44,5219430.4],[630425.6,5219417.01]]}},{"type":"Feature","properties":{"vineyard_id":"T035_028","row_id":"T035_028-R09","row_structure":"disrupted","tile":"siret3_r035_c028.tif","length_m":19.73},"geometry":{"type":"LineString","coordinates":[[630442.0,5219430.4],[630425.61,5219419.43]]}},{"type":"Feature","properties":{"vineyard_id":"T035_028","row_id":"T035_028-R10","row_structure":"regular","tile":"siret3_r035_c028.tif","length_m":16.04},"geometry":{"type":"LineString","coordinates":[[630439.07,5219430.4],[630425.61,5219421.68]]}},{"type":"Feature","properties":{"vineyard_id":"T035_028","row_id":"T035_028-R11","row_structure":"disrupted","tile":"siret3_r035_c028.tif","length_m":11.47},"geometry":{"type":"LineString","coordinates":[[630435.21,5219430.4],[630425.6,5219424.13]]}},{"type":"Feature","properties":{"vineyard_id":"T035_028","row_id":"T035_028-R12","row_structure":"regular","tile":"siret3_r035_c028.tif","length_m":8.55},"geometry":{"type":"LineString","coordinates":[[630432.87,5219430.4],[630425.6,5219425.91]]}},{"type":"Feature","properties":{"vineyard_id":"T035_028","row_id":"T035_028-R13","row_structure":"regular","tile":"siret3_r035_c028.tif","length_m":1.73},"geometry":{"type":"LineString","coordinates":[[630427.05,5219430.4],[630425.6,5219429.46]]}},{"type":"Feature","properties":{"vineyard_id":"T036_021","row_id":"T036_021-R02","row_structure":"regular","tile":"siret3_r036_c021.tif","length_m":3.57},"geometry":{"type":"LineString","coordinates":[[630118.39,5219331.12],[630116.6,5219328.02]]}},{"type":"Feature","properties":{"vineyard_id":"T036_021","row_id":"T036_021-R03","row_structure":"regular","tile":"siret3_r036_c021.tif","length_m":18.05},"geometry":{"type":"LineString","coordinates":[[630118.39,5219343.81],[630109.61,5219328.03]]}},{"type":"Feature","properties":{"vineyard_id":"T036_021","row_id":"T036_021-R04","row_structure":"disrupted","tile":"siret3_r036_c021.tif","length_m":21.9},"geometry":{"type":"LineString","coordinates":[[630118.38,5219346.95],[630107.35,5219328.03]]}},{"type":"Feature","properties":{"vineyard_id":"T036_021","row_id":"T036_021-R05","row_structure":"regular","tile":"siret3_r036_c021.tif","length_m":25.88},"geometry":{"type":"LineString","coordinates":[[630118.39,5219350.53],[630105.63,5219328.01]]}},{"type":"Feature","properties":{"vineyard_id":"T036_021","row_id":"T036_021-R06","row_structure":"regular","tile":"siret3_r036_c021.tif","length_m":29.55},"geometry":{"type":"LineString","coordinates":[[630118.38,5219354.88],[630103.62,5219329.29]]}},{"type":"Feature","properties":{"vineyard_id":"T036_021","row_id":"T036_021-R07","row_structure":"disrupted","tile":"siret3_r036_c021.tif","length_m":32.8},"geometry":{"type":"LineString","coordinates":[[630118.38,5219359.84],[630102.11,5219331.36]]}},{"type":"Feature","properties":{"vineyard_id":"T036_021","row_id":"T036_021-R08","row_structure":"disrupted","tile":"siret3_r036_c021.tif","length_m":35.45},"geometry":{"type":"LineString","coordinates":[[630118.38,5219364.17],[630100.71,5219333.44]]}},{"type":"Feature","properties":{"vineyard_id":"T036_021","row_id":"T036_021-R09","row_structure":"disrupted","tile":"siret3_r036_c021.tif","length_m":39.17},"geometry":{"type":"LineString","coordinates":[[630118.39,5219369.12],[630098.89,5219335.15]]}},{"type":"Feature","properties":{"vineyard_id":"T036_021","row_id":"T036_021-R10","row_structure":"disrupted","tile":"siret3_r036_c021.tif","length_m":44.18},"geometry":{"type":"LineString","coordinates":[[630118.39,5219374.95],[630096.4,5219336.63]]}},{"type":"Feature","properties":{"vineyard_id":"T036_021","row_id":"T036_021-R11","row_structure":"disrupted","tile":"siret3_r036_c021.tif","length_m":44.77},"geometry":{"type":"LineString","coordinates":[[630115.52,5219379.2],[630093.16,5219340.4]]}},{"type":"Feature","properties":{"vineyard_id":"T036_021","row_id":"T036_021-R12","row_structure":"disrupted","tile":"siret3_r036_c021.tif","length_m":41.9},"geometry":{"type":"LineString","coordinates":[[630113.07,5219379.19],[630092.24,5219342.83]]}},{"type":"Feature","properties":{"vineyard_id":"T036_021","row_id":"T036_021-R13","row_structure":"disrupted","tile":"siret3_r036_c021.tif","length_m":39.37},"geometry":{"type":"LineString","coordinates":[[630110.88,5219379.2],[630091.2,5219345.1]]}},{"type":"Feature","properties":{"vineyard_id":"T036_021","row_id":"T036_021-R14","row_structure":"disrupted","tile":"siret3_r036_c021.tif","length_m":37.1},"geometry":{"type":"LineString","coordinates":[[630108.39,5219379.2],[630089.89,5219347.04]]}},{"type":"Feature","properties":{"vineyard_id":"T036_021","row_id":"T036_021-R15","row_structure":"regular","tile":"siret3_r036_c021.tif","length_m":34.54},"geometry":{"type":"LineString","coordinates":[[630105.5,5219379.2],[630088.2,5219349.31]]}},{"type":"Feature","properties":{"vineyard_id":"T036_021","row_id":"T036_021-R16","row_structure":"disrupted","tile":"siret3_r036_c021.tif","length_m":32.97},"geometry":{"type":"LineString","coordinates":[[630103.17,5219379.2],[630086.73,5219350.62]]}},{"type":"Feature","properties":{"vineyard_id":"T036_021","row_id":"T036_021-R17","row_structure":"disrupted","tile":"siret3_r036_c021.tif","length_m":32.12},"geometry":{"type":"LineString","coordinates":[[630099.21,5219379.2],[630083.26,5219351.32]]}},{"type":"Feature","properties":{"vineyard_id":"T036_021","row_id":"T036_021-R18","row_structure":"disrupted","tile":"siret3_r036_c021.tif","length_m":29.2},"geometry":{"type":"LineString","coordinates":[[630096.46,5219379.2],[630081.79,5219353.95]]}},{"type":"Feature","properties":{"vineyard_id":"T036_021","row_id":"T036_021-R19","row_structure":"regular","tile":"siret3_r036_c021.tif","length_m":26.0},"geometry":{"type":"LineString","coordinates":[[630092.65,5219379.2],[630079.65,5219356.68]]}},{"type":"Feature","properties":{"vineyard_id":"T036_021","row_id":"T036_021-R20","row_structure":"disrupted","tile":"siret3_r036_c021.tif","length_m":22.77},"geometry":{"type":"LineString","coordinates":[[630089.42,5219379.2],[630078.06,5219359.46]]}},{"type":"Feature","properties":{"vineyard_id":"T036_021","row_id":"T036_021-R21","row_structure":"disrupted","tile":"siret3_r036_c021.tif","length_m":19.95},"geometry":{"type":"LineString","coordinates":[[630086.29,5219379.19],[630076.28,5219361.93]]}},{"type":"Feature","properties":{"vineyard_id":"T036_021","row_id":"T036_021-R22","row_structure":"regular","tile":"siret3_r036_c021.tif","length_m":17.37},"geometry":{"type":"LineString","coordinates":[[630083.55,5219379.2],[630074.78,5219364.21]]}},{"type":"Feature","properties":{"vineyard_id":"T036_021","row_id":"T036_021-R23","row_structure":"disrupted","tile":"siret3_r036_c021.tif","length_m":14.55},"geometry":{"type":"LineString","coordinates":[[630079.97,5219379.19],[630072.9,5219366.47]]}},{"type":"Feature","properties":{"vineyard_id":"T036_021","row_id":"T036_021-R24","row_structure":"regular","tile":"siret3_r036_c021.tif","length_m":14.41},"geometry":{"type":"LineString","coordinates":[[630077.47,5219379.2],[630070.2,5219366.75]]}},{"type":"Feature","properties":{"vineyard_id":"T036_021","row_id":"T036_021-R25","row_structure":"regular","tile":"siret3_r036_c021.tif","length_m":11.62},"geometry":{"type":"LineString","coordinates":[[630074.62,5219379.2],[630068.8,5219369.15]]}},{"type":"Feature","properties":{"vineyard_id":"T036_021","row_id":"T036_021-R26","row_structure":"regular","tile":"siret3_r036_c021.tif","length_m":8.18},"geometry":{"type":"LineString","coordinates":[[630071.07,5219379.2],[630067.2,5219371.99]]}},{"type":"Feature","properties":{"vineyard_id":"T036_021","row_id":"T036_021-R27","row_structure":"regular","tile":"siret3_r036_c021.tif","length_m":2.99},"geometry":{"type":"LineString","coordinates":[[630068.64,5219379.19],[630067.2,5219376.57]]}},{"type":"Feature","properties":{"vineyard_id":"T036_022","row_id":"T036_022-R01","row_structure":"regular","tile":"siret3_r036_c022.tif","length_m":6.58},"geometry":{"type":"LineString","coordinates":[[630169.59,5219329.08],[630163.1,5219328.01]]}},{"type":"Feature","properties":{"vineyard_id":"T036_022","row_id":"T036_022-R02","row_structure":"regular","tile":"siret3_r036_c022.tif","length_m":21.72},"geometry":{"type":"LineString","coordinates":[[630169.56,5219331.38],[630148.1,5219328.01]]}},{"type":"Feature","properties":{"vineyard_id":"T036_022","row_id":"T036_022-R03","row_structure":"regular","tile":"siret3_r036_c022.tif","length_m":33.65},"geometry":{"type":"LineString","coordinates":[[630169.58,5219333.33],[630136.34,5219328.02]]}},{"type":"Feature","properties":{"vineyard_id":"T036_022","row_id":"T036_022-R04","row_structure":"regular","tile":"siret3_r036_c022.tif","length_m":51.87},"geometry":{"type":"LineString","coordinates":[[630169.59,5219337.12],[630118.4,5219328.71]]}},{"type":"Feature","properties":{"vineyard_id":"T036_022","row_id":"T036_022-R05","row_structure":"regular","tile":"siret3_r036_c022.tif","length_m":51.84},"geometry":{"type":"LineString","coordinates":[[630169.57,5219338.64],[630118.4,5219330.32]]}},{"type":"Feature","properties":{"vineyard_id":"T036_022","row_id":"T036_022-R06","row_structure":"regular","tile":"siret3_r036_c022.tif","length_m":51.85},"geometry":{"type":"LineString","coordinates":[[630169.59,5219342.4],[630118.41,5219334.07]]}},{"type":"Feature","properties":{"vineyard_id":"T036_022","row_id":"T036_022-R07","row_structure":"regular","tile":"siret3_r036_c022.tif","length_m":51.85},"geometry":{"type":"LineString","coordinates":[[630169.57,5219344.81],[630118.4,5219336.47]]}},{"type":"Feature","properties":{"vineyard_id":"T036_022","row_id":"T036_022-R08","row_structure":"regular","tile":"siret3_r036_c022.tif","length_m":51.84},"geometry":{"type":"LineString","coordinates":[[630169.57,5219346.81],[630118.4,5219338.48]]}},{"type":"Feature","properties":{"vineyard_id":"T036_022","row_id":"T036_022-R09","row_structure":"regular","tile":"siret3_r036_c022.tif","length_m":51.86},"geometry":{"type":"LineString","coordinates":[[630169.59,5219348.72],[630118.4,5219340.39]]}},{"type":"Feature","properties":{"vineyard_id":"T036_022","row_id":"T036_022-R10","row_structure":"disrupted","tile":"siret3_r036_c022.tif","length_m":51.85},"geometry":{"type":"LineString","coordinates":[[630169.57,5219350.83],[630118.41,5219342.44]]}},{"type":"Feature","properties":{"vineyard_id":"T036_022","row_id":"T036_022-R11","row_structure":"disrupted","tile":"siret3_r036_c022.tif","length_m":51.85},"geometry":{"type":"LineString","coordinates":[[630169.57,5219352.87],[630118.41,5219344.44]]}},{"type":"Feature","properties":{"vineyard_id":"T036_022","row_id":"T036_022-R12","row_structure":"regular","tile":"siret3_r036_c022.tif","length_m":51.85},"geometry":{"type":"LineString","coordinates":[[630169.59,5219356.46],[630118.41,5219348.13]]}},{"type":"Feature","properties":{"vineyard_id":"T036_022","row_id":"T036_022-R13","row_structure":"regular","tile":"siret3_r036_c022.tif","length_m":51.87},"geometry":{"type":"LineString","coordinates":[[630169.58,5219358.2],[630118.4,5219349.76]]}},{"type":"Feature","properties":{"vineyard_id":"T036_022","row_id":"T036_022-R14","row_structure":"regular","tile":"siret3_r036_c022.tif","length_m":51.84},"geometry":{"type":"LineString","coordinates":[[630169.57,5219360.92],[630118.4,5219352.58]]}},{"type":"Feature","properties":{"vineyard_id":"T036_022","row_id":"T036_022-R15","row_structure":"regular","tile":"siret3_r036_c022.tif","length_m":51.87},"geometry":{"type":"LineString","coordinates":[[630169.58,5219363.6],[630118.4,5219355.16]]}},{"type":"Feature","properties":{"vineyard_id":"T036_022","row_id":"T036_022-R16","row_structure":"regular","tile":"siret3_r036_c022.tif","length_m":51.85},"geometry":{"type":"LineString","coordinates":[[630169.57,5219365.72],[630118.4,5219357.33]]}},{"type":"Feature","properties":{"vineyard_id":"T036_022","row_id":"T036_022-R17","row_structure":"regular","tile":"siret3_r036_c022.tif","length_m":51.86},"geometry":{"type":"LineString","coordinates":[[630169.58,5219367.98],[630118.4,5219359.56]]}},{"type":"Feature","properties":{"vineyard_id":"T036_022","row_id":"T036_022-R18","row_structure":"regular","tile":"siret3_r036_c022.tif","length_m":51.84},"geometry":{"type":"LineString","coordinates":[[630169.56,5219371.31],[630118.4,5219362.95]]}},{"type":"Feature","properties":{"vineyard_id":"T036_022","row_id":"T036_022-R19","row_structure":"regular","tile":"siret3_r036_c022.tif","length_m":51.85},"geometry":{"type":"LineString","coordinates":[[630169.57,5219374.51],[630118.41,5219366.1]]}},{"type":"Feature","properties":{"vineyard_id":"T036_022","row_id":"T036_022-R20","row_structure":"regular","tile":"siret3_r036_c022.tif","length_m":51.85},"geometry":{"type":"LineString","coordinates":[[630169.58,5219376.78],[630118.4,5219368.44]]}},{"type":"Feature","properties":{"vineyard_id":"T036_022","row_id":"T036_022-R21","row_structure":"regular","tile":"siret3_r036_c022.tif","length_m":51.85},"geometry":{"type":"LineString","coordinates":[[630169.57,5219378.54],[630118.4,5219370.16]]}},{"type":"Feature","properties":{"vineyard_id":"T036_022","row_id":"T036_022-R22","row_structure":"regular","tile":"siret3_r036_c022.tif","length_m":42.05},"geometry":{"type":"LineString","coordinates":[[630159.91,5219379.2],[630118.41,5219372.44]]}},{"type":"Feature","properties":{"vineyard_id":"T036_022","row_id":"T036_022-R23","row_structure":"regular","tile":"siret3_r036_c022.tif","length_m":18.56},"geometry":{"type":"LineString","coordinates":[[630136.72,5219379.2],[630118.4,5219376.24]]}},{"type":"Feature","properties":{"vineyard_id":"T036_022","row_id":"T036_022-R24","row_structure":"regular","tile":"siret3_r036_c022.tif","length_m":8.51},"geometry":{"type":"LineString","coordinates":[[630126.82,5219379.2],[630118.4,5219377.96]]}},{"type":"Feature","properties":{"vineyard_id":"T036_023","row_id":"T036_023-R01","row_structure":"disrupted","tile":"siret3_r036_c023.tif","length_m":45.23},"geometry":{"type":"LineString","coordinates":[[630220.49,5219379.2],[630217.59,5219334.07]]}},{"type":"Feature","properties":{"vineyard_id":"T036_023","row_id":"T036_023-R02","row_structure":"disrupted","tile":"siret3_r036_c023.tif","length_m":51.28},"geometry":{"type":"LineString","coordinates":[[630216.24,5219379.19],[630213.06,5219328.02]]}},{"type":"Feature","properties":{"vineyard_id":"T036_023","row_id":"T036_023-R03","row_structure":"disrupted","tile":"siret3_r036_c023.tif","length_m":43.09},"geometry":{"type":"LineString","coordinates":[[630214.36,5219379.2],[630211.39,5219336.21]]}},{"type":"Feature","properties":{"vineyard_id":"T036_023","row_id":"T036_023-R04","row_structure":"disrupted","tile":"siret3_r036_c023.tif","length_m":51.3},"geometry":{"type":"LineString","coordinates":[[630212.11,5219379.2],[630208.71,5219328.02]]}},{"type":"Feature","properties":{"vineyard_id":"T036_023","row_id":"T036_023-R05","row_structure":"disrupted","tile":"siret3_r036_c023.tif","length_m":51.27},"geometry":{"type":"LineString","coordinates":[[630207.33,5219379.2],[630204.12,5219328.03]]}},{"type":"Feature","properties":{"vineyard_id":"T036_023","row_id":"T036_023-R06","row_structure":"disrupted","tile":"siret3_r036_c023.tif","length_m":51.25},"geometry":{"type":"LineString","coordinates":[[630199.98,5219379.19],[630196.82,5219328.04]]}},{"type":"Feature","properties":{"vineyard_id":"T036_023","row_id":"T036_023-R07","row_structure":"disrupted","tile":"siret3_r036_c023.tif","length_m":51.28},"geometry":{"type":"LineString","coordinates":[[630195.86,5219379.2],[630192.69,5219328.02]]}},{"type":"Feature","properties":{"vineyard_id":"T036_023","row_id":"T036_023-R08","row_structure":"disrupted","tile":"siret3_r036_c023.tif","length_m":51.28},"geometry":{"type":"LineString","coordinates":[[630193.98,5219379.19],[630190.72,5219328.02]]}},{"type":"Feature","properties":{"vineyard_id":"T036_023","row_id":"T036_023-R09","row_structure":"regular","tile":"siret3_r036_c023.tif","length_m":51.29},"geometry":{"type":"LineString","coordinates":[[630192.09,5219379.2],[630188.76,5219328.02]]}},{"type":"Feature","properties":{"vineyard_id":"T036_023","row_id":"T036_023-R10","row_structure":"regular","tile":"siret3_r036_c023.tif","length_m":51.27},"geometry":{"type":"LineString","coordinates":[[630189.79,5219379.2],[630186.52,5219328.03]]}},{"type":"Feature","properties":{"vineyard_id":"T036_023","row_id":"T036_023-R11","row_structure":"regular","tile":"siret3_r036_c023.tif","length_m":51.29},"geometry":{"type":"LineString","coordinates":[[630187.68,5219379.2],[630184.42,5219328.02]]}},{"type":"Feature","properties":{"vineyard_id":"T036_023","row_id":"T036_023-R12","row_structure":"regular","tile":"siret3_r036_c023.tif","length_m":51.27},"geometry":{"type":"LineString","coordinates":[[630185.32,5219379.2],[630182.09,5219328.04]]}},{"type":"Feature","properties":{"vineyard_id":"T036_023","row_id":"T036_023-R13","row_structure":"regular","tile":"siret3_r036_c023.tif","length_m":51.28},"geometry":{"type":"LineString","coordinates":[[630181.96,5219379.2],[630178.74,5219328.02]]}},{"type":"Feature","properties":{"vineyard_id":"T036_023","row_id":"T036_023-R14","row_structure":"disrupted","tile":"siret3_r036_c023.tif","length_m":51.27},"geometry":{"type":"LineString","coordinates":[[630178.63,5219379.2],[630175.4,5219328.03]]}},{"type":"Feature","properties":{"vineyard_id":"T036_023","row_id":"T036_023-R15","row_structure":"disrupted","tile":"siret3_r036_c023.tif","length_m":51.25},"geometry":{"type":"LineString","coordinates":[[630176.09,5219379.19],[630172.9,5219328.04]]}},{"type":"Feature","properties":{"vineyard_id":"T036_023","row_id":"T036_023-R16","row_structure":"disrupted","tile":"siret3_r036_c023.tif","length_m":51.27},"geometry":{"type":"LineString","coordinates":[[630174.57,5219379.2],[630171.35,5219328.04]]}},{"type":"Feature","properties":{"vineyard_id":"T036_023","row_id":"T036_023-R17","row_structure":"disrupted","tile":"siret3_r036_c023.tif","length_m":42.05},"geometry":{"type":"LineString","coordinates":[[630172.07,5219379.19],[630169.6,5219337.21]]}},{"type":"Feature","properties":{"vineyard_id":"T036_023","row_id":"T036_023-R18","row_structure":"regular","tile":"siret3_r036_c023.tif","length_m":5.89},"geometry":{"type":"LineString","coordinates":[[630169.97,5219379.2],[630169.6,5219373.32]]}},{"type":"Feature","properties":{"vineyard_id":"T036_024","row_id":"T036_024-R01","row_structure":"regular","tile":"siret3_r036_c024.tif","length_m":19.08},"geometry":{"type":"LineString","coordinates":[[630270.85,5219379.2],[630271.99,5219360.16]]}},{"type":"Feature","properties":{"vineyard_id":"T036_024","row_id":"T036_024-R02","row_structure":"disrupted","tile":"siret3_r036_c024.tif","length_m":49.7},"geometry":{"type":"LineString","coordinates":[[630268.06,5219379.2],[630271.99,5219329.66]]}},{"type":"Feature","properties":{"vineyard_id":"T036_024","row_id":"T036_024-R03","row_structure":"disrupted","tile":"siret3_r036_c024.tif","length_m":51.33},"geometry":{"type":"LineString","coordinates":[[630265.81,5219379.19],[630269.97,5219328.03]]}},{"type":"Feature","properties":{"vineyard_id":"T036_024","row_id":"T036_024-R04","row_structure":"disrupted","tile":"siret3_r036_c024.tif","length_m":51.34},"geometry":{"type":"LineString","coordinates":[[630261.43,5219379.2],[630265.69,5219328.03]]}},{"type":"Feature","properties":{"vineyard_id":"T036_024","row_id":"T036_024-R05","row_structure":"disrupted","tile":"siret3_r036_c024.tif","length_m":51.36},"geometry":{"type":"LineString","coordinates":[[630259.39,5219379.2],[630263.71,5219328.02]]}},{"type":"Feature","properties":{"vineyard_id":"T036_024","row_id":"T036_024-R06","row_structure":"disrupted","tile":"siret3_r036_c024.tif","length_m":51.35},"geometry":{"type":"LineString","coordinates":[[630256.96,5219379.19],[630261.21,5219328.02]]}},{"type":"Feature","properties":{"vineyard_id":"T036_024","row_id":"T036_024-R07","row_structure":"disrupted","tile":"siret3_r036_c024.tif","length_m":51.35},"geometry":{"type":"LineString","coordinates":[[630253.32,5219379.19],[630257.74,5219328.03]]}},{"type":"Feature","properties":{"vineyard_id":"T036_024","row_id":"T036_024-R08","row_structure":"disrupted","tile":"siret3_r036_c024.tif","length_m":51.33},"geometry":{"type":"LineString","coordinates":[[630251.78,5219379.19],[630255.91,5219328.03]]}},{"type":"Feature","properties":{"vineyard_id":"T036_024","row_id":"T036_024-R09","row_structure":"disrupted","tile":"siret3_r036_c024.tif","length_m":51.34},"geometry":{"type":"LineString","coordinates":[[630249.29,5219379.2],[630253.51,5219328.03]]}},{"type":"Feature","properties":{"vineyard_id":"T036_024","row_id":"T036_024-R10","row_structure":"disrupted","tile":"siret3_r036_c024.tif","length_m":51.32},"geometry":{"type":"LineString","coordinates":[[630247.18,5219379.19],[630251.33,5219328.03]]}},{"type":"Feature","properties":{"vineyard_id":"T036_024","row_id":"T036_024-R11","row_structure":"disrupted","tile":"siret3_r036_c024.tif","length_m":51.34},"geometry":{"type":"LineString","coordinates":[[630245.28,5219379.2],[630249.48,5219328.03]]}},{"type":"Feature","properties":{"vineyard_id":"T036_024","row_id":"T036_024-R12","row_structure":"disrupted","tile":"siret3_r036_c024.tif","length_m":51.35},"geometry":{"type":"LineString","coordinates":[[630242.78,5219379.2],[630247.09,5219328.03]]}},{"type":"Feature","properties":{"vineyard_id":"T036_024","row_id":"T036_024-R13","row_structure":"disrupted","tile":"siret3_r036_c024.tif","length_m":51.35},"geometry":{"type":"LineString","coordinates":[[630240.01,5219379.2],[630244.25,5219328.03]]}},{"type":"Feature","properties":{"vineyard_id":"T036_024","row_id":"T036_024-R14","row_structure":"disrupted","tile":"siret3_r036_c024.tif","length_m":51.35},"geometry":{"type":"LineString","coordinates":[[630235.46,5219379.2],[630239.59,5219328.02]]}},{"type":"Feature","properties":{"vineyard_id":"T036_024","row_id":"T036_024-R15","row_structure":"disrupted","tile":"siret3_r036_c024.tif","length_m":51.35},"geometry":{"type":"LineString","coordinates":[[630232.26,5219379.19],[630236.68,5219328.03]]}},{"type":"Feature","properties":{"vineyard_id":"T036_024","row_id":"T036_024-R16","row_structure":"disrupted","tile":"siret3_r036_c024.tif","length_m":51.35},"geometry":{"type":"LineString","coordinates":[[630229.6,5219379.2],[630234.0,5219328.04]]}},{"type":"Feature","properties":{"vineyard_id":"T036_024","row_id":"T036_024-R17","row_structure":"disrupted","tile":"siret3_r036_c024.tif","length_m":51.35},"geometry":{"type":"LineString","coordinates":[[630228.03,5219379.19],[630232.25,5219328.02]]}},{"type":"Feature","properties":{"vineyard_id":"T036_024","row_id":"T036_024-R18","row_structure":"disrupted","tile":"siret3_r036_c024.tif","length_m":45.52},"geometry":{"type":"LineString","coordinates":[[630224.83,5219379.2],[630228.59,5219333.84]]}},{"type":"Feature","properties":{"vineyard_id":"T036_024","row_id":"T036_024-R19","row_structure":"disrupted","tile":"siret3_r036_c024.tif","length_m":51.34},"geometry":{"type":"LineString","coordinates":[[630220.92,5219379.2],[630224.94,5219328.02]]}},{"type":"Feature","properties":{"vineyard_id":"T036_025","row_id":"T036_025-R01","row_structure":"regular","tile":"siret3_r036_c025.tif","length_m":10.4},"geometry":{"type":"LineString","coordinates":[[630323.18,5219336.72],[630317.48,5219328.02]]}},{"type":"Feature","properties":{"vineyard_id":"T036_025","row_id":"T036_025-R02","row_structure":"regular","tile":"siret3_r036_c025.tif","length_m":17.75},"geometry":{"type":"LineString","coordinates":[[630323.18,5219343.05],[630313.73,5219328.03]]}},{"type":"Feature","properties":{"vineyard_id":"T036_025","row_id":"T036_025-R03","row_structure":"regular","tile":"siret3_r036_c025.tif","length_m":24.27},"geometry":{"type":"LineString","coordinates":[[630323.18,5219348.58],[630310.26,5219328.04]]}},{"type":"Feature","properties":{"vineyard_id":"T036_025","row_id":"T036_025-R04","row_structure":"regular","tile":"siret3_r036_c025.tif","length_m":30.7},"geometry":{"type":"LineString","coordinates":[[630323.18,5219354.09],[630306.95,5219328.03]]}},{"type":"Feature","properties":{"vineyard_id":"T036_025","row_id":"T036_025-R05","row_structure":"regular","tile":"siret3_r036_c025.tif","length_m":36.9},"geometry":{"type":"LineString","coordinates":[[630323.18,5219359.43],[630303.81,5219328.02]]}},{"type":"Feature","properties":{"vineyard_id":"T036_025","row_id":"T036_025-R06","row_structure":"disrupted","tile":"siret3_r036_c025.tif","length_m":42.18},"geometry":{"type":"LineString","coordinates":[[630323.17,5219363.88],[630300.97,5219328.02]]}},{"type":"Feature","properties":{"vineyard_id":"T036_025","row_id":"T036_025-R07","row_structure":"regular","tile":"siret3_r036_c025.tif","length_m":43.07},"geometry":{"type":"LineString","coordinates":[[630320.88,5219364.62],[630298.17,5219328.03]]}},{"type":"Feature","properties":{"vineyard_id":"T036_025","row_id":"T036_025-R08","row_structure":"disrupted","tile":"siret3_r036_c025.tif","length_m":52.57},"geometry":{"type":"LineString","coordinates":[[630323.18,5219372.58],[630295.3,5219328.01]]}},{"type":"Feature","properties":{"vineyard_id":"T036_025","row_id":"T036_025-R09","row_structure":"regular","tile":"siret3_r036_c025.tif","length_m":58.13},"geometry":{"type":"LineString","coordinates":[[630323.18,5219377.45],[630292.6,5219328.02]]}},{"type":"Feature","properties":{"vineyard_id":"T036_025","row_id":"T036_025-R10","row_structure":"regular","tile":"siret3_r036_c025.tif","length_m":60.25},"geometry":{"type":"LineString","coordinates":[[630320.15,5219379.19],[630288.32,5219328.03]]}},{"type":"Feature","properties":{"vineyard_id":"T036_025","row_id":"T036_025-R11","row_structure":"regular","tile":"siret3_r036_c025.tif","length_m":60.27},"geometry":{"type":"LineString","coordinates":[[630317.06,5219379.2],[630285.21,5219328.02]]}},{"type":"Feature","properties":{"vineyard_id":"T036_025","row_id":"T036_025-R12","row_structure":"regular","tile":"siret3_r036_c025.tif","length_m":60.21},"geometry":{"type":"LineString","coordinates":[[630314.14,5219379.2],[630282.4,5219328.03]]}},{"type":"Feature","properties":{"vineyard_id":"T036_025","row_id":"T036_025-R13","row_structure":"regular","tile":"siret3_r036_c025.tif","length_m":60.3},"geometry":{"type":"LineString","coordinates":[[630311.38,5219379.2],[630279.49,5219328.02]]}},{"type":"Feature","properties":{"vineyard_id":"T036_025","row_id":"T036_025-R14","row_structure":"regular","tile":"siret3_r036_c025.tif","length_m":60.27},"geometry":{"type":"LineString","coordinates":[[630308.53,5219379.2],[630276.68,5219328.03]]}},{"type":"Feature","properties":{"vineyard_id":"T036_025","row_id":"T036_025-R15","row_structure":"regular","tile":"siret3_r036_c025.tif","length_m":60.24},"geometry":{"type":"LineString","coordinates":[[630305.4,5219379.2],[630273.59,5219328.04]]}},{"type":"Feature","properties":{"vineyard_id":"T036_025","row_id":"T036_025-R16","row_structure":"regular","tile":"siret3_r036_c025.tif","length_m":57.83},"geometry":{"type":"LineString","coordinates":[[630302.63,5219379.19],[630272.0,5219330.14]]}},{"type":"Feature","properties":{"vineyard_id":"T036_025","row_id":"T036_025-R17","row_structure":"regular","tile":"siret3_r036_c025.tif","length_m":52.39},"geometry":{"type":"LineString","coordinates":[[630299.66,5219379.19],[630272.0,5219334.7]]}},{"type":"Feature","properties":{"vineyard_id":"T036_025","row_id":"T036_025-R18","row_structure":"regular","tile":"siret3_r036_c025.tif","length_m":46.31},"geometry":{"type":"LineString","coordinates":[[630296.56,5219379.2],[630272.0,5219339.94]]}},{"type":"Feature","properties":{"vineyard_id":"T036_025","row_id":"T036_025-R19","row_structure":"disrupted","tile":"siret3_r036_c025.tif","length_m":37.81},"geometry":{"type":"LineString","coordinates":[[630291.94,5219379.19],[630272.0,5219347.07]]}},{"type":"Feature","properties":{"vineyard_id":"T036_025","row_id":"T036_025-R20","row_structure":"regular","tile":"siret3_r036_c025.tif","length_m":10.37},"geometry":{"type":"LineString","coordinates":[[630277.32,5219379.2],[630272.0,5219370.29]]}},{"type":"Feature","properties":{"vineyard_id":"T036_025","row_id":"T036_025-R21","row_structure":"regular","tile":"siret3_r036_c025.tif","length_m":4.67},"geometry":{"type":"LineString","coordinates":[[630274.36,5219379.2],[630272.0,5219375.17]]}},{"type":"Feature","properties":{"vineyard_id":"T036_026","row_id":"T036_026-R01","row_structure":"regular","tile":"siret3_r036_c026.tif","length_m":3.4},"geometry":{"type":"LineString","coordinates":[[630374.37,5219343.45],[630372.29,5219340.76]]}},{"type":"Feature","properties":{"vineyard_id":"T036_026","row_id":"T036_026-R02","row_structure":"regular","tile":"siret3_r036_c026.tif","length_m":8.4},"geometry":{"type":"LineString","coordinates":[[630374.38,5219347.98],[630369.08,5219341.46]]}},{"type":"Feature","properties":{"vineyard_id":"T036_026","row_id":"T036_026-R03","row_structure":"regular","tile":"siret3_r036_c026.tif","length_m":11.92},"geometry":{"type":"LineString","coordinates":[[630374.39,5219351.23],[630366.86,5219341.99]]}},{"type":"Feature","properties":{"vineyard_id":"T036_026","row_id":"T036_026-R04","row_structure":"regular","tile":"siret3_r036_c026.tif","length_m":34.27},"geometry":{"type":"LineString","coordinates":[[630374.38,5219354.54],[630352.65,5219328.03]]}},{"type":"Feature","properties":{"vineyard_id":"T036_026","row_id":"T036_026-R05","row_structure":"regular","tile":"siret3_r036_c026.tif","length_m":38.95},"geometry":{"type":"LineString","coordinates":[[630374.39,5219358.09],[630349.62,5219328.04]]}},{"type":"Feature","properties":{"vineyard_id":"T036_026","row_id":"T036_026-R06","row_structure":"regular","tile":"siret3_r036_c026.tif","length_m":43.28},"geometry":{"type":"LineString","coordinates":[[630374.39,5219361.52],[630346.99,5219328.03]]}},{"type":"Feature","properties":{"vineyard_id":"T036_026","row_id":"T036_026-R07","row_structure":"regular","tile":"siret3_r036_c026.tif","length_m":48.27},"geometry":{"type":"LineString","coordinates":[[630374.37,5219365.38],[630343.81,5219328.02]]}},{"type":"Feature","properties":{"vineyard_id":"T036_026","row_id":"T036_026-R08","row_structure":"regular","tile":"siret3_r036_c026.tif","length_m":52.98},"geometry":{"type":"LineString","coordinates":[[630374.38,5219368.94],[630340.72,5219328.03]]}},{"type":"Feature","properties":{"vineyard_id":"T036_026","row_id":"T036_026-R09","row_structure":"regular","tile":"siret3_r036_c026.tif","length_m":60.98},"geometry":{"type":"LineString","coordinates":[[630374.39,5219375.14],[630335.69,5219328.02]]}},{"type":"Feature","properties":{"vineyard_id":"T036_026","row_id":"T036_026-R10","row_structure":"regular","tile":"siret3_r036_c026.tif","length_m":65.9},"geometry":{"type":"LineString","coordinates":[[630374.39,5219378.92],[630332.54,5219328.02]]}},{"type":"Feature","properties":{"vineyard_id":"T036_026","row_id":"T036_026-R11","row_structure":"disrupted","tile":"siret3_r036_c026.tif","length_m":46.7},"geometry":{"type":"LineString","coordinates":[[630352.96,5219379.19],[630323.2,5219343.2]]}},{"type":"Feature","properties":{"vineyard_id":"T036_026","row_id":"T036_026-R12","row_structure":"disrupted","tile":"siret3_r036_c026.tif","length_m":35.24},"geometry":{"type":"LineString","coordinates":[[630349.97,5219379.2],[630327.58,5219352.0]]}},{"type":"Feature","properties":{"vineyard_id":"T036_026","row_id":"T036_026-R13","row_structure":"disrupted","tile":"siret3_r036_c026.tif","length_m":37.08},"geometry":{"type":"LineString","coordinates":[[630346.53,5219379.2],[630323.21,5219350.38]]}},{"type":"Feature","properties":{"vineyard_id":"T036_026","row_id":"T036_026-R14","row_structure":"disrupted","tile":"siret3_r036_c026.tif","length_m":31.72},"geometry":{"type":"LineString","coordinates":[[630343.19,5219379.19],[630323.2,5219354.56]]}},{"type":"Feature","properties":{"vineyard_id":"T036_026","row_id":"T036_026-R15","row_structure":"disrupted","tile":"siret3_r036_c026.tif","length_m":25.37},"geometry":{"type":"LineString","coordinates":[[630339.42,5219379.2],[630323.2,5219359.69]]}},{"type":"Feature","properties":{"vineyard_id":"T036_026","row_id":"T036_026-R16","row_structure":"disrupted","tile":"siret3_r036_c026.tif","length_m":20.03},"geometry":{"type":"LineString","coordinates":[[630336.06,5219379.2],[630323.2,5219363.85]]}},{"type":"Feature","properties":{"vineyard_id":"T036_026","row_id":"T036_026-R17","row_structure":"regular","tile":"siret3_r036_c026.tif","length_m":6.93},"geometry":{"type":"LineString","coordinates":[[630327.6,5219374.75],[630323.2,5219369.4]]}},{"type":"Feature","properties":{"vineyard_id":"T036_027","row_id":"T036_027-R01","row_structure":"disrupted","tile":"siret3_r036_c027.tif","length_m":11.28},"geometry":{"type":"LineString","coordinates":[[630388.91,5219365.13],[630390.04,5219353.91]]}},{"type":"Feature","properties":{"vineyard_id":"T036_027","row_id":"T036_027-R02","row_structure":"regular","tile":"siret3_r036_c027.tif","length_m":24.75},"geometry":{"type":"LineString","coordinates":[[630376.4,5219372.96],[630379.39,5219348.38]]}},{"type":"Feature","properties":{"vineyard_id":"T036_027","row_id":"T036_027-R03","row_structure":"regular","tile":"siret3_r036_c027.tif","length_m":25.6},"geometry":{"type":"LineString","coordinates":[[630374.4,5219370.72],[630377.39,5219345.3]]}},{"type":"Feature","properties":{"vineyard_id":"T036_027","row_id":"T036_027-R04","row_structure":"regular","tile":"siret3_r036_c027.tif","length_m":18.8},"geometry":{"type":"LineString","coordinates":[[630374.4,5219361.86],[630376.12,5219343.14]]}},{"type":"Feature","properties":{"vineyard_id":"T036_027","row_id":"T036_027-R05","row_structure":"regular","tile":"siret3_r036_c027.tif","length_m":3.04},"geometry":{"type":"LineString","coordinates":[[630374.4,5219343.53],[630374.76,5219340.51]]}},{"type":"Feature","properties":{"vineyard_id":"T037_023","row_id":"T037_023-R01","row_structure":"disrupted","tile":"siret3_r037_c023.tif","length_m":32.38},"geometry":{"type":"LineString","coordinates":[[630190.15,5219328.0],[630215.75,5219308.17]]}},{"type":"Feature","properties":{"vineyard_id":"T037_023","row_id":"T037_023-R02","row_structure":"disrupted","tile":"siret3_r037_c023.tif","length_m":41.75},"geometry":{"type":"LineString","coordinates":[[630187.88,5219328.0],[630220.79,5219302.3]]}},{"type":"Feature","properties":{"vineyard_id":"T037_023","row_id":"T037_023-R03","row_structure":"disrupted","tile":"siret3_r037_c023.tif","length_m":48.13},"geometry":{"type":"LineString","coordinates":[[630182.69,5219328.0],[630220.78,5219298.58]]}},{"type":"Feature","properties":{"vineyard_id":"T037_023","row_id":"T037_023-R04","row_structure":"disrupted","tile":"siret3_r037_c023.tif","length_m":60.71},"geometry":{"type":"LineString","coordinates":[[630172.77,5219328.0],[630220.77,5219290.82]]}},{"type":"Feature","properties":{"vineyard_id":"T037_023","row_id":"T037_023-R05","row_structure":"disrupted","tile":"siret3_r037_c023.tif","length_m":64.55},"geometry":{"type":"LineString","coordinates":[[630169.78,5219328.0],[630220.77,5219288.41]]}},{"type":"Feature","properties":{"vineyard_id":"T037_023","row_id":"T037_023-R06","row_structure":"disrupted","tile":"siret3_r037_c023.tif","length_m":64.89},"geometry":{"type":"LineString","coordinates":[[630169.6,5219325.42],[630220.78,5219285.53]]}},{"type":"Feature","properties":{"vineyard_id":"T037_023","row_id":"T037_023-R07","row_structure":"regular","tile":"siret3_r037_c023.tif","length_m":64.87},"geometry":{"type":"LineString","coordinates":[[630169.6,5219323.32],[630220.77,5219283.44]]}},{"type":"Feature","properties":{"vineyard_id":"T037_023","row_id":"T037_023-R08","row_structure":"regular","tile":"siret3_r037_c023.tif","length_m":64.75},"geometry":{"type":"LineString","coordinates":[[630169.62,5219319.38],[630220.78,5219279.7]]}},{"type":"Feature","properties":{"vineyard_id":"T037_023","row_id":"T037_023-R09","row_structure":"disrupted","tile":"siret3_r037_c023.tif","length_m":38.22},"geometry":{"type":"LineString","coordinates":[[630169.6,5219312.35],[630199.79,5219288.9]]}},{"type":"Feature","properties":{"vineyard_id":"T037_023","row_id":"T037_023-R10","row_structure":"regular","tile":"siret3_r037_c023.tif","length_m":54.47},"geometry":{"type":"LineString","coordinates":[[630169.6,5219310.22],[630212.64,5219276.83]]}},{"type":"Feature","properties":{"vineyard_id":"T037_023","row_id":"T037_023-R11","row_structure":"regular","tile":"siret3_r037_c023.tif","length_m":48.55},"geometry":{"type":"LineString","coordinates":[[630169.6,5219306.6],[630207.94,5219276.82]]}},{"type":"Feature","properties":{"vineyard_id":"T037_023","row_id":"T037_023-R12","row_structure":"regular","tile":"siret3_r037_c023.tif","length_m":42.99},"geometry":{"type":"LineString","coordinates":[[630169.6,5219303.2],[630203.55,5219276.82]]}},{"type":"Feature","properties":{"vineyard_id":"T037_023","row_id":"T037_023-R13","row_structure":"regular","tile":"siret3_r037_c023.tif","length_m":37.35},"geometry":{"type":"LineString","coordinates":[[630169.6,5219299.79],[630199.06,5219276.82]]}},{"type":"Feature","properties":{"vineyard_id":"T037_023","row_id":"T037_023-R14","row_structure":"regular","tile":"siret3_r037_c023.tif","length_m":31.67},"geometry":{"type":"LineString","coordinates":[[630169.6,5219296.32],[630194.57,5219276.83]]}},{"type":"Feature","properties":{"vineyard_id":"T037_023","row_id":"T037_023-R15","row_structure":"regular","tile":"siret3_r037_c023.tif","length_m":26.3},"geometry":{"type":"LineString","coordinates":[[630169.61,5219292.9],[630190.42,5219276.82]]}},{"type":"Feature","properties":{"vineyard_id":"T037_023","row_id":"T037_023-R16","row_structure":"disrupted","tile":"siret3_r037_c023.tif","length_m":20.82},"geometry":{"type":"LineString","coordinates":[[630169.6,5219289.7],[630185.96,5219276.83]]}},{"type":"Feature","properties":{"vineyard_id":"T037_023","row_id":"T037_023-R17","row_structure":"regular","tile":"siret3_r037_c023.tif","length_m":15.22},"geometry":{"type":"LineString","coordinates":[[630169.61,5219286.29],[630181.53,5219276.82]]}},{"type":"Feature","properties":{"vineyard_id":"T037_023","row_id":"T037_023-R18","row_structure":"regular","tile":"siret3_r037_c023.tif","length_m":9.33},"geometry":{"type":"LineString","coordinates":[[630169.6,5219282.54],[630176.98,5219276.83]]}},{"type":"Feature","properties":{"vineyard_id":"T037_023","row_id":"T037_023-R19","row_structure":"regular","tile":"siret3_r037_c023.tif","length_m":3.78},"geometry":{"type":"LineString","coordinates":[[630169.6,5219279.14],[630172.57,5219276.82]]}},{"type":"Feature","properties":{"vineyard_id":"T037_025","row_id":"T037_025-R01","row_structure":"disrupted","tile":"siret3_r037_c025.tif","length_m":25.1},"geometry":{"type":"LineString","coordinates":[[630272.0,5219327.78],[630297.1,5219328.0]]}},{"type":"Feature","properties":{"vineyard_id":"T037_025","row_id":"T037_025-R02","row_structure":"regular","tile":"siret3_r037_c025.tif","length_m":51.17},"geometry":{"type":"LineString","coordinates":[[630272.0,5219325.15],[630323.17,5219326.0]]}},{"type":"Feature","properties":{"vineyard_id":"T037_025","row_id":"T037_025-R03","row_structure":"regular","tile":"siret3_r037_c025.tif","length_m":51.19},"geometry":{"type":"LineString","coordinates":[[630272.0,5219322.55],[630323.19,5219323.5]]}},{"type":"Feature","properties":{"vineyard_id":"T037_025","row_id":"T037_025-R04","row_structure":"regular","tile":"siret3_r037_c025.tif","length_m":51.19},"geometry":{"type":"LineString","coordinates":[[630272.0,5219319.74],[630323.19,5219320.64]]}},{"type":"Feature","properties":{"vineyard_id":"T037_025","row_id":"T037_025-R05","row_structure":"disrupted","tile":"siret3_r037_c025.tif","length_m":51.19},"geometry":{"type":"LineString","coordinates":[[630272.0,5219317.01],[630323.18,5219317.92]]}},{"type":"Feature","properties":{"vineyard_id":"T037_025","row_id":"T037_025-R06","row_structure":"disrupted","tile":"siret3_r037_c025.tif","length_m":51.19},"geometry":{"type":"LineString","coordinates":[[630272.0,5219314.2],[630323.18,5219315.14]]}},{"type":"Feature","properties":{"vineyard_id":"T037_025","row_id":"T037_025-R07","row_structure":"disrupted","tile":"siret3_r037_c025.tif","length_m":51.19},"geometry":{"type":"LineString","coordinates":[[630272.0,5219311.48],[630323.18,5219312.42]]}},{"type":"Feature","properties":{"vineyard_id":"T037_025","row_id":"T037_025-R08","row_structure":"disrupted","tile":"siret3_r037_c025.tif","length_m":51.2},"geometry":{"type":"LineString","coordinates":[[630272.0,5219309.64],[630323.19,5219310.53]]}},{"type":"Feature","properties":{"vineyard_id":"T037_025","row_id":"T037_025-R09","row_structure":"regular","tile":"siret3_r037_c025.tif","length_m":51.19},"geometry":{"type":"LineString","coordinates":[[630272.0,5219307.02],[630323.18,5219307.91]]}},{"type":"Feature","properties":{"vineyard_id":"T037_025","row_id":"T037_025-R10","row_structure":"disrupted","tile":"siret3_r037_c025.tif","length_m":51.17},"geometry":{"type":"LineString","coordinates":[[630272.01,5219304.63],[630323.17,5219305.57]]}},{"type":"Feature","properties":{"vineyard_id":"T037_025","row_id":"T037_025-R11","row_structure":"disrupted","tile":"siret3_r037_c025.tif","length_m":51.19},"geometry":{"type":"LineString","coordinates":[[630272.0,5219301.38],[630323.18,5219302.32]]}},{"type":"Feature","properties":{"vineyard_id":"T037_025","row_id":"T037_025-R12","row_structure":"disrupted","tile":"siret3_r037_c025.tif","length_m":51.19},"geometry":{"type":"LineString","coordinates":[[630272.0,5219298.42],[630323.18,5219299.27]]}},{"type":"Feature","properties":{"vineyard_id":"T037_025","row_id":"T037_025-R13","row_structure":"disrupted","tile":"siret3_r037_c025.tif","length_m":51.19},"geometry":{"type":"LineString","coordinates":[[630272.0,5219295.42],[630323.19,5219296.25]]}},{"type":"Feature","properties":{"vineyard_id":"T037_025","row_id":"T037_025-R14","row_structure":"disrupted","tile":"siret3_r037_c025.tif","length_m":51.18},"geometry":{"type":"LineString","coordinates":[[630272.01,5219292.95],[630323.18,5219293.78]]}},{"type":"Feature","properties":{"vineyard_id":"T037_025","row_id":"T037_025-R15","row_structure":"disrupted","tile":"siret3_r037_c025.tif","length_m":51.17},"geometry":{"type":"LineString","coordinates":[[630272.01,5219288.7],[630323.18,5219289.55]]}},{"type":"Feature","properties":{"vineyard_id":"T037_025","row_id":"T037_025-R16","row_structure":"disrupted","tile":"siret3_r037_c025.tif","length_m":51.18},"geometry":{"type":"LineString","coordinates":[[630272.01,5219286.01],[630323.18,5219286.91]]}},{"type":"Feature","properties":{"vineyard_id":"T037_025","row_id":"T037_025-R17","row_structure":"disrupted","tile":"siret3_r037_c025.tif","length_m":51.2},"geometry":{"type":"LineString","coordinates":[[630272.0,5219283.82],[630323.19,5219284.77]]}},{"type":"Feature","properties":{"vineyard_id":"T037_025","row_id":"T037_025-R18","row_structure":"regular","tile":"siret3_r037_c025.tif","length_m":50.07},"geometry":{"type":"LineString","coordinates":[[630272.01,5219280.12],[630322.07,5219281.08]]}},{"type":"Feature","properties":{"vineyard_id":"T037_025","row_id":"T037_025-R19","row_structure":"disrupted","tile":"siret3_r037_c025.tif","length_m":48.87},"geometry":{"type":"LineString","coordinates":[[630272.0,5219276.92],[630320.86,5219277.38]]}},{"type":"Feature","properties":{"vineyard_id":"T037_026","row_id":"T037_026-R01","row_structure":"regular","tile":"siret3_r037_c026.tif","length_m":2.57},"geometry":{"type":"LineString","coordinates":[[630346.11,5219306.05],[630344.49,5219304.04]]}},{"type":"Feature","properties":{"vineyard_id":"T037_026","row_id":"T037_026-R02","row_structure":"regular","tile":"siret3_r037_c026.tif","length_m":13.42},"geometry":{"type":"LineString","coordinates":[[630349.99,5219313.82],[630341.42,5219303.48]]}},{"type":"Feature","properties":{"vineyard_id":"T037_026","row_id":"T037_026-R03","row_structure":"disrupted","tile":"siret3_r037_c026.tif","length_m":48.0},"geometry":{"type":"LineString","coordinates":[[630356.62,5219326.15],[630326.38,5219288.88]]}},{"type":"Feature","properties":{"vineyard_id":"T037_026","row_id":"T037_026-R04","row_structure":"regular","tile":"siret3_r037_c026.tif","length_m":42.1},"geometry":{"type":"LineString","coordinates":[[630355.3,5219328.0],[630328.57,5219295.48]]}},{"type":"Feature","properties":{"vineyard_id":"T037_026","row_id":"T037_026-R05","row_structure":"regular","tile":"siret3_r037_c026.tif","length_m":46.56},"geometry":{"type":"LineString","coordinates":[[630352.63,5219328.0],[630323.2,5219291.92]]}},{"type":"Feature","properties":{"vineyard_id":"T037_026","row_id":"T037_026-R06","row_structure":"regular","tile":"siret3_r037_c026.tif","length_m":41.5},"geometry":{"type":"LineString","coordinates":[[630349.43,5219327.99],[630323.2,5219295.83]]}},{"type":"Feature","properties":{"vineyard_id":"T037_026","row_id":"T037_026-R07","row_structure":"regular","tile":"siret3_r037_c026.tif","length_m":37.5},"geometry":{"type":"LineString","coordinates":[[630346.93,5219328.0],[630323.2,5219298.96]]}},{"type":"Feature","properties":{"vineyard_id":"T037_026","row_id":"T037_026-R08","row_structure":"regular","tile":"siret3_r037_c026.tif","length_m":32.82},"geometry":{"type":"LineString","coordinates":[[630343.91,5219328.0],[630323.2,5219302.54]]}},{"type":"Feature","properties":{"vineyard_id":"T037_026","row_id":"T037_026-R09","row_structure":"regular","tile":"siret3_r037_c026.tif","length_m":20.0},"geometry":{"type":"LineString","coordinates":[[630335.81,5219327.99],[630323.21,5219312.46]]}},{"type":"Feature","properties":{"vineyard_id":"T038_022","row_id":"T038_022-R01","row_structure":"regular","tile":"siret3_r038_c022.tif","length_m":2.45},"geometry":{"type":"LineString","coordinates":[[630167.66,5219276.8],[630169.57,5219275.26]]}},{"type":"Feature","properties":{"vineyard_id":"T038_022","row_id":"T038_022-R02","row_structure":"regular","tile":"siret3_r038_c022.tif","length_m":7.53},"geometry":{"type":"LineString","coordinates":[[630163.71,5219276.8],[630169.58,5219272.08]]}},{"type":"Feature","properties":{"vineyard_id":"T038_022","row_id":"T038_022-R03","row_structure":"disrupted","tile":"siret3_r038_c022.tif","length_m":12.95},"geometry":{"type":"LineString","coordinates":[[630159.42,5219276.8],[630169.58,5219268.77]]}},{"type":"Feature","properties":{"vineyard_id":"T038_022","row_id":"T038_022-R04","row_structure":"regular","tile":"siret3_r038_c022.tif","length_m":18.55},"geometry":{"type":"LineString","coordinates":[[630155.09,5219276.8],[630169.57,5219265.21]]}},{"type":"Feature","properties":{"vineyard_id":"T038_022","row_id":"T038_022-R05","row_structure":"regular","tile":"siret3_r038_c022.tif","length_m":24.14},"geometry":{"type":"LineString","coordinates":[[630150.77,5219276.8],[630169.57,5219261.65]]}},{"type":"Feature","properties":{"vineyard_id":"T038_022","row_id":"T038_022-R06","row_structure":"regular","tile":"siret3_r038_c022.tif","length_m":25.25},"geometry":{"type":"LineString","coordinates":[[630146.3,5219276.8],[630165.8,5219260.75]]}},{"type":"Feature","properties":{"vineyard_id":"T038_022","row_id":"T038_022-R07","row_structure":"regular","tile":"siret3_r038_c022.tif","length_m":28.03},"geometry":{"type":"LineString","coordinates":[[630147.8,5219272.44],[630169.59,5219254.82]]}},{"type":"Feature","properties":{"vineyard_id":"T038_022","row_id":"T038_022-R09","row_structure":"regular","tile":"siret3_r038_c022.tif","length_m":3.23},"geometry":{"type":"LineString","coordinates":[[630161.04,5219255.4],[630163.56,5219253.38]]}},{"type":"Feature","properties":{"vineyard_id":"T038_023","row_id":"T038_023-R01","row_structure":"regular","tile":"siret3_r038_c023.tif","length_m":4.03},"geometry":{"type":"LineString","coordinates":[[630217.61,5219276.8],[630220.79,5219274.31]]}},{"type":"Feature","properties":{"vineyard_id":"T038_023","row_id":"T038_023-R02","row_structure":"regular","tile":"siret3_r038_c023.tif","length_m":10.43},"geometry":{"type":"LineString","coordinates":[[630212.51,5219276.8],[630220.77,5219270.44]]}},{"type":"Feature","properties":{"vineyard_id":"T038_023","row_id":"T038_023-R03","row_structure":"regular","tile":"siret3_r038_c023.tif","length_m":16.35},"geometry":{"type":"LineString","coordinates":[[630207.97,5219276.8],[630220.77,5219266.63]]}},{"type":"Feature","properties":{"vineyard_id":"T038_023","row_id":"T038_023-R04","row_structure":"regular","tile":"siret3_r038_c023.tif","length_m":21.91},"geometry":{"type":"LineString","coordinates":[[630203.35,5219276.8],[630220.78,5219263.53]]}},{"type":"Feature","properties":{"vineyard_id":"T038_023","row_id":"T038_023-R05","row_structure":"regular","tile":"siret3_r038_c023.tif","length_m":27.34},"geometry":{"type":"LineString","coordinates":[[630199.21,5219276.8],[630220.77,5219259.99]]}},{"type":"Feature","properties":{"vineyard_id":"T038_023","row_id":"T038_023-R06","row_structure":"regular","tile":"siret3_r038_c023.tif","length_m":33.35},"geometry":{"type":"LineString","coordinates":[[630194.46,5219276.8],[630220.78,5219256.31]]}},{"type":"Feature","properties":{"vineyard_id":"T038_023","row_id":"T038_023-R07","row_structure":"disrupted","tile":"siret3_r038_c023.tif","length_m":38.59},"geometry":{"type":"LineString","coordinates":[[630190.31,5219276.8],[630220.77,5219253.1]]}},{"type":"Feature","properties":{"vineyard_id":"T038_023","row_id":"T038_023-R08","row_structure":"disrupted","tile":"siret3_r038_c023.tif","length_m":44.09},"geometry":{"type":"LineString","coordinates":[[630186.06,5219276.8],[630220.78,5219249.63]]}},{"type":"Feature","properties":{"vineyard_id":"T038_023","row_id":"T038_023-R09","row_structure":"regular","tile":"siret3_r038_c023.tif","length_m":49.87},"geometry":{"type":"LineString","coordinates":[[630181.63,5219276.79],[630220.79,5219245.91]]}},{"type":"Feature","properties":{"vineyard_id":"T038_023","row_id":"T038_023-R10","row_structure":"regular","tile":"siret3_r038_c023.tif","length_m":55.53},"geometry":{"type":"LineString","coordinates":[[630177.02,5219276.8],[630220.77,5219242.6]]}},{"type":"Feature","properties":{"vineyard_id":"T038_023","row_id":"T038_023-R11","row_structure":"regular","tile":"siret3_r038_c023.tif","length_m":61.12},"geometry":{"type":"LineString","coordinates":[[630172.71,5219276.8],[630220.77,5219239.04]]}},{"type":"Feature","properties":{"vineyard_id":"T038_023","row_id":"T038_023-R12","row_structure":"regular","tile":"siret3_r038_c023.tif","length_m":64.96},"geometry":{"type":"LineString","coordinates":[[630169.6,5219275.46],[630220.77,5219235.43]]}},{"type":"Feature","properties":{"vineyard_id":"T038_023","row_id":"T038_023-R13","row_structure":"disrupted","tile":"siret3_r038_c023.tif","length_m":64.95},"geometry":{"type":"LineString","coordinates":[[630169.6,5219271.91],[630220.79,5219231.93]]}},{"type":"Feature","properties":{"vineyard_id":"T038_023","row_id":"T038_023-R14","row_structure":"disrupted","tile":"siret3_r038_c023.tif","length_m":65.05},"geometry":{"type":"LineString","coordinates":[[630169.6,5219268.63],[630220.78,5219228.48]]}},{"type":"Feature","properties":{"vineyard_id":"T038_023","row_id":"T038_023-R15","row_structure":"disrupted","tile":"siret3_r038_c023.tif","length_m":64.16},"geometry":{"type":"LineString","coordinates":[[630169.6,5219265.16],[630220.13,5219225.62]]}},{"type":"Feature","properties":{"vineyard_id":"T038_023","row_id":"T038_023-R16","row_structure":"regular","tile":"siret3_r038_c023.tif","length_m":58.63},"geometry":{"type":"LineString","coordinates":[[630169.6,5219261.83],[630215.72,5219225.63]]}},{"type":"Feature","properties":{"vineyard_id":"T038_023","row_id":"T038_023-R17","row_structure":"regular","tile":"siret3_r038_c023.tif","length_m":52.74},"geometry":{"type":"LineString","coordinates":[[630169.6,5219257.95],[630211.26,5219225.62]]}},{"type":"Feature","properties":{"vineyard_id":"T038_023","row_id":"T038_023-R18","row_structure":"regular","tile":"siret3_r038_c023.tif","length_m":47.25},"geometry":{"type":"LineString","coordinates":[[630169.6,5219254.89],[630206.69,5219225.61]]}},{"type":"Feature","properties":{"vineyard_id":"T038_023","row_id":"T038_023-R19","row_structure":"disrupted","tile":"siret3_r038_c023.tif","length_m":41.37},"geometry":{"type":"LineString","coordinates":[[630169.6,5219251.09],[630202.22,5219225.63]]}},{"type":"Feature","properties":{"vineyard_id":"T038_023","row_id":"T038_023-R20","row_structure":"regular","tile":"siret3_r038_c023.tif","length_m":35.59},"geometry":{"type":"LineString","coordinates":[[630169.6,5219247.87],[630197.39,5219225.63]]}},{"type":"Feature","properties":{"vineyard_id":"T038_023","row_id":"T038_023-R21","row_structure":"disrupted","tile":"siret3_r038_c023.tif","length_m":29.31},"geometry":{"type":"LineString","coordinates":[[630170.69,5219244.17],[630193.39,5219225.63]]}},{"type":"Feature","properties":{"vineyard_id":"T038_023","row_id":"T038_023-R23","row_structure":"regular","tile":"siret3_r038_c023.tif","length_m":3.1},"geometry":{"type":"LineString","coordinates":[[630183.16,5219227.46],[630185.65,5219225.61]]}},{"type":"Feature","properties":{"vineyard_id":"T038_024","row_id":"T038_024-R01","row_structure":"regular","tile":"siret3_r038_c024.tif","length_m":4.77},"geometry":{"type":"LineString","coordinates":[[630268.13,5219276.8],[630271.99,5219273.99]]}},{"type":"Feature","properties":{"vineyard_id":"T038_024","row_id":"T038_024-R02","row_structure":"regular","tile":"siret3_r038_c024.tif","length_m":15.61},"geometry":{"type":"LineString","coordinates":[[630259.63,5219276.8],[630271.97,5219267.24]]}},{"type":"Feature","properties":{"vineyard_id":"T038_024","row_id":"T038_024-R03","row_structure":"regular","tile":"siret3_r038_c024.tif","length_m":21.58},"geometry":{"type":"LineString","coordinates":[[630254.9,5219276.8],[630271.98,5219263.61]]}},{"type":"Feature","properties":{"vineyard_id":"T038_024","row_id":"T038_024-R04","row_structure":"regular","tile":"siret3_r038_c024.tif","length_m":30.14},"geometry":{"type":"LineString","coordinates":[[630248.17,5219276.8],[630271.99,5219258.33]]}},{"type":"Feature","properties":{"vineyard_id":"T038_024","row_id":"T038_024-R05","row_structure":"regular","tile":"siret3_r038_c024.tif","length_m":35.12},"geometry":{"type":"LineString","coordinates":[[630244.24,5219276.8],[630271.98,5219255.25]]}},{"type":"Feature","properties":{"vineyard_id":"T038_024","row_id":"T038_024-R06","row_structure":"regular","tile":"siret3_r038_c024.tif","length_m":40.56},"geometry":{"type":"LineString","coordinates":[[630239.92,5219276.8],[630271.97,5219251.94]]}},{"type":"Feature","properties":{"vineyard_id":"T038_024","row_id":"T038_024-R07","row_structure":"regular","tile":"siret3_r038_c024.tif","length_m":45.45},"geometry":{"type":"LineString","coordinates":[[630236.07,5219276.79],[630271.98,5219248.93]]}},{"type":"Feature","properties":{"vineyard_id":"T038_024","row_id":"T038_024-R08","row_structure":"regular","tile":"siret3_r038_c024.tif","length_m":50.5},"geometry":{"type":"LineString","coordinates":[[630231.93,5219276.8],[630271.99,5219246.04]]}},{"type":"Feature","properties":{"vineyard_id":"T038_024","row_id":"T038_024-R09","row_structure":"regular","tile":"siret3_r038_c024.tif","length_m":55.13},"geometry":{"type":"LineString","coordinates":[[630227.44,5219276.8],[630271.02,5219243.05]]}},{"type":"Feature","properties":{"vineyard_id":"T038_024","row_id":"T038_024-R10","row_structure":"regular","tile":"siret3_r038_c024.tif","length_m":59.8},"geometry":{"type":"LineString","coordinates":[[630220.81,5219274.04],[630268.01,5219237.33]]}},{"type":"Feature","properties":{"vineyard_id":"T038_024","row_id":"T038_024-R11","row_structure":"regular","tile":"siret3_r038_c024.tif","length_m":56.79},"geometry":{"type":"LineString","coordinates":[[630220.8,5219270.35],[630265.6,5219235.44]]}},{"type":"Feature","properties":{"vineyard_id":"T038_024","row_id":"T038_024-R12","row_structure":"regular","tile":"siret3_r038_c024.tif","length_m":54.0},"geometry":{"type":"LineString","coordinates":[[630220.8,5219266.74],[630263.47,5219233.64]]}},{"type":"Feature","properties":{"vineyard_id":"T038_024","row_id":"T038_024-R13","row_structure":"regular","tile":"siret3_r038_c024.tif","length_m":51.22},"geometry":{"type":"LineString","coordinates":[[630220.8,5219263.39],[630261.25,5219231.96]]}},{"type":"Feature","properties":{"vineyard_id":"T038_024","row_id":"T038_024-R14","row_structure":"regular","tile":"siret3_r038_c024.tif","length_m":48.54},"geometry":{"type":"LineString","coordinates":[[630220.8,5219259.91],[630259.15,5219230.16]]}},{"type":"Feature","properties":{"vineyard_id":"T038_024","row_id":"T038_024-R15","row_structure":"regular","tile":"siret3_r038_c024.tif","length_m":45.45},"geometry":{"type":"LineString","coordinates":[[630220.81,5219256.09],[630256.73,5219228.26]]}},{"type":"Feature","properties":{"vineyard_id":"T038_024","row_id":"T038_024-R16","row_structure":"regular","tile":"siret3_r038_c024.tif","length_m":43.04},"geometry":{"type":"LineString","coordinates":[[630220.8,5219252.98],[630254.84,5219226.64]]}},{"type":"Feature","properties":{"vineyard_id":"T038_024","row_id":"T038_024-R17","row_structure":"regular","tile":"siret3_r038_c024.tif","length_m":25.58},"geometry":{"type":"LineString","coordinates":[[630220.8,5219249.52],[630241.04,5219233.89]]}},{"type":"Feature","properties":{"vineyard_id":"T038_024","row_id":"T038_024-R18","row_structure":"regular","tile":"siret3_r038_c024.tif","length_m":23.19},"geometry":{"type":"LineString","coordinates":[[630220.8,5219245.99],[630239.17,5219231.84]]}},{"type":"Feature","properties":{"vineyard_id":"T038_024","row_id":"T038_024-R19","row_structure":"regular","tile":"siret3_r038_c024.tif","length_m":20.65},"geometry":{"type":"LineString","coordinates":[[630220.81,5219242.56],[630237.28,5219230.1]]}},{"type":"Feature","properties":{"vineyard_id":"T038_024","row_id":"T038_024-R20","row_structure":"regular","tile":"siret3_r038_c024.tif","length_m":16.15},"geometry":{"type":"LineString","coordinates":[[630220.8,5219238.92],[630233.48,5219228.92]]}},{"type":"Feature","properties":{"vineyard_id":"T038_024","row_id":"T038_024-R21","row_structure":"regular","tile":"siret3_r038_c024.tif","length_m":13.7},"geometry":{"type":"LineString","coordinates":[[630220.81,5219235.34],[630231.67,5219226.99]]}},{"type":"Feature","properties":{"vineyard_id":"T038_024","row_id":"T038_024-R22","row_structure":"regular","tile":"siret3_r038_c024.tif","length_m":10.23},"geometry":{"type":"LineString","coordinates":[[630220.8,5219231.91],[630228.88,5219225.63]]}},{"type":"Feature","properties":{"vineyard_id":"T038_024","row_id":"T038_024-R23","row_structure":"regular","tile":"siret3_r038_c024.tif","length_m":5.02},"geometry":{"type":"LineString","coordinates":[[630220.8,5219228.66],[630224.79,5219225.63]]}},{"type":"Feature","properties":{"vineyard_id":"T038_025","row_id":"T038_025-R01","row_structure":"regular","tile":"siret3_r038_c025.tif","length_m":8.14},"geometry":{"type":"LineString","coordinates":[[630318.54,5219276.8],[630313.9,5219270.12]]}},{"type":"Feature","properties":{"vineyard_id":"T038_025","row_id":"T038_025-R02","row_structure":"regular","tile":"siret3_r038_c025.tif","length_m":13.72},"geometry":{"type":"LineString","coordinates":[[630315.34,5219276.8],[630307.22,5219265.75]]}},{"type":"Feature","properties":{"vineyard_id":"T038_025","row_id":"T038_025-R03","row_structure":"regular","tile":"siret3_r038_c025.tif","length_m":18.82},"geometry":{"type":"LineString","coordinates":[[630311.06,5219276.8],[630300.05,5219261.54]]}},{"type":"Feature","properties":{"vineyard_id":"T038_025","row_id":"T038_025-R04","row_structure":"regular","tile":"siret3_r038_c025.tif","length_m":23.22},"geometry":{"type":"LineString","coordinates":[[630308.14,5219276.8],[630294.8,5219257.79]]}},{"type":"Feature","properties":{"vineyard_id":"T038_025","row_id":"T038_025-R05","row_structure":"regular","tile":"siret3_r038_c025.tif","length_m":31.39},"geometry":{"type":"LineString","coordinates":[[630304.05,5219276.8],[630286.08,5219251.06]]}},{"type":"Feature","properties":{"vineyard_id":"T038_025","row_id":"T038_025-R06","row_structure":"regular","tile":"siret3_r038_c025.tif","length_m":35.72},"geometry":{"type":"LineString","coordinates":[[630301.33,5219276.8],[630280.92,5219247.5]]}},{"type":"Feature","properties":{"vineyard_id":"T038_025","row_id":"T038_025-R07","row_structure":"regular","tile":"siret3_r038_c025.tif","length_m":36.47},"geometry":{"type":"LineString","coordinates":[[630298.54,5219276.8],[630277.68,5219246.88]]}},{"type":"Feature","properties":{"vineyard_id":"T038_025","row_id":"T038_025-R08","row_structure":"regular","tile":"siret3_r038_c025.tif","length_m":34.05},"geometry":{"type":"LineString","coordinates":[[630295.18,5219276.8],[630275.67,5219248.89]]}},{"type":"Feature","properties":{"vineyard_id":"T038_025","row_id":"T038_025-R09","row_structure":"regular","tile":"siret3_r038_c025.tif","length_m":35.26},"geometry":{"type":"LineString","coordinates":[[630292.12,5219276.79],[630272.0,5219247.83]]}},{"type":"Feature","properties":{"vineyard_id":"T038_025","row_id":"T038_025-R10","row_structure":"regular","tile":"siret3_r038_c025.tif","length_m":30.09},"geometry":{"type":"LineString","coordinates":[[630289.22,5219276.8],[630272.0,5219252.12]]}},{"type":"Feature","properties":{"vineyard_id":"T038_025","row_id":"T038_025-R11","row_structure":"regular","tile":"siret3_r038_c025.tif","length_m":18.34},"geometry":{"type":"LineString","coordinates":[[630282.41,5219276.8],[630272.0,5219261.7]]}},{"type":"Feature","properties":{"vineyard_id":"T038_025","row_id":"T038_025-R12","row_structure":"regular","tile":"siret3_r038_c025.tif","length_m":13.25},"geometry":{"type":"LineString","coordinates":[[630279.31,5219276.8],[630272.0,5219265.75]]}},{"type":"Feature","properties":{"vineyard_id":"T038_025","row_id":"T038_025-R13","row_structure":"regular","tile":"siret3_r038_c025.tif","length_m":4.62},"geometry":{"type":"LineString","coordinates":[[630274.68,5219276.8],[630272.0,5219273.03]]}},{"type":"Feature","properties":{"vineyard_id":"T039_023","row_id":"T039_023-R01","row_structure":"regular","tile":"siret3_r039_c023.tif","length_m":6.92},"geometry":{"type":"LineString","coordinates":[[630215.36,5219225.59],[630220.78,5219221.28]]}},{"type":"Feature","properties":{"vineyard_id":"T039_023","row_id":"T039_023-R02","row_structure":"regular","tile":"siret3_r039_c023.tif","length_m":12.12},"geometry":{"type":"LineString","coordinates":[[630211.45,5219225.6],[630220.79,5219217.87]]}},{"type":"Feature","properties":{"vineyard_id":"T039_023","row_id":"T039_023-R03","row_structure":"regular","tile":"siret3_r039_c023.tif","length_m":17.13},"geometry":{"type":"LineString","coordinates":[[630206.65,5219225.6],[630220.13,5219215.03]]}},{"type":"Feature","properties":{"vineyard_id":"T039_023","row_id":"T039_023-R04","row_structure":"regular","tile":"siret3_r039_c023.tif","length_m":20.25},"geometry":{"type":"LineString","coordinates":[[630202.41,5219225.6],[630218.14,5219212.86]]}},{"type":"Feature","properties":{"vineyard_id":"T039_023","row_id":"T039_023-R05","row_structure":"regular","tile":"siret3_r039_c023.tif","length_m":23.66},"geometry":{"type":"LineString","coordinates":[[630197.66,5219225.6],[630216.2,5219210.89]]}},{"type":"Feature","properties":{"vineyard_id":"T039_023","row_id":"T039_023-R06","row_structure":"regular","tile":"siret3_r039_c023.tif","length_m":24.4},"geometry":{"type":"LineString","coordinates":[[630193.21,5219225.6],[630212.3,5219210.4]]}},{"type":"Feature","properties":{"vineyard_id":"T039_023","row_id":"T039_023-R07","row_structure":"regular","tile":"siret3_r039_c023.tif","length_m":24.02},"geometry":{"type":"LineString","coordinates":[[630189.34,5219225.6],[630207.87,5219210.3]]}},{"type":"Feature","properties":{"vineyard_id":"T039_023","row_id":"T039_023-R08","row_structure":"regular","tile":"siret3_r039_c023.tif","length_m":24.13},"geometry":{"type":"LineString","coordinates":[[630185.38,5219225.6],[630203.95,5219210.19]]}},{"type":"Feature","properties":{"vineyard_id":"T039_023","row_id":"T039_023-R09","row_structure":"regular","tile":"siret3_r039_c023.tif","length_m":12.9},"geometry":{"type":"LineString","coordinates":[[630190.66,5219218.41],[630200.56,5219210.13]]}},{"type":"Feature","properties":{"vineyard_id":"T039_023","row_id":"T039_023-R10","row_structure":"regular","tile":"siret3_r039_c023.tif","length_m":1.08},"geometry":{"type":"LineString","coordinates":[[630193.64,5219214.03],[630194.46,5219213.33]]}}],"crs":{"type":"name","properties":{"name":"urn:ogc:def:crs:EPSG::32635"}}}