{"type": "FeatureCollection", "crs": {"type": "name", "properties": {"name": "urn:ogc:def:crs:EPSG::32635"}}, "features": [{"type": "Feature", "geometry": {"type": "Point", "coordinates": [629974.02, 5219907.77]}, "properties": {"type": "gap", "gap_m": 5.4, "vineyard_id": "V34", "row_id": "V34-R08", "reachable": true, "id": "T1556", "x": 629974.02, "y": 5219907.77, "order": 701, "visited": true}}, {"type": "Feature", "geometry": {"type": "Point", "coordinates": [629992.39, 5219897.41]}, "properties": {"type": "gap", "gap_m": 13.8, "vineyard_id": "V34", "row_id": "V34-R07", "reachable": true, "id": "T1555", "x": 629992.39, "y": 5219897.41, "order": 702, "visited": true}}, {"type": "Feature", "geometry": {"type": "Point", "coordinates": [629985.93, 5219893.56]}, "properties": {"type": "gap", "gap_m": 5.1, "vineyard_id": "V34", "row_id": "V34-R09", "reachable": true, "id": "T1558", "x": 629985.93, "y": 5219893.56, "order": 703, "visited": true}}, {"type": "Feature", "geometry": {"type": "Point", "coordinates": [629980.93, 5219894.64]}, "properties": {"type": "gap", "gap_m": 3.8, "vineyard_id": "V34", "row_id": "V34-R10", "reachable": true, "id": "T1560", "x": 629980.93, "y": 5219894.64, "order": 704, "visited": true}}, {"type": "Feature", "geometry": {"type": "Point", "coordinates": [629971.82, 5219905.85]}, "properties": {"type": "gap", "gap_m": 5.0, "vineyard_id": "V34", "row_id": "V34-R09", "reachable": true, "id": "T1557", "x": 629971.82, "y": 5219905.85, "order": 705, "visited": true}}, {"type": "Feature", "geometry": {"type": "Point", "coordinates": [629968.99, 5219905.01]}, "properties": {"type": "gap", "gap_m": 7.7, "vineyard_id": "V34", "row_id": "V34-R10", "reachable": true, "id": "T1559", "x": 629968.99, "y": 5219905.01, "order": 706, "visited": true}}, {"type": "Feature", "geometry": {"type": "Point", "coordinates": [629946.26, 5219932.74]}, "properties": {"type": "gap", "gap_m": 6.2, "vineyard_id": "V34", "row_id": "V34-R05", "reachable": true, "id": "T1551", "x": 629946.26, "y": 5219932.74, "order": 695, "visited": true}}, {"type": "Feature", "geometry": {"type": "Point", "coordinates": [629925.92, 5219931.67]}, "properties": {"type": "gap", "gap_m": 4.2, "vineyard_id": "V34", "row_id": "V34-R06", "reachable": true, "id": "T1552", "x": 629925.92, "y": 5219931.67, "order": 691, "visited": true}}, {"type": "Feature", "geometry": {"type": "Point", "coordinates": [629933.24, 5219938.33]}, "properties": {"type": "gap", "gap_m": 7.3, "vineyard_id": "V34", "row_id": "V34-R03", "reachable": true, "id": "T1546", "x": 629933.24, "y": 5219938.33, "order": 694, "visited": true}}, {"type": "Feature", "geometry": {"type": "Point", "coordinates": [629934.3, 5219941.9]}, "properties": {"type": "gap", "gap_m": 3.1, "vineyard_id": "V34", "row_id": "V34-R01", "reachable": true, "id": "T1543", "x": 629934.3, "y": 5219941.9, "order": 693, "visited": true}}, {"type": "Feature", "geometry": {"type": "Point", "coordinates": [629929.45, 5219934.45]}, "properties": {"type": "gap", "gap_m": 3.5, "vineyard_id": "V34", "row_id": "V34-R05", "reachable": true, "id": "T1549", "x": 629929.45, "y": 5219934.45, "order": 692, "visited": true}}, {"type": "Feature", "geometry": {"type": "Point", "coordinates": [629931.34, 5219931.1]}, "properties": {"type": "gap", "gap_m": 3.9, "vineyard_id": "V34", "row_id": "V34-R06", "reachable": true, "id": "T1553", "x": 629931.34, "y": 5219931.1, "order": 690, "visited": true}}, {"type": "Feature", "geometry": {"type": "Point", "coordinates": [629933.35, 5219923.5]}, "properties": {"type": "gap", "gap_m": 5.0, "vineyard_id": "V32", "row_id": "V32-R024", "reachable": true, "id": "T1246", "x": 629933.35, "y": 5219923.5, "order": 688, "visited": true}}, {"type": "Feature", "geometry": {"type": "Point", "coordinates": [629938.99, 5219922.92]}, "properties": {"type": "gap", "gap_m": 3.4, "vineyard_id": "V32", "row_id": "V32-R024", "reachable": true, "id": "T1247", "x": 629938.99, "y": 5219922.92, "order": 689, "visited": true}}, {"type": "Feature", "geometry": {"type": "Point", "coordinates": [629947.9, 5219922.01]}, "properties": {"type": "gap", "gap_m": 13.4, "vineyard_id": "V32", "row_id": "V32-R024", "reachable": true, "id": "T1248", "x": 629947.9, "y": 5219922.01, "order": 699, "visited": true}}, {"type": "Feature", "geometry": {"type": "Point", "coordinates": [629951.44, 5219918.19]}, "properties": {"type": "gap", "gap_m": 12.2, "vineyard_id": "V32", "row_id": "V32-R028", "reachable": true, "id": "T1258", "x": 629951.44, "y": 5219918.19, "order": 700, "visited": true}}, {"type": "Feature", "geometry": {"type": "Point", "coordinates": [629952.56, 5219914.42]}, "properties": {"type": "gap", "gap_m": 9.8, "vineyard_id": "V32", "row_id": "V32-R034", "reachable": true, "id": "T1268", "x": 629952.56, "y": 5219914.42, "order": 716, "visited": true}}, {"type": "Feature", "geometry": {"type": "Point", "coordinates": [629953.94, 5219910.6]}, "properties": {"type": "gap", "gap_m": 7.4, "vineyard_id": "V32", "row_id": "V32-R041", "reachable": true, "id": "T1277", "x": 629953.94, "y": 5219910.6, "order": 715, "visited": true}}, {"type": "Feature", "geometry": {"type": "Point", "coordinates": [629955.05, 5219905.52]}, "properties": {"type": "gap", "gap_m": 12.1, "vineyard_id": "V32", "row_id": "V32-R048", "reachable": true, "id": "T1291", "x": 629955.05, "y": 5219905.52, "order": 707, "visited": true}}, {"type": "Feature", "geometry": {"type": "Point", "coordinates": [629948.03, 5219902.08]}, "properties": {"type": "gap", "gap_m": 3.8, "vineyard_id": "V32", "row_id": "V32-R059", "reachable": true, "id": "T1307", "x": 629948.03, "y": 5219902.08, "order": 708, "visited": true}}, {"type": "Feature", "geometry": {"type": "Point", "coordinates": [629938.88, 5219903.0]}, "properties": {"type": "gap", "gap_m": 3.5, "vineyard_id": "V32", "row_id": "V32-R059", "reachable": true, "id": "T1306", "x": 629938.88, "y": 5219903.0, "order": 709, "visited": true}}, {"type": "Feature", "geometry": {"type": "Point", "coordinates": [629936.86, 5219907.35]}, "properties": {"type": "gap", "gap_m": 7.7, "vineyard_id": "V32", "row_id": "V32-R048", "reachable": true, "id": "T1290", "x": 629936.86, "y": 5219907.35, "order": 710, "visited": true}}, {"type": "Feature", "geometry": {"type": "Point", "coordinates": [629926.25, 5219908.42]}, "properties": {"type": "gap", "gap_m": 4.5, "vineyard_id": "V32", "row_id": "V32-R048", "reachable": true, "id": "T1289", "x": 629926.25, "y": 5219908.42, "order": 711, "visited": true}}, {"type": "Feature", "geometry": {"type": "Point", "coordinates": [629927.74, 5219913.28]}, "properties": {"type": "gap", "gap_m": 6.6, "vineyard_id": "V32", "row_id": "V32-R041", "reachable": true, "id": "T1275", "x": 629927.74, "y": 5219913.28, "order": 712, "visited": true}}, {"type": "Feature", "geometry": {"type": "Point", "coordinates": [629935.17, 5219912.52]}, "properties": {"type": "gap", "gap_m": 4.1, "vineyard_id": "V32", "row_id": "V32-R041", "reachable": true, "id": "T1276", "x": 629935.17, "y": 5219912.52, "order": 713, "visited": true}}, {"type": "Feature", "geometry": {"type": "Point", "coordinates": [629939.19, 5219915.83]}, "properties": {"type": "gap", "gap_m": 4.5, "vineyard_id": "V32", "row_id": "V32-R034", "reachable": true, "id": "T1266", "x": 629939.19, "y": 5219915.83, "order": 714, "visited": true}}, {"type": "Feature", "geometry": {"type": "Point", "coordinates": [629944.7, 5219915.25]}, "properties": {"type": "gap", "gap_m": 3.9, "vineyard_id": "V32", "row_id": "V32-R034", "reachable": true, "id": "T1267", "x": 629944.7, "y": 5219915.25, "order": 717, "visited": true}}, {"type": "Feature", "geometry": {"type": "Point", "coordinates": [629942.4, 5219919.11]}, "properties": {"type": "gap", "gap_m": 4.2, "vineyard_id": "V32", "row_id": "V32-R028", "reachable": true, "id": "T1257", "x": 629942.4, "y": 5219919.11, "order": 718, "visited": true}}, {"type": "Feature", "geometry": {"type": "Point", "coordinates": [629930.17, 5219920.34]}, "properties": {"type": "gap", "gap_m": 5.3, "vineyard_id": "V32", "row_id": "V32-R028", "reachable": true, "id": "T1256", "x": 629930.17, "y": 5219920.34, "order": 720, "visited": true}}, {"type": "Feature", "geometry": {"type": "Point", "coordinates": [629930.72, 5219916.71]}, "properties": {"type": "gap", "gap_m": 8.0, "vineyard_id": "V32", "row_id": "V32-R034", "reachable": true, "id": "T1265", "x": 629930.72, "y": 5219916.71, "order": 719, "visited": true}}, {"type": "Feature", "geometry": {"type": "Point", "coordinates": [629936.3, 5219933.76]}, "properties": {"type": "gap", "gap_m": 6.1, "vineyard_id": "V34", "row_id": "V34-R05", "reachable": true, "id": "T1550", "x": 629936.3, "y": 5219933.76, "order": 696, "visited": true}}, {"type": "Feature", "geometry": {"type": "Point", "coordinates": [629941.25, 5219930.05]}, "properties": {"type": "gap", "gap_m": 14.3, "vineyard_id": "V34", "row_id": "V34-R06", "reachable": true, "id": "T1554", "x": 629941.25, "y": 5219930.05, "order": 697, "visited": true}}, {"type": "Feature", "geometry": {"type": "Point", "coordinates": [629941.44, 5219926.33]}, "properties": {"type": "gap", "gap_m": 19.9, "vineyard_id": "V32", "row_id": "V32-R017", "reachable": true, "id": "T1234", "x": 629941.44, "y": 5219926.33, "order": 698, "visited": true}}, {"type": "Feature", "geometry": {"type": "Point", "coordinates": [629926.93, 5219924.15]}, "properties": {"type": "gap", "gap_m": 6.3, "vineyard_id": "V32", "row_id": "V32-R024", "reachable": true, "id": "T1245", "x": 629926.93, "y": 5219924.15, "order": 687, "visited": true}}, {"type": "Feature", "geometry": {"type": "Point", "coordinates": [629919.75, 5219928.55]}, "properties": {"type": "gap", "gap_m": 4.0, "vineyard_id": "V32", "row_id": "V32-R017", "reachable": true, "id": "T1233", "x": 629919.75, "y": 5219928.55, "order": 686, "visited": true}}, {"type": "Feature", "geometry": {"type": "Point", "coordinates": [629924.2, 5219920.94]}, "properties": {"type": "gap", "gap_m": 5.5, "vineyard_id": "V32", "row_id": "V32-R028", "reachable": true, "id": "T1255", "x": 629924.2, "y": 5219920.94, "order": 721, "visited": true}}, {"type": "Feature", "geometry": {"type": "Point", "coordinates": [629899.49, 5219922.23]}, "properties": {"type": "gap", "gap_m": 3.2, "vineyard_id": "V32", "row_id": "V32-R095", "reachable": true, "id": "T1341", "x": 629899.49, "y": 5219922.23, "order": 685, "visited": true}}, {"type": "Feature", "geometry": {"type": "Point", "coordinates": [629880.9, 5219919.65]}, "properties": {"type": "gap", "gap_m": 3.1, "vineyard_id": "V32", "row_id": "V32-R095", "reachable": true, "id": "T1342", "x": 629880.9, "y": 5219919.65, "order": 684, "visited": true}}, {"type": "Feature", "geometry": {"type": "Point", "coordinates": [629873.56, 5219895.47]}, "properties": {"type": "gap", "gap_m": 6.4, "vineyard_id": "V32", "row_id": "V32-R155", "reachable": true, "id": "T1458", "x": 629873.56, "y": 5219895.47, "order": 990, "visited": true}}, {"type": "Feature", "geometry": {"type": "Point", "coordinates": [629892.23, 5219868.4]}, "properties": {"type": "gap", "gap_m": 20.0, "vineyard_id": "V39", "row_id": "V39-R11", "reachable": true, "id": "T1617", "x": 629892.23, "y": 5219868.4, "order": 739, "visited": true}}, {"type": "Feature", "geometry": {"type": "Point", "coordinates": [629899.12, 5219859.9]}, "properties": {"type": "gap", "gap_m": 26.1, "vineyard_id": "V39", "row_id": "V39-R04", "reachable": true, "id": "T1604", "x": 629899.12, "y": 5219859.9, "order": 984, "visited": true}}, {"type": "Feature", "geometry": {"type": "Point", "coordinates": [629940.97, 5219795.57]}, "properties": {"type": "gap", "gap_m": 8.9, "vineyard_id": "V39", "row_id": "V39-R24", "reachable": true, "id": "T1645", "x": 629940.97, "y": 5219795.57, "order": 740, "visited": true}}, {"type": "Feature", "geometry": {"type": "Point", "coordinates": [629939.59, 5219797.25]}, "properties": {"type": "gap", "gap_m": 10.5, "vineyard_id": "V39", "row_id": "V39-R22", "reachable": true, "id": "T1639", "x": 629939.59, "y": 5219797.25, "order": 740, "visited": true}}, {"type": "Feature", "geometry": {"type": "Point", "coordinates": [629939.31, 5219801.32]}, "properties": {"type": "gap", "gap_m": 13.6, "vineyard_id": "V39", "row_id": "V39-R18", "reachable": true, "id": "T1632", "x": 629939.31, "y": 5219801.32, "order": 878, "visited": true}}, {"type": "Feature", "geometry": {"type": "Point", "coordinates": [629938.67, 5219799.18]}, "properties": {"type": "gap", "gap_m": 12.3, "vineyard_id": "V39", "row_id": "V39-R20", "reachable": true, "id": "T1636", "x": 629938.67, "y": 5219799.18, "order": 878, "visited": true}}, {"type": "Feature", "geometry": {"type": "Point", "coordinates": [629931.93, 5219805.52]}, "properties": {"type": "gap", "gap_m": 5.2, "vineyard_id": "V39", "row_id": "V39-R12", "reachable": true, "id": "T1621", "x": 629931.93, "y": 5219805.52, "order": 889, "visited": true}}, {"type": "Feature", "geometry": {"type": "Point", "coordinates": [629942.36, 5219803.71]}, "properties": {"type": "gap", "gap_m": 22.8, "vineyard_id": "V39", "row_id": "V39-R16", "reachable": true, "id": "T1628", "x": 629942.36, "y": 5219803.71, "order": 890, "visited": true}}, {"type": "Feature", "geometry": {"type": "Point", "coordinates": [629943.47, 5219806.45]}, "properties": {"type": "gap", "gap_m": 16.7, "vineyard_id": "V39", "row_id": "V39-R12", "reachable": true, "id": "T1620", "x": 629943.47, "y": 5219806.45, "order": 879, "visited": true}}, {"type": "Feature", "geometry": {"type": "Point", "coordinates": [629939.34, 5219808.06]}, "properties": {"type": "gap", "gap_m": 22.2, "vineyard_id": "V39", "row_id": "V39-R09", "reachable": true, "id": "T1615", "x": 629939.34, "y": 5219808.06, "order": 880, "visited": true}}, {"type": "Feature", "geometry": {"type": "Point", "coordinates": [629940.22, 5219810.59]}, "properties": {"type": "gap", "gap_m": 16.9, "vineyard_id": "V39", "row_id": "V39-R07", "reachable": true, "id": "T1611", "x": 629940.22, "y": 5219810.59, "order": 881, "visited": true}}, {"type": "Feature", "geometry": {"type": "Point", "coordinates": [629943.05, 5219813.08]}, "properties": {"type": "gap", "gap_m": 8.4, "vineyard_id": "V39", "row_id": "V39-R05", "reachable": true, "id": "T1606", "x": 629943.05, "y": 5219813.08, "order": 888, "visited": true}}, {"type": "Feature", "geometry": {"type": "Point", "coordinates": [629940.64, 5219815.53]}, "properties": {"type": "gap", "gap_m": 9.0, "vineyard_id": "V39", "row_id": "V39-R02", "reachable": true, "id": "T1596", "x": 629940.64, "y": 5219815.53, "order": 887, "visited": true}}, {"type": "Feature", "geometry": {"type": "Point", "coordinates": [629939.25, 5219817.92]}, "properties": {"type": "gap", "gap_m": 7.6, "vineyard_id": "V39", "row_id": "V39-R01", "reachable": true, "id": "T1592", "x": 629939.25, "y": 5219817.92, "order": 886, "visited": true}}, {"type": "Feature", "geometry": {"type": "Point", "coordinates": [629938.71, 5219820.32]}, "properties": {"type": "gap", "gap_m": 12.2, "vineyard_id": "V32", "row_id": "V32-R180", "reachable": true, "id": "T1515", "x": 629938.71, "y": 5219820.32, "order": 902, "visited": true}}, {"type": "Feature", "geometry": {"type": "Point", "coordinates": [629930.73, 5219814.72]}, "properties": {"type": "gap", "gap_m": 6.9, "vineyard_id": "V39", "row_id": "V39-R02", "reachable": true, "id": "T1597", "x": 629930.73, "y": 5219814.72, "order": 885, "visited": true}}, {"type": "Feature", "geometry": {"type": "Point", "coordinates": [629930.06, 5219817.16]}, "properties": {"type": "gap", "gap_m": 6.4, "vineyard_id": "V39", "row_id": "V39-R01", "reachable": true, "id": "T1593", "x": 629930.06, "y": 5219817.16, "order": 885, "visited": true}}, {"type": "Feature", "geometry": {"type": "Point", "coordinates": [629924.59, 5219814.22]}, "properties": {"type": "gap", "gap_m": 3.8, "vineyard_id": "V39", "row_id": "V39-R02", "reachable": true, "id": "T1598", "x": 629924.59, "y": 5219814.22, "order": 884, "visited": true}}, {"type": "Feature", "geometry": {"type": "Point", "coordinates": [629926.69, 5219811.72]}, "properties": {"type": "gap", "gap_m": 3.9, "vineyard_id": "V39", "row_id": "V39-R05", "reachable": true, "id": "T1608", "x": 629926.69, "y": 5219811.72, "order": 883, "visited": true}}, {"type": "Feature", "geometry": {"type": "Point", "coordinates": [629933.95, 5219812.33]}, "properties": {"type": "gap", "gap_m": 7.9, "vineyard_id": "V39", "row_id": "V39-R05", "reachable": true, "id": "T1607", "x": 629933.95, "y": 5219812.33, "order": 882, "visited": true}}, {"type": "Feature", "geometry": {"type": "Point", "coordinates": [629953.92, 5219816.61]}, "properties": {"type": "gap", "gap_m": 3.1, "vineyard_id": "V39", "row_id": "V39-R02", "reachable": true, "id": "T1594", "x": 629953.92, "y": 5219816.61, "order": 900, "visited": true}}, {"type": "Feature", "geometry": {"type": "Point", "coordinates": [629955.89, 5219814.15]}, "properties": {"type": "gap", "gap_m": 10.2, "vineyard_id": "V39", "row_id": "V39-R05", "reachable": true, "id": "T1605", "x": 629955.89, "y": 5219814.15, "order": 897, "visited": true}}, {"type": "Feature", "geometry": {"type": "Point", "coordinates": [629965.18, 5219816.78]}, "properties": {"type": "gap", "gap_m": 3.0, "vineyard_id": "V32", "row_id": "V32-R126", "reachable": true, "id": "T1392", "x": 629965.18, "y": 5219816.78, "order": 898, "visited": true}}, {"type": "Feature", "geometry": {"type": "Point", "coordinates": [629960.8, 5219819.69]}, "properties": {"type": "gap", "gap_m": 6.2, "vineyard_id": "V39", "row_id": "V39-R01", "reachable": true, "id": "T1590", "x": 629960.8, "y": 5219819.69, "order": 899, "visited": true}}, {"type": "Feature", "geometry": {"type": "Point", "coordinates": [629953.94, 5219819.12]}, "properties": {"type": "gap", "gap_m": 6.3, "vineyard_id": "V39", "row_id": "V39-R01", "reachable": true, "id": "T1591", "x": 629953.94, "y": 5219819.12, "order": 900, "visited": true}}, {"type": "Feature", "geometry": {"type": "Point", "coordinates": [629948.73, 5219816.19]}, "properties": {"type": "gap", "gap_m": 6.3, "vineyard_id": "V39", "row_id": "V39-R02", "reachable": true, "id": "T1595", "x": 629948.73, "y": 5219816.19, "order": 901, "visited": true}}, {"type": "Feature", "geometry": {"type": "Point", "coordinates": [629961.15, 5219812.29]}, "properties": {"type": "gap", "gap_m": 3.2, "vineyard_id": "V39", "row_id": "V39-R07", "reachable": true, "id": "T1610", "x": 629961.15, "y": 5219812.29, "order": 896, "visited": true}}, {"type": "Feature", "geometry": {"type": "Point", "coordinates": [629962.73, 5219810.02]}, "properties": {"type": "gap", "gap_m": 3.2, "vineyard_id": "V39", "row_id": "V39-R09", "reachable": true, "id": "T1614", "x": 629962.73, "y": 5219810.02, "order": 895, "visited": true}}, {"type": "Feature", "geometry": {"type": "Point", "coordinates": [629955.6, 5219807.43]}, "properties": {"type": "gap", "gap_m": 6.3, "vineyard_id": "V39", "row_id": "V39-R12", "reachable": true, "id": "T1619", "x": 629955.6, "y": 5219807.43, "order": 894, "visited": true}}, {"type": "Feature", "geometry": {"type": "Point", "coordinates": [629967.66, 5219808.91]}, "properties": {"type": "gap", "gap_m": 3.3, "vineyard_id": "V32", "row_id": "V32-R150", "reachable": true, "id": "T1444", "x": 629967.66, "y": 5219808.91, "order": 893, "visited": true}}, {"type": "Feature", "geometry": {"type": "Point", "coordinates": [629961.11, 5219805.27]}, "properties": {"type": "gap", "gap_m": 6.2, "vineyard_id": "V39", "row_id": "V39-R16", "reachable": true, "id": "T1627", "x": 629961.11, "y": 5219805.27, "order": 892, "visited": true}}, {"type": "Feature", "geometry": {"type": "Point", "coordinates": [629944.15, 5219791.84]}, "properties": {"type": "gap", "gap_m": 7.9, "vineyard_id": "V39", "row_id": "V39-R28", "reachable": true, "id": "T1652", "x": 629944.15, "y": 5219791.84, "order": 742, "visited": true}}, {"type": "Feature", "geometry": {"type": "Point", "coordinates": [629994.2, 5219777.34]}, "properties": {"type": "gap", "gap_m": 4.4, "vineyard_id": "V32", "row_id": "V32-R165", "reachable": true, "id": "T1478", "x": 629994.2, "y": 5219777.34, "order": 846, "visited": true}}, {"type": "Feature", "geometry": {"type": "Point", "coordinates": [630006.93, 5219761.14]}, "properties": {"type": "gap", "gap_m": 4.9, "vineyard_id": "V32", "row_id": "V32-R165", "reachable": true, "id": "T1479", "x": 630006.93, "y": 5219761.14, "order": 845, "visited": true}}, {"type": "Feature", "geometry": {"type": "Point", "coordinates": [630051.18, 5219782.44]}, "properties": {"type": "gap", "gap_m": 3.0, "vineyard_id": "V42", "row_id": "V42-R84", "reachable": true, "id": "T1807", "x": 630051.18, "y": 5219782.44, "order": 787, "visited": true}}, {"type": "Feature", "geometry": {"type": "Point", "coordinates": [630059.71, 5219786.88]}, "properties": {"type": "gap", "gap_m": 8.3, "vineyard_id": "V42", "row_id": "V42-R82", "reachable": true, "id": "T1804", "x": 630059.71, "y": 5219786.88, "order": 786, "visited": true}}, {"type": "Feature", "geometry": {"type": "Point", "coordinates": [630026.05, 5219780.3]}, "properties": {"type": "gap", "gap_m": 3.8, "vineyard_id": "V42", "row_id": "V42-R82", "reachable": true, "id": "T1805", "x": 630026.05, "y": 5219780.3, "order": 788, "visited": true}}, {"type": "Feature", "geometry": {"type": "Point", "coordinates": [630026.65, 5219793.85]}, "properties": {"type": "gap", "gap_m": 6.1, "vineyard_id": "V42", "row_id": "V42-R81", "reachable": true, "id": "T1803", "x": 630026.65, "y": 5219793.85, "order": 843, "visited": true}}, {"type": "Feature", "geometry": {"type": "Point", "coordinates": [630029.37, 5219800.21]}, "properties": {"type": "gap", "gap_m": 4.5, "vineyard_id": "V42", "row_id": "V42-R78", "reachable": true, "id": "T1800", "x": 630029.37, "y": 5219800.21, "order": 841, "visited": true}}, {"type": "Feature", "geometry": {"type": "Point", "coordinates": [630071.95, 5219835.2]}, "properties": {"type": "gap", "gap_m": 6.1, "vineyard_id": "V42", "row_id": "V42-R38", "reachable": true, "id": "T1752", "x": 630071.95, "y": 5219835.2, "order": 795, "visited": true}}, {"type": "Feature", "geometry": {"type": "Point", "coordinates": [630090.79, 5219836.43]}, "properties": {"type": "gap", "gap_m": 6.1, "vineyard_id": "V42", "row_id": "V42-R33", "reachable": true, "id": "T1747", "x": 630090.79, "y": 5219836.43, "order": 796, "visited": true}}, {"type": "Feature", "geometry": {"type": "Point", "coordinates": [630162.74, 5219825.84]}, "properties": {"type": "gap", "gap_m": 4.8, "vineyard_id": "V42", "row_id": "V42-R28", "reachable": true, "id": "T1742", "x": 630162.74, "y": 5219825.84, "order": 803, "visited": true}}, {"type": "Feature", "geometry": {"type": "Point", "coordinates": [630164.1, 5219823.18]}, "properties": {"type": "gap", "gap_m": 4.6, "vineyard_id": "V42", "row_id": "V42-R31", "reachable": true, "id": "T1746", "x": 630164.1, "y": 5219823.18, "order": 804, "visited": true}}, {"type": "Feature", "geometry": {"type": "Point", "coordinates": [630140.87, 5219830.8]}, "properties": {"type": "gap", "gap_m": 3.9, "vineyard_id": "V42", "row_id": "V42-R26", "reachable": true, "id": "T1737", "x": 630140.87, "y": 5219830.8, "order": 802, "visited": true}}, {"type": "Feature", "geometry": {"type": "Point", "coordinates": [630139.71, 5219827.43]}, "properties": {"type": "gap", "gap_m": 3.7, "vineyard_id": "V42", "row_id": "V42-R28", "reachable": true, "id": "T1741", "x": 630139.71, "y": 5219827.43, "order": 801, "visited": true}}, {"type": "Feature", "geometry": {"type": "Point", "coordinates": [630112.52, 5219833.11]}, "properties": {"type": "gap", "gap_m": 5.4, "vineyard_id": "V42", "row_id": "V42-R30", "reachable": true, "id": "T1745", "x": 630112.52, "y": 5219833.11, "order": 800, "visited": true}}, {"type": "Feature", "geometry": {"type": "Point", "coordinates": [630110.27, 5219830.46]}, "properties": {"type": "gap", "gap_m": 4.2, "vineyard_id": "V42", "row_id": "V42-R33", "reachable": true, "id": "T1748", "x": 630110.27, "y": 5219830.46, "order": 799, "visited": true}}, {"type": "Feature", "geometry": {"type": "Point", "coordinates": [630109.88, 5219827.51]}, "properties": {"type": "gap", "gap_m": 4.8, "vineyard_id": "V42", "row_id": "V42-R35", "reachable": true, "id": "T1749", "x": 630109.88, "y": 5219827.51, "order": 797, "visited": true}}, {"type": "Feature", "geometry": {"type": "Point", "coordinates": [630108.34, 5219824.05]}, "properties": {"type": "gap", "gap_m": 4.9, "vineyard_id": "V42", "row_id": "V42-R38", "reachable": true, "id": "T1753", "x": 630108.34, "y": 5219824.05, "order": 798, "visited": true}}, {"type": "Feature", "geometry": {"type": "Point", "coordinates": [630142.85, 5219818.93]}, "properties": {"type": "gap", "gap_m": 3.9, "vineyard_id": "V42", "row_id": "V42-R37", "reachable": true, "id": "T1750", "x": 630142.85, "y": 5219818.93, "order": 805, "visited": true}}, {"type": "Feature", "geometry": {"type": "Point", "coordinates": [630159.09, 5219817.8]}, "properties": {"type": "gap", "gap_m": 3.5, "vineyard_id": "V42", "row_id": "V42-R37", "reachable": true, "id": "T1751", "x": 630159.09, "y": 5219817.8, "order": 806, "visited": true}}, {"type": "Feature", "geometry": {"type": "Point", "coordinates": [630153.52, 5219815.47]}, "properties": {"type": "gap", "gap_m": 4.1, "vineyard_id": "V42", "row_id": "V42-R40", "reachable": true, "id": "T1758", "x": 630153.52, "y": 5219815.47, "order": 807, "visited": true}}, {"type": "Feature", "geometry": {"type": "Point", "coordinates": [630132.12, 5219816.95]}, "properties": {"type": "gap", "gap_m": 3.7, "vineyard_id": "V42", "row_id": "V42-R40", "reachable": true, "id": "T1757", "x": 630132.12, "y": 5219816.95, "order": 808, "visited": true}}, {"type": "Feature", "geometry": {"type": "Point", "coordinates": [630139.25, 5219813.69]}, "properties": {"type": "gap", "gap_m": 3.0, "vineyard_id": "V42", "row_id": "V42-R43", "reachable": true, "id": "T1762", "x": 630139.25, "y": 5219813.69, "order": 809, "visited": true}}, {"type": "Feature", "geometry": {"type": "Point", "coordinates": [630159.82, 5219815.03]}, "properties": {"type": "gap", "gap_m": 5.0, "vineyard_id": "V42", "row_id": "V42-R40", "reachable": true, "id": "T1759", "x": 630159.82, "y": 5219815.03, "order": 810, "visited": true}}, {"type": "Feature", "geometry": {"type": "Point", "coordinates": [630165.53, 5219814.64]}, "properties": {"type": "gap", "gap_m": 4.3, "vineyard_id": "V42", "row_id": "V42-R40", "reachable": true, "id": "T1760", "x": 630165.53, "y": 5219814.64, "order": 811, "visited": true}}, {"type": "Feature", "geometry": {"type": "Point", "coordinates": [630173.34, 5219811.51]}, "properties": {"type": "gap", "gap_m": 8.1, "vineyard_id": "V42", "row_id": "V42-R46", "reachable": true, "id": "T1767", "x": 630173.34, "y": 5219811.51, "order": 812, "visited": true}}, {"type": "Feature", "geometry": {"type": "Point", "coordinates": [630174.39, 5219807.53]}, "properties": {"type": "gap", "gap_m": 8.4, "vineyard_id": "V42", "row_id": "V42-R49", "reachable": true, "id": "T1773", "x": 630174.39, "y": 5219807.53, "order": 813, "visited": true}}, {"type": "Feature", "geometry": {"type": "Point", "coordinates": [630186.92, 5219797.93]}, "properties": {"type": "gap", "gap_m": 4.7, "vineyard_id": "V42", "row_id": "V42-R46", "reachable": true, "id": "T1768", "x": 630186.92, "y": 5219797.93, "order": 815, "visited": true}}, {"type": "Feature", "geometry": {"type": "Point", "coordinates": [630190.0, 5219798.49]}, "properties": {"type": "gap", "gap_m": 3.6, "vineyard_id": "V42", "row_id": "V42-R44", "reachable": true, "id": "T1766", "x": 630190.0, "y": 5219798.49, "order": 816, "visited": true}}, {"type": "Feature", "geometry": {"type": "Point", "coordinates": [630180.5, 5219807.99]}, "properties": {"type": "gap", "gap_m": 5.2, "vineyard_id": "V42", "row_id": "V42-R44", "reachable": true, "id": "T1765", "x": 630180.5, "y": 5219807.99, "order": 817, "visited": true}}, {"type": "Feature", "geometry": {"type": "Point", "coordinates": [630176.14, 5219817.41]}, "properties": {"type": "gap", "gap_m": 4.0, "vineyard_id": "V42", "row_id": "V42-R39", "reachable": true, "id": "T1755", "x": 630176.14, "y": 5219817.41, "order": 818, "visited": true}}, {"type": "Feature", "geometry": {"type": "Point", "coordinates": [630171.67, 5219821.88]}, "properties": {"type": "gap", "gap_m": 3.1, "vineyard_id": "V42", "row_id": "V42-R39", "reachable": true, "id": "T1754", "x": 630171.67, "y": 5219821.88, "order": 819, "visited": true}}, {"type": "Feature", "geometry": {"type": "Point", "coordinates": [630188.28, 5219805.27]}, "properties": {"type": "gap", "gap_m": 4.5, "vineyard_id": "V42", "row_id": "V42-R39", "reachable": true, "id": "T1756", "x": 630188.28, "y": 5219805.27, "order": 820, "visited": true}}, {"type": "Feature", "geometry": {"type": "Point", "coordinates": [630175.56, 5219782.76]}, "properties": {"type": "gap", "gap_m": 5.6, "vineyard_id": "V45", "row_id": "V45-R07", "reachable": true, "id": "T1857", "x": 630175.56, "y": 5219782.76, "order": 822, "visited": true}}, {"type": "Feature", "geometry": {"type": "Point", "coordinates": [630176.97, 5219786.13]}, "properties": {"type": "gap", "gap_m": 3.0, "vineyard_id": "V42", "row_id": "V42-R64", "reachable": true, "id": "T1785", "x": 630176.97, "y": 5219786.13, "order": 821, "visited": true}}, {"type": "Feature", "geometry": {"type": "Point", "coordinates": [630182.14, 5219786.7]}, "properties": {"type": "gap", "gap_m": 3.5, "vineyard_id": "V42", "row_id": "V42-R64", "reachable": true, "id": "T1784", "x": 630182.14, "y": 5219786.7, "order": 823, "visited": true}}, {"type": "Feature", "geometry": {"type": "Point", "coordinates": [630183.81, 5219794.29]}, "properties": {"type": "gap", "gap_m": 8.1, "vineyard_id": "V42", "row_id": "V42-R52", "reachable": true, "id": "T1778", "x": 630183.81, "y": 5219794.29, "order": 824, "visited": true}}, {"type": "Feature", "geometry": {"type": "Point", "coordinates": [630175.24, 5219802.91]}, "properties": {"type": "gap", "gap_m": 3.9, "vineyard_id": "V42", "row_id": "V42-R52", "reachable": true, "id": "T1777", "x": 630175.24, "y": 5219802.91, "order": 814, "visited": true}}, {"type": "Feature", "geometry": {"type": "Point", "coordinates": [630164.21, 5219806.64]}, "properties": {"type": "gap", "gap_m": 6.3, "vineyard_id": "V42", "row_id": "V42-R50", "reachable": true, "id": "T1776", "x": 630164.21, "y": 5219806.64, "order": 826, "visited": true}}, {"type": "Feature", "geometry": {"type": "Point", "coordinates": [630161.86, 5219801.37]}, "properties": {"type": "gap", "gap_m": 7.3, "vineyard_id": "V42", "row_id": "V42-R56", "reachable": true, "id": "T1780", "x": 630161.86, "y": 5219801.37, "order": 827, "visited": true}}, {"type": "Feature", "geometry": {"type": "Point", "coordinates": [630154.35, 5219804.38]}, "properties": {"type": "gap", "gap_m": 3.2, "vineyard_id": "V42", "row_id": "V42-R53", "reachable": true, "id": "T1779", "x": 630154.35, "y": 5219804.38, "order": 828, "visited": true}}, {"type": "Feature", "geometry": {"type": "Point", "coordinates": [630142.37, 5219808.15]}, "properties": {"type": "gap", "gap_m": 7.4, "vineyard_id": "V42", "row_id": "V42-R50", "reachable": true, "id": "T1774", "x": 630142.37, "y": 5219808.15, "order": 829, "visited": true}}, {"type": "Feature", "geometry": {"type": "Point", "coordinates": [630156.76, 5219807.16]}, "properties": {"type": "gap", "gap_m": 7.0, "vineyard_id": "V42", "row_id": "V42-R50", "reachable": true, "id": "T1775", "x": 630156.76, "y": 5219807.16, "order": 825, "visited": true}}, {"type": "Feature", "geometry": {"type": "Point", "coordinates": [630154.55, 5219812.62]}, "properties": {"type": "gap", "gap_m": 3.6, "vineyard_id": "V42", "row_id": "V42-R43", "reachable": true, "id": "T1763", "x": 630154.55, "y": 5219812.62, "order": 830, "visited": true}}, {"type": "Feature", "geometry": {"type": "Point", "coordinates": [630140.6, 5219810.71]}, "properties": {"type": "gap", "gap_m": 6.5, "vineyard_id": "V42", "row_id": "V42-R47", "reachable": true, "id": "T1769", "x": 630140.6, "y": 5219810.71, "order": 831, "visited": true}}, {"type": "Feature", "geometry": {"type": "Point", "coordinates": [630116.05, 5219813.64]}, "properties": {"type": "gap", "gap_m": 3.8, "vineyard_id": "V42", "row_id": "V42-R48", "reachable": true, "id": "T1772", "x": 630116.05, "y": 5219813.64, "order": 832, "visited": true}}, {"type": "Feature", "geometry": {"type": "Point", "coordinates": [630107.6, 5219816.2]}, "properties": {"type": "gap", "gap_m": 8.7, "vineyard_id": "V42", "row_id": "V42-R48", "reachable": true, "id": "T1771", "x": 630107.6, "y": 5219816.2, "order": 833, "visited": true}}, {"type": "Feature", "geometry": {"type": "Point", "coordinates": [630081.49, 5219824.09]}, "properties": {"type": "gap", "gap_m": 3.8, "vineyard_id": "V42", "row_id": "V42-R48", "reachable": true, "id": "T1770", "x": 630081.49, "y": 5219824.09, "order": 834, "visited": true}}, {"type": "Feature", "geometry": {"type": "Point", "coordinates": [630064.22, 5219818.7]}, "properties": {"type": "gap", "gap_m": 5.5, "vineyard_id": "V42", "row_id": "V42-R58", "reachable": true, "id": "T1781", "x": 630064.22, "y": 5219818.7, "order": 835, "visited": true}}, {"type": "Feature", "geometry": {"type": "Point", "coordinates": [630062.95, 5219815.45]}, "properties": {"type": "gap", "gap_m": 6.0, "vineyard_id": "V42", "row_id": "V42-R62", "reachable": true, "id": "T1783", "x": 630062.95, "y": 5219815.45, "order": 836, "visited": true}}, {"type": "Feature", "geometry": {"type": "Point", "coordinates": [630063.48, 5219797.11]}, "properties": {"type": "gap", "gap_m": 6.4, "vineyard_id": "V42", "row_id": "V42-R75", "reachable": true, "id": "T1797", "x": 630063.48, "y": 5219797.11, "order": 838, "visited": true}}, {"type": "Feature", "geometry": {"type": "Point", "coordinates": [630033.91, 5219803.91]}, "properties": {"type": "gap", "gap_m": 8.5, "vineyard_id": "V42", "row_id": "V42-R75", "reachable": true, "id": "T1796", "x": 630033.91, "y": 5219803.91, "order": 839, "visited": true}}, {"type": "Feature", "geometry": {"type": "Point", "coordinates": [630033.0, 5219807.35]}, "properties": {"type": "gap", "gap_m": 5.7, "vineyard_id": "V42", "row_id": "V42-R74", "reachable": true, "id": "T1795", "x": 630033.0, "y": 5219807.35, "order": 790, "visited": true}}, {"type": "Feature", "geometry": {"type": "Point", "coordinates": [630034.0, 5219810.34]}, "properties": {"type": "gap", "gap_m": 7.3, "vineyard_id": "V42", "row_id": "V42-R73", "reachable": true, "id": "T1793", "x": 630034.0, "y": 5219810.34, "order": 837, "visited": true}}, {"type": "Feature", "geometry": {"type": "Point", "coordinates": [630030.99, 5219815.44]}, "properties": {"type": "gap", "gap_m": 14.7, "vineyard_id": "V42", "row_id": "V42-R70", "reachable": true, "id": "T1791", "x": 630030.99, "y": 5219815.44, "order": 792, "visited": true}}, {"type": "Feature", "geometry": {"type": "Point", "coordinates": [630030.72, 5219818.34]}, "properties": {"type": "gap", "gap_m": 17.9, "vineyard_id": "V42", "row_id": "V42-R69", "reachable": true, "id": "T1790", "x": 630030.72, "y": 5219818.34, "order": 793, "visited": true}}, {"type": "Feature", "geometry": {"type": "Point", "coordinates": [630030.53, 5219822.85]}, "properties": {"type": "gap", "gap_m": 25.7, "vineyard_id": "V42", "row_id": "V42-R62", "reachable": true, "id": "T1782", "x": 630030.53, "y": 5219822.85, "order": 794, "visited": true}}, {"type": "Feature", "geometry": {"type": "Point", "coordinates": [630021.16, 5219813.26]}, "properties": {"type": "gap", "gap_m": 8.3, "vineyard_id": "V42", "row_id": "V42-R73", "reachable": true, "id": "T1792", "x": 630021.16, "y": 5219813.26, "order": 791, "visited": true}}, {"type": "Feature", "geometry": {"type": "Point", "coordinates": [630019.73, 5219805.24]}, "properties": {"type": "gap", "gap_m": 3.3, "vineyard_id": "V42", "row_id": "V42-R76", "reachable": true, "id": "T1798", "x": 630019.73, "y": 5219805.24, "order": 789, "visited": true}}, {"type": "Feature", "geometry": {"type": "Point", "coordinates": [630031.23, 5219802.61]}, "properties": {"type": "gap", "gap_m": 4.9, "vineyard_id": "V42", "row_id": "V42-R76", "reachable": true, "id": "T1799", "x": 630031.23, "y": 5219802.61, "order": 840, "visited": true}}, {"type": "Feature", "geometry": {"type": "Point", "coordinates": [630028.27, 5219796.24]}, "properties": {"type": "gap", "gap_m": 5.7, "vineyard_id": "V42", "row_id": "V42-R80", "reachable": true, "id": "T1802", "x": 630028.27, "y": 5219796.24, "order": 842, "visited": true}}, {"type": "Feature", "geometry": {"type": "Point", "coordinates": [630020.98, 5219785.17]}, "properties": {"type": "gap", "gap_m": 7.6, "vineyard_id": "V42", "row_id": "V42-R83", "reachable": true, "id": "T1806", "x": 630020.98, "y": 5219785.17, "order": 844, "visited": true}}, {"type": "Feature", "geometry": {"type": "Point", "coordinates": [630032.07, 5219776.13]}, "properties": {"type": "gap", "gap_m": 6.1, "vineyard_id": "V42", "row_id": "V42-R85", "reachable": true, "id": "T1809", "x": 630032.07, "y": 5219776.13, "order": 785, "visited": true}}, {"type": "Feature", "geometry": {"type": "Point", "coordinates": [630028.56, 5219778.09]}, "properties": {"type": "gap", "gap_m": 5.8, "vineyard_id": "V42", "row_id": "V42-R84", "reachable": true, "id": "T1808", "x": 630028.56, "y": 5219778.09, "order": 784, "visited": true}}, {"type": "Feature", "geometry": {"type": "Point", "coordinates": [630024.19, 5219774.6]}, "properties": {"type": "gap", "gap_m": 6.1, "vineyard_id": "V42", "row_id": "V42-R85", "reachable": true, "id": "T1810", "x": 630024.19, "y": 5219774.6, "order": 783, "visited": true}}, {"type": "Feature", "geometry": {"type": "Point", "coordinates": [630047.05, 5219768.66]}, "properties": {"type": "gap", "gap_m": 6.1, "vineyard_id": "V42", "row_id": "V42-R88", "reachable": true, "id": "T1815", "x": 630047.05, "y": 5219768.66, "order": 782, "visited": true}}, {"type": "Feature", "geometry": {"type": "Point", "coordinates": [630041.51, 5219770.67]}, "properties": {"type": "gap", "gap_m": 8.4, "vineyard_id": "V42", "row_id": "V42-R87", "reachable": true, "id": "T1813", "x": 630041.51, "y": 5219770.67, "order": 781, "visited": true}}, {"type": "Feature", "geometry": {"type": "Point", "coordinates": [630036.45, 5219774.03]}, "properties": {"type": "gap", "gap_m": 6.5, "vineyard_id": "V42", "row_id": "V42-R86", "reachable": true, "id": "T1811", "x": 630036.45, "y": 5219774.03, "order": 780, "visited": true}}, {"type": "Feature", "geometry": {"type": "Point", "coordinates": [630025.21, 5219771.84]}, "properties": {"type": "gap", "gap_m": 11.9, "vineyard_id": "V42", "row_id": "V42-R86", "reachable": true, "id": "T1812", "x": 630025.21, "y": 5219771.84, "order": 779, "visited": true}}, {"type": "Feature", "geometry": {"type": "Point", "coordinates": [630029.91, 5219745.59]}, "properties": {"type": "gap", "gap_m": 3.3, "vineyard_id": "V42", "row_id": "V42-R95", "reachable": true, "id": "T1833", "x": 630029.91, "y": 5219745.59, "order": 767, "visited": true}}, {"type": "Feature", "geometry": {"type": "Point", "coordinates": [630033.52, 5219742.99]}, "properties": {"type": "gap", "gap_m": 3.7, "vineyard_id": "V42", "row_id": "V42-R96", "reachable": true, "id": "T1838", "x": 630033.52, "y": 5219742.99, "order": 765, "visited": true}}, {"type": "Feature", "geometry": {"type": "Point", "coordinates": [630038.92, 5219740.97]}, "properties": {"type": "gap", "gap_m": 7.0, "vineyard_id": "V42", "row_id": "V42-R97", "reachable": true, "id": "T1842", "x": 630038.92, "y": 5219740.97, "order": 763, "visited": true}}, {"type": "Feature", "geometry": {"type": "Point", "coordinates": [630043.38, 5219744.93]}, "properties": {"type": "gap", "gap_m": 11.8, "vineyard_id": "V42", "row_id": "V42-R96", "reachable": true, "id": "T1837", "x": 630043.38, "y": 5219744.93, "order": 764, "visited": true}}, {"type": "Feature", "geometry": {"type": "Point", "coordinates": [630027.38, 5219741.79]}, "properties": {"type": "gap", "gap_m": 3.2, "vineyard_id": "V42", "row_id": "V42-R96", "reachable": true, "id": "T1839", "x": 630027.38, "y": 5219741.79, "order": 762, "visited": true}}, {"type": "Feature", "geometry": {"type": "Point", "coordinates": [630018.54, 5219743.33]}, "properties": {"type": "gap", "gap_m": 3.7, "vineyard_id": "V42", "row_id": "V42-R95", "reachable": true, "id": "T1835", "x": 630018.54, "y": 5219743.33, "order": 760, "visited": true}}, {"type": "Feature", "geometry": {"type": "Point", "coordinates": [630022.01, 5219740.73]}, "properties": {"type": "gap", "gap_m": 4.3, "vineyard_id": "V42", "row_id": "V42-R96", "reachable": true, "id": "T1840", "x": 630022.01, "y": 5219740.73, "order": 761, "visited": true}}, {"type": "Feature", "geometry": {"type": "Point", "coordinates": [630023.93, 5219744.4]}, "properties": {"type": "gap", "gap_m": 4.1, "vineyard_id": "V42", "row_id": "V42-R95", "reachable": true, "id": "T1834", "x": 630023.93, "y": 5219744.4, "order": 766, "visited": true}}, {"type": "Feature", "geometry": {"type": "Point", "coordinates": [630035.03, 5219746.6]}, "properties": {"type": "gap", "gap_m": 3.6, "vineyard_id": "V42", "row_id": "V42-R95", "reachable": true, "id": "T1832", "x": 630035.03, "y": 5219746.6, "order": 768, "visited": true}}, {"type": "Feature", "geometry": {"type": "Point", "coordinates": [630041.9, 5219747.96]}, "properties": {"type": "gap", "gap_m": 4.5, "vineyard_id": "V42", "row_id": "V42-R95", "reachable": true, "id": "T1831", "x": 630041.9, "y": 5219747.96, "order": 769, "visited": true}}, {"type": "Feature", "geometry": {"type": "Point", "coordinates": [630049.92, 5219749.55]}, "properties": {"type": "gap", "gap_m": 5.1, "vineyard_id": "V42", "row_id": "V42-R95", "reachable": true, "id": "T1830", "x": 630049.92, "y": 5219749.55, "order": 770, "visited": true}}, {"type": "Feature", "geometry": {"type": "Point", "coordinates": [630059.28, 5219753.99]}, "properties": {"type": "gap", "gap_m": 5.9, "vineyard_id": "V42", "row_id": "V42-R94", "reachable": true, "id": "T1826", "x": 630059.28, "y": 5219753.99, "order": 771, "visited": true}}, {"type": "Feature", "geometry": {"type": "Point", "coordinates": [630041.41, 5219750.54]}, "properties": {"type": "gap", "gap_m": 10.0, "vineyard_id": "V42", "row_id": "V42-R94", "reachable": true, "id": "T1827", "x": 630041.41, "y": 5219750.54, "order": 772, "visited": true}}, {"type": "Feature", "geometry": {"type": "Point", "coordinates": [630031.69, 5219748.66]}, "properties": {"type": "gap", "gap_m": 4.1, "vineyard_id": "V42", "row_id": "V42-R94", "reachable": true, "id": "T1828", "x": 630031.69, "y": 5219748.66, "order": 773, "visited": true}}, {"type": "Feature", "geometry": {"type": "Point", "coordinates": [630028.57, 5219751.34]}, "properties": {"type": "gap", "gap_m": 3.7, "vineyard_id": "V42", "row_id": "V42-R91", "reachable": true, "id": "T1821", "x": 630028.57, "y": 5219751.34, "order": 774, "visited": true}}, {"type": "Feature", "geometry": {"type": "Point", "coordinates": [630026.84, 5219747.73]}, "properties": {"type": "gap", "gap_m": 4.3, "vineyard_id": "V42", "row_id": "V42-R94", "reachable": true, "id": "T1829", "x": 630026.84, "y": 5219747.73, "order": 775, "visited": true}}, {"type": "Feature", "geometry": {"type": "Point", "coordinates": [630010.11, 5219752.21]}, "properties": {"type": "gap", "gap_m": 3.1, "vineyard_id": "V32", "row_id": "V32-R170", "reachable": true, "id": "T1492", "x": 630010.11, "y": 5219752.21, "order": 776, "visited": true}}, {"type": "Feature", "geometry": {"type": "Point", "coordinates": [630009.44, 5219748.07]}, "properties": {"type": "gap", "gap_m": 7.1, "vineyard_id": "V32", "row_id": "V32-R175", "reachable": true, "id": "T1508", "x": 630009.44, "y": 5219748.07, "order": 759, "visited": true}}, {"type": "Feature", "geometry": {"type": "Point", "coordinates": [630001.55, 5219748.74]}, "properties": {"type": "gap", "gap_m": 4.3, "vineyard_id": "V32", "row_id": "V32-R182", "reachable": true, "id": "T1519", "x": 630001.55, "y": 5219748.74, "order": 756, "visited": true}}, {"type": "Feature", "geometry": {"type": "Point", "coordinates": [629999.74, 5219746.33]}, "properties": {"type": "gap", "gap_m": 3.9, "vineyard_id": "V42", "row_id": "V42-R92", "reachable": true, "id": "T1823", "x": 629999.74, "y": 5219746.33, "order": 755, "visited": true}}, {"type": "Feature", "geometry": {"type": "Point", "coordinates": [629977.25, 5219753.42]}, "properties": {"type": "gap", "gap_m": 17.2, "vineyard_id": "V39", "row_id": "V39-R17", "reachable": true, "id": "T1630", "x": 629977.25, "y": 5219753.42, "order": 748, "visited": true}}, {"type": "Feature", "geometry": {"type": "Point", "coordinates": [629973.92, 5219761.84]}, "properties": {"type": "gap", "gap_m": 14.9, "vineyard_id": "V39", "row_id": "V39-R13", "reachable": true, "id": "T1622", "x": 629973.92, "y": 5219761.84, "order": 749, "visited": true}}, {"type": "Feature", "geometry": {"type": "Point", "coordinates": [629978.23, 5219760.26]}, "properties": {"type": "gap", "gap_m": 5.5, "vineyard_id": "V39", "row_id": "V39-R08", "reachable": true, "id": "T1612", "x": 629978.23, "y": 5219760.26, "order": 750, "visited": true}}, {"type": "Feature", "geometry": {"type": "Point", "coordinates": [629980.86, 5219752.89]}, "properties": {"type": "gap", "gap_m": 6.7, "vineyard_id": "V39", "row_id": "V39-R13", "reachable": true, "id": "T1623", "x": 629980.86, "y": 5219752.89, "order": 751, "visited": true}}, {"type": "Feature", "geometry": {"type": "Point", "coordinates": [629987.08, 5219749.0]}, "properties": {"type": "gap", "gap_m": 18.0, "vineyard_id": "V39", "row_id": "V39-R08", "reachable": true, "id": "T1613", "x": 629987.08, "y": 5219749.0, "order": 752, "visited": true}}, {"type": "Feature", "geometry": {"type": "Point", "coordinates": [629987.83, 5219743.89]}, "properties": {"type": "gap", "gap_m": 5.1, "vineyard_id": "V39", "row_id": "V39-R13", "reachable": true, "id": "T1624", "x": 629987.83, "y": 5219743.89, "order": 753, "visited": true}}, {"type": "Feature", "geometry": {"type": "Point", "coordinates": [629993.75, 5219745.26]}, "properties": {"type": "gap", "gap_m": 3.2, "vineyard_id": "V39", "row_id": "V39-R03", "reachable": true, "id": "T1601", "x": 629993.75, "y": 5219745.26, "order": 747, "visited": true}}, {"type": "Feature", "geometry": {"type": "Point", "coordinates": [629998.11, 5219743.87]}, "properties": {"type": "gap", "gap_m": 3.9, "vineyard_id": "V42", "row_id": "V42-R93", "reachable": true, "id": "T1825", "x": 629998.11, "y": 5219743.87, "order": 754, "visited": true}}, {"type": "Feature", "geometry": {"type": "Point", "coordinates": [629995.34, 5219747.39]}, "properties": {"type": "gap", "gap_m": 3.9, "vineyard_id": "V42", "row_id": "V42-R93", "reachable": true, "id": "T1824", "x": 629995.34, "y": 5219747.39, "order": 746, "visited": true}}, {"type": "Feature", "geometry": {"type": "Point", "coordinates": [629983.36, 5219758.43]}, "properties": {"type": "gap", "gap_m": 16.8, "vineyard_id": "V39", "row_id": "V39-R03", "reachable": true, "id": "T1600", "x": 629983.36, "y": 5219758.43, "order": 744, "visited": true}}, {"type": "Feature", "geometry": {"type": "Point", "coordinates": [629988.95, 5219760.13]}, "properties": {"type": "gap", "gap_m": 26.4, "vineyard_id": "V42", "row_id": "V42-R92", "reachable": true, "id": "T1822", "x": 629988.95, "y": 5219760.13, "order": 745, "visited": true}}, {"type": "Feature", "geometry": {"type": "Point", "coordinates": [630003.2, 5219751.28]}, "properties": {"type": "gap", "gap_m": 5.0, "vineyard_id": "V32", "row_id": "V32-R179", "reachable": true, "id": "T1512", "x": 630003.2, "y": 5219751.28, "order": 757, "visited": true}}, {"type": "Feature", "geometry": {"type": "Point", "coordinates": [630004.87, 5219753.93]}, "properties": {"type": "gap", "gap_m": 5.5, "vineyard_id": "V32", "row_id": "V32-R175", "reachable": true, "id": "T1507", "x": 630004.87, "y": 5219753.93, "order": 758, "visited": true}}, {"type": "Feature", "geometry": {"type": "Point", "coordinates": [630006.22, 5219757.18]}, "properties": {"type": "gap", "gap_m": 7.2, "vineyard_id": "V32", "row_id": "V32-R170", "reachable": true, "id": "T1491", "x": 630006.22, "y": 5219757.18, "order": 777, "visited": true}}, {"type": "Feature", "geometry": {"type": "Point", "coordinates": [630009.0, 5219763.64]}, "properties": {"type": "gap", "gap_m": 4.4, "vineyard_id": "V32", "row_id": "V32-R159", "reachable": true, "id": "T1466", "x": 630009.0, "y": 5219763.64, "order": 778, "visited": true}}, {"type": "Feature", "geometry": {"type": "Point", "coordinates": [630002.81, 5219820.42]}, "properties": {"type": "gap", "gap_m": 8.7, "vineyard_id": "V32", "row_id": "V32-R076", "reachable": true, "id": "T1322", "x": 630002.81, "y": 5219820.42, "order": 852, "visited": true}}, {"type": "Feature", "geometry": {"type": "Point", "coordinates": [629999.07, 5219825.51]}, "properties": {"type": "gap", "gap_m": 9.0, "vineyard_id": "V32", "row_id": "V32-R088", "reachable": true, "id": "T1333", "x": 629999.07, "y": 5219825.51, "order": 851, "visited": true}}, {"type": "Feature", "geometry": {"type": "Point", "coordinates": [629996.14, 5219831.74]}, "properties": {"type": "gap", "gap_m": 6.1, "vineyard_id": "V32", "row_id": "V32-R087", "reachable": true, "id": "T1330", "x": 629996.14, "y": 5219831.74, "order": 850, "visited": true}}, {"type": "Feature", "geometry": {"type": "Point", "coordinates": [629992.31, 5219800.14]}, "properties": {"type": "gap", "gap_m": 4.8, "vineyard_id": "V32", "row_id": "V32-R087", "reachable": true, "id": "T1332", "x": 629992.31, "y": 5219800.14, "order": 849, "visited": true}}, {"type": "Feature", "geometry": {"type": "Point", "coordinates": [629995.36, 5219796.09]}, "properties": {"type": "gap", "gap_m": 3.5, "vineyard_id": "V32", "row_id": "V32-R088", "reachable": true, "id": "T1334", "x": 629995.36, "y": 5219796.09, "order": 848, "visited": true}}, {"type": "Feature", "geometry": {"type": "Point", "coordinates": [629996.23, 5219779.95]}, "properties": {"type": "gap", "gap_m": 10.1, "vineyard_id": "V32", "row_id": "V32-R159", "reachable": true, "id": "T1465", "x": 629996.23, "y": 5219779.95, "order": 847, "visited": true}}, {"type": "Feature", "geometry": {"type": "Point", "coordinates": [629988.13, 5219805.44]}, "properties": {"type": "gap", "gap_m": 6.0, "vineyard_id": "V32", "row_id": "V32-R094", "reachable": true, "id": "T1339", "x": 629988.13, "y": 5219805.44, "order": 853, "visited": true}}, {"type": "Feature", "geometry": {"type": "Point", "coordinates": [629989.88, 5219804.21]}, "properties": {"type": "gap", "gap_m": 4.2, "vineyard_id": "V32", "row_id": "V32-R092", "reachable": true, "id": "T1338", "x": 629989.88, "y": 5219804.21, "order": 853, "visited": true}}, {"type": "Feature", "geometry": {"type": "Point", "coordinates": [629987.32, 5219798.91]}, "properties": {"type": "gap", "gap_m": 3.4, "vineyard_id": "V32", "row_id": "V32-R094", "reachable": true, "id": "T1340", "x": 629987.32, "y": 5219798.91, "order": 854, "visited": true}}, {"type": "Feature", "geometry": {"type": "Point", "coordinates": [629984.31, 5219797.39]}, "properties": {"type": "gap", "gap_m": 5.2, "vineyard_id": "V32", "row_id": "V32-R100", "reachable": true, "id": "T1352", "x": 629984.31, "y": 5219797.39, "order": 855, "visited": true}}, {"type": "Feature", "geometry": {"type": "Point", "coordinates": [629980.45, 5219792.27]}, "properties": {"type": "gap", "gap_m": 3.1, "vineyard_id": "V32", "row_id": "V32-R114", "reachable": true, "id": "T1373", "x": 629980.45, "y": 5219792.27, "order": 856, "visited": true}}, {"type": "Feature", "geometry": {"type": "Point", "coordinates": [629982.97, 5219812.73]}, "properties": {"type": "gap", "gap_m": 4.6, "vineyard_id": "V32", "row_id": "V32-R114", "reachable": true, "id": "T1372", "x": 629982.97, "y": 5219812.73, "order": 857, "visited": true}}, {"type": "Feature", "geometry": {"type": "Point", "coordinates": [629980.42, 5219816.52]}, "properties": {"type": "gap", "gap_m": 3.9, "vineyard_id": "V32", "row_id": "V32-R121", "reachable": true, "id": "T1383", "x": 629980.42, "y": 5219816.52, "order": 858, "visited": true}}, {"type": "Feature", "geometry": {"type": "Point", "coordinates": [629974.57, 5219804.83]}, "properties": {"type": "gap", "gap_m": 3.0, "vineyard_id": "V32", "row_id": "V32-R136", "reachable": true, "id": "T1406", "x": 629974.57, "y": 5219804.83, "order": 859, "visited": true}}, {"type": "Feature", "geometry": {"type": "Point", "coordinates": [629978.35, 5219799.51]}, "properties": {"type": "gap", "gap_m": 3.1, "vineyard_id": "V32", "row_id": "V32-R121", "reachable": true, "id": "T1384", "x": 629978.35, "y": 5219799.51, "order": 861, "visited": true}}, {"type": "Feature", "geometry": {"type": "Point", "coordinates": [629974.06, 5219800.73]}, "properties": {"type": "gap", "gap_m": 3.6, "vineyard_id": "V32", "row_id": "V32-R136", "reachable": true, "id": "T1407", "x": 629974.06, "y": 5219800.73, "order": 860, "visited": true}}, {"type": "Feature", "geometry": {"type": "Point", "coordinates": [629973.53, 5219796.41]}, "properties": {"type": "gap", "gap_m": 3.0, "vineyard_id": "V32", "row_id": "V32-R136", "reachable": true, "id": "T1408", "x": 629973.53, "y": 5219796.41, "order": 862, "visited": true}}, {"type": "Feature", "geometry": {"type": "Point", "coordinates": [629977.4, 5219791.64]}, "properties": {"type": "gap", "gap_m": 3.3, "vineyard_id": "V32", "row_id": "V32-R121", "reachable": true, "id": "T1385", "x": 629977.4, "y": 5219791.64, "order": 863, "visited": true}}, {"type": "Feature", "geometry": {"type": "Point", "coordinates": [629970.26, 5219791.18]}, "properties": {"type": "gap", "gap_m": 3.7, "vineyard_id": "V32", "row_id": "V32-R141", "reachable": true, "id": "T1425", "x": 629970.26, "y": 5219791.18, "order": 865, "visited": true}}, {"type": "Feature", "geometry": {"type": "Point", "coordinates": [629973.03, 5219792.3]}, "properties": {"type": "gap", "gap_m": 3.2, "vineyard_id": "V32", "row_id": "V32-R136", "reachable": true, "id": "T1409", "x": 629973.03, "y": 5219792.3, "order": 864, "visited": true}}, {"type": "Feature", "geometry": {"type": "Point", "coordinates": [629970.77, 5219795.36]}, "properties": {"type": "gap", "gap_m": 3.3, "vineyard_id": "V32", "row_id": "V32-R141", "reachable": true, "id": "T1424", "x": 629970.77, "y": 5219795.36, "order": 866, "visited": true}}, {"type": "Feature", "geometry": {"type": "Point", "coordinates": [629971.26, 5219799.34]}, "properties": {"type": "gap", "gap_m": 3.5, "vineyard_id": "V32", "row_id": "V32-R141", "reachable": true, "id": "T1423", "x": 629971.26, "y": 5219799.34, "order": 867, "visited": true}}, {"type": "Feature", "geometry": {"type": "Point", "coordinates": [629971.77, 5219803.44]}, "properties": {"type": "gap", "gap_m": 3.2, "vineyard_id": "V32", "row_id": "V32-R141", "reachable": true, "id": "T1422", "x": 629971.77, "y": 5219803.44, "order": 868, "visited": true}}, {"type": "Feature", "geometry": {"type": "Point", "coordinates": [629974.07, 5219822.02]}, "properties": {"type": "gap", "gap_m": 5.6, "vineyard_id": "V32", "row_id": "V32-R141", "reachable": true, "id": "T1421", "x": 629974.07, "y": 5219822.02, "order": 869, "visited": true}}, {"type": "Feature", "geometry": {"type": "Point", "coordinates": [629969.87, 5219826.9]}, "properties": {"type": "gap", "gap_m": 5.1, "vineyard_id": "V32", "row_id": "V32-R150", "reachable": true, "id": "T1443", "x": 629969.87, "y": 5219826.9, "order": 870, "visited": true}}, {"type": "Feature", "geometry": {"type": "Point", "coordinates": [629967.13, 5219804.61]}, "properties": {"type": "gap", "gap_m": 3.3, "vineyard_id": "V32", "row_id": "V32-R150", "reachable": true, "id": "T1445", "x": 629967.13, "y": 5219804.61, "order": 871, "visited": true}}, {"type": "Feature", "geometry": {"type": "Point", "coordinates": [629966.66, 5219800.74]}, "properties": {"type": "gap", "gap_m": 3.4, "vineyard_id": "V32", "row_id": "V32-R150", "reachable": true, "id": "T1446", "x": 629966.66, "y": 5219800.74, "order": 872, "visited": true}}, {"type": "Feature", "geometry": {"type": "Point", "coordinates": [629966.14, 5219796.5]}, "properties": {"type": "gap", "gap_m": 3.4, "vineyard_id": "V32", "row_id": "V32-R150", "reachable": true, "id": "T1447", "x": 629966.14, "y": 5219796.5, "order": 873, "visited": true}}, {"type": "Feature", "geometry": {"type": "Point", "coordinates": [629965.65, 5219792.53]}, "properties": {"type": "gap", "gap_m": 3.3, "vineyard_id": "V32", "row_id": "V32-R150", "reachable": true, "id": "T1448", "x": 629965.65, "y": 5219792.53, "order": 874, "visited": true}}, {"type": "Feature", "geometry": {"type": "Point", "coordinates": [629957.49, 5219789.64]}, "properties": {"type": "gap", "gap_m": 7.9, "vineyard_id": "V39", "row_id": "V39-R06", "reachable": true, "id": "T1609", "x": 629957.49, "y": 5219789.64, "order": 743, "visited": true}}, {"type": "Feature", "geometry": {"type": "Point", "coordinates": [629956.7, 5219792.89]}, "properties": {"type": "gap", "gap_m": 4.6, "vineyard_id": "V39", "row_id": "V39-R28", "reachable": true, "id": "T1651", "x": 629956.7, "y": 5219792.89, "order": 741, "visited": true}}, {"type": "Feature", "geometry": {"type": "Point", "coordinates": [629955.94, 5219796.79]}, "properties": {"type": "gap", "gap_m": 14.9, "vineyard_id": "V39", "row_id": "V39-R24", "reachable": true, "id": "T1644", "x": 629955.94, "y": 5219796.79, "order": 875, "visited": true}}, {"type": "Feature", "geometry": {"type": "Point", "coordinates": [629954.71, 5219798.46]}, "properties": {"type": "gap", "gap_m": 14.8, "vineyard_id": "V39", "row_id": "V39-R22", "reachable": true, "id": "T1638", "x": 629954.71, "y": 5219798.46, "order": 876, "visited": true}}, {"type": "Feature", "geometry": {"type": "Point", "coordinates": [629951.15, 5219800.21]}, "properties": {"type": "gap", "gap_m": 11.6, "vineyard_id": "V39", "row_id": "V39-R20", "reachable": true, "id": "T1635", "x": 629951.15, "y": 5219800.21, "order": 877, "visited": true}}, {"type": "Feature", "geometry": {"type": "Point", "coordinates": [629951.27, 5219802.33]}, "properties": {"type": "gap", "gap_m": 8.3, "vineyard_id": "V39", "row_id": "V39-R18", "reachable": true, "id": "T1631", "x": 629951.27, "y": 5219802.33, "order": 891, "visited": true}}, {"type": "Feature", "geometry": {"type": "Point", "coordinates": [629891.27, 5219858.38]}, "properties": {"type": "gap", "gap_m": 12.8, "vineyard_id": "V39", "row_id": "V39-R15", "reachable": true, "id": "T1626", "x": 629891.27, "y": 5219858.38, "order": 738, "visited": true}}, {"type": "Feature", "geometry": {"type": "Point", "coordinates": [629892.71, 5219822.97]}, "properties": {"type": "gap", "gap_m": 3.5, "vineyard_id": "V39", "row_id": "V39-R54", "reachable": true, "id": "T1687", "x": 629892.71, "y": 5219822.97, "order": 736, "visited": true}}, {"type": "Feature", "geometry": {"type": "Point", "coordinates": [629890.01, 5219821.45]}, "properties": {"type": "gap", "gap_m": 5.4, "vineyard_id": "V39", "row_id": "V39-R58", "reachable": true, "id": "T1693", "x": 629890.01, "y": 5219821.45, "order": 735, "visited": true}}, {"type": "Feature", "geometry": {"type": "Point", "coordinates": [629887.33, 5219822.85]}, "properties": {"type": "gap", "gap_m": 3.0, "vineyard_id": "V39", "row_id": "V39-R60", "reachable": true, "id": "T1699", "x": 629887.33, "y": 5219822.85, "order": 734, "visited": true}}, {"type": "Feature", "geometry": {"type": "Point", "coordinates": [629887.77, 5219827.87]}, "properties": {"type": "gap", "gap_m": 5.6, "vineyard_id": "V39", "row_id": "V39-R60", "reachable": true, "id": "T1698", "x": 629887.77, "y": 5219827.87, "order": 733, "visited": true}}, {"type": "Feature", "geometry": {"type": "Point", "coordinates": [629885.08, 5219829.2]}, "properties": {"type": "gap", "gap_m": 5.0, "vineyard_id": "V39", "row_id": "V39-R63", "reachable": true, "id": "T1703", "x": 629885.08, "y": 5219829.2, "order": 732, "visited": true}}, {"type": "Feature", "geometry": {"type": "Point", "coordinates": [629884.19, 5219818.94]}, "properties": {"type": "gap", "gap_m": 3.4, "vineyard_id": "V39", "row_id": "V39-R63", "reachable": true, "id": "T1704", "x": 629884.19, "y": 5219818.94, "order": 731, "visited": true}}, {"type": "Feature", "geometry": {"type": "Point", "coordinates": [629882.38, 5219830.81]}, "properties": {"type": "gap", "gap_m": 3.7, "vineyard_id": "V39", "row_id": "V39-R65", "reachable": true, "id": "T1707", "x": 629882.38, "y": 5219830.81, "order": 730, "visited": true}}, {"type": "Feature", "geometry": {"type": "Point", "coordinates": [629884.11, 5219850.07]}, "properties": {"type": "gap", "gap_m": 5.2, "vineyard_id": "V39", "row_id": "V39-R26", "reachable": true, "id": "T1648", "x": 629884.11, "y": 5219850.07, "order": 729, "visited": true}}, {"type": "Feature", "geometry": {"type": "Point", "coordinates": [629881.71, 5219850.58]}, "properties": {"type": "gap", "gap_m": 3.2, "vineyard_id": "V39", "row_id": "V39-R29", "reachable": true, "id": "T1655", "x": 629881.71, "y": 5219850.58, "order": 729, "visited": true}}, {"type": "Feature", "geometry": {"type": "Point", "coordinates": [629878.79, 5219874.51]}, "properties": {"type": "gap", "gap_m": 14.5, "vineyard_id": "V39", "row_id": "V39-R29", "reachable": true, "id": "T1654", "x": 629878.79, "y": 5219874.51, "order": 728, "visited": true}}, {"type": "Feature", "geometry": {"type": "Point", "coordinates": [629894.02, 5219853.73]}, "properties": {"type": "gap", "gap_m": 6.5, "vineyard_id": "V39", "row_id": "V39-R11", "reachable": true, "id": "T1618", "x": 629894.02, "y": 5219853.73, "order": 737, "visited": true}}, {"type": "Feature", "geometry": {"type": "Point", "coordinates": [629900.9, 5219884.49]}, "properties": {"type": "gap", "gap_m": 3.3, "vineyard_id": "V32", "row_id": "V32-R173", "reachable": true, "id": "T1499", "x": 629900.9, "y": 5219884.49, "order": 981, "visited": true}}, {"type": "Feature", "geometry": {"type": "Point", "coordinates": [629901.53, 5219879.36]}, "properties": {"type": "gap", "gap_m": 5.6, "vineyard_id": "V32", "row_id": "V32-R173", "reachable": true, "id": "T1500", "x": 629901.53, "y": 5219879.36, "order": 982, "visited": true}}, {"type": "Feature", "geometry": {"type": "Point", "coordinates": [629902.32, 5219872.99]}, "properties": {"type": "gap", "gap_m": 5.6, "vineyard_id": "V32", "row_id": "V32-R173", "reachable": true, "id": "T1501", "x": 629902.32, "y": 5219872.99, "order": 983, "visited": true}}, {"type": "Feature", "geometry": {"type": "Point", "coordinates": [629906.95, 5219871.6]}, "properties": {"type": "gap", "gap_m": 4.4, "vineyard_id": "V32", "row_id": "V32-R168", "reachable": true, "id": "T1482", "x": 629906.95, "y": 5219871.6, "order": 980, "visited": true}}, {"type": "Feature", "geometry": {"type": "Point", "coordinates": [629907.62, 5219866.32]}, "properties": {"type": "gap", "gap_m": 4.4, "vineyard_id": "V32", "row_id": "V32-R168", "reachable": true, "id": "T1483", "x": 629907.62, "y": 5219866.32, "order": 977, "visited": true}}, {"type": "Feature", "geometry": {"type": "Point", "coordinates": [629919.56, 5219865.55]}, "properties": {"type": "gap", "gap_m": 3.1, "vineyard_id": "V32", "row_id": "V32-R097", "reachable": true, "id": "T1344", "x": 629919.56, "y": 5219865.55, "order": 976, "visited": true}}, {"type": "Feature", "geometry": {"type": "Point", "coordinates": [629924.8, 5219865.66]}, "properties": {"type": "gap", "gap_m": 6.3, "vineyard_id": "V32", "row_id": "V32-R097", "reachable": true, "id": "T1345", "x": 629924.8, "y": 5219865.66, "order": 975, "visited": true}}, {"type": "Feature", "geometry": {"type": "Point", "coordinates": [629925.07, 5219862.77]}, "properties": {"type": "gap", "gap_m": 10.0, "vineyard_id": "V32", "row_id": "V32-R104", "reachable": true, "id": "T1359", "x": 629925.07, "y": 5219862.77, "order": 974, "visited": true}}, {"type": "Feature", "geometry": {"type": "Point", "coordinates": [629948.23, 5219866.17]}, "properties": {"type": "gap", "gap_m": 3.1, "vineyard_id": "V32", "row_id": "V32-R097", "reachable": true, "id": "T1346", "x": 629948.23, "y": 5219866.17, "order": 973, "visited": true}}, {"type": "Feature", "geometry": {"type": "Point", "coordinates": [629949.73, 5219863.2]}, "properties": {"type": "gap", "gap_m": 4.4, "vineyard_id": "V32", "row_id": "V32-R104", "reachable": true, "id": "T1361", "x": 629949.73, "y": 5219863.2, "order": 972, "visited": true}}, {"type": "Feature", "geometry": {"type": "Point", "coordinates": [629958.65, 5219866.39]}, "properties": {"type": "gap", "gap_m": 6.8, "vineyard_id": "V32", "row_id": "V32-R097", "reachable": true, "id": "T1347", "x": 629958.65, "y": 5219866.39, "order": 971, "visited": true}}, {"type": "Feature", "geometry": {"type": "Point", "coordinates": [629957.11, 5219863.32]}, "properties": {"type": "gap", "gap_m": 5.6, "vineyard_id": "V32", "row_id": "V32-R104", "reachable": true, "id": "T1362", "x": 629957.11, "y": 5219863.32, "order": 970, "visited": true}}, {"type": "Feature", "geometry": {"type": "Point", "coordinates": [629943.22, 5219863.08]}, "properties": {"type": "gap", "gap_m": 4.5, "vineyard_id": "V32", "row_id": "V32-R104", "reachable": true, "id": "T1360", "x": 629943.22, "y": 5219863.08, "order": 969, "visited": true}}, {"type": "Feature", "geometry": {"type": "Point", "coordinates": [629948.13, 5219861.33]}, "properties": {"type": "gap", "gap_m": 6.8, "vineyard_id": "V32", "row_id": "V32-R111", "reachable": true, "id": "T1370", "x": 629948.13, "y": 5219861.33, "order": 968, "visited": true}}, {"type": "Feature", "geometry": {"type": "Point", "coordinates": [629939.03, 5219857.99]}, "properties": {"type": "gap", "gap_m": 3.3, "vineyard_id": "V32", "row_id": "V32-R119", "reachable": true, "id": "T1381", "x": 629939.03, "y": 5219857.99, "order": 967, "visited": true}}, {"type": "Feature", "geometry": {"type": "Point", "coordinates": [629925.52, 5219857.75]}, "properties": {"type": "gap", "gap_m": 3.0, "vineyard_id": "V32", "row_id": "V32-R119", "reachable": true, "id": "T1379", "x": 629925.52, "y": 5219857.75, "order": 964, "visited": true}}, {"type": "Feature", "geometry": {"type": "Point", "coordinates": [629919.18, 5219860.8]}, "properties": {"type": "gap", "gap_m": 3.4, "vineyard_id": "V32", "row_id": "V32-R111", "reachable": true, "id": "T1369", "x": 629919.18, "y": 5219860.8, "order": 966, "visited": true}}, {"type": "Feature", "geometry": {"type": "Point", "coordinates": [629920.03, 5219857.65]}, "properties": {"type": "gap", "gap_m": 6.8, "vineyard_id": "V32", "row_id": "V32-R119", "reachable": true, "id": "T1378", "x": 629920.03, "y": 5219857.65, "order": 965, "visited": true}}, {"type": "Feature", "geometry": {"type": "Point", "coordinates": [629930.75, 5219857.85]}, "properties": {"type": "gap", "gap_m": 5.9, "vineyard_id": "V32", "row_id": "V32-R119", "reachable": true, "id": "T1380", "x": 629930.75, "y": 5219857.85, "order": 963, "visited": true}}, {"type": "Feature", "geometry": {"type": "Point", "coordinates": [629932.93, 5219855.23]}, "properties": {"type": "gap", "gap_m": 6.5, "vineyard_id": "V32", "row_id": "V32-R127", "reachable": true, "id": "T1395", "x": 629932.93, "y": 5219855.23, "order": 962, "visited": true}}, {"type": "Feature", "geometry": {"type": "Point", "coordinates": [629946.23, 5219858.12]}, "properties": {"type": "gap", "gap_m": 6.9, "vineyard_id": "V32", "row_id": "V32-R119", "reachable": true, "id": "T1382", "x": 629946.23, "y": 5219858.12, "order": 961, "visited": true}}, {"type": "Feature", "geometry": {"type": "Point", "coordinates": [629947.74, 5219855.5]}, "properties": {"type": "gap", "gap_m": 8.4, "vineyard_id": "V32", "row_id": "V32-R127", "reachable": true, "id": "T1396", "x": 629947.74, "y": 5219855.5, "order": 960, "visited": true}}, {"type": "Feature", "geometry": {"type": "Point", "coordinates": [629939.23, 5219850.96]}, "properties": {"type": "gap", "gap_m": 4.3, "vineyard_id": "V32", "row_id": "V32-R140", "reachable": true, "id": "T1419", "x": 629939.23, "y": 5219850.96, "order": 959, "visited": true}}, {"type": "Feature", "geometry": {"type": "Point", "coordinates": [629928.86, 5219850.78]}, "properties": {"type": "gap", "gap_m": 7.2, "vineyard_id": "V32", "row_id": "V32-R140", "reachable": true, "id": "T1417", "x": 629928.86, "y": 5219850.78, "order": 958, "visited": true}}, {"type": "Feature", "geometry": {"type": "Point", "coordinates": [629927.52, 5219855.13]}, "properties": {"type": "gap", "gap_m": 3.3, "vineyard_id": "V32", "row_id": "V32-R127", "reachable": true, "id": "T1394", "x": 629927.52, "y": 5219855.13, "order": 957, "visited": true}}, {"type": "Feature", "geometry": {"type": "Point", "coordinates": [629921.61, 5219855.03]}, "properties": {"type": "gap", "gap_m": 7.2, "vineyard_id": "V32", "row_id": "V32-R127", "reachable": true, "id": "T1393", "x": 629921.61, "y": 5219855.03, "order": 956, "visited": true}}, {"type": "Feature", "geometry": {"type": "Point", "coordinates": [629905.95, 5219822.58]}, "properties": {"type": "gap", "gap_m": 4.4, "vineyard_id": "V39", "row_id": "V39-R40", "reachable": true, "id": "T1668", "x": 629905.95, "y": 5219822.58, "order": 942, "visited": true}}, {"type": "Feature", "geometry": {"type": "Point", "coordinates": [629902.16, 5219807.2]}, "properties": {"type": "gap", "gap_m": 3.9, "vineyard_id": "V39", "row_id": "V39-R44", "reachable": true, "id": "T1674", "x": 629902.16, "y": 5219807.2, "order": 939, "visited": true}}, {"type": "Feature", "geometry": {"type": "Point", "coordinates": [629900.12, 5219820.49]}, "properties": {"type": "gap", "gap_m": 3.8, "vineyard_id": "V39", "row_id": "V39-R46", "reachable": true, "id": "T1678", "x": 629900.12, "y": 5219820.49, "order": 940, "visited": true}}, {"type": "Feature", "geometry": {"type": "Point", "coordinates": [629903.85, 5219826.35]}, "properties": {"type": "gap", "gap_m": 3.6, "vineyard_id": "V39", "row_id": "V39-R44", "reachable": true, "id": "T1672", "x": 629903.85, "y": 5219826.35, "order": 943, "visited": true}}, {"type": "Feature", "geometry": {"type": "Point", "coordinates": [629903.02, 5219816.94]}, "properties": {"type": "gap", "gap_m": 3.2, "vineyard_id": "V39", "row_id": "V39-R44", "reachable": true, "id": "T1673", "x": 629903.02, "y": 5219816.94, "order": 941, "visited": true}}, {"type": "Feature", "geometry": {"type": "Point", "coordinates": [629904.33, 5219803.98]}, "properties": {"type": "gap", "gap_m": 9.8, "vineyard_id": "V39", "row_id": "V39-R40", "reachable": true, "id": "T1669", "x": 629904.33, "y": 5219803.98, "order": 938, "visited": true}}, {"type": "Feature", "geometry": {"type": "Point", "coordinates": [629908.99, 5219799.28]}, "properties": {"type": "gap", "gap_m": 4.6, "vineyard_id": "V39", "row_id": "V39-R36", "reachable": true, "id": "T1662", "x": 629908.99, "y": 5219799.28, "order": 936, "visited": true}}, {"type": "Feature", "geometry": {"type": "Point", "coordinates": [629906.51, 5219802.08]}, "properties": {"type": "gap", "gap_m": 4.0, "vineyard_id": "V39", "row_id": "V39-R38", "reachable": true, "id": "T1666", "x": 629906.51, "y": 5219802.08, "order": 937, "visited": true}}, {"type": "Feature", "geometry": {"type": "Point", "coordinates": [629909.85, 5219809.05]}, "properties": {"type": "gap", "gap_m": 3.6, "vineyard_id": "V39", "row_id": "V39-R36", "reachable": true, "id": "T1661", "x": 629909.85, "y": 5219809.05, "order": 935, "visited": true}}, {"type": "Feature", "geometry": {"type": "Point", "coordinates": [629911.65, 5219829.36]}, "properties": {"type": "gap", "gap_m": 4.1, "vineyard_id": "V39", "row_id": "V39-R36", "reachable": true, "id": "T1660", "x": 629911.65, "y": 5219829.36, "order": 934, "visited": true}}, {"type": "Feature", "geometry": {"type": "Point", "coordinates": [629909.1, 5219831.89]}, "properties": {"type": "gap", "gap_m": 3.1, "vineyard_id": "V39", "row_id": "V39-R38", "reachable": true, "id": "T1665", "x": 629909.1, "y": 5219831.89, "order": 933, "visited": true}}, {"type": "Feature", "geometry": {"type": "Point", "coordinates": [629912.25, 5219836.16]}, "properties": {"type": "gap", "gap_m": 3.7, "vineyard_id": "V39", "row_id": "V39-R36", "reachable": true, "id": "T1659", "x": 629912.25, "y": 5219836.16, "order": 932, "visited": true}}, {"type": "Feature", "geometry": {"type": "Point", "coordinates": [629916.39, 5219824.7]}, "properties": {"type": "gap", "gap_m": 4.8, "vineyard_id": "V32", "row_id": "V32-R174", "reachable": true, "id": "T1506", "x": 629916.39, "y": 5219824.7, "order": 920, "visited": true}}, {"type": "Feature", "geometry": {"type": "Point", "coordinates": [629939.69, 5219826.58]}, "properties": {"type": "gap", "gap_m": 22.3, "vineyard_id": "V32", "row_id": "V32-R174", "reachable": true, "id": "T1504", "x": 629939.69, "y": 5219826.58, "order": 903, "visited": true}}, {"type": "Feature", "geometry": {"type": "Point", "coordinates": [629954.46, 5219825.49]}, "properties": {"type": "gap", "gap_m": 9.9, "vineyard_id": "V32", "row_id": "V32-R177", "reachable": true, "id": "T1510", "x": 629954.46, "y": 5219825.49, "order": 904, "visited": true}}, {"type": "Feature", "geometry": {"type": "Point", "coordinates": [629944.65, 5219828.85]}, "properties": {"type": "gap", "gap_m": 10.3, "vineyard_id": "V32", "row_id": "V32-R171", "reachable": true, "id": "T1494", "x": 629944.65, "y": 5219828.85, "order": 906, "visited": true}}, {"type": "Feature", "geometry": {"type": "Point", "coordinates": [629956.86, 5219827.97]}, "properties": {"type": "gap", "gap_m": 3.5, "vineyard_id": "V32", "row_id": "V32-R174", "reachable": true, "id": "T1503", "x": 629956.86, "y": 5219827.97, "order": 905, "visited": true}}, {"type": "Feature", "geometry": {"type": "Point", "coordinates": [629966.96, 5219831.58]}, "properties": {"type": "gap", "gap_m": 8.3, "vineyard_id": "V32", "row_id": "V32-R126", "reachable": true, "id": "T1391", "x": 629966.96, "y": 5219831.58, "order": 910, "visited": true}}, {"type": "Feature", "geometry": {"type": "Point", "coordinates": [629951.9, 5219829.45]}, "properties": {"type": "gap", "gap_m": 3.2, "vineyard_id": "V32", "row_id": "V32-R171", "reachable": true, "id": "T1493", "x": 629951.9, "y": 5219829.45, "order": 909, "visited": true}}, {"type": "Feature", "geometry": {"type": "Point", "coordinates": [629944.01, 5219831.83]}, "properties": {"type": "gap", "gap_m": 7.0, "vineyard_id": "V32", "row_id": "V32-R169", "reachable": true, "id": "T1487", "x": 629944.01, "y": 5219831.83, "order": 908, "visited": true}}, {"type": "Feature", "geometry": {"type": "Point", "coordinates": [629935.08, 5219831.09]}, "properties": {"type": "gap", "gap_m": 3.0, "vineyard_id": "V32", "row_id": "V32-R169", "reachable": true, "id": "T1488", "x": 629935.08, "y": 5219831.09, "order": 907, "visited": true}}, {"type": "Feature", "geometry": {"type": "Point", "coordinates": [629950.84, 5219835.11]}, "properties": {"type": "gap", "gap_m": 3.5, "vineyard_id": "V32", "row_id": "V32-R164", "reachable": true, "id": "T1473", "x": 629950.84, "y": 5219835.11, "order": 911, "visited": true}}, {"type": "Feature", "geometry": {"type": "Point", "coordinates": [629951.48, 5219832.44]}, "properties": {"type": "gap", "gap_m": 7.1, "vineyard_id": "V32", "row_id": "V32-R169", "reachable": true, "id": "T1486", "x": 629951.48, "y": 5219832.44, "order": 912, "visited": true}}, {"type": "Feature", "geometry": {"type": "Point", "coordinates": [629952.65, 5219837.85]}, "properties": {"type": "gap", "gap_m": 4.3, "vineyard_id": "V32", "row_id": "V32-R162", "reachable": true, "id": "T1467", "x": 629952.65, "y": 5219837.85, "order": 913, "visited": true}}, {"type": "Feature", "geometry": {"type": "Point", "coordinates": [629943.39, 5219834.49]}, "properties": {"type": "gap", "gap_m": 10.1, "vineyard_id": "V32", "row_id": "V32-R164", "reachable": true, "id": "T1474", "x": 629943.39, "y": 5219834.49, "order": 914, "visited": true}}, {"type": "Feature", "geometry": {"type": "Point", "coordinates": [629941.67, 5219836.94]}, "properties": {"type": "gap", "gap_m": 16.6, "vineyard_id": "V32", "row_id": "V32-R162", "reachable": true, "id": "T1468", "x": 629941.67, "y": 5219836.94, "order": 915, "visited": true}}, {"type": "Feature", "geometry": {"type": "Point", "coordinates": [629916.53, 5219834.86]}, "properties": {"type": "gap", "gap_m": 3.2, "vineyard_id": "V32", "row_id": "V32-R162", "reachable": true, "id": "T1470", "x": 629916.53, "y": 5219834.86, "order": 924, "visited": true}}, {"type": "Feature", "geometry": {"type": "Point", "coordinates": [629918.11, 5219832.37]}, "properties": {"type": "gap", "gap_m": 6.1, "vineyard_id": "V32", "row_id": "V32-R164", "reachable": true, "id": "T1476", "x": 629918.11, "y": 5219832.37, "order": 923, "visited": true}}, {"type": "Feature", "geometry": {"type": "Point", "coordinates": [629920.84, 5219829.92]}, "properties": {"type": "gap", "gap_m": 4.1, "vineyard_id": "V32", "row_id": "V32-R169", "reachable": true, "id": "T1490", "x": 629920.84, "y": 5219829.92, "order": 922, "visited": true}}, {"type": "Feature", "geometry": {"type": "Point", "coordinates": [629922.04, 5219826.95]}, "properties": {"type": "gap", "gap_m": 6.8, "vineyard_id": "V32", "row_id": "V32-R171", "reachable": true, "id": "T1496", "x": 629922.04, "y": 5219826.95, "order": 921, "visited": true}}, {"type": "Feature", "geometry": {"type": "Point", "coordinates": [629924.1, 5219825.32]}, "properties": {"type": "gap", "gap_m": 8.0, "vineyard_id": "V32", "row_id": "V32-R174", "reachable": true, "id": "T1505", "x": 629924.1, "y": 5219825.32, "order": 918, "visited": true}}, {"type": "Feature", "geometry": {"type": "Point", "coordinates": [629929.08, 5219823.38]}, "properties": {"type": "gap", "gap_m": 18.8, "vineyard_id": "V32", "row_id": "V32-R177", "reachable": true, "id": "T1511", "x": 629929.08, "y": 5219823.38, "order": 919, "visited": true}}, {"type": "Feature", "geometry": {"type": "Point", "coordinates": [629931.36, 5219827.73]}, "properties": {"type": "gap", "gap_m": 8.1, "vineyard_id": "V32", "row_id": "V32-R171", "reachable": true, "id": "T1495", "x": 629931.36, "y": 5219827.73, "order": 917, "visited": true}}, {"type": "Feature", "geometry": {"type": "Point", "coordinates": [629929.05, 5219830.59]}, "properties": {"type": "gap", "gap_m": 7.9, "vineyard_id": "V32", "row_id": "V32-R169", "reachable": true, "id": "T1489", "x": 629929.05, "y": 5219830.59, "order": 916, "visited": true}}, {"type": "Feature", "geometry": {"type": "Point", "coordinates": [629927.01, 5219835.73]}, "properties": {"type": "gap", "gap_m": 11.6, "vineyard_id": "V32", "row_id": "V32-R162", "reachable": true, "id": "T1469", "x": 629927.01, "y": 5219835.73, "order": 925, "visited": true}}, {"type": "Feature", "geometry": {"type": "Point", "coordinates": [629927.4, 5219840.66]}, "properties": {"type": "gap", "gap_m": 3.2, "vineyard_id": "V32", "row_id": "V32-R157", "reachable": true, "id": "T1460", "x": 629927.4, "y": 5219840.66, "order": 930, "visited": true}}, {"type": "Feature", "geometry": {"type": "Point", "coordinates": [629943.88, 5219840.97]}, "properties": {"type": "gap", "gap_m": 6.3, "vineyard_id": "V32", "row_id": "V32-R157", "reachable": true, "id": "T1461", "x": 629943.88, "y": 5219840.97, "order": 926, "visited": true}}, {"type": "Feature", "geometry": {"type": "Point", "coordinates": [629949.6, 5219841.07]}, "properties": {"type": "gap", "gap_m": 3.9, "vineyard_id": "V32", "row_id": "V32-R157", "reachable": true, "id": "T1462", "x": 629949.6, "y": 5219841.07, "order": 927, "visited": true}}, {"type": "Feature", "geometry": {"type": "Point", "coordinates": [629959.27, 5219841.25]}, "properties": {"type": "gap", "gap_m": 7.0, "vineyard_id": "V32", "row_id": "V32-R157", "reachable": true, "id": "T1463", "x": 629959.27, "y": 5219841.25, "order": 928, "visited": true}}, {"type": "Feature", "geometry": {"type": "Point", "coordinates": [629936.07, 5219843.83]}, "properties": {"type": "gap", "gap_m": 3.3, "vineyard_id": "V32", "row_id": "V32-R154", "reachable": true, "id": "T1453", "x": 629936.07, "y": 5219843.83, "order": 929, "visited": true}}, {"type": "Feature", "geometry": {"type": "Point", "coordinates": [629921.01, 5219840.54]}, "properties": {"type": "gap", "gap_m": 6.7, "vineyard_id": "V32", "row_id": "V32-R157", "reachable": true, "id": "T1459", "x": 629921.01, "y": 5219840.54, "order": 931, "visited": true}}, {"type": "Feature", "geometry": {"type": "Point", "coordinates": [629922.01, 5219847.89]}, "properties": {"type": "gap", "gap_m": 3.1, "vineyard_id": "V32", "row_id": "V32-R145", "reachable": true, "id": "T1427", "x": 629922.01, "y": 5219847.89, "order": 945, "visited": true}}, {"type": "Feature", "geometry": {"type": "Point", "coordinates": [629928.68, 5219843.7]}, "properties": {"type": "gap", "gap_m": 3.4, "vineyard_id": "V32", "row_id": "V32-R154", "reachable": true, "id": "T1452", "x": 629928.68, "y": 5219843.7, "order": 946, "visited": true}}, {"type": "Feature", "geometry": {"type": "Point", "coordinates": [629928.88, 5219848.01]}, "properties": {"type": "gap", "gap_m": 3.2, "vineyard_id": "V32", "row_id": "V32-R145", "reachable": true, "id": "T1428", "x": 629928.88, "y": 5219848.01, "order": 947, "visited": true}}, {"type": "Feature", "geometry": {"type": "Point", "coordinates": [629933.27, 5219848.09]}, "properties": {"type": "gap", "gap_m": 3.0, "vineyard_id": "V32", "row_id": "V32-R145", "reachable": true, "id": "T1429", "x": 629933.27, "y": 5219848.09, "order": 948, "visited": true}}, {"type": "Feature", "geometry": {"type": "Point", "coordinates": [629943.52, 5219843.96]}, "properties": {"type": "gap", "gap_m": 9.9, "vineyard_id": "V32", "row_id": "V32-R154", "reachable": true, "id": "T1454", "x": 629943.52, "y": 5219843.96, "order": 949, "visited": true}}, {"type": "Feature", "geometry": {"type": "Point", "coordinates": [629956.99, 5219844.19]}, "properties": {"type": "gap", "gap_m": 4.5, "vineyard_id": "V32", "row_id": "V32-R154", "reachable": true, "id": "T1455", "x": 629956.99, "y": 5219844.19, "order": 950, "visited": true}}, {"type": "Feature", "geometry": {"type": "Point", "coordinates": [629950.1, 5219848.4]}, "properties": {"type": "gap", "gap_m": 6.3, "vineyard_id": "V32", "row_id": "V32-R145", "reachable": true, "id": "T1431", "x": 629950.1, "y": 5219848.4, "order": 951, "visited": true}}, {"type": "Feature", "geometry": {"type": "Point", "coordinates": [629948.58, 5219851.12]}, "properties": {"type": "gap", "gap_m": 12.9, "vineyard_id": "V32", "row_id": "V32-R140", "reachable": true, "id": "T1420", "x": 629948.58, "y": 5219851.12, "order": 952, "visited": true}}, {"type": "Feature", "geometry": {"type": "Point", "coordinates": [629938.53, 5219848.19]}, "properties": {"type": "gap", "gap_m": 6.5, "vineyard_id": "V32", "row_id": "V32-R145", "reachable": true, "id": "T1430", "x": 629938.53, "y": 5219848.19, "order": 953, "visited": true}}, {"type": "Feature", "geometry": {"type": "Point", "coordinates": [629934.58, 5219850.88]}, "properties": {"type": "gap", "gap_m": 3.5, "vineyard_id": "V32", "row_id": "V32-R140", "reachable": true, "id": "T1418", "x": 629934.58, "y": 5219850.88, "order": 954, "visited": true}}, {"type": "Feature", "geometry": {"type": "Point", "coordinates": [629919.75, 5219850.62]}, "properties": {"type": "gap", "gap_m": 3.0, "vineyard_id": "V32", "row_id": "V32-R140", "reachable": true, "id": "T1416", "x": 629919.75, "y": 5219850.62, "order": 955, "visited": true}}, {"type": "Feature", "geometry": {"type": "Point", "coordinates": [629910.08, 5219846.99]}, "properties": {"type": "gap", "gap_m": 6.5, "vineyard_id": "V32", "row_id": "V32-R168", "reachable": true, "id": "T1485", "x": 629910.08, "y": 5219846.99, "order": 944, "visited": true}}, {"type": "Feature", "geometry": {"type": "Point", "coordinates": [629909.24, 5219853.55]}, "properties": {"type": "gap", "gap_m": 3.9, "vineyard_id": "V32", "row_id": "V32-R168", "reachable": true, "id": "T1484", "x": 629909.24, "y": 5219853.55, "order": 978, "visited": true}}, {"type": "Feature", "geometry": {"type": "Point", "coordinates": [629904.35, 5219856.63]}, "properties": {"type": "gap", "gap_m": 15.5, "vineyard_id": "V32", "row_id": "V32-R173", "reachable": true, "id": "T1502", "x": 629904.35, "y": 5219856.63, "order": 979, "visited": true}}, {"type": "Feature", "geometry": {"type": "Point", "coordinates": [629889.41, 5219873.49]}, "properties": {"type": "gap", "gap_m": 16.5, "vineyard_id": "V39", "row_id": "V39-R15", "reachable": true, "id": "T1625", "x": 629889.41, "y": 5219873.49, "order": 985, "visited": true}}, {"type": "Feature", "geometry": {"type": "Point", "coordinates": [629884.96, 5219865.22]}, "properties": {"type": "gap", "gap_m": 6.2, "vineyard_id": "V39", "row_id": "V39-R23", "reachable": true, "id": "T1643", "x": 629884.96, "y": 5219865.22, "order": 986, "visited": true}}, {"type": "Feature", "geometry": {"type": "Point", "coordinates": [629882.29, 5219864.96]}, "properties": {"type": "gap", "gap_m": 4.0, "vineyard_id": "V39", "row_id": "V39-R26", "reachable": true, "id": "T1647", "x": 629882.29, "y": 5219864.96, "order": 987, "visited": true}}, {"type": "Feature", "geometry": {"type": "Point", "coordinates": [629883.41, 5219877.96]}, "properties": {"type": "gap", "gap_m": 18.5, "vineyard_id": "V39", "row_id": "V39-R23", "reachable": true, "id": "T1642", "x": 629883.41, "y": 5219877.96, "order": 988, "visited": true}}, {"type": "Feature", "geometry": {"type": "Point", "coordinates": [629872.55, 5219882.21]}, "properties": {"type": "gap", "gap_m": 6.9, "vineyard_id": "V39", "row_id": "V39-R32", "reachable": true, "id": "T1656", "x": 629872.55, "y": 5219882.21, "order": 989, "visited": true}}, {"type": "Feature", "geometry": {"type": "Point", "coordinates": [629885.49, 5219897.14]}, "properties": {"type": "gap", "gap_m": 5.6, "vineyard_id": "V32", "row_id": "V32-R155", "reachable": true, "id": "T1457", "x": 629885.49, "y": 5219897.14, "order": 727, "visited": true}}, {"type": "Feature", "geometry": {"type": "Point", "coordinates": [629893.59, 5219898.28]}, "properties": {"type": "gap", "gap_m": 9.9, "vineyard_id": "V32", "row_id": "V32-R155", "reachable": true, "id": "T1456", "x": 629893.59, "y": 5219898.28, "order": 725, "visited": true}}, {"type": "Feature", "geometry": {"type": "Point", "coordinates": [629892.04, 5219900.34]}, "properties": {"type": "gap", "gap_m": 9.8, "vineyard_id": "V32", "row_id": "V32-R148", "reachable": true, "id": "T1437", "x": 629892.04, "y": 5219900.34, "order": 726, "visited": true}}, {"type": "Feature", "geometry": {"type": "Point", "coordinates": [629887.1, 5219901.64]}, "properties": {"type": "gap", "gap_m": 16.9, "vineyard_id": "V32", "row_id": "V32-R146", "reachable": true, "id": "T1432", "x": 629887.1, "y": 5219901.64, "order": 724, "visited": true}}, {"type": "Feature", "geometry": {"type": "Point", "coordinates": [629883.53, 5219899.15]}, "properties": {"type": "gap", "gap_m": 6.3, "vineyard_id": "V32", "row_id": "V32-R148", "reachable": true, "id": "T1438", "x": 629883.53, "y": 5219899.15, "order": 723, "visited": true}}, {"type": "Feature", "geometry": {"type": "Point", "coordinates": [629872.14, 5219897.56]}, "properties": {"type": "gap", "gap_m": 6.4, "vineyard_id": "V32", "row_id": "V32-R148", "reachable": true, "id": "T1439", "x": 629872.14, "y": 5219897.56, "order": 991, "visited": true}}, {"type": "Feature", "geometry": {"type": "Point", "coordinates": [629870.75, 5219899.36]}, "properties": {"type": "gap", "gap_m": 8.3, "vineyard_id": "V32", "row_id": "V32-R146", "reachable": true, "id": "T1433", "x": 629870.75, "y": 5219899.36, "order": 992, "visited": true}}, {"type": "Feature", "geometry": {"type": "Point", "coordinates": [629879.13, 5219916.92]}, "properties": {"type": "gap", "gap_m": 9.7, "vineyard_id": "V32", "row_id": "V32-R098", "reachable": true, "id": "T1348", "x": 629879.13, "y": 5219916.92, "order": 722, "visited": true}}, {"type": "Feature", "geometry": {"type": "Point", "coordinates": [629878.48, 5219922.05]}, "properties": {"type": "gap", "gap_m": 9.0, "vineyard_id": "V32", "row_id": "V32-R091", "reachable": true, "id": "T1337", "x": 629878.48, "y": 5219922.05, "order": 683, "visited": true}}, {"type": "Feature", "geometry": {"type": "Point", "coordinates": [629874.09, 5219918.71]}, "properties": {"type": "gap", "gap_m": 9.5, "vineyard_id": "V32", "row_id": "V32-R095", "reachable": true, "id": "T1343", "x": 629874.09, "y": 5219918.71, "order": 682, "visited": true}}, {"type": "Feature", "geometry": {"type": "Point", "coordinates": [629853.01, 5219917.65]}, "properties": {"type": "gap", "gap_m": 14.0, "vineyard_id": "V39", "row_id": "V39-R10", "reachable": true, "id": "T1616", "x": 629853.01, "y": 5219917.65, "order": 993, "visited": true}}, {"type": "Feature", "geometry": {"type": "Point", "coordinates": [629854.4, 5219922.07]}, "properties": {"type": "gap", "gap_m": 23.7, "vineyard_id": "V32", "row_id": "V32-R163", "reachable": true, "id": "T1472", "x": 629854.4, "y": 5219922.07, "order": 994, "visited": true}}, {"type": "Feature", "geometry": {"type": "Point", "coordinates": [629847.42, 5219919.36]}, "properties": {"type": "gap", "gap_m": 17.0, "vineyard_id": "V39", "row_id": "V39-R19", "reachable": true, "id": "T1633", "x": 629847.42, "y": 5219919.36, "order": 995, "visited": true}}, {"type": "Feature", "geometry": {"type": "Point", "coordinates": [629823.9, 5219953.95]}, "properties": {"type": "gap", "gap_m": 3.2, "vineyard_id": "V32", "row_id": "V32-R166", "reachable": true, "id": "T1481", "x": 629823.9, "y": 5219953.95, "order": 996, "visited": true}}, {"type": "Feature", "geometry": {"type": "Point", "coordinates": [629815.39, 5219965.04]}, "properties": {"type": "gap", "gap_m": 3.9, "vineyard_id": "V32", "row_id": "V32-R166", "reachable": true, "id": "T1480", "x": 629815.39, "y": 5219965.04, "order": 997, "visited": true}}, {"type": "Feature", "geometry": {"type": "Point", "coordinates": [629794.43, 5220009.51]}, "properties": {"type": "gap", "gap_m": 7.5, "vineyard_id": "V32", "row_id": "V32-R102", "reachable": true, "id": "T1354", "x": 629794.43, "y": 5220009.51, "order": 675, "visited": true}}, {"type": "Feature", "geometry": {"type": "Point", "coordinates": [629804.41, 5220022.8]}, "properties": {"type": "gap", "gap_m": 5.8, "vineyard_id": "V32", "row_id": "V32-R102", "reachable": true, "id": "T1353", "x": 629804.41, "y": 5220022.8, "order": 673, "visited": true}}, {"type": "Feature", "geometry": {"type": "Point", "coordinates": [629815.1, 5220032.41]}, "properties": {"type": "gap", "gap_m": 5.1, "vineyard_id": "V32", "row_id": "V32-R064", "reachable": true, "id": "T1312", "x": 629815.1, "y": 5220032.41, "order": 672, "visited": true}}, {"type": "Feature", "geometry": {"type": "Point", "coordinates": [629816.97, 5220040.3]}, "properties": {"type": "gap", "gap_m": 4.9, "vineyard_id": "V32", "row_id": "V32-R049", "reachable": true, "id": "T1292", "x": 629816.97, "y": 5220040.3, "order": 671, "visited": true}}, {"type": "Feature", "geometry": {"type": "Point", "coordinates": [629814.06, 5220039.46]}, "properties": {"type": "gap", "gap_m": 8.5, "vineyard_id": "V32", "row_id": "V32-R054", "reachable": true, "id": "T1299", "x": 629814.06, "y": 5220039.46, "order": 670, "visited": true}}, {"type": "Feature", "geometry": {"type": "Point", "coordinates": [629766.18, 5220017.46]}, "properties": {"type": "gap", "gap_m": 17.1, "vineyard_id": "V32", "row_id": "V32-R134", "reachable": true, "id": "T1402", "x": 629766.18, "y": 5220017.46, "order": 1006, "visited": true}}, {"type": "Feature", "geometry": {"type": "Point", "coordinates": [629698.46, 5220054.64]}, "properties": {"type": "gap", "gap_m": 5.3, "vineyard_id": "V32", "row_id": "V32-R191", "reachable": true, "id": "T1527", "x": 629698.46, "y": 5220054.64, "order": 1017, "visited": true}}, {"type": "Feature", "geometry": {"type": "Point", "coordinates": [629643.87, 5220126.16]}, "properties": {"type": "gap", "gap_m": 3.4, "vineyard_id": "V29", "row_id": "V29-R52", "reachable": true, "id": "T1182", "x": 629643.87, "y": 5220126.16, "order": 1032, "visited": true}}, {"type": "Feature", "geometry": {"type": "Point", "coordinates": [629642.54, 5220130.1]}, "properties": {"type": "gap", "gap_m": 50.7, "vineyard_id": "V29", "row_id": "V29-R51", "reachable": true, "id": "T1180", "x": 629642.54, "y": 5220130.1, "order": 1033, "visited": true}}, {"type": "Feature", "geometry": {"type": "Point", "coordinates": [629641.07, 5220129.87]}, "properties": {"type": "gap", "gap_m": 3.4, "vineyard_id": "V29", "row_id": "V29-R52", "reachable": true, "id": "T1181", "x": 629641.07, "y": 5220129.87, "order": 1033, "visited": true}}, {"type": "Feature", "geometry": {"type": "Point", "coordinates": [629596.69, 5220176.65]}, "properties": {"type": "gap", "gap_m": 6.4, "vineyard_id": "V24", "row_id": "V24-R58", "reachable": true, "id": "T1045", "x": 629596.69, "y": 5220176.65, "order": 1083, "visited": true}}, {"type": "Feature", "geometry": {"type": "Point", "coordinates": [629552.46, 5220221.97]}, "properties": {"type": "gap", "gap_m": 4.3, "vineyard_id": "V24", "row_id": "V24-R61", "reachable": true, "id": "T1052", "x": 629552.46, "y": 5220221.97, "order": 1097, "visited": true}}, {"type": "Feature", "geometry": {"type": "Point", "coordinates": [629555.61, 5220213.88]}, "properties": {"type": "gap", "gap_m": 5.6, "vineyard_id": "V24", "row_id": "V24-R62", "reachable": true, "id": "T1055", "x": 629555.61, "y": 5220213.88, "order": 1096, "visited": true}}, {"type": "Feature", "geometry": {"type": "Point", "coordinates": [629559.97, 5220216.65]}, "properties": {"type": "gap", "gap_m": 7.7, "vineyard_id": "V24", "row_id": "V24-R60", "reachable": true, "id": "T1048", "x": 629559.97, "y": 5220216.65, "order": 1095, "visited": true}}, {"type": "Feature", "geometry": {"type": "Point", "coordinates": [629570.44, 5220202.46]}, "properties": {"type": "gap", "gap_m": 3.4, "vineyard_id": "V24", "row_id": "V24-R60", "reachable": true, "id": "T1049", "x": 629570.44, "y": 5220202.46, "order": 1094, "visited": true}}, {"type": "Feature", "geometry": {"type": "Point", "coordinates": [629570.71, 5220197.55]}, "properties": {"type": "gap", "gap_m": 3.7, "vineyard_id": "V24", "row_id": "V24-R61", "reachable": true, "id": "T1053", "x": 629570.71, "y": 5220197.55, "order": 1093, "visited": true}}, {"type": "Feature", "geometry": {"type": "Point", "coordinates": [629573.52, 5220198.36]}, "properties": {"type": "gap", "gap_m": 5.4, "vineyard_id": "V24", "row_id": "V24-R60", "reachable": true, "id": "T1050", "x": 629573.52, "y": 5220198.36, "order": 1092, "visited": true}}, {"type": "Feature", "geometry": {"type": "Point", "coordinates": [629568.67, 5220218.87]}, "properties": {"type": "gap", "gap_m": 50.9, "vineyard_id": "V24", "row_id": "V24-R57", "reachable": true, "id": "T1041", "x": 629568.67, "y": 5220218.87, "order": 1091, "visited": true}}, {"type": "Feature", "geometry": {"type": "Point", "coordinates": [629579.26, 5220199.41]}, "properties": {"type": "gap", "gap_m": 5.4, "vineyard_id": "V24", "row_id": "V24-R58", "reachable": true, "id": "T1044", "x": 629579.26, "y": 5220199.41, "order": 1090, "visited": true}}, {"type": "Feature", "geometry": {"type": "Point", "coordinates": [629588.64, 5220191.98]}, "properties": {"type": "gap", "gap_m": 5.4, "vineyard_id": "V24", "row_id": "V24-R57", "reachable": true, "id": "T1042", "x": 629588.64, "y": 5220191.98, "order": 1089, "visited": true}}, {"type": "Feature", "geometry": {"type": "Point", "coordinates": [629592.1, 5220193.93]}, "properties": {"type": "gap", "gap_m": 3.6, "vineyard_id": "V24", "row_id": "V24-R55", "reachable": true, "id": "T1039", "x": 629592.1, "y": 5220193.93, "order": 1088, "visited": true}}, {"type": "Feature", "geometry": {"type": "Point", "coordinates": [629599.21, 5220177.87]}, "properties": {"type": "gap", "gap_m": 6.2, "vineyard_id": "V24", "row_id": "V24-R57", "reachable": true, "id": "T1043", "x": 629599.21, "y": 5220177.87, "order": 1082, "visited": true}}, {"type": "Feature", "geometry": {"type": "Point", "coordinates": [629585.4, 5220164.67]}, "properties": {"type": "gap", "gap_m": 3.3, "vineyard_id": "V24", "row_id": "V24-R64", "reachable": true, "id": "T1069", "x": 629585.4, "y": 5220164.67, "order": 1111, "visited": true}}, {"type": "Feature", "geometry": {"type": "Point", "coordinates": [629585.95, 5220159.33]}, "properties": {"type": "gap", "gap_m": 3.3, "vineyard_id": "V24", "row_id": "V24-R65", "reachable": true, "id": "T1077", "x": 629585.95, "y": 5220159.33, "order": 1112, "visited": true}}, {"type": "Feature", "geometry": {"type": "Point", "coordinates": [629559.1, 5220185.53]}, "properties": {"type": "gap", "gap_m": 3.0, "vineyard_id": "V24", "row_id": "V24-R67", "reachable": true, "id": "T1087", "x": 629559.1, "y": 5220185.53, "order": 1115, "visited": true}}, {"type": "Feature", "geometry": {"type": "Point", "coordinates": [629554.21, 5220196.83]}, "properties": {"type": "gap", "gap_m": 4.0, "vineyard_id": "V24", "row_id": "V24-R66", "reachable": true, "id": "T1081", "x": 629554.21, "y": 5220196.83, "order": 1136, "visited": true}}, {"type": "Feature", "geometry": {"type": "Point", "coordinates": [629552.14, 5220194.53]}, "properties": {"type": "gap", "gap_m": 9.8, "vineyard_id": "V24", "row_id": "V24-R67", "reachable": true, "id": "T1086", "x": 629552.14, "y": 5220194.53, "order": 1135, "visited": true}}, {"type": "Feature", "geometry": {"type": "Point", "coordinates": [629547.17, 5220194.32]}, "properties": {"type": "gap", "gap_m": 3.5, "vineyard_id": "V25", "row_id": "V25-R05", "reachable": true, "id": "T1106", "x": 629547.17, "y": 5220194.32, "order": 1134, "visited": true}}, {"type": "Feature", "geometry": {"type": "Point", "coordinates": [629523.22, 5220209.94]}, "properties": {"type": "gap", "gap_m": 5.0, "vineyard_id": "V25", "row_id": "V25-R02", "reachable": true, "id": "T1102", "x": 629523.22, "y": 5220209.94, "order": 1152, "visited": true}}, {"type": "Feature", "geometry": {"type": "Point", "coordinates": [629521.79, 5220216.02]}, "properties": {"type": "gap", "gap_m": 9.1, "vineyard_id": "V25", "row_id": "V25-R01", "reachable": true, "id": "T1099", "x": 629521.79, "y": 5220216.02, "order": 1151, "visited": true}}, {"type": "Feature", "geometry": {"type": "Point", "coordinates": [629517.1, 5220218.06]}, "properties": {"type": "gap", "gap_m": 10.8, "vineyard_id": "V25", "row_id": "V25-R02", "reachable": true, "id": "T1101", "x": 629517.1, "y": 5220218.06, "order": 1150, "visited": true}}, {"type": "Feature", "geometry": {"type": "Point", "coordinates": [629548.58, 5220197.18]}, "properties": {"type": "gap", "gap_m": 9.8, "vineyard_id": "V25", "row_id": "V25-R04", "reachable": true, "id": "T1104", "x": 629548.58, "y": 5220197.18, "order": 1137, "visited": true}}, {"type": "Feature", "geometry": {"type": "Point", "coordinates": [629546.11, 5220183.07]}, "properties": {"type": "gap", "gap_m": 4.1, "vineyard_id": "V27", "row_id": "V27-R02", "reachable": true, "id": "T1109", "x": 629546.11, "y": 5220183.07, "order": 1131, "visited": true}}, {"type": "Feature", "geometry": {"type": "Point", "coordinates": [629549.74, 5220177.97]}, "properties": {"type": "gap", "gap_m": 3.9, "vineyard_id": "V27", "row_id": "V27-R03", "reachable": true, "id": "T1111", "x": 629549.74, "y": 5220177.97, "order": 1130, "visited": true}}, {"type": "Feature", "geometry": {"type": "Point", "coordinates": [629557.64, 5220164.06]}, "properties": {"type": "gap", "gap_m": 5.7, "vineyard_id": "V28", "row_id": "V28-R01", "reachable": true, "id": "T1114", "x": 629557.64, "y": 5220164.06, "order": 1125, "visited": true}}, {"type": "Feature", "geometry": {"type": "Point", "coordinates": [629564.42, 5220150.3]}, "properties": {"type": "gap", "gap_m": 10.1, "vineyard_id": "V28", "row_id": "V28-R03", "reachable": true, "id": "T1117", "x": 629564.42, "y": 5220150.3, "order": 1124, "visited": true}}, {"type": "Feature", "geometry": {"type": "Point", "coordinates": [629574.6, 5220145.75]}, "properties": {"type": "gap", "gap_m": 3.1, "vineyard_id": "V29", "row_id": "V29-R72", "reachable": true, "id": "T1199", "x": 629574.6, "y": 5220145.75, "order": 1123, "visited": true}}, {"type": "Feature", "geometry": {"type": "Point", "coordinates": [629573.25, 5220143.42]}, "properties": {"type": "gap", "gap_m": 9.2, "vineyard_id": "V28", "row_id": "V28-R01", "reachable": true, "id": "T1115", "x": 629573.25, "y": 5220143.42, "order": 1122, "visited": true}}, {"type": "Feature", "geometry": {"type": "Point", "coordinates": [629577.21, 5220142.41]}, "properties": {"type": "gap", "gap_m": 3.0, "vineyard_id": "V29", "row_id": "V29-R72", "reachable": true, "id": "T1200", "x": 629577.21, "y": 5220142.41, "order": 1121, "visited": true}}, {"type": "Feature", "geometry": {"type": "Point", "coordinates": [629577.57, 5220137.87]}, "properties": {"type": "gap", "gap_m": 3.3, "vineyard_id": "V28", "row_id": "V28-R01", "reachable": true, "id": "T1116", "x": 629577.57, "y": 5220137.87, "order": 1120, "visited": true}}, {"type": "Feature", "geometry": {"type": "Point", "coordinates": [629588.25, 5220132.56]}, "properties": {"type": "gap", "gap_m": 6.3, "vineyard_id": "V29", "row_id": "V29-R71", "reachable": true, "id": "T1197", "x": 629588.25, "y": 5220132.56, "order": 1119, "visited": true}}, {"type": "Feature", "geometry": {"type": "Point", "coordinates": [629602.12, 5220199.97]}, "properties": {"type": "gap", "gap_m": 5.3, "vineyard_id": "V24", "row_id": "V24-R48", "reachable": true, "id": "T1037", "x": 629602.12, "y": 5220199.97, "order": 1076, "visited": true}}, {"type": "Feature", "geometry": {"type": "Point", "coordinates": [629595.43, 5220213.55]}, "properties": {"type": "gap", "gap_m": 6.2, "vineyard_id": "V24", "row_id": "V24-R47", "reachable": true, "id": "T1034", "x": 629595.43, "y": 5220213.55, "order": 1072, "visited": true}}, {"type": "Feature", "geometry": {"type": "Point", "coordinates": [629576.87, 5220238.92]}, "properties": {"type": "gap", "gap_m": 3.7, "vineyard_id": "V24", "row_id": "V24-R47", "reachable": true, "id": "T1033", "x": 629576.87, "y": 5220238.92, "order": 1071, "visited": true}}, {"type": "Feature", "geometry": {"type": "Point", "coordinates": [629572.11, 5220245.43]}, "properties": {"type": "gap", "gap_m": 11.0, "vineyard_id": "V24", "row_id": "V24-R47", "reachable": true, "id": "T1032", "x": 629572.11, "y": 5220245.43, "order": 1070, "visited": true}}, {"type": "Feature", "geometry": {"type": "Point", "coordinates": [629560.04, 5220247.87]}, "properties": {"type": "gap", "gap_m": 5.0, "vineyard_id": "V24", "row_id": "V24-R51", "reachable": true, "id": "T1038", "x": 629560.04, "y": 5220247.87, "order": 1069, "visited": true}}, {"type": "Feature", "geometry": {"type": "Point", "coordinates": [629533.33, 5220277.46]}, "properties": {"type": "gap", "gap_m": 24.3, "vineyard_id": "V21", "row_id": "V21-R12", "reachable": true, "id": "T0934", "x": 629533.33, "y": 5220277.46, "order": 576, "visited": true}}, {"type": "Feature", "geometry": {"type": "Point", "coordinates": [629535.92, 5220279.02]}, "properties": {"type": "gap", "gap_m": 43.7, "vineyard_id": "V21", "row_id": "V21-R11", "reachable": true, "id": "T0933", "x": 629535.92, "y": 5220279.02, "order": 577, "visited": true}}, {"type": "Feature", "geometry": {"type": "Point", "coordinates": [629538.12, 5220280.92]}, "properties": {"type": "gap", "gap_m": 47.1, "vineyard_id": "V21", "row_id": "V21-R10", "reachable": true, "id": "T0932", "x": 629538.12, "y": 5220280.92, "order": 578, "visited": true}}, {"type": "Feature", "geometry": {"type": "Point", "coordinates": [629569.78, 5220271.0]}, "properties": {"type": "gap", "gap_m": 6.0, "vineyard_id": "V24", "row_id": "V24-R41", "reachable": true, "id": "T1022", "x": 629569.78, "y": 5220271.0, "order": 1064, "visited": true}}, {"type": "Feature", "geometry": {"type": "Point", "coordinates": [629588.93, 5220250.25]}, "properties": {"type": "gap", "gap_m": 5.0, "vineyard_id": "V24", "row_id": "V24-R39", "reachable": true, "id": "T1020", "x": 629588.93, "y": 5220250.25, "order": 1063, "visited": true}}, {"type": "Feature", "geometry": {"type": "Point", "coordinates": [629583.91, 5220274.94]}, "properties": {"type": "gap", "gap_m": 7.6, "vineyard_id": "V24", "row_id": "V24-R31", "reachable": true, "id": "T1015", "x": 629583.91, "y": 5220274.94, "order": 580, "visited": true}}, {"type": "Feature", "geometry": {"type": "Point", "coordinates": [629589.07, 5220277.41]}, "properties": {"type": "gap", "gap_m": 9.4, "vineyard_id": "V24", "row_id": "V24-R29", "reachable": true, "id": "T1010", "x": 629589.07, "y": 5220277.41, "order": 582, "visited": true}}, {"type": "Feature", "geometry": {"type": "Point", "coordinates": [629608.56, 5220251.77]}, "properties": {"type": "gap", "gap_m": 3.1, "vineyard_id": "V24", "row_id": "V24-R29", "reachable": true, "id": "T1011", "x": 629608.56, "y": 5220251.77, "order": 1059, "visited": true}}, {"type": "Feature", "geometry": {"type": "Point", "coordinates": [629630.34, 5220230.5]}, "properties": {"type": "gap", "gap_m": 34.4, "vineyard_id": "V24", "row_id": "V24-R27", "reachable": true, "id": "T1008", "x": 629630.34, "y": 5220230.5, "order": 1058, "visited": true}}, {"type": "Feature", "geometry": {"type": "Point", "coordinates": [629634.56, 5220220.24]}, "properties": {"type": "gap", "gap_m": 35.9, "vineyard_id": "V24", "row_id": "V24-R28", "reachable": true, "id": "T1009", "x": 629634.56, "y": 5220220.24, "order": 1057, "visited": true}}, {"type": "Feature", "geometry": {"type": "Point", "coordinates": [629625.69, 5220227.15]}, "properties": {"type": "gap", "gap_m": 39.0, "vineyard_id": "V24", "row_id": "V24-R30", "reachable": true, "id": "T1014", "x": 629625.69, "y": 5220227.15, "order": 1056, "visited": true}}, {"type": "Feature", "geometry": {"type": "Point", "coordinates": [629623.95, 5220224.92]}, "properties": {"type": "gap", "gap_m": 34.8, "vineyard_id": "V24", "row_id": "V24-R31", "reachable": true, "id": "T1016", "x": 629623.95, "y": 5220224.92, "order": 1055, "visited": true}}, {"type": "Feature", "geometry": {"type": "Point", "coordinates": [629622.75, 5220221.96]}, "properties": {"type": "gap", "gap_m": 38.7, "vineyard_id": "V24", "row_id": "V24-R32", "reachable": true, "id": "T1017", "x": 629622.75, "y": 5220221.96, "order": 1054, "visited": true}}, {"type": "Feature", "geometry": {"type": "Point", "coordinates": [629646.5, 5220193.07]}, "properties": {"type": "gap", "gap_m": 6.6, "vineyard_id": "V29", "row_id": "V29-R27", "reachable": true, "id": "T1157", "x": 629646.5, "y": 5220193.07, "order": 1053, "visited": true}}, {"type": "Feature", "geometry": {"type": "Point", "coordinates": [629640.38, 5220190.82]}, "properties": {"type": "gap", "gap_m": 7.3, "vineyard_id": "V29", "row_id": "V29-R30", "reachable": true, "id": "T1160", "x": 629640.38, "y": 5220190.82, "order": 1052, "visited": true}}, {"type": "Feature", "geometry": {"type": "Point", "coordinates": [629637.8, 5220189.99]}, "properties": {"type": "gap", "gap_m": 6.7, "vineyard_id": "V29", "row_id": "V29-R31", "reachable": true, "id": "T1163", "x": 629637.8, "y": 5220189.99, "order": 1051, "visited": true}}, {"type": "Feature", "geometry": {"type": "Point", "coordinates": [629630.43, 5220174.75]}, "properties": {"type": "gap", "gap_m": 33.3, "vineyard_id": "V29", "row_id": "V29-R40", "reachable": true, "id": "T1174", "x": 629630.43, "y": 5220174.75, "order": 1077, "visited": true}}, {"type": "Feature", "geometry": {"type": "Point", "coordinates": [629599.95, 5220216.61]}, "properties": {"type": "gap", "gap_m": 20.5, "vineyard_id": "V24", "row_id": "V24-R44", "reachable": true, "id": "T1030", "x": 629599.95, "y": 5220216.61, "order": 1073, "visited": true}}, {"type": "Feature", "geometry": {"type": "Point", "coordinates": [629605.13, 5220214.45]}, "properties": {"type": "gap", "gap_m": 9.8, "vineyard_id": "V24", "row_id": "V24-R43", "reachable": true, "id": "T1028", "x": 629605.13, "y": 5220214.45, "order": 1074, "visited": true}}, {"type": "Feature", "geometry": {"type": "Point", "coordinates": [629602.57, 5220203.8]}, "properties": {"type": "gap", "gap_m": 11.7, "vineyard_id": "V24", "row_id": "V24-R47", "reachable": true, "id": "T1035", "x": 629602.57, "y": 5220203.8, "order": 1075, "visited": true}}, {"type": "Feature", "geometry": {"type": "Point", "coordinates": [629555.11, 5220209.15]}, "properties": {"type": "gap", "gap_m": 3.2, "vineyard_id": "V24", "row_id": "V24-R63", "reachable": true, "id": "T1063", "x": 629555.11, "y": 5220209.15, "order": 1108, "visited": true}}, {"type": "Feature", "geometry": {"type": "Point", "coordinates": [629552.72, 5220212.33]}, "properties": {"type": "gap", "gap_m": 3.1, "vineyard_id": "V24", "row_id": "V24-R63", "reachable": true, "id": "T1062", "x": 629552.72, "y": 5220212.33, "order": 1106, "visited": true}}, {"type": "Feature", "geometry": {"type": "Point", "coordinates": [629550.59, 5220215.17]}, "properties": {"type": "gap", "gap_m": 3.0, "vineyard_id": "V24", "row_id": "V24-R63", "reachable": true, "id": "T1061", "x": 629550.59, "y": 5220215.17, "order": 1107, "visited": true}}, {"type": "Feature", "geometry": {"type": "Point", "coordinates": [629548.38, 5220218.11]}, "properties": {"type": "gap", "gap_m": 3.6, "vineyard_id": "V24", "row_id": "V24-R63", "reachable": true, "id": "T1060", "x": 629548.38, "y": 5220218.11, "order": 1105, "visited": true}}, {"type": "Feature", "geometry": {"type": "Point", "coordinates": [629544.0, 5220223.94]}, "properties": {"type": "gap", "gap_m": 3.7, "vineyard_id": "V24", "row_id": "V24-R63", "reachable": true, "id": "T1059", "x": 629544.0, "y": 5220223.94, "order": 1098, "visited": true}}, {"type": "Feature", "geometry": {"type": "Point", "coordinates": [629542.07, 5220221.64]}, "properties": {"type": "gap", "gap_m": 3.0, "vineyard_id": "V24", "row_id": "V24-R64", "reachable": true, "id": "T1067", "x": 629542.07, "y": 5220221.64, "order": 1104, "visited": true}}, {"type": "Feature", "geometry": {"type": "Point", "coordinates": [629539.2, 5220230.33]}, "properties": {"type": "gap", "gap_m": 6.5, "vineyard_id": "V24", "row_id": "V24-R63", "reachable": true, "id": "T1058", "x": 629539.2, "y": 5220230.33, "order": 1099, "visited": true}}, {"type": "Feature", "geometry": {"type": "Point", "coordinates": [629532.54, 5220234.34]}, "properties": {"type": "gap", "gap_m": 3.2, "vineyard_id": "V24", "row_id": "V24-R64", "reachable": true, "id": "T1066", "x": 629532.54, "y": 5220234.34, "order": 1103, "visited": true}}, {"type": "Feature", "geometry": {"type": "Point", "coordinates": [629531.27, 5220240.88]}, "properties": {"type": "gap", "gap_m": 5.2, "vineyard_id": "V24", "row_id": "V24-R63", "reachable": true, "id": "T1057", "x": 629531.27, "y": 5220240.88, "order": 1100, "visited": true}}, {"type": "Feature", "geometry": {"type": "Point", "coordinates": [629523.37, 5220242.11]}, "properties": {"type": "gap", "gap_m": 4.4, "vineyard_id": "V24", "row_id": "V24-R65", "reachable": true, "id": "T1071", "x": 629523.37, "y": 5220242.11, "order": 1166, "visited": true}}, {"type": "Feature", "geometry": {"type": "Point", "coordinates": [629523.89, 5220245.87]}, "properties": {"type": "gap", "gap_m": 4.7, "vineyard_id": "V24", "row_id": "V24-R64", "reachable": true, "id": "T1065", "x": 629523.89, "y": 5220245.87, "order": 1101, "visited": true}}, {"type": "Feature", "geometry": {"type": "Point", "coordinates": [629520.0, 5220246.58]}, "properties": {"type": "gap", "gap_m": 5.3, "vineyard_id": "V24", "row_id": "V24-R65", "reachable": true, "id": "T1070", "x": 629520.0, "y": 5220246.58, "order": 1167, "visited": true}}, {"type": "Feature", "geometry": {"type": "Point", "coordinates": [629528.79, 5220234.91]}, "properties": {"type": "gap", "gap_m": 3.2, "vineyard_id": "V24", "row_id": "V24-R65", "reachable": true, "id": "T1072", "x": 629528.79, "y": 5220234.91, "order": 1102, "visited": true}}, {"type": "Feature", "geometry": {"type": "Point", "coordinates": [629533.73, 5220228.36]}, "properties": {"type": "gap", "gap_m": 5.6, "vineyard_id": "V24", "row_id": "V24-R65", "reachable": true, "id": "T1073", "x": 629533.73, "y": 5220228.36, "order": 1165, "visited": true}}, {"type": "Feature", "geometry": {"type": "Point", "coordinates": [629535.29, 5220221.87]}, "properties": {"type": "gap", "gap_m": 3.2, "vineyard_id": "V24", "row_id": "V24-R66", "reachable": true, "id": "T1079", "x": 629535.29, "y": 5220221.87, "order": 1164, "visited": true}}, {"type": "Feature", "geometry": {"type": "Point", "coordinates": [629527.02, 5220227.89]}, "properties": {"type": "gap", "gap_m": 3.3, "vineyard_id": "V24", "row_id": "V24-R67", "reachable": true, "id": "T1085", "x": 629527.02, "y": 5220227.89, "order": 1163, "visited": true}}, {"type": "Feature", "geometry": {"type": "Point", "coordinates": [629517.43, 5220240.62]}, "properties": {"type": "gap", "gap_m": 4.9, "vineyard_id": "V24", "row_id": "V24-R67", "reachable": true, "id": "T1083", "x": 629517.43, "y": 5220240.62, "order": 1162, "visited": true}}, {"type": "Feature", "geometry": {"type": "Point", "coordinates": [629523.44, 5220237.53]}, "properties": {"type": "gap", "gap_m": 5.0, "vineyard_id": "V24", "row_id": "V24-R66", "reachable": true, "id": "T1078", "x": 629523.44, "y": 5220237.53, "order": 1161, "visited": true}}, {"type": "Feature", "geometry": {"type": "Point", "coordinates": [629523.22, 5220232.92]}, "properties": {"type": "gap", "gap_m": 4.7, "vineyard_id": "V24", "row_id": "V24-R67", "reachable": true, "id": "T1084", "x": 629523.22, "y": 5220232.92, "order": 1160, "visited": true}}, {"type": "Feature", "geometry": {"type": "Point", "coordinates": [629530.16, 5220219.32]}, "properties": {"type": "gap", "gap_m": 8.7, "vineyard_id": "V24", "row_id": "V24-R68", "reachable": true, "id": "T1089", "x": 629530.16, "y": 5220219.32, "order": 1159, "visited": true}}, {"type": "Feature", "geometry": {"type": "Point", "coordinates": [629523.7, 5220222.75]}, "properties": {"type": "gap", "gap_m": 8.8, "vineyard_id": "V24", "row_id": "V24-R69", "reachable": true, "id": "T1091", "x": 629523.7, "y": 5220222.75, "order": 1158, "visited": true}}, {"type": "Feature", "geometry": {"type": "Point", "coordinates": [629535.22, 5220207.56]}, "properties": {"type": "gap", "gap_m": 8.4, "vineyard_id": "V24", "row_id": "V24-R69", "reachable": true, "id": "T1093", "x": 629535.22, "y": 5220207.56, "order": 1157, "visited": true}}, {"type": "Feature", "geometry": {"type": "Point", "coordinates": [629530.49, 5220213.81]}, "properties": {"type": "gap", "gap_m": 3.0, "vineyard_id": "V24", "row_id": "V24-R69", "reachable": true, "id": "T1092", "x": 629530.49, "y": 5220213.81, "order": 1156, "visited": true}}, {"type": "Feature", "geometry": {"type": "Point", "coordinates": [629523.35, 5220218.95]}, "properties": {"type": "gap", "gap_m": 3.9, "vineyard_id": "V24", "row_id": "V24-R70", "reachable": true, "id": "T1095", "x": 629523.35, "y": 5220218.95, "order": 1155, "visited": true}}, {"type": "Feature", "geometry": {"type": "Point", "coordinates": [629526.1, 5220215.31]}, "properties": {"type": "gap", "gap_m": 3.8, "vineyard_id": "V24", "row_id": "V24-R70", "reachable": true, "id": "T1096", "x": 629526.1, "y": 5220215.31, "order": 1154, "visited": true}}, {"type": "Feature", "geometry": {"type": "Point", "coordinates": [629516.92, 5220222.49]}, "properties": {"type": "gap", "gap_m": 5.8, "vineyard_id": "V25", "row_id": "V25-R01", "reachable": true, "id": "T1098", "x": 629516.92, "y": 5220222.49, "order": 1149, "visited": true}}, {"type": "Feature", "geometry": {"type": "Point", "coordinates": [629518.36, 5220229.79]}, "properties": {"type": "gap", "gap_m": 7.2, "vineyard_id": "V24", "row_id": "V24-R69", "reachable": true, "id": "T1090", "x": 629518.36, "y": 5220229.79, "order": 1148, "visited": true}}, {"type": "Feature", "geometry": {"type": "Point", "coordinates": [629509.64, 5220232.15]}, "properties": {"type": "gap", "gap_m": 15.9, "vineyard_id": "V25", "row_id": "V25-R01", "reachable": true, "id": "T1097", "x": 629509.64, "y": 5220232.15, "order": 1147, "visited": true}}, {"type": "Feature", "geometry": {"type": "Point", "coordinates": [629509.85, 5220236.86]}, "properties": {"type": "gap", "gap_m": 14.4, "vineyard_id": "V24", "row_id": "V24-R70", "reachable": true, "id": "T1094", "x": 629509.85, "y": 5220236.86, "order": 1146, "visited": true}}, {"type": "Feature", "geometry": {"type": "Point", "coordinates": [629494.92, 5220236.99]}, "properties": {"type": "gap", "gap_m": 16.2, "vineyard_id": "V23", "row_id": "V23-R01", "reachable": true, "id": "T0955", "x": 629494.92, "y": 5220236.99, "order": 1, "visited": true}}, {"type": "Feature", "geometry": {"type": "Point", "coordinates": [629482.1, 5220235.96]}, "properties": {"type": "gap", "gap_m": 3.8, "vineyard_id": "V23", "row_id": "V23-R02", "reachable": true, "id": "T0956", "x": 629482.1, "y": 5220235.96, "order": 2, "visited": true}}, {"type": "Feature", "geometry": {"type": "Point", "coordinates": [629499.66, 5220233.78]}, "properties": {"type": "gap", "gap_m": 6.0, "vineyard_id": "V23", "row_id": "V23-R02", "reachable": true, "id": "T0957", "x": 629499.66, "y": 5220233.78, "order": 1145, "visited": true}}, {"type": "Feature", "geometry": {"type": "Point", "coordinates": [629499.23, 5220231.3]}, "properties": {"type": "gap", "gap_m": 6.7, "vineyard_id": "V23", "row_id": "V23-R03", "reachable": true, "id": "T0959", "x": 629499.23, "y": 5220231.3, "order": 1144, "visited": true}}, {"type": "Feature", "geometry": {"type": "Point", "coordinates": [629469.85, 5220234.88]}, "properties": {"type": "gap", "gap_m": 3.3, "vineyard_id": "V23", "row_id": "V23-R03", "reachable": true, "id": "T0958", "x": 629469.85, "y": 5220234.88, "order": 1143, "visited": true}}, {"type": "Feature", "geometry": {"type": "Point", "coordinates": [629479.99, 5220227.21]}, "properties": {"type": "gap", "gap_m": 3.2, "vineyard_id": "V23", "row_id": "V23-R05", "reachable": true, "id": "T0961", "x": 629479.99, "y": 5220227.21, "order": 1142, "visited": true}}, {"type": "Feature", "geometry": {"type": "Point", "coordinates": [629498.62, 5220228.36]}, "properties": {"type": "gap", "gap_m": 8.4, "vineyard_id": "V23", "row_id": "V23-R04", "reachable": true, "id": "T0960", "x": 629498.62, "y": 5220228.36, "order": 1141, "visited": true}}, {"type": "Feature", "geometry": {"type": "Point", "coordinates": [629497.71, 5220225.05]}, "properties": {"type": "gap", "gap_m": 10.4, "vineyard_id": "V23", "row_id": "V23-R05", "reachable": true, "id": "T0962", "x": 629497.71, "y": 5220225.05, "order": 1140, "visited": true}}, {"type": "Feature", "geometry": {"type": "Point", "coordinates": [629531.31, 5220203.38]}, "properties": {"type": "gap", "gap_m": 4.4, "vineyard_id": "V25", "row_id": "V25-R01", "reachable": true, "id": "T1100", "x": 629531.31, "y": 5220203.38, "order": 1153, "visited": true}}, {"type": "Feature", "geometry": {"type": "Point", "coordinates": [629533.76, 5220196.29]}, "properties": {"type": "gap", "gap_m": 11.6, "vineyard_id": "V25", "row_id": "V25-R04", "reachable": true, "id": "T1105", "x": 629533.76, "y": 5220196.29, "order": 1138, "visited": true}}, {"type": "Feature", "geometry": {"type": "Point", "coordinates": [629534.0, 5220193.52]}, "properties": {"type": "gap", "gap_m": 8.8, "vineyard_id": "V25", "row_id": "V25-R05", "reachable": true, "id": "T1107", "x": 629534.0, "y": 5220193.52, "order": 1139, "visited": true}}, {"type": "Feature", "geometry": {"type": "Point", "coordinates": [629542.74, 5220184.92]}, "properties": {"type": "gap", "gap_m": 11.4, "vineyard_id": "V27", "row_id": "V27-R01", "reachable": true, "id": "T1108", "x": 629542.74, "y": 5220184.92, "order": 1132, "visited": true}}, {"type": "Feature", "geometry": {"type": "Point", "coordinates": [629541.23, 5220182.78]}, "properties": {"type": "gap", "gap_m": 4.5, "vineyard_id": "V27", "row_id": "V27-R02", "reachable": true, "id": "T1110", "x": 629541.23, "y": 5220182.78, "order": 1133, "visited": true}}, {"type": "Feature", "geometry": {"type": "Point", "coordinates": [629545.0, 5220177.69]}, "properties": {"type": "gap", "gap_m": 4.8, "vineyard_id": "V27", "row_id": "V27-R03", "reachable": true, "id": "T1112", "x": 629545.0, "y": 5220177.69, "order": 1129, "visited": true}}, {"type": "Feature", "geometry": {"type": "Point", "coordinates": [629551.4, 5220168.84]}, "properties": {"type": "gap", "gap_m": 4.5, "vineyard_id": "V27", "row_id": "V27-R05", "reachable": true, "id": "T1113", "x": 629551.4, "y": 5220168.84, "order": 1128, "visited": true}}, {"type": "Feature", "geometry": {"type": "Point", "coordinates": [629560.32, 5220164.96]}, "properties": {"type": "gap", "gap_m": 5.9, "vineyard_id": "V29", "row_id": "V29-R72", "reachable": true, "id": "T1198", "x": 629560.32, "y": 5220164.96, "order": 1126, "visited": true}}, {"type": "Feature", "geometry": {"type": "Point", "coordinates": [629563.0, 5220166.28]}, "properties": {"type": "gap", "gap_m": 7.5, "vineyard_id": "V29", "row_id": "V29-R71", "reachable": true, "id": "T1196", "x": 629563.0, "y": 5220166.28, "order": 1127, "visited": true}}, {"type": "Feature", "geometry": {"type": "Point", "coordinates": [629566.22, 5220166.66]}, "properties": {"type": "gap", "gap_m": 6.3, "vineyard_id": "V29", "row_id": "V29-R70", "reachable": true, "id": "T1194", "x": 629566.22, "y": 5220166.66, "order": 1118, "visited": true}}, {"type": "Feature", "geometry": {"type": "Point", "coordinates": [629568.79, 5220167.99]}, "properties": {"type": "gap", "gap_m": 5.9, "vineyard_id": "V29", "row_id": "V29-R69", "reachable": true, "id": "T1193", "x": 629568.79, "y": 5220167.99, "order": 1117, "visited": true}}, {"type": "Feature", "geometry": {"type": "Point", "coordinates": [629571.33, 5220169.27]}, "properties": {"type": "gap", "gap_m": 6.9, "vineyard_id": "V24", "row_id": "V24-R67", "reachable": true, "id": "T1088", "x": 629571.33, "y": 5220169.27, "order": 1116, "visited": true}}, {"type": "Feature", "geometry": {"type": "Point", "coordinates": [629574.43, 5220169.8]}, "properties": {"type": "gap", "gap_m": 6.9, "vineyard_id": "V24", "row_id": "V24-R66", "reachable": true, "id": "T1082", "x": 629574.43, "y": 5220169.8, "order": 1114, "visited": true}}, {"type": "Feature", "geometry": {"type": "Point", "coordinates": [629578.12, 5220169.67]}, "properties": {"type": "gap", "gap_m": 8.2, "vineyard_id": "V24", "row_id": "V24-R65", "reachable": true, "id": "T1076", "x": 629578.12, "y": 5220169.67, "order": 1113, "visited": true}}, {"type": "Feature", "geometry": {"type": "Point", "coordinates": [629580.04, 5220171.71]}, "properties": {"type": "gap", "gap_m": 6.0, "vineyard_id": "V24", "row_id": "V24-R64", "reachable": true, "id": "T1068", "x": 629580.04, "y": 5220171.71, "order": 1110, "visited": true}}, {"type": "Feature", "geometry": {"type": "Point", "coordinates": [629582.89, 5220172.51]}, "properties": {"type": "gap", "gap_m": 5.3, "vineyard_id": "V24", "row_id": "V24-R63", "reachable": true, "id": "T1064", "x": 629582.89, "y": 5220172.51, "order": 1109, "visited": true}}, {"type": "Feature", "geometry": {"type": "Point", "coordinates": [629585.88, 5220173.21]}, "properties": {"type": "gap", "gap_m": 6.5, "vineyard_id": "V29", "row_id": "V29-R61", "reachable": true, "id": "T1186", "x": 629585.88, "y": 5220173.21, "order": 1084, "visited": true}}, {"type": "Feature", "geometry": {"type": "Point", "coordinates": [629588.56, 5220174.19]}, "properties": {"type": "gap", "gap_m": 5.2, "vineyard_id": "V24", "row_id": "V24-R61", "reachable": true, "id": "T1054", "x": 629588.56, "y": 5220174.19, "order": 1085, "visited": true}}, {"type": "Feature", "geometry": {"type": "Point", "coordinates": [629591.2, 5220175.17]}, "properties": {"type": "gap", "gap_m": 6.0, "vineyard_id": "V24", "row_id": "V24-R60", "reachable": true, "id": "T1051", "x": 629591.2, "y": 5220175.17, "order": 1086, "visited": true}}, {"type": "Feature", "geometry": {"type": "Point", "coordinates": [629593.83, 5220175.93]}, "properties": {"type": "gap", "gap_m": 5.6, "vineyard_id": "V24", "row_id": "V24-R59", "reachable": true, "id": "T1046", "x": 629593.83, "y": 5220175.93, "order": 1087, "visited": true}}, {"type": "Feature", "geometry": {"type": "Point", "coordinates": [629621.53, 5220172.66]}, "properties": {"type": "gap", "gap_m": 34.4, "vineyard_id": "V29", "row_id": "V29-R46", "reachable": true, "id": "T1178", "x": 629621.53, "y": 5220172.66, "order": 1080, "visited": true}}, {"type": "Feature", "geometry": {"type": "Point", "coordinates": [629616.05, 5220175.27]}, "properties": {"type": "gap", "gap_m": 23.4, "vineyard_id": "V29", "row_id": "V29-R48", "reachable": true, "id": "T1179", "x": 629616.05, "y": 5220175.27, "order": 1081, "visited": true}}, {"type": "Feature", "geometry": {"type": "Point", "coordinates": [629622.79, 5220175.6]}, "properties": {"type": "gap", "gap_m": 24.8, "vineyard_id": "V29", "row_id": "V29-R44", "reachable": true, "id": "T1177", "x": 629622.79, "y": 5220175.6, "order": 1079, "visited": true}}, {"type": "Feature", "geometry": {"type": "Point", "coordinates": [629625.49, 5220176.77]}, "properties": {"type": "gap", "gap_m": 26.9, "vineyard_id": "V29", "row_id": "V29-R42", "reachable": true, "id": "T1175", "x": 629625.49, "y": 5220176.77, "order": 1078, "visited": true}}, {"type": "Feature", "geometry": {"type": "Point", "coordinates": [629633.14, 5220176.14]}, "properties": {"type": "gap", "gap_m": 30.3, "vineyard_id": "V29", "row_id": "V29-R38", "reachable": true, "id": "T1173", "x": 629633.14, "y": 5220176.14, "order": 1048, "visited": true}}, {"type": "Feature", "geometry": {"type": "Point", "coordinates": [629635.14, 5220177.97]}, "properties": {"type": "gap", "gap_m": 29.5, "vineyard_id": "V29", "row_id": "V29-R36", "reachable": true, "id": "T1171", "x": 629635.14, "y": 5220177.97, "order": 1049, "visited": true}}, {"type": "Feature", "geometry": {"type": "Point", "coordinates": [629631.64, 5220193.92]}, "properties": {"type": "gap", "gap_m": 3.3, "vineyard_id": "V29", "row_id": "V29-R32", "reachable": true, "id": "T1166", "x": 629631.64, "y": 5220193.92, "order": 1050, "visited": true}}, {"type": "Feature", "geometry": {"type": "Point", "coordinates": [629638.09, 5220178.66]}, "properties": {"type": "gap", "gap_m": 30.9, "vineyard_id": "V29", "row_id": "V29-R34", "reachable": true, "id": "T1169", "x": 629638.09, "y": 5220178.66, "order": 1047, "visited": true}}, {"type": "Feature", "geometry": {"type": "Point", "coordinates": [629641.29, 5220179.16]}, "properties": {"type": "gap", "gap_m": 30.3, "vineyard_id": "V29", "row_id": "V29-R32", "reachable": true, "id": "T1167", "x": 629641.29, "y": 5220179.16, "order": 1046, "visited": true}}, {"type": "Feature", "geometry": {"type": "Point", "coordinates": [629646.81, 5220176.21]}, "properties": {"type": "gap", "gap_m": 25.0, "vineyard_id": "V29", "row_id": "V29-R31", "reachable": true, "id": "T1164", "x": 629646.81, "y": 5220176.21, "order": 1045, "visited": true}}, {"type": "Feature", "geometry": {"type": "Point", "coordinates": [629648.78, 5220183.33]}, "properties": {"type": "gap", "gap_m": 27.2, "vineyard_id": "V29", "row_id": "V29-R29", "reachable": true, "id": "T1158", "x": 629648.78, "y": 5220183.33, "order": 1044, "visited": true}}, {"type": "Feature", "geometry": {"type": "Point", "coordinates": [629647.81, 5220179.37]}, "properties": {"type": "gap", "gap_m": 17.1, "vineyard_id": "V29", "row_id": "V29-R30", "reachable": true, "id": "T1161", "x": 629647.81, "y": 5220179.37, "order": 1043, "visited": true}}, {"type": "Feature", "geometry": {"type": "Point", "coordinates": [629679.45, 5220140.94]}, "properties": {"type": "gap", "gap_m": 5.3, "vineyard_id": "V29", "row_id": "V29-R29", "reachable": true, "id": "T1159", "x": 629679.45, "y": 5220140.94, "order": 1042, "visited": true}}, {"type": "Feature", "geometry": {"type": "Point", "coordinates": [629705.05, 5220102.96]}, "properties": {"type": "gap", "gap_m": 4.6, "vineyard_id": "V29", "row_id": "V29-R30", "reachable": true, "id": "T1162", "x": 629705.05, "y": 5220102.96, "order": 1041, "visited": true}}, {"type": "Feature", "geometry": {"type": "Point", "coordinates": [629713.25, 5220106.23]}, "properties": {"type": "gap", "gap_m": 6.2, "vineyard_id": "V29", "row_id": "V29-R26", "reachable": true, "id": "T1156", "x": 629713.25, "y": 5220106.23, "order": 1040, "visited": true}}, {"type": "Feature", "geometry": {"type": "Point", "coordinates": [629711.06, 5220104.45]}, "properties": {"type": "gap", "gap_m": 5.7, "vineyard_id": "V32", "row_id": "V32-R117", "reachable": true, "id": "T1377", "x": 629711.06, "y": 5220104.45, "order": 1039, "visited": true}}, {"type": "Feature", "geometry": {"type": "Point", "coordinates": [629702.08, 5220102.1]}, "properties": {"type": "gap", "gap_m": 4.4, "vineyard_id": "V29", "row_id": "V29-R31", "reachable": true, "id": "T1165", "x": 629702.08, "y": 5220102.1, "order": 1038, "visited": true}}, {"type": "Feature", "geometry": {"type": "Point", "coordinates": [629699.16, 5220101.31]}, "properties": {"type": "gap", "gap_m": 4.6, "vineyard_id": "V29", "row_id": "V29-R33", "reachable": true, "id": "T1168", "x": 629699.16, "y": 5220101.31, "order": 1037, "visited": true}}, {"type": "Feature", "geometry": {"type": "Point", "coordinates": [629696.58, 5220100.37]}, "properties": {"type": "gap", "gap_m": 4.1, "vineyard_id": "V29", "row_id": "V29-R35", "reachable": true, "id": "T1170", "x": 629696.58, "y": 5220100.37, "order": 1036, "visited": true}}, {"type": "Feature", "geometry": {"type": "Point", "coordinates": [629693.84, 5220099.32]}, "properties": {"type": "gap", "gap_m": 4.1, "vineyard_id": "V29", "row_id": "V29-R37", "reachable": true, "id": "T1172", "x": 629693.84, "y": 5220099.32, "order": 1035, "visited": true}}, {"type": "Feature", "geometry": {"type": "Point", "coordinates": [629674.1, 5220092.88]}, "properties": {"type": "gap", "gap_m": 4.9, "vineyard_id": "V32", "row_id": "V32-R192", "reachable": true, "id": "T1528", "x": 629674.1, "y": 5220092.88, "order": 1034, "visited": true}}, {"type": "Feature", "geometry": {"type": "Point", "coordinates": [629670.71, 5220091.1]}, "properties": {"type": "gap", "gap_m": 6.7, "vineyard_id": "V32", "row_id": "V32-R191", "reachable": true, "id": "T1526", "x": 629670.71, "y": 5220091.1, "order": 1018, "visited": true}}, {"type": "Feature", "geometry": {"type": "Point", "coordinates": [629665.76, 5220090.74]}, "properties": {"type": "gap", "gap_m": 11.7, "vineyard_id": "V32", "row_id": "V32-R194", "reachable": true, "id": "T1530", "x": 629665.76, "y": 5220090.74, "order": 1019, "visited": true}}, {"type": "Feature", "geometry": {"type": "Point", "coordinates": [629659.87, 5220098.49]}, "properties": {"type": "gap", "gap_m": 3.2, "vineyard_id": "V29", "row_id": "V29-R54", "reachable": true, "id": "T1184", "x": 629659.87, "y": 5220098.49, "order": 1031, "visited": true}}, {"type": "Feature", "geometry": {"type": "Point", "coordinates": [629662.91, 5220089.86]}, "properties": {"type": "gap", "gap_m": 5.2, "vineyard_id": "V32", "row_id": "V32-R196", "reachable": true, "id": "T1532", "x": 629662.91, "y": 5220089.86, "order": 1020, "visited": true}}, {"type": "Feature", "geometry": {"type": "Point", "coordinates": [629660.77, 5220088.53]}, "properties": {"type": "gap", "gap_m": 4.6, "vineyard_id": "V32", "row_id": "V32-R198", "reachable": true, "id": "T1535", "x": 629660.77, "y": 5220088.53, "order": 1021, "visited": true}}, {"type": "Feature", "geometry": {"type": "Point", "coordinates": [629655.38, 5220086.92]}, "properties": {"type": "gap", "gap_m": 5.5, "vineyard_id": "V29", "row_id": "V29-R60", "reachable": true, "id": "T1185", "x": 629655.38, "y": 5220086.92, "order": 1022, "visited": true}}, {"type": "Feature", "geometry": {"type": "Point", "coordinates": [629649.93, 5220085.06]}, "properties": {"type": "gap", "gap_m": 4.7, "vineyard_id": "V29", "row_id": "V29-R62", "reachable": true, "id": "T1187", "x": 629649.93, "y": 5220085.06, "order": 1023, "visited": true}}, {"type": "Feature", "geometry": {"type": "Point", "coordinates": [629646.4, 5220077.63]}, "properties": {"type": "gap", "gap_m": 27.3, "vineyard_id": "V32", "row_id": "V32-R204", "reachable": true, "id": "T1537", "x": 629646.4, "y": 5220077.63, "order": 1029, "visited": true}}, {"type": "Feature", "geometry": {"type": "Point", "coordinates": [629639.73, 5220072.65]}, "properties": {"type": "gap", "gap_m": 33.5, "vineyard_id": "V32", "row_id": "V32-R209", "reachable": true, "id": "T1538", "x": 629639.73, "y": 5220072.65, "order": 1024, "visited": true}}, {"type": "Feature", "geometry": {"type": "Point", "coordinates": [629637.16, 5220071.35]}, "properties": {"type": "gap", "gap_m": 29.3, "vineyard_id": "V32", "row_id": "V32-R210", "reachable": true, "id": "T1539", "x": 629637.16, "y": 5220071.35, "order": 1025, "visited": true}}, {"type": "Feature", "geometry": {"type": "Point", "coordinates": [629638.86, 5220062.08]}, "properties": {"type": "gap", "gap_m": 3.2, "vineyard_id": "V32", "row_id": "V32-R213", "reachable": true, "id": "T1542", "x": 629638.86, "y": 5220062.08, "order": 1026, "visited": true}}, {"type": "Feature", "geometry": {"type": "Point", "coordinates": [629627.48, 5220075.18]}, "properties": {"type": "gap", "gap_m": 27.0, "vineyard_id": "V32", "row_id": "V32-R213", "reachable": true, "id": "T1541", "x": 629627.48, "y": 5220075.18, "order": 1027, "visited": true}}, {"type": "Feature", "geometry": {"type": "Point", "coordinates": [629629.23, 5220077.2]}, "properties": {"type": "gap", "gap_m": 33.1, "vineyard_id": "V32", "row_id": "V32-R211", "reachable": true, "id": "T1540", "x": 629629.23, "y": 5220077.2, "order": 1028, "visited": true}}, {"type": "Feature", "geometry": {"type": "Point", "coordinates": [629636.57, 5220097.9]}, "properties": {"type": "gap", "gap_m": 3.3, "vineyard_id": "V29", "row_id": "V29-R64", "reachable": true, "id": "T1189", "x": 629636.57, "y": 5220097.9, "order": 1030, "visited": true}}, {"type": "Feature", "geometry": {"type": "Point", "coordinates": [629692.07, 5220047.82]}, "properties": {"type": "gap", "gap_m": 6.7, "vineyard_id": "V32", "row_id": "V32-R198", "reachable": true, "id": "T1536", "x": 629692.07, "y": 5220047.82, "order": 1016, "visited": true}}, {"type": "Feature", "geometry": {"type": "Point", "coordinates": [629694.74, 5220048.38]}, "properties": {"type": "gap", "gap_m": 7.0, "vineyard_id": "V32", "row_id": "V32-R196", "reachable": true, "id": "T1533", "x": 629694.74, "y": 5220048.38, "order": 1015, "visited": true}}, {"type": "Feature", "geometry": {"type": "Point", "coordinates": [629736.09, 5220006.53]}, "properties": {"type": "gap", "gap_m": 7.3, "vineyard_id": "V32", "row_id": "V32-R197", "reachable": true, "id": "T1534", "x": 629736.09, "y": 5220006.53, "order": 1014, "visited": true}}, {"type": "Feature", "geometry": {"type": "Point", "coordinates": [629738.66, 5220007.5]}, "properties": {"type": "gap", "gap_m": 7.5, "vineyard_id": "V32", "row_id": "V32-R192", "reachable": true, "id": "T1529", "x": 629738.66, "y": 5220007.5, "order": 1013, "visited": true}}, {"type": "Feature", "geometry": {"type": "Point", "coordinates": [629741.1, 5220008.87]}, "properties": {"type": "gap", "gap_m": 7.4, "vineyard_id": "V32", "row_id": "V32-R186", "reachable": true, "id": "T1524", "x": 629741.1, "y": 5220008.87, "order": 1012, "visited": true}}, {"type": "Feature", "geometry": {"type": "Point", "coordinates": [629744.23, 5220009.67]}, "properties": {"type": "gap", "gap_m": 7.6, "vineyard_id": "V32", "row_id": "V32-R185", "reachable": true, "id": "T1523", "x": 629744.23, "y": 5220009.67, "order": 1011, "visited": true}}, {"type": "Feature", "geometry": {"type": "Point", "coordinates": [629747.49, 5220010.03]}, "properties": {"type": "gap", "gap_m": 6.9, "vineyard_id": "V32", "row_id": "V32-R183", "reachable": true, "id": "T1520", "x": 629747.49, "y": 5220010.03, "order": 1010, "visited": true}}, {"type": "Feature", "geometry": {"type": "Point", "coordinates": [629749.77, 5220011.64]}, "properties": {"type": "gap", "gap_m": 5.6, "vineyard_id": "V32", "row_id": "V32-R181", "reachable": true, "id": "T1518", "x": 629749.77, "y": 5220011.64, "order": 1009, "visited": true}}, {"type": "Feature", "geometry": {"type": "Point", "coordinates": [629753.15, 5220011.99]}, "properties": {"type": "gap", "gap_m": 7.2, "vineyard_id": "V32", "row_id": "V32-R176", "reachable": true, "id": "T1509", "x": 629753.15, "y": 5220011.99, "order": 1008, "visited": true}}, {"type": "Feature", "geometry": {"type": "Point", "coordinates": [629755.47, 5220013.23]}, "properties": {"type": "gap", "gap_m": 5.9, "vineyard_id": "V32", "row_id": "V32-R172", "reachable": true, "id": "T1498", "x": 629755.47, "y": 5220013.23, "order": 1007, "visited": true}}, {"type": "Feature", "geometry": {"type": "Point", "coordinates": [629778.53, 5220028.26]}, "properties": {"type": "gap", "gap_m": 3.5, "vineyard_id": "V32", "row_id": "V32-R137", "reachable": true, "id": "T1410", "x": 629778.53, "y": 5220028.26, "order": 663, "visited": true}}, {"type": "Feature", "geometry": {"type": "Point", "coordinates": [629769.28, 5220010.26]}, "properties": {"type": "gap", "gap_m": 4.9, "vineyard_id": "V32", "row_id": "V32-R138", "reachable": true, "id": "T1413", "x": 629769.28, "y": 5220010.26, "order": 1004, "visited": true}}, {"type": "Feature", "geometry": {"type": "Point", "coordinates": [629770.51, 5220008.53]}, "properties": {"type": "gap", "gap_m": 4.3, "vineyard_id": "V32", "row_id": "V32-R139", "reachable": true, "id": "T1415", "x": 629770.51, "y": 5220008.53, "order": 1004, "visited": true}}, {"type": "Feature", "geometry": {"type": "Point", "coordinates": [629775.07, 5220011.66]}, "properties": {"type": "gap", "gap_m": 4.5, "vineyard_id": "V32", "row_id": "V32-R135", "reachable": true, "id": "T1404", "x": 629775.07, "y": 5220011.66, "order": 1003, "visited": true}}, {"type": "Feature", "geometry": {"type": "Point", "coordinates": [629771.73, 5220007.24]}, "properties": {"type": "gap", "gap_m": 5.7, "vineyard_id": "V32", "row_id": "V32-R135", "reachable": true, "id": "T1405", "x": 629771.73, "y": 5220007.24, "order": 1002, "visited": true}}, {"type": "Feature", "geometry": {"type": "Point", "coordinates": [629775.82, 5220008.72]}, "properties": {"type": "gap", "gap_m": 14.1, "vineyard_id": "V32", "row_id": "V32-R123", "reachable": true, "id": "T1389", "x": 629775.82, "y": 5220008.72, "order": 1001, "visited": true}}, {"type": "Feature", "geometry": {"type": "Point", "coordinates": [629777.73, 5220006.38]}, "properties": {"type": "gap", "gap_m": 13.6, "vineyard_id": "V32", "row_id": "V32-R116", "reachable": true, "id": "T1376", "x": 629777.73, "y": 5220006.38, "order": 1000, "visited": true}}, {"type": "Feature", "geometry": {"type": "Point", "coordinates": [629779.32, 5220004.6]}, "properties": {"type": "gap", "gap_m": 13.6, "vineyard_id": "V32", "row_id": "V32-R103", "reachable": true, "id": "T1358", "x": 629779.32, "y": 5220004.6, "order": 999, "visited": true}}, {"type": "Feature", "geometry": {"type": "Point", "coordinates": [629781.26, 5220001.27]}, "properties": {"type": "gap", "gap_m": 13.3, "vineyard_id": "V32", "row_id": "V32-R099", "reachable": true, "id": "T1351", "x": 629781.26, "y": 5220001.27, "order": 998, "visited": true}}, {"type": "Feature", "geometry": {"type": "Point", "coordinates": [629790.65, 5220004.48]}, "properties": {"type": "gap", "gap_m": 3.8, "vineyard_id": "V32", "row_id": "V32-R102", "reachable": true, "id": "T1355", "x": 629790.65, "y": 5220004.48, "order": 676, "visited": true}}, {"type": "Feature", "geometry": {"type": "Point", "coordinates": [629797.71, 5220008.51]}, "properties": {"type": "gap", "gap_m": 9.1, "vineyard_id": "V32", "row_id": "V32-R106", "reachable": true, "id": "T1364", "x": 629797.71, "y": 5220008.51, "order": 674, "visited": true}}, {"type": "Feature", "geometry": {"type": "Point", "coordinates": [629795.75, 5219997.67]}, "properties": {"type": "gap", "gap_m": 3.8, "vineyard_id": "V32", "row_id": "V32-R109", "reachable": true, "id": "T1367", "x": 629795.75, "y": 5219997.67, "order": 679, "visited": true}}, {"type": "Feature", "geometry": {"type": "Point", "coordinates": [629800.39, 5220007.92]}, "properties": {"type": "gap", "gap_m": 5.4, "vineyard_id": "V32", "row_id": "V32-R107", "reachable": true, "id": "T1365", "x": 629800.39, "y": 5220007.92, "order": 677, "visited": true}}, {"type": "Feature", "geometry": {"type": "Point", "coordinates": [629799.92, 5220003.26]}, "properties": {"type": "gap", "gap_m": 5.9, "vineyard_id": "V32", "row_id": "V32-R109", "reachable": true, "id": "T1366", "x": 629799.92, "y": 5220003.26, "order": 678, "visited": true}}, {"type": "Feature", "geometry": {"type": "Point", "coordinates": [629803.67, 5220003.3]}, "properties": {"type": "gap", "gap_m": 5.4, "vineyard_id": "V32", "row_id": "V32-R110", "reachable": true, "id": "T1368", "x": 629803.67, "y": 5220003.3, "order": 681, "visited": true}}, {"type": "Feature", "geometry": {"type": "Point", "coordinates": [629804.35, 5220000.23]}, "properties": {"type": "gap", "gap_m": 8.1, "vineyard_id": "V32", "row_id": "V32-R112", "reachable": true, "id": "T1371", "x": 629804.35, "y": 5220000.23, "order": 680, "visited": true}}, {"type": "Feature", "geometry": {"type": "Point", "coordinates": [629786.2, 5220017.63]}, "properties": {"type": "gap", "gap_m": 3.8, "vineyard_id": "V32", "row_id": "V32-R116", "reachable": true, "id": "T1375", "x": 629786.2, "y": 5220017.63, "order": 669, "visited": true}}, {"type": "Feature", "geometry": {"type": "Point", "coordinates": [629784.2, 5220019.86]}, "properties": {"type": "gap", "gap_m": 12.9, "vineyard_id": "V32", "row_id": "V32-R123", "reachable": true, "id": "T1388", "x": 629784.2, "y": 5220019.86, "order": 668, "visited": true}}, {"type": "Feature", "geometry": {"type": "Point", "coordinates": [629790.13, 5220022.84]}, "properties": {"type": "gap", "gap_m": 4.2, "vineyard_id": "V32", "row_id": "V32-R116", "reachable": true, "id": "T1374", "x": 629790.13, "y": 5220022.84, "order": 667, "visited": true}}, {"type": "Feature", "geometry": {"type": "Point", "coordinates": [629789.58, 5220027.01]}, "properties": {"type": "gap", "gap_m": 3.7, "vineyard_id": "V32", "row_id": "V32-R123", "reachable": true, "id": "T1387", "x": 629789.58, "y": 5220027.01, "order": 666, "visited": true}}, {"type": "Feature", "geometry": {"type": "Point", "coordinates": [629781.85, 5220020.66]}, "properties": {"type": "gap", "gap_m": 7.7, "vineyard_id": "V32", "row_id": "V32-R135", "reachable": true, "id": "T1403", "x": 629781.85, "y": 5220020.66, "order": 665, "visited": true}}, {"type": "Feature", "geometry": {"type": "Point", "coordinates": [629776.65, 5220020.06]}, "properties": {"type": "gap", "gap_m": 16.3, "vineyard_id": "V32", "row_id": "V32-R138", "reachable": true, "id": "T1412", "x": 629776.65, "y": 5220020.06, "order": 664, "visited": true}}, {"type": "Feature", "geometry": {"type": "Point", "coordinates": [629770.33, 5220017.38]}, "properties": {"type": "gap", "gap_m": 16.3, "vineyard_id": "V32", "row_id": "V32-R137", "reachable": true, "id": "T1411", "x": 629770.33, "y": 5220017.38, "order": 1005, "visited": true}}, {"type": "Feature", "geometry": {"type": "Point", "coordinates": [629767.97, 5220029.79]}, "properties": {"type": "gap", "gap_m": 5.5, "vineyard_id": "V32", "row_id": "V32-R132", "reachable": true, "id": "T1400", "x": 629767.97, "y": 5220029.79, "order": 662, "visited": true}}, {"type": "Feature", "geometry": {"type": "Point", "coordinates": [629767.85, 5220040.22]}, "properties": {"type": "gap", "gap_m": 6.3, "vineyard_id": "V32", "row_id": "V32-R128", "reachable": true, "id": "T1397", "x": 629767.85, "y": 5220040.22, "order": 661, "visited": true}}, {"type": "Feature", "geometry": {"type": "Point", "coordinates": [629770.48, 5220038.84]}, "properties": {"type": "gap", "gap_m": 3.4, "vineyard_id": "V32", "row_id": "V32-R129", "reachable": true, "id": "T1398", "x": 629770.48, "y": 5220038.84, "order": 660, "visited": true}}, {"type": "Feature", "geometry": {"type": "Point", "coordinates": [629776.28, 5220080.19]}, "properties": {"type": "gap", "gap_m": 3.4, "vineyard_id": "V32", "row_id": "V32-R057", "reachable": true, "id": "T1303", "x": 629776.28, "y": 5220080.19, "order": 659, "visited": true}}, {"type": "Feature", "geometry": {"type": "Point", "coordinates": [629775.71, 5220085.56]}, "properties": {"type": "gap", "gap_m": 4.1, "vineyard_id": "V32", "row_id": "V32-R057", "reachable": true, "id": "T1302", "x": 629775.71, "y": 5220085.56, "order": 658, "visited": true}}, {"type": "Feature", "geometry": {"type": "Point", "coordinates": [629773.16, 5220083.53]}, "properties": {"type": "gap", "gap_m": 3.6, "vineyard_id": "V32", "row_id": "V32-R061", "reachable": true, "id": "T1309", "x": 629773.16, "y": 5220083.53, "order": 657, "visited": true}}, {"type": "Feature", "geometry": {"type": "Point", "coordinates": [629772.49, 5220089.89]}, "properties": {"type": "gap", "gap_m": 3.1, "vineyard_id": "V32", "row_id": "V32-R061", "reachable": true, "id": "T1308", "x": 629772.49, "y": 5220089.89, "order": 656, "visited": true}}, {"type": "Feature", "geometry": {"type": "Point", "coordinates": [629773.81, 5220103.62]}, "properties": {"type": "gap", "gap_m": 9.8, "vineyard_id": "V32", "row_id": "V32-R014", "reachable": true, "id": "T1224", "x": 629773.81, "y": 5220103.62, "order": 655, "visited": true}}, {"type": "Feature", "geometry": {"type": "Point", "coordinates": [629762.75, 5220110.83]}, "properties": {"type": "gap", "gap_m": 4.4, "vineyard_id": "V32", "row_id": "V32-R021", "reachable": true, "id": "T1236", "x": 629762.75, "y": 5220110.83, "order": 653, "visited": true}}, {"type": "Feature", "geometry": {"type": "Point", "coordinates": [629757.77, 5220121.12]}, "properties": {"type": "gap", "gap_m": 3.3, "vineyard_id": "V29", "row_id": "V29-R08", "reachable": true, "id": "T1127", "x": 629757.77, "y": 5220121.12, "order": 654, "visited": true}}, {"type": "Feature", "geometry": {"type": "Point", "coordinates": [629746.16, 5220117.76]}, "properties": {"type": "gap", "gap_m": 3.9, "vineyard_id": "V29", "row_id": "V29-R12", "reachable": true, "id": "T1130", "x": 629746.16, "y": 5220117.76, "order": 651, "visited": true}}, {"type": "Feature", "geometry": {"type": "Point", "coordinates": [629748.47, 5220119.41]}, "properties": {"type": "gap", "gap_m": 5.3, "vineyard_id": "V29", "row_id": "V29-R11", "reachable": true, "id": "T1128", "x": 629748.47, "y": 5220119.41, "order": 650, "visited": true}}, {"type": "Feature", "geometry": {"type": "Point", "coordinates": [629755.44, 5220110.26]}, "properties": {"type": "gap", "gap_m": 9.7, "vineyard_id": "V29", "row_id": "V29-R11", "reachable": true, "id": "T1129", "x": 629755.44, "y": 5220110.26, "order": 652, "visited": true}}, {"type": "Feature", "geometry": {"type": "Point", "coordinates": [629750.79, 5220111.62]}, "properties": {"type": "gap", "gap_m": 3.3, "vineyard_id": "V29", "row_id": "V29-R12", "reachable": true, "id": "T1131", "x": 629750.79, "y": 5220111.62, "order": 649, "visited": true}}, {"type": "Feature", "geometry": {"type": "Point", "coordinates": [629740.7, 5220115.73]}, "properties": {"type": "gap", "gap_m": 3.1, "vineyard_id": "V29", "row_id": "V29-R14", "reachable": true, "id": "T1132", "x": 629740.7, "y": 5220115.73, "order": 648, "visited": true}}, {"type": "Feature", "geometry": {"type": "Point", "coordinates": [629738.37, 5220114.36]}, "properties": {"type": "gap", "gap_m": 4.6, "vineyard_id": "V29", "row_id": "V29-R15", "reachable": true, "id": "T1133", "x": 629738.37, "y": 5220114.36, "order": 647, "visited": true}}, {"type": "Feature", "geometry": {"type": "Point", "coordinates": [629732.57, 5220112.27]}, "properties": {"type": "gap", "gap_m": 7.1, "vineyard_id": "V29", "row_id": "V29-R17", "reachable": true, "id": "T1139", "x": 629732.57, "y": 5220112.27, "order": 646, "visited": true}}, {"type": "Feature", "geometry": {"type": "Point", "coordinates": [629726.06, 5220108.31]}, "properties": {"type": "gap", "gap_m": 9.1, "vineyard_id": "V29", "row_id": "V29-R20", "reachable": true, "id": "T1150", "x": 629726.06, "y": 5220108.31, "order": 645, "visited": true}}, {"type": "Feature", "geometry": {"type": "Point", "coordinates": [629728.8, 5220108.89]}, "properties": {"type": "gap", "gap_m": 8.0, "vineyard_id": "V29", "row_id": "V29-R19", "reachable": true, "id": "T1149", "x": 629728.8, "y": 5220108.89, "order": 644, "visited": true}}, {"type": "Feature", "geometry": {"type": "Point", "coordinates": [629730.51, 5220110.63]}, "properties": {"type": "gap", "gap_m": 9.4, "vineyard_id": "V29", "row_id": "V29-R18", "reachable": true, "id": "T1146", "x": 629730.51, "y": 5220110.63, "order": 644, "visited": true}}, {"type": "Feature", "geometry": {"type": "Point", "coordinates": [629720.86, 5220123.22]}, "properties": {"type": "gap", "gap_m": 4.2, "vineyard_id": "V29", "row_id": "V29-R18", "reachable": true, "id": "T1145", "x": 629720.86, "y": 5220123.22, "order": 643, "visited": true}}, {"type": "Feature", "geometry": {"type": "Point", "coordinates": [629717.99, 5220126.95]}, "properties": {"type": "gap", "gap_m": 3.6, "vineyard_id": "V29", "row_id": "V29-R18", "reachable": true, "id": "T1144", "x": 629717.99, "y": 5220126.95, "order": 642, "visited": true}}, {"type": "Feature", "geometry": {"type": "Point", "coordinates": [629715.43, 5220130.29]}, "properties": {"type": "gap", "gap_m": 3.4, "vineyard_id": "V29", "row_id": "V29-R18", "reachable": true, "id": "T1143", "x": 629715.43, "y": 5220130.29, "order": 641, "visited": true}}, {"type": "Feature", "geometry": {"type": "Point", "coordinates": [629706.11, 5220142.63]}, "properties": {"type": "gap", "gap_m": 4.8, "vineyard_id": "V29", "row_id": "V29-R18", "reachable": true, "id": "T1142", "x": 629706.11, "y": 5220142.63, "order": 640, "visited": true}}, {"type": "Feature", "geometry": {"type": "Point", "coordinates": [629693.55, 5220158.67]}, "properties": {"type": "gap", "gap_m": 8.4, "vineyard_id": "V29", "row_id": "V29-R18", "reachable": true, "id": "T1141", "x": 629693.55, "y": 5220158.67, "order": 639, "visited": true}}, {"type": "Feature", "geometry": {"type": "Point", "coordinates": [629685.25, 5220165.67]}, "properties": {"type": "gap", "gap_m": 3.7, "vineyard_id": "V29", "row_id": "V29-R19", "reachable": true, "id": "T1148", "x": 629685.25, "y": 5220165.67, "order": 638, "visited": true}}, {"type": "Feature", "geometry": {"type": "Point", "coordinates": [629679.64, 5220172.9]}, "properties": {"type": "gap", "gap_m": 13.1, "vineyard_id": "V29", "row_id": "V29-R19", "reachable": true, "id": "T1147", "x": 629679.64, "y": 5220172.9, "order": 637, "visited": true}}, {"type": "Feature", "geometry": {"type": "Point", "coordinates": [629682.86, 5220176.79]}, "properties": {"type": "gap", "gap_m": 4.3, "vineyard_id": "V29", "row_id": "V29-R17", "reachable": true, "id": "T1137", "x": 629682.86, "y": 5220176.79, "order": 636, "visited": true}}, {"type": "Feature", "geometry": {"type": "Point", "coordinates": [629680.42, 5220175.79]}, "properties": {"type": "gap", "gap_m": 10.9, "vineyard_id": "V29", "row_id": "V29-R18", "reachable": true, "id": "T1140", "x": 629680.42, "y": 5220175.79, "order": 635, "visited": true}}, {"type": "Feature", "geometry": {"type": "Point", "coordinates": [629675.24, 5220186.69]}, "properties": {"type": "gap", "gap_m": 19.7, "vineyard_id": "V29", "row_id": "V29-R17", "reachable": true, "id": "T1136", "x": 629675.24, "y": 5220186.69, "order": 634, "visited": true}}, {"type": "Feature", "geometry": {"type": "Point", "coordinates": [629671.77, 5220201.48]}, "properties": {"type": "gap", "gap_m": 6.9, "vineyard_id": "V24", "row_id": "V24-R19", "reachable": true, "id": "T0999", "x": 629671.77, "y": 5220201.48, "order": 633, "visited": true}}, {"type": "Feature", "geometry": {"type": "Point", "coordinates": [629674.21, 5220202.66]}, "properties": {"type": "gap", "gap_m": 6.9, "vineyard_id": "V24", "row_id": "V24-R18", "reachable": true, "id": "T0996", "x": 629674.21, "y": 5220202.66, "order": 632, "visited": true}}, {"type": "Feature", "geometry": {"type": "Point", "coordinates": [629677.19, 5220203.45]}, "properties": {"type": "gap", "gap_m": 6.6, "vineyard_id": "V24", "row_id": "V24-R16", "reachable": true, "id": "T0994", "x": 629677.19, "y": 5220203.45, "order": 631, "visited": true}}, {"type": "Feature", "geometry": {"type": "Point", "coordinates": [629680.45, 5220203.62]}, "properties": {"type": "gap", "gap_m": 6.7, "vineyard_id": "V24", "row_id": "V24-R13", "reachable": true, "id": "T0991", "x": 629680.45, "y": 5220203.62, "order": 630, "visited": true}}, {"type": "Feature", "geometry": {"type": "Point", "coordinates": [629682.77, 5220205.1]}, "properties": {"type": "gap", "gap_m": 6.7, "vineyard_id": "V24", "row_id": "V24-R12", "reachable": true, "id": "T0989", "x": 629682.77, "y": 5220205.1, "order": 629, "visited": true}}, {"type": "Feature", "geometry": {"type": "Point", "coordinates": [629686.08, 5220205.58]}, "properties": {"type": "gap", "gap_m": 5.3, "vineyard_id": "V24", "row_id": "V24-R10", "reachable": true, "id": "T0987", "x": 629686.08, "y": 5220205.58, "order": 628, "visited": true}}, {"type": "Feature", "geometry": {"type": "Point", "coordinates": [629688.04, 5220207.49]}, "properties": {"type": "gap", "gap_m": 8.7, "vineyard_id": "V24", "row_id": "V24-R08", "reachable": true, "id": "T0985", "x": 629688.04, "y": 5220207.49, "order": 627, "visited": true}}, {"type": "Feature", "geometry": {"type": "Point", "coordinates": [629691.19, 5220208.07]}, "properties": {"type": "gap", "gap_m": 7.8, "vineyard_id": "V24", "row_id": "V24-R06", "reachable": true, "id": "T0983", "x": 629691.19, "y": 5220208.07, "order": 626, "visited": true}}, {"type": "Feature", "geometry": {"type": "Point", "coordinates": [629694.69, 5220207.9]}, "properties": {"type": "gap", "gap_m": 8.3, "vineyard_id": "V24", "row_id": "V24-R05", "reachable": true, "id": "T0981", "x": 629694.69, "y": 5220207.9, "order": 625, "visited": true}}, {"type": "Feature", "geometry": {"type": "Point", "coordinates": [629696.57, 5220210.11]}, "properties": {"type": "gap", "gap_m": 4.1, "vineyard_id": "V24", "row_id": "V24-R04", "reachable": true, "id": "T0978", "x": 629696.57, "y": 5220210.11, "order": 624, "visited": true}}, {"type": "Feature", "geometry": {"type": "Point", "coordinates": [629700.02, 5220210.0]}, "properties": {"type": "gap", "gap_m": 5.9, "vineyard_id": "V24", "row_id": "V24-R03", "reachable": true, "id": "T0976", "x": 629700.02, "y": 5220210.0, "order": 623, "visited": true}}, {"type": "Feature", "geometry": {"type": "Point", "coordinates": [629690.48, 5220227.07]}, "properties": {"type": "gap", "gap_m": 47.6, "vineyard_id": "V24", "row_id": "V24-R02", "reachable": true, "id": "T0970", "x": 629690.48, "y": 5220227.07, "order": 622, "visited": true}}, {"type": "Feature", "geometry": {"type": "Point", "coordinates": [629671.2, 5220247.31]}, "properties": {"type": "gap", "gap_m": 3.3, "vineyard_id": "V24", "row_id": "V24-R03", "reachable": true, "id": "T0974", "x": 629671.2, "y": 5220247.31, "order": 621, "visited": true}}, {"type": "Feature", "geometry": {"type": "Point", "coordinates": [629662.39, 5220258.76]}, "properties": {"type": "gap", "gap_m": 3.2, "vineyard_id": "V24", "row_id": "V24-R03", "reachable": true, "id": "T0972", "x": 629662.39, "y": 5220258.76, "order": 620, "visited": true}}, {"type": "Feature", "geometry": {"type": "Point", "coordinates": [629666.81, 5220252.98]}, "properties": {"type": "gap", "gap_m": 3.4, "vineyard_id": "V24", "row_id": "V24-R03", "reachable": true, "id": "T0973", "x": 629666.81, "y": 5220252.98, "order": 619, "visited": true}}, {"type": "Feature", "geometry": {"type": "Point", "coordinates": [629661.13, 5220265.11]}, "properties": {"type": "gap", "gap_m": 4.4, "vineyard_id": "V24", "row_id": "V24-R02", "reachable": true, "id": "T0969", "x": 629661.13, "y": 5220265.11, "order": 618, "visited": true}}, {"type": "Feature", "geometry": {"type": "Point", "coordinates": [629656.79, 5220270.73]}, "properties": {"type": "gap", "gap_m": 3.3, "vineyard_id": "V24", "row_id": "V24-R02", "reachable": true, "id": "T0968", "x": 629656.79, "y": 5220270.73, "order": 617, "visited": true}}, {"type": "Feature", "geometry": {"type": "Point", "coordinates": [629652.04, 5220272.11]}, "properties": {"type": "gap", "gap_m": 3.6, "vineyard_id": "V24", "row_id": "V24-R03", "reachable": true, "id": "T0971", "x": 629652.04, "y": 5220272.11, "order": 616, "visited": true}}, {"type": "Feature", "geometry": {"type": "Point", "coordinates": [629653.86, 5220274.54]}, "properties": {"type": "gap", "gap_m": 3.8, "vineyard_id": "V24", "row_id": "V24-R02", "reachable": true, "id": "T0967", "x": 629653.86, "y": 5220274.54, "order": 615, "visited": true}}, {"type": "Feature", "geometry": {"type": "Point", "coordinates": [629655.24, 5220295.54]}, "properties": {"type": "gap", "gap_m": 3.3, "vineyard_id": "V22", "row_id": "V22-R09", "reachable": true, "id": "T0951", "x": 629655.24, "y": 5220295.54, "order": 613, "visited": true}}, {"type": "Feature", "geometry": {"type": "Point", "coordinates": [629684.32, 5220279.92]}, "properties": {"type": "gap", "gap_m": 21.8, "vineyard_id": "V22", "row_id": "V22-R03", "reachable": true, "id": "T0943", "x": 629684.32, "y": 5220279.92, "order": 606, "visited": true}}, {"type": "Feature", "geometry": {"type": "Point", "coordinates": [629671.91, 5220295.2]}, "properties": {"type": "gap", "gap_m": 13.1, "vineyard_id": "V22", "row_id": "V22-R03", "reachable": true, "id": "T0942", "x": 629671.91, "y": 5220295.2, "order": 604, "visited": true}}, {"type": "Feature", "geometry": {"type": "Point", "coordinates": [629669.01, 5220293.03]}, "properties": {"type": "gap", "gap_m": 13.2, "vineyard_id": "V22", "row_id": "V22-R04", "reachable": true, "id": "T0944", "x": 629669.01, "y": 5220293.03, "order": 605, "visited": true}}, {"type": "Feature", "geometry": {"type": "Point", "coordinates": [629669.65, 5220287.29]}, "properties": {"type": "gap", "gap_m": 4.9, "vineyard_id": "V22", "row_id": "V22-R06", "reachable": true, "id": "T0947", "x": 629669.65, "y": 5220287.29, "order": 607, "visited": true}}, {"type": "Feature", "geometry": {"type": "Point", "coordinates": [629681.6, 5220277.5]}, "properties": {"type": "gap", "gap_m": 21.9, "vineyard_id": "V22", "row_id": "V22-R04", "reachable": true, "id": "T0945", "x": 629681.6, "y": 5220277.5, "order": 608, "visited": true}}, {"type": "Feature", "geometry": {"type": "Point", "coordinates": [629685.17, 5220268.18]}, "properties": {"type": "gap", "gap_m": 3.2, "vineyard_id": "V22", "row_id": "V22-R06", "reachable": true, "id": "T0949", "x": 629685.17, "y": 5220268.18, "order": 609, "visited": true}}, {"type": "Feature", "geometry": {"type": "Point", "coordinates": [629677.44, 5220277.7]}, "properties": {"type": "gap", "gap_m": 16.8, "vineyard_id": "V22", "row_id": "V22-R06", "reachable": true, "id": "T0948", "x": 629677.44, "y": 5220277.7, "order": 610, "visited": true}}, {"type": "Feature", "geometry": {"type": "Point", "coordinates": [629664.13, 5220287.58]}, "properties": {"type": "gap", "gap_m": 12.4, "vineyard_id": "V22", "row_id": "V22-R08", "reachable": true, "id": "T0950", "x": 629664.13, "y": 5220287.58, "order": 611, "visited": true}}, {"type": "Feature", "geometry": {"type": "Point", "coordinates": [629665.52, 5220292.38]}, "properties": {"type": "gap", "gap_m": 7.1, "vineyard_id": "V22", "row_id": "V22-R06", "reachable": true, "id": "T0946", "x": 629665.52, "y": 5220292.38, "order": 612, "visited": true}}, {"type": "Feature", "geometry": {"type": "Point", "coordinates": [629651.41, 5220291.76]}, "properties": {"type": "gap", "gap_m": 15.6, "vineyard_id": "V22", "row_id": "V22-R11", "reachable": true, "id": "T0953", "x": 629651.41, "y": 5220291.76, "order": 614, "visited": true}}, {"type": "Feature", "geometry": {"type": "Point", "coordinates": [629639.79, 5220279.32]}, "properties": {"type": "gap", "gap_m": 4.1, "vineyard_id": "V24", "row_id": "V24-R05", "reachable": true, "id": "T0979", "x": 629639.79, "y": 5220279.32, "order": 603, "visited": true}}, {"type": "Feature", "geometry": {"type": "Point", "coordinates": [629624.58, 5220271.69]}, "properties": {"type": "gap", "gap_m": 4.1, "vineyard_id": "V24", "row_id": "V24-R16", "reachable": true, "id": "T0992", "x": 629624.58, "y": 5220271.69, "order": 602, "visited": true}}, {"type": "Feature", "geometry": {"type": "Point", "coordinates": [629653.22, 5220243.67]}, "properties": {"type": "gap", "gap_m": 15.1, "vineyard_id": "V24", "row_id": "V24-R12", "reachable": true, "id": "T0988", "x": 629653.22, "y": 5220243.67, "order": 601, "visited": true}}, {"type": "Feature", "geometry": {"type": "Point", "coordinates": [629651.08, 5220241.76]}, "properties": {"type": "gap", "gap_m": 21.1, "vineyard_id": "V24", "row_id": "V24-R13", "reachable": true, "id": "T0990", "x": 629651.08, "y": 5220241.76, "order": 600, "visited": true}}, {"type": "Feature", "geometry": {"type": "Point", "coordinates": [629649.14, 5220239.58]}, "properties": {"type": "gap", "gap_m": 27.4, "vineyard_id": "V24", "row_id": "V24-R16", "reachable": true, "id": "T0993", "x": 629649.14, "y": 5220239.58, "order": 599, "visited": true}}, {"type": "Feature", "geometry": {"type": "Point", "coordinates": [629631.48, 5220253.58]}, "properties": {"type": "gap", "gap_m": 3.8, "vineyard_id": "V24", "row_id": "V24-R19", "reachable": true, "id": "T0997", "x": 629631.48, "y": 5220253.58, "order": 598, "visited": true}}, {"type": "Feature", "geometry": {"type": "Point", "coordinates": [629647.9, 5220236.78]}, "properties": {"type": "gap", "gap_m": 32.4, "vineyard_id": "V24", "row_id": "V24-R18", "reachable": true, "id": "T0995", "x": 629647.9, "y": 5220236.78, "order": 597, "visited": true}}, {"type": "Feature", "geometry": {"type": "Point", "coordinates": [629645.9, 5220234.69]}, "properties": {"type": "gap", "gap_m": 37.6, "vineyard_id": "V24", "row_id": "V24-R19", "reachable": true, "id": "T0998", "x": 629645.9, "y": 5220234.69, "order": 596, "visited": true}}, {"type": "Feature", "geometry": {"type": "Point", "coordinates": [629642.07, 5220228.61]}, "properties": {"type": "gap", "gap_m": 33.7, "vineyard_id": "V24", "row_id": "V24-R23", "reachable": true, "id": "T1001", "x": 629642.07, "y": 5220228.61, "order": 594, "visited": true}}, {"type": "Feature", "geometry": {"type": "Point", "coordinates": [629643.31, 5220231.53]}, "properties": {"type": "gap", "gap_m": 25.9, "vineyard_id": "V24", "row_id": "V24-R22", "reachable": true, "id": "T1000", "x": 629643.31, "y": 5220231.53, "order": 595, "visited": true}}, {"type": "Feature", "geometry": {"type": "Point", "coordinates": [629645.74, 5220216.41]}, "properties": {"type": "gap", "gap_m": 8.8, "vineyard_id": "V24", "row_id": "V24-R26", "reachable": true, "id": "T1007", "x": 629645.74, "y": 5220216.41, "order": 593, "visited": true}}, {"type": "Feature", "geometry": {"type": "Point", "coordinates": [629634.27, 5220229.61]}, "properties": {"type": "gap", "gap_m": 25.3, "vineyard_id": "V24", "row_id": "V24-R26", "reachable": true, "id": "T1006", "x": 629634.27, "y": 5220229.61, "order": 592, "visited": true}}, {"type": "Feature", "geometry": {"type": "Point", "coordinates": [629639.89, 5220227.05]}, "properties": {"type": "gap", "gap_m": 31.7, "vineyard_id": "V24", "row_id": "V24-R24", "reachable": true, "id": "T1005", "x": 629639.89, "y": 5220227.05, "order": 591, "visited": true}}, {"type": "Feature", "geometry": {"type": "Point", "coordinates": [629622.03, 5220247.65]}, "properties": {"type": "gap", "gap_m": 6.4, "vineyard_id": "V24", "row_id": "V24-R24", "reachable": true, "id": "T1004", "x": 629622.03, "y": 5220247.65, "order": 590, "visited": true}}, {"type": "Feature", "geometry": {"type": "Point", "coordinates": [629612.72, 5220260.04]}, "properties": {"type": "gap", "gap_m": 3.1, "vineyard_id": "V24", "row_id": "V24-R24", "reachable": true, "id": "T1003", "x": 629612.72, "y": 5220260.04, "order": 589, "visited": true}}, {"type": "Feature", "geometry": {"type": "Point", "coordinates": [629604.13, 5220271.16]}, "properties": {"type": "gap", "gap_m": 3.1, "vineyard_id": "V21", "row_id": "V21-R03", "reachable": true, "id": "T0927", "x": 629604.13, "y": 5220271.16, "order": 588, "visited": true}}, {"type": "Feature", "geometry": {"type": "Point", "coordinates": [629602.99, 5220282.36]}, "properties": {"type": "gap", "gap_m": 5.0, "vineyard_id": "V21", "row_id": "V21-R01", "reachable": true, "id": "T0924", "x": 629602.99, "y": 5220282.36, "order": 587, "visited": true}}, {"type": "Feature", "geometry": {"type": "Point", "coordinates": [629600.14, 5220281.31]}, "properties": {"type": "gap", "gap_m": 6.6, "vineyard_id": "V21", "row_id": "V21-R02", "reachable": true, "id": "T0925", "x": 629600.14, "y": 5220281.31, "order": 586, "visited": true}}, {"type": "Feature", "geometry": {"type": "Point", "coordinates": [629597.15, 5220280.43]}, "properties": {"type": "gap", "gap_m": 7.2, "vineyard_id": "V21", "row_id": "V21-R03", "reachable": true, "id": "T0926", "x": 629597.15, "y": 5220280.43, "order": 585, "visited": true}}, {"type": "Feature", "geometry": {"type": "Point", "coordinates": [629594.06, 5220280.22]}, "properties": {"type": "gap", "gap_m": 7.9, "vineyard_id": "V21", "row_id": "V21-R04", "reachable": true, "id": "T0928", "x": 629594.06, "y": 5220280.22, "order": 584, "visited": true}}, {"type": "Feature", "geometry": {"type": "Point", "coordinates": [629592.18, 5220278.34]}, "properties": {"type": "gap", "gap_m": 10.3, "vineyard_id": "V21", "row_id": "V21-R05", "reachable": true, "id": "T0929", "x": 629592.18, "y": 5220278.34, "order": 583, "visited": true}}, {"type": "Feature", "geometry": {"type": "Point", "coordinates": [629586.11, 5220276.93]}, "properties": {"type": "gap", "gap_m": 7.2, "vineyard_id": "V24", "row_id": "V24-R30", "reachable": true, "id": "T1012", "x": 629586.11, "y": 5220276.93, "order": 581, "visited": true}}, {"type": "Feature", "geometry": {"type": "Point", "coordinates": [629580.19, 5220275.32]}, "properties": {"type": "gap", "gap_m": 7.2, "vineyard_id": "V24", "row_id": "V24-R33", "reachable": true, "id": "T1018", "x": 629580.19, "y": 5220275.32, "order": 1060, "visited": true}}, {"type": "Feature", "geometry": {"type": "Point", "coordinates": [629577.05, 5220274.64]}, "properties": {"type": "gap", "gap_m": 5.5, "vineyard_id": "V21", "row_id": "V21-R06", "reachable": true, "id": "T0930", "x": 629577.05, "y": 5220274.64, "order": 1061, "visited": true}}, {"type": "Feature", "geometry": {"type": "Point", "coordinates": [629574.98, 5220273.29]}, "properties": {"type": "gap", "gap_m": 6.4, "vineyard_id": "V21", "row_id": "V21-R07", "reachable": true, "id": "T0931", "x": 629574.98, "y": 5220273.29, "order": 1062, "visited": true}}, {"type": "Feature", "geometry": {"type": "Point", "coordinates": [629572.24, 5220272.4]}, "properties": {"type": "gap", "gap_m": 7.7, "vineyard_id": "V24", "row_id": "V24-R39", "reachable": true, "id": "T1019", "x": 629572.24, "y": 5220272.4, "order": 579, "visited": true}}, {"type": "Feature", "geometry": {"type": "Point", "coordinates": [629566.69, 5220270.42]}, "properties": {"type": "gap", "gap_m": 7.0, "vineyard_id": "V24", "row_id": "V24-R42", "reachable": true, "id": "T1026", "x": 629566.69, "y": 5220270.42, "order": 1065, "visited": true}}, {"type": "Feature", "geometry": {"type": "Point", "coordinates": [629563.67, 5220269.94]}, "properties": {"type": "gap", "gap_m": 8.3, "vineyard_id": "V24", "row_id": "V24-R43", "reachable": true, "id": "T1027", "x": 629563.67, "y": 5220269.94, "order": 1066, "visited": true}}, {"type": "Feature", "geometry": {"type": "Point", "coordinates": [629560.51, 5220269.6]}, "properties": {"type": "gap", "gap_m": 9.3, "vineyard_id": "V24", "row_id": "V24-R44", "reachable": true, "id": "T1029", "x": 629560.51, "y": 5220269.6, "order": 1067, "visited": true}}, {"type": "Feature", "geometry": {"type": "Point", "coordinates": [629558.0, 5220268.79]}, "properties": {"type": "gap", "gap_m": 8.2, "vineyard_id": "V24", "row_id": "V24-R45", "reachable": true, "id": "T1031", "x": 629558.0, "y": 5220268.79, "order": 1068, "visited": true}}, {"type": "Feature", "geometry": {"type": "Point", "coordinates": [629543.55, 5220263.88]}, "properties": {"type": "gap", "gap_m": 8.4, "vineyard_id": "V21", "row_id": "V21-R12", "reachable": true, "id": "T0935", "x": 629543.55, "y": 5220263.88, "order": 575, "visited": true}}, {"type": "Feature", "geometry": {"type": "Point", "coordinates": [629536.72, 5220268.33]}, "properties": {"type": "gap", "gap_m": 21.6, "vineyard_id": "V21", "row_id": "V21-R13", "reachable": true, "id": "T0936", "x": 629536.72, "y": 5220268.33, "order": 574, "visited": true}}, {"type": "Feature", "geometry": {"type": "Point", "coordinates": [629534.0, 5220266.39]}, "properties": {"type": "gap", "gap_m": 22.1, "vineyard_id": "V21", "row_id": "V21-R14", "reachable": true, "id": "T0937", "x": 629534.0, "y": 5220266.39, "order": 573, "visited": true}}, {"type": "Feature", "geometry": {"type": "Point", "coordinates": [629528.35, 5220258.36]}, "properties": {"type": "gap", "gap_m": 8.2, "vineyard_id": "V20", "row_id": "V20-R01", "reachable": true, "id": "T0919", "x": 629528.35, "y": 5220258.36, "order": 572, "visited": true}}, {"type": "Feature", "geometry": {"type": "Point", "coordinates": [629525.84, 5220257.56]}, "properties": {"type": "gap", "gap_m": 8.2, "vineyard_id": "V20", "row_id": "V20-R02", "reachable": true, "id": "T0920", "x": 629525.84, "y": 5220257.56, "order": 571, "visited": true}}, {"type": "Feature", "geometry": {"type": "Point", "coordinates": [629523.89, 5220255.47]}, "properties": {"type": "gap", "gap_m": 10.7, "vineyard_id": "V20", "row_id": "V20-R03", "reachable": true, "id": "T0921", "x": 629523.89, "y": 5220255.47, "order": 570, "visited": true}}, {"type": "Feature", "geometry": {"type": "Point", "coordinates": [629517.08, 5220255.14]}, "properties": {"type": "gap", "gap_m": 7.8, "vineyard_id": "V20", "row_id": "V20-R04", "reachable": true, "id": "T0922", "x": 629517.08, "y": 5220255.14, "order": 569, "visited": true}}, {"type": "Feature", "geometry": {"type": "Point", "coordinates": [629457.52, 5220466.87]}, "properties": {"type": "gap", "gap_m": 3.2, "vineyard_id": "V11", "row_id": "V11-R109", "reachable": true, "id": "T0864", "x": 629457.52, "y": 5220466.87, "order": 568, "visited": true}}, {"type": "Feature", "geometry": {"type": "Point", "coordinates": [629447.76, 5220501.36]}, "properties": {"type": "gap", "gap_m": 3.7, "vineyard_id": "V14", "row_id": "V14-R09", "reachable": true, "id": "T0888", "x": 629447.76, "y": 5220501.36, "order": 545, "visited": true}}, {"type": "Feature", "geometry": {"type": "Point", "coordinates": [629448.72, 5220498.24]}, "properties": {"type": "gap", "gap_m": 3.0, "vineyard_id": "V14", "row_id": "V14-R10", "reachable": true, "id": "T0890", "x": 629448.72, "y": 5220498.24, "order": 544, "visited": true}}, {"type": "Feature", "geometry": {"type": "Point", "coordinates": [629448.68, 5220495.05]}, "properties": {"type": "gap", "gap_m": 3.4, "vineyard_id": "V14", "row_id": "V14-R12", "reachable": true, "id": "T0894", "x": 629448.68, "y": 5220495.05, "order": 556, "visited": true}}, {"type": "Feature", "geometry": {"type": "Point", "coordinates": [629461.44, 5220492.72]}, "properties": {"type": "gap", "gap_m": 3.7, "vineyard_id": "V11", "row_id": "V11-R100", "reachable": true, "id": "T0848", "x": 629461.44, "y": 5220492.72, "order": 557, "visited": true}}, {"type": "Feature", "geometry": {"type": "Point", "coordinates": [629460.89, 5220489.6]}, "properties": {"type": "gap", "gap_m": 3.2, "vineyard_id": "V11", "row_id": "V11-R101", "reachable": true, "id": "T0850", "x": 629460.89, "y": 5220489.6, "order": 555, "visited": true}}, {"type": "Feature", "geometry": {"type": "Point", "coordinates": [629483.03, 5220488.24]}, "properties": {"type": "gap", "gap_m": 8.0, "vineyard_id": "V11", "row_id": "V11-R102", "reachable": true, "id": "T0852", "x": 629483.03, "y": 5220488.24, "order": 554, "visited": true}}, {"type": "Feature", "geometry": {"type": "Point", "coordinates": [629488.48, 5220490.93]}, "properties": {"type": "gap", "gap_m": 20.0, "vineyard_id": "V11", "row_id": "V11-R101", "reachable": true, "id": "T0849", "x": 629488.48, "y": 5220490.93, "order": 553, "visited": true}}, {"type": "Feature", "geometry": {"type": "Point", "coordinates": [629494.45, 5220494.21]}, "properties": {"type": "gap", "gap_m": 12.1, "vineyard_id": "V11", "row_id": "V11-R100", "reachable": true, "id": "T0847", "x": 629494.45, "y": 5220494.21, "order": 552, "visited": true}}, {"type": "Feature", "geometry": {"type": "Point", "coordinates": [629497.63, 5220497.87]}, "properties": {"type": "gap", "gap_m": 3.3, "vineyard_id": "V11", "row_id": "V11-R099", "reachable": true, "id": "T0844", "x": 629497.63, "y": 5220497.87, "order": 551, "visited": true}}, {"type": "Feature", "geometry": {"type": "Point", "coordinates": [629496.8, 5220500.83]}, "properties": {"type": "gap", "gap_m": 7.1, "vineyard_id": "V11", "row_id": "V11-R098", "reachable": true, "id": "T0842", "x": 629496.8, "y": 5220500.83, "order": 550, "visited": true}}, {"type": "Feature", "geometry": {"type": "Point", "coordinates": [629478.13, 5220496.96]}, "properties": {"type": "gap", "gap_m": 3.6, "vineyard_id": "V11", "row_id": "V11-R099", "reachable": true, "id": "T0846", "x": 629478.13, "y": 5220496.96, "order": 547, "visited": true}}, {"type": "Feature", "geometry": {"type": "Point", "coordinates": [629484.48, 5220497.25]}, "properties": {"type": "gap", "gap_m": 4.1, "vineyard_id": "V11", "row_id": "V11-R099", "reachable": true, "id": "T0845", "x": 629484.48, "y": 5220497.25, "order": 548, "visited": true}}, {"type": "Feature", "geometry": {"type": "Point", "coordinates": [629485.6, 5220500.3]}, "properties": {"type": "gap", "gap_m": 11.5, "vineyard_id": "V11", "row_id": "V11-R098", "reachable": true, "id": "T0843", "x": 629485.6, "y": 5220500.3, "order": 549, "visited": true}}, {"type": "Feature", "geometry": {"type": "Point", "coordinates": [629487.94, 5220503.44]}, "properties": {"type": "gap", "gap_m": 6.7, "vineyard_id": "V11", "row_id": "V11-R097", "reachable": true, "id": "T0841", "x": 629487.94, "y": 5220503.44, "order": 546, "visited": true}}, {"type": "Feature", "geometry": {"type": "Point", "coordinates": [629432.04, 5220497.57]}, "properties": {"type": "gap", "gap_m": 8.0, "vineyard_id": "V14", "row_id": "V14-R11", "reachable": true, "id": "T0892", "x": 629432.04, "y": 5220497.57, "order": 543, "visited": true}}, {"type": "Feature", "geometry": {"type": "Point", "coordinates": [629421.56, 5220500.18]}, "properties": {"type": "gap", "gap_m": 31.1, "vineyard_id": "V14", "row_id": "V14-R10", "reachable": true, "id": "T0889", "x": 629421.56, "y": 5220500.18, "order": 540, "visited": true}}, {"type": "Feature", "geometry": {"type": "Point", "coordinates": [629416.19, 5220498.68]}, "properties": {"type": "gap", "gap_m": 22.5, "vineyard_id": "V14", "row_id": "V14-R11", "reachable": true, "id": "T0891", "x": 629416.19, "y": 5220498.68, "order": 541, "visited": true}}, {"type": "Feature", "geometry": {"type": "Point", "coordinates": [629420.53, 5220497.01]}, "properties": {"type": "gap", "gap_m": 32.8, "vineyard_id": "V14", "row_id": "V14-R12", "reachable": true, "id": "T0893", "x": 629420.53, "y": 5220497.01, "order": 542, "visited": true}}, {"type": "Feature", "geometry": {"type": "Point", "coordinates": [629427.27, 5220502.74]}, "properties": {"type": "gap", "gap_m": 13.9, "vineyard_id": "V14", "row_id": "V14-R09", "reachable": true, "id": "T0887", "x": 629427.27, "y": 5220502.74, "order": 532, "visited": true}}, {"type": "Feature", "geometry": {"type": "Point", "coordinates": [629413.58, 5220503.66]}, "properties": {"type": "gap", "gap_m": 11.9, "vineyard_id": "V14", "row_id": "V14-R09", "reachable": true, "id": "T0886", "x": 629413.58, "y": 5220503.66, "order": 539, "visited": true}}, {"type": "Feature", "geometry": {"type": "Point", "coordinates": [629414.06, 5220516.94]}, "properties": {"type": "gap", "gap_m": 6.0, "vineyard_id": "V14", "row_id": "V14-R03", "reachable": true, "id": "T0872", "x": 629414.06, "y": 5220516.94, "order": 538, "visited": true}}, {"type": "Feature", "geometry": {"type": "Point", "coordinates": [629417.49, 5220524.93]}, "properties": {"type": "gap", "gap_m": 4.3, "vineyard_id": "V11", "row_id": "V11-R081", "reachable": true, "id": "T0819", "x": 629417.49, "y": 5220524.93, "order": 537, "visited": true}}, {"type": "Feature", "geometry": {"type": "Point", "coordinates": [629426.85, 5220519.23]}, "properties": {"type": "gap", "gap_m": 3.5, "vineyard_id": "V11", "row_id": "V11-R084", "reachable": true, "id": "T0824", "x": 629426.85, "y": 5220519.23, "order": 536, "visited": true}}, {"type": "Feature", "geometry": {"type": "Point", "coordinates": [629428.43, 5220514.2]}, "properties": {"type": "gap", "gap_m": 8.8, "vineyard_id": "V11", "row_id": "V11-R085", "reachable": true, "id": "T0827", "x": 629428.43, "y": 5220514.2, "order": 533, "visited": true}}, {"type": "Feature", "geometry": {"type": "Point", "coordinates": [629432.51, 5220535.06]}, "properties": {"type": "gap", "gap_m": 10.2, "vineyard_id": "V11", "row_id": "V11-R085", "reachable": true, "id": "T0826", "x": 629432.51, "y": 5220535.06, "order": 534, "visited": true}}, {"type": "Feature", "geometry": {"type": "Point", "coordinates": [629430.04, 5220535.7]}, "properties": {"type": "gap", "gap_m": 6.5, "vineyard_id": "V11", "row_id": "V11-R084", "reachable": true, "id": "T0823", "x": 629430.04, "y": 5220535.7, "order": 535, "visited": true}}, {"type": "Feature", "geometry": {"type": "Point", "coordinates": [629447.62, 5220504.51]}, "properties": {"type": "gap", "gap_m": 4.6, "vineyard_id": "V14", "row_id": "V14-R14", "reachable": true, "id": "T0896", "x": 629447.62, "y": 5220504.51, "order": 531, "visited": true}}, {"type": "Feature", "geometry": {"type": "Point", "coordinates": [629477.4, 5220507.78]}, "properties": {"type": "gap", "gap_m": 10.7, "vineyard_id": "V11", "row_id": "V11-R095", "reachable": true, "id": "T0839", "x": 629477.4, "y": 5220507.78, "order": 530, "visited": true}}, {"type": "Feature", "geometry": {"type": "Point", "coordinates": [629485.13, 5220510.05]}, "properties": {"type": "gap", "gap_m": 18.9, "vineyard_id": "V11", "row_id": "V11-R094", "reachable": true, "id": "T0838", "x": 629485.13, "y": 5220510.05, "order": 529, "visited": true}}, {"type": "Feature", "geometry": {"type": "Point", "coordinates": [629489.7, 5220507.4]}, "properties": {"type": "gap", "gap_m": 5.2, "vineyard_id": "V11", "row_id": "V11-R095", "reachable": true, "id": "T0840", "x": 629489.7, "y": 5220507.4, "order": 528, "visited": true}}, {"type": "Feature", "geometry": {"type": "Point", "coordinates": [629492.45, 5220513.84]}, "properties": {"type": "gap", "gap_m": 5.9, "vineyard_id": "V11", "row_id": "V11-R093", "reachable": true, "id": "T0837", "x": 629492.45, "y": 5220513.84, "order": 527, "visited": true}}, {"type": "Feature", "geometry": {"type": "Point", "coordinates": [629485.95, 5220514.04]}, "properties": {"type": "gap", "gap_m": 5.9, "vineyard_id": "V11", "row_id": "V11-R093", "reachable": true, "id": "T0836", "x": 629485.95, "y": 5220514.04, "order": 526, "visited": true}}, {"type": "Feature", "geometry": {"type": "Point", "coordinates": [629488.34, 5220516.88]}, "properties": {"type": "gap", "gap_m": 6.1, "vineyard_id": "V11", "row_id": "V11-R092", "reachable": true, "id": "T0835", "x": 629488.34, "y": 5220516.88, "order": 525, "visited": true}}, {"type": "Feature", "geometry": {"type": "Point", "coordinates": [629487.57, 5220519.34]}, "properties": {"type": "gap", "gap_m": 5.6, "vineyard_id": "V11", "row_id": "V11-R091", "reachable": true, "id": "T0834", "x": 629487.57, "y": 5220519.34, "order": 524, "visited": true}}, {"type": "Feature", "geometry": {"type": "Point", "coordinates": [629489.33, 5220521.61]}, "properties": {"type": "gap", "gap_m": 3.9, "vineyard_id": "V11", "row_id": "V11-R090", "reachable": true, "id": "T0832", "x": 629489.33, "y": 5220521.61, "order": 523, "visited": true}}, {"type": "Feature", "geometry": {"type": "Point", "coordinates": [629474.44, 5220522.06]}, "properties": {"type": "gap", "gap_m": 17.6, "vineyard_id": "V11", "row_id": "V11-R090", "reachable": true, "id": "T0831", "x": 629474.44, "y": 5220522.06, "order": 522, "visited": true}}, {"type": "Feature", "geometry": {"type": "Point", "coordinates": [629473.91, 5220519.76]}, "properties": {"type": "gap", "gap_m": 10.3, "vineyard_id": "V11", "row_id": "V11-R091", "reachable": true, "id": "T0833", "x": 629473.91, "y": 5220519.76, "order": 522, "visited": true}}, {"type": "Feature", "geometry": {"type": "Point", "coordinates": [629432.63, 5220583.14]}, "properties": {"type": "gap", "gap_m": 5.0, "vineyard_id": "V11", "row_id": "V11-R053", "reachable": true, "id": "T0770", "x": 629432.63, "y": 5220583.14, "order": 496, "visited": true}}, {"type": "Feature", "geometry": {"type": "Point", "coordinates": [629429.25, 5220598.44]}, "properties": {"type": "gap", "gap_m": 11.3, "vineyard_id": "V11", "row_id": "V11-R052", "reachable": true, "id": "T0768", "x": 629429.25, "y": 5220598.44, "order": 495, "visited": true}}, {"type": "Feature", "geometry": {"type": "Point", "coordinates": [629427.73, 5220610.85]}, "properties": {"type": "gap", "gap_m": 9.4, "vineyard_id": "V11", "row_id": "V11-R029", "reachable": true, "id": "T0735", "x": 629427.73, "y": 5220610.85, "order": 494, "visited": true}}, {"type": "Feature", "geometry": {"type": "Point", "coordinates": [629426.07, 5220613.7]}, "properties": {"type": "gap", "gap_m": 3.3, "vineyard_id": "V11", "row_id": "V11-R028", "reachable": true, "id": "T0733", "x": 629426.07, "y": 5220613.7, "order": 493, "visited": true}}, {"type": "Feature", "geometry": {"type": "Point", "coordinates": [629424.11, 5220620.96]}, "properties": {"type": "gap", "gap_m": 3.6, "vineyard_id": "V11", "row_id": "V11-R025", "reachable": true, "id": "T0726", "x": 629424.11, "y": 5220620.96, "order": 492, "visited": true}}, {"type": "Feature", "geometry": {"type": "Point", "coordinates": [629421.8, 5220627.93]}, "properties": {"type": "gap", "gap_m": 4.7, "vineyard_id": "V11", "row_id": "V11-R021", "reachable": true, "id": "T0714", "x": 629421.8, "y": 5220627.93, "order": 491, "visited": true}}, {"type": "Feature", "geometry": {"type": "Point", "coordinates": [629421.23, 5220630.12]}, "properties": {"type": "gap", "gap_m": 4.1, "vineyard_id": "V11", "row_id": "V11-R020", "reachable": true, "id": "T0711", "x": 629421.23, "y": 5220630.12, "order": 490, "visited": true}}, {"type": "Feature", "geometry": {"type": "Point", "coordinates": [629420.63, 5220632.25]}, "properties": {"type": "gap", "gap_m": 4.4, "vineyard_id": "V11", "row_id": "V11-R019", "reachable": true, "id": "T0703", "x": 629420.63, "y": 5220632.25, "order": 489, "visited": true}}, {"type": "Feature", "geometry": {"type": "Point", "coordinates": [629419.44, 5220637.0]}, "properties": {"type": "gap", "gap_m": 4.5, "vineyard_id": "V11", "row_id": "V11-R014", "reachable": true, "id": "T0685", "x": 629419.44, "y": 5220637.0, "order": 470, "visited": true}}, {"type": "Feature", "geometry": {"type": "Point", "coordinates": [629428.01, 5220643.45]}, "properties": {"type": "gap", "gap_m": 3.5, "vineyard_id": "V11", "row_id": "V11-R013", "reachable": true, "id": "T0681", "x": 629428.01, "y": 5220643.45, "order": 449, "visited": true}}, {"type": "Feature", "geometry": {"type": "Point", "coordinates": [629440.3, 5220645.45]}, "properties": {"type": "gap", "gap_m": 7.0, "vineyard_id": "V11", "row_id": "V11-R013", "reachable": true, "id": "T0680", "x": 629440.3, "y": 5220645.45, "order": 450, "visited": true}}, {"type": "Feature", "geometry": {"type": "Point", "coordinates": [629419.76, 5220635.63]}, "properties": {"type": "gap", "gap_m": 4.4, "vineyard_id": "V11", "row_id": "V11-R017", "reachable": true, "id": "T0695", "x": 629419.76, "y": 5220635.63, "order": 470, "visited": true}}, {"type": "Feature", "geometry": {"type": "Point", "coordinates": [629427.85, 5220631.19]}, "properties": {"type": "gap", "gap_m": 5.0, "vineyard_id": "V11", "row_id": "V11-R020", "reachable": true, "id": "T0710", "x": 629427.85, "y": 5220631.19, "order": 447, "visited": true}}, {"type": "Feature", "geometry": {"type": "Point", "coordinates": [629438.92, 5220632.98]}, "properties": {"type": "gap", "gap_m": 13.6, "vineyard_id": "V11", "row_id": "V11-R020", "reachable": true, "id": "T0709", "x": 629438.92, "y": 5220632.98, "order": 448, "visited": true}}, {"type": "Feature", "geometry": {"type": "Point", "coordinates": [629407.88, 5220630.19]}, "properties": {"type": "gap", "gap_m": 9.8, "vineyard_id": "V11", "row_id": "V11-R019", "reachable": true, "id": "T0704", "x": 629407.88, "y": 5220630.19, "order": 488, "visited": true}}, {"type": "Feature", "geometry": {"type": "Point", "coordinates": [629407.46, 5220627.89]}, "properties": {"type": "gap", "gap_m": 10.4, "vineyard_id": "V11", "row_id": "V11-R020", "reachable": true, "id": "T0712", "x": 629407.46, "y": 5220627.89, "order": 488, "visited": true}}, {"type": "Feature", "geometry": {"type": "Point", "coordinates": [629388.1, 5220624.78]}, "properties": {"type": "gap", "gap_m": 5.8, "vineyard_id": "V11", "row_id": "V11-R022", "reachable": true, "id": "T0715", "x": 629388.1, "y": 5220624.78, "order": 487, "visited": true}}, {"type": "Feature", "geometry": {"type": "Point", "coordinates": [629384.65, 5220627.61]}, "properties": {"type": "gap", "gap_m": 10.4, "vineyard_id": "V11", "row_id": "V11-R019", "reachable": true, "id": "T0705", "x": 629384.65, "y": 5220627.61, "order": 486, "visited": true}}, {"type": "Feature", "geometry": {"type": "Point", "coordinates": [629375.88, 5220626.88]}, "properties": {"type": "gap", "gap_m": 3.8, "vineyard_id": "V11", "row_id": "V11-R019", "reachable": true, "id": "T0706", "x": 629375.88, "y": 5220626.88, "order": 485, "visited": true}}, {"type": "Feature", "geometry": {"type": "Point", "coordinates": [629374.96, 5220623.71]}, "properties": {"type": "gap", "gap_m": 3.9, "vineyard_id": "V11", "row_id": "V11-R022", "reachable": true, "id": "T0716", "x": 629374.96, "y": 5220623.71, "order": 484, "visited": true}}, {"type": "Feature", "geometry": {"type": "Point", "coordinates": [629370.94, 5220626.47]}, "properties": {"type": "gap", "gap_m": 3.2, "vineyard_id": "V11", "row_id": "V11-R019", "reachable": true, "id": "T0707", "x": 629370.94, "y": 5220626.47, "order": 475, "visited": true}}, {"type": "Feature", "geometry": {"type": "Point", "coordinates": [629369.9, 5220623.3]}, "properties": {"type": "gap", "gap_m": 3.1, "vineyard_id": "V11", "row_id": "V11-R022", "reachable": true, "id": "T0717", "x": 629369.9, "y": 5220623.3, "order": 477, "visited": true}}, {"type": "Feature", "geometry": {"type": "Point", "coordinates": [629365.84, 5220626.05]}, "properties": {"type": "gap", "gap_m": 5.5, "vineyard_id": "V11", "row_id": "V11-R019", "reachable": true, "id": "T0708", "x": 629365.84, "y": 5220626.05, "order": 476, "visited": true}}, {"type": "Feature", "geometry": {"type": "Point", "coordinates": [629364.0, 5220620.7]}, "properties": {"type": "gap", "gap_m": 5.4, "vineyard_id": "V11", "row_id": "V11-R023", "reachable": true, "id": "T0722", "x": 629364.0, "y": 5220620.7, "order": 478, "visited": true}}, {"type": "Feature", "geometry": {"type": "Point", "coordinates": [629363.24, 5220617.54]}, "properties": {"type": "gap", "gap_m": 5.5, "vineyard_id": "V11", "row_id": "V11-R024", "reachable": true, "id": "T0724", "x": 629363.24, "y": 5220617.54, "order": 479, "visited": true}}, {"type": "Feature", "geometry": {"type": "Point", "coordinates": [629367.42, 5220614.83]}, "properties": {"type": "gap", "gap_m": 3.5, "vineyard_id": "V11", "row_id": "V11-R025", "reachable": true, "id": "T0729", "x": 629367.42, "y": 5220614.83, "order": 480, "visited": true}}, {"type": "Feature", "geometry": {"type": "Point", "coordinates": [629368.18, 5220617.95]}, "properties": {"type": "gap", "gap_m": 3.1, "vineyard_id": "V11", "row_id": "V11-R024", "reachable": true, "id": "T0723", "x": 629368.18, "y": 5220617.95, "order": 481, "visited": true}}, {"type": "Feature", "geometry": {"type": "Point", "coordinates": [629369.2, 5220621.13]}, "properties": {"type": "gap", "gap_m": 3.5, "vineyard_id": "V11", "row_id": "V11-R023", "reachable": true, "id": "T0721", "x": 629369.2, "y": 5220621.13, "order": 482, "visited": true}}, {"type": "Feature", "geometry": {"type": "Point", "coordinates": [629374.37, 5220621.55]}, "properties": {"type": "gap", "gap_m": 4.0, "vineyard_id": "V11", "row_id": "V11-R023", "reachable": true, "id": "T0720", "x": 629374.37, "y": 5220621.55, "order": 483, "visited": true}}, {"type": "Feature", "geometry": {"type": "Point", "coordinates": [629387.87, 5220630.0]}, "properties": {"type": "gap", "gap_m": 4.1, "vineyard_id": "V11", "row_id": "V11-R018", "reachable": true, "id": "T0700", "x": 629387.87, "y": 5220630.0, "order": 474, "visited": true}}, {"type": "Feature", "geometry": {"type": "Point", "coordinates": [629388.43, 5220631.96]}, "properties": {"type": "gap", "gap_m": 3.5, "vineyard_id": "V11", "row_id": "V11-R017", "reachable": true, "id": "T0697", "x": 629388.43, "y": 5220631.96, "order": 474, "visited": true}}, {"type": "Feature", "geometry": {"type": "Point", "coordinates": [629388.98, 5220634.04]}, "properties": {"type": "gap", "gap_m": 5.0, "vineyard_id": "V11", "row_id": "V11-R016", "reachable": true, "id": "T0692", "x": 629388.98, "y": 5220634.04, "order": 473, "visited": true}}, {"type": "Feature", "geometry": {"type": "Point", "coordinates": [629395.03, 5220634.53]}, "properties": {"type": "gap", "gap_m": 5.2, "vineyard_id": "V11", "row_id": "V11-R016", "reachable": true, "id": "T0691", "x": 629395.03, "y": 5220634.53, "order": 472, "visited": true}}, {"type": "Feature", "geometry": {"type": "Point", "coordinates": [629409.43, 5220633.98]}, "properties": {"type": "gap", "gap_m": 11.3, "vineyard_id": "V11", "row_id": "V11-R017", "reachable": true, "id": "T0696", "x": 629409.43, "y": 5220633.98, "order": 471, "visited": true}}, {"type": "Feature", "geometry": {"type": "Point", "coordinates": [629415.57, 5220643.64]}, "properties": {"type": "gap", "gap_m": 17.2, "vineyard_id": "V11", "row_id": "V11-R012", "reachable": true, "id": "T0676", "x": 629415.57, "y": 5220643.64, "order": 468, "visited": true}}, {"type": "Feature", "geometry": {"type": "Point", "coordinates": [629413.69, 5220641.11]}, "properties": {"type": "gap", "gap_m": 14.7, "vineyard_id": "V11", "row_id": "V11-R013", "reachable": true, "id": "T0682", "x": 629413.69, "y": 5220641.11, "order": 469, "visited": true}}, {"type": "Feature", "geometry": {"type": "Point", "coordinates": [629415.73, 5220646.11]}, "properties": {"type": "gap", "gap_m": 17.0, "vineyard_id": "V11", "row_id": "V11-R011", "reachable": true, "id": "T0674", "x": 629415.73, "y": 5220646.11, "order": 467, "visited": true}}, {"type": "Feature", "geometry": {"type": "Point", "coordinates": [629416.16, 5220648.65]}, "properties": {"type": "gap", "gap_m": 12.0, "vineyard_id": "V11", "row_id": "V11-R010", "reachable": true, "id": "T0670", "x": 629416.16, "y": 5220648.65, "order": 451, "visited": true}}, {"type": "Feature", "geometry": {"type": "Point", "coordinates": [629404.64, 5220646.8]}, "properties": {"type": "gap", "gap_m": 4.7, "vineyard_id": "V11", "row_id": "V11-R010", "reachable": true, "id": "T0671", "x": 629404.64, "y": 5220646.8, "order": 466, "visited": true}}, {"type": "Feature", "geometry": {"type": "Point", "coordinates": [629415.94, 5220651.64]}, "properties": {"type": "gap", "gap_m": 5.4, "vineyard_id": "V11", "row_id": "V11-R007", "reachable": true, "id": "T0662", "x": 629415.94, "y": 5220651.64, "order": 452, "visited": true}}, {"type": "Feature", "geometry": {"type": "Point", "coordinates": [629405.77, 5220650.02]}, "properties": {"type": "gap", "gap_m": 3.4, "vineyard_id": "V11", "row_id": "V11-R007", "reachable": true, "id": "T0663", "x": 629405.77, "y": 5220650.02, "order": 453, "visited": true}}, {"type": "Feature", "geometry": {"type": "Point", "coordinates": [629415.94, 5220654.23]}, "properties": {"type": "gap", "gap_m": 5.0, "vineyard_id": "V11", "row_id": "V11-R005", "reachable": true, "id": "T0656", "x": 629415.94, "y": 5220654.23, "order": 454, "visited": true}}, {"type": "Feature", "geometry": {"type": "Point", "coordinates": [629415.97, 5220656.05]}, "properties": {"type": "gap", "gap_m": 5.7, "vineyard_id": "V11", "row_id": "V11-R006", "reachable": true, "id": "T0657", "x": 629415.97, "y": 5220656.05, "order": 455, "visited": true}}, {"type": "Feature", "geometry": {"type": "Point", "coordinates": [629404.04, 5220654.14]}, "properties": {"type": "gap", "gap_m": 3.9, "vineyard_id": "V11", "row_id": "V11-R006", "reachable": true, "id": "T0658", "x": 629404.04, "y": 5220654.14, "order": 456, "visited": true}}, {"type": "Feature", "geometry": {"type": "Point", "coordinates": [629397.82, 5220653.38]}, "properties": {"type": "gap", "gap_m": 5.8, "vineyard_id": "V11", "row_id": "V11-R006", "reachable": true, "id": "T0659", "x": 629397.82, "y": 5220653.38, "order": 457, "visited": true}}, {"type": "Feature", "geometry": {"type": "Point", "coordinates": [629379.67, 5220653.9]}, "properties": {"type": "gap", "gap_m": 3.3, "vineyard_id": "V11", "row_id": "V11-R004", "reachable": true, "id": "T0654", "x": 629379.67, "y": 5220653.9, "order": 458, "visited": true}}, {"type": "Feature", "geometry": {"type": "Point", "coordinates": [629378.9, 5220651.83]}, "properties": {"type": "gap", "gap_m": 3.1, "vineyard_id": "V11", "row_id": "V11-R006", "reachable": true, "id": "T0660", "x": 629378.9, "y": 5220651.83, "order": 458, "visited": true}}, {"type": "Feature", "geometry": {"type": "Point", "coordinates": [629371.58, 5220653.24]}, "properties": {"type": "gap", "gap_m": 4.0, "vineyard_id": "V11", "row_id": "V11-R004", "reachable": true, "id": "T0655", "x": 629371.58, "y": 5220653.24, "order": 459, "visited": true}}, {"type": "Feature", "geometry": {"type": "Point", "coordinates": [629371.13, 5220651.19]}, "properties": {"type": "gap", "gap_m": 4.3, "vineyard_id": "V11", "row_id": "V11-R006", "reachable": true, "id": "T0661", "x": 629371.13, "y": 5220651.19, "order": 459, "visited": true}}, {"type": "Feature", "geometry": {"type": "Point", "coordinates": [629371.5, 5220648.96]}, "properties": {"type": "gap", "gap_m": 8.1, "vineyard_id": "V11", "row_id": "V11-R008", "reachable": true, "id": "T0665", "x": 629371.5, "y": 5220648.96, "order": 460, "visited": true}}, {"type": "Feature", "geometry": {"type": "Point", "coordinates": [629377.33, 5220646.7]}, "properties": {"type": "gap", "gap_m": 3.2, "vineyard_id": "V11", "row_id": "V11-R009", "reachable": true, "id": "T0668", "x": 629377.33, "y": 5220646.7, "order": 461, "visited": true}}, {"type": "Feature", "geometry": {"type": "Point", "coordinates": [629382.71, 5220649.88]}, "properties": {"type": "gap", "gap_m": 3.6, "vineyard_id": "V11", "row_id": "V11-R008", "reachable": true, "id": "T0664", "x": 629382.71, "y": 5220649.88, "order": 462, "visited": true}}, {"type": "Feature", "geometry": {"type": "Point", "coordinates": [629381.22, 5220644.97]}, "properties": {"type": "gap", "gap_m": 3.3, "vineyard_id": "V11", "row_id": "V11-R010", "reachable": true, "id": "T0673", "x": 629381.22, "y": 5220644.97, "order": 463, "visited": true}}, {"type": "Feature", "geometry": {"type": "Point", "coordinates": [629381.85, 5220647.07]}, "properties": {"type": "gap", "gap_m": 3.2, "vineyard_id": "V11", "row_id": "V11-R009", "reachable": true, "id": "T0667", "x": 629381.85, "y": 5220647.07, "order": 463, "visited": true}}, {"type": "Feature", "geometry": {"type": "Point", "coordinates": [629396.02, 5220648.24]}, "properties": {"type": "gap", "gap_m": 5.9, "vineyard_id": "V11", "row_id": "V11-R009", "reachable": true, "id": "T0666", "x": 629396.02, "y": 5220648.24, "order": 464, "visited": true}}, {"type": "Feature", "geometry": {"type": "Point", "coordinates": [629391.91, 5220645.86]}, "properties": {"type": "gap", "gap_m": 6.0, "vineyard_id": "V11", "row_id": "V11-R010", "reachable": true, "id": "T0672", "x": 629391.91, "y": 5220645.86, "order": 465, "visited": true}}, {"type": "Feature", "geometry": {"type": "Point", "coordinates": [629395.52, 5220587.73]}, "properties": {"type": "gap", "gap_m": 11.2, "vineyard_id": "V11", "row_id": "V11-R045", "reachable": true, "id": "T0749", "x": 629395.52, "y": 5220587.73, "order": 446, "visited": true}}, {"type": "Feature", "geometry": {"type": "Point", "coordinates": [629395.24, 5220585.55]}, "properties": {"type": "gap", "gap_m": 10.9, "vineyard_id": "V11", "row_id": "V11-R047", "reachable": true, "id": "T0755", "x": 629395.24, "y": 5220585.55, "order": 446, "visited": true}}, {"type": "Feature", "geometry": {"type": "Point", "coordinates": [629373.73, 5220584.07]}, "properties": {"type": "gap", "gap_m": 3.2, "vineyard_id": "V11", "row_id": "V11-R047", "reachable": true, "id": "T0756", "x": 629373.73, "y": 5220584.07, "order": 445, "visited": true}}, {"type": "Feature", "geometry": {"type": "Point", "coordinates": [629362.42, 5220580.39]}, "properties": {"type": "gap", "gap_m": 4.3, "vineyard_id": "V11", "row_id": "V11-R049", "reachable": true, "id": "T0764", "x": 629362.42, "y": 5220580.39, "order": 442, "visited": true}}, {"type": "Feature", "geometry": {"type": "Point", "coordinates": [629354.33, 5220579.82]}, "properties": {"type": "gap", "gap_m": 4.1, "vineyard_id": "V11", "row_id": "V11-R049", "reachable": true, "id": "T0765", "x": 629354.33, "y": 5220579.82, "order": 443, "visited": true}}, {"type": "Feature", "geometry": {"type": "Point", "coordinates": [629359.28, 5220575.43]}, "properties": {"type": "gap", "gap_m": 4.5, "vineyard_id": "V11", "row_id": "V11-R058", "reachable": true, "id": "T0780", "x": 629359.28, "y": 5220575.43, "order": 435, "visited": true}}, {"type": "Feature", "geometry": {"type": "Point", "coordinates": [629362.26, 5220577.77]}, "properties": {"type": "gap", "gap_m": 3.0, "vineyard_id": "V11", "row_id": "V11-R056", "reachable": true, "id": "T0775", "x": 629362.26, "y": 5220577.77, "order": 436, "visited": true}}, {"type": "Feature", "geometry": {"type": "Point", "coordinates": [629365.53, 5220575.87]}, "properties": {"type": "gap", "gap_m": 3.3, "vineyard_id": "V11", "row_id": "V11-R058", "reachable": true, "id": "T0779", "x": 629365.53, "y": 5220575.87, "order": 437, "visited": true}}, {"type": "Feature", "geometry": {"type": "Point", "coordinates": [629371.75, 5220576.3]}, "properties": {"type": "gap", "gap_m": 3.8, "vineyard_id": "V11", "row_id": "V11-R058", "reachable": true, "id": "T0778", "x": 629371.75, "y": 5220576.3, "order": 438, "visited": true}}, {"type": "Feature", "geometry": {"type": "Point", "coordinates": [629392.66, 5220577.76]}, "properties": {"type": "gap", "gap_m": 11.0, "vineyard_id": "V11", "row_id": "V11-R058", "reachable": true, "id": "T0777", "x": 629392.66, "y": 5220577.76, "order": 439, "visited": true}}, {"type": "Feature", "geometry": {"type": "Point", "coordinates": [629206.88, 5220657.37]}, "properties": {"type": "gap", "gap_m": 4.4, "vineyard_id": "V06", "row_id": "V06-R03", "reachable": true, "id": "T0481", "x": 629206.88, "y": 5220657.37, "order": 434, "visited": true}}, {"type": "Feature", "geometry": {"type": "Point", "coordinates": [629199.77, 5220650.42]}, "properties": {"type": "gap", "gap_m": 3.7, "vineyard_id": "V06", "row_id": "V06-R05", "reachable": true, "id": "T0482", "x": 629199.77, "y": 5220650.42, "order": 433, "visited": true}}, {"type": "Feature", "geometry": {"type": "Point", "coordinates": [629202.52, 5220637.76]}, "properties": {"type": "gap", "gap_m": 3.9, "vineyard_id": "V07", "row_id": "V07-R01", "reachable": true, "id": "T0483", "x": 629202.52, "y": 5220637.76, "order": 432, "visited": true}}, {"type": "Feature", "geometry": {"type": "Point", "coordinates": [629183.76, 5220623.88]}, "properties": {"type": "gap", "gap_m": 4.0, "vineyard_id": "V08", "row_id": "V08-R029", "reachable": true, "id": "T0511", "x": 629183.76, "y": 5220623.88, "order": 430, "visited": true}}, {"type": "Feature", "geometry": {"type": "Point", "coordinates": [629177.14, 5220613.29]}, "properties": {"type": "gap", "gap_m": 3.4, "vineyard_id": "V08", "row_id": "V08-R029", "reachable": true, "id": "T0512", "x": 629177.14, "y": 5220613.29, "order": 429, "visited": true}}, {"type": "Feature", "geometry": {"type": "Point", "coordinates": [629212.7, 5220588.2]}, "properties": {"type": "gap", "gap_m": 4.6, "vineyard_id": "V10", "row_id": "V10-R05", "reachable": true, "id": "T0639", "x": 629212.7, "y": 5220588.2, "order": 428, "visited": true}}, {"type": "Feature", "geometry": {"type": "Point", "coordinates": [629215.92, 5220584.09]}, "properties": {"type": "gap", "gap_m": 4.2, "vineyard_id": "V10", "row_id": "V10-R06", "reachable": true, "id": "T0640", "x": 629215.92, "y": 5220584.09, "order": 426, "visited": true}}, {"type": "Feature", "geometry": {"type": "Point", "coordinates": [629212.05, 5220583.46]}, "properties": {"type": "gap", "gap_m": 5.0, "vineyard_id": "V10", "row_id": "V10-R07", "reachable": true, "id": "T0641", "x": 629212.05, "y": 5220583.46, "order": 427, "visited": true}}, {"type": "Feature", "geometry": {"type": "Point", "coordinates": [629214.08, 5220577.15]}, "properties": {"type": "gap", "gap_m": 3.5, "vineyard_id": "V10", "row_id": "V10-R09", "reachable": true, "id": "T0643", "x": 629214.08, "y": 5220577.15, "order": 425, "visited": true}}, {"type": "Feature", "geometry": {"type": "Point", "coordinates": [629217.72, 5220577.78]}, "properties": {"type": "gap", "gap_m": 3.7, "vineyard_id": "V10", "row_id": "V10-R08", "reachable": true, "id": "T0642", "x": 629217.72, "y": 5220577.78, "order": 424, "visited": true}}, {"type": "Feature", "geometry": {"type": "Point", "coordinates": [629215.55, 5220573.69]}, "properties": {"type": "gap", "gap_m": 3.2, "vineyard_id": "V10", "row_id": "V10-R10", "reachable": true, "id": "T0645", "x": 629215.55, "y": 5220573.69, "order": 423, "visited": true}}, {"type": "Feature", "geometry": {"type": "Point", "coordinates": [629218.59, 5220574.77]}, "properties": {"type": "gap", "gap_m": 4.3, "vineyard_id": "V10", "row_id": "V10-R09", "reachable": true, "id": "T0644", "x": 629218.59, "y": 5220574.77, "order": 422, "visited": true}}, {"type": "Feature", "geometry": {"type": "Point", "coordinates": [629219.44, 5220571.65]}, "properties": {"type": "gap", "gap_m": 3.9, "vineyard_id": "V10", "row_id": "V10-R10", "reachable": true, "id": "T0646", "x": 629219.44, "y": 5220571.65, "order": 421, "visited": true}}, {"type": "Feature", "geometry": {"type": "Point", "coordinates": [629216.47, 5220565.47]}, "properties": {"type": "gap", "gap_m": 3.9, "vineyard_id": "V08", "row_id": "V08-R074", "reachable": true, "id": "T0544", "x": 629216.47, "y": 5220565.47, "order": 415, "visited": true}}, {"type": "Feature", "geometry": {"type": "Point", "coordinates": [629214.91, 5220568.86]}, "properties": {"type": "gap", "gap_m": 5.7, "vineyard_id": "V08", "row_id": "V08-R072", "reachable": true, "id": "T0541", "x": 629214.91, "y": 5220568.86, "order": 414, "visited": true}}, {"type": "Feature", "geometry": {"type": "Point", "coordinates": [629215.58, 5220571.24]}, "properties": {"type": "gap", "gap_m": 3.2, "vineyard_id": "V10", "row_id": "V10-R11", "reachable": true, "id": "T0647", "x": 629215.58, "y": 5220571.24, "order": 412, "visited": true}}, {"type": "Feature", "geometry": {"type": "Point", "coordinates": [629236.6, 5220560.2]}, "properties": {"type": "gap", "gap_m": 5.3, "vineyard_id": "V10", "row_id": "V10-R11", "reachable": true, "id": "T0649", "x": 629236.6, "y": 5220560.2, "order": 420, "visited": true}}, {"type": "Feature", "geometry": {"type": "Point", "coordinates": [629229.08, 5220561.41]}, "properties": {"type": "gap", "gap_m": 4.0, "vineyard_id": "V08", "row_id": "V08-R072", "reachable": true, "id": "T0543", "x": 629229.08, "y": 5220561.41, "order": 419, "visited": true}}, {"type": "Feature", "geometry": {"type": "Point", "coordinates": [629221.05, 5220565.63]}, "properties": {"type": "gap", "gap_m": 4.3, "vineyard_id": "V08", "row_id": "V08-R072", "reachable": true, "id": "T0542", "x": 629221.05, "y": 5220565.63, "order": 418, "visited": true}}, {"type": "Feature", "geometry": {"type": "Point", "coordinates": [629227.29, 5220559.76]}, "properties": {"type": "gap", "gap_m": 3.5, "vineyard_id": "V08", "row_id": "V08-R074", "reachable": true, "id": "T0546", "x": 629227.29, "y": 5220559.76, "order": 417, "visited": true}}, {"type": "Feature", "geometry": {"type": "Point", "coordinates": [629222.21, 5220562.45]}, "properties": {"type": "gap", "gap_m": 4.8, "vineyard_id": "V08", "row_id": "V08-R074", "reachable": true, "id": "T0545", "x": 629222.21, "y": 5220562.45, "order": 416, "visited": true}}, {"type": "Feature", "geometry": {"type": "Point", "coordinates": [629226.52, 5220549.66]}, "properties": {"type": "gap", "gap_m": 10.9, "vineyard_id": "V10", "row_id": "V10-R16", "reachable": true, "id": "T0652", "x": 629226.52, "y": 5220549.66, "order": 47, "visited": true}}, {"type": "Feature", "geometry": {"type": "Point", "coordinates": [629228.38, 5220551.65]}, "properties": {"type": "gap", "gap_m": 16.6, "vineyard_id": "V10", "row_id": "V10-R15", "reachable": true, "id": "T0650", "x": 629228.38, "y": 5220551.65, "order": 48, "visited": true}}, {"type": "Feature", "geometry": {"type": "Point", "coordinates": [629237.65, 5220543.48]}, "properties": {"type": "gap", "gap_m": 7.4, "vineyard_id": "V10", "row_id": "V10-R16", "reachable": true, "id": "T0653", "x": 629237.65, "y": 5220543.48, "order": 45, "visited": true}}, {"type": "Feature", "geometry": {"type": "Point", "coordinates": [629236.26, 5220541.57]}, "properties": {"type": "gap", "gap_m": 3.6, "vineyard_id": "V08", "row_id": "V08-R081", "reachable": true, "id": "T0559", "x": 629236.26, "y": 5220541.57, "order": 45, "visited": true}}, {"type": "Feature", "geometry": {"type": "Point", "coordinates": [629224.69, 5220547.93]}, "properties": {"type": "gap", "gap_m": 5.7, "vineyard_id": "V08", "row_id": "V08-R081", "reachable": true, "id": "T0558", "x": 629224.69, "y": 5220547.93, "order": 46, "visited": true}}, {"type": "Feature", "geometry": {"type": "Point", "coordinates": [629179.29, 5220572.51]}, "properties": {"type": "gap", "gap_m": 3.6, "vineyard_id": "V08", "row_id": "V08-R081", "reachable": true, "id": "T0557", "x": 629179.29, "y": 5220572.51, "order": 49, "visited": true}}, {"type": "Feature", "geometry": {"type": "Point", "coordinates": [629177.43, 5220571.0]}, "properties": {"type": "gap", "gap_m": 5.0, "vineyard_id": "V08", "row_id": "V08-R083", "reachable": true, "id": "T0567", "x": 629177.43, "y": 5220571.0, "order": 50, "visited": true}}, {"type": "Feature", "geometry": {"type": "Point", "coordinates": [629163.64, 5220578.45]}, "properties": {"type": "gap", "gap_m": 5.5, "vineyard_id": "V08", "row_id": "V08-R083", "reachable": true, "id": "T0566", "x": 629163.64, "y": 5220578.45, "order": 51, "visited": true}}, {"type": "Feature", "geometry": {"type": "Point", "coordinates": [629157.67, 5220586.73]}, "properties": {"type": "gap", "gap_m": 4.3, "vineyard_id": "V08", "row_id": "V08-R080", "reachable": true, "id": "T0553", "x": 629157.67, "y": 5220586.73, "order": 52, "visited": true}}, {"type": "Feature", "geometry": {"type": "Point", "coordinates": [629142.81, 5220591.94]}, "properties": {"type": "gap", "gap_m": 9.6, "vineyard_id": "V08", "row_id": "V08-R081", "reachable": true, "id": "T0556", "x": 629142.81, "y": 5220591.94, "order": 53, "visited": true}}, {"type": "Feature", "geometry": {"type": "Point", "coordinates": [629143.73, 5220593.7]}, "properties": {"type": "gap", "gap_m": 3.5, "vineyard_id": "V08", "row_id": "V08-R080", "reachable": true, "id": "T0552", "x": 629143.73, "y": 5220593.7, "order": 53, "visited": true}}, {"type": "Feature", "geometry": {"type": "Point", "coordinates": [629128.84, 5220601.86]}, "properties": {"type": "gap", "gap_m": 5.4, "vineyard_id": "V08", "row_id": "V08-R080", "reachable": true, "id": "T0551", "x": 629128.84, "y": 5220601.86, "order": 54, "visited": true}}, {"type": "Feature", "geometry": {"type": "Point", "coordinates": [629121.46, 5220605.9]}, "properties": {"type": "gap", "gap_m": 4.1, "vineyard_id": "V08", "row_id": "V08-R080", "reachable": true, "id": "T0550", "x": 629121.46, "y": 5220605.9, "order": 55, "visited": true}}, {"type": "Feature", "geometry": {"type": "Point", "coordinates": [629122.42, 5220603.2]}, "properties": {"type": "gap", "gap_m": 6.9, "vineyard_id": "V08", "row_id": "V08-R081", "reachable": true, "id": "T0554", "x": 629122.42, "y": 5220603.2, "order": 56, "visited": true}}, {"type": "Feature", "geometry": {"type": "Point", "coordinates": [629133.13, 5220597.29]}, "properties": {"type": "gap", "gap_m": 5.3, "vineyard_id": "V08", "row_id": "V08-R081", "reachable": true, "id": "T0555", "x": 629133.13, "y": 5220597.29, "order": 57, "visited": true}}, {"type": "Feature", "geometry": {"type": "Point", "coordinates": [629131.5, 5220595.95]}, "properties": {"type": "gap", "gap_m": 6.7, "vineyard_id": "V08", "row_id": "V08-R083", "reachable": true, "id": "T0564", "x": 629131.5, "y": 5220595.95, "order": 57, "visited": true}}, {"type": "Feature", "geometry": {"type": "Point", "coordinates": [629118.27, 5220603.28]}, "properties": {"type": "gap", "gap_m": 4.5, "vineyard_id": "V08", "row_id": "V08-R083", "reachable": true, "id": "T0563", "x": 629118.27, "y": 5220603.28, "order": 66, "visited": true}}, {"type": "Feature", "geometry": {"type": "Point", "coordinates": [629109.2, 5220604.52]}, "properties": {"type": "gap", "gap_m": 5.5, "vineyard_id": "V08", "row_id": "V08-R082", "reachable": true, "id": "T0561", "x": 629109.2, "y": 5220604.52, "order": 65, "visited": true}}, {"type": "Feature", "geometry": {"type": "Point", "coordinates": [629106.33, 5220602.96]}, "properties": {"type": "gap", "gap_m": 10.2, "vineyard_id": "V08", "row_id": "V08-R084", "reachable": true, "id": "T0568", "x": 629106.33, "y": 5220602.96, "order": 62, "visited": true}}, {"type": "Feature", "geometry": {"type": "Point", "coordinates": [629125.12, 5220592.56]}, "properties": {"type": "gap", "gap_m": 5.4, "vineyard_id": "V08", "row_id": "V08-R084", "reachable": true, "id": "T0570", "x": 629125.12, "y": 5220592.56, "order": 60, "visited": true}}, {"type": "Feature", "geometry": {"type": "Point", "coordinates": [629134.34, 5220590.53]}, "properties": {"type": "gap", "gap_m": 4.4, "vineyard_id": "V08", "row_id": "V08-R082", "reachable": true, "id": "T0562", "x": 629134.34, "y": 5220590.53, "order": 58, "visited": true}}, {"type": "Feature", "geometry": {"type": "Point", "coordinates": [629133.35, 5220588.0]}, "properties": {"type": "gap", "gap_m": 6.7, "vineyard_id": "V08", "row_id": "V08-R084", "reachable": true, "id": "T0571", "x": 629133.35, "y": 5220588.0, "order": 59, "visited": true}}, {"type": "Feature", "geometry": {"type": "Point", "coordinates": [629115.1, 5220596.36]}, "properties": {"type": "gap", "gap_m": 3.6, "vineyard_id": "V08", "row_id": "V08-R087", "reachable": true, "id": "T0574", "x": 629115.1, "y": 5220596.36, "order": 61, "visited": true}}, {"type": "Feature", "geometry": {"type": "Point", "coordinates": [629115.47, 5220597.9]}, "properties": {"type": "gap", "gap_m": 5.0, "vineyard_id": "V08", "row_id": "V08-R084", "reachable": true, "id": "T0569", "x": 629115.47, "y": 5220597.9, "order": 61, "visited": true}}, {"type": "Feature", "geometry": {"type": "Point", "coordinates": [629108.27, 5220609.12]}, "properties": {"type": "gap", "gap_m": 4.3, "vineyard_id": "V08", "row_id": "V08-R069", "reachable": true, "id": "T0538", "x": 629108.27, "y": 5220609.12, "order": 63, "visited": true}}, {"type": "Feature", "geometry": {"type": "Point", "coordinates": [629107.88, 5220611.41]}, "properties": {"type": "gap", "gap_m": 5.7, "vineyard_id": "V08", "row_id": "V08-R070", "reachable": true, "id": "T0539", "x": 629107.88, "y": 5220611.41, "order": 63, "visited": true}}, {"type": "Feature", "geometry": {"type": "Point", "coordinates": [629113.1, 5220611.01]}, "properties": {"type": "gap", "gap_m": 4.6, "vineyard_id": "V08", "row_id": "V08-R069", "reachable": true, "id": "T0537", "x": 629113.1, "y": 5220611.01, "order": 64, "visited": true}}, {"type": "Feature", "geometry": {"type": "Point", "coordinates": [629147.67, 5220633.31]}, "properties": {"type": "gap", "gap_m": 3.7, "vineyard_id": "V08", "row_id": "V08-R024", "reachable": true, "id": "T0506", "x": 629147.67, "y": 5220633.31, "order": 68, "visited": true}}, {"type": "Feature", "geometry": {"type": "Point", "coordinates": [629153.56, 5220636.25]}, "properties": {"type": "gap", "gap_m": 6.4, "vineyard_id": "V08", "row_id": "V08-R027", "reachable": true, "id": "T0508", "x": 629153.56, "y": 5220636.25, "order": 69, "visited": true}}, {"type": "Feature", "geometry": {"type": "Point", "coordinates": [629149.6, 5220629.9]}, "properties": {"type": "gap", "gap_m": 6.2, "vineyard_id": "V08", "row_id": "V08-R027", "reachable": true, "id": "T0509", "x": 629149.6, "y": 5220629.9, "order": 67, "visited": true}}, {"type": "Feature", "geometry": {"type": "Point", "coordinates": [629152.18, 5220627.6]}, "properties": {"type": "gap", "gap_m": 3.4, "vineyard_id": "V08", "row_id": "V08-R030", "reachable": true, "id": "T0514", "x": 629152.18, "y": 5220627.6, "order": 70, "visited": true}}, {"type": "Feature", "geometry": {"type": "Point", "coordinates": [629154.32, 5220625.78]}, "properties": {"type": "gap", "gap_m": 3.9, "vineyard_id": "V08", "row_id": "V08-R033", "reachable": true, "id": "T0517", "x": 629154.32, "y": 5220625.78, "order": 71, "visited": true}}, {"type": "Feature", "geometry": {"type": "Point", "coordinates": [629159.65, 5220634.32]}, "properties": {"type": "gap", "gap_m": 3.4, "vineyard_id": "V08", "row_id": "V08-R033", "reachable": true, "id": "T0516", "x": 629159.65, "y": 5220634.32, "order": 407, "visited": true}}, {"type": "Feature", "geometry": {"type": "Point", "coordinates": [629168.13, 5220653.14]}, "properties": {"type": "gap", "gap_m": 7.0, "vineyard_id": "V08", "row_id": "V08-R030", "reachable": true, "id": "T0513", "x": 629168.13, "y": 5220653.14, "order": 72, "visited": true}}, {"type": "Feature", "geometry": {"type": "Point", "coordinates": [629159.89, 5220689.48]}, "properties": {"type": "gap", "gap_m": 3.2, "vineyard_id": "V08", "row_id": "V08-R009", "reachable": true, "id": "T0498", "x": 629159.89, "y": 5220689.48, "order": 73, "visited": true}}, {"type": "Feature", "geometry": {"type": "Point", "coordinates": [629162.9, 5220691.44]}, "properties": {"type": "gap", "gap_m": 5.7, "vineyard_id": "V08", "row_id": "V08-R008", "reachable": true, "id": "T0496", "x": 629162.9, "y": 5220691.44, "order": 406, "visited": true}}, {"type": "Feature", "geometry": {"type": "Point", "coordinates": [629169.22, 5220695.12]}, "properties": {"type": "gap", "gap_m": 6.0, "vineyard_id": "V08", "row_id": "V08-R006", "reachable": true, "id": "T0494", "x": 629169.22, "y": 5220695.12, "order": 405, "visited": true}}, {"type": "Feature", "geometry": {"type": "Point", "coordinates": [629171.94, 5220695.46]}, "properties": {"type": "gap", "gap_m": 4.5, "vineyard_id": "V08", "row_id": "V08-R005", "reachable": true, "id": "T0493", "x": 629171.94, "y": 5220695.46, "order": 404, "visited": true}}, {"type": "Feature", "geometry": {"type": "Point", "coordinates": [629181.25, 5220699.28]}, "properties": {"type": "gap", "gap_m": 4.1, "vineyard_id": "V08", "row_id": "V08-R003", "reachable": true, "id": "T0489", "x": 629181.25, "y": 5220699.28, "order": 401, "visited": true}}, {"type": "Feature", "geometry": {"type": "Point", "coordinates": [629183.85, 5220700.2]}, "properties": {"type": "gap", "gap_m": 4.5, "vineyard_id": "V08", "row_id": "V08-R002", "reachable": true, "id": "T0487", "x": 629183.85, "y": 5220700.2, "order": 400, "visited": true}}, {"type": "Feature", "geometry": {"type": "Point", "coordinates": [629186.37, 5220700.7]}, "properties": {"type": "gap", "gap_m": 5.4, "vineyard_id": "V08", "row_id": "V08-R001", "reachable": true, "id": "T0485", "x": 629186.37, "y": 5220700.7, "order": 399, "visited": true}}, {"type": "Feature", "geometry": {"type": "Point", "coordinates": [629188.33, 5220702.46]}, "properties": {"type": "gap", "gap_m": 4.0, "vineyard_id": "V06", "row_id": "V06-R01", "reachable": true, "id": "T0476", "x": 629188.33, "y": 5220702.46, "order": 398, "visited": true}}, {"type": "Feature", "geometry": {"type": "Point", "coordinates": [629195.31, 5220705.63]}, "properties": {"type": "gap", "gap_m": 4.0, "vineyard_id": "V05", "row_id": "V05-R02", "reachable": true, "id": "T0461", "x": 629195.31, "y": 5220705.63, "order": 381, "visited": true}}, {"type": "Feature", "geometry": {"type": "Point", "coordinates": [629198.86, 5220707.78]}, "properties": {"type": "gap", "gap_m": 4.5, "vineyard_id": "V05", "row_id": "V05-R03", "reachable": true, "id": "T0462", "x": 629198.86, "y": 5220707.78, "order": 380, "visited": true}}, {"type": "Feature", "geometry": {"type": "Point", "coordinates": [629207.01, 5220715.4]}, "properties": {"type": "gap", "gap_m": 9.9, "vineyard_id": "V02", "row_id": "V02-R088", "reachable": true, "id": "T0285", "x": 629207.01, "y": 5220715.4, "order": 378, "visited": true}}, {"type": "Feature", "geometry": {"type": "Point", "coordinates": [629209.58, 5220715.64]}, "properties": {"type": "gap", "gap_m": 7.7, "vineyard_id": "V02", "row_id": "V02-R087", "reachable": true, "id": "T0276", "x": 629209.58, "y": 5220715.64, "order": 377, "visited": true}}, {"type": "Feature", "geometry": {"type": "Point", "coordinates": [629211.96, 5220716.58]}, "properties": {"type": "gap", "gap_m": 7.5, "vineyard_id": "V02", "row_id": "V02-R086", "reachable": true, "id": "T0272", "x": 629211.96, "y": 5220716.58, "order": 190, "visited": true}}, {"type": "Feature", "geometry": {"type": "Point", "coordinates": [629215.05, 5220716.34]}, "properties": {"type": "gap", "gap_m": 4.0, "vineyard_id": "V02", "row_id": "V02-R085", "reachable": true, "id": "T0265", "x": 629215.05, "y": 5220716.34, "order": 191, "visited": true}}, {"type": "Feature", "geometry": {"type": "Point", "coordinates": [629217.53, 5220716.71]}, "properties": {"type": "gap", "gap_m": 5.5, "vineyard_id": "V02", "row_id": "V02-R084", "reachable": true, "id": "T0263", "x": 629217.53, "y": 5220716.71, "order": 192, "visited": true}}, {"type": "Feature", "geometry": {"type": "Point", "coordinates": [629219.51, 5220718.62]}, "properties": {"type": "gap", "gap_m": 4.5, "vineyard_id": "V02", "row_id": "V02-R083", "reachable": true, "id": "T0255", "x": 629219.51, "y": 5220718.62, "order": 193, "visited": true}}, {"type": "Feature", "geometry": {"type": "Point", "coordinates": [629221.78, 5220719.88]}, "properties": {"type": "gap", "gap_m": 4.5, "vineyard_id": "V02", "row_id": "V02-R082", "reachable": true, "id": "T0244", "x": 629221.78, "y": 5220719.88, "order": 194, "visited": true}}, {"type": "Feature", "geometry": {"type": "Point", "coordinates": [629224.15, 5220721.15]}, "properties": {"type": "gap", "gap_m": 4.4, "vineyard_id": "V02", "row_id": "V02-R081", "reachable": true, "id": "T0235", "x": 629224.15, "y": 5220721.15, "order": 196, "visited": true}}, {"type": "Feature", "geometry": {"type": "Point", "coordinates": [629226.32, 5220722.43]}, "properties": {"type": "gap", "gap_m": 4.6, "vineyard_id": "V02", "row_id": "V02-R080", "reachable": true, "id": "T0232", "x": 629226.32, "y": 5220722.43, "order": 197, "visited": true}}, {"type": "Feature", "geometry": {"type": "Point", "coordinates": [629228.3, 5220724.26]}, "properties": {"type": "gap", "gap_m": 5.6, "vineyard_id": "V02", "row_id": "V02-R079", "reachable": true, "id": "T0222", "x": 629228.3, "y": 5220724.26, "order": 198, "visited": true}}, {"type": "Feature", "geometry": {"type": "Point", "coordinates": [629230.78, 5220724.87]}, "properties": {"type": "gap", "gap_m": 4.3, "vineyard_id": "V02", "row_id": "V02-R078", "reachable": true, "id": "T0217", "x": 629230.78, "y": 5220724.87, "order": 306, "visited": true}}, {"type": "Feature", "geometry": {"type": "Point", "coordinates": [629233.39, 5220725.14]}, "properties": {"type": "gap", "gap_m": 7.0, "vineyard_id": "V02", "row_id": "V02-R076", "reachable": true, "id": "T0215", "x": 629233.39, "y": 5220725.14, "order": 305, "visited": true}}, {"type": "Feature", "geometry": {"type": "Point", "coordinates": [629235.5, 5220726.21]}, "properties": {"type": "gap", "gap_m": 7.0, "vineyard_id": "V02", "row_id": "V02-R069", "reachable": true, "id": "T0192", "x": 629235.5, "y": 5220726.21, "order": 304, "visited": true}}, {"type": "Feature", "geometry": {"type": "Point", "coordinates": [629237.36, 5220728.35]}, "properties": {"type": "gap", "gap_m": 5.1, "vineyard_id": "V02", "row_id": "V02-R067", "reachable": true, "id": "T0181", "x": 629237.36, "y": 5220728.35, "order": 239, "visited": true}}, {"type": "Feature", "geometry": {"type": "Point", "coordinates": [629239.51, 5220729.62]}, "properties": {"type": "gap", "gap_m": 5.3, "vineyard_id": "V02", "row_id": "V02-R066", "reachable": true, "id": "T0177", "x": 629239.51, "y": 5220729.62, "order": 238, "visited": true}}, {"type": "Feature", "geometry": {"type": "Point", "coordinates": [629241.77, 5220731.55]}, "properties": {"type": "gap", "gap_m": 4.7, "vineyard_id": "V02", "row_id": "V02-R064", "reachable": true, "id": "T0166", "x": 629241.77, "y": 5220731.55, "order": 237, "visited": true}}, {"type": "Feature", "geometry": {"type": "Point", "coordinates": [629243.93, 5220732.61]}, "properties": {"type": "gap", "gap_m": 4.2, "vineyard_id": "V02", "row_id": "V02-R062", "reachable": true, "id": "T0157", "x": 629243.93, "y": 5220732.61, "order": 236, "visited": true}}, {"type": "Feature", "geometry": {"type": "Point", "coordinates": [629246.03, 5220733.84]}, "properties": {"type": "gap", "gap_m": 4.2, "vineyard_id": "V02", "row_id": "V02-R060", "reachable": true, "id": "T0151", "x": 629246.03, "y": 5220733.84, "order": 235, "visited": true}}, {"type": "Feature", "geometry": {"type": "Point", "coordinates": [629231.61, 5220735.8]}, "properties": {"type": "gap", "gap_m": 6.0, "vineyard_id": "V02", "row_id": "V02-R069", "reachable": true, "id": "T0191", "x": 629231.61, "y": 5220735.8, "order": 240, "visited": true}}, {"type": "Feature", "geometry": {"type": "Point", "coordinates": [629231.82, 5220742.04]}, "properties": {"type": "gap", "gap_m": 10.2, "vineyard_id": "V02", "row_id": "V02-R067", "reachable": true, "id": "T0180", "x": 629231.82, "y": 5220742.04, "order": 241, "visited": true}}, {"type": "Feature", "geometry": {"type": "Point", "coordinates": [629234.8, 5220741.32]}, "properties": {"type": "gap", "gap_m": 12.4, "vineyard_id": "V02", "row_id": "V02-R066", "reachable": true, "id": "T0176", "x": 629234.8, "y": 5220741.32, "order": 234, "visited": true}}, {"type": "Feature", "geometry": {"type": "Point", "coordinates": [629228.91, 5220755.98]}, "properties": {"type": "gap", "gap_m": 4.2, "vineyard_id": "V02", "row_id": "V02-R066", "reachable": true, "id": "T0175", "x": 629228.91, "y": 5220755.98, "order": 233, "visited": true}}, {"type": "Feature", "geometry": {"type": "Point", "coordinates": [629228.71, 5220766.92]}, "properties": {"type": "gap", "gap_m": 9.7, "vineyard_id": "V02", "row_id": "V02-R048", "reachable": true, "id": "T0119", "x": 629228.71, "y": 5220766.92, "order": 232, "visited": true}}, {"type": "Feature", "geometry": {"type": "Point", "coordinates": [629234.96, 5220785.72]}, "properties": {"type": "gap", "gap_m": 3.1, "vineyard_id": "V02", "row_id": "V02-R049", "reachable": true, "id": "T0121", "x": 629234.96, "y": 5220785.72, "order": 229, "visited": true}}, {"type": "Feature", "geometry": {"type": "Point", "coordinates": [629237.91, 5220787.82]}, "properties": {"type": "gap", "gap_m": 53.9, "vineyard_id": "V02", "row_id": "V02-R050", "reachable": true, "id": "T0128", "x": 629237.91, "y": 5220787.82, "order": 228, "visited": true}}, {"type": "Feature", "geometry": {"type": "Point", "coordinates": [629239.28, 5220791.57]}, "properties": {"type": "gap", "gap_m": 46.0, "vineyard_id": "V02", "row_id": "V02-R042", "reachable": true, "id": "T0106", "x": 629239.28, "y": 5220791.57, "order": 227, "visited": true}}, {"type": "Feature", "geometry": {"type": "Point", "coordinates": [629240.32, 5220791.89]}, "properties": {"type": "gap", "gap_m": 5.0, "vineyard_id": "V02", "row_id": "V02-R048", "reachable": true, "id": "T0117", "x": 629240.32, "y": 5220791.89, "order": 227, "visited": true}}, {"type": "Feature", "geometry": {"type": "Point", "coordinates": [629240.8, 5220794.87]}, "properties": {"type": "gap", "gap_m": 38.9, "vineyard_id": "V02", "row_id": "V02-R038", "reachable": true, "id": "T0099", "x": 629240.8, "y": 5220794.87, "order": 226, "visited": true}}, {"type": "Feature", "geometry": {"type": "Point", "coordinates": [629241.77, 5220799.28]}, "properties": {"type": "gap", "gap_m": 35.5, "vineyard_id": "V02", "row_id": "V02-R037", "reachable": true, "id": "T0090", "x": 629241.77, "y": 5220799.28, "order": 225, "visited": true}}, {"type": "Feature", "geometry": {"type": "Point", "coordinates": [629243.39, 5220798.5]}, "properties": {"type": "gap", "gap_m": 7.3, "vineyard_id": "V02", "row_id": "V02-R048", "reachable": true, "id": "T0116", "x": 629243.39, "y": 5220798.5, "order": 225, "visited": true}}, {"type": "Feature", "geometry": {"type": "Point", "coordinates": [629244.91, 5220804.84]}, "properties": {"type": "gap", "gap_m": 21.6, "vineyard_id": "V02", "row_id": "V02-R035", "reachable": true, "id": "T0081", "x": 629244.91, "y": 5220804.84, "order": 224, "visited": true}}, {"type": "Feature", "geometry": {"type": "Point", "coordinates": [629242.51, 5220802.74]}, "properties": {"type": "gap", "gap_m": 30.2, "vineyard_id": "V02", "row_id": "V02-R036", "reachable": true, "id": "T0083", "x": 629242.51, "y": 5220802.74, "order": 250, "visited": true}}, {"type": "Feature", "geometry": {"type": "Point", "coordinates": [629240.07, 5220796.64]}, "properties": {"type": "gap", "gap_m": 7.1, "vineyard_id": "V02", "row_id": "V02-R049", "reachable": true, "id": "T0120", "x": 629240.07, "y": 5220796.64, "order": 249, "visited": true}}, {"type": "Feature", "geometry": {"type": "Point", "coordinates": [629237.22, 5220795.49]}, "properties": {"type": "gap", "gap_m": 11.6, "vineyard_id": "V02", "row_id": "V02-R051", "reachable": true, "id": "T0129", "x": 629237.22, "y": 5220795.49, "order": 248, "visited": true}}, {"type": "Feature", "geometry": {"type": "Point", "coordinates": [629233.6, 5220795.38]}, "properties": {"type": "gap", "gap_m": 9.7, "vineyard_id": "V02", "row_id": "V02-R053", "reachable": true, "id": "T0134", "x": 629233.6, "y": 5220795.38, "order": 247, "visited": true}}, {"type": "Feature", "geometry": {"type": "Point", "coordinates": [629232.76, 5220787.23]}, "properties": {"type": "gap", "gap_m": 55.3, "vineyard_id": "V02", "row_id": "V02-R054", "reachable": true, "id": "T0136", "x": 629232.76, "y": 5220787.23, "order": 246, "visited": true}}, {"type": "Feature", "geometry": {"type": "Point", "coordinates": [629230.73, 5220786.66]}, "properties": {"type": "gap", "gap_m": 57.7, "vineyard_id": "V02", "row_id": "V02-R055", "reachable": true, "id": "T0137", "x": 629230.73, "y": 5220786.66, "order": 245, "visited": true}}, {"type": "Feature", "geometry": {"type": "Point", "coordinates": [629232.32, 5220785.0]}, "properties": {"type": "gap", "gap_m": 9.8, "vineyard_id": "V02", "row_id": "V02-R051", "reachable": true, "id": "T0130", "x": 629232.32, "y": 5220785.0, "order": 245, "visited": true}}, {"type": "Feature", "geometry": {"type": "Point", "coordinates": [629222.58, 5220771.67]}, "properties": {"type": "gap", "gap_m": 6.3, "vineyard_id": "V02", "row_id": "V02-R053", "reachable": true, "id": "T0135", "x": 629222.58, "y": 5220771.67, "order": 244, "visited": true}}, {"type": "Feature", "geometry": {"type": "Point", "coordinates": [629224.42, 5220753.52]}, "properties": {"type": "gap", "gap_m": 3.1, "vineyard_id": "V02", "row_id": "V02-R069", "reachable": true, "id": "T0190", "x": 629224.42, "y": 5220753.52, "order": 243, "visited": true}}, {"type": "Feature", "geometry": {"type": "Point", "coordinates": [629223.03, 5220750.58]}, "properties": {"type": "gap", "gap_m": 3.9, "vineyard_id": "V02", "row_id": "V02-R076", "reachable": true, "id": "T0214", "x": 629223.03, "y": 5220750.58, "order": 242, "visited": true}}, {"type": "Feature", "geometry": {"type": "Point", "coordinates": [629225.9, 5220716.86]}, "properties": {"type": "gap", "gap_m": 3.9, "vineyard_id": "V02", "row_id": "V02-R081", "reachable": true, "id": "T0236", "x": 629225.9, "y": 5220716.86, "order": 195, "visited": true}}, {"type": "Feature", "geometry": {"type": "Point", "coordinates": [629216.08, 5220733.97]}, "properties": {"type": "gap", "gap_m": 3.1, "vineyard_id": "V02", "row_id": "V02-R082", "reachable": true, "id": "T0243", "x": 629216.08, "y": 5220733.97, "order": 307, "visited": true}}, {"type": "Feature", "geometry": {"type": "Point", "coordinates": [629213.28, 5220740.89]}, "properties": {"type": "gap", "gap_m": 4.0, "vineyard_id": "V02", "row_id": "V02-R082", "reachable": true, "id": "T0242", "x": 629213.28, "y": 5220740.89, "order": 308, "visited": true}}, {"type": "Feature", "geometry": {"type": "Point", "coordinates": [629210.4, 5220748.02]}, "properties": {"type": "gap", "gap_m": 3.6, "vineyard_id": "V02", "row_id": "V02-R082", "reachable": true, "id": "T0241", "x": 629210.4, "y": 5220748.02, "order": 311, "visited": true}}, {"type": "Feature", "geometry": {"type": "Point", "coordinates": [629211.02, 5220753.25]}, "properties": {"type": "gap", "gap_m": 5.1, "vineyard_id": "V02", "row_id": "V02-R081", "reachable": true, "id": "T0234", "x": 629211.02, "y": 5220753.25, "order": 309, "visited": true}}, {"type": "Feature", "geometry": {"type": "Point", "coordinates": [629206.67, 5220757.23]}, "properties": {"type": "gap", "gap_m": 4.2, "vineyard_id": "V02", "row_id": "V02-R082", "reachable": true, "id": "T0240", "x": 629206.67, "y": 5220757.23, "order": 310, "visited": true}}, {"type": "Feature", "geometry": {"type": "Point", "coordinates": [629205.89, 5220766.29]}, "properties": {"type": "gap", "gap_m": 6.5, "vineyard_id": "V02", "row_id": "V02-R065", "reachable": true, "id": "T0171", "x": 629205.89, "y": 5220766.29, "order": 287, "visited": true}}, {"type": "Feature", "geometry": {"type": "Point", "coordinates": [629213.0, 5220781.54]}, "properties": {"type": "gap", "gap_m": 6.4, "vineyard_id": "V02", "row_id": "V02-R065", "reachable": true, "id": "T0170", "x": 629213.0, "y": 5220781.54, "order": 286, "visited": true}}, {"type": "Feature", "geometry": {"type": "Point", "coordinates": [629216.31, 5220787.23]}, "properties": {"type": "gap", "gap_m": 55.3, "vineyard_id": "V02", "row_id": "V02-R066", "reachable": true, "id": "T0174", "x": 629216.31, "y": 5220787.23, "order": 285, "visited": true}}, {"type": "Feature", "geometry": {"type": "Point", "coordinates": [629218.47, 5220788.85]}, "properties": {"type": "gap", "gap_m": 6.2, "vineyard_id": "V02", "row_id": "V02-R063", "reachable": true, "id": "T0159", "x": 629218.47, "y": 5220788.85, "order": 284, "visited": true}}, {"type": "Feature", "geometry": {"type": "Point", "coordinates": [629219.01, 5220794.42]}, "properties": {"type": "gap", "gap_m": 5.8, "vineyard_id": "V02", "row_id": "V02-R065", "reachable": true, "id": "T0169", "x": 629219.01, "y": 5220794.42, "order": 283, "visited": true}}, {"type": "Feature", "geometry": {"type": "Point", "coordinates": [629221.84, 5220800.5]}, "properties": {"type": "gap", "gap_m": 6.2, "vineyard_id": "V02", "row_id": "V02-R065", "reachable": true, "id": "T0168", "x": 629221.84, "y": 5220800.5, "order": 282, "visited": true}}, {"type": "Feature", "geometry": {"type": "Point", "coordinates": [629225.69, 5220808.75]}, "properties": {"type": "gap", "gap_m": 3.8, "vineyard_id": "V02", "row_id": "V02-R065", "reachable": true, "id": "T0167", "x": 629225.69, "y": 5220808.75, "order": 281, "visited": true}}, {"type": "Feature", "geometry": {"type": "Point", "coordinates": [629227.15, 5220807.51]}, "properties": {"type": "gap", "gap_m": 5.5, "vineyard_id": "V02", "row_id": "V02-R063", "reachable": true, "id": "T0158", "x": 629227.15, "y": 5220807.51, "order": 281, "visited": true}}, {"type": "Feature", "geometry": {"type": "Point", "coordinates": [629229.79, 5220807.67]}, "properties": {"type": "gap", "gap_m": 5.5, "vineyard_id": "V02", "row_id": "V02-R061", "reachable": true, "id": "T0152", "x": 629229.79, "y": 5220807.67, "order": 280, "visited": true}}, {"type": "Feature", "geometry": {"type": "Point", "coordinates": [629226.91, 5220801.53]}, "properties": {"type": "gap", "gap_m": 6.0, "vineyard_id": "V02", "row_id": "V02-R061", "reachable": true, "id": "T0153", "x": 629226.91, "y": 5220801.53, "order": 290, "visited": true}}, {"type": "Feature", "geometry": {"type": "Point", "coordinates": [629219.08, 5220787.24]}, "properties": {"type": "gap", "gap_m": 55.4, "vineyard_id": "V02", "row_id": "V02-R064", "reachable": true, "id": "T0165", "x": 629219.08, "y": 5220787.24, "order": 289, "visited": true}}, {"type": "Feature", "geometry": {"type": "Point", "coordinates": [629214.03, 5220779.3]}, "properties": {"type": "gap", "gap_m": 6.2, "vineyard_id": "V02", "row_id": "V02-R063", "reachable": true, "id": "T0160", "x": 629214.03, "y": 5220779.3, "order": 288, "visited": true}}, {"type": "Feature", "geometry": {"type": "Point", "coordinates": [629216.58, 5220779.44]}, "properties": {"type": "gap", "gap_m": 13.2, "vineyard_id": "V02", "row_id": "V02-R061", "reachable": true, "id": "T0155", "x": 629216.58, "y": 5220779.44, "order": 291, "visited": true}}, {"type": "Feature", "geometry": {"type": "Point", "coordinates": [629220.51, 5220783.07]}, "properties": {"type": "gap", "gap_m": 6.4, "vineyard_id": "V02", "row_id": "V02-R059", "reachable": true, "id": "T0148", "x": 629220.51, "y": 5220783.07, "order": 300, "visited": true}}, {"type": "Feature", "geometry": {"type": "Point", "coordinates": [629222.88, 5220788.15]}, "properties": {"type": "gap", "gap_m": 3.1, "vineyard_id": "V02", "row_id": "V02-R059", "reachable": true, "id": "T0147", "x": 629222.88, "y": 5220788.15, "order": 292, "visited": true}}, {"type": "Feature", "geometry": {"type": "Point", "coordinates": [629223.98, 5220795.26]}, "properties": {"type": "gap", "gap_m": 6.2, "vineyard_id": "V02", "row_id": "V02-R061", "reachable": true, "id": "T0154", "x": 629223.98, "y": 5220795.26, "order": 293, "visited": true}}, {"type": "Feature", "geometry": {"type": "Point", "coordinates": [629221.69, 5220787.19]}, "properties": {"type": "gap", "gap_m": 55.3, "vineyard_id": "V02", "row_id": "V02-R062", "reachable": true, "id": "T0156", "x": 629221.69, "y": 5220787.19, "order": 292, "visited": true}}, {"type": "Feature", "geometry": {"type": "Point", "coordinates": [629222.54, 5220781.81]}, "properties": {"type": "gap", "gap_m": 9.0, "vineyard_id": "V02", "row_id": "V02-R056", "reachable": true, "id": "T0143", "x": 629222.54, "y": 5220781.81, "order": 300, "visited": true}}, {"type": "Feature", "geometry": {"type": "Point", "coordinates": [629218.22, 5220772.56]}, "properties": {"type": "gap", "gap_m": 9.3, "vineyard_id": "V02", "row_id": "V02-R056", "reachable": true, "id": "T0144", "x": 629218.22, "y": 5220772.56, "order": 301, "visited": true}}, {"type": "Feature", "geometry": {"type": "Point", "coordinates": [629214.18, 5220752.31]}, "properties": {"type": "gap", "gap_m": 6.6, "vineyard_id": "V02", "row_id": "V02-R080", "reachable": true, "id": "T0231", "x": 629214.18, "y": 5220752.31, "order": 303, "visited": true}}, {"type": "Feature", "geometry": {"type": "Point", "coordinates": [629214.78, 5220770.77]}, "properties": {"type": "gap", "gap_m": 12.8, "vineyard_id": "V02", "row_id": "V02-R059", "reachable": true, "id": "T0149", "x": 629214.78, "y": 5220770.77, "order": 302, "visited": true}}, {"type": "Feature", "geometry": {"type": "Point", "coordinates": [629224.54, 5220787.13]}, "properties": {"type": "gap", "gap_m": 55.4, "vineyard_id": "V02", "row_id": "V02-R060", "reachable": true, "id": "T0150", "x": 629224.54, "y": 5220787.13, "order": 299, "visited": true}}, {"type": "Feature", "geometry": {"type": "Point", "coordinates": [629226.79, 5220790.92]}, "properties": {"type": "gap", "gap_m": 3.1, "vineyard_id": "V02", "row_id": "V02-R056", "reachable": true, "id": "T0142", "x": 629226.79, "y": 5220790.92, "order": 298, "visited": true}}, {"type": "Feature", "geometry": {"type": "Point", "coordinates": [629228.37, 5220794.31]}, "properties": {"type": "gap", "gap_m": 3.3, "vineyard_id": "V02", "row_id": "V02-R056", "reachable": true, "id": "T0141", "x": 629228.37, "y": 5220794.31, "order": 297, "visited": true}}, {"type": "Feature", "geometry": {"type": "Point", "coordinates": [629230.23, 5220798.28]}, "properties": {"type": "gap", "gap_m": 4.4, "vineyard_id": "V02", "row_id": "V02-R056", "reachable": true, "id": "T0140", "x": 629230.23, "y": 5220798.28, "order": 296, "visited": true}}, {"type": "Feature", "geometry": {"type": "Point", "coordinates": [629232.47, 5220803.08]}, "properties": {"type": "gap", "gap_m": 4.7, "vineyard_id": "V02", "row_id": "V02-R056", "reachable": true, "id": "T0139", "x": 629232.47, "y": 5220803.08, "order": 295, "visited": true}}, {"type": "Feature", "geometry": {"type": "Point", "coordinates": [629231.94, 5220807.62]}, "properties": {"type": "gap", "gap_m": 4.8, "vineyard_id": "V02", "row_id": "V02-R059", "reachable": true, "id": "T0146", "x": 629231.94, "y": 5220807.62, "order": 294, "visited": true}}, {"type": "Feature", "geometry": {"type": "Point", "coordinates": [629234.04, 5220818.05]}, "properties": {"type": "gap", "gap_m": 3.8, "vineyard_id": "V02", "row_id": "V02-R037", "reachable": true, "id": "T0089", "x": 629234.04, "y": 5220818.05, "order": 263, "visited": true}}, {"type": "Feature", "geometry": {"type": "Point", "coordinates": [629230.16, 5220827.46]}, "properties": {"type": "gap", "gap_m": 4.9, "vineyard_id": "V02", "row_id": "V02-R037", "reachable": true, "id": "T0088", "x": 629230.16, "y": 5220827.46, "order": 264, "visited": true}}, {"type": "Feature", "geometry": {"type": "Point", "coordinates": [629226.27, 5220830.0]}, "properties": {"type": "gap", "gap_m": 4.3, "vineyard_id": "V02", "row_id": "V02-R038", "reachable": true, "id": "T0097", "x": 629226.27, "y": 5220830.0, "order": 265, "visited": true}}, {"type": "Feature", "geometry": {"type": "Point", "coordinates": [629225.39, 5220839.04]}, "properties": {"type": "gap", "gap_m": 4.3, "vineyard_id": "V02", "row_id": "V02-R037", "reachable": true, "id": "T0087", "x": 629225.39, "y": 5220839.04, "order": 266, "visited": true}}, {"type": "Feature", "geometry": {"type": "Point", "coordinates": [629222.05, 5220840.28]}, "properties": {"type": "gap", "gap_m": 4.1, "vineyard_id": "V02", "row_id": "V02-R038", "reachable": true, "id": "T0096", "x": 629222.05, "y": 5220840.28, "order": 267, "visited": true}}, {"type": "Feature", "geometry": {"type": "Point", "coordinates": [629211.96, 5220858.24]}, "properties": {"type": "gap", "gap_m": 7.2, "vineyard_id": "V02", "row_id": "V02-R042", "reachable": true, "id": "T0105", "x": 629211.96, "y": 5220858.24, "order": 277, "visited": true}}, {"type": "Feature", "geometry": {"type": "Point", "coordinates": [629208.24, 5220860.6]}, "properties": {"type": "gap", "gap_m": 3.0, "vineyard_id": "V02", "row_id": "V02-R050", "reachable": true, "id": "T0126", "x": 629208.24, "y": 5220860.6, "order": 276, "visited": true}}, {"type": "Feature", "geometry": {"type": "Point", "coordinates": [629214.88, 5220857.81]}, "properties": {"type": "gap", "gap_m": 4.9, "vineyard_id": "V02", "row_id": "V02-R038", "reachable": true, "id": "T0095", "x": 629214.88, "y": 5220857.81, "order": 270, "visited": true}}, {"type": "Feature", "geometry": {"type": "Point", "coordinates": [629217.07, 5220859.23]}, "properties": {"type": "gap", "gap_m": 5.9, "vineyard_id": "V02", "row_id": "V02-R037", "reachable": true, "id": "T0086", "x": 629217.07, "y": 5220859.23, "order": 268, "visited": true}}, {"type": "Feature", "geometry": {"type": "Point", "coordinates": [629212.79, 5220869.07]}, "properties": {"type": "gap", "gap_m": 3.2, "vineyard_id": "V02", "row_id": "V02-R037", "reachable": true, "id": "T0085", "x": 629212.79, "y": 5220869.07, "order": 269, "visited": true}}, {"type": "Feature", "geometry": {"type": "Point", "coordinates": [629211.04, 5220867.23]}, "properties": {"type": "gap", "gap_m": 3.3, "vineyard_id": "V02", "row_id": "V02-R038", "reachable": true, "id": "T0094", "x": 629211.04, "y": 5220867.23, "order": 271, "visited": true}}, {"type": "Feature", "geometry": {"type": "Point", "coordinates": [629205.63, 5220866.46]}, "properties": {"type": "gap", "gap_m": 8.4, "vineyard_id": "V02", "row_id": "V02-R050", "reachable": true, "id": "T0125", "x": 629205.63, "y": 5220866.46, "order": 278, "visited": true}}, {"type": "Feature", "geometry": {"type": "Point", "coordinates": [629229.8, 5220821.36]}, "properties": {"type": "gap", "gap_m": 5.9, "vineyard_id": "V02", "row_id": "V02-R038", "reachable": true, "id": "T0098", "x": 629229.8, "y": 5220821.36, "order": 279, "visited": true}}, {"type": "Feature", "geometry": {"type": "Point", "coordinates": [629196.18, 5220896.5]}, "properties": {"type": "gap", "gap_m": 8.5, "vineyard_id": "V02", "row_id": "V02-R042", "reachable": true, "id": "T0104", "x": 629196.18, "y": 5220896.5, "order": 272, "visited": true}}, {"type": "Feature", "geometry": {"type": "Point", "coordinates": [629192.95, 5220903.94]}, "properties": {"type": "gap", "gap_m": 6.0, "vineyard_id": "V02", "row_id": "V02-R042", "reachable": true, "id": "T0103", "x": 629192.95, "y": 5220903.94, "order": 274, "visited": true}}, {"type": "Feature", "geometry": {"type": "Point", "coordinates": [629190.13, 5220903.58]}, "properties": {"type": "gap", "gap_m": 5.3, "vineyard_id": "V02", "row_id": "V02-R050", "reachable": true, "id": "T0123", "x": 629190.13, "y": 5220903.58, "order": 273, "visited": true}}, {"type": "Feature", "geometry": {"type": "Point", "coordinates": [629198.68, 5220883.18]}, "properties": {"type": "gap", "gap_m": 4.9, "vineyard_id": "V02", "row_id": "V02-R050", "reachable": true, "id": "T0124", "x": 629198.68, "y": 5220883.18, "order": 275, "visited": true}}, {"type": "Feature", "geometry": {"type": "Point", "coordinates": [629214.3, 5220839.2]}, "properties": {"type": "gap", "gap_m": 4.6, "vineyard_id": "V02", "row_id": "V02-R052", "reachable": true, "id": "T0132", "x": 629214.3, "y": 5220839.2, "order": 323, "visited": true}}, {"type": "Feature", "geometry": {"type": "Point", "coordinates": [629213.6, 5220793.8]}, "properties": {"type": "gap", "gap_m": 6.3, "vineyard_id": "V02", "row_id": "V02-R068", "reachable": true, "id": "T0182", "x": 629213.6, "y": 5220793.8, "order": 322, "visited": true}}, {"type": "Feature", "geometry": {"type": "Point", "coordinates": [629210.65, 5220787.48]}, "properties": {"type": "gap", "gap_m": 6.5, "vineyard_id": "V02", "row_id": "V02-R068", "reachable": true, "id": "T0183", "x": 629210.65, "y": 5220787.48, "order": 321, "visited": true}}, {"type": "Feature", "geometry": {"type": "Point", "coordinates": [629211.01, 5220787.43]}, "properties": {"type": "gap", "gap_m": 55.5, "vineyard_id": "V02", "row_id": "V02-R069", "reachable": true, "id": "T0189", "x": 629211.01, "y": 5220787.43, "order": 321, "visited": true}}, {"type": "Feature", "geometry": {"type": "Point", "coordinates": [629208.08, 5220787.29]}, "properties": {"type": "gap", "gap_m": 56.7, "vineyard_id": "V02", "row_id": "V02-R076", "reachable": true, "id": "T0213", "x": 629208.08, "y": 5220787.29, "order": 320, "visited": true}}, {"type": "Feature", "geometry": {"type": "Point", "coordinates": [629206.53, 5220784.19]}, "properties": {"type": "gap", "gap_m": 6.2, "vineyard_id": "V02", "row_id": "V02-R070", "reachable": true, "id": "T0196", "x": 629206.53, "y": 5220784.19, "order": 319, "visited": true}}, {"type": "Feature", "geometry": {"type": "Point", "coordinates": [629207.19, 5220782.87]}, "properties": {"type": "gap", "gap_m": 56.1, "vineyard_id": "V02", "row_id": "V02-R078", "reachable": true, "id": "T0216", "x": 629207.19, "y": 5220782.87, "order": 319, "visited": true}}, {"type": "Feature", "geometry": {"type": "Point", "coordinates": [629207.71, 5220781.18]}, "properties": {"type": "gap", "gap_m": 5.8, "vineyard_id": "V02", "row_id": "V02-R068", "reachable": true, "id": "T0184", "x": 629207.71, "y": 5220781.18, "order": 318, "visited": true}}, {"type": "Feature", "geometry": {"type": "Point", "coordinates": [629203.58, 5220777.84]}, "properties": {"type": "gap", "gap_m": 5.8, "vineyard_id": "V02", "row_id": "V02-R070", "reachable": true, "id": "T0197", "x": 629203.58, "y": 5220777.84, "order": 317, "visited": true}}, {"type": "Feature", "geometry": {"type": "Point", "coordinates": [629203.43, 5220778.01]}, "properties": {"type": "gap", "gap_m": 35.7, "vineyard_id": "V02", "row_id": "V02-R080", "reachable": true, "id": "T0230", "x": 629203.43, "y": 5220778.01, "order": 317, "visited": true}}, {"type": "Feature", "geometry": {"type": "Point", "coordinates": [629204.82, 5220774.99]}, "properties": {"type": "gap", "gap_m": 5.7, "vineyard_id": "V02", "row_id": "V02-R068", "reachable": true, "id": "T0185", "x": 629204.82, "y": 5220774.99, "order": 316, "visited": true}}, {"type": "Feature", "geometry": {"type": "Point", "coordinates": [629200.72, 5220771.81]}, "properties": {"type": "gap", "gap_m": 23.9, "vineyard_id": "V02", "row_id": "V02-R082", "reachable": true, "id": "T0239", "x": 629200.72, "y": 5220771.81, "order": 315, "visited": true}}, {"type": "Feature", "geometry": {"type": "Point", "coordinates": [629198.79, 5220770.23]}, "properties": {"type": "gap", "gap_m": 18.5, "vineyard_id": "V02", "row_id": "V02-R083", "reachable": true, "id": "T0253", "x": 629198.79, "y": 5220770.23, "order": 355, "visited": true}}, {"type": "Feature", "geometry": {"type": "Point", "coordinates": [629201.93, 5220774.32]}, "properties": {"type": "gap", "gap_m": 27.8, "vineyard_id": "V02", "row_id": "V02-R081", "reachable": true, "id": "T0233", "x": 629201.93, "y": 5220774.32, "order": 354, "visited": true}}, {"type": "Feature", "geometry": {"type": "Point", "coordinates": [629201.8, 5220782.33]}, "properties": {"type": "gap", "gap_m": 6.0, "vineyard_id": "V02", "row_id": "V02-R071", "reachable": true, "id": "T0200", "x": 629201.8, "y": 5220782.33, "order": 353, "visited": true}}, {"type": "Feature", "geometry": {"type": "Point", "coordinates": [629204.75, 5220781.12]}, "properties": {"type": "gap", "gap_m": 42.5, "vineyard_id": "V02", "row_id": "V02-R079", "reachable": true, "id": "T0221", "x": 629204.75, "y": 5220781.12, "order": 352, "visited": true}}, {"type": "Feature", "geometry": {"type": "Point", "coordinates": [629204.75, 5220788.62]}, "properties": {"type": "gap", "gap_m": 6.0, "vineyard_id": "V02", "row_id": "V02-R071", "reachable": true, "id": "T0199", "x": 629204.75, "y": 5220788.62, "order": 351, "visited": true}}, {"type": "Feature", "geometry": {"type": "Point", "coordinates": [629209.48, 5220790.53]}, "properties": {"type": "gap", "gap_m": 6.1, "vineyard_id": "V02", "row_id": "V02-R070", "reachable": true, "id": "T0195", "x": 629209.48, "y": 5220790.53, "order": 350, "visited": true}}, {"type": "Feature", "geometry": {"type": "Point", "coordinates": [629212.42, 5220796.86]}, "properties": {"type": "gap", "gap_m": 6.6, "vineyard_id": "V02", "row_id": "V02-R070", "reachable": true, "id": "T0194", "x": 629212.42, "y": 5220796.86, "order": 326, "visited": true}}, {"type": "Feature", "geometry": {"type": "Point", "coordinates": [629209.16, 5220804.6]}, "properties": {"type": "gap", "gap_m": 5.7, "vineyard_id": "V02", "row_id": "V02-R072", "reachable": true, "id": "T0201", "x": 629209.16, "y": 5220804.6, "order": 327, "visited": true}}, {"type": "Feature", "geometry": {"type": "Point", "coordinates": [629208.3, 5220796.21]}, "properties": {"type": "gap", "gap_m": 3.2, "vineyard_id": "V02", "row_id": "V02-R071", "reachable": true, "id": "T0198", "x": 629208.3, "y": 5220796.21, "order": 349, "visited": true}}, {"type": "Feature", "geometry": {"type": "Point", "coordinates": [629205.5, 5220796.78]}, "properties": {"type": "gap", "gap_m": 10.4, "vineyard_id": "V02", "row_id": "V02-R072", "reachable": true, "id": "T0202", "x": 629205.5, "y": 5220796.78, "order": 348, "visited": true}}, {"type": "Feature", "geometry": {"type": "Point", "coordinates": [629199.59, 5220784.13]}, "properties": {"type": "gap", "gap_m": 3.1, "vineyard_id": "V02", "row_id": "V02-R072", "reachable": true, "id": "T0203", "x": 629199.59, "y": 5220784.13, "order": 347, "visited": true}}, {"type": "Feature", "geometry": {"type": "Point", "coordinates": [629193.4, 5220783.05]}, "properties": {"type": "gap", "gap_m": 4.2, "vineyard_id": "V02", "row_id": "V02-R083", "reachable": true, "id": "T0252", "x": 629193.4, "y": 5220783.05, "order": 356, "visited": true}}, {"type": "Feature", "geometry": {"type": "Point", "coordinates": [629190.79, 5220782.43]}, "properties": {"type": "gap", "gap_m": 4.2, "vineyard_id": "V02", "row_id": "V02-R084", "reachable": true, "id": "T0259", "x": 629190.79, "y": 5220782.43, "order": 357, "visited": true}}, {"type": "Feature", "geometry": {"type": "Point", "coordinates": [629187.22, 5220797.75]}, "properties": {"type": "gap", "gap_m": 4.9, "vineyard_id": "V02", "row_id": "V02-R083", "reachable": true, "id": "T0251", "x": 629187.22, "y": 5220797.75, "order": 358, "visited": true}}, {"type": "Feature", "geometry": {"type": "Point", "coordinates": [629181.84, 5220810.56]}, "properties": {"type": "gap", "gap_m": 3.5, "vineyard_id": "V02", "row_id": "V02-R083", "reachable": true, "id": "T0250", "x": 629181.84, "y": 5220810.56, "order": 359, "visited": true}}, {"type": "Feature", "geometry": {"type": "Point", "coordinates": [629177.82, 5220820.55]}, "properties": {"type": "gap", "gap_m": 3.7, "vineyard_id": "V02", "row_id": "V02-R083", "reachable": true, "id": "T0249", "x": 629177.82, "y": 5220820.55, "order": 360, "visited": true}}, {"type": "Feature", "geometry": {"type": "Point", "coordinates": [629169.35, 5220840.99]}, "properties": {"type": "gap", "gap_m": 9.6, "vineyard_id": "V02", "row_id": "V02-R083", "reachable": true, "id": "T0248", "x": 629169.35, "y": 5220840.99, "order": 361, "visited": true}}, {"type": "Feature", "geometry": {"type": "Point", "coordinates": [629165.55, 5220850.16]}, "properties": {"type": "gap", "gap_m": 3.2, "vineyard_id": "V02", "row_id": "V02-R083", "reachable": true, "id": "T0247", "x": 629165.55, "y": 5220850.16, "order": 362, "visited": true}}, {"type": "Feature", "geometry": {"type": "Point", "coordinates": [629160.29, 5220862.85]}, "properties": {"type": "gap", "gap_m": 5.2, "vineyard_id": "V02", "row_id": "V02-R083", "reachable": true, "id": "T0246", "x": 629160.29, "y": 5220862.85, "order": 363, "visited": true}}, {"type": "Feature", "geometry": {"type": "Point", "coordinates": [629156.42, 5220871.78]}, "properties": {"type": "gap", "gap_m": 6.6, "vineyard_id": "V02", "row_id": "V02-R083", "reachable": true, "id": "T0245", "x": 629156.42, "y": 5220871.78, "order": 364, "visited": true}}, {"type": "Feature", "geometry": {"type": "Point", "coordinates": [629148.78, 5220870.6]}, "properties": {"type": "gap", "gap_m": 11.2, "vineyard_id": "V02", "row_id": "V02-R086", "reachable": true, "id": "T0267", "x": 629148.78, "y": 5220870.6, "order": 365, "visited": true}}, {"type": "Feature", "geometry": {"type": "Point", "coordinates": [629152.51, 5220861.5]}, "properties": {"type": "gap", "gap_m": 7.4, "vineyard_id": "V02", "row_id": "V02-R086", "reachable": true, "id": "T0268", "x": 629152.51, "y": 5220861.5, "order": 366, "visited": true}}, {"type": "Feature", "geometry": {"type": "Point", "coordinates": [629160.92, 5220848.26]}, "properties": {"type": "gap", "gap_m": 16.1, "vineyard_id": "V02", "row_id": "V02-R085", "reachable": true, "id": "T0264", "x": 629160.92, "y": 5220848.26, "order": 367, "visited": true}}, {"type": "Feature", "geometry": {"type": "Point", "coordinates": [629161.8, 5220839.32]}, "properties": {"type": "gap", "gap_m": 3.5, "vineyard_id": "V02", "row_id": "V02-R086", "reachable": true, "id": "T0269", "x": 629161.8, "y": 5220839.32, "order": 370, "visited": true}}, {"type": "Feature", "geometry": {"type": "Point", "coordinates": [629163.93, 5220827.82]}, "properties": {"type": "gap", "gap_m": 5.6, "vineyard_id": "V02", "row_id": "V02-R087", "reachable": true, "id": "T0274", "x": 629163.93, "y": 5220827.82, "order": 368, "visited": true}}, {"type": "Feature", "geometry": {"type": "Point", "coordinates": [629163.34, 5220822.85]}, "properties": {"type": "gap", "gap_m": 4.6, "vineyard_id": "V02", "row_id": "V02-R088", "reachable": true, "id": "T0280", "x": 629163.34, "y": 5220822.85, "order": 369, "visited": true}}, {"type": "Feature", "geometry": {"type": "Point", "coordinates": [629168.04, 5220824.41]}, "properties": {"type": "gap", "gap_m": 3.7, "vineyard_id": "V02", "row_id": "V02-R086", "reachable": true, "id": "T0270", "x": 629168.04, "y": 5220824.41, "order": 371, "visited": true}}, {"type": "Feature", "geometry": {"type": "Point", "coordinates": [629177.31, 5220814.81]}, "properties": {"type": "gap", "gap_m": 5.7, "vineyard_id": "V02", "row_id": "V02-R084", "reachable": true, "id": "T0257", "x": 629177.31, "y": 5220814.81, "order": 372, "visited": true}}, {"type": "Feature", "geometry": {"type": "Point", "coordinates": [629183.85, 5220799.24]}, "properties": {"type": "gap", "gap_m": 5.5, "vineyard_id": "V02", "row_id": "V02-R084", "reachable": true, "id": "T0258", "x": 629183.85, "y": 5220799.24, "order": 373, "visited": true}}, {"type": "Feature", "geometry": {"type": "Point", "coordinates": [629193.96, 5220774.77]}, "properties": {"type": "gap", "gap_m": 5.8, "vineyard_id": "V02", "row_id": "V02-R084", "reachable": true, "id": "T0260", "x": 629193.96, "y": 5220774.77, "order": 374, "visited": true}}, {"type": "Feature", "geometry": {"type": "Point", "coordinates": [629197.15, 5220746.52]}, "properties": {"type": "gap", "gap_m": 5.1, "vineyard_id": "V02", "row_id": "V02-R087", "reachable": true, "id": "T0275", "x": 629197.15, "y": 5220746.52, "order": 375, "visited": true}}, {"type": "Feature", "geometry": {"type": "Point", "coordinates": [629204.0, 5220736.23]}, "properties": {"type": "gap", "gap_m": 3.5, "vineyard_id": "V02", "row_id": "V02-R086", "reachable": true, "id": "T0271", "x": 629204.0, "y": 5220736.23, "order": 376, "visited": true}}, {"type": "Feature", "geometry": {"type": "Point", "coordinates": [629193.62, 5220722.09]}, "properties": {"type": "gap", "gap_m": 3.6, "vineyard_id": "V02", "row_id": "V02-R092", "reachable": true, "id": "T0301", "x": 629193.62, "y": 5220722.09, "order": 379, "visited": true}}, {"type": "Feature", "geometry": {"type": "Point", "coordinates": [629191.47, 5220701.64]}, "properties": {"type": "gap", "gap_m": 8.0, "vineyard_id": "V02", "row_id": "V02-R096", "reachable": true, "id": "T0316", "x": 629191.47, "y": 5220701.64, "order": 397, "visited": true}}, {"type": "Feature", "geometry": {"type": "Point", "coordinates": [629190.98, 5220696.77]}, "properties": {"type": "gap", "gap_m": 7.2, "vineyard_id": "V06", "row_id": "V06-R01", "reachable": true, "id": "T0477", "x": 629190.98, "y": 5220696.77, "order": 396, "visited": true}}, {"type": "Feature", "geometry": {"type": "Point", "coordinates": [629192.03, 5220688.57]}, "properties": {"type": "gap", "gap_m": 8.8, "vineyard_id": "V08", "row_id": "V08-R001", "reachable": true, "id": "T0486", "x": 629192.03, "y": 5220688.57, "order": 394, "visited": true}}, {"type": "Feature", "geometry": {"type": "Point", "coordinates": [629202.14, 5220687.38]}, "properties": {"type": "gap", "gap_m": 3.3, "vineyard_id": "V05", "row_id": "V05-R04", "reachable": true, "id": "T0463", "x": 629202.14, "y": 5220687.38, "order": 393, "visited": true}}, {"type": "Feature", "geometry": {"type": "Point", "coordinates": [629204.01, 5220684.31]}, "properties": {"type": "gap", "gap_m": 6.7, "vineyard_id": "V06", "row_id": "V06-R02", "reachable": true, "id": "T0478", "x": 629204.01, "y": 5220684.31, "order": 392, "visited": true}}, {"type": "Feature", "geometry": {"type": "Point", "coordinates": [629208.5, 5220682.71]}, "properties": {"type": "gap", "gap_m": 4.2, "vineyard_id": "V05", "row_id": "V05-R06", "reachable": true, "id": "T0466", "x": 629208.5, "y": 5220682.71, "order": 383, "visited": true}}, {"type": "Feature", "geometry": {"type": "Point", "coordinates": [629211.58, 5220680.16]}, "properties": {"type": "gap", "gap_m": 4.0, "vineyard_id": "V05", "row_id": "V05-R07", "reachable": true, "id": "T0469", "x": 629211.58, "y": 5220680.16, "order": 384, "visited": true}}, {"type": "Feature", "geometry": {"type": "Point", "coordinates": [629213.4, 5220678.09]}, "properties": {"type": "gap", "gap_m": 5.1, "vineyard_id": "V05", "row_id": "V05-R08", "reachable": true, "id": "T0470", "x": 629213.4, "y": 5220678.09, "order": 385, "visited": true}}, {"type": "Feature", "geometry": {"type": "Point", "coordinates": [629207.52, 5220676.51]}, "properties": {"type": "gap", "gap_m": 4.0, "vineyard_id": "V05", "row_id": "V05-R06", "reachable": true, "id": "T0467", "x": 629207.52, "y": 5220676.51, "order": 387, "visited": true}}, {"type": "Feature", "geometry": {"type": "Point", "coordinates": [629206.01, 5220682.23]}, "properties": {"type": "gap", "gap_m": 7.9, "vineyard_id": "V05", "row_id": "V05-R05", "reachable": true, "id": "T0464", "x": 629206.01, "y": 5220682.23, "order": 388, "visited": true}}, {"type": "Feature", "geometry": {"type": "Point", "coordinates": [629204.32, 5220671.53]}, "properties": {"type": "gap", "gap_m": 3.3, "vineyard_id": "V05", "row_id": "V05-R05", "reachable": true, "id": "T0465", "x": 629204.32, "y": 5220671.53, "order": 391, "visited": true}}, {"type": "Feature", "geometry": {"type": "Point", "coordinates": [629200.86, 5220664.43]}, "properties": {"type": "gap", "gap_m": 7.6, "vineyard_id": "V06", "row_id": "V06-R02", "reachable": true, "id": "T0480", "x": 629200.86, "y": 5220664.43, "order": 390, "visited": true}}, {"type": "Feature", "geometry": {"type": "Point", "coordinates": [629202.26, 5220673.25]}, "properties": {"type": "gap", "gap_m": 4.0, "vineyard_id": "V06", "row_id": "V06-R02", "reachable": true, "id": "T0479", "x": 629202.26, "y": 5220673.25, "order": 389, "visited": true}}, {"type": "Feature", "geometry": {"type": "Point", "coordinates": [629215.11, 5220702.43]}, "properties": {"type": "gap", "gap_m": 3.2, "vineyard_id": "V05", "row_id": "V05-R07", "reachable": true, "id": "T0468", "x": 629215.11, "y": 5220702.43, "order": 386, "visited": true}}, {"type": "Feature", "geometry": {"type": "Point", "coordinates": [629174.83, 5220704.53]}, "properties": {"type": "gap", "gap_m": 3.3, "vineyard_id": "V08", "row_id": "V08-R004", "reachable": true, "id": "T0490", "x": 629174.83, "y": 5220704.53, "order": 162, "visited": true}}, {"type": "Feature", "geometry": {"type": "Point", "coordinates": [629177.99, 5220697.72]}, "properties": {"type": "gap", "gap_m": 4.0, "vineyard_id": "V08", "row_id": "V08-R004", "reachable": true, "id": "T0491", "x": 629177.99, "y": 5220697.72, "order": 403, "visited": true}}, {"type": "Feature", "geometry": {"type": "Point", "coordinates": [629183.4, 5220686.09]}, "properties": {"type": "gap", "gap_m": 5.6, "vineyard_id": "V08", "row_id": "V08-R004", "reachable": true, "id": "T0492", "x": 629183.4, "y": 5220686.09, "order": 402, "visited": true}}, {"type": "Feature", "geometry": {"type": "Point", "coordinates": [629166.32, 5220695.77]}, "properties": {"type": "gap", "gap_m": 9.9, "vineyard_id": "V08", "row_id": "V08-R007", "reachable": true, "id": "T0495", "x": 629166.32, "y": 5220695.77, "order": 161, "visited": true}}, {"type": "Feature", "geometry": {"type": "Point", "coordinates": [629154.84, 5220693.69]}, "properties": {"type": "gap", "gap_m": 8.2, "vineyard_id": "V08", "row_id": "V08-R010", "reachable": true, "id": "T0499", "x": 629154.84, "y": 5220693.69, "order": 75, "visited": true}}, {"type": "Feature", "geometry": {"type": "Point", "coordinates": [629155.76, 5220698.3]}, "properties": {"type": "gap", "gap_m": 14.7, "vineyard_id": "V08", "row_id": "V08-R009", "reachable": true, "id": "T0497", "x": 629155.76, "y": 5220698.3, "order": 74, "visited": true}}, {"type": "Feature", "geometry": {"type": "Point", "coordinates": [629150.03, 5220691.44]}, "properties": {"type": "gap", "gap_m": 8.7, "vineyard_id": "V08", "row_id": "V08-R013", "reachable": true, "id": "T0501", "x": 629150.03, "y": 5220691.44, "order": 77, "visited": true}}, {"type": "Feature", "geometry": {"type": "Point", "coordinates": [629151.36, 5220694.4]}, "properties": {"type": "gap", "gap_m": 12.5, "vineyard_id": "V08", "row_id": "V08-R011", "reachable": true, "id": "T0500", "x": 629151.36, "y": 5220694.4, "order": 76, "visited": true}}, {"type": "Feature", "geometry": {"type": "Point", "coordinates": [629148.66, 5220688.94]}, "properties": {"type": "gap", "gap_m": 10.8, "vineyard_id": "V08", "row_id": "V08-R014", "reachable": true, "id": "T0502", "x": 629148.66, "y": 5220688.94, "order": 79, "visited": true}}, {"type": "Feature", "geometry": {"type": "Point", "coordinates": [629143.74, 5220686.77]}, "properties": {"type": "gap", "gap_m": 6.0, "vineyard_id": "V04", "row_id": "V04-R26", "reachable": true, "id": "T0395", "x": 629143.74, "y": 5220686.77, "order": 80, "visited": true}}, {"type": "Feature", "geometry": {"type": "Point", "coordinates": [629141.52, 5220684.23]}, "properties": {"type": "gap", "gap_m": 3.5, "vineyard_id": "V04", "row_id": "V04-R29", "reachable": true, "id": "T0397", "x": 629141.52, "y": 5220684.23, "order": 81, "visited": true}}, {"type": "Feature", "geometry": {"type": "Point", "coordinates": [629138.76, 5220683.38]}, "properties": {"type": "gap", "gap_m": 9.9, "vineyard_id": "V04", "row_id": "V04-R31", "reachable": true, "id": "T0400", "x": 629138.76, "y": 5220683.38, "order": 82, "visited": true}}, {"type": "Feature", "geometry": {"type": "Point", "coordinates": [629136.21, 5220682.1]}, "properties": {"type": "gap", "gap_m": 10.2, "vineyard_id": "V04", "row_id": "V04-R32", "reachable": true, "id": "T0401", "x": 629136.21, "y": 5220682.1, "order": 83, "visited": true}}, {"type": "Feature", "geometry": {"type": "Point", "coordinates": [629133.18, 5220681.08]}, "properties": {"type": "gap", "gap_m": 11.0, "vineyard_id": "V04", "row_id": "V04-R34", "reachable": true, "id": "T0406", "x": 629133.18, "y": 5220681.08, "order": 85, "visited": true}}, {"type": "Feature", "geometry": {"type": "Point", "coordinates": [629131.21, 5220678.34]}, "properties": {"type": "gap", "gap_m": 7.6, "vineyard_id": "V04", "row_id": "V04-R35", "reachable": true, "id": "T0407", "x": 629131.21, "y": 5220678.34, "order": 86, "visited": true}}, {"type": "Feature", "geometry": {"type": "Point", "coordinates": [629124.42, 5220678.32]}, "properties": {"type": "gap", "gap_m": 7.9, "vineyard_id": "V04", "row_id": "V04-R39", "reachable": true, "id": "T0411", "x": 629124.42, "y": 5220678.32, "order": 100, "visited": true}}, {"type": "Feature", "geometry": {"type": "Point", "coordinates": [629123.5, 5220674.92]}, "properties": {"type": "gap", "gap_m": 8.5, "vineyard_id": "V04", "row_id": "V04-R40", "reachable": true, "id": "T0415", "x": 629123.5, "y": 5220674.92, "order": 99, "visited": true}}, {"type": "Feature", "geometry": {"type": "Point", "coordinates": [629119.71, 5220674.6]}, "properties": {"type": "gap", "gap_m": 6.4, "vineyard_id": "V04", "row_id": "V04-R42", "reachable": true, "id": "T0422", "x": 629119.71, "y": 5220674.6, "order": 98, "visited": true}}, {"type": "Feature", "geometry": {"type": "Point", "coordinates": [629117.05, 5220672.9]}, "properties": {"type": "gap", "gap_m": 5.6, "vineyard_id": "V04", "row_id": "V04-R43", "reachable": true, "id": "T0426", "x": 629117.05, "y": 5220672.9, "order": 97, "visited": true}}, {"type": "Feature", "geometry": {"type": "Point", "coordinates": [629115.45, 5220669.94]}, "properties": {"type": "gap", "gap_m": 8.1, "vineyard_id": "V04", "row_id": "V04-R44", "reachable": true, "id": "T0429", "x": 629115.45, "y": 5220669.94, "order": 96, "visited": true}}, {"type": "Feature", "geometry": {"type": "Point", "coordinates": [629111.65, 5220670.23]}, "properties": {"type": "gap", "gap_m": 5.9, "vineyard_id": "V04", "row_id": "V04-R45", "reachable": true, "id": "T0430", "x": 629111.65, "y": 5220670.23, "order": 95, "visited": true}}, {"type": "Feature", "geometry": {"type": "Point", "coordinates": [629108.63, 5220669.31]}, "properties": {"type": "gap", "gap_m": 6.5, "vineyard_id": "V04", "row_id": "V04-R47", "reachable": true, "id": "T0432", "x": 629108.63, "y": 5220669.31, "order": 94, "visited": true}}, {"type": "Feature", "geometry": {"type": "Point", "coordinates": [629107.18, 5220666.1]}, "properties": {"type": "gap", "gap_m": 8.6, "vineyard_id": "V04", "row_id": "V04-R49", "reachable": true, "id": "T0435", "x": 629107.18, "y": 5220666.1, "order": 93, "visited": true}}, {"type": "Feature", "geometry": {"type": "Point", "coordinates": [629104.11, 5220665.09]}, "properties": {"type": "gap", "gap_m": 8.3, "vineyard_id": "V04", "row_id": "V04-R51", "reachable": true, "id": "T0437", "x": 629104.11, "y": 5220665.09, "order": 91, "visited": true}}, {"type": "Feature", "geometry": {"type": "Point", "coordinates": [629101.19, 5220663.98]}, "properties": {"type": "gap", "gap_m": 5.2, "vineyard_id": "V04", "row_id": "V04-R52", "reachable": true, "id": "T0439", "x": 629101.19, "y": 5220663.98, "order": 92, "visited": true}}, {"type": "Feature", "geometry": {"type": "Point", "coordinates": [629131.69, 5220662.34]}, "properties": {"type": "gap", "gap_m": 6.7, "vineyard_id": "V04", "row_id": "V04-R40", "reachable": true, "id": "T0416", "x": 629131.69, "y": 5220662.34, "order": 87, "visited": true}}, {"type": "Feature", "geometry": {"type": "Point", "coordinates": [629100.32, 5220645.87]}, "properties": {"type": "gap", "gap_m": 5.3, "vineyard_id": "V08", "row_id": "V08-R038", "reachable": true, "id": "T0520", "x": 629100.32, "y": 5220645.87, "order": 88, "visited": true}}, {"type": "Feature", "geometry": {"type": "Point", "coordinates": [629103.75, 5220645.1]}, "properties": {"type": "gap", "gap_m": 6.7, "vineyard_id": "V08", "row_id": "V08-R042", "reachable": true, "id": "T0523", "x": 629103.75, "y": 5220645.1, "order": 89, "visited": true}}, {"type": "Feature", "geometry": {"type": "Point", "coordinates": [629112.75, 5220650.74]}, "properties": {"type": "gap", "gap_m": 3.7, "vineyard_id": "V08", "row_id": "V08-R038", "reachable": true, "id": "T0519", "x": 629112.75, "y": 5220650.74, "order": 90, "visited": true}}, {"type": "Feature", "geometry": {"type": "Point", "coordinates": [629123.61, 5220695.93]}, "properties": {"type": "gap", "gap_m": 3.1, "vineyard_id": "V04", "row_id": "V04-R34", "reachable": true, "id": "T0405", "x": 629123.61, "y": 5220695.93, "order": 84, "visited": true}}, {"type": "Feature", "geometry": {"type": "Point", "coordinates": [629160.1, 5220664.49]}, "properties": {"type": "gap", "gap_m": 3.0, "vineyard_id": "V08", "row_id": "V08-R014", "reachable": true, "id": "T0503", "x": 629160.1, "y": 5220664.49, "order": 78, "visited": true}}, {"type": "Feature", "geometry": {"type": "Point", "coordinates": [629101.02, 5220709.43]}, "properties": {"type": "gap", "gap_m": 3.2, "vineyard_id": "V04", "row_id": "V04-R40", "reachable": true, "id": "T0414", "x": 629101.02, "y": 5220709.43, "order": 101, "visited": true}}, {"type": "Feature", "geometry": {"type": "Point", "coordinates": [629093.27, 5220721.7]}, "properties": {"type": "gap", "gap_m": 4.9, "vineyard_id": "V04", "row_id": "V04-R40", "reachable": true, "id": "T0413", "x": 629093.27, "y": 5220721.7, "order": 102, "visited": true}}, {"type": "Feature", "geometry": {"type": "Point", "coordinates": [629090.77, 5220719.0]}, "properties": {"type": "gap", "gap_m": 3.4, "vineyard_id": "V04", "row_id": "V04-R42", "reachable": true, "id": "T0420", "x": 629090.77, "y": 5220719.0, "order": 103, "visited": true}}, {"type": "Feature", "geometry": {"type": "Point", "coordinates": [629085.24, 5220727.23]}, "properties": {"type": "gap", "gap_m": 5.0, "vineyard_id": "V04", "row_id": "V04-R42", "reachable": true, "id": "T0419", "x": 629085.24, "y": 5220727.23, "order": 104, "visited": true}}, {"type": "Feature", "geometry": {"type": "Point", "coordinates": [629087.71, 5220718.72]}, "properties": {"type": "gap", "gap_m": 3.3, "vineyard_id": "V04", "row_id": "V04-R43", "reachable": true, "id": "T0423", "x": 629087.71, "y": 5220718.72, "order": 105, "visited": true}}, {"type": "Feature", "geometry": {"type": "Point", "coordinates": [629092.26, 5220712.0]}, "properties": {"type": "gap", "gap_m": 12.0, "vineyard_id": "V04", "row_id": "V04-R43", "reachable": true, "id": "T0424", "x": 629092.26, "y": 5220712.0, "order": 106, "visited": true}}, {"type": "Feature", "geometry": {"type": "Point", "coordinates": [629086.26, 5220715.43]}, "properties": {"type": "gap", "gap_m": 6.8, "vineyard_id": "V04", "row_id": "V04-R44", "reachable": true, "id": "T0427", "x": 629086.26, "y": 5220715.43, "order": 107, "visited": true}}, {"type": "Feature", "geometry": {"type": "Point", "coordinates": [629078.05, 5220717.0]}, "properties": {"type": "gap", "gap_m": 7.4, "vineyard_id": "V04", "row_id": "V04-R48", "reachable": true, "id": "T0434", "x": 629078.05, "y": 5220717.0, "order": 108, "visited": true}}, {"type": "Feature", "geometry": {"type": "Point", "coordinates": [629072.23, 5220725.58]}, "properties": {"type": "gap", "gap_m": 3.1, "vineyard_id": "V04", "row_id": "V04-R48", "reachable": true, "id": "T0433", "x": 629072.23, "y": 5220725.58, "order": 109, "visited": true}}, {"type": "Feature", "geometry": {"type": "Point", "coordinates": [629053.8, 5220757.72]}, "properties": {"type": "gap", "gap_m": 5.6, "vineyard_id": "V04", "row_id": "V04-R46", "reachable": true, "id": "T0431", "x": 629053.8, "y": 5220757.72, "order": 110, "visited": true}}, {"type": "Feature", "geometry": {"type": "Point", "coordinates": [629039.88, 5220765.79]}, "properties": {"type": "gap", "gap_m": 3.1, "vineyard_id": "V03", "row_id": "V03-R09", "reachable": true, "id": "T0359", "x": 629039.88, "y": 5220765.79, "order": 112, "visited": true}}, {"type": "Feature", "geometry": {"type": "Point", "coordinates": [629028.17, 5220778.2]}, "properties": {"type": "gap", "gap_m": 5.8, "vineyard_id": "V03", "row_id": "V03-R07", "reachable": true, "id": "T0357", "x": 629028.17, "y": 5220778.2, "order": 117, "visited": true}}, {"type": "Feature", "geometry": {"type": "Point", "coordinates": [629028.77, 5220774.11]}, "properties": {"type": "gap", "gap_m": 11.5, "vineyard_id": "V03", "row_id": "V03-R09", "reachable": true, "id": "T0358", "x": 629028.77, "y": 5220774.11, "order": 115, "visited": true}}, {"type": "Feature", "geometry": {"type": "Point", "coordinates": [629018.64, 5220776.62]}, "properties": {"type": "gap", "gap_m": 4.2, "vineyard_id": "V03", "row_id": "V03-R11", "reachable": true, "id": "T0360", "x": 629018.64, "y": 5220776.62, "order": 116, "visited": true}}, {"type": "Feature", "geometry": {"type": "Point", "coordinates": [629029.32, 5220764.89]}, "properties": {"type": "gap", "gap_m": 6.6, "vineyard_id": "V03", "row_id": "V03-R12", "reachable": true, "id": "T0362", "x": 629029.32, "y": 5220764.89, "order": 114, "visited": true}}, {"type": "Feature", "geometry": {"type": "Point", "coordinates": [629034.34, 5220764.76]}, "properties": {"type": "gap", "gap_m": 3.2, "vineyard_id": "V03", "row_id": "V03-R11", "reachable": true, "id": "T0361", "x": 629034.34, "y": 5220764.76, "order": 113, "visited": true}}, {"type": "Feature", "geometry": {"type": "Point", "coordinates": [629047.36, 5220764.71]}, "properties": {"type": "gap", "gap_m": 3.3, "vineyard_id": "V03", "row_id": "V03-R06", "reachable": true, "id": "T0356", "x": 629047.36, "y": 5220764.71, "order": 111, "visited": true}}, {"type": "Feature", "geometry": {"type": "Point", "coordinates": [629063.11, 5220764.93]}, "properties": {"type": "gap", "gap_m": 5.2, "vineyard_id": "V04", "row_id": "V04-R41", "reachable": true, "id": "T0417", "x": 629063.11, "y": 5220764.93, "order": 118, "visited": true}}, {"type": "Feature", "geometry": {"type": "Point", "coordinates": [629070.59, 5220764.05]}, "properties": {"type": "gap", "gap_m": 6.0, "vineyard_id": "V04", "row_id": "V04-R38", "reachable": true, "id": "T0410", "x": 629070.59, "y": 5220764.05, "order": 119, "visited": true}}, {"type": "Feature", "geometry": {"type": "Point", "coordinates": [629072.37, 5220765.84]}, "properties": {"type": "gap", "gap_m": 5.8, "vineyard_id": "V04", "row_id": "V04-R36", "reachable": true, "id": "T0408", "x": 629072.37, "y": 5220765.84, "order": 119, "visited": true}}, {"type": "Feature", "geometry": {"type": "Point", "coordinates": [629085.03, 5220784.75]}, "properties": {"type": "gap", "gap_m": 4.9, "vineyard_id": "V01", "row_id": "V01-R27", "reachable": true, "id": "T0022", "x": 629085.03, "y": 5220784.75, "order": 121, "visited": true}}, {"type": "Feature", "geometry": {"type": "Point", "coordinates": [629088.31, 5220787.45]}, "properties": {"type": "gap", "gap_m": 4.1, "vineyard_id": "V01", "row_id": "V01-R26", "reachable": true, "id": "T0020", "x": 629088.31, "y": 5220787.45, "order": 122, "visited": true}}, {"type": "Feature", "geometry": {"type": "Point", "coordinates": [629090.59, 5220777.09]}, "properties": {"type": "gap", "gap_m": 5.6, "vineyard_id": "V01", "row_id": "V01-R29", "reachable": true, "id": "T0023", "x": 629090.59, "y": 5220777.09, "order": 120, "visited": true}}, {"type": "Feature", "geometry": {"type": "Point", "coordinates": [629098.19, 5220770.56]}, "properties": {"type": "gap", "gap_m": 10.7, "vineyard_id": "V04", "row_id": "V04-R21", "reachable": true, "id": "T0394", "x": 629098.19, "y": 5220770.56, "order": 123, "visited": true}}, {"type": "Feature", "geometry": {"type": "Point", "coordinates": [629101.49, 5220770.53]}, "properties": {"type": "gap", "gap_m": 10.9, "vineyard_id": "V04", "row_id": "V04-R19", "reachable": true, "id": "T0391", "x": 629101.49, "y": 5220770.53, "order": 124, "visited": true}}, {"type": "Feature", "geometry": {"type": "Point", "coordinates": [629101.45, 5220776.42]}, "properties": {"type": "gap", "gap_m": 14.4, "vineyard_id": "V04", "row_id": "V04-R17", "reachable": true, "id": "T0388", "x": 629101.45, "y": 5220776.42, "order": 125, "visited": true}}, {"type": "Feature", "geometry": {"type": "Point", "coordinates": [629095.55, 5220785.11]}, "properties": {"type": "gap", "gap_m": 5.0, "vineyard_id": "V04", "row_id": "V04-R19", "reachable": true, "id": "T0390", "x": 629095.55, "y": 5220785.11, "order": 126, "visited": true}}, {"type": "Feature", "geometry": {"type": "Point", "coordinates": [629098.38, 5220795.11]}, "properties": {"type": "gap", "gap_m": 3.5, "vineyard_id": "V04", "row_id": "V04-R13", "reachable": true, "id": "T0383", "x": 629098.38, "y": 5220795.11, "order": 127, "visited": true}}, {"type": "Feature", "geometry": {"type": "Point", "coordinates": [629100.71, 5220795.92]}, "properties": {"type": "gap", "gap_m": 3.4, "vineyard_id": "V04", "row_id": "V04-R11", "reachable": true, "id": "T0380", "x": 629100.71, "y": 5220795.92, "order": 128, "visited": true}}, {"type": "Feature", "geometry": {"type": "Point", "coordinates": [629103.96, 5220793.78]}, "properties": {"type": "gap", "gap_m": 7.8, "vineyard_id": "V04", "row_id": "V04-R09", "reachable": true, "id": "T0378", "x": 629103.96, "y": 5220793.78, "order": 129, "visited": true}}, {"type": "Feature", "geometry": {"type": "Point", "coordinates": [629103.64, 5220788.81]}, "properties": {"type": "gap", "gap_m": 7.9, "vineyard_id": "V04", "row_id": "V04-R11", "reachable": true, "id": "T0381", "x": 629103.64, "y": 5220788.81, "order": 130, "visited": true}}, {"type": "Feature", "geometry": {"type": "Point", "coordinates": [629102.27, 5220785.61]}, "properties": {"type": "gap", "gap_m": 10.5, "vineyard_id": "V04", "row_id": "V04-R13", "reachable": true, "id": "T0384", "x": 629102.27, "y": 5220785.61, "order": 134, "visited": true}}, {"type": "Feature", "geometry": {"type": "Point", "coordinates": [629101.81, 5220780.93]}, "properties": {"type": "gap", "gap_m": 12.5, "vineyard_id": "V04", "row_id": "V04-R15", "reachable": true, "id": "T0387", "x": 629101.81, "y": 5220780.93, "order": 133, "visited": true}}, {"type": "Feature", "geometry": {"type": "Point", "coordinates": [629107.55, 5220772.74]}, "properties": {"type": "gap", "gap_m": 11.7, "vineyard_id": "V04", "row_id": "V04-R13", "reachable": true, "id": "T0385", "x": 629107.55, "y": 5220772.74, "order": 132, "visited": true}}, {"type": "Feature", "geometry": {"type": "Point", "coordinates": [629108.86, 5220776.17]}, "properties": {"type": "gap", "gap_m": 14.1, "vineyard_id": "V04", "row_id": "V04-R11", "reachable": true, "id": "T0382", "x": 629108.86, "y": 5220776.17, "order": 131, "visited": true}}, {"type": "Feature", "geometry": {"type": "Point", "coordinates": [629096.76, 5220793.32]}, "properties": {"type": "gap", "gap_m": 3.1, "vineyard_id": "V04", "row_id": "V04-R15", "reachable": true, "id": "T0386", "x": 629096.76, "y": 5220793.32, "order": 127, "visited": true}}, {"type": "Feature", "geometry": {"type": "Point", "coordinates": [629083.4, 5220800.84]}, "properties": {"type": "gap", "gap_m": 4.0, "vineyard_id": "V01", "row_id": "V01-R21", "reachable": true, "id": "T0017", "x": 629083.4, "y": 5220800.84, "order": 135, "visited": true}}, {"type": "Feature", "geometry": {"type": "Point", "coordinates": [629080.47, 5220800.2]}, "properties": {"type": "gap", "gap_m": 4.6, "vineyard_id": "V01", "row_id": "V01-R23", "reachable": true, "id": "T0019", "x": 629080.47, "y": 5220800.2, "order": 136, "visited": true}}, {"type": "Feature", "geometry": {"type": "Point", "coordinates": [629067.76, 5220817.26]}, "properties": {"type": "gap", "gap_m": 5.9, "vineyard_id": "V01", "row_id": "V01-R15", "reachable": true, "id": "T0011", "x": 629067.76, "y": 5220817.26, "order": 137, "visited": true}}, {"type": "Feature", "geometry": {"type": "Point", "coordinates": [629076.63, 5220824.64]}, "properties": {"type": "gap", "gap_m": 8.2, "vineyard_id": "V01", "row_id": "V01-R08", "reachable": true, "id": "T0005", "x": 629076.63, "y": 5220824.64, "order": 138, "visited": true}}, {"type": "Feature", "geometry": {"type": "Point", "coordinates": [629080.03, 5220824.41]}, "properties": {"type": "gap", "gap_m": 3.9, "vineyard_id": "V01", "row_id": "V01-R06", "reachable": true, "id": "T0003", "x": 629080.03, "y": 5220824.41, "order": 139, "visited": true}}, {"type": "Feature", "geometry": {"type": "Point", "coordinates": [629086.08, 5220837.12]}, "properties": {"type": "gap", "gap_m": 16.0, "vineyard_id": "V01", "row_id": "V01-R08", "reachable": true, "id": "T0004", "x": 629086.08, "y": 5220837.12, "order": 140, "visited": true}}, {"type": "Feature", "geometry": {"type": "Point", "coordinates": [629090.23, 5220837.9]}, "properties": {"type": "gap", "gap_m": 7.1, "vineyard_id": "V01", "row_id": "V01-R06", "reachable": true, "id": "T0002", "x": 629090.23, "y": 5220837.9, "order": 141, "visited": true}}, {"type": "Feature", "geometry": {"type": "Point", "coordinates": [629097.66, 5220836.94]}, "properties": {"type": "gap", "gap_m": 9.5, "vineyard_id": "V01", "row_id": "V01-R03", "reachable": true, "id": "T0001", "x": 629097.66, "y": 5220836.94, "order": 142, "visited": true}}, {"type": "Feature", "geometry": {"type": "Point", "coordinates": [629112.44, 5220798.64]}, "properties": {"type": "gap", "gap_m": 20.9, "vineyard_id": "V04", "row_id": "V04-R03", "reachable": true, "id": "T0366", "x": 629112.44, "y": 5220798.64, "order": 151, "visited": true}}, {"type": "Feature", "geometry": {"type": "Point", "coordinates": [629117.24, 5220793.24]}, "properties": {"type": "gap", "gap_m": 31.3, "vineyard_id": "V04", "row_id": "V04-R01", "reachable": true, "id": "T0363", "x": 629117.24, "y": 5220793.24, "order": 152, "visited": true}}, {"type": "Feature", "geometry": {"type": "Point", "coordinates": [629119.11, 5220782.39]}, "properties": {"type": "gap", "gap_m": 13.0, "vineyard_id": "V04", "row_id": "V04-R03", "reachable": true, "id": "T0367", "x": 629119.11, "y": 5220782.39, "order": 153, "visited": true}}, {"type": "Feature", "geometry": {"type": "Point", "coordinates": [629110.97, 5220794.6]}, "properties": {"type": "gap", "gap_m": 12.5, "vineyard_id": "V04", "row_id": "V04-R05", "reachable": true, "id": "T0369", "x": 629110.97, "y": 5220794.6, "order": 150, "visited": true}}, {"type": "Feature", "geometry": {"type": "Point", "coordinates": [629110.7, 5220789.22]}, "properties": {"type": "gap", "gap_m": 13.9, "vineyard_id": "V04", "row_id": "V04-R06", "reachable": true, "id": "T0372", "x": 629110.7, "y": 5220789.22, "order": 149, "visited": true}}, {"type": "Feature", "geometry": {"type": "Point", "coordinates": [629117.33, 5220779.31]}, "properties": {"type": "gap", "gap_m": 13.1, "vineyard_id": "V04", "row_id": "V04-R05", "reachable": true, "id": "T0370", "x": 629117.33, "y": 5220779.31, "order": 148, "visited": true}}, {"type": "Feature", "geometry": {"type": "Point", "coordinates": [629103.21, 5220807.35]}, "properties": {"type": "gap", "gap_m": 4.3, "vineyard_id": "V04", "row_id": "V04-R06", "reachable": true, "id": "T0371", "x": 629103.21, "y": 5220807.35, "order": 144, "visited": true}}, {"type": "Feature", "geometry": {"type": "Point", "coordinates": [629105.63, 5220795.73]}, "properties": {"type": "gap", "gap_m": 3.6, "vineyard_id": "V04", "row_id": "V04-R08", "reachable": true, "id": "T0375", "x": 629105.63, "y": 5220795.73, "order": 143, "visited": true}}, {"type": "Feature", "geometry": {"type": "Point", "coordinates": [629110.23, 5220784.5]}, "properties": {"type": "gap", "gap_m": 13.2, "vineyard_id": "V04", "row_id": "V04-R08", "reachable": true, "id": "T0376", "x": 629110.23, "y": 5220784.5, "order": 145, "visited": true}}, {"type": "Feature", "geometry": {"type": "Point", "coordinates": [629116.37, 5220775.51]}, "properties": {"type": "gap", "gap_m": 14.3, "vineyard_id": "V04", "row_id": "V04-R06", "reachable": true, "id": "T0373", "x": 629116.37, "y": 5220775.51, "order": 146, "visited": true}}, {"type": "Feature", "geometry": {"type": "Point", "coordinates": [629116.1, 5220770.15]}, "properties": {"type": "gap", "gap_m": 11.7, "vineyard_id": "V04", "row_id": "V04-R08", "reachable": true, "id": "T0377", "x": 629116.1, "y": 5220770.15, "order": 147, "visited": true}}, {"type": "Feature", "geometry": {"type": "Point", "coordinates": [629135.01, 5220743.39]}, "properties": {"type": "gap", "gap_m": 60.9, "vineyard_id": "V04", "row_id": "V04-R03", "reachable": true, "id": "T0368", "x": 629135.01, "y": 5220743.39, "order": 159, "visited": true}}, {"type": "Feature", "geometry": {"type": "Point", "coordinates": [629139.79, 5220741.7]}, "properties": {"type": "gap", "gap_m": 11.9, "vineyard_id": "V04", "row_id": "V04-R07", "reachable": true, "id": "T0374", "x": 629139.79, "y": 5220741.7, "order": 160, "visited": true}}, {"type": "Feature", "geometry": {"type": "Point", "coordinates": [629139.43, 5220746.9]}, "properties": {"type": "gap", "gap_m": 31.8, "vineyard_id": "V04", "row_id": "V04-R02", "reachable": true, "id": "T0365", "x": 629139.43, "y": 5220746.9, "order": 158, "visited": true}}, {"type": "Feature", "geometry": {"type": "Point", "coordinates": [629140.04, 5220751.78]}, "properties": {"type": "gap", "gap_m": 16.3, "vineyard_id": "V02", "row_id": "V02-R112", "reachable": true, "id": "T0351", "x": 629140.04, "y": 5220751.78, "order": 157, "visited": true}}, {"type": "Feature", "geometry": {"type": "Point", "coordinates": [629142.13, 5220752.94]}, "properties": {"type": "gap", "gap_m": 18.8, "vineyard_id": "V02", "row_id": "V02-R111", "reachable": true, "id": "T0350", "x": 629142.13, "y": 5220752.94, "order": 155, "visited": true}}, {"type": "Feature", "geometry": {"type": "Point", "coordinates": [629143.53, 5220756.61]}, "properties": {"type": "gap", "gap_m": 10.8, "vineyard_id": "V02", "row_id": "V02-R109", "reachable": true, "id": "T0349", "x": 629143.53, "y": 5220756.61, "order": 156, "visited": true}}, {"type": "Feature", "geometry": {"type": "Point", "coordinates": [629126.84, 5220769.81]}, "properties": {"type": "gap", "gap_m": 13.4, "vineyard_id": "V04", "row_id": "V04-R01", "reachable": true, "id": "T0364", "x": 629126.84, "y": 5220769.81, "order": 154, "visited": true}}, {"type": "Feature", "geometry": {"type": "Point", "coordinates": [629172.41, 5220733.33]}, "properties": {"type": "gap", "gap_m": 3.9, "vineyard_id": "V02", "row_id": "V02-R100", "reachable": true, "id": "T0328", "x": 629172.41, "y": 5220733.33, "order": 166, "visited": true}}, {"type": "Feature", "geometry": {"type": "Point", "coordinates": [629170.28, 5220738.49]}, "properties": {"type": "gap", "gap_m": 6.3, "vineyard_id": "V02", "row_id": "V02-R100", "reachable": true, "id": "T0327", "x": 629170.28, "y": 5220738.49, "order": 167, "visited": true}}, {"type": "Feature", "geometry": {"type": "Point", "coordinates": [629169.22, 5220747.54]}, "properties": {"type": "gap", "gap_m": 4.3, "vineyard_id": "V02", "row_id": "V02-R098", "reachable": true, "id": "T0321", "x": 629169.22, "y": 5220747.54, "order": 168, "visited": true}}, {"type": "Feature", "geometry": {"type": "Point", "coordinates": [629164.79, 5220765.78]}, "properties": {"type": "gap", "gap_m": 3.5, "vineyard_id": "V02", "row_id": "V02-R096", "reachable": true, "id": "T0314", "x": 629164.79, "y": 5220765.78, "order": 169, "visited": true}}, {"type": "Feature", "geometry": {"type": "Point", "coordinates": [629152.47, 5220788.49]}, "properties": {"type": "gap", "gap_m": 3.0, "vineyard_id": "V02", "row_id": "V02-R098", "reachable": true, "id": "T0320", "x": 629152.47, "y": 5220788.49, "order": 170, "visited": true}}, {"type": "Feature", "geometry": {"type": "Point", "coordinates": [629144.06, 5220809.05]}, "properties": {"type": "gap", "gap_m": 8.2, "vineyard_id": "V02", "row_id": "V02-R098", "reachable": true, "id": "T0319", "x": 629144.06, "y": 5220809.05, "order": 177, "visited": true}}, {"type": "Feature", "geometry": {"type": "Point", "coordinates": [629133.54, 5220834.38]}, "properties": {"type": "gap", "gap_m": 5.4, "vineyard_id": "V02", "row_id": "V02-R098", "reachable": true, "id": "T0318", "x": 629133.54, "y": 5220834.38, "order": 178, "visited": true}}, {"type": "Feature", "geometry": {"type": "Point", "coordinates": [629136.28, 5220841.06]}, "properties": {"type": "gap", "gap_m": 6.1, "vineyard_id": "V02", "row_id": "V02-R095", "reachable": true, "id": "T0310", "x": 629136.28, "y": 5220841.06, "order": 179, "visited": true}}, {"type": "Feature", "geometry": {"type": "Point", "coordinates": [629134.01, 5220846.54]}, "properties": {"type": "gap", "gap_m": 4.3, "vineyard_id": "V02", "row_id": "V02-R095", "reachable": true, "id": "T0309", "x": 629134.01, "y": 5220846.54, "order": 180, "visited": true}}, {"type": "Feature", "geometry": {"type": "Point", "coordinates": [629139.47, 5220840.03]}, "properties": {"type": "gap", "gap_m": 13.6, "vineyard_id": "V02", "row_id": "V02-R094", "reachable": true, "id": "T0306", "x": 629139.47, "y": 5220840.03, "order": 181, "visited": true}}, {"type": "Feature", "geometry": {"type": "Point", "coordinates": [629146.39, 5220830.0]}, "properties": {"type": "gap", "gap_m": 5.5, "vineyard_id": "V02", "row_id": "V02-R093", "reachable": true, "id": "T0302", "x": 629146.39, "y": 5220830.0, "order": 182, "visited": true}}, {"type": "Feature", "geometry": {"type": "Point", "coordinates": [629148.1, 5220833.11]}, "properties": {"type": "gap", "gap_m": 9.8, "vineyard_id": "V02", "row_id": "V02-R092", "reachable": true, "id": "T0297", "x": 629148.1, "y": 5220833.11, "order": 183, "visited": true}}, {"type": "Feature", "geometry": {"type": "Point", "coordinates": [629150.42, 5220834.0]}, "properties": {"type": "gap", "gap_m": 3.3, "vineyard_id": "V02", "row_id": "V02-R091", "reachable": true, "id": "T0291", "x": 629150.42, "y": 5220834.0, "order": 184, "visited": true}}, {"type": "Feature", "geometry": {"type": "Point", "coordinates": [629172.6, 5220773.14]}, "properties": {"type": "gap", "gap_m": 3.8, "vineyard_id": "V02", "row_id": "V02-R092", "reachable": true, "id": "T0298", "x": 629172.6, "y": 5220773.14, "order": 185, "visited": true}}, {"type": "Feature", "geometry": {"type": "Point", "coordinates": [629178.53, 5220765.45]}, "properties": {"type": "gap", "gap_m": 3.5, "vineyard_id": "V02", "row_id": "V02-R091", "reachable": true, "id": "T0294", "x": 629178.53, "y": 5220765.45, "order": 188, "visited": true}}, {"type": "Feature", "geometry": {"type": "Point", "coordinates": [629177.02, 5220769.16]}, "properties": {"type": "gap", "gap_m": 3.4, "vineyard_id": "V02", "row_id": "V02-R091", "reachable": true, "id": "T0293", "x": 629177.02, "y": 5220769.16, "order": 187, "visited": true}}, {"type": "Feature", "geometry": {"type": "Point", "coordinates": [629171.07, 5220783.7]}, "properties": {"type": "gap", "gap_m": 4.6, "vineyard_id": "V02", "row_id": "V02-R091", "reachable": true, "id": "T0292", "x": 629171.07, "y": 5220783.7, "order": 186, "visited": true}}, {"type": "Feature", "geometry": {"type": "Point", "coordinates": [629192.75, 5220737.64]}, "properties": {"type": "gap", "gap_m": 5.5, "vineyard_id": "V02", "row_id": "V02-R090", "reachable": true, "id": "T0287", "x": 629192.75, "y": 5220737.64, "order": 189, "visited": true}}, {"type": "Feature", "geometry": {"type": "Point", "coordinates": [629208.4, 5220746.04]}, "properties": {"type": "gap", "gap_m": 3.5, "vineyard_id": "V02", "row_id": "V02-R083", "reachable": true, "id": "T0254", "x": 629208.4, "y": 5220746.04, "order": 312, "visited": true}}, {"type": "Feature", "geometry": {"type": "Point", "coordinates": [629255.43, 5220743.67]}, "properties": {"type": "gap", "gap_m": 3.7, "vineyard_id": "V05", "row_id": "V05-R10", "reachable": true, "id": "T0473", "x": 629255.43, "y": 5220743.67, "order": 216, "visited": true}}, {"type": "Feature", "geometry": {"type": "Point", "coordinates": [629263.28, 5220744.13]}, "properties": {"type": "gap", "gap_m": 6.2, "vineyard_id": "V05", "row_id": "V05-R10", "reachable": true, "id": "T0472", "x": 629263.28, "y": 5220744.13, "order": 215, "visited": true}}, {"type": "Feature", "geometry": {"type": "Point", "coordinates": [629267.74, 5220747.33]}, "properties": {"type": "gap", "gap_m": 6.8, "vineyard_id": "V05", "row_id": "V05-R12", "reachable": true, "id": "T0474", "x": 629267.74, "y": 5220747.33, "order": 214, "visited": true}}, {"type": "Feature", "geometry": {"type": "Point", "coordinates": [629272.32, 5220750.21]}, "properties": {"type": "gap", "gap_m": 6.9, "vineyard_id": "V02", "row_id": "V02-R029", "reachable": true, "id": "T0070", "x": 629272.32, "y": 5220750.21, "order": 213, "visited": true}}, {"type": "Feature", "geometry": {"type": "Point", "coordinates": [629261.79, 5220758.58]}, "properties": {"type": "gap", "gap_m": 3.7, "vineyard_id": "V02", "row_id": "V02-R027", "reachable": true, "id": "T0064", "x": 629261.79, "y": 5220758.58, "order": 212, "visited": true}}, {"type": "Feature", "geometry": {"type": "Point", "coordinates": [629244.87, 5220765.0]}, "properties": {"type": "gap", "gap_m": 5.5, "vineyard_id": "V02", "row_id": "V02-R040", "reachable": true, "id": "T0101", "x": 629244.87, "y": 5220765.0, "order": 211, "visited": true}}, {"type": "Feature", "geometry": {"type": "Point", "coordinates": [629243.76, 5220753.44]}, "properties": {"type": "gap", "gap_m": 5.1, "vineyard_id": "V02", "row_id": "V02-R055", "reachable": true, "id": "T0138", "x": 629243.76, "y": 5220753.44, "order": 210, "visited": true}}, {"type": "Feature", "geometry": {"type": "Point", "coordinates": [629241.39, 5220766.07]}, "properties": {"type": "gap", "gap_m": 5.9, "vineyard_id": "V02", "row_id": "V02-R041", "reachable": true, "id": "T0102", "x": 629241.39, "y": 5220766.07, "order": 209, "visited": true}}, {"type": "Feature", "geometry": {"type": "Point", "coordinates": [629238.53, 5220766.04]}, "properties": {"type": "gap", "gap_m": 6.2, "vineyard_id": "V02", "row_id": "V02-R043", "reachable": true, "id": "T0109", "x": 629238.53, "y": 5220766.04, "order": 204, "visited": true}}, {"type": "Feature", "geometry": {"type": "Point", "coordinates": [629242.72, 5220775.01]}, "properties": {"type": "gap", "gap_m": 4.4, "vineyard_id": "V02", "row_id": "V02-R043", "reachable": true, "id": "T0108", "x": 629242.72, "y": 5220775.01, "order": 205, "visited": true}}, {"type": "Feature", "geometry": {"type": "Point", "coordinates": [629245.35, 5220780.65]}, "properties": {"type": "gap", "gap_m": 3.7, "vineyard_id": "V02", "row_id": "V02-R043", "reachable": true, "id": "T0107", "x": 629245.35, "y": 5220780.65, "order": 206, "visited": true}}, {"type": "Feature", "geometry": {"type": "Point", "coordinates": [629236.74, 5220767.13]}, "properties": {"type": "gap", "gap_m": 10.1, "vineyard_id": "V02", "row_id": "V02-R044", "reachable": true, "id": "T0110", "x": 629236.74, "y": 5220767.13, "order": 204, "visited": true}}, {"type": "Feature", "geometry": {"type": "Point", "coordinates": [629234.2, 5220766.69]}, "properties": {"type": "gap", "gap_m": 3.0, "vineyard_id": "V02", "row_id": "V02-R045", "reachable": true, "id": "T0113", "x": 629234.2, "y": 5220766.69, "order": 203, "visited": true}}, {"type": "Feature", "geometry": {"type": "Point", "coordinates": [629238.66, 5220776.25]}, "properties": {"type": "gap", "gap_m": 3.1, "vineyard_id": "V02", "row_id": "V02-R045", "reachable": true, "id": "T0112", "x": 629238.66, "y": 5220776.25, "order": 202, "visited": true}}, {"type": "Feature", "geometry": {"type": "Point", "coordinates": [629243.24, 5220786.07]}, "properties": {"type": "gap", "gap_m": 3.4, "vineyard_id": "V02", "row_id": "V02-R045", "reachable": true, "id": "T0111", "x": 629243.24, "y": 5220786.07, "order": 201, "visited": true}}, {"type": "Feature", "geometry": {"type": "Point", "coordinates": [629246.04, 5220797.36]}, "properties": {"type": "gap", "gap_m": 4.0, "vineyard_id": "V02", "row_id": "V02-R047", "reachable": true, "id": "T0114", "x": 629246.04, "y": 5220797.36, "order": 200, "visited": true}}, {"type": "Feature", "geometry": {"type": "Point", "coordinates": [629233.07, 5220776.29]}, "properties": {"type": "gap", "gap_m": 10.1, "vineyard_id": "V02", "row_id": "V02-R048", "reachable": true, "id": "T0118", "x": 629233.07, "y": 5220776.29, "order": 199, "visited": true}}, {"type": "Feature", "geometry": {"type": "Point", "coordinates": [629228.64, 5220777.12]}, "properties": {"type": "gap", "gap_m": 6.1, "vineyard_id": "V02", "row_id": "V02-R051", "reachable": true, "id": "T0131", "x": 629228.64, "y": 5220777.12, "order": 231, "visited": true}}, {"type": "Feature", "geometry": {"type": "Point", "coordinates": [629228.96, 5220772.89]}, "properties": {"type": "gap", "gap_m": 9.3, "vineyard_id": "V02", "row_id": "V02-R049", "reachable": true, "id": "T0122", "x": 629228.96, "y": 5220772.89, "order": 230, "visited": true}}, {"type": "Feature", "geometry": {"type": "Point", "coordinates": [629246.16, 5220808.3]}, "properties": {"type": "gap", "gap_m": 10.4, "vineyard_id": "V02", "row_id": "V02-R034", "reachable": true, "id": "T0080", "x": 629246.16, "y": 5220808.3, "order": 223, "visited": true}}, {"type": "Feature", "geometry": {"type": "Point", "coordinates": [629255.84, 5220797.66]}, "properties": {"type": "gap", "gap_m": 3.8, "vineyard_id": "V02", "row_id": "V02-R032", "reachable": true, "id": "T0077", "x": 629255.84, "y": 5220797.66, "order": 222, "visited": true}}, {"type": "Feature", "geometry": {"type": "Point", "coordinates": [629257.87, 5220792.66]}, "properties": {"type": "gap", "gap_m": 3.7, "vineyard_id": "V02", "row_id": "V02-R032", "reachable": true, "id": "T0078", "x": 629257.87, "y": 5220792.66, "order": 221, "visited": true}}, {"type": "Feature", "geometry": {"type": "Point", "coordinates": [629262.74, 5220787.78]}, "properties": {"type": "gap", "gap_m": 6.0, "vineyard_id": "V02", "row_id": "V02-R030", "reachable": true, "id": "T0073", "x": 629262.74, "y": 5220787.78, "order": 220, "visited": true}}, {"type": "Feature", "geometry": {"type": "Point", "coordinates": [629265.38, 5220788.21]}, "properties": {"type": "gap", "gap_m": 4.3, "vineyard_id": "V02", "row_id": "V02-R028", "reachable": true, "id": "T0069", "x": 629265.38, "y": 5220788.21, "order": 219, "visited": true}}, {"type": "Feature", "geometry": {"type": "Point", "coordinates": [629275.97, 5220775.27]}, "properties": {"type": "gap", "gap_m": 3.5, "vineyard_id": "V02", "row_id": "V02-R025", "reachable": true, "id": "T0061", "x": 629275.97, "y": 5220775.27, "order": 218, "visited": true}}, {"type": "Feature", "geometry": {"type": "Point", "coordinates": [629290.8, 5220795.84]}, "properties": {"type": "gap", "gap_m": 16.3, "vineyard_id": "V02", "row_id": "V02-R010", "reachable": true, "id": "T0027", "x": 629290.8, "y": 5220795.84, "order": 217, "visited": true}}, {"type": "Feature", "geometry": {"type": "Point", "coordinates": [629256.19, 5220770.02]}, "properties": {"type": "gap", "gap_m": 11.8, "vineyard_id": "V02", "row_id": "V02-R036", "reachable": true, "id": "T0084", "x": 629256.19, "y": 5220770.02, "order": 207, "visited": true}}, {"type": "Feature", "geometry": {"type": "Point", "coordinates": [629250.12, 5220778.19]}, "properties": {"type": "gap", "gap_m": 6.1, "vineyard_id": "V02", "row_id": "V02-R037", "reachable": true, "id": "T0091", "x": 629250.12, "y": 5220778.19, "order": 208, "visited": true}}, {"type": "Feature", "geometry": {"type": "Point", "coordinates": [629164.86, 5220623.38]}, "properties": {"type": "gap", "gap_m": 5.7, "vineyard_id": "V08", "row_id": "V08-R028", "reachable": true, "id": "T0510", "x": 629164.86, "y": 5220623.38, "order": 409, "visited": true}}, {"type": "Feature", "geometry": {"type": "Point", "coordinates": [629161.79, 5220631.82]}, "properties": {"type": "gap", "gap_m": 6.2, "vineyard_id": "V08", "row_id": "V08-R034", "reachable": true, "id": "T0518", "x": 629161.79, "y": 5220631.82, "order": 408, "visited": true}}, {"type": "Feature", "geometry": {"type": "Point", "coordinates": [629156.39, 5220616.26]}, "properties": {"type": "gap", "gap_m": 5.7, "vineyard_id": "V08", "row_id": "V08-R031", "reachable": true, "id": "T0515", "x": 629156.39, "y": 5220616.26, "order": 410, "visited": true}}, {"type": "Feature", "geometry": {"type": "Point", "coordinates": [629166.1, 5220597.57]}, "properties": {"type": "gap", "gap_m": 5.4, "vineyard_id": "V08", "row_id": "V08-R066", "reachable": true, "id": "T0536", "x": 629166.1, "y": 5220597.57, "order": 411, "visited": true}}, {"type": "Feature", "geometry": {"type": "Point", "coordinates": [629230.31, 5220508.43]}, "properties": {"type": "gap", "gap_m": 4.7, "vineyard_id": "V08", "row_id": "V08-R100", "reachable": true, "id": "T0587", "x": 629230.31, "y": 5220508.43, "order": 44, "visited": true}}, {"type": "Feature", "geometry": {"type": "Point", "coordinates": [629222.95, 5220509.76]}, "properties": {"type": "gap", "gap_m": 5.0, "vineyard_id": "V08", "row_id": "V08-R101", "reachable": true, "id": "T0593", "x": 629222.95, "y": 5220509.76, "order": 43, "visited": true}}, {"type": "Feature", "geometry": {"type": "Point", "coordinates": [629222.86, 5220512.47]}, "properties": {"type": "gap", "gap_m": 4.6, "vineyard_id": "V08", "row_id": "V08-R100", "reachable": true, "id": "T0586", "x": 629222.86, "y": 5220512.47, "order": 42, "visited": true}}, {"type": "Feature", "geometry": {"type": "Point", "coordinates": [629216.22, 5220516.09]}, "properties": {"type": "gap", "gap_m": 5.4, "vineyard_id": "V08", "row_id": "V08-R100", "reachable": true, "id": "T0585", "x": 629216.22, "y": 5220516.09, "order": 41, "visited": true}}, {"type": "Feature", "geometry": {"type": "Point", "coordinates": [629209.28, 5220519.86]}, "properties": {"type": "gap", "gap_m": 4.2, "vineyard_id": "V08", "row_id": "V08-R100", "reachable": true, "id": "T0584", "x": 629209.28, "y": 5220519.86, "order": 40, "visited": true}}, {"type": "Feature", "geometry": {"type": "Point", "coordinates": [629197.03, 5220523.84]}, "properties": {"type": "gap", "gap_m": 5.1, "vineyard_id": "V08", "row_id": "V08-R101", "reachable": true, "id": "T0592", "x": 629197.03, "y": 5220523.84, "order": 25, "visited": true}}, {"type": "Feature", "geometry": {"type": "Point", "coordinates": [629197.46, 5220526.29]}, "properties": {"type": "gap", "gap_m": 4.0, "vineyard_id": "V08", "row_id": "V08-R100", "reachable": true, "id": "T0583", "x": 629197.46, "y": 5220526.29, "order": 39, "visited": true}}, {"type": "Feature", "geometry": {"type": "Point", "coordinates": [629191.25, 5220527.11]}, "properties": {"type": "gap", "gap_m": 7.1, "vineyard_id": "V08", "row_id": "V08-R101", "reachable": true, "id": "T0591", "x": 629191.25, "y": 5220527.11, "order": 38, "visited": true}}, {"type": "Feature", "geometry": {"type": "Point", "coordinates": [629186.68, 5220532.24]}, "properties": {"type": "gap", "gap_m": 5.1, "vineyard_id": "V08", "row_id": "V08-R100", "reachable": true, "id": "T0582", "x": 629186.68, "y": 5220532.24, "order": 37, "visited": true}}, {"type": "Feature", "geometry": {"type": "Point", "coordinates": [629181.82, 5220534.87]}, "properties": {"type": "gap", "gap_m": 3.1, "vineyard_id": "V08", "row_id": "V08-R100", "reachable": true, "id": "T0581", "x": 629181.82, "y": 5220534.87, "order": 36, "visited": true}}, {"type": "Feature", "geometry": {"type": "Point", "coordinates": [629176.85, 5220534.89]}, "properties": {"type": "gap", "gap_m": 3.8, "vineyard_id": "V08", "row_id": "V08-R101", "reachable": true, "id": "T0590", "x": 629176.85, "y": 5220534.89, "order": 31, "visited": true}}, {"type": "Feature", "geometry": {"type": "Point", "coordinates": [629172.97, 5220534.42]}, "properties": {"type": "gap", "gap_m": 5.6, "vineyard_id": "V08", "row_id": "V08-R102", "reachable": true, "id": "T0595", "x": 629172.97, "y": 5220534.42, "order": 30, "visited": true}}, {"type": "Feature", "geometry": {"type": "Point", "coordinates": [629171.54, 5220537.77]}, "properties": {"type": "gap", "gap_m": 3.5, "vineyard_id": "V08", "row_id": "V08-R101", "reachable": true, "id": "T0589", "x": 629171.54, "y": 5220537.77, "order": 29, "visited": true}}, {"type": "Feature", "geometry": {"type": "Point", "coordinates": [629167.7, 5220537.25]}, "properties": {"type": "gap", "gap_m": 4.9, "vineyard_id": "V08", "row_id": "V08-R102", "reachable": true, "id": "T0594", "x": 629167.7, "y": 5220537.25, "order": 28, "visited": true}}, {"type": "Feature", "geometry": {"type": "Point", "coordinates": [629164.3, 5220541.68]}, "properties": {"type": "gap", "gap_m": 6.8, "vineyard_id": "V08", "row_id": "V08-R101", "reachable": true, "id": "T0588", "x": 629164.3, "y": 5220541.68, "order": 32, "visited": true}}, {"type": "Feature", "geometry": {"type": "Point", "coordinates": [629161.97, 5220545.59]}, "properties": {"type": "gap", "gap_m": 15.4, "vineyard_id": "V08", "row_id": "V08-R100", "reachable": true, "id": "T0578", "x": 629161.97, "y": 5220545.59, "order": 33, "visited": true}}, {"type": "Feature", "geometry": {"type": "Point", "coordinates": [629171.32, 5220540.54]}, "properties": {"type": "gap", "gap_m": 4.4, "vineyard_id": "V08", "row_id": "V08-R100", "reachable": true, "id": "T0579", "x": 629171.32, "y": 5220540.54, "order": 34, "visited": true}}, {"type": "Feature", "geometry": {"type": "Point", "coordinates": [629177.01, 5220537.47]}, "properties": {"type": "gap", "gap_m": 4.8, "vineyard_id": "V08", "row_id": "V08-R100", "reachable": true, "id": "T0580", "x": 629177.01, "y": 5220537.47, "order": 35, "visited": true}}, {"type": "Feature", "geometry": {"type": "Point", "coordinates": [629181.62, 5220529.77]}, "properties": {"type": "gap", "gap_m": 9.8, "vineyard_id": "V08", "row_id": "V08-R102", "reachable": true, "id": "T0596", "x": 629181.62, "y": 5220529.77, "order": 27, "visited": true}}, {"type": "Feature", "geometry": {"type": "Point", "coordinates": [629190.21, 5220525.15]}, "properties": {"type": "gap", "gap_m": 4.0, "vineyard_id": "V08", "row_id": "V08-R102", "reachable": true, "id": "T0597", "x": 629190.21, "y": 5220525.15, "order": 26, "visited": true}}, {"type": "Feature", "geometry": {"type": "Point", "coordinates": [629207.76, 5220502.77]}, "properties": {"type": "gap", "gap_m": 3.8, "vineyard_id": "V08", "row_id": "V08-R108", "reachable": true, "id": "T0608", "x": 629207.76, "y": 5220502.77, "order": 19, "visited": true}}, {"type": "Feature", "geometry": {"type": "Point", "coordinates": [629208.68, 5220499.31]}, "properties": {"type": "gap", "gap_m": 3.1, "vineyard_id": "V08", "row_id": "V08-R110", "reachable": true, "id": "T0614", "x": 629208.68, "y": 5220499.31, "order": 18, "visited": true}}, {"type": "Feature", "geometry": {"type": "Point", "coordinates": [629214.42, 5220493.57]}, "properties": {"type": "gap", "gap_m": 17.0, "vineyard_id": "V08", "row_id": "V08-R111", "reachable": true, "id": "T0617", "x": 629214.42, "y": 5220493.57, "order": 17, "visited": true}}, {"type": "Feature", "geometry": {"type": "Point", "coordinates": [629206.17, 5220495.41]}, "properties": {"type": "gap", "gap_m": 4.7, "vineyard_id": "V08", "row_id": "V08-R112", "reachable": true, "id": "T0621", "x": 629206.17, "y": 5220495.41, "order": 16, "visited": true}}, {"type": "Feature", "geometry": {"type": "Point", "coordinates": [629200.32, 5220501.19]}, "properties": {"type": "gap", "gap_m": 4.0, "vineyard_id": "V08", "row_id": "V08-R111", "reachable": true, "id": "T0616", "x": 629200.32, "y": 5220501.19, "order": 15, "visited": true}}, {"type": "Feature", "geometry": {"type": "Point", "coordinates": [629202.58, 5220494.57]}, "properties": {"type": "gap", "gap_m": 3.5, "vineyard_id": "V08", "row_id": "V08-R113", "reachable": true, "id": "T0623", "x": 629202.58, "y": 5220494.57, "order": 14, "visited": true}}, {"type": "Feature", "geometry": {"type": "Point", "coordinates": [629214.48, 5220490.9]}, "properties": {"type": "gap", "gap_m": 6.5, "vineyard_id": "V08", "row_id": "V08-R112", "reachable": true, "id": "T0622", "x": 629214.48, "y": 5220490.9, "order": 13, "visited": true}}, {"type": "Feature", "geometry": {"type": "Point", "coordinates": [629215.77, 5220487.37]}, "properties": {"type": "gap", "gap_m": 10.7, "vineyard_id": "V08", "row_id": "V08-R113", "reachable": true, "id": "T0625", "x": 629215.77, "y": 5220487.37, "order": 12, "visited": true}}, {"type": "Feature", "geometry": {"type": "Point", "coordinates": [629211.66, 5220487.16]}, "properties": {"type": "gap", "gap_m": 24.4, "vineyard_id": "V08", "row_id": "V08-R114", "reachable": true, "id": "T0627", "x": 629211.66, "y": 5220487.16, "order": 11, "visited": true}}, {"type": "Feature", "geometry": {"type": "Point", "coordinates": [629208.61, 5220491.28]}, "properties": {"type": "gap", "gap_m": 4.8, "vineyard_id": "V08", "row_id": "V08-R113", "reachable": true, "id": "T0624", "x": 629208.61, "y": 5220491.28, "order": 10, "visited": true}}, {"type": "Feature", "geometry": {"type": "Point", "coordinates": [629224.83, 5220482.42]}, "properties": {"type": "gap", "gap_m": 6.6, "vineyard_id": "V08", "row_id": "V08-R113", "reachable": true, "id": "T0626", "x": 629224.83, "y": 5220482.42, "order": 9, "visited": true}}, {"type": "Feature", "geometry": {"type": "Point", "coordinates": [629219.33, 5220480.1]}, "properties": {"type": "gap", "gap_m": 15.2, "vineyard_id": "V08", "row_id": "V08-R115", "reachable": true, "id": "T0629", "x": 629219.33, "y": 5220480.1, "order": 8, "visited": true}}, {"type": "Feature", "geometry": {"type": "Point", "coordinates": [629205.83, 5220487.38]}, "properties": {"type": "gap", "gap_m": 8.1, "vineyard_id": "V08", "row_id": "V08-R115", "reachable": true, "id": "T0628", "x": 629205.83, "y": 5220487.38, "order": 7, "visited": true}}, {"type": "Feature", "geometry": {"type": "Point", "coordinates": [629205.12, 5220485.52]}, "properties": {"type": "gap", "gap_m": 3.1, "vineyard_id": "V08", "row_id": "V08-R116", "reachable": true, "id": "T0630", "x": 629205.12, "y": 5220485.52, "order": 7, "visited": true}}, {"type": "Feature", "geometry": {"type": "Point", "coordinates": [629222.08, 5220476.35]}, "properties": {"type": "gap", "gap_m": 22.1, "vineyard_id": "V08", "row_id": "V08-R116", "reachable": true, "id": "T0631", "x": 629222.08, "y": 5220476.35, "order": 6, "visited": true}}, {"type": "Feature", "geometry": {"type": "Point", "coordinates": [629221.28, 5220473.96]}, "properties": {"type": "gap", "gap_m": 7.6, "vineyard_id": "V08", "row_id": "V08-R117", "reachable": true, "id": "T0633", "x": 629221.28, "y": 5220473.96, "order": 5, "visited": true}}, {"type": "Feature", "geometry": {"type": "Point", "coordinates": [629217.08, 5220473.87]}, "properties": {"type": "gap", "gap_m": 12.3, "vineyard_id": "V08", "row_id": "V08-R118", "reachable": true, "id": "T0635", "x": 629217.08, "y": 5220473.87, "order": 3, "visited": true}}, {"type": "Feature", "geometry": {"type": "Point", "coordinates": [629209.44, 5220480.35]}, "properties": {"type": "gap", "gap_m": 17.9, "vineyard_id": "V08", "row_id": "V08-R117", "reachable": true, "id": "T0632", "x": 629209.44, "y": 5220480.35, "order": 4, "visited": true}}, {"type": "Feature", "geometry": {"type": "Point", "coordinates": [629221.2, 5220492.53]}, "properties": {"type": "gap", "gap_m": 4.9, "vineyard_id": "V08", "row_id": "V08-R110", "reachable": true, "id": "T0615", "x": 629221.2, "y": 5220492.53, "order": 20, "visited": true}}, {"type": "Feature", "geometry": {"type": "Point", "coordinates": [629223.86, 5220494.08]}, "properties": {"type": "gap", "gap_m": 3.4, "vineyard_id": "V08", "row_id": "V08-R108", "reachable": true, "id": "T0610", "x": 629223.86, "y": 5220494.08, "order": 21, "visited": true}}, {"type": "Feature", "geometry": {"type": "Point", "coordinates": [629225.74, 5220495.01]}, "properties": {"type": "gap", "gap_m": 9.0, "vineyard_id": "V08", "row_id": "V08-R106", "reachable": true, "id": "T0606", "x": 629225.74, "y": 5220495.01, "order": 21, "visited": true}}, {"type": "Feature", "geometry": {"type": "Point", "coordinates": [629233.02, 5220493.97]}, "properties": {"type": "gap", "gap_m": 4.3, "vineyard_id": "V08", "row_id": "V08-R105", "reachable": true, "id": "T0605", "x": 629233.02, "y": 5220493.97, "order": 22, "visited": true}}, {"type": "Feature", "geometry": {"type": "Point", "coordinates": [629233.19, 5220496.22]}, "properties": {"type": "gap", "gap_m": 5.5, "vineyard_id": "V08", "row_id": "V08-R104", "reachable": true, "id": "T0603", "x": 629233.19, "y": 5220496.22, "order": 22, "visited": true}}, {"type": "Feature", "geometry": {"type": "Point", "coordinates": [629231.05, 5220500.29]}, "properties": {"type": "gap", "gap_m": 5.2, "vineyard_id": "V08", "row_id": "V08-R103", "reachable": true, "id": "T0599", "x": 629231.05, "y": 5220500.29, "order": 23, "visited": true}}, {"type": "Feature", "geometry": {"type": "Point", "coordinates": [629230.49, 5220503.35]}, "properties": {"type": "gap", "gap_m": 3.7, "vineyard_id": "V15", "row_id": "V15-R01", "reachable": true, "id": "T0900", "x": 629230.49, "y": 5220503.35, "order": 24, "visited": true}}, {"type": "Feature", "geometry": {"type": "Point", "coordinates": [629221.16, 5220568.31]}, "properties": {"type": "gap", "gap_m": 6.3, "vineyard_id": "V10", "row_id": "V10-R11", "reachable": true, "id": "T0648", "x": 629221.16, "y": 5220568.31, "order": 413, "visited": true}}, {"type": "Feature", "geometry": {"type": "Point", "coordinates": [629203.32, 5220635.03]}, "properties": {"type": "gap", "gap_m": 3.1, "vineyard_id": "V07", "row_id": "V07-R02", "reachable": true, "id": "T0484", "x": 629203.32, "y": 5220635.03, "order": 431, "visited": true}}, {"type": "Feature", "geometry": {"type": "Point", "coordinates": [629168.05, 5220730.49]}, "properties": {"type": "gap", "gap_m": 4.9, "vineyard_id": "V02", "row_id": "V02-R102", "reachable": true, "id": "T0336", "x": 629168.05, "y": 5220730.49, "order": 165, "visited": true}}, {"type": "Feature", "geometry": {"type": "Point", "coordinates": [629162.37, 5220744.38]}, "properties": {"type": "gap", "gap_m": 3.5, "vineyard_id": "V02", "row_id": "V02-R102", "reachable": true, "id": "T0335", "x": 629162.37, "y": 5220744.38, "order": 164, "visited": true}}, {"type": "Feature", "geometry": {"type": "Point", "coordinates": [629154.05, 5220764.57]}, "properties": {"type": "gap", "gap_m": 3.4, "vineyard_id": "V02", "row_id": "V02-R102", "reachable": true, "id": "T0334", "x": 629154.05, "y": 5220764.57, "order": 171, "visited": true}}, {"type": "Feature", "geometry": {"type": "Point", "coordinates": [629139.29, 5220787.0]}, "properties": {"type": "gap", "gap_m": 9.8, "vineyard_id": "V02", "row_id": "V02-R104", "reachable": true, "id": "T0342", "x": 629139.29, "y": 5220787.0, "order": 174, "visited": true}}, {"type": "Feature", "geometry": {"type": "Point", "coordinates": [629137.8, 5220797.35]}, "properties": {"type": "gap", "gap_m": 3.7, "vineyard_id": "V02", "row_id": "V02-R103", "reachable": true, "id": "T0338", "x": 629137.8, "y": 5220797.35, "order": 175, "visited": true}}, {"type": "Feature", "geometry": {"type": "Point", "coordinates": [629129.95, 5220803.17]}, "properties": {"type": "gap", "gap_m": 9.4, "vineyard_id": "V02", "row_id": "V02-R105", "reachable": true, "id": "T0345", "x": 629129.95, "y": 5220803.17, "order": 176, "visited": true}}, {"type": "Feature", "geometry": {"type": "Point", "coordinates": [629147.45, 5220773.81]}, "properties": {"type": "gap", "gap_m": 3.4, "vineyard_id": "V02", "row_id": "V02-R103", "reachable": true, "id": "T0339", "x": 629147.45, "y": 5220773.81, "order": 173, "visited": true}}, {"type": "Feature", "geometry": {"type": "Point", "coordinates": [629149.5, 5220768.91]}, "properties": {"type": "gap", "gap_m": 4.5, "vineyard_id": "V02", "row_id": "V02-R103", "reachable": true, "id": "T0340", "x": 629149.5, "y": 5220768.91, "order": 172, "visited": true}}, {"type": "Feature", "geometry": {"type": "Point", "coordinates": [629168.89, 5220721.5]}, "properties": {"type": "gap", "gap_m": 3.6, "vineyard_id": "V02", "row_id": "V02-R103", "reachable": true, "id": "T0341", "x": 629168.89, "y": 5220721.5, "order": 163, "visited": true}}, {"type": "Feature", "geometry": {"type": "Point", "coordinates": [629202.79, 5220752.93]}, "properties": {"type": "gap", "gap_m": 3.1, "vineyard_id": "V02", "row_id": "V02-R084", "reachable": true, "id": "T0262", "x": 629202.79, "y": 5220752.93, "order": 313, "visited": true}}, {"type": "Feature", "geometry": {"type": "Point", "coordinates": [629198.24, 5220764.1]}, "properties": {"type": "gap", "gap_m": 8.3, "vineyard_id": "V02", "row_id": "V02-R084", "reachable": true, "id": "T0261", "x": 629198.24, "y": 5220764.1, "order": 314, "visited": true}}, {"type": "Feature", "geometry": {"type": "Point", "coordinates": [629198.02, 5220788.03]}, "properties": {"type": "gap", "gap_m": 3.1, "vineyard_id": "V02", "row_id": "V02-R073", "reachable": true, "id": "T0206", "x": 629198.02, "y": 5220788.03, "order": 346, "visited": true}}, {"type": "Feature", "geometry": {"type": "Point", "coordinates": [629194.38, 5220800.01]}, "properties": {"type": "gap", "gap_m": 4.8, "vineyard_id": "V02", "row_id": "V02-R080", "reachable": true, "id": "T0229", "x": 629194.38, "y": 5220800.01, "order": 345, "visited": true}}, {"type": "Feature", "geometry": {"type": "Point", "coordinates": [629199.57, 5220797.18]}, "properties": {"type": "gap", "gap_m": 3.4, "vineyard_id": "V02", "row_id": "V02-R074", "reachable": true, "id": "T0209", "x": 629199.57, "y": 5220797.18, "order": 344, "visited": true}}, {"type": "Feature", "geometry": {"type": "Point", "coordinates": [629198.7, 5220800.32]}, "properties": {"type": "gap", "gap_m": 3.0, "vineyard_id": "V02", "row_id": "V02-R075", "reachable": true, "id": "T0211", "x": 629198.7, "y": 5220800.32, "order": 343, "visited": true}}, {"type": "Feature", "geometry": {"type": "Point", "coordinates": [629203.48, 5220805.63]}, "properties": {"type": "gap", "gap_m": 5.5, "vineyard_id": "V02", "row_id": "V02-R074", "reachable": true, "id": "T0208", "x": 629203.48, "y": 5220805.63, "order": 342, "visited": true}}, {"type": "Feature", "geometry": {"type": "Point", "coordinates": [629200.96, 5220805.1]}, "properties": {"type": "gap", "gap_m": 5.6, "vineyard_id": "V02", "row_id": "V02-R075", "reachable": true, "id": "T0210", "x": 629200.96, "y": 5220805.1, "order": 341, "visited": true}}, {"type": "Feature", "geometry": {"type": "Point", "coordinates": [629194.41, 5220840.76]}, "properties": {"type": "gap", "gap_m": 5.7, "vineyard_id": "V02", "row_id": "V02-R066", "reachable": true, "id": "T0173", "x": 629194.41, "y": 5220840.76, "order": 329, "visited": true}}, {"type": "Feature", "geometry": {"type": "Point", "coordinates": [629192.24, 5220839.49]}, "properties": {"type": "gap", "gap_m": 6.5, "vineyard_id": "V02", "row_id": "V02-R067", "reachable": true, "id": "T0178", "x": 629192.24, "y": 5220839.49, "order": 331, "visited": true}}, {"type": "Feature", "geometry": {"type": "Point", "coordinates": [629191.3, 5220848.23]}, "properties": {"type": "gap", "gap_m": 6.3, "vineyard_id": "V02", "row_id": "V02-R066", "reachable": true, "id": "T0172", "x": 629191.3, "y": 5220848.23, "order": 330, "visited": true}}, {"type": "Feature", "geometry": {"type": "Point", "coordinates": [629192.7, 5220831.69]}, "properties": {"type": "gap", "gap_m": 7.3, "vineyard_id": "V02", "row_id": "V02-R069", "reachable": true, "id": "T0187", "x": 629192.7, "y": 5220831.69, "order": 332, "visited": true}}, {"type": "Feature", "geometry": {"type": "Point", "coordinates": [629189.7, 5220838.79]}, "properties": {"type": "gap", "gap_m": 4.4, "vineyard_id": "V02", "row_id": "V02-R069", "reachable": true, "id": "T0186", "x": 629189.7, "y": 5220838.79, "order": 333, "visited": true}}, {"type": "Feature", "geometry": {"type": "Point", "coordinates": [629197.88, 5220819.21]}, "properties": {"type": "gap", "gap_m": 4.3, "vineyard_id": "V02", "row_id": "V02-R069", "reachable": true, "id": "T0188", "x": 629197.88, "y": 5220819.21, "order": 334, "visited": true}}, {"type": "Feature", "geometry": {"type": "Point", "coordinates": [629190.9, 5220829.07]}, "properties": {"type": "gap", "gap_m": 3.2, "vineyard_id": "V02", "row_id": "V02-R076", "reachable": true, "id": "T0212", "x": 629190.9, "y": 5220829.07, "order": 335, "visited": true}}, {"type": "Feature", "geometry": {"type": "Point", "coordinates": [629174.47, 5220855.51]}, "properties": {"type": "gap", "gap_m": 3.9, "vineyard_id": "V02", "row_id": "V02-R079", "reachable": true, "id": "T0220", "x": 629174.47, "y": 5220855.51, "order": 336, "visited": true}}, {"type": "Feature", "geometry": {"type": "Point", "coordinates": [629174.72, 5220847.81]}, "properties": {"type": "gap", "gap_m": 3.2, "vineyard_id": "V02", "row_id": "V02-R080", "reachable": true, "id": "T0225", "x": 629174.72, "y": 5220847.81, "order": 338, "visited": true}}, {"type": "Feature", "geometry": {"type": "Point", "coordinates": [629177.16, 5220841.98]}, "properties": {"type": "gap", "gap_m": 4.0, "vineyard_id": "V02", "row_id": "V02-R080", "reachable": true, "id": "T0226", "x": 629177.16, "y": 5220841.98, "order": 337, "visited": true}}, {"type": "Feature", "geometry": {"type": "Point", "coordinates": [629185.91, 5220821.12]}, "properties": {"type": "gap", "gap_m": 3.3, "vineyard_id": "V02", "row_id": "V02-R080", "reachable": true, "id": "T0227", "x": 629185.91, "y": 5220821.12, "order": 339, "visited": true}}, {"type": "Feature", "geometry": {"type": "Point", "coordinates": [629191.32, 5220807.43]}, "properties": {"type": "gap", "gap_m": 3.1, "vineyard_id": "V02", "row_id": "V02-R080", "reachable": true, "id": "T0228", "x": 629191.32, "y": 5220807.43, "order": 340, "visited": true}}, {"type": "Feature", "geometry": {"type": "Point", "coordinates": [629201.68, 5220795.92]}, "properties": {"type": "gap", "gap_m": 6.3, "vineyard_id": "V02", "row_id": "V02-R073", "reachable": true, "id": "T0205", "x": 629201.68, "y": 5220795.92, "order": 328, "visited": true}}, {"type": "Feature", "geometry": {"type": "Point", "coordinates": [629216.02, 5220804.6]}, "properties": {"type": "gap", "gap_m": 9.5, "vineyard_id": "V02", "row_id": "V02-R070", "reachable": true, "id": "T0193", "x": 629216.02, "y": 5220804.6, "order": 325, "visited": true}}, {"type": "Feature", "geometry": {"type": "Point", "coordinates": [629217.85, 5220837.1]}, "properties": {"type": "gap", "gap_m": 4.0, "vineyard_id": "V02", "row_id": "V02-R050", "reachable": true, "id": "T0127", "x": 629217.85, "y": 5220837.1, "order": 324, "visited": true}}, {"type": "Feature", "geometry": {"type": "Point", "coordinates": [629240.69, 5220861.69]}, "properties": {"type": "gap", "gap_m": 4.2, "vineyard_id": "V02", "row_id": "V02-R025", "reachable": true, "id": "T0059", "x": 629240.69, "y": 5220861.69, "order": 251, "visited": true}}, {"type": "Feature", "geometry": {"type": "Point", "coordinates": [629228.97, 5220902.85]}, "properties": {"type": "gap", "gap_m": 12.9, "vineyard_id": "V02", "row_id": "V02-R023", "reachable": true, "id": "T0050", "x": 629228.97, "y": 5220902.85, "order": 260, "visited": true}}, {"type": "Feature", "geometry": {"type": "Point", "coordinates": [629225.15, 5220905.64]}, "properties": {"type": "gap", "gap_m": 5.5, "vineyard_id": "V02", "row_id": "V02-R024", "reachable": true, "id": "T0056", "x": 629225.15, "y": 5220905.64, "order": 259, "visited": true}}, {"type": "Feature", "geometry": {"type": "Point", "coordinates": [629228.37, 5220910.63]}, "properties": {"type": "gap", "gap_m": 4.7, "vineyard_id": "V02", "row_id": "V02-R022", "reachable": true, "id": "T0043", "x": 629228.37, "y": 5220910.63, "order": 257, "visited": true}}, {"type": "Feature", "geometry": {"type": "Point", "coordinates": [629230.07, 5220913.02]}, "properties": {"type": "gap", "gap_m": 11.8, "vineyard_id": "V02", "row_id": "V02-R021", "reachable": true, "id": "T0040", "x": 629230.07, "y": 5220913.02, "order": 256, "visited": true}}, {"type": "Feature", "geometry": {"type": "Point", "coordinates": [629236.92, 5220903.74]}, "properties": {"type": "gap", "gap_m": 6.2, "vineyard_id": "V02", "row_id": "V02-R020", "reachable": true, "id": "T0036", "x": 629236.92, "y": 5220903.74, "order": 255, "visited": true}}, {"type": "Feature", "geometry": {"type": "Point", "coordinates": [629239.34, 5220897.94]}, "properties": {"type": "gap", "gap_m": 4.3, "vineyard_id": "V02", "row_id": "V02-R020", "reachable": true, "id": "T0037", "x": 629239.34, "y": 5220897.94, "order": 254, "visited": true}}, {"type": "Feature", "geometry": {"type": "Point", "coordinates": [629234.94, 5220894.98]}, "properties": {"type": "gap", "gap_m": 9.2, "vineyard_id": "V02", "row_id": "V02-R022", "reachable": true, "id": "T0044", "x": 629234.94, "y": 5220894.98, "order": 258, "visited": true}}, {"type": "Feature", "geometry": {"type": "Point", "coordinates": [629239.43, 5220884.3]}, "properties": {"type": "gap", "gap_m": 4.3, "vineyard_id": "V02", "row_id": "V02-R022", "reachable": true, "id": "T0045", "x": 629239.43, "y": 5220884.3, "order": 252, "visited": true}}, {"type": "Feature", "geometry": {"type": "Point", "coordinates": [629244.67, 5220871.82]}, "properties": {"type": "gap", "gap_m": 7.1, "vineyard_id": "V02", "row_id": "V02-R022", "reachable": true, "id": "T0046", "x": 629244.67, "y": 5220871.82, "order": 253, "visited": true}}, {"type": "Feature", "geometry": {"type": "Point", "coordinates": [629234.34, 5220876.67]}, "properties": {"type": "gap", "gap_m": 3.1, "vineyard_id": "V02", "row_id": "V02-R025", "reachable": true, "id": "T0058", "x": 629234.34, "y": 5220876.67, "order": 261, "visited": true}}, {"type": "Feature", "geometry": {"type": "Point", "coordinates": [629242.27, 5220817.71]}, "properties": {"type": "gap", "gap_m": 4.2, "vineyard_id": "V02", "row_id": "V02-R034", "reachable": true, "id": "T0079", "x": 629242.27, "y": 5220817.71, "order": 262, "visited": true}}, {"type": "Feature", "geometry": {"type": "Point", "coordinates": [629193.45, 5220703.42]}, "properties": {"type": "gap", "gap_m": 6.3, "vineyard_id": "V05", "row_id": "V05-R01", "reachable": true, "id": "T0460", "x": 629193.45, "y": 5220703.42, "order": 382, "visited": true}}, {"type": "Feature", "geometry": {"type": "Point", "coordinates": [629193.28, 5220680.09]}, "properties": {"type": "gap", "gap_m": 12.5, "vineyard_id": "V08", "row_id": "V08-R002", "reachable": true, "id": "T0488", "x": 629193.28, "y": 5220680.09, "order": 395, "visited": true}}, {"type": "Feature", "geometry": {"type": "Point", "coordinates": [629367.31, 5220580.73]}, "properties": {"type": "gap", "gap_m": 3.1, "vineyard_id": "V11", "row_id": "V11-R049", "reachable": true, "id": "T0763", "x": 629367.31, "y": 5220580.73, "order": 444, "visited": true}}, {"type": "Feature", "geometry": {"type": "Point", "coordinates": [629373.16, 5220581.14]}, "properties": {"type": "gap", "gap_m": 3.6, "vineyard_id": "V11", "row_id": "V11-R049", "reachable": true, "id": "T0762", "x": 629373.16, "y": 5220581.14, "order": 441, "visited": true}}, {"type": "Feature", "geometry": {"type": "Point", "coordinates": [629394.1, 5220582.6]}, "properties": {"type": "gap", "gap_m": 12.1, "vineyard_id": "V11", "row_id": "V11-R049", "reachable": true, "id": "T0761", "x": 629394.1, "y": 5220582.6, "order": 440, "visited": true}}, {"type": "Feature", "geometry": {"type": "Point", "coordinates": [629436.51, 5220567.18]}, "properties": {"type": "gap", "gap_m": 5.6, "vineyard_id": "V11", "row_id": "V11-R055", "reachable": true, "id": "T0773", "x": 629436.51, "y": 5220567.18, "order": 521, "visited": true}}, {"type": "Feature", "geometry": {"type": "Point", "coordinates": [629477.43, 5220482.99]}, "properties": {"type": "gap", "gap_m": 3.6, "vineyard_id": "V11", "row_id": "V11-R104", "reachable": true, "id": "T0858", "x": 629477.43, "y": 5220482.99, "order": 558, "visited": true}}, {"type": "Feature", "geometry": {"type": "Point", "coordinates": [629481.39, 5220485.52]}, "properties": {"type": "gap", "gap_m": 7.8, "vineyard_id": "V11", "row_id": "V11-R103", "reachable": true, "id": "T0855", "x": 629481.39, "y": 5220485.52, "order": 559, "visited": true}}, {"type": "Feature", "geometry": {"type": "Point", "coordinates": [629487.92, 5220485.82]}, "properties": {"type": "gap", "gap_m": 3.6, "vineyard_id": "V11", "row_id": "V11-R103", "reachable": true, "id": "T0854", "x": 629487.92, "y": 5220485.82, "order": 560, "visited": true}}, {"type": "Feature", "geometry": {"type": "Point", "coordinates": [629498.22, 5220484.0]}, "properties": {"type": "gap", "gap_m": 4.1, "vineyard_id": "V11", "row_id": "V11-R104", "reachable": true, "id": "T0856", "x": 629498.22, "y": 5220484.0, "order": 563, "visited": true}}, {"type": "Feature", "geometry": {"type": "Point", "coordinates": [629495.8, 5220486.18]}, "properties": {"type": "gap", "gap_m": 7.8, "vineyard_id": "V11", "row_id": "V11-R103", "reachable": true, "id": "T0853", "x": 629495.8, "y": 5220486.18, "order": 562, "visited": true}}, {"type": "Feature", "geometry": {"type": "Point", "coordinates": [629494.74, 5220488.82]}, "properties": {"type": "gap", "gap_m": 12.1, "vineyard_id": "V11", "row_id": "V11-R102", "reachable": true, "id": "T0851", "x": 629494.74, "y": 5220488.82, "order": 561, "visited": true}}, {"type": "Feature", "geometry": {"type": "Point", "coordinates": [629487.76, 5220483.49]}, "properties": {"type": "gap", "gap_m": 14.7, "vineyard_id": "V11", "row_id": "V11-R104", "reachable": true, "id": "T0857", "x": 629487.76, "y": 5220483.49, "order": 560, "visited": true}}, {"type": "Feature", "geometry": {"type": "Point", "coordinates": [629489.4, 5220481.0]}, "properties": {"type": "gap", "gap_m": 4.0, "vineyard_id": "V11", "row_id": "V11-R105", "reachable": true, "id": "T0859", "x": 629489.4, "y": 5220481.0, "order": 565, "visited": true}}, {"type": "Feature", "geometry": {"type": "Point", "coordinates": [629490.05, 5220478.7]}, "properties": {"type": "gap", "gap_m": 5.6, "vineyard_id": "V11", "row_id": "V11-R106", "reachable": true, "id": "T0862", "x": 629490.05, "y": 5220478.7, "order": 565, "visited": true}}, {"type": "Feature", "geometry": {"type": "Point", "coordinates": [629483.4, 5220480.72]}, "properties": {"type": "gap", "gap_m": 3.5, "vineyard_id": "V11", "row_id": "V11-R105", "reachable": true, "id": "T0860", "x": 629483.4, "y": 5220480.72, "order": 564, "visited": true}}, {"type": "Feature", "geometry": {"type": "Point", "coordinates": [629478.85, 5220480.51]}, "properties": {"type": "gap", "gap_m": 3.9, "vineyard_id": "V11", "row_id": "V11-R105", "reachable": true, "id": "T0861", "x": 629478.85, "y": 5220480.51, "order": 566, "visited": true}}, {"type": "Feature", "geometry": {"type": "Point", "coordinates": [629469.03, 5220539.38]}, "properties": {"type": "gap", "gap_m": 4.0, "vineyard_id": "V11", "row_id": "V11-R077", "reachable": true, "id": "T0813", "x": 629469.03, "y": 5220539.38, "order": 520, "visited": true}}, {"type": "Feature", "geometry": {"type": "Point", "coordinates": [629489.49, 5220542.58]}, "properties": {"type": "gap", "gap_m": 6.7, "vineyard_id": "V11", "row_id": "V11-R076", "reachable": true, "id": "T0811", "x": 629489.49, "y": 5220542.58, "order": 519, "visited": true}}, {"type": "Feature", "geometry": {"type": "Point", "coordinates": [629490.88, 5220544.8]}, "properties": {"type": "gap", "gap_m": 3.4, "vineyard_id": "V11", "row_id": "V11-R075", "reachable": true, "id": "T0807", "x": 629490.88, "y": 5220544.8, "order": 515, "visited": true}}, {"type": "Feature", "geometry": {"type": "Point", "coordinates": [629482.74, 5220545.07]}, "properties": {"type": "gap", "gap_m": 6.0, "vineyard_id": "V11", "row_id": "V11-R075", "reachable": true, "id": "T0806", "x": 629482.74, "y": 5220545.07, "order": 516, "visited": true}}, {"type": "Feature", "geometry": {"type": "Point", "coordinates": [629481.49, 5220542.83]}, "properties": {"type": "gap", "gap_m": 5.0, "vineyard_id": "V11", "row_id": "V11-R076", "reachable": true, "id": "T0810", "x": 629481.49, "y": 5220542.83, "order": 518, "visited": true}}, {"type": "Feature", "geometry": {"type": "Point", "coordinates": [629474.77, 5220543.05]}, "properties": {"type": "gap", "gap_m": 5.7, "vineyard_id": "V11", "row_id": "V11-R076", "reachable": true, "id": "T0809", "x": 629474.77, "y": 5220543.05, "order": 517, "visited": true}}, {"type": "Feature", "geometry": {"type": "Point", "coordinates": [629475.37, 5220545.3]}, "properties": {"type": "gap", "gap_m": 7.9, "vineyard_id": "V11", "row_id": "V11-R075", "reachable": true, "id": "T0805", "x": 629475.37, "y": 5220545.3, "order": 517, "visited": true}}, {"type": "Feature", "geometry": {"type": "Point", "coordinates": [629488.88, 5220548.57]}, "properties": {"type": "gap", "gap_m": 6.2, "vineyard_id": "V11", "row_id": "V11-R073", "reachable": true, "id": "T0802", "x": 629488.88, "y": 5220548.57, "order": 514, "visited": true}}, {"type": "Feature", "geometry": {"type": "Point", "coordinates": [629480.55, 5220548.83]}, "properties": {"type": "gap", "gap_m": 5.5, "vineyard_id": "V11", "row_id": "V11-R073", "reachable": true, "id": "T0801", "x": 629480.55, "y": 5220548.83, "order": 513, "visited": true}}, {"type": "Feature", "geometry": {"type": "Point", "coordinates": [629484.06, 5220551.6]}, "properties": {"type": "gap", "gap_m": 5.0, "vineyard_id": "V11", "row_id": "V11-R072", "reachable": true, "id": "T0796", "x": 629484.06, "y": 5220551.6, "order": 508, "visited": true}}, {"type": "Feature", "geometry": {"type": "Point", "coordinates": [629491.53, 5220551.38]}, "properties": {"type": "gap", "gap_m": 8.0, "vineyard_id": "V11", "row_id": "V11-R072", "reachable": true, "id": "T0797", "x": 629491.53, "y": 5220551.38, "order": 507, "visited": true}}, {"type": "Feature", "geometry": {"type": "Point", "coordinates": [629495.34, 5220568.97]}, "properties": {"type": "gap", "gap_m": 3.6, "vineyard_id": "V11", "row_id": "V11-R060", "reachable": true, "id": "T0784", "x": 629495.34, "y": 5220568.97, "order": 503, "visited": true}}, {"type": "Feature", "geometry": {"type": "Point", "coordinates": [629485.74, 5220577.39]}, "properties": {"type": "gap", "gap_m": 6.2, "vineyard_id": "V11", "row_id": "V11-R059", "reachable": true, "id": "T0781", "x": 629485.74, "y": 5220577.39, "order": 501, "visited": true}}, {"type": "Feature", "geometry": {"type": "Point", "coordinates": [629490.22, 5220578.41]}, "properties": {"type": "gap", "gap_m": 10.9, "vineyard_id": "V11", "row_id": "V11-R054", "reachable": true, "id": "T0771", "x": 629490.22, "y": 5220578.41, "order": 500, "visited": true}}, {"type": "Feature", "geometry": {"type": "Point", "coordinates": [629494.23, 5220585.65]}, "properties": {"type": "gap", "gap_m": 3.8, "vineyard_id": "V11", "row_id": "V11-R046", "reachable": true, "id": "T0753", "x": 629494.23, "y": 5220585.65, "order": 498, "visited": true}}, {"type": "Feature", "geometry": {"type": "Point", "coordinates": [629500.3, 5220582.51]}, "properties": {"type": "gap", "gap_m": 5.2, "vineyard_id": "V11", "row_id": "V11-R046", "reachable": true, "id": "T0754", "x": 629500.3, "y": 5220582.51, "order": 499, "visited": true}}, {"type": "Feature", "geometry": {"type": "Point", "coordinates": [629490.95, 5220582.86]}, "properties": {"type": "gap", "gap_m": 6.8, "vineyard_id": "V11", "row_id": "V11-R048", "reachable": true, "id": "T0759", "x": 629490.95, "y": 5220582.86, "order": 497, "visited": true}}, {"type": "Feature", "geometry": {"type": "Point", "coordinates": [629492.76, 5220573.79]}, "properties": {"type": "gap", "gap_m": 8.5, "vineyard_id": "V11", "row_id": "V11-R059", "reachable": true, "id": "T0782", "x": 629492.76, "y": 5220573.79, "order": 502, "visited": true}}, {"type": "Feature", "geometry": {"type": "Point", "coordinates": [629498.65, 5220570.76]}, "properties": {"type": "gap", "gap_m": 3.8, "vineyard_id": "V11", "row_id": "V11-R059", "reachable": true, "id": "T0783", "x": 629498.65, "y": 5220570.76, "order": 504, "visited": true}}, {"type": "Feature", "geometry": {"type": "Point", "coordinates": [629499.24, 5220559.79]}, "properties": {"type": "gap", "gap_m": 7.6, "vineyard_id": "V11", "row_id": "V11-R062", "reachable": true, "id": "T0787", "x": 629499.24, "y": 5220559.79, "order": 505, "visited": true}}, {"type": "Feature", "geometry": {"type": "Point", "coordinates": [629486.03, 5220554.7]}, "properties": {"type": "gap", "gap_m": 8.8, "vineyard_id": "V11", "row_id": "V11-R070", "reachable": true, "id": "T0793", "x": 629486.03, "y": 5220554.7, "order": 506, "visited": true}}, {"type": "Feature", "geometry": {"type": "Point", "coordinates": [629476.6, 5220551.81]}, "properties": {"type": "gap", "gap_m": 5.4, "vineyard_id": "V11", "row_id": "V11-R072", "reachable": true, "id": "T0795", "x": 629476.6, "y": 5220551.81, "order": 509, "visited": true}}, {"type": "Feature", "geometry": {"type": "Point", "coordinates": [629474.7, 5220549.01]}, "properties": {"type": "gap", "gap_m": 4.5, "vineyard_id": "V11", "row_id": "V11-R073", "reachable": true, "id": "T0800", "x": 629474.7, "y": 5220549.01, "order": 510, "visited": true}}, {"type": "Feature", "geometry": {"type": "Point", "coordinates": [629467.49, 5220549.24]}, "properties": {"type": "gap", "gap_m": 3.8, "vineyard_id": "V11", "row_id": "V11-R073", "reachable": true, "id": "T0799", "x": 629467.49, "y": 5220549.24, "order": 511, "visited": true}}, {"type": "Feature", "geometry": {"type": "Point", "coordinates": [629460.34, 5220549.46]}, "properties": {"type": "gap", "gap_m": 4.7, "vineyard_id": "V11", "row_id": "V11-R073", "reachable": true, "id": "T0798", "x": 629460.34, "y": 5220549.46, "order": 512, "visited": true}}, {"type": "Feature", "geometry": {"type": "Point", "coordinates": [629456.1, 5220469.16]}, "properties": {"type": "gap", "gap_m": 3.3, "vineyard_id": "V11", "row_id": "V11-R108", "reachable": true, "id": "T0863", "x": 629456.1, "y": 5220469.16, "order": 567, "visited": true}}]}