{"type":"FeatureCollection","crs":{"type":"name","properties":{"name":"urn:ogc:def:crs:EPSG::32635"}},"source":"Contur: Natural Earth (domeniu public). Raioane și sat: ASP, geodata.gov.md.","features":[{"type":"Feature","properties":{"kind":"country","name":"Republica Moldova"},"geometry":{"type":"Polygon","coordinates":[[[471563,5345093],[471568,5346031],[472111,5347905],[472919,5349215],[475595,5350705],[476139,5353142],[477738,5352573],[478801,5351255],[480394,5348809],[481726,5348054],[483329,5348237],[484132,5348985],[484404,5350486],[484409,5352551],[483881,5354617],[483619,5356119],[483622,5357057],[484425,5358181],[484691,5358181],[486023,5357614],[486556,5357613],[487091,5358362],[487627,5359863],[488427,5360049],[490824,5358918],[493220,5356850],[495886,5355346],[498553,5355908],[499353,5356658],[499887,5356471],[500420,5356095],[501220,5356283],[502020,5356096],[502553,5356284],[502020,5357597],[502019,5358723],[501752,5359662],[502019,5360413],[502818,5360788],[505217,5359476],[512953,5356485],[515353,5356491],[518282,5357814],[518547,5358378],[522526,5363460],[525183,5364785],[526783,5364417],[528923,5362551],[529990,5362181],[531053,5362750],[535557,5366530],[537139,5368980],[540331,5369002],[541128,5369196],[542981,5370523],[544578,5370348],[544868,5367347],[546471,5366609],[555520,5366878],[558196,5365591],[562759,5362261],[564106,5360962],[566279,5357421],[567084,5357055],[568716,5354446],[571664,5353356],[578348,5352506],[579693,5351774],[581046,5350479],[581610,5348422],[580068,5344082],[581148,5343347],[582754,5343182],[584085,5343577],[586195,5345486],[587528,5345694],[588089,5344013],[588391,5341765],[589214,5340464],[590289,5340105],[592155,5340510],[593745,5341475],[594796,5342619],[596120,5343392],[599588,5343827],[600928,5343663],[601476,5342921],[601783,5340674],[601288,5338412],[600502,5337460],[599445,5336690],[598397,5335358],[597891,5333660],[597916,5332158],[598736,5331234],[600337,5331637],[601653,5332974],[602426,5334678],[603205,5336006],[605075,5336228],[606160,5335497],[606991,5334010],[606755,5332316],[605711,5330795],[607668,5326513],[610120,5324495],[610921,5324698],[611171,5325642],[611135,5327518],[611634,5329405],[611623,5329969],[612885,5333936],[614745,5334724],[617154,5334773],[623908,5332099],[629002,5332024],[631689,5331709],[633867,5330258],[634425,5329332],[634711,5328587],[634729,5327837],[636154,5324303],[636507,5320743],[637061,5320005],[638431,5318911],[640397,5315391],[642880,5312824],[644521,5311738],[645620,5310827],[648064,5309950],[650738,5310583],[653850,5314984],[656237,5316175],[657581,5316212],[658397,5315859],[659497,5314950],[660340,5313659],[660930,5311797],[661842,5308067],[662427,5306393],[663525,5305672],[666513,5304819],[667336,5304279],[667111,5302770],[664503,5299690],[663732,5298354],[662977,5296454],[663014,5295141],[663839,5294601],[666562,5293739],[667398,5292824],[667706,5291518],[666934,5290181],[664855,5287305],[664416,5283724],[664528,5279783],[664103,5275640],[662033,5272201],[660210,5269522],[659475,5266685],[660411,5262204],[661266,5260725],[662444,5257377],[663018,5256266],[664679,5255186],[665983,5257101],[667324,5257702],[668425,5257170],[669848,5254958],[672069,5253332],[672645,5252222],[672956,5250917],[673804,5249815],[674642,5249088],[676006,5248941],[677110,5248411],[678237,5247130],[678566,5245262],[678612,5243761],[678935,5242081],[680075,5240425],[681192,5239520],[682299,5238991],[683388,5239025],[684737,5239442],[686057,5240799],[686282,5242308],[686772,5244014],[687534,5245729],[688888,5245960],[690526,5245825],[691898,5245494],[693294,5244413],[695076,5239963],[695163,5237336],[694407,5235433],[692537,5234245],[692338,5231984],[693346,5226194],[692892,5223362],[691842,5222013],[690222,5221397],[688317,5221148],[688050,5220952],[688073,5220202],[690682,5215589],[691253,5214856],[692049,5215633],[693603,5218313],[694963,5218546],[696081,5217831],[696938,5216732],[697534,5215250],[697590,5213561],[697093,5212042],[695526,5209736],[695114,5205590],[694890,5204080],[694628,5203696],[694671,5202382],[695536,5201096],[697728,5201168],[698562,5200820],[700269,5198999],[701653,5198670],[704126,5198566],[705242,5198041],[706652,5196962],[708402,5194017],[709807,5193127],[712289,5192839],[714478,5193105],[716687,5192809],[718944,5191200],[719521,5190470],[720145,5188426],[720441,5187873],[721272,5187716],[721800,5188299],[722610,5188705],[723455,5188173],[723574,5184983],[724187,5183315],[725378,5180917],[725730,5178864],[725165,5171891],[724464,5168483],[724520,5166982],[726067,5162530],[725323,5160248],[722309,5159573],[722675,5157144],[723551,5155861],[727197,5154494],[727799,5153201],[728082,5153024],[729435,5153827],[729711,5153837],[730562,5153306],[732043,5150732],[731526,5149773],[734952,5147086],[736394,5145639],[737194,5146422],[738293,5146653],[739691,5146332],[740543,5145802],[739016,5142359],[736882,5140209],[733582,5139518],[724424,5139736],[723330,5139320],[721973,5138519],[719015,5135970],[717636,5135733],[715914,5137362],[715781,5141114],[713718,5144611],[709439,5148218],[708269,5150056],[708379,5146867],[707607,5145150],[706243,5144540],[704030,5144465],[703502,5143696],[703867,5141079],[703376,5139184],[702583,5138031],[701211,5137609],[699820,5137751],[698694,5138278],[697538,5139743],[696352,5142146],[695215,5143048],[690747,5144221],[690164,5145142],[689864,5145884],[690111,5146831],[690641,5147598],[691140,5149304],[690546,5150600],[688600,5150915],[688606,5150727],[686972,5149926],[685642,5148194],[682477,5143028],[681647,5143003],[680202,5145026],[678156,5148721],[677040,5149064],[675723,5146772],[675485,5145451],[676103,5143216],[676135,5142090],[675620,5140761],[675072,5140557],[674513,5140729],[673694,5140330],[671010,5137249],[669380,5136077],[667964,5137164],[667933,5138290],[669505,5141526],[669746,5142847],[669207,5152220],[668863,5154652],[667441,5156114],[665784,5156069],[659258,5152138],[655158,5150342],[649449,5146444],[647849,5143964],[647650,5140768],[648304,5136654],[649818,5131434],[649860,5129746],[648838,5126154],[649152,5124660],[650303,5122998],[650308,5122811],[653139,5120628],[655130,5118801],[655470,5116369],[654703,5113721],[653110,5110678],[650403,5107607],[649892,5105717],[650234,5103098],[651747,5098254],[651523,5095996],[649595,5095010],[636287,5091323],[634913,5090354],[634113,5088648],[634154,5086772],[635073,5083038],[635673,5081174],[635442,5078916],[634916,5077403],[634098,5076447],[632436,5075661],[630211,5075051],[629663,5074476],[629675,5073913],[629978,5072793],[630002,5071668],[629741,5070724],[627809,5069370],[622498,5068888],[621422,5066615],[622023,5064562],[621477,5063801],[619250,5063007],[617867,5062042],[617044,5061088],[615411,5058431],[614874,5057107],[615449,5056367],[616865,5055643],[617728,5054533],[618318,5053043],[618346,5051542],[618936,5050052],[619807,5048567],[617308,5047018],[617051,5045700],[617684,5041959],[617427,5040640],[615754,5039858],[610688,5039955],[604757,5041354],[599128,5041638],[595240,5038388],[594416,5037062],[593873,5035740],[593884,5034990],[591597,5037395],[591018,5038513],[590958,5042640],[590674,5042823],[588945,5045801],[587241,5047090],[582714,5049468],[583820,5050796],[586318,5052894],[587435,5053285],[589961,5053321],[591075,5053900],[590492,5055392],[590748,5057085],[589747,5068141],[587734,5071865],[586568,5075227],[586244,5078412],[586516,5078979],[587623,5079745],[587894,5080312],[586740,5082922],[586727,5083860],[587262,5085557],[586969,5086491],[586400,5087233],[586111,5087980],[586095,5089106],[584065,5094707],[583766,5096204],[584811,5101285],[584803,5101848],[584241,5102215],[584234,5102778],[584504,5103345],[585056,5103728],[587197,5109763],[587438,5112393],[588234,5115032],[588221,5115970],[587088,5117455],[585668,5119687],[585377,5120621],[587310,5121399],[587579,5121966],[587275,5123838],[587541,5124592],[588091,5124976],[589195,5125367],[590840,5126705],[591638,5128969],[591909,5129348],[591889,5130661],[591301,5132905],[591567,5133659],[592392,5134047],[592938,5134618],[593163,5138000],[594259,5138767],[594535,5138772],[594803,5139339],[594224,5141019],[595325,5141411],[595863,5142358],[595795,5146673],[595501,5147795],[594951,5147599],[594669,5147969],[593811,5149833],[593520,5150767],[593732,5154899],[593994,5155841],[594540,5156225],[593959,5158093],[594211,5159598],[595549,5162247],[595525,5163748],[595232,5164869],[595223,5165432],[594349,5168421],[590089,5176989],[590058,5179053],[586683,5184258],[585538,5187432],[585528,5188183],[585783,5189500],[585770,5190438],[584931,5191552],[584896,5193992],[583512,5194911],[584036,5196607],[584010,5198483],[582309,5202589],[581188,5204450],[578958,5207423],[578682,5207607],[578113,5209289],[576755,5208520],[574830,5209246],[573175,5210352],[571257,5210704],[571236,5212393],[570407,5213133],[568203,5214609],[565715,5217208],[564066,5218129],[564329,5219070],[564320,5219821],[561027,5221475],[560194,5222780],[561011,5222976],[561278,5223542],[559594,5228216],[557661,5230637],[556831,5231942],[557089,5233446],[555430,5236058],[554605,5236988],[552696,5237346],[551598,5238275],[550779,5238643],[548051,5239371],[545283,5245355],[544462,5246099],[543096,5247027],[543886,5250411],[542520,5251527],[543310,5254911],[543848,5255478],[543299,5256412],[542478,5257344],[541387,5258087],[540300,5258455],[540030,5258265],[538130,5258440],[537040,5259184],[536498,5259181],[535680,5259926],[535127,5261612],[534567,5264611],[533482,5264793],[533210,5264979],[533202,5266480],[532655,5267415],[532372,5269478],[532100,5269852],[529929,5270779],[527754,5272832],[522859,5279192],[521226,5282188],[520407,5284625],[522026,5285007],[522023,5285757],[521750,5286507],[521746,5287633],[521472,5288758],[519577,5290628],[519304,5291565],[518220,5293251],[517406,5294937],[516325,5295685],[519016,5297195],[518474,5298131],[516586,5298876],[515776,5299437],[516043,5300188],[515763,5304129],[514414,5305627],[512798,5306561],[511988,5307686],[513329,5309378],[513328,5310128],[512789,5310315],[511174,5311625],[512247,5312378],[512783,5313318],[512512,5314443],[511704,5315380],[510630,5314815],[510091,5316315],[509014,5317815],[507136,5316874],[506867,5317249],[506867,5317624],[506598,5317999],[506597,5318562],[508207,5319127],[508205,5320066],[506326,5321189],[504446,5322689],[503104,5324940],[502566,5327568],[502834,5328319],[503637,5329257],[503637,5329820],[502565,5330946],[501761,5331321],[500958,5330570],[499618,5330945],[497476,5332260],[497476,5333010],[499083,5333010],[499886,5333948],[499886,5334887],[497210,5335826],[496675,5336952],[496409,5338266],[495339,5339018],[494804,5338455],[494000,5337142],[493197,5336768],[492931,5338645],[492398,5339584],[489194,5342780],[488391,5342218],[486792,5344474],[485457,5345040],[482517,5344485],[480914,5344678],[480118,5346370],[479313,5345247],[478512,5345438],[476915,5346945],[475311,5346764],[471563,5345093]]]}},{"type":"Feature","properties":{"kind":"raion","name":"r-nul Anenii Noi"},"geometry":{"type":"Polygon","coordinates":[[[685347,5192867],[686509,5191725],[687081,5192136],[688448,5192342],[688322,5191647],[688629,5191683],[688691,5191231],[688691,5191607],[689762,5191914],[689278,5193440],[689308,5195082],[688996,5196163],[688027,5196549],[687690,5197295],[688424,5200355],[688263,5202017],[687905,5202661],[686954,5202842],[686121,5203842],[684828,5204106],[684128,5203716],[681827,5200875],[680785,5200499],[679673,5200559],[676768,5202469],[674464,5205553],[674247,5206088],[674288,5207252],[675076,5207746],[675316,5207326],[674819,5206207],[675226,5205856],[675493,5206185],[675529,5207061],[675791,5207314],[677525,5206973],[680619,5207308],[680695,5207966],[678896,5212074],[679109,5212370],[679394,5212190],[679600,5211055],[680689,5210702],[681178,5210900],[681476,5211553],[680724,5212557],[680711,5213449],[681025,5214092],[681628,5214441],[681539,5214627],[680519,5214743],[679918,5215288],[679062,5216741],[678566,5218560],[677886,5219554],[677136,5219699],[675473,5219197],[674574,5219515],[674089,5219957],[673805,5220415],[674120,5222432],[673450,5223173],[672450,5221355],[673232,5220922],[674103,5219793],[673157,5220703],[672424,5220825],[670347,5214944],[670988,5212262],[670512,5212019],[671450,5211841],[670817,5211125],[670494,5211390],[670327,5211194],[670113,5211357],[670322,5210791],[670102,5210511],[669579,5210986],[669811,5210363],[669021,5210750],[668693,5210560],[668641,5210161],[668048,5210768],[667746,5210616],[667291,5210840],[665739,5210105],[665001,5210200],[665343,5209016],[662986,5206795],[663458,5205935],[662953,5205447],[662707,5205658],[662456,5205244],[662050,5205886],[661492,5205351],[661902,5204743],[661008,5204425],[660494,5204558],[660331,5203931],[659838,5204060],[660432,5205917],[659810,5206355],[659419,5207884],[658538,5209172],[656470,5208746],[654871,5208695],[654082,5208919],[652831,5210338],[652627,5209967],[652790,5209002],[651916,5208484],[652060,5207744],[652553,5206666],[652762,5206841],[652966,5206010],[651906,5206299],[651410,5204856],[651686,5203415],[649945,5203265],[650247,5201406],[648863,5201177],[648404,5200587],[650243,5199616],[651977,5199080],[654303,5198986],[654588,5193649],[654091,5193631],[653939,5193287],[655099,5192170],[654856,5191400],[654746,5192327],[653628,5192194],[653282,5191558],[653327,5190734],[654421,5191321],[655535,5191238],[655522,5192091],[656203,5192109],[656461,5192531],[656741,5191799],[657003,5191814],[657028,5192551],[657963,5192358],[657703,5191715],[657986,5191295],[657359,5190914],[656907,5191265],[656716,5190523],[657188,5190352],[657858,5190741],[658347,5190172],[658129,5190134],[658086,5189818],[657481,5189744],[657395,5189466],[658390,5188143],[659781,5187435],[659001,5185249],[659276,5184429],[659688,5184212],[660536,5182811],[659121,5182088],[659462,5181463],[659099,5181214],[659696,5179968],[658477,5179077],[659182,5178089],[661521,5179630],[662071,5178754],[663462,5179659],[664426,5179700],[665438,5176053],[665797,5176149],[666163,5174988],[669963,5175864],[669870,5176297],[670144,5176350],[669296,5179165],[669917,5179525],[669716,5180218],[670377,5180488],[670145,5181267],[670610,5181581],[671103,5180793],[675041,5182440],[674528,5183822],[673248,5183797],[673332,5185002],[675204,5184566],[674903,5185437],[676600,5185091],[676544,5185381],[676918,5185308],[676452,5186308],[676662,5186397],[676977,5186061],[677345,5186272],[677907,5185838],[678824,5186283],[682776,5185687],[682905,5187687],[683528,5187434],[683592,5188468],[682640,5189564],[682717,5191121],[683762,5190955],[685818,5191293],[685347,5192867]]]}},{"type":"Feature","properties":{"kind":"raion","name":"r-nul Basarabeasca"},"geometry":{"type":"Polygon","coordinates":[[[652882,5134083],[651235,5137740],[649169,5143738],[648765,5146103],[648258,5146725],[655531,5147408],[655312,5149393],[652685,5149219],[652397,5149028],[651801,5149419],[652536,5151745],[652468,5152281],[650568,5155407],[650121,5155600],[648579,5155530],[649082,5154588],[649004,5154196],[647924,5153862],[646826,5153077],[647072,5152610],[644079,5150849],[644827,5149595],[642665,5148321],[642821,5148039],[637865,5145111],[640193,5142305],[641157,5141467],[642059,5140012],[643091,5137444],[644077,5133388],[635775,5131229],[635598,5131602],[635681,5131270],[633020,5130513],[633701,5129562],[633535,5125460],[646160,5128625],[647642,5127028],[647969,5126349],[648104,5126546],[650459,5124732],[650532,5125411],[652845,5131331],[654252,5131140],[653747,5131593],[653173,5134378],[652882,5134083]]]}},{"type":"Feature","properties":{"kind":"raion","name":"r-nul Briceni"},"geometry":{"type":"Polygon","coordinates":[[[516385,5343136],[517486,5341623],[519611,5342284],[520500,5342848],[519337,5345381],[519931,5345833],[519075,5346859],[519154,5348462],[520626,5348823],[520614,5349815],[520006,5350856],[519996,5352114],[518775,5352730],[516057,5354998],[517029,5355598],[517452,5357785],[515779,5359793],[514831,5359563],[514237,5360207],[511928,5358417],[511862,5358605],[510304,5357934],[509193,5358443],[506471,5362199],[506270,5364617],[505116,5364368],[504606,5363132],[503834,5363670],[502743,5363371],[502230,5363776],[501054,5363548],[500995,5363028],[501961,5362758],[502963,5361967],[502730,5361518],[503318,5361022],[503408,5359762],[503696,5359388],[503457,5358137],[503394,5357903],[502081,5358833],[500360,5358575],[500074,5358277],[500153,5356778],[500028,5356875],[499651,5356254],[494890,5357674],[494946,5356686],[492196,5358941],[492695,5360429],[491856,5361827],[490425,5363013],[490222,5362723],[489011,5362238],[484375,5362920],[483353,5362824],[482849,5361586],[482584,5361703],[481766,5360671],[479661,5362095],[479165,5361895],[478479,5361401],[482283,5356416],[482584,5355639],[483325,5355454],[484883,5354441],[485765,5355408],[486968,5354598],[487177,5352405],[486859,5352368],[486898,5351828],[487475,5351209],[486839,5350956],[487076,5350108],[486454,5349132],[484757,5348684],[482717,5349933],[482041,5352306],[480484,5351114],[480177,5352047],[477372,5356353],[476488,5355870],[477023,5354662],[477462,5352714],[475966,5352463],[475971,5351604],[473921,5350248],[474006,5349462],[473418,5348588],[471538,5346843],[472553,5345219],[473058,5345457],[473722,5344428],[474289,5344670],[474645,5345632],[474971,5345689],[475279,5345253],[474932,5344335],[475225,5343738],[476634,5344160],[477135,5344592],[477377,5345533],[477764,5345858],[478042,5345681],[478366,5344449],[479604,5343632],[480078,5344061],[479690,5344857],[479819,5345029],[480912,5344580],[480438,5344069],[480537,5343533],[481607,5343912],[482591,5343932],[483914,5343357],[484121,5344095],[485012,5344102],[485827,5344608],[486161,5343642],[487155,5343325],[487505,5341492],[488067,5341564],[489012,5342334],[489331,5341986],[489664,5340556],[491375,5338809],[491804,5338624],[493230,5338690],[493075,5338030],[492016,5337690],[492112,5337188],[492813,5336400],[493845,5336291],[494125,5336611],[493603,5338373],[494896,5338506],[495787,5338094],[496291,5336843],[494975,5335231],[495192,5334552],[495967,5334135],[498091,5334210],[499076,5333616],[499395,5332998],[499130,5332507],[498505,5332271],[496639,5333190],[496346,5332856],[496672,5331437],[497679,5330679],[498905,5330596],[500102,5329831],[500514,5330154],[501352,5331605],[501851,5331719],[502186,5331429],[502579,5331889],[502239,5332082],[502959,5333564],[502640,5333784],[503522,5333932],[505531,5335128],[506336,5336637],[506749,5336661],[506534,5341066],[505403,5342703],[507453,5346028],[510496,5345538],[511164,5344904],[510951,5343379],[511398,5343406],[511517,5342768],[511223,5342125],[511906,5341794],[511976,5341444],[512894,5341104],[515544,5340904],[515293,5341524],[516385,5343136]]]}},{"type":"Feature","properties":{"kind":"raion","name":"r-nul Cahul"},"geometry":{"type":"MultiPolygon","coordinates":[[[[614211,5102521],[616053,5098761],[617137,5099084],[617377,5098441],[618819,5098822],[618597,5099677],[620772,5100412],[620988,5100857],[620059,5101900],[620047,5103890],[617011,5103203],[614771,5105197],[616790,5105812],[615948,5106483],[616057,5106599],[616789,5105944],[616132,5106672],[616330,5107260],[615714,5108130],[611346,5109003],[611072,5104821],[610762,5104689],[610740,5103838],[608900,5103803],[608133,5106001],[606111,5105370],[605027,5108117],[604784,5108132],[604825,5107560],[604723,5107725],[603626,5107553],[603407,5108466],[603244,5108350],[602104,5109205],[601736,5110650],[601079,5110493],[600720,5111959],[599737,5110230],[598975,5110290],[599091,5109559],[597206,5109602],[596410,5107847],[596156,5107868],[595781,5106482],[594641,5106160],[593114,5106264],[592824,5105919],[592445,5105902],[586925,5106400],[586411,5105999],[585837,5106185],[585575,5105580],[585199,5105547],[585577,5105269],[585464,5104592],[585934,5104325],[585590,5103872],[585753,5103339],[585065,5103633],[584805,5103313],[584458,5103377],[584555,5102855],[584225,5102269],[585123,5101733],[584942,5101331],[584294,5101299],[584235,5101043],[584557,5100532],[585489,5100513],[585131,5099901],[585403,5099444],[584869,5099442],[584362,5098434],[584190,5096875],[584818,5096274],[584035,5095505],[584511,5095143],[585127,5093609],[585597,5093429],[585069,5092261],[585755,5092240],[585347,5091557],[585884,5091128],[585600,5090545],[586364,5089559],[586664,5088558],[586382,5087502],[586881,5087057],[587279,5086057],[586562,5084605],[586862,5083656],[586262,5083415],[586763,5082175],[586320,5081809],[587183,5081566],[587436,5081920],[587729,5081524],[587527,5081084],[587904,5080955],[587502,5080266],[587476,5079415],[586944,5079500],[586508,5079106],[585823,5079027],[586489,5077906],[586349,5077391],[585824,5077233],[586417,5076217],[586113,5075857],[586358,5075437],[586176,5075110],[586460,5074742],[586039,5074225],[586904,5074074],[587118,5073139],[587002,5072681],[587232,5072178],[586931,5071822],[586509,5072011],[586586,5071374],[587104,5071435],[588246,5070051],[589545,5070649],[589592,5070219],[589841,5070065],[589757,5069620],[589388,5069477],[589411,5068496],[589013,5068475],[588925,5068060],[589595,5067351],[589427,5067029],[589558,5066262],[589917,5066262],[590069,5065774],[590784,5065403],[590726,5064765],[590326,5064158],[590820,5064044],[590603,5063257],[591126,5062390],[590299,5061777],[590649,5061089],[590516,5060531],[590846,5059410],[591220,5059100],[590532,5056956],[590846,5056198],[590216,5055911],[591243,5055700],[591500,5055269],[591294,5054769],[590161,5054330],[589225,5052615],[588664,5053088],[588075,5052834],[588131,5052304],[587548,5052733],[587338,5053238],[586729,5053152],[586549,5052619],[585780,5052235],[585712,5051933],[584976,5051338],[584888,5050748],[585214,5049960],[585850,5049668],[586285,5048867],[586848,5048671],[587477,5047881],[587168,5047508],[587505,5047103],[587817,5047337],[587913,5046990],[588250,5047519],[588472,5046983],[588544,5047701],[588867,5047726],[589409,5046451],[590247,5047515],[590125,5046437],[589605,5046059],[590455,5045889],[590176,5045196],[590633,5044364],[590975,5044210],[590993,5043192],[590737,5042847],[591090,5042308],[590954,5041817],[590329,5041874],[591088,5041357],[590742,5040416],[590138,5040220],[590934,5040048],[590815,5039157],[591565,5039280],[592733,5036293],[594651,5035622],[594927,5035585],[594955,5035966],[598152,5041101],[601855,5044536],[600791,5049975],[601231,5050366],[603653,5050919],[601637,5059434],[602652,5059665],[601341,5065127],[601652,5065044],[601299,5066425],[603606,5067039],[604482,5063973],[604855,5063869],[607590,5064409],[607723,5063377],[608331,5063349],[609357,5063354],[609328,5064488],[610034,5064670],[610302,5064656],[610532,5063444],[617525,5063907],[617736,5063984],[618307,5066009],[619375,5065531],[621113,5065975],[619983,5068594],[619557,5068822],[619287,5069442],[618715,5069446],[618542,5070414],[619009,5070590],[618545,5072839],[613959,5072418],[613700,5075350],[613384,5075810],[612785,5075499],[612653,5075942],[609167,5074420],[609171,5078143],[607901,5077677],[607208,5080370],[608243,5080585],[608114,5081522],[613703,5083507],[613363,5085364],[612249,5085249],[611728,5087032],[612092,5087156],[611542,5089854],[611470,5093996],[611066,5095292],[611781,5098982],[612139,5102742],[614211,5102521]]],[[[611998,5056394],[612556,5052022],[612235,5051988],[612054,5051648],[611632,5048348],[612199,5047666],[611984,5047157],[612037,5046932],[612464,5046871],[612457,5046537],[613171,5046632],[613625,5047047],[614112,5048771],[620034,5050284],[618080,5057981],[611998,5056394]]]]}},{"type":"Feature","properties":{"kind":"raion","name":"r-nul Cantemir"},"geometry":{"type":"Polygon","coordinates":[[[616259,5116777],[619949,5117245],[619505,5122749],[619885,5127521],[618845,5127404],[617068,5127733],[616190,5127654],[616062,5129920],[615812,5130581],[616584,5133678],[614458,5134309],[612059,5136538],[614700,5138520],[613439,5140502],[611943,5141052],[611277,5141805],[610262,5141033],[609617,5140843],[608829,5141090],[608732,5140932],[609287,5140231],[608528,5139175],[608974,5138226],[608097,5137326],[606308,5136226],[606469,5135957],[605333,5136117],[604792,5135839],[604044,5136069],[602785,5140310],[601707,5139666],[601086,5138925],[600715,5139345],[600353,5138917],[599841,5139770],[599559,5139672],[598498,5138103],[596879,5137866],[596369,5138036],[595792,5137665],[595182,5137699],[594692,5138330],[594189,5138314],[593641,5138792],[593522,5138270],[594083,5137958],[593622,5137352],[593836,5137125],[593366,5137167],[592955,5136168],[592387,5136358],[592120,5135931],[592887,5135796],[592609,5135494],[592789,5135262],[592225,5135292],[592397,5134628],[592761,5134841],[592973,5134656],[592264,5134356],[591737,5134471],[591747,5134679],[591642,5134243],[592004,5133585],[591243,5133754],[591417,5134049],[590995,5133893],[591451,5133034],[591936,5132802],[591962,5133331],[592334,5132888],[591981,5132398],[592134,5131860],[591472,5132239],[591175,5131825],[591802,5131376],[591350,5130983],[591927,5130611],[592194,5131214],[592492,5130345],[593081,5130259],[592099,5128452],[591511,5128405],[590991,5128004],[590772,5128106],[590881,5127563],[591430,5127386],[591276,5126984],[590820,5126998],[590945,5126434],[590317,5127019],[590668,5127460],[590239,5127835],[590039,5127397],[590082,5126107],[589544,5126042],[589744,5126526],[589079,5126514],[588743,5127227],[588488,5127037],[588835,5126080],[588742,5125625],[588124,5125673],[588387,5126476],[587736,5126264],[587538,5124068],[586801,5123757],[587192,5123106],[588027,5123267],[588366,5122643],[587745,5122234],[587381,5122584],[586521,5121490],[586251,5121671],[586274,5121176],[585873,5122004],[585553,5121578],[585732,5120375],[585327,5119249],[585752,5119108],[585434,5118519],[586001,5118109],[585600,5117415],[585993,5117102],[586241,5117425],[586132,5118134],[586425,5118246],[586710,5118048],[586831,5117248],[586227,5116377],[586290,5115980],[587534,5116414],[587826,5115977],[588081,5116013],[588096,5115257],[587940,5115009],[587345,5115347],[587335,5114986],[588322,5114603],[588015,5114235],[587089,5114473],[588232,5112926],[587748,5112715],[587422,5111788],[586935,5111849],[586778,5111040],[587213,5110622],[586898,5109927],[587183,5109253],[587635,5109128],[587267,5108618],[586875,5108654],[586885,5107077],[586408,5107171],[586227,5106650],[586904,5106339],[592216,5105903],[592824,5105919],[593114,5106264],[594641,5106160],[595781,5106482],[596156,5107868],[596410,5107847],[597206,5109602],[599091,5109559],[598975,5110290],[599737,5110230],[600720,5111959],[601079,5110493],[601736,5110650],[602104,5109205],[603244,5108350],[603407,5108466],[603626,5107553],[604723,5107725],[604825,5107560],[604797,5108157],[605077,5108057],[606111,5105370],[608133,5106001],[608900,5103803],[610729,5103832],[610762,5104689],[611072,5104821],[611346,5109003],[615714,5108130],[616442,5107022],[616135,5109899],[613735,5115013],[614988,5116340],[616259,5116777]]]}},{"type":"Feature","properties":{"kind":"raion","name":"r-nul Călărași"},"geometry":{"type":"MultiPolygon","coordinates":[[[[581101,5235428],[579975,5236091],[579756,5235197],[579196,5234551],[579531,5234357],[579486,5233929],[580070,5233943],[580428,5233512],[579941,5233181],[581500,5232652],[581602,5232317],[581944,5232513],[582103,5231202],[582629,5230693],[583163,5230652],[583396,5230318],[583626,5230530],[584798,5230356],[585183,5228504],[586180,5228366],[586530,5228578],[587464,5228134],[588907,5226308],[589043,5226621],[589410,5226259],[590014,5226435],[590159,5226905],[590773,5226440],[591208,5226776],[591618,5226525],[591919,5226618],[592941,5225890],[593544,5226074],[594559,5225225],[594646,5225370],[596547,5224604],[596673,5223626],[597504,5223884],[598428,5223684],[599117,5223983],[599427,5223734],[599560,5223905],[599866,5223782],[600819,5225644],[601987,5224838],[602361,5224104],[602647,5224349],[602316,5224898],[603125,5225413],[603580,5225424],[605008,5224572],[605318,5224670],[606605,5226993],[607406,5226307],[607784,5226545],[607043,5227507],[607769,5228351],[606739,5229263],[607703,5230541],[608348,5230052],[608173,5229812],[608458,5229606],[608622,5229822],[609119,5229039],[610931,5227450],[611192,5227654],[611069,5228015],[611351,5227783],[611979,5228337],[610866,5230562],[611519,5231134],[611331,5231587],[611725,5231942],[612198,5231461],[612576,5231768],[611303,5233140],[610752,5234161],[611067,5234365],[609970,5235669],[610554,5235746],[610517,5236075],[609584,5236345],[609128,5235933],[609032,5236210],[608644,5236180],[608550,5236551],[608306,5236615],[608163,5237258],[608755,5237486],[608871,5236953],[609126,5237054],[609117,5237631],[609823,5237806],[609884,5237252],[610350,5237332],[610369,5237779],[610828,5237297],[610519,5238033],[610702,5238140],[611134,5237754],[611318,5238804],[612791,5238479],[612812,5239362],[611710,5239801],[611657,5240428],[610971,5240689],[611481,5241461],[612009,5240948],[611977,5240636],[612918,5239966],[613461,5240564],[613610,5240432],[613788,5240609],[614467,5239990],[614603,5240573],[613905,5241381],[614195,5241542],[615799,5240555],[616769,5240526],[616998,5240284],[617472,5240497],[616990,5241630],[616119,5242240],[615951,5242785],[615317,5242785],[615521,5243108],[615410,5243499],[614974,5243506],[615638,5243846],[616124,5243207],[616919,5242953],[617068,5243109],[616417,5243966],[616871,5243856],[616782,5244195],[616974,5244231],[617367,5243123],[617605,5243113],[617517,5243842],[618187,5243918],[618081,5244423],[617186,5245264],[616689,5247377],[616451,5247162],[616850,5245213],[616437,5244973],[615510,5245412],[615336,5246065],[615019,5245989],[614712,5246998],[614114,5246856],[613257,5251789],[613487,5252273],[612901,5253039],[612898,5254107],[610654,5253843],[610105,5254328],[609887,5253287],[609697,5253181],[609406,5253410],[609197,5253245],[609048,5252437],[610230,5251315],[609952,5250077],[608331,5251511],[607797,5251208],[607405,5251570],[607224,5251480],[607160,5251878],[606581,5251904],[606527,5252227],[605948,5252141],[605826,5252719],[604674,5253034],[604628,5252814],[604224,5252928],[603941,5253364],[602974,5253560],[602460,5251609],[600898,5252631],[600431,5251751],[599835,5252460],[598929,5252541],[598104,5253135],[596658,5253110],[595909,5253823],[594411,5254182],[593715,5254764],[593774,5254207],[593600,5254172],[591291,5254343],[590725,5255490],[589810,5255407],[589873,5254780],[589371,5254653],[590094,5252418],[590237,5250630],[589430,5246577],[589068,5246382],[589121,5246781],[587926,5246927],[587909,5246770],[587539,5246964],[586923,5245336],[586757,5245458],[586697,5245099],[586618,5245372],[586356,5245390],[586366,5245140],[586025,5244914],[586045,5244626],[586663,5244506],[586293,5244459],[586183,5244062],[586397,5244005],[586189,5242676],[585433,5243443],[584862,5243591],[584611,5243335],[584791,5243044],[584553,5242708],[584598,5242174],[583923,5242278],[583162,5243302],[582382,5242550],[581682,5242817],[581308,5242342],[581330,5242079],[581531,5242077],[581418,5241516],[581757,5241606],[581934,5241333],[582433,5241735],[583282,5240407],[583117,5240142],[582559,5240596],[581991,5240236],[583017,5239398],[582917,5238311],[583265,5238632],[584143,5238679],[584220,5237964],[584521,5237972],[584392,5238938],[585183,5239027],[584363,5239202],[584410,5239486],[586019,5239412],[585880,5239130],[586358,5239018],[585736,5238278],[585577,5237477],[584475,5237577],[584059,5237130],[582831,5237237],[582383,5237616],[581815,5237647],[581043,5236585],[581512,5235754],[581101,5235428]]],[[[612425,5227550],[611980,5227300],[612263,5227060],[611936,5226540],[612550,5226343],[612717,5227085],[612425,5227550]]],[[[583703,5243501],[583973,5243109],[584463,5243560],[583703,5243501]]],[[[585584,5244949],[585500,5244526],[585861,5244570],[585891,5244695],[585584,5244949]]]]}},{"type":"Feature","properties":{"kind":"raion","name":"r-nul Căușeni"},"geometry":{"type":"Polygon","coordinates":[[[705346,5178163],[705464,5179151],[704906,5179848],[704520,5179162],[704262,5179191],[703626,5181400],[704101,5183936],[703495,5184140],[703059,5184850],[702346,5185401],[703416,5186293],[703521,5187081],[701843,5188283],[701689,5188151],[702022,5186831],[700991,5187036],[700716,5187425],[700995,5188232],[700668,5188637],[699366,5187814],[698582,5187908],[698305,5188280],[698406,5188764],[699442,5189634],[699337,5189903],[698863,5190053],[697799,5189143],[696888,5188804],[697549,5187025],[697435,5186164],[696093,5186281],[695496,5185845],[695300,5185418],[695300,5183436],[694761,5184774],[693875,5185682],[693697,5185487],[694225,5184585],[694232,5183881],[694005,5183610],[693272,5183634],[692082,5184183],[691585,5185217],[691395,5185087],[691210,5185340],[690411,5185305],[690292,5184115],[689498,5184220],[689052,5183830],[688981,5185875],[687777,5185921],[688242,5186683],[687590,5186811],[687551,5187234],[686901,5187525],[686770,5187319],[685735,5187297],[684041,5186722],[683505,5187480],[682905,5187687],[682776,5185687],[678824,5186283],[677907,5185838],[677345,5186272],[676977,5186061],[676662,5186397],[676452,5186308],[676918,5185308],[676544,5185381],[676600,5185091],[674903,5185437],[675204,5184566],[673332,5185002],[673248,5183797],[674528,5183822],[675041,5182440],[671103,5180793],[670610,5181581],[670145,5181267],[670377,5180488],[669716,5180218],[669917,5179525],[669296,5179165],[670144,5176350],[669870,5176297],[669836,5175752],[666163,5174988],[665797,5176149],[665438,5176053],[664426,5179700],[663462,5179659],[662071,5178754],[661662,5179672],[659182,5178089],[658965,5178394],[657972,5177430],[658512,5176676],[655188,5173399],[654577,5174228],[653099,5171596],[652656,5172356],[652424,5171979],[651966,5172394],[651764,5172163],[650895,5172283],[650263,5171448],[649503,5172105],[649293,5171948],[649267,5171054],[649065,5171061],[648871,5171654],[648245,5171814],[647934,5172337],[647683,5172365],[647470,5171533],[647975,5170781],[647112,5169929],[647460,5169424],[648218,5170243],[648691,5169368],[648534,5169118],[648703,5168022],[649896,5166256],[650227,5166452],[650585,5165735],[650507,5162840],[652541,5163402],[655598,5163761],[657544,5163611],[657561,5162403],[656961,5161968],[657280,5161862],[657308,5160408],[657741,5160390],[658134,5154763],[658124,5154409],[657879,5154357],[658184,5153954],[658252,5153070],[665966,5153607],[665748,5156817],[671352,5158503],[671934,5152133],[671977,5151941],[672611,5152095],[673097,5150456],[670424,5147951],[671206,5147399],[671308,5144936],[671498,5144683],[671129,5144445],[672622,5142819],[669671,5139348],[672317,5138289],[674356,5140292],[673954,5140904],[674410,5141350],[674022,5141679],[676475,5142975],[677002,5142010],[678618,5142774],[677132,5146005],[678062,5146394],[677234,5148322],[679371,5149371],[679058,5149927],[679448,5150232],[678933,5151813],[680377,5152802],[682665,5147867],[682464,5147739],[683538,5145334],[684118,5144086],[684342,5144207],[683312,5146447],[687410,5151770],[683744,5156039],[686129,5158133],[684375,5161114],[686150,5162821],[686012,5163100],[687857,5163125],[688862,5164445],[689744,5164977],[689638,5165171],[690272,5165016],[691084,5163534],[694678,5167173],[694635,5167535],[694232,5167737],[695271,5168260],[695525,5167827],[695923,5167929],[696038,5167212],[696566,5167318],[696336,5168003],[697314,5168113],[697671,5167908],[697852,5167197],[698632,5167132],[698582,5166871],[699073,5166493],[699316,5168227],[699927,5168661],[699710,5169648],[700375,5169454],[700377,5170109],[700840,5170138],[700888,5171313],[701413,5171129],[701611,5171918],[702331,5172637],[703868,5172623],[704269,5173559],[704220,5174185],[705679,5175421],[705951,5176685],[705346,5178163]]]}},{"type":"Feature","properties":{"kind":"raion","name":"r-nul Cimișlia"},"geometry":{"type":"Polygon","coordinates":[[[658129,5154420],[657739,5160401],[657308,5160408],[657280,5161862],[656961,5161968],[657561,5162403],[657544,5163611],[655598,5163761],[652541,5163402],[650507,5162840],[650585,5165735],[650227,5166452],[649896,5166256],[648703,5168022],[648534,5169118],[648691,5169368],[648218,5170243],[646829,5168765],[646342,5169054],[645411,5171850],[644931,5172573],[645267,5173049],[645084,5173322],[645544,5173184],[645607,5173366],[644796,5173672],[644110,5173599],[642378,5174969],[641801,5174394],[641959,5174264],[641511,5173071],[640736,5173872],[639818,5173898],[640514,5173599],[640030,5173199],[639556,5173261],[639374,5174198],[638666,5174446],[638457,5174958],[636874,5174958],[636917,5175299],[637640,5175322],[637128,5176876],[636441,5177441],[636000,5176852],[635582,5176838],[634843,5177920],[633782,5178648],[633275,5179309],[633744,5179722],[633464,5179966],[631965,5178490],[631348,5179424],[632285,5180057],[632304,5180426],[631587,5181256],[628640,5179132],[628441,5179385],[627491,5178637],[628105,5177847],[627522,5177442],[627308,5177723],[627110,5177635],[627703,5176469],[626185,5175609],[625714,5176525],[624784,5176077],[623783,5177308],[622603,5176782],[622323,5176021],[622857,5175607],[623130,5174420],[623012,5172349],[622663,5171299],[623597,5170330],[623889,5169287],[623700,5168888],[620540,5168836],[620461,5165982],[620915,5166137],[620986,5162298],[620679,5162320],[620556,5161697],[620107,5157350],[621094,5157308],[620606,5155942],[620952,5152550],[620795,5151828],[619866,5150188],[618922,5149696],[619115,5147117],[623010,5147683],[634892,5141394],[640067,5142519],[637865,5145111],[642821,5148039],[642665,5148321],[644827,5149595],[644079,5150849],[647072,5152610],[646826,5153077],[647924,5153862],[649004,5154196],[649082,5154588],[648579,5155530],[650121,5155600],[650580,5155391],[652468,5152281],[652536,5151745],[652061,5150294],[656058,5150584],[656038,5150855],[656473,5150934],[656415,5152276],[658294,5152450],[658184,5153954],[657879,5154357],[658129,5154420]]]}},{"type":"Feature","properties":{"kind":"raion","name":"r-nul Criuleni"},"geometry":{"type":"MultiPolygon","coordinates":[[[[633304,5223547],[632480,5222641],[633456,5221493],[633762,5222061],[634868,5221217],[635308,5221989],[635497,5221961],[636256,5221188],[636448,5221520],[637368,5220553],[638988,5219479],[639105,5220948],[639343,5221356],[639568,5220989],[639905,5221365],[639449,5222230],[639902,5222108],[640052,5222275],[639481,5224105],[640117,5223876],[640466,5224043],[641326,5223559],[641488,5223747],[642031,5223146],[642751,5223411],[643225,5222937],[643440,5223419],[644121,5223181],[643816,5223688],[644246,5223073],[644182,5222315],[644963,5222286],[644952,5221481],[645138,5221196],[645387,5221249],[645393,5221076],[644840,5220960],[644868,5220582],[645894,5219595],[645521,5219644],[645016,5218911],[644513,5218952],[644219,5218666],[644185,5218036],[645177,5217989],[645172,5217653],[644899,5217685],[644867,5216937],[646173,5216861],[646187,5217131],[646887,5217066],[647226,5218569],[649170,5218254],[648455,5219159],[649695,5218872],[649515,5218158],[649944,5218049],[650319,5218680],[650732,5218316],[650558,5217897],[652627,5217400],[653498,5218415],[653939,5219341],[654882,5219346],[655944,5220103],[656490,5219227],[656698,5219332],[656999,5220011],[658601,5221756],[659282,5223619],[661499,5224424],[662042,5224922],[663284,5227152],[664368,5228506],[665021,5230176],[665121,5231088],[664183,5231596],[663078,5234177],[662017,5235192],[661329,5235513],[660138,5233906],[659075,5233270],[659166,5232929],[659503,5232911],[660694,5233454],[660624,5233725],[660906,5234089],[661246,5232880],[659426,5232403],[659642,5231871],[657690,5231588],[657368,5233979],[656126,5234286],[657032,5235973],[657556,5235999],[657280,5239477],[655788,5240641],[655713,5240915],[654219,5241087],[654078,5241892],[653205,5241756],[652892,5243503],[652288,5243325],[652221,5242285],[651999,5242041],[651602,5242440],[651369,5242446],[651535,5242011],[651131,5242328],[651226,5242004],[650971,5241967],[651086,5241391],[650909,5241117],[651385,5240143],[649497,5240096],[647427,5240723],[647128,5239436],[646615,5238981],[646330,5239506],[645374,5239301],[645504,5238746],[644556,5238727],[644695,5238478],[644317,5238292],[644550,5237951],[643844,5237341],[643329,5237658],[642670,5237187],[642310,5235392],[641424,5235349],[641431,5235004],[640382,5235019],[640351,5235467],[640053,5235527],[640030,5235183],[639398,5235099],[637841,5235725],[637617,5234817],[637269,5234924],[637257,5235429],[636341,5235727],[636336,5235269],[635814,5235623],[635576,5234676],[635355,5234673],[635329,5233646],[634935,5233646],[634956,5233301],[635310,5233254],[635239,5230029],[636664,5228406],[635474,5226563],[634427,5227328],[633918,5226675],[633756,5226294],[634189,5226105],[634305,5225502],[633304,5223547]],[[638382,5228991],[638723,5229319],[639936,5228378],[640966,5229420],[640969,5228376],[640608,5227795],[639597,5228539],[640260,5227862],[640265,5227566],[640795,5227333],[640419,5226941],[638382,5228991]]],[[[669021,5210750],[669811,5210363],[669579,5210986],[670102,5210511],[670322,5210791],[670095,5211341],[670327,5211194],[670494,5211390],[670817,5211125],[671450,5211841],[670512,5212019],[670988,5212262],[670381,5215098],[672424,5220825],[673157,5220703],[673871,5219869],[674103,5219793],[673232,5220922],[672450,5221355],[673450,5223173],[673947,5222434],[674141,5222675],[673634,5223538],[670276,5225964],[669012,5226425],[668839,5226055],[669612,5225745],[669890,5225200],[669708,5224564],[669005,5223640],[668722,5223672],[668378,5224926],[667682,5225461],[666441,5225631],[665379,5225146],[665240,5224343],[666032,5221307],[665933,5220320],[665066,5219109],[664756,5221287],[664335,5221532],[663940,5221365],[663402,5219933],[663424,5218806],[662071,5217991],[661453,5215878],[661110,5215664],[661106,5215072],[660779,5214651],[659598,5214974],[659971,5213795],[658119,5214129],[658200,5214445],[657971,5214515],[658002,5214169],[657037,5214370],[656999,5214109],[656465,5214165],[656441,5213963],[655382,5214044],[655494,5214918],[654480,5215030],[654350,5214281],[654235,5214523],[654096,5213870],[653458,5213357],[653247,5211957],[652463,5211984],[652451,5212196],[651494,5212110],[651075,5212326],[651180,5212924],[649684,5212988],[649651,5212728],[650068,5212706],[649806,5211147],[650008,5210888],[649600,5210581],[649756,5210286],[649414,5210075],[650436,5208571],[649476,5208169],[650805,5207149],[651039,5206852],[650918,5206590],[652966,5206010],[652762,5206841],[652553,5206666],[652060,5207744],[651916,5208484],[652790,5209002],[652627,5209967],[652831,5210338],[654082,5208919],[654871,5208695],[656470,5208746],[658538,5209172],[659419,5207884],[659810,5206355],[660432,5205917],[659838,5204060],[660331,5203931],[660494,5204558],[661008,5204425],[661902,5204743],[661492,5205351],[662050,5205886],[662456,5205244],[662707,5205658],[662953,5205447],[663458,5205935],[662986,5206795],[665343,5209016],[665001,5210200],[665739,5210105],[667291,5210840],[667746,5210616],[668048,5210768],[668641,5210161],[668693,5210560],[669021,5210750]]]]}},{"type":"Feature","properties":{"kind":"raion","name":"r-nul Dondușeni"},"geometry":{"type":"Polygon","coordinates":[[[565841,5344722],[567814,5345822],[567947,5345658],[569436,5345816],[569347,5346657],[570815,5345966],[570783,5346767],[569798,5347418],[568713,5347209],[568151,5348058],[567605,5349775],[566845,5349214],[566710,5349815],[564846,5349447],[564050,5350698],[563133,5350238],[563030,5350424],[562577,5350311],[562416,5350559],[560869,5350417],[560810,5350864],[560605,5350918],[560935,5350979],[561170,5351770],[561530,5351958],[562143,5351749],[562234,5352002],[562737,5351773],[563043,5352399],[563449,5352062],[563719,5352228],[564729,5353404],[564676,5353627],[564264,5353691],[565158,5354215],[564445,5354841],[567110,5356077],[565396,5358032],[565047,5359436],[563478,5359594],[563518,5359152],[562242,5359515],[558619,5355617],[558220,5355870],[557618,5355635],[558616,5354319],[557880,5353657],[556949,5354549],[550843,5358169],[551215,5357336],[550186,5356667],[549348,5356915],[548814,5355736],[548509,5356124],[547143,5354671],[546821,5353931],[545607,5354056],[544650,5354481],[544173,5355041],[543856,5354474],[541836,5355714],[540634,5355353],[539560,5355655],[539305,5355055],[539377,5354340],[539070,5354111],[539155,5353920],[538849,5354021],[538635,5353500],[539074,5353379],[538906,5352991],[539584,5353224],[540254,5352624],[539755,5352389],[539392,5352759],[539198,5352490],[537757,5352022],[538226,5351757],[537739,5348790],[536425,5348858],[536914,5346559],[537598,5346459],[537793,5346007],[537442,5345711],[536645,5343031],[536497,5340302],[536173,5339360],[536554,5339249],[536921,5338279],[537590,5338646],[539044,5337471],[539371,5337708],[540231,5336696],[539982,5336395],[540172,5336236],[539601,5335551],[540286,5334510],[538453,5335273],[537901,5334056],[537714,5334045],[538661,5330359],[538840,5326771],[539773,5326577],[540816,5325744],[540552,5325429],[541417,5324740],[541658,5324196],[542306,5324039],[542988,5323356],[543409,5323493],[543985,5323142],[545137,5323196],[546348,5323695],[546557,5324102],[547279,5324431],[549960,5322609],[551968,5321781],[551717,5322877],[551874,5323153],[551441,5323261],[551233,5323669],[551551,5324204],[550694,5324530],[550691,5325168],[549711,5325949],[549026,5326159],[548565,5326797],[548117,5326778],[547856,5327182],[549391,5329623],[549431,5330192],[551989,5332577],[552733,5332103],[553600,5334392],[553539,5335850],[554525,5335707],[554183,5336945],[555083,5338778],[554804,5339172],[554233,5339359],[553420,5339166],[553035,5339500],[552724,5340400],[553460,5340673],[555968,5339393],[556925,5341221],[559810,5342775],[563462,5343406],[564244,5343859],[564134,5344197],[564397,5344524],[564681,5344617],[564886,5344187],[565397,5344072],[565398,5344459],[565838,5344470],[565841,5344722]]]}},{"type":"Feature","properties":{"kind":"raion","name":"r-nul Drochia"},"geometry":{"type":"Polygon","coordinates":[[[580478,5326023],[580498,5329773],[579005,5329903],[578029,5331910],[577335,5334235],[574892,5335150],[573701,5337360],[572763,5336000],[569602,5339131],[567706,5337329],[567151,5337594],[565702,5339062],[565645,5339699],[564411,5341116],[564246,5342098],[564038,5342010],[563462,5343406],[559810,5342775],[556925,5341221],[555968,5339393],[553162,5340696],[552724,5340400],[553127,5339370],[553448,5339160],[554233,5339359],[554804,5339172],[555083,5338778],[554183,5336945],[554525,5335707],[553539,5335850],[553600,5334392],[552733,5332103],[551989,5332577],[549431,5330192],[549391,5329623],[547859,5327240],[548117,5326778],[548565,5326797],[549026,5326159],[549711,5325949],[550691,5325168],[550694,5324530],[551551,5324204],[551246,5323611],[551441,5323261],[551874,5323153],[551717,5322877],[552080,5321880],[551905,5321744],[550391,5322489],[548510,5320961],[548414,5319207],[547752,5318679],[548130,5318016],[546537,5316512],[548599,5313445],[546575,5312308],[548007,5310093],[548528,5310578],[549094,5309635],[549840,5309896],[550059,5309542],[550786,5309974],[551992,5309536],[552792,5309586],[555898,5308886],[556133,5308665],[555742,5308376],[555945,5308032],[555333,5308031],[555268,5306515],[555878,5305944],[556508,5305839],[556214,5304827],[556963,5304790],[557362,5304206],[558338,5304059],[559785,5302771],[559560,5302311],[559734,5301585],[560662,5300597],[561106,5299037],[562155,5298880],[564863,5300782],[565840,5301089],[565915,5300582],[566360,5300639],[566453,5298944],[567323,5299079],[567438,5296704],[567824,5296761],[568575,5300238],[570537,5301641],[571541,5300170],[574220,5302002],[575976,5303572],[576333,5304718],[575641,5305436],[579102,5308669],[576634,5312354],[576358,5315977],[575443,5315917],[575743,5317155],[575100,5318672],[574308,5318589],[573781,5320137],[576504,5320960],[576070,5322220],[581255,5323616],[580826,5325494],[580478,5326023]]]}},{"type":"Feature","properties":{"kind":"raion","name":"r-nul Dubăsari"},"geometry":{"type":"MultiPolygon","coordinates":[[[[652287,5249148],[650282,5248946],[650459,5248126],[650838,5247350],[652340,5247923],[652148,5247171],[652388,5244034],[652684,5244050],[652904,5243490],[653205,5241756],[654078,5241892],[654219,5241087],[655713,5240915],[655788,5240641],[657280,5239477],[657556,5235999],[657032,5235973],[656126,5234286],[657368,5233979],[657690,5231588],[659642,5231871],[659426,5232403],[661246,5232880],[660906,5234089],[660624,5233725],[660694,5233454],[659503,5232911],[659166,5232929],[659075,5233270],[660138,5233906],[661119,5234996],[661238,5235482],[661704,5235395],[662602,5234626],[662265,5235999],[658961,5240046],[659665,5240551],[659891,5240206],[660217,5240377],[660515,5240015],[660961,5240024],[667513,5243469],[667876,5243195],[668120,5243504],[668499,5242984],[670619,5245617],[671370,5245022],[671928,5245720],[676507,5248095],[676282,5249702],[674375,5248971],[673758,5249556],[671369,5246567],[671215,5246693],[670834,5246218],[670535,5246467],[670912,5246941],[670368,5247775],[669628,5247675],[669194,5247929],[668886,5247526],[669102,5246933],[667874,5246396],[667539,5245815],[666553,5245605],[666402,5245878],[664365,5244874],[664322,5245079],[663555,5244820],[663209,5245022],[663275,5246404],[662361,5248375],[660729,5250069],[657010,5252676],[656578,5253346],[656021,5253094],[656372,5252584],[655398,5252162],[655420,5252617],[654352,5252168],[655359,5250371],[655840,5250175],[654665,5250227],[653191,5248598],[653457,5249694],[652439,5250586],[652834,5251115],[653254,5250925],[653666,5251067],[653444,5251463],[653189,5251335],[652794,5252589],[652336,5252510],[652287,5249148]]],[[[675294,5236717],[674791,5235756],[674312,5236129],[673609,5235237],[672207,5236444],[670957,5234840],[670285,5235434],[669683,5235374],[668991,5234399],[668673,5234419],[668752,5233916],[666634,5231600],[666783,5231399],[666544,5231171],[665842,5230708],[665623,5231541],[665408,5231551],[665396,5231039],[665098,5230983],[665021,5230176],[664368,5228506],[663284,5227152],[662501,5225457],[661499,5224424],[659282,5223619],[658530,5221645],[656815,5219750],[656742,5219036],[657862,5217775],[659027,5217062],[660491,5217067],[660304,5216079],[661110,5215664],[661453,5215878],[662200,5218169],[663424,5218806],[663461,5220186],[664078,5221483],[664756,5221287],[665015,5219211],[665234,5219119],[666080,5220880],[665240,5224343],[665379,5225146],[666441,5225631],[667401,5225575],[668277,5225052],[668722,5223672],[669088,5223707],[669890,5225200],[669714,5225640],[668907,5225986],[668820,5226329],[669480,5226327],[670615,5225670],[670784,5225927],[669968,5226814],[670479,5227681],[669816,5228311],[669857,5228598],[670357,5228727],[671027,5228101],[671179,5228524],[671814,5228083],[672277,5228664],[672866,5228877],[673816,5230176],[673570,5230920],[674051,5232068],[674085,5233220],[675096,5232802],[676915,5235449],[677467,5235305],[678767,5237859],[676919,5238861],[675675,5236514],[675294,5236717]]]]}},{"type":"Feature","properties":{"kind":"raion","name":"r-nul Edineț"},"geometry":{"type":"Polygon","coordinates":[[[539047,5322971],[538661,5330359],[537714,5334045],[537901,5334056],[538453,5335273],[540286,5334510],[539601,5335551],[540172,5336236],[539982,5336395],[540231,5336696],[539371,5337708],[539044,5337471],[537590,5338646],[536921,5338279],[536554,5339249],[536173,5339360],[536497,5340302],[531751,5340911],[526973,5344063],[526970,5345002],[526602,5345040],[526628,5347864],[527119,5347864],[527162,5349090],[526155,5348958],[526293,5349530],[525669,5349798],[525997,5350641],[526689,5350328],[526755,5349810],[527605,5349901],[527787,5352236],[527402,5352838],[527864,5353220],[527347,5353684],[527135,5353197],[526769,5353427],[526863,5353774],[524464,5354674],[523963,5355156],[520998,5353230],[519996,5352114],[520006,5350856],[520614,5349815],[520626,5348823],[519154,5348462],[519075,5346859],[519931,5345833],[519337,5345381],[520500,5342848],[519611,5342284],[517486,5341623],[516423,5343202],[515293,5341524],[515544,5340904],[512894,5341104],[511976,5341444],[511906,5341794],[511223,5342125],[511517,5342768],[511398,5343406],[510951,5343379],[511164,5344904],[510496,5345538],[507453,5346028],[505403,5342703],[506534,5341066],[506749,5336661],[506336,5336637],[505531,5335128],[503522,5333932],[502640,5333784],[502959,5333564],[502239,5332082],[502579,5331889],[501626,5330450],[502054,5330067],[502605,5330742],[502918,5330665],[502481,5329317],[502922,5328465],[502992,5327740],[501971,5326460],[501982,5326161],[503027,5325498],[503529,5323893],[505842,5322258],[506157,5321670],[506093,5320650],[506344,5320207],[507652,5320100],[507943,5319728],[507627,5319154],[506954,5318846],[506653,5317665],[506769,5317286],[507390,5317075],[508541,5317839],[509340,5317952],[509573,5317478],[508718,5316258],[509073,5315692],[510079,5315346],[512383,5315735],[512468,5315265],[511530,5314926],[511459,5313282],[510691,5312923],[510451,5312512],[511673,5311326],[513320,5311010],[513365,5310103],[514329,5309676],[516832,5311399],[516737,5311568],[517615,5312270],[516659,5313522],[517135,5313883],[516741,5314353],[518679,5316051],[518157,5317133],[519009,5317797],[519244,5317439],[519674,5317658],[519567,5317888],[522398,5320184],[523096,5319180],[523420,5318931],[523598,5319138],[524525,5318297],[524661,5318732],[525032,5318799],[525959,5317447],[526214,5317642],[527100,5316432],[529380,5319441],[530837,5317833],[533560,5319896],[533315,5320268],[533678,5320550],[536273,5321867],[536432,5321589],[539047,5322971]]]}},{"type":"Feature","properties":{"kind":"raion","name":"r-nul Fălești"},"geometry":{"type":"Polygon","coordinates":[[[572692,5274334],[573110,5273756],[575116,5274372],[574984,5275558],[575386,5275694],[574998,5276275],[573699,5277046],[573150,5276909],[572941,5277559],[572585,5277492],[572574,5278841],[571839,5280656],[571151,5280713],[571010,5280926],[569986,5279765],[569394,5280739],[569398,5281215],[568669,5281915],[568897,5282416],[568262,5282993],[568608,5283369],[568229,5283699],[570606,5285858],[569247,5287596],[567771,5287240],[567482,5286696],[566849,5287330],[565842,5286520],[564882,5286829],[565073,5287191],[563825,5286634],[563341,5287032],[565312,5288053],[564317,5288627],[563682,5289381],[561723,5290326],[559354,5290891],[558690,5291866],[557327,5289924],[557086,5288115],[556201,5285845],[555943,5285435],[555437,5285465],[554716,5284561],[552902,5284257],[551947,5284908],[552180,5285149],[550985,5286838],[550640,5286417],[548793,5283761],[546764,5279704],[546998,5278947],[546709,5278640],[547768,5277577],[545769,5275575],[545221,5276137],[544660,5275589],[544317,5276183],[541827,5276758],[540852,5277525],[540672,5276852],[540229,5276980],[539942,5275996],[538859,5276274],[530146,5270212],[530524,5270007],[531915,5270160],[532173,5269983],[532122,5269646],[531325,5268795],[531621,5267861],[532494,5267834],[531876,5266795],[532976,5266379],[532983,5266077],[532459,5266105],[532358,5265815],[533091,5265337],[533412,5264781],[534346,5264913],[534184,5264518],[533422,5264266],[533934,5263679],[534009,5263238],[534954,5263902],[535162,5263817],[534356,5262969],[534202,5261722],[535232,5260775],[535217,5260170],[535753,5259234],[537209,5259584],[537349,5259391],[537041,5259075],[537100,5258717],[538055,5258451],[538332,5258658],[538215,5259164],[538765,5259745],[538608,5258195],[538825,5257950],[539289,5258890],[540421,5258476],[540430,5258825],[540057,5259169],[540457,5259619],[540968,5258285],[541923,5257583],[542115,5256891],[542431,5256727],[542947,5257103],[543105,5256968],[543250,5256178],[543075,5255539],[542713,5255103],[542002,5254973],[542290,5254028],[541691,5253480],[541911,5252704],[542474,5252285],[542982,5252470],[543364,5251890],[543379,5250814],[543682,5250692],[543881,5250942],[544086,5250695],[543904,5249678],[543308,5249527],[542943,5249125],[543004,5247906],[542821,5247584],[542949,5246733],[543165,5246652],[543846,5247396],[544060,5247126],[550138,5249397],[550003,5251500],[551106,5251434],[551656,5251925],[554239,5251927],[554333,5253018],[555597,5253934],[556358,5253962],[558271,5252940],[559122,5254492],[560170,5253121],[560553,5252997],[560995,5253474],[561572,5253667],[561813,5253522],[562304,5253938],[562063,5254401],[562502,5255038],[563014,5254780],[563051,5254368],[562724,5254490],[562459,5254281],[563609,5253221],[565376,5254793],[565653,5254111],[566656,5254482],[566013,5256141],[565996,5258643],[566598,5260096],[569877,5258917],[570211,5259142],[571168,5259171],[571677,5259767],[571659,5260131],[572800,5260902],[572969,5263818],[570303,5264030],[570121,5264802],[569181,5264925],[569180,5264523],[569490,5264487],[569470,5264020],[567624,5264935],[567010,5267274],[566671,5267794],[567948,5268904],[568319,5268332],[569773,5269253],[570907,5269239],[571496,5270671],[571636,5273780],[572692,5274334]]]}},{"type":"Feature","properties":{"kind":"raion","name":"r-nul Florești"},"geometry":{"type":"Polygon","coordinates":[[[625328,5311175],[626768,5311123],[627117,5312362],[627344,5311885],[627984,5313082],[629599,5312818],[631191,5314026],[631068,5314278],[631220,5314128],[630842,5315114],[630306,5315089],[629216,5315566],[626941,5318182],[627170,5319695],[626793,5320260],[625060,5320700],[622883,5320388],[620848,5320871],[619768,5321449],[618844,5321450],[618630,5321273],[618498,5320007],[618048,5318922],[617357,5317475],[616704,5316816],[616182,5316780],[614811,5317300],[614111,5317952],[614048,5318942],[615002,5320492],[615225,5321676],[616929,5321950],[618327,5322989],[618709,5324707],[617935,5325150],[617440,5324738],[617248,5325061],[616058,5324175],[615159,5325335],[613896,5323741],[613820,5323017],[613186,5321815],[611856,5321319],[608726,5319108],[606994,5318632],[606439,5319047],[606899,5317765],[607653,5317654],[607589,5316241],[607083,5316222],[607126,5314840],[606299,5314526],[604962,5316334],[603342,5316158],[603411,5317093],[600897,5316605],[601000,5315817],[599809,5315642],[599639,5316793],[597967,5316797],[597207,5316207],[596520,5317469],[596186,5317220],[595593,5318700],[593323,5316974],[593421,5316502],[591474,5315392],[590856,5315367],[590604,5315697],[583684,5315509],[583850,5315876],[583707,5316065],[580418,5316201],[576358,5315977],[576634,5312354],[579102,5308669],[576471,5306329],[576987,5305810],[578038,5306838],[578552,5305151],[579222,5304532],[578571,5303813],[578646,5303287],[579392,5302412],[579769,5302738],[579219,5303218],[579424,5303137],[579906,5302600],[580377,5303058],[581007,5302378],[580076,5300302],[584637,5297101],[584693,5297689],[585770,5298681],[586585,5298862],[588001,5295247],[588167,5292413],[591655,5292536],[594569,5292329],[594801,5292065],[593603,5290912],[593061,5291419],[590965,5288932],[591456,5288771],[592387,5289683],[593262,5288815],[593594,5289128],[594634,5288093],[594372,5287836],[595136,5287065],[596186,5287696],[597852,5286975],[599102,5286324],[600574,5285006],[600933,5285382],[601189,5285205],[602034,5284434],[602287,5283723],[603248,5284181],[603669,5282869],[604702,5283108],[604477,5283822],[604756,5283915],[607237,5284257],[608358,5283737],[610366,5284218],[610334,5284657],[610044,5284801],[612841,5288239],[613433,5287805],[614341,5289167],[613883,5289562],[613729,5290966],[612606,5292759],[610829,5297448],[609350,5296607],[608570,5297282],[608365,5297009],[607929,5297064],[607031,5296509],[606407,5297351],[606247,5297006],[605838,5297090],[605651,5296833],[606098,5296053],[606053,5295272],[605718,5295033],[605321,5295224],[605023,5296521],[605324,5298211],[605741,5298572],[605502,5298830],[606710,5299452],[607150,5300337],[607589,5300223],[608159,5300620],[608413,5302653],[608566,5302497],[610252,5303332],[611020,5303463],[612380,5305750],[613176,5304939],[614542,5305852],[614894,5305609],[615333,5306063],[616864,5304931],[617366,5305771],[618301,5303908],[619065,5303796],[619309,5303041],[619961,5302611],[620116,5302053],[620461,5302696],[621241,5303370],[621192,5304408],[625013,5305716],[624790,5309843],[624859,5310217],[625184,5310337],[625328,5311175]]]}},{"type":"Feature","properties":{"kind":"raion","name":"r-nul Glodeni"},"geometry":{"type":"Polygon","coordinates":[[[548793,5283761],[550985,5286838],[552180,5285149],[551947,5284908],[552986,5284225],[554716,5284561],[555437,5285465],[555943,5285435],[557068,5288055],[557327,5289924],[559537,5293086],[559529,5293793],[560253,5294085],[559108,5294594],[558968,5294338],[558271,5294721],[558374,5295211],[556933,5297105],[556417,5297060],[556115,5299046],[555458,5299642],[555041,5299249],[553804,5300631],[551903,5298790],[549346,5296906],[548965,5297206],[548142,5296521],[544706,5300173],[542297,5298531],[541578,5299234],[541690,5299554],[541112,5299662],[541025,5300332],[538118,5300967],[537947,5300235],[536186,5300618],[534505,5301962],[533439,5299174],[532966,5298748],[532909,5298245],[532164,5297632],[531881,5296510],[529539,5298910],[528991,5299032],[528839,5298597],[528285,5298389],[527045,5299548],[525970,5297246],[525132,5294730],[523877,5295204],[523259,5293531],[524166,5293171],[524178,5291732],[522212,5291988],[522577,5290748],[522318,5290677],[521815,5289635],[520922,5288774],[521395,5288372],[522016,5288878],[522308,5288703],[522324,5288235],[521457,5287974],[521059,5287001],[521419,5286359],[522072,5286185],[522066,5285752],[521488,5285593],[520707,5286226],[520117,5285950],[519887,5286662],[519442,5286322],[519092,5285395],[518745,5285260],[518942,5284901],[519992,5284357],[520049,5283383],[520340,5283018],[521167,5283102],[520506,5281785],[521113,5281066],[522200,5280844],[522219,5279911],[521979,5279366],[522133,5278789],[523092,5278601],[523506,5277844],[523803,5276488],[524245,5276173],[525040,5274930],[527063,5274115],[527438,5272963],[528178,5272019],[527955,5271704],[530146,5270212],[538859,5276274],[539942,5275996],[540229,5276980],[540672,5276852],[540852,5277525],[541827,5276758],[544317,5276183],[544660,5275589],[545221,5276137],[545769,5275575],[547768,5277577],[546709,5278640],[546998,5278947],[546764,5279704],[548793,5283761]]]}},{"type":"Feature","properties":{"kind":"raion","name":"r-nul Hîncești"},"geometry":{"type":"Polygon","coordinates":[[[630049,5184203],[630526,5184582],[631265,5184533],[631777,5184848],[631947,5185245],[631469,5186524],[632078,5186886],[632717,5186658],[632931,5187081],[631997,5188816],[630847,5189978],[630601,5191019],[630101,5191470],[630064,5191956],[629858,5191866],[629782,5192670],[628965,5192607],[628490,5193254],[628119,5192798],[627322,5193326],[626941,5193224],[626312,5192373],[626670,5192158],[626856,5192313],[627383,5191188],[626567,5190696],[625384,5191640],[625107,5191969],[625665,5192859],[624950,5193637],[625309,5193976],[624942,5194638],[625548,5195146],[624546,5195793],[624231,5195304],[623984,5195400],[623651,5196103],[623740,5196419],[623543,5196519],[623313,5196284],[622622,5197041],[621413,5197745],[620919,5198360],[621122,5199689],[620723,5199692],[620219,5199280],[620115,5199564],[619610,5198370],[619267,5198899],[619416,5199292],[618257,5200889],[618910,5202495],[618345,5202875],[618453,5203106],[617567,5203447],[616787,5204233],[617503,5205110],[617813,5205156],[616444,5205509],[615083,5206396],[615384,5206696],[615197,5207024],[615835,5207842],[615631,5208169],[616028,5208505],[615193,5209324],[614431,5209431],[613986,5210002],[612224,5211012],[612207,5211553],[611198,5212213],[612098,5213270],[611905,5213423],[611465,5213288],[610255,5214215],[608664,5212132],[606572,5214604],[605704,5216069],[604983,5215321],[605304,5215408],[605410,5215219],[605683,5215882],[605826,5215756],[606370,5214190],[606242,5214078],[606664,5213533],[606379,5213113],[606041,5214105],[605218,5215042],[604792,5214617],[604069,5215082],[603879,5214952],[604184,5214438],[604576,5214473],[605040,5213891],[604816,5213798],[604939,5213565],[604556,5213687],[604782,5213106],[604511,5213040],[603882,5214387],[603279,5213853],[603255,5214531],[602948,5215096],[602621,5215016],[602710,5214757],[602417,5214479],[602718,5214028],[602558,5213799],[602299,5214347],[601706,5214242],[601110,5213784],[600518,5214429],[600601,5214829],[600953,5214713],[600640,5215400],[600242,5215270],[598740,5212049],[599143,5209171],[601007,5206817],[599817,5205229],[599081,5206320],[598129,5206623],[597815,5206439],[598003,5206122],[597789,5206008],[597752,5206184],[594866,5205918],[594543,5203704],[594781,5200541],[594289,5200479],[594555,5199896],[594272,5198425],[594556,5196963],[594186,5195753],[593386,5195420],[593071,5196277],[592650,5196111],[591843,5196866],[591487,5198086],[590007,5198233],[589431,5198958],[589119,5198694],[588420,5198847],[588465,5197856],[588161,5197742],[588393,5197210],[588852,5197102],[589513,5196291],[589057,5195954],[588409,5195787],[588235,5196568],[587583,5197248],[586497,5196967],[585878,5198025],[584612,5197229],[584708,5197022],[584004,5195709],[583281,5195693],[583462,5195177],[582767,5195471],[582480,5194961],[582958,5194580],[582725,5194065],[583313,5194221],[583535,5193744],[584056,5194188],[584453,5193433],[584515,5194133],[584844,5193817],[584741,5192706],[585252,5192193],[584851,5192113],[584437,5191643],[583913,5191705],[583702,5191384],[584748,5191278],[584392,5190865],[585651,5189831],[585178,5189512],[585948,5189414],[585660,5188793],[585351,5189097],[585115,5188931],[584857,5188067],[584618,5188459],[584444,5188274],[585061,5187586],[584980,5186036],[585369,5185623],[585848,5186123],[585693,5185147],[586290,5184978],[586112,5184293],[586587,5183799],[587347,5183826],[587616,5183405],[587999,5183538],[587720,5182852],[588171,5182651],[588632,5181849],[588612,5182615],[588883,5182659],[588996,5181758],[589781,5181259],[589777,5181056],[589332,5181208],[588588,5181053],[588945,5180704],[589527,5180901],[589115,5180309],[589443,5180090],[589901,5180382],[589935,5178999],[590500,5179165],[590228,5178590],[589760,5178712],[589594,5178127],[589908,5178159],[589905,5177701],[590388,5177641],[590424,5177274],[589984,5177313],[590350,5176375],[590571,5176229],[591090,5176523],[591282,5176269],[591301,5175792],[590818,5175663],[590668,5175147],[591174,5175102],[591380,5174711],[591888,5174895],[591858,5174228],[592446,5173850],[592482,5172970],[591901,5172561],[592746,5172209],[592884,5171884],[592724,5171163],[592324,5171037],[592888,5170649],[592919,5171228],[593331,5171503],[593585,5169887],[593899,5169649],[594199,5169741],[594067,5170525],[594539,5170280],[594450,5169763],[594836,5169049],[594762,5168799],[594465,5168898],[594681,5167146],[595360,5166515],[594875,5166540],[594745,5166316],[595266,5165599],[596732,5165927],[599676,5165579],[599748,5164141],[599229,5163522],[599145,5162114],[601618,5162066],[603815,5162671],[604568,5162589],[605648,5163348],[606888,5163809],[605621,5165273],[605934,5167086],[604557,5170406],[605874,5171382],[607909,5171905],[607030,5172257],[606869,5173217],[607324,5173498],[608611,5173183],[608780,5173362],[609300,5172476],[610756,5173273],[610726,5172330],[612185,5171886],[612412,5170943],[613393,5170461],[613762,5169359],[615502,5168611],[615854,5168570],[615884,5168841],[617004,5169574],[619457,5169363],[619534,5169550],[619660,5169214],[619417,5168543],[620531,5168504],[620540,5168836],[623700,5168888],[623884,5169402],[623597,5170330],[622663,5171299],[623012,5172349],[623130,5174420],[622857,5175607],[622323,5176021],[622603,5176782],[623783,5177308],[624784,5176077],[625714,5176525],[626185,5175609],[627703,5176469],[627110,5177635],[627308,5177723],[627522,5177442],[628105,5177847],[627491,5178637],[628441,5179385],[628640,5179132],[632047,5181556],[631185,5183005],[630379,5183607],[630049,5184203]]]}},{"type":"Feature","properties":{"kind":"raion","name":"r-nul Ialoveni"},"geometry":{"type":"Polygon","coordinates":[[[658477,5179077],[659696,5179968],[659099,5181214],[659462,5181463],[659121,5182088],[660536,5182811],[659688,5184212],[659276,5184429],[659001,5185249],[659781,5187435],[658390,5188143],[657395,5189466],[657481,5189744],[658086,5189818],[658129,5190134],[658347,5190172],[657858,5190741],[657188,5190352],[656716,5190523],[656907,5191265],[657359,5190914],[657986,5191295],[657703,5191715],[657963,5192358],[657028,5192551],[657003,5191814],[656741,5191799],[656461,5192531],[656203,5192109],[655522,5192091],[655535,5191238],[654421,5191321],[653327,5190734],[653274,5191564],[649959,5191544],[649359,5191990],[648254,5191335],[648092,5191674],[647744,5191406],[646899,5191426],[646006,5192656],[645490,5192996],[644929,5193072],[644569,5192516],[640815,5193451],[640859,5195632],[639211,5195692],[639597,5199609],[639230,5199618],[639335,5200084],[638475,5200404],[638854,5201190],[636447,5202870],[635897,5201640],[635892,5202311],[635270,5202096],[635170,5202548],[635798,5203030],[635316,5203405],[634951,5203036],[634319,5203763],[633622,5202729],[632163,5205327],[630758,5207103],[630387,5207512],[629829,5207292],[628854,5208825],[628314,5208470],[627846,5208882],[628026,5209272],[627280,5210038],[626591,5209259],[626449,5210369],[625291,5209796],[624749,5211019],[623897,5210539],[623562,5210835],[622147,5209494],[623258,5208780],[623041,5208429],[622458,5208605],[621971,5208474],[621854,5208196],[622211,5207798],[623046,5207633],[624202,5206106],[622786,5205119],[621242,5206966],[617281,5210367],[616000,5211801],[615746,5212487],[616026,5213146],[615343,5213941],[615073,5214694],[613985,5213083],[613344,5212748],[613743,5212052],[614055,5212059],[614427,5211629],[614567,5211313],[614275,5211091],[612098,5213270],[611198,5212213],[612207,5211553],[612224,5211012],[613986,5210002],[614431,5209431],[615193,5209324],[616028,5208505],[615631,5208169],[615835,5207842],[615197,5207024],[615384,5206696],[615083,5206396],[616444,5205509],[617813,5205156],[617503,5205110],[616787,5204233],[617567,5203447],[618453,5203106],[618345,5202875],[618910,5202495],[618257,5200889],[619416,5199292],[619267,5198899],[619610,5198370],[620115,5199564],[620219,5199280],[620723,5199692],[621122,5199689],[620919,5198360],[621413,5197745],[622622,5197041],[623313,5196284],[623543,5196519],[623740,5196419],[623651,5196103],[623984,5195400],[624231,5195304],[624546,5195793],[625548,5195146],[624942,5194638],[625309,5193976],[624950,5193637],[625665,5192859],[625178,5191853],[626567,5190696],[627383,5191188],[626856,5192313],[626339,5192220],[626941,5193224],[627322,5193326],[628119,5192798],[628490,5193254],[628965,5192607],[629782,5192670],[629858,5191866],[630064,5191956],[630101,5191470],[630601,5191019],[630847,5189978],[631997,5188816],[632931,5187081],[632717,5186658],[632078,5186886],[631469,5186524],[631947,5185245],[631777,5184848],[631265,5184533],[630526,5184582],[630049,5184203],[630379,5183607],[631185,5183005],[632047,5181556],[631614,5181083],[632162,5180749],[632285,5180057],[631348,5179424],[631965,5178490],[633464,5179966],[633744,5179722],[633275,5179309],[633782,5178648],[634843,5177920],[635582,5176838],[636000,5176852],[636441,5177441],[637128,5176876],[637640,5175322],[636917,5175299],[636874,5174958],[638457,5174958],[638666,5174446],[639374,5174198],[639556,5173261],[640030,5173199],[640514,5173599],[639818,5173898],[640736,5173872],[641511,5173071],[641959,5174264],[641801,5174394],[642378,5174969],[644110,5173599],[644796,5173672],[645607,5173366],[645544,5173184],[645084,5173322],[645267,5173049],[644931,5172573],[645411,5171850],[646342,5169054],[646829,5168765],[647460,5169424],[647112,5169929],[647975,5170781],[647470,5171533],[647683,5172365],[647934,5172337],[648245,5171814],[648871,5171654],[649065,5171061],[649267,5171054],[649293,5171948],[649503,5172105],[650263,5171448],[650895,5172283],[651764,5172163],[651966,5172394],[652424,5171979],[652656,5172356],[653099,5171596],[654577,5174228],[655188,5173399],[658512,5176676],[657971,5177423],[658965,5178394],[658477,5179077]]]}},{"type":"Feature","properties":{"kind":"raion","name":"r-nul Leova"},"geometry":{"type":"Polygon","coordinates":[[[620606,5155942],[621094,5157308],[620107,5157350],[620556,5161697],[620679,5162320],[620986,5162298],[620915,5166137],[620461,5165982],[620531,5168504],[619417,5168543],[619668,5169297],[619437,5169571],[619457,5169363],[617004,5169574],[615884,5168841],[615854,5168570],[614166,5169036],[613730,5169409],[613393,5170461],[612412,5170943],[612185,5171886],[610726,5172330],[610756,5173273],[609300,5172476],[608780,5173362],[608611,5173183],[607700,5173552],[606869,5173217],[607030,5172257],[607909,5171905],[605874,5171382],[604557,5170406],[605934,5167086],[605621,5165273],[606888,5163809],[605648,5163348],[604568,5162589],[603815,5162671],[601618,5162066],[599289,5162096],[599229,5163522],[599748,5164141],[599676,5165579],[596582,5165919],[595266,5165599],[594851,5164921],[595008,5164548],[595509,5164612],[595795,5163910],[595654,5163217],[595908,5162833],[595281,5162233],[595771,5161907],[595034,5161540],[594851,5161001],[595054,5160501],[594306,5159770],[595104,5159362],[593688,5159171],[594092,5157855],[593917,5157416],[594495,5157388],[594738,5156076],[594020,5156279],[593615,5155514],[593773,5155194],[593211,5154534],[593196,5154345],[593844,5154037],[593884,5154389],[594078,5154364],[593979,5153647],[594348,5153658],[594339,5153328],[593900,5152577],[593434,5152907],[593140,5152792],[593603,5152276],[593815,5151548],[593229,5151714],[592776,5150922],[593244,5150621],[592964,5150172],[593344,5150174],[593716,5150673],[593895,5149799],[594446,5149786],[594283,5149020],[594565,5148547],[594022,5148044],[594843,5147663],[595309,5148084],[595680,5147684],[595587,5146942],[596046,5146681],[595641,5146312],[596620,5146174],[596474,5145820],[595234,5145032],[595421,5144502],[596553,5144513],[596870,5143408],[596420,5142929],[596689,5142187],[596085,5141582],[596050,5141000],[595373,5141158],[594581,5140986],[594611,5140086],[595216,5140005],[594914,5139616],[594291,5139603],[594162,5139137],[595240,5139293],[595581,5138702],[594951,5138141],[595025,5137908],[595182,5137699],[595792,5137665],[596341,5138033],[596879,5137866],[598505,5138106],[599559,5139672],[599841,5139770],[600353,5138917],[600715,5139345],[601086,5138925],[601707,5139666],[602785,5140310],[604044,5136069],[604792,5135839],[605333,5136117],[606469,5135957],[606308,5136226],[608097,5137326],[608974,5138226],[608528,5139175],[609287,5140231],[608751,5141035],[609617,5140843],[610262,5141033],[611277,5141805],[611943,5141052],[613439,5140502],[614700,5138520],[612059,5136538],[612371,5136129],[614458,5134309],[617591,5133392],[619056,5132616],[620680,5136594],[621029,5138807],[618892,5142893],[616941,5142949],[617660,5145402],[617707,5146803],[619038,5146623],[618922,5149696],[619866,5150188],[620795,5151828],[620950,5152648],[620606,5155942]]]}},{"type":"Feature","properties":{"kind":"raion","name":"r-nul Nisporeni"},"geometry":{"type":"Polygon","coordinates":[[[599143,5209171],[598746,5212094],[600357,5215337],[599883,5216044],[599809,5217294],[598749,5217792],[597622,5217348],[597136,5216706],[596454,5216591],[596034,5217210],[595450,5217346],[595165,5218084],[594327,5218505],[594699,5218867],[594236,5219192],[593959,5218912],[593618,5219422],[593731,5219885],[593483,5219948],[593783,5222081],[594573,5221781],[595040,5221020],[595930,5221013],[596071,5222069],[596418,5222171],[596330,5222654],[597062,5222739],[596600,5223051],[596547,5224604],[594646,5225370],[594559,5225225],[593544,5226074],[592941,5225890],[591919,5226618],[591618,5226525],[591208,5226776],[590773,5226440],[590159,5226905],[590080,5226500],[589490,5226245],[589043,5226621],[588907,5226308],[588620,5226440],[587464,5228134],[586530,5228578],[586180,5228366],[585183,5228504],[584798,5230356],[583626,5230530],[583396,5230318],[583262,5230602],[582764,5230626],[582203,5231005],[581944,5232513],[581602,5232317],[581500,5232652],[579941,5233181],[580428,5233512],[580070,5233943],[579486,5233929],[579531,5234357],[579196,5234551],[577449,5234221],[576074,5233387],[574870,5233185],[573968,5232471],[573475,5229825],[573727,5228415],[574073,5227771],[575150,5227446],[574852,5226398],[575092,5226121],[575121,5225352],[573435,5225668],[572156,5225496],[572275,5224420],[572054,5222842],[572097,5222557],[572562,5222328],[572194,5221954],[571636,5220459],[571758,5219654],[573838,5218926],[575104,5218111],[575193,5217133],[574973,5216303],[575776,5216116],[576472,5214556],[576053,5213050],[576246,5212182],[579312,5212151],[579568,5211677],[580110,5209819],[579178,5209771],[579061,5209453],[579549,5209118],[579439,5208731],[578775,5208913],[579110,5207976],[579682,5208424],[580077,5207277],[579105,5207820],[578441,5206945],[578677,5206818],[579020,5207016],[579290,5206699],[579031,5206487],[579889,5205843],[580082,5205951],[579906,5206310],[580144,5206287],[580182,5205664],[582227,5204676],[581991,5204097],[582573,5204033],[583387,5203353],[583195,5202952],[582527,5202654],[582586,5201857],[582035,5201617],[582492,5200954],[583217,5200918],[582975,5199860],[583376,5200243],[583592,5200039],[583368,5199086],[582769,5199291],[583005,5198791],[582877,5198538],[582588,5198960],[582302,5198875],[582481,5198456],[583967,5198269],[584181,5197789],[583908,5197746],[583735,5198045],[583443,5197816],[584609,5197225],[585878,5198025],[586497,5196967],[587583,5197248],[588235,5196568],[588409,5195787],[589513,5196291],[588212,5197489],[588215,5197834],[588465,5197856],[588420,5198847],[589119,5198694],[589467,5198953],[590007,5198233],[591487,5198086],[591843,5196866],[592650,5196111],[593071,5196277],[593386,5195420],[594166,5195740],[594556,5196963],[594272,5198425],[594555,5199896],[594289,5200479],[594781,5200541],[594543,5203704],[594866,5205918],[597752,5206184],[597789,5206008],[598003,5206122],[597815,5206439],[598129,5206623],[599081,5206320],[599817,5205229],[601007,5206817],[599143,5209171]]]}},{"type":"Feature","properties":{"kind":"raion","name":"r-nul Ocnița"},"geometry":{"type":"Polygon","coordinates":[[[562824,5362654],[560683,5363219],[559793,5364736],[558337,5366076],[556175,5367339],[555081,5367467],[553530,5367033],[550300,5365462],[547411,5365633],[543696,5367698],[543556,5368221],[544689,5370474],[544310,5371014],[543240,5371130],[539149,5368595],[538907,5368072],[537338,5367052],[536341,5367361],[534503,5366270],[534180,5364591],[533092,5361879],[530875,5362363],[530076,5362018],[529441,5362258],[528406,5362010],[527997,5362532],[527624,5365465],[527005,5365493],[526121,5366278],[525862,5366010],[526145,5365322],[525047,5366138],[524791,5365691],[524960,5365372],[523645,5365657],[523047,5363995],[523236,5363344],[522016,5361898],[521234,5357657],[519531,5358611],[518500,5358062],[517784,5357977],[517452,5357785],[517029,5355598],[516057,5354998],[518775,5352730],[519996,5352114],[520998,5353230],[523963,5355156],[524464,5354674],[526863,5353774],[526769,5353427],[527135,5353197],[527347,5353684],[527864,5353220],[527402,5352838],[527787,5352236],[527605,5349901],[526755,5349810],[526689,5350328],[525997,5350641],[525669,5349798],[526293,5349530],[526155,5348958],[527162,5349090],[527119,5347864],[526628,5347864],[526602,5345040],[526970,5345002],[526973,5344063],[531751,5340911],[536383,5340326],[536645,5343031],[537442,5345711],[537793,5346007],[537598,5346459],[536914,5346559],[536425,5348858],[537739,5348790],[538226,5351757],[537757,5352022],[539198,5352490],[539392,5352759],[539755,5352389],[540254,5352624],[539584,5353224],[538906,5352991],[539074,5353379],[538635,5353500],[538849,5354021],[539155,5353920],[539070,5354111],[539377,5354340],[539305,5355055],[539560,5355655],[540634,5355353],[541836,5355714],[543856,5354474],[544173,5355041],[544650,5354481],[545607,5354056],[546821,5353931],[547143,5354671],[548509,5356124],[548814,5355736],[549348,5356915],[550186,5356667],[551215,5357336],[550843,5358169],[556949,5354549],[557880,5353657],[558616,5354319],[557618,5355635],[558220,5355870],[558619,5355617],[562242,5359515],[563518,5359152],[563478,5359594],[565047,5359436],[565202,5360334],[564681,5361554],[562824,5362654]]]}},{"type":"Feature","properties":{"kind":"raion","name":"r-nul Orhei"},"geometry":{"type":"MultiPolygon","coordinates":[[[[652794,5252589],[653189,5251335],[653444,5251463],[653666,5251067],[653254,5250925],[652834,5251115],[652439,5250586],[653457,5249694],[653191,5248598],[654665,5250227],[655840,5250175],[655359,5250371],[654352,5252168],[655420,5252617],[655398,5252162],[656372,5252584],[656021,5253094],[656578,5253346],[656953,5254736],[659582,5257908],[659554,5259073],[658047,5260902],[652653,5264602],[652091,5265325],[651878,5266155],[649874,5265412],[649285,5266189],[648574,5265877],[647843,5267653],[648543,5268274],[648309,5268731],[648052,5268609],[647871,5269163],[647409,5268968],[646375,5271429],[645035,5270734],[644424,5271398],[644258,5272172],[643756,5271875],[643381,5272200],[643016,5271990],[642384,5272077],[642781,5272842],[642352,5273302],[641269,5271947],[641209,5271106],[639902,5270755],[640326,5269996],[638481,5270502],[637986,5270079],[637242,5271300],[636704,5270778],[637542,5269057],[636568,5268597],[636074,5269522],[634872,5269796],[634741,5270225],[632015,5270569],[632247,5271870],[627468,5275653],[626984,5269302],[628271,5268472],[621417,5264545],[620926,5265104],[620129,5264396],[620555,5263887],[618257,5261898],[617013,5261271],[617399,5259964],[616732,5259616],[616839,5259337],[616190,5257110],[616596,5256398],[617379,5255824],[616460,5254645],[615755,5254701],[614963,5254348],[612898,5254107],[612879,5253668],[612901,5253039],[613487,5252273],[613257,5251789],[614114,5246856],[614712,5246998],[615019,5245989],[615336,5246065],[615510,5245412],[616437,5244973],[616850,5245213],[616451,5247162],[616689,5247377],[617186,5245264],[618081,5244423],[618187,5243918],[617517,5243842],[617605,5243113],[617367,5243123],[617011,5244209],[616782,5244195],[616871,5243856],[616417,5243966],[617068,5243109],[616919,5242953],[616124,5243207],[615638,5243846],[614988,5243472],[615410,5243499],[615583,5243077],[615695,5243229],[616136,5243074],[616753,5242359],[617201,5242507],[617207,5242896],[617533,5242973],[617705,5242708],[617469,5242342],[617739,5242108],[618679,5242677],[618778,5242223],[619512,5242253],[619351,5242866],[620038,5243067],[620114,5242772],[620821,5243352],[621893,5243675],[622183,5242342],[622197,5240090],[621818,5240102],[622118,5239382],[622645,5238883],[624469,5238805],[625760,5237158],[625594,5236872],[625172,5237311],[624741,5236882],[625517,5236115],[625161,5235524],[626466,5234515],[626240,5233953],[626812,5233628],[626566,5233209],[627638,5231805],[627834,5232727],[628315,5232727],[629224,5233568],[629947,5232947],[630372,5233164],[630460,5232803],[631225,5232849],[631183,5231862],[630919,5231884],[630795,5231403],[631243,5230226],[632047,5229607],[633549,5230360],[634292,5228098],[634738,5228363],[635244,5227390],[634898,5226961],[635474,5226563],[636664,5228406],[635239,5230029],[635310,5233254],[634956,5233301],[634935,5233646],[635329,5233646],[635355,5234673],[635576,5234676],[635814,5235623],[636336,5235269],[636341,5235727],[637257,5235429],[637269,5234924],[637617,5234817],[637841,5235725],[639281,5235119],[640030,5235183],[640053,5235527],[640351,5235467],[640382,5235019],[641431,5235004],[641424,5235349],[642419,5235463],[642670,5237187],[643329,5237658],[643844,5237341],[644550,5237951],[644317,5238292],[644695,5238478],[644556,5238727],[645504,5238746],[645374,5239301],[646330,5239506],[646615,5238981],[647128,5239436],[647427,5240723],[649497,5240096],[651385,5240143],[650909,5241117],[651086,5241391],[650971,5241967],[651226,5242004],[651131,5242328],[651535,5242011],[651369,5242446],[651602,5242440],[651999,5242041],[652221,5242285],[652288,5243325],[652894,5243503],[652684,5244050],[652388,5244034],[652148,5247171],[652340,5247923],[650838,5247350],[650282,5248946],[652287,5249148],[652230,5251995],[652336,5252510],[652794,5252589]],[[620858,5264189],[620926,5264192],[620868,5264148],[620858,5264189]]],[[[638382,5228991],[640419,5226941],[640795,5227333],[640265,5227566],[640260,5227862],[639597,5228539],[640608,5227795],[640969,5228376],[640966,5229420],[639936,5228378],[638723,5229319],[638382,5228991]]]]}},{"type":"Feature","properties":{"kind":"raion","name":"r-nul Rezina"},"geometry":{"type":"Polygon","coordinates":[[[647503,5287223],[648432,5289837],[648563,5292370],[649240,5295832],[651159,5300038],[651427,5301208],[650778,5302609],[649348,5303884],[647350,5304705],[644028,5305247],[644045,5304849],[644238,5304816],[644117,5304350],[644871,5304147],[645805,5303509],[647819,5301206],[647341,5301023],[645970,5302530],[644978,5301498],[644140,5302186],[642957,5300743],[642388,5300992],[642415,5296746],[641949,5297201],[641601,5297082],[640638,5297525],[640387,5297331],[638962,5297763],[638575,5297364],[638698,5296975],[638322,5296703],[638404,5296466],[637861,5296389],[636220,5293448],[635446,5294144],[634365,5293286],[632508,5293317],[632519,5293877],[631665,5293589],[631207,5291439],[631797,5291495],[631743,5290277],[632280,5289618],[633077,5287307],[630304,5286834],[630671,5286194],[631244,5286346],[631676,5285601],[630046,5285658],[629442,5287185],[625956,5288972],[625885,5289354],[624920,5289911],[624583,5289147],[624826,5289179],[623704,5287431],[623074,5285655],[621593,5284769],[621122,5284202],[619756,5280353],[623667,5278857],[624061,5279365],[625089,5278574],[624969,5279232],[625295,5279286],[627962,5278951],[626783,5276586],[627541,5276380],[627468,5275653],[632247,5271870],[632015,5270569],[634741,5270225],[634872,5269796],[636074,5269522],[636568,5268597],[637542,5269057],[636704,5270778],[637242,5271300],[637986,5270079],[638481,5270502],[640326,5269996],[639902,5270755],[641209,5271106],[641269,5271947],[642352,5273302],[642781,5272842],[642384,5272077],[643016,5271990],[643381,5272200],[643756,5271875],[644258,5272172],[644424,5271398],[645035,5270734],[646375,5271429],[647409,5268968],[647871,5269163],[648052,5268609],[648309,5268731],[648543,5268274],[647843,5267653],[648574,5265877],[649285,5266189],[649874,5265412],[651878,5266155],[652497,5270657],[651914,5272052],[649666,5274281],[649142,5275263],[649067,5276431],[649840,5278260],[649918,5279271],[649092,5281443],[648533,5284075],[647585,5286338],[647503,5287223]]]}},{"type":"Feature","properties":{"kind":"raion","name":"r-nul Rîșcani"},"geometry":{"type":"Polygon","coordinates":[[[566412,5293145],[568072,5294539],[568887,5294205],[568717,5295122],[568855,5296320],[568616,5297037],[567438,5296704],[567323,5299079],[566453,5298944],[566360,5300639],[565915,5300582],[565840,5301089],[564863,5300782],[562155,5298880],[561187,5298979],[560662,5300597],[559734,5301585],[559560,5302311],[559785,5302771],[558338,5304059],[557362,5304206],[556963,5304790],[556214,5304827],[556508,5305839],[555878,5305944],[555268,5306515],[555333,5308031],[555945,5308032],[555742,5308376],[556121,5308693],[554577,5309232],[551992,5309536],[550786,5309974],[550059,5309542],[549840,5309896],[549094,5309635],[548528,5310578],[548007,5310093],[546575,5312308],[548599,5313445],[546537,5316512],[548130,5318016],[547752,5318679],[548414,5319207],[548510,5320961],[550391,5322489],[547279,5324431],[546557,5324102],[546348,5323695],[545137,5323196],[543985,5323142],[543409,5323493],[542988,5323356],[542306,5324039],[541658,5324196],[541417,5324740],[540552,5325429],[540816,5325744],[539500,5326667],[538840,5326771],[539047,5322971],[536432,5321589],[536273,5321867],[533678,5320550],[533315,5320268],[533560,5319896],[530837,5317833],[529380,5319441],[527100,5316432],[526214,5317642],[525959,5317447],[525032,5318799],[524661,5318732],[524525,5318297],[523598,5319138],[523420,5318931],[523096,5319180],[522398,5320184],[519567,5317888],[519674,5317658],[519244,5317439],[519009,5317797],[518157,5317133],[518679,5316051],[516741,5314353],[517135,5313883],[516659,5313522],[517615,5312270],[516737,5311568],[516832,5311399],[514329,5309676],[513365,5310103],[511669,5307722],[510594,5307319],[510884,5306773],[512357,5307209],[514378,5306376],[515696,5304694],[515738,5304087],[514768,5302719],[514713,5302295],[515160,5301713],[515337,5300905],[516163,5300543],[516260,5300017],[515871,5299537],[514973,5299810],[514571,5299495],[515059,5298697],[515548,5298394],[516454,5298399],[516783,5299045],[517068,5299104],[517297,5298916],[517014,5298488],[517185,5298311],[518131,5298282],[518499,5298012],[518460,5297478],[517540,5296907],[516656,5297625],[516104,5296854],[516061,5296335],[516606,5295685],[517191,5295649],[517805,5295981],[518118,5295813],[518048,5295461],[517266,5294739],[517320,5293965],[518724,5293396],[518626,5292683],[519076,5292173],[518941,5291676],[519660,5291969],[519966,5291837],[519835,5291468],[520086,5290442],[519795,5289953],[519971,5289572],[520864,5290144],[521390,5289392],[521815,5289635],[522318,5290677],[522577,5290748],[522212,5291988],[524178,5291732],[524166,5293171],[523259,5293531],[523877,5295204],[525132,5294730],[525970,5297246],[527045,5299548],[528285,5298389],[528839,5298597],[528991,5299032],[529539,5298910],[531881,5296510],[532164,5297632],[532909,5298245],[532966,5298748],[533439,5299174],[534505,5301962],[536186,5300618],[537947,5300235],[538118,5300967],[541025,5300332],[541112,5299662],[541690,5299554],[541578,5299234],[542297,5298531],[544706,5300173],[548142,5296521],[548965,5297206],[549346,5296906],[551903,5298790],[553804,5300631],[555041,5299249],[555458,5299642],[556115,5299046],[556417,5297060],[556933,5297105],[558374,5295211],[558271,5294721],[558968,5294338],[559108,5294594],[560253,5294085],[559746,5293362],[562032,5292090],[562824,5292125],[562768,5291715],[563445,5291339],[563790,5290826],[563511,5290369],[564678,5289432],[565559,5289487],[565709,5289905],[565879,5289676],[566572,5290439],[566576,5290798],[566805,5290693],[567026,5290939],[566138,5292070],[566576,5292568],[566412,5293145]]]}},{"type":"Feature","properties":{"kind":"raion","name":"r-nul Sîngerei"},"geometry":{"type":"Polygon","coordinates":[[[604457,5278590],[605076,5278969],[605575,5278801],[604702,5283108],[603669,5282869],[603248,5284181],[602287,5283723],[602034,5284434],[600933,5285382],[600574,5285006],[599066,5286347],[596186,5287696],[595136,5287065],[594372,5287836],[594634,5288093],[593594,5289128],[593262,5288815],[592387,5289683],[591456,5288771],[590965,5288932],[593061,5291419],[593603,5290912],[594801,5292065],[594569,5292329],[591655,5292536],[588167,5292413],[588001,5295247],[586585,5298862],[585770,5298681],[584693,5297689],[584637,5297101],[580076,5300302],[581007,5302378],[580377,5303058],[579906,5302600],[579424,5303137],[579219,5303218],[579769,5302738],[579392,5302412],[578646,5303287],[578571,5303813],[579222,5304532],[578552,5305151],[578038,5306838],[576987,5305810],[576471,5306329],[575641,5305436],[576333,5304718],[575976,5303572],[574220,5302002],[571541,5300170],[570537,5301641],[568575,5300238],[567821,5296776],[568616,5297037],[568858,5296291],[568717,5295122],[568887,5294205],[571151,5293339],[571440,5293553],[572252,5292721],[572920,5292923],[573563,5293256],[572052,5294825],[572380,5295573],[572805,5296225],[573352,5295563],[573511,5296181],[575074,5297329],[577505,5295023],[576906,5294483],[578675,5293580],[578098,5292524],[576162,5290751],[575594,5290622],[574988,5290698],[573891,5291761],[573465,5292191],[573601,5292527],[573298,5292927],[572008,5292441],[572786,5290935],[572585,5290904],[572998,5289490],[571974,5289389],[571569,5288240],[571705,5288097],[571549,5288187],[570875,5287602],[570571,5287935],[569237,5287599],[570606,5285858],[568229,5283699],[568608,5283369],[568262,5282993],[568897,5282416],[568669,5281915],[569398,5281215],[569394,5280739],[569986,5279765],[571010,5280926],[571151,5280713],[571839,5280656],[572574,5278841],[572585,5277492],[572941,5277559],[573150,5276909],[573699,5277046],[574998,5276275],[575386,5275694],[574984,5275558],[575116,5274372],[573110,5273756],[572692,5274334],[571664,5273847],[571496,5270671],[570907,5269239],[569773,5269253],[568319,5268332],[567948,5268904],[566671,5267794],[567010,5267274],[567624,5264935],[569470,5264020],[569490,5264487],[569180,5264523],[569181,5264925],[570121,5264802],[570303,5264030],[572969,5263818],[572800,5260902],[571659,5260131],[571677,5259767],[571168,5259171],[571290,5258739],[570252,5258612],[570548,5257228],[571668,5257383],[571646,5257704],[573333,5258170],[573158,5258637],[574244,5259012],[574304,5258719],[575739,5258343],[576577,5258593],[577203,5258465],[577526,5258339],[579157,5253969],[580065,5254138],[579871,5257059],[580151,5257178],[580128,5257727],[581158,5257788],[581467,5258119],[582125,5258202],[582744,5256559],[586398,5256797],[586928,5256535],[586988,5260074],[586617,5264900],[585935,5265142],[586636,5269231],[587927,5268570],[587892,5268213],[588509,5268037],[588538,5267829],[588712,5268030],[591087,5266816],[591635,5268374],[591394,5269083],[591639,5269471],[593204,5269282],[593426,5269078],[593904,5269287],[597234,5269272],[602128,5268086],[602988,5272083],[603083,5274842],[604264,5274747],[604561,5274077],[605725,5273659],[605005,5275665],[604457,5278590]]]}},{"type":"Feature","properties":{"kind":"raion","name":"r-nul Soroca"},"geometry":{"type":"Polygon","coordinates":[[[613896,5323741],[615159,5325335],[616058,5324175],[617248,5325061],[617440,5324738],[617935,5325150],[618709,5324707],[619229,5325995],[619525,5326157],[620117,5324902],[620678,5324680],[621498,5325280],[621771,5326465],[621424,5327376],[620983,5327825],[618619,5328486],[615420,5330433],[612999,5330880],[611979,5330671],[611345,5329756],[611238,5328390],[611516,5327308],[611095,5325797],[611779,5325091],[611776,5324777],[611049,5324695],[610142,5325311],[608466,5325913],[607139,5327876],[606800,5329421],[605784,5330826],[605940,5331948],[607098,5333263],[606697,5335766],[605787,5336698],[604979,5337001],[602878,5336708],[601970,5335516],[601187,5333100],[600468,5332299],[598477,5331879],[597289,5332502],[597056,5332984],[597184,5334929],[600393,5337231],[601174,5338382],[601572,5339782],[601780,5341422],[601600,5342583],[600998,5344072],[600401,5344577],[599936,5344673],[599278,5344312],[598173,5343056],[597713,5343215],[597243,5343903],[596661,5343924],[595576,5342882],[594457,5342466],[591488,5340392],[589630,5339760],[588668,5340281],[588111,5340969],[587770,5343402],[588111,5344899],[587273,5345617],[585056,5346147],[584690,5345766],[584354,5344238],[582407,5342699],[581767,5342563],[580464,5343199],[580166,5343896],[580178,5345015],[580789,5347023],[581103,5349596],[580372,5351232],[579449,5352286],[578505,5352779],[577010,5353067],[571462,5352892],[570678,5353265],[567110,5356077],[564445,5354841],[565158,5354215],[564264,5353691],[564676,5353627],[564729,5353404],[563719,5352228],[563449,5352062],[563043,5352399],[562737,5351773],[562234,5352002],[562143,5351749],[561530,5351958],[561170,5351770],[560935,5350979],[560606,5350947],[560869,5350417],[562416,5350559],[562577,5350311],[563030,5350424],[563133,5350238],[564050,5350698],[564846,5349447],[566710,5349815],[566845,5349214],[567605,5349775],[568151,5348058],[568713,5347209],[569798,5347418],[570783,5346767],[570815,5345966],[569347,5346657],[569436,5345816],[567220,5345632],[567283,5345447],[565841,5344722],[565838,5344470],[565398,5344459],[565397,5344072],[564886,5344187],[564681,5344617],[564397,5344524],[564134,5344197],[564244,5343859],[563462,5343406],[564038,5342010],[564246,5342098],[564411,5341116],[565645,5339699],[565785,5338940],[567151,5337594],[567706,5337329],[569602,5339131],[572791,5335984],[573701,5337360],[574892,5335150],[577335,5334235],[578029,5331910],[579005,5329903],[580498,5329773],[580478,5326023],[580826,5325494],[581255,5323616],[576070,5322220],[576504,5320960],[573781,5320137],[574308,5318589],[575100,5318672],[575743,5317155],[575443,5315917],[580418,5316201],[583707,5316065],[583850,5315876],[583684,5315509],[590604,5315697],[590856,5315367],[591474,5315392],[593421,5316502],[593323,5316974],[595593,5318700],[596186,5317220],[596520,5317469],[597207,5316207],[597967,5316797],[599639,5316793],[599809,5315642],[601000,5315817],[600897,5316605],[603411,5317093],[603342,5316158],[604962,5316334],[606299,5314526],[607126,5314840],[607083,5316222],[607589,5316241],[607653,5317654],[606899,5317765],[606439,5319047],[606994,5318632],[608726,5319108],[611856,5321319],[613186,5321815],[613820,5323017],[613896,5323741]]]}},{"type":"Feature","properties":{"kind":"raion","name":"r-nul Strășeni"},"geometry":{"type":"Polygon","coordinates":[[[633304,5223547],[634305,5225502],[634189,5226105],[633756,5226294],[633918,5226675],[634427,5227328],[634898,5226961],[635244,5227390],[634738,5228363],[634292,5228098],[633549,5230360],[632047,5229607],[631243,5230226],[630795,5231403],[630919,5231884],[631183,5231862],[631225,5232849],[630460,5232803],[630372,5233164],[629947,5232947],[629224,5233568],[628315,5232727],[627834,5232727],[627638,5231805],[626566,5233209],[626812,5233628],[626240,5233953],[626466,5234515],[625161,5235524],[625517,5236115],[624741,5236882],[625172,5237311],[625594,5236872],[625760,5237158],[624469,5238805],[622645,5238883],[622118,5239382],[621818,5240102],[622197,5240090],[622183,5242342],[621893,5243675],[620821,5243352],[620114,5242772],[620038,5243067],[619351,5242866],[619512,5242253],[618778,5242223],[618679,5242677],[617739,5242108],[617469,5242342],[617705,5242708],[617533,5242973],[617207,5242896],[617201,5242507],[616753,5242359],[616190,5243038],[615695,5243229],[615317,5242785],[616046,5242716],[616119,5242240],[616990,5241630],[617472,5240497],[616998,5240284],[616769,5240526],[615799,5240555],[614195,5241542],[613905,5241381],[614603,5240573],[614467,5239990],[613788,5240609],[613610,5240432],[613461,5240564],[612918,5239966],[611977,5240636],[612009,5240948],[611481,5241461],[610971,5240689],[611657,5240428],[611710,5239801],[612812,5239362],[612791,5238479],[611318,5238804],[611134,5237754],[610702,5238140],[610519,5238033],[610828,5237297],[610369,5237779],[610350,5237332],[609884,5237252],[609823,5237806],[609117,5237631],[609126,5237054],[608871,5236953],[608755,5237486],[608163,5237258],[608306,5236615],[608550,5236551],[608644,5236180],[609032,5236210],[609128,5235933],[609584,5236345],[610517,5236075],[610554,5235746],[609970,5235669],[611067,5234365],[610752,5234161],[611303,5233140],[612576,5231768],[612198,5231461],[611725,5231942],[611331,5231587],[611519,5231134],[610866,5230562],[611979,5228337],[611351,5227783],[611069,5228015],[611192,5227654],[610931,5227450],[609119,5229039],[608622,5229822],[608458,5229606],[608173,5229812],[608348,5230052],[607703,5230541],[606739,5229263],[607769,5228351],[607043,5227507],[607784,5226545],[607406,5226307],[606605,5226993],[605318,5224670],[605008,5224572],[603580,5225424],[603125,5225413],[602316,5224898],[602647,5224349],[602361,5224104],[601987,5224838],[600819,5225644],[599866,5223782],[599560,5223905],[599427,5223734],[599117,5223983],[598428,5223684],[597504,5223884],[596673,5223626],[596600,5223051],[597062,5222739],[596330,5222654],[596418,5222171],[596071,5222069],[595930,5221013],[595040,5221020],[594573,5221781],[593783,5222081],[593483,5219948],[593731,5219885],[593618,5219422],[593959,5218912],[594236,5219192],[594699,5218867],[594327,5218505],[595165,5218084],[595450,5217346],[596034,5217210],[596454,5216591],[597136,5216706],[597622,5217348],[598749,5217792],[599761,5217358],[599900,5215995],[600842,5215044],[600953,5214713],[600601,5214829],[600518,5214429],[601110,5213784],[601706,5214242],[602299,5214347],[602558,5213799],[602718,5214028],[602417,5214479],[602710,5214757],[602621,5215016],[602948,5215096],[603255,5214531],[603279,5213853],[603882,5214387],[604374,5213179],[604782,5213106],[604556,5213687],[604939,5213565],[604816,5213798],[605040,5213891],[604576,5214473],[604184,5214438],[603879,5214952],[604069,5215082],[604792,5214617],[605218,5215042],[606041,5214105],[606379,5213113],[606664,5213533],[606242,5214078],[606370,5214190],[605826,5215756],[605683,5215882],[605410,5215219],[605304,5215408],[604983,5215321],[605704,5216069],[606572,5214604],[608664,5212132],[610255,5214215],[611465,5213288],[611794,5213499],[612309,5213122],[614275,5211091],[614567,5211313],[614427,5211629],[614055,5212059],[613743,5212052],[613344,5212748],[613985,5213083],[615073,5214694],[615343,5213941],[616026,5213146],[615746,5212487],[616000,5211801],[617281,5210367],[621242,5206966],[622786,5205119],[624202,5206106],[623046,5207633],[622211,5207798],[621834,5208234],[622458,5208605],[623041,5208429],[623242,5208749],[622147,5209494],[622910,5210244],[622125,5210845],[621644,5211338],[621546,5211128],[621395,5211235],[621260,5211578],[621460,5211647],[621131,5211917],[620638,5211795],[620142,5212244],[619597,5212362],[619650,5212073],[619318,5212189],[619095,5211465],[619122,5211799],[618656,5211975],[618733,5212232],[618314,5212603],[618910,5213050],[619425,5213077],[619666,5212735],[619829,5212912],[620157,5212490],[620734,5212426],[620767,5212111],[621652,5211700],[621823,5211181],[622916,5210252],[623562,5210835],[623897,5210539],[624749,5211019],[625291,5209796],[626449,5210369],[626591,5209259],[627015,5209696],[626699,5211411],[626094,5211303],[626381,5210973],[626152,5210802],[625744,5210923],[624834,5213174],[624115,5213453],[623838,5213839],[624455,5214326],[625094,5214107],[625677,5215578],[626041,5215715],[628680,5215566],[629249,5216119],[630248,5215795],[629550,5216620],[629793,5216980],[629252,5217876],[628450,5218821],[626774,5220157],[626089,5221088],[626045,5221541],[626340,5221889],[627408,5220769],[628410,5220304],[628867,5219731],[630290,5218842],[631724,5217060],[631637,5217358],[632164,5218099],[632381,5219185],[633393,5220480],[633983,5220648],[632480,5222641],[633304,5223547]],[[612425,5227550],[612717,5227085],[612550,5226343],[611936,5226540],[612263,5227060],[611980,5227300],[612425,5227550]]]}},{"type":"Feature","properties":{"kind":"raion","name":"r-nul Șoldănești"},"geometry":{"type":"Polygon","coordinates":[[[642388,5300992],[642957,5300743],[644171,5302198],[644978,5301498],[645970,5302530],[647341,5301023],[647819,5301206],[645805,5303509],[644871,5304147],[644117,5304350],[644238,5304816],[644045,5304849],[644028,5305247],[642003,5305524],[639304,5306430],[637277,5306542],[636414,5307010],[635945,5308229],[637019,5310634],[637042,5311359],[634808,5312955],[633906,5314787],[633593,5316041],[633030,5316407],[630842,5315114],[631191,5314026],[629599,5312818],[627984,5313082],[627344,5311885],[627117,5312362],[626768,5311123],[625328,5311175],[625184,5310337],[624859,5310217],[624790,5309843],[625013,5305716],[621192,5304408],[621241,5303370],[620461,5302696],[620116,5302053],[619961,5302611],[619309,5303041],[619065,5303796],[618301,5303908],[617366,5305771],[616864,5304931],[615333,5306063],[614894,5305609],[614542,5305852],[613176,5304939],[612380,5305750],[611020,5303463],[610252,5303332],[608566,5302497],[608413,5302653],[608159,5300620],[607589,5300223],[607150,5300337],[606710,5299452],[605502,5298830],[605741,5298572],[605324,5298211],[605030,5296392],[605337,5295192],[605718,5295033],[606131,5295531],[606065,5296157],[605651,5296771],[605838,5297090],[606247,5297006],[606459,5297344],[607031,5296509],[607929,5297064],[608365,5297009],[608570,5297282],[609350,5296607],[610829,5297448],[612606,5292759],[613729,5290966],[613883,5289562],[614341,5289167],[613433,5287805],[614524,5287060],[615355,5288323],[616753,5287294],[619534,5285994],[619421,5285801],[621438,5284590],[623074,5285655],[623704,5287431],[624826,5289179],[624583,5289147],[624920,5289911],[625885,5289354],[625956,5288972],[629442,5287185],[630046,5285658],[631676,5285601],[631244,5286346],[630671,5286194],[630304,5286834],[633077,5287307],[632280,5289618],[631743,5290277],[631797,5291495],[631207,5291439],[631637,5293557],[632519,5293877],[632508,5293317],[634365,5293286],[635446,5294144],[636220,5293448],[637861,5296389],[638404,5296466],[638322,5296703],[638698,5296975],[638575,5297364],[638962,5297763],[640387,5297331],[640638,5297525],[641601,5297082],[641949,5297201],[642415,5296746],[642388,5300992]]]}},{"type":"Feature","properties":{"kind":"raion","name":"r-nul Ștefan Vodă"},"geometry":{"type":"Polygon","coordinates":[[[743127,5144865],[742897,5145163],[742842,5146275],[742569,5146574],[741978,5146411],[741811,5144967],[740875,5144489],[740527,5144756],[740953,5145178],[740085,5146071],[739074,5146717],[738567,5146263],[737818,5147597],[737337,5147464],[737933,5146729],[737947,5146100],[737590,5146019],[737229,5146796],[736804,5147000],[736532,5146734],[736524,5145753],[734840,5146125],[734699,5146884],[735305,5147481],[735345,5147808],[732175,5147604],[732355,5148867],[731771,5149046],[731047,5148829],[729916,5149685],[729923,5149986],[731813,5150119],[732102,5150518],[731791,5150880],[730397,5150723],[729870,5151089],[729468,5152422],[730297,5153507],[729248,5153280],[729600,5154098],[729131,5155064],[728864,5154831],[728865,5153820],[727977,5154093],[727559,5153097],[726729,5152718],[726608,5152838],[727487,5154494],[727346,5154924],[726947,5154918],[726886,5154185],[726552,5153613],[725443,5153094],[725213,5153361],[725888,5154003],[725048,5153868],[724345,5154125],[724605,5155182],[723262,5155130],[722858,5155378],[723453,5156134],[722091,5156696],[722049,5157074],[722552,5157379],[721385,5158919],[720702,5158325],[720070,5159679],[720364,5160227],[720712,5160246],[720754,5159615],[721864,5159252],[721893,5159938],[721049,5160718],[720060,5160502],[719127,5161074],[719182,5161293],[720210,5161310],[719450,5161449],[719211,5161707],[720453,5162462],[720444,5162991],[720131,5163321],[719877,5163263],[720001,5162510],[719658,5162334],[718785,5162472],[718339,5163458],[717382,5162627],[716780,5162433],[716628,5162931],[717303,5163390],[717464,5164180],[716963,5164099],[716714,5164732],[716278,5164896],[716218,5163757],[715622,5162951],[715415,5163603],[715717,5164665],[714656,5165118],[714325,5164757],[714863,5164740],[715230,5163199],[715082,5163079],[714833,5163589],[714220,5163943],[714058,5163561],[714296,5162538],[713928,5162668],[713622,5162179],[712037,5162754],[711853,5163291],[710251,5163427],[708552,5164249],[708561,5164615],[709044,5164393],[709319,5164563],[709490,5165322],[710036,5165125],[710366,5165266],[710644,5165653],[710404,5165949],[710966,5166164],[710198,5166653],[709892,5167168],[710406,5167229],[711540,5166662],[711421,5167141],[710655,5167786],[711263,5168252],[712697,5168206],[712390,5168979],[711837,5168610],[711064,5169622],[712296,5169968],[712264,5170630],[710838,5169741],[710849,5170286],[711492,5171712],[711210,5172135],[710044,5171986],[709746,5171593],[709004,5172239],[708546,5172337],[708246,5171919],[708606,5171200],[707946,5170695],[707081,5171430],[706459,5171567],[706612,5172558],[706357,5173002],[706097,5172986],[705989,5172417],[705607,5172211],[705119,5172312],[704690,5172728],[703688,5172490],[702331,5172637],[701611,5171918],[701413,5171129],[700888,5171313],[700840,5170138],[700377,5170109],[700375,5169454],[699710,5169648],[699927,5168661],[699316,5168227],[699073,5166493],[698582,5166871],[698632,5167132],[697852,5167197],[697671,5167908],[697314,5168113],[696336,5168003],[696566,5167318],[696038,5167212],[695923,5167929],[695525,5167827],[695271,5168260],[694232,5167737],[694635,5167535],[694678,5167173],[691084,5163534],[690272,5165016],[689638,5165171],[689744,5164977],[688862,5164445],[687857,5163125],[686012,5163100],[686150,5162821],[684375,5161114],[686129,5158133],[683744,5156039],[687410,5151770],[687849,5152374],[692188,5148335],[690839,5146753],[691666,5144613],[691897,5144773],[692623,5144114],[697215,5143531],[698500,5137382],[700039,5137672],[700291,5136623],[706082,5137684],[704360,5145924],[705769,5146615],[706013,5145443],[706301,5145537],[706442,5144895],[710086,5146004],[709790,5146558],[710637,5146987],[709359,5149520],[710444,5150252],[711088,5149958],[712556,5148113],[713210,5148302],[714359,5144728],[714148,5144481],[714725,5143870],[714993,5144109],[717036,5141887],[715701,5140721],[722430,5137273],[722018,5139385],[725905,5142728],[729757,5141069],[730441,5141721],[732369,5141065],[735074,5142902],[736032,5142749],[737445,5141478],[738160,5140415],[738872,5142220],[740101,5142754],[743127,5144865]]]}},{"type":"Feature","properties":{"kind":"raion","name":"r-nul Taraclia"},"geometry":{"type":"MultiPolygon","coordinates":[[[[616135,5081164],[614781,5080680],[614699,5080184],[612893,5079486],[612479,5080153],[612262,5080063],[611627,5079581],[611763,5079124],[610956,5078815],[610678,5079594],[610613,5079363],[610197,5079778],[607620,5078817],[607901,5077677],[609171,5078143],[609167,5074420],[612653,5075942],[612785,5075499],[613384,5075810],[613700,5075350],[613959,5072418],[618545,5072839],[619009,5070590],[618542,5070414],[618715,5069446],[619287,5069442],[619557,5068822],[619983,5068594],[621113,5065975],[620941,5065926],[621614,5064751],[623645,5065187],[624076,5065939],[623723,5068026],[622917,5069573],[623287,5070012],[626339,5069376],[632883,5071015],[631834,5075213],[624702,5073456],[624648,5073618],[622436,5073504],[622502,5075694],[621904,5075745],[621689,5075330],[619969,5075020],[619107,5078400],[622464,5079415],[622531,5076854],[622860,5076892],[622798,5078045],[623166,5078420],[623695,5078272],[623679,5079033],[624239,5079598],[637242,5082742],[636026,5087602],[636560,5087693],[636713,5088287],[636131,5090789],[637893,5091191],[637619,5092314],[639694,5092850],[637267,5102102],[631824,5100740],[634276,5091477],[624527,5088981],[624127,5089323],[623964,5090638],[623566,5091226],[621730,5091114],[621724,5090192],[618752,5089843],[617613,5091923],[621821,5091982],[621817,5092693],[620619,5092836],[620627,5093487],[620962,5093433],[620825,5094831],[621590,5094954],[621521,5095724],[619756,5095365],[618555,5095569],[617385,5095302],[615482,5100174],[614211,5102521],[612139,5102742],[611781,5098982],[611066,5095292],[611470,5093996],[611542,5089854],[612092,5087156],[611728,5087032],[612249,5085249],[613363,5085364],[613703,5083507],[614806,5083882],[615147,5083042],[615667,5083231],[616135,5081164]]],[[[650772,5106312],[659494,5117854],[654377,5121760],[648438,5113778],[647936,5112719],[650380,5107176],[644431,5105651],[647216,5094751],[653228,5096337],[655156,5101486],[650772,5106312]]],[[[609198,5081866],[609758,5081191],[610093,5081388],[609669,5081845],[609198,5081866]]],[[[621534,5096438],[621706,5095605],[621919,5095621],[621801,5096421],[621534,5096438]]]]}},{"type":"Feature","properties":{"kind":"raion","name":"r-nul Telenești"},"geometry":{"type":"MultiPolygon","coordinates":[[[[621417,5264545],[628271,5268472],[626983,5269317],[627255,5274585],[627547,5276336],[626783,5276586],[627962,5278951],[625295,5279286],[624969,5279232],[625089,5278574],[624061,5279365],[623667,5278857],[619756,5280353],[621110,5284175],[621438,5284590],[619421,5285801],[619534,5285994],[616753,5287294],[615355,5288323],[614524,5287060],[612841,5288239],[610044,5284801],[610334,5284657],[610366,5284218],[608358,5283737],[607237,5284257],[604477,5283822],[605575,5278801],[605076,5278969],[604450,5278531],[605005,5275665],[605725,5273659],[604561,5274077],[604264,5274747],[603083,5274842],[602988,5272083],[602128,5268086],[597234,5269272],[593904,5269287],[593426,5269078],[593204,5269282],[591639,5269471],[591394,5269083],[591635,5268374],[591087,5266816],[588712,5268030],[588538,5267829],[588509,5268037],[587892,5268213],[587927,5268570],[586636,5269231],[585935,5265142],[586617,5264900],[586988,5260074],[586928,5256535],[588724,5255672],[589371,5254653],[589873,5254780],[589810,5255407],[590725,5255490],[591291,5254343],[593600,5254172],[593774,5254207],[593715,5254764],[594411,5254182],[595909,5253823],[596658,5253110],[598104,5253135],[598929,5252541],[599835,5252460],[600431,5251751],[600898,5252631],[602460,5251609],[602974,5253560],[603941,5253364],[604224,5252928],[604628,5252814],[604674,5253034],[605826,5252719],[605948,5252141],[606527,5252227],[606581,5251904],[607160,5251878],[607224,5251480],[607405,5251570],[607797,5251208],[608331,5251511],[609952,5250077],[610230,5251315],[609048,5252437],[609197,5253245],[609895,5253299],[610105,5254328],[610798,5253841],[616488,5254663],[617379,5255824],[616596,5256398],[616190,5257110],[616839,5259337],[616732,5259616],[617399,5259964],[617013,5261271],[618257,5261898],[620555,5263887],[620129,5264396],[620926,5265104],[621417,5264545]]],[[[620926,5264192],[620858,5264189],[620868,5264148],[620926,5264192]]]]}},{"type":"Feature","properties":{"kind":"raion","name":"r-nul Ungheni"},"geometry":{"type":"Polygon","coordinates":[[[587539,5246964],[589121,5246781],[589068,5246382],[589430,5246577],[590237,5250630],[589791,5253521],[588724,5255672],[586398,5256797],[582744,5256559],[582125,5258202],[581789,5258192],[581408,5258074],[581357,5257838],[580128,5257727],[580151,5257178],[579871,5257059],[580065,5254138],[579157,5253969],[577526,5258339],[576577,5258593],[575739,5258343],[574304,5258719],[574244,5259012],[573158,5258637],[573333,5258170],[571646,5257704],[571668,5257383],[570548,5257228],[570252,5258612],[571290,5258739],[571156,5259205],[569471,5258941],[566598,5260096],[565996,5258643],[566013,5256141],[566656,5254482],[565653,5254111],[565376,5254793],[563609,5253221],[562459,5254281],[562724,5254490],[563051,5254368],[563014,5254780],[562502,5255038],[562063,5254401],[562304,5253938],[561813,5253522],[561572,5253667],[560995,5253474],[560553,5252997],[560170,5253121],[559122,5254492],[558271,5252940],[556358,5253962],[555597,5253934],[554333,5253018],[554239,5251927],[551656,5251925],[551106,5251434],[550003,5251500],[550138,5249397],[546778,5248031],[546645,5248214],[545219,5247710],[544060,5247126],[543279,5246354],[544091,5246216],[544456,5245870],[544790,5246135],[544801,5246648],[545045,5246674],[545385,5246109],[544939,5243952],[545134,5243814],[545718,5244210],[545714,5243055],[546014,5242986],[546356,5243369],[546453,5243206],[546414,5242897],[545330,5241858],[544908,5242235],[543918,5242015],[544007,5241673],[545010,5241658],[545084,5241436],[544770,5241050],[545010,5240698],[545454,5240665],[545261,5241243],[545679,5241899],[546161,5241499],[545798,5240570],[546588,5240843],[547010,5241583],[547412,5240778],[547476,5239851],[547692,5239753],[548043,5240126],[548261,5239984],[547908,5239017],[548992,5238666],[548840,5239457],[549506,5239585],[549814,5239231],[550122,5239640],[550876,5238672],[551150,5239195],[550977,5239745],[551247,5239818],[551394,5238586],[551746,5238403],[551631,5237463],[551800,5237062],[552057,5237205],[552233,5237837],[553401,5237616],[553125,5238558],[553564,5238755],[554355,5238059],[554977,5238260],[555345,5237999],[555822,5237112],[555828,5236076],[556565,5236229],[556348,5234871],[557414,5234042],[557127,5233851],[556563,5234096],[556190,5233951],[556406,5233329],[556865,5233768],[557267,5233360],[557113,5232812],[556641,5233060],[556443,5232390],[556909,5231880],[557464,5232073],[557171,5231052],[558656,5231108],[558305,5230046],[559465,5229858],[559529,5229344],[558891,5228175],[559566,5228616],[559872,5228531],[559617,5226646],[560167,5226367],[560697,5226716],[560889,5226402],[560368,5224409],[560927,5223993],[561485,5223928],[560757,5222824],[560689,5222321],[559808,5222560],[559455,5222133],[559687,5221781],[560291,5222050],[560668,5221487],[560601,5221237],[559495,5221534],[559206,5221447],[559255,5221254],[560618,5220844],[561942,5220836],[562419,5220525],[562954,5220928],[562880,5220479],[563144,5220290],[563879,5220586],[564532,5220008],[564473,5219321],[564091,5219149],[563614,5219950],[562673,5218969],[563267,5218346],[564985,5218053],[564832,5217534],[565213,5217063],[565548,5217123],[565622,5217559],[566365,5217526],[566293,5217212],[565768,5216948],[566269,5217018],[567044,5216565],[566771,5215740],[567450,5215644],[567882,5215126],[568173,5213714],[568748,5214099],[569554,5213053],[570071,5213129],[570768,5212510],[571229,5212577],[571377,5212943],[571788,5212319],[572866,5211950],[572886,5211668],[572228,5211636],[571735,5211278],[572253,5210833],[573218,5211114],[572794,5210682],[572866,5210243],[573898,5210576],[574480,5209607],[574927,5209466],[575239,5209895],[575680,5209490],[575605,5208884],[577529,5208220],[578114,5209056],[579439,5208731],[579549,5209118],[579061,5209453],[579178,5209771],[580110,5209819],[579568,5211677],[579312,5212151],[576246,5212182],[576053,5213050],[576472,5214556],[575776,5216116],[574973,5216303],[575193,5217133],[575104,5218111],[573838,5218926],[571758,5219654],[571636,5220459],[572194,5221954],[572562,5222328],[572097,5222557],[572054,5222842],[572275,5224420],[572156,5225496],[573435,5225668],[575121,5225352],[575092,5226121],[574852,5226398],[575150,5227446],[574073,5227771],[573727,5228415],[573475,5229825],[573968,5232471],[574870,5233185],[576074,5233387],[577449,5234221],[579196,5234551],[579756,5235197],[579975,5236091],[581270,5235436],[581503,5235882],[581043,5236585],[581815,5237647],[582383,5237616],[582831,5237237],[584059,5237130],[584475,5237577],[585577,5237477],[585736,5238278],[586348,5239050],[585880,5239130],[586019,5239412],[584410,5239486],[584363,5239202],[585183,5239027],[584392,5238938],[584521,5237972],[584220,5237964],[584143,5238679],[583265,5238632],[582917,5238311],[583017,5239398],[581991,5240236],[582559,5240596],[583117,5240142],[583282,5240407],[582433,5241735],[581934,5241333],[581757,5241606],[581418,5241516],[581531,5242077],[581330,5242079],[581308,5242342],[581682,5242817],[582382,5242550],[583162,5243302],[583923,5242278],[584598,5242174],[584553,5242708],[584791,5243044],[584611,5243335],[584862,5243591],[585433,5243443],[586189,5242676],[586397,5244005],[586183,5244062],[586293,5244459],[586663,5244506],[586045,5244626],[586025,5244914],[586366,5245140],[586356,5245390],[586618,5245372],[586697,5245099],[586757,5245458],[586923,5245336],[587539,5246964]],[[583703,5243501],[584463,5243560],[583973,5243109],[583703,5243501]],[[585584,5244949],[585891,5244695],[585861,5244570],[585500,5244526],[585584,5244949]]]}},{"type":"Feature","properties":{"kind":"raion","name":"mun. Chișinău"},"geometry":{"type":"MultiPolygon","coordinates":[[[[655382,5214044],[656441,5213963],[656465,5214165],[656999,5214109],[657037,5214370],[658002,5214169],[657971,5214515],[658200,5214445],[658119,5214129],[659971,5213795],[659598,5214974],[660799,5214653],[661221,5215546],[660304,5216079],[660491,5217067],[659117,5217045],[658450,5217295],[657233,5218380],[655968,5220103],[654882,5219346],[653939,5219341],[653498,5218415],[652627,5217400],[650558,5217897],[650732,5218316],[650319,5218680],[649944,5218049],[649515,5218158],[649695,5218872],[648455,5219159],[649170,5218254],[647226,5218569],[646887,5217066],[646187,5217131],[646173,5216861],[644867,5216937],[644899,5217685],[645172,5217653],[645177,5217989],[644185,5218036],[644219,5218666],[644513,5218952],[645016,5218911],[645521,5219644],[645894,5219595],[644842,5220636],[644875,5221003],[645393,5221076],[644952,5221481],[645031,5222218],[644726,5222404],[644182,5222315],[644246,5223073],[643841,5223680],[644121,5223181],[643440,5223419],[643225,5222937],[642751,5223411],[642031,5223146],[641488,5223747],[641326,5223559],[640600,5223994],[640117,5223876],[639621,5224183],[639438,5223846],[640052,5222275],[639902,5222108],[639449,5222230],[639905,5221365],[639568,5220989],[639343,5221356],[639105,5220948],[639039,5219517],[637455,5220483],[636444,5221522],[636256,5221188],[635308,5221989],[634868,5221217],[633762,5222061],[633456,5221493],[633983,5220648],[633393,5220480],[632381,5219185],[632164,5218099],[631637,5217358],[631724,5217060],[630290,5218842],[628867,5219731],[628410,5220304],[627408,5220769],[626340,5221889],[626039,5221199],[626441,5220825],[626317,5220694],[628759,5218495],[629793,5216980],[629550,5216620],[630248,5215795],[629249,5216119],[628680,5215566],[626041,5215715],[625677,5215578],[625094,5214107],[624455,5214326],[623838,5213839],[624115,5213453],[624834,5213174],[625744,5210923],[626152,5210802],[626381,5210973],[626094,5211303],[626699,5211411],[626855,5209797],[627060,5209719],[627280,5210038],[628026,5209272],[627846,5208882],[628314,5208470],[628854,5208825],[629829,5207292],[630387,5207512],[630758,5207103],[632163,5205327],[633622,5202729],[634319,5203763],[634951,5203036],[635316,5203405],[635798,5203030],[635170,5202548],[635270,5202096],[635892,5202311],[635897,5201640],[636447,5202870],[638854,5201190],[638475,5200404],[639335,5200084],[639230,5199618],[639597,5199609],[639211,5195692],[640859,5195632],[640815,5193451],[644569,5192516],[644929,5193072],[645490,5192996],[646006,5192656],[646899,5191426],[647744,5191406],[648092,5191674],[648254,5191335],[649359,5191990],[649959,5191544],[653282,5191558],[653862,5192327],[654083,5192137],[654746,5192327],[654856,5191400],[655099,5192170],[653939,5193287],[654091,5193631],[654588,5193649],[654303,5198986],[651977,5199080],[650243,5199616],[648404,5200587],[648863,5201177],[650247,5201406],[649945,5203265],[651686,5203415],[651410,5204856],[651906,5206299],[650918,5206590],[651039,5206852],[650805,5207149],[649476,5208169],[650436,5208571],[649414,5210075],[649756,5210286],[649600,5210581],[650008,5210888],[649806,5211147],[650068,5212706],[649651,5212728],[649684,5212988],[651180,5212924],[651075,5212326],[651645,5212086],[652451,5212196],[652463,5211984],[653033,5211908],[653247,5211957],[653458,5213357],[654096,5213870],[654235,5214523],[654350,5214281],[654480,5215030],[655494,5214918],[655382,5214044]]],[[[622916,5210252],[621823,5211181],[621652,5211700],[620767,5212111],[620734,5212426],[620157,5212490],[619829,5212912],[619666,5212735],[619425,5213077],[618910,5213050],[618314,5212603],[618733,5212232],[618656,5211975],[619122,5211799],[619095,5211465],[619318,5212189],[619650,5212073],[619597,5212362],[620142,5212244],[620638,5211795],[621131,5211917],[621460,5211647],[621260,5211578],[621395,5211235],[621546,5211128],[621644,5211338],[622125,5210845],[622916,5210252]]]]}},{"type":"Feature","properties":{"kind":"raion","name":"mun. Bălți"},"geometry":{"type":"Polygon","coordinates":[[[573298,5292927],[573601,5292527],[573465,5292191],[573891,5291761],[574988,5290698],[575594,5290622],[576162,5290751],[578098,5292524],[578675,5293580],[576906,5294483],[577505,5295023],[575074,5297329],[573511,5296181],[573352,5295563],[572805,5296225],[572380,5295573],[572052,5294825],[573563,5293256],[572684,5292812],[572252,5292721],[571440,5293553],[571151,5293339],[568134,5294542],[567399,5294245],[566412,5293145],[566576,5292568],[566138,5292070],[567026,5290939],[566805,5290693],[566576,5290798],[566572,5290439],[565879,5289676],[565626,5289844],[565755,5289684],[565559,5289487],[564678,5289432],[563915,5289918],[563466,5290472],[563790,5290826],[563445,5291339],[562768,5291715],[562824,5292125],[562032,5292090],[559746,5293362],[560181,5293990],[560041,5294059],[559529,5293793],[559537,5293086],[558690,5291866],[559354,5290891],[561723,5290326],[563682,5289381],[564317,5288627],[565312,5288053],[563389,5286913],[563900,5286626],[565073,5287191],[564882,5286829],[565842,5286520],[566849,5287330],[567482,5286696],[567771,5287240],[570571,5287935],[570817,5287578],[571549,5288187],[571705,5288097],[571569,5288240],[571974,5289389],[572998,5289490],[572585,5290904],[572786,5290935],[572008,5292441],[573298,5292927]]]}},{"type":"Feature","properties":{"kind":"raion","name":"UTA Găgăuzia"},"geometry":{"type":"MultiPolygon","coordinates":[[[[647936,5112719],[648438,5113778],[654377,5121760],[648104,5126546],[647969,5126349],[647642,5127028],[646160,5128625],[633535,5125460],[633701,5129562],[633020,5130513],[635681,5131270],[635598,5131602],[635775,5131229],[644077,5133388],[642828,5138224],[642059,5140012],[640967,5141685],[640067,5142519],[634779,5141425],[623010,5147683],[619122,5147125],[619027,5146593],[618428,5146847],[617707,5146803],[617660,5145402],[616944,5142823],[618892,5142893],[621029,5138807],[620680,5136594],[619056,5132616],[616551,5133749],[616346,5132122],[615810,5130556],[616062,5129920],[616190,5127654],[617068,5127733],[618845,5127404],[619885,5127521],[619505,5122749],[619952,5117259],[615441,5116569],[613735,5115013],[616135,5109899],[616442,5107022],[616306,5107209],[616109,5106756],[616789,5105944],[616057,5106599],[615948,5106483],[616790,5105812],[614771,5105197],[617011,5103203],[620047,5103890],[620059,5101900],[620988,5100857],[620772,5100412],[618597,5099677],[618819,5098822],[617377,5098441],[617137,5099084],[616053,5098761],[617385,5095302],[618555,5095569],[619756,5095365],[621521,5095724],[621590,5094954],[620825,5094831],[620962,5093433],[620627,5093487],[620619,5092836],[621817,5092693],[621821,5091982],[617613,5091923],[618752,5089843],[621724,5090192],[621730,5091114],[623566,5091226],[623964,5090638],[624127,5089323],[624527,5088981],[634276,5091477],[631824,5100740],[637267,5102102],[639694,5092850],[647216,5094751],[644431,5105651],[650380,5107176],[647936,5112719]],[[621534,5096438],[621801,5096421],[621919,5095621],[621706,5095605],[621534,5096438]]],[[[603653,5050919],[601231,5050366],[600791,5049975],[601855,5044536],[611551,5040549],[611483,5040045],[610258,5039926],[610382,5037827],[611964,5037955],[618377,5039600],[616363,5047480],[620473,5048548],[620034,5050284],[614112,5048771],[613634,5047061],[613171,5046632],[612457,5046537],[612464,5046871],[612037,5046932],[612199,5047666],[611632,5048348],[612054,5051648],[612235,5051988],[612556,5052022],[612110,5054211],[612302,5054968],[611998,5056394],[615778,5057398],[615329,5059356],[615540,5060014],[617143,5061806],[617736,5063984],[613178,5063486],[610532,5063444],[610302,5064656],[610034,5064670],[609328,5064488],[609357,5063354],[607723,5063377],[607590,5064409],[604855,5063869],[604482,5063973],[603606,5067039],[601299,5066425],[601652,5065044],[601341,5065127],[602652,5059665],[601637,5059434],[603653,5050919]]],[[[608235,5080629],[607208,5080370],[607620,5078817],[610197,5079778],[610613,5079363],[610678,5079594],[610956,5078815],[611763,5079124],[611627,5079581],[612262,5080063],[612479,5080153],[612893,5079486],[614699,5080184],[614781,5080680],[616135,5081164],[615667,5083231],[615147,5083042],[614793,5083882],[609479,5081997],[610093,5081388],[609758,5081191],[609198,5081866],[608114,5081522],[608235,5080629]]],[[[624110,5079475],[623679,5079033],[623695,5078272],[623166,5078420],[622798,5078045],[622860,5076892],[622531,5076854],[622464,5079415],[619107,5078400],[619969,5075020],[621689,5075330],[621904,5075745],[622502,5075694],[622436,5073504],[624765,5073469],[638708,5076967],[637242,5082742],[624110,5079475]]]]}},{"type":"Feature","properties":{"kind":"commune","name":"r-nul Strășeni, sat. Sireți"},"geometry":{"type":"Polygon","coordinates":[[[629998,5225007],[629770,5225194],[629637,5225252],[629521,5225272],[629243,5225260],[628654,5225177],[628451,5225135],[628359,5225102],[628290,5225056],[628268,5224974],[628242,5224718],[628246,5224192],[628306,5222420],[628239,5221296],[628207,5220370],[628410,5220304],[628344,5220210],[628867,5219731],[629398,5219414],[630290,5218842],[631366,5217583],[631584,5217292],[631724,5217060],[631776,5217088],[631651,5217263],[631637,5217358],[632164,5218099],[632135,5218109],[632256,5218344],[632176,5218374],[632268,5218629],[632331,5218644],[632388,5218808],[632424,5218998],[632344,5219036],[632381,5219185],[632430,5219192],[632520,5219143],[633393,5220480],[633558,5220485],[633643,5220437],[633772,5220607],[633944,5220627],[633983,5220648],[633907,5220818],[633779,5221018],[633668,5221250],[633623,5221273],[633531,5221362],[633452,5221500],[632480,5222641],[633304,5223547],[632181,5223641],[631858,5223702],[631593,5223781],[631269,5223933],[631086,5224045],[630913,5224177],[629998,5225007]]]}}]}