{"type": "FeatureCollection", "crs": {"type": "name", "properties": {"name": "urn:ogc:def:crs:EPSG::32635"}}, "features": [{"type": "Feature", "geometry": {"type": "Point", "coordinates": [629097.66, 5220836.94]}, "properties": {"type": "gap", "gap_m": 9.5, "vineyard_id": "V01", "row_id": "V01-R03", "reachable": true, "id": "T0001", "x": 629097.66, "y": 5220836.94, "order": 1851, "visited": true}}, {"type": "Feature", "geometry": {"type": "Point", "coordinates": [629090.23, 5220837.9]}, "properties": {"type": "gap", "gap_m": 7.1, "vineyard_id": "V01", "row_id": "V01-R06", "reachable": true, "id": "T0002", "x": 629090.23, "y": 5220837.9, "order": 1850, "visited": true}}, {"type": "Feature", "geometry": {"type": "Point", "coordinates": [629080.03, 5220824.41]}, "properties": {"type": "gap", "gap_m": 3.9, "vineyard_id": "V01", "row_id": "V01-R06", "reachable": true, "id": "T0003", "x": 629080.03, "y": 5220824.41, "order": null, "visited": true}}, {"type": "Feature", "geometry": {"type": "Point", "coordinates": [629086.08, 5220837.12]}, "properties": {"type": "gap", "gap_m": 16.0, "vineyard_id": "V01", "row_id": "V01-R08", "reachable": true, "id": "T0004", "x": 629086.08, "y": 5220837.12, "order": 1849, "visited": true}}, {"type": "Feature", "geometry": {"type": "Point", "coordinates": [629076.63, 5220824.64]}, "properties": {"type": "gap", "gap_m": 8.2, "vineyard_id": "V01", "row_id": "V01-R08", "reachable": true, "id": "T0005", "x": 629076.63, "y": 5220824.64, "order": 1848, "visited": true}}, {"type": "Feature", "geometry": {"type": "Point", "coordinates": [629084.12, 5220817.15]}, "properties": {"type": "gap", "gap_m": 4.9, "vineyard_id": "V01", "row_id": "V01-R09", "reachable": true, "id": "T0006", "x": 629084.12, "y": 5220817.15, "order": null, "visited": false}}, {"type": "Feature", "geometry": {"type": "Point", "coordinates": [629085.65, 5220828.36]}, "properties": {"type": "gap", "gap_m": 4.2, "vineyard_id": "V01", "row_id": "V01-R11", "reachable": true, "id": "T0007", "x": 629085.65, "y": 5220828.36, "order": null, "visited": false}}, {"type": "Feature", "geometry": {"type": "Point", "coordinates": [629079.62, 5220820.42]}, "properties": {"type": "gap", "gap_m": 3.4, "vineyard_id": "V01", "row_id": "V01-R11", "reachable": true, "id": "T0008", "x": 629079.62, "y": 5220820.42, "order": null, "visited": false}}, {"type": "Feature", "geometry": {"type": "Point", "coordinates": [629076.43, 5220816.22]}, "properties": {"type": "gap", "gap_m": 4.5, "vineyard_id": "V01", "row_id": "V01-R11", "reachable": true, "id": "T0009", "x": 629076.43, "y": 5220816.22, "order": null, "visited": false}}, {"type": "Feature", "geometry": {"type": "Point", "coordinates": [629074.76, 5220826.43]}, "properties": {"type": "gap", "gap_m": 9.9, "vineyard_id": "V01", "row_id": "V01-R15", "reachable": true, "id": "T0010", "x": 629074.76, "y": 5220826.43, "order": null, "visited": false}}, {"type": "Feature", "geometry": {"type": "Point", "coordinates": [629067.76, 5220817.26]}, "properties": {"type": "gap", "gap_m": 5.9, "vineyard_id": "V01", "row_id": "V01-R15", "reachable": true, "id": "T0011", "x": 629067.76, "y": 5220817.26, "order": 1847, "visited": true}}, {"type": "Feature", "geometry": {"type": "Point", "coordinates": [629074.08, 5220830.56]}, "properties": {"type": "gap", "gap_m": 5.5, "vineyard_id": "V01", "row_id": "V01-R17", "reachable": true, "id": "T0012", "x": 629074.08, "y": 5220830.56, "order": null, "visited": false}}, {"type": "Feature", "geometry": {"type": "Point", "coordinates": [629067.3, 5220821.52]}, "properties": {"type": "gap", "gap_m": 9.1, "vineyard_id": "V01", "row_id": "V01-R17", "reachable": true, "id": "T0013", "x": 629067.3, "y": 5220821.52, "order": null, "visited": false}}, {"type": "Feature", "geometry": {"type": "Point", "coordinates": [629067.96, 5220829.03]}, "properties": {"type": "gap", "gap_m": 7.4, "vineyard_id": "V01", "row_id": "V01-R19", "reachable": true, "id": "T0014", "x": 629067.96, "y": 5220829.03, "order": null, "visited": false}}, {"type": "Feature", "geometry": {"type": "Point", "coordinates": [629063.2, 5220822.67]}, "properties": {"type": "gap", "gap_m": 6.9, "vineyard_id": "V01", "row_id": "V01-R19", "reachable": true, "id": "T0015", "x": 629063.2, "y": 5220822.67, "order": null, "visited": false}}, {"type": "Feature", "geometry": {"type": "Point", "coordinates": [629059.32, 5220817.48]}, "properties": {"type": "gap", "gap_m": 4.7, "vineyard_id": "V01", "row_id": "V01-R19", "reachable": true, "id": "T0016", "x": 629059.32, "y": 5220817.48, "order": null, "visited": false}}, {"type": "Feature", "geometry": {"type": "Point", "coordinates": [629083.4, 5220800.84]}, "properties": {"type": "gap", "gap_m": 4.0, "vineyard_id": "V01", "row_id": "V01-R21", "reachable": true, "id": "T0017", "x": 629083.4, "y": 5220800.84, "order": 1845, "visited": true}}, {"type": "Feature", "geometry": {"type": "Point", "coordinates": [629063.49, 5220830.13]}, "properties": {"type": "gap", "gap_m": 13.7, "vineyard_id": "V01", "row_id": "V01-R22", "reachable": true, "id": "T0018", "x": 629063.49, "y": 5220830.13, "order": null, "visited": false}}, {"type": "Feature", "geometry": {"type": "Point", "coordinates": [629080.47, 5220800.2]}, "properties": {"type": "gap", "gap_m": 4.6, "vineyard_id": "V01", "row_id": "V01-R23", "reachable": true, "id": "T0019", "x": 629080.47, "y": 5220800.2, "order": 1846, "visited": true}}, {"type": "Feature", "geometry": {"type": "Point", "coordinates": [629088.31, 5220787.45]}, "properties": {"type": "gap", "gap_m": 4.1, "vineyard_id": "V01", "row_id": "V01-R26", "reachable": true, "id": "T0020", "x": 629088.31, "y": 5220787.45, "order": 1831, "visited": true}}, {"type": "Feature", "geometry": {"type": "Point", "coordinates": [629085.03, 5220784.75]}, "properties": {"type": "gap", "gap_m": 4.9, "vineyard_id": "V01", "row_id": "V01-R27", "reachable": true, "id": "T0022", "x": 629085.03, "y": 5220784.75, "order": null, "visited": true}}, {"type": "Feature", "geometry": {"type": "Point", "coordinates": [629090.59, 5220777.09]}, "properties": {"type": "gap", "gap_m": 5.6, "vineyard_id": "V01", "row_id": "V01-R29", "reachable": true, "id": "T0023", "x": 629090.59, "y": 5220777.09, "order": 1832, "visited": true}}, {"type": "Feature", "geometry": {"type": "Point", "coordinates": [629242.23, 5220943.03]}, "properties": {"type": "gap", "gap_m": 5.1, "vineyard_id": "V02", "row_id": "V02-R006", "reachable": true, "id": "T0024", "x": 629242.23, "y": 5220943.03, "order": null, "visited": false}}, {"type": "Feature", "geometry": {"type": "Point", "coordinates": [629293.59, 5220797.99]}, "properties": {"type": "gap", "gap_m": 4.0, "vineyard_id": "V02", "row_id": "V02-R007", "reachable": true, "id": "T0025", "x": 629293.59, "y": 5220797.99, "order": null, "visited": false}}, {"type": "Feature", "geometry": {"type": "Point", "coordinates": [629238.54, 5220945.38]}, "properties": {"type": "gap", "gap_m": 3.3, "vineyard_id": "V02", "row_id": "V02-R008", "reachable": true, "id": "T0026", "x": 629238.54, "y": 5220945.38, "order": null, "visited": false}}, {"type": "Feature", "geometry": {"type": "Point", "coordinates": [629290.8, 5220795.84]}, "properties": {"type": "gap", "gap_m": 16.3, "vineyard_id": "V02", "row_id": "V02-R010", "reachable": true, "id": "T0027", "x": 629290.8, "y": 5220795.84, "order": 1908, "visited": true}}, {"type": "Feature", "geometry": {"type": "Point", "coordinates": [629236.14, 5220939.06]}, "properties": {"type": "gap", "gap_m": 3.3, "vineyard_id": "V02", "row_id": "V02-R012", "reachable": true, "id": "T0028", "x": 629236.14, "y": 5220939.06, "order": null, "visited": false}}, {"type": "Feature", "geometry": {"type": "Point", "coordinates": [629240.73, 5220927.82]}, "properties": {"type": "gap", "gap_m": 3.3, "vineyard_id": "V02", "row_id": "V02-R012", "reachable": true, "id": "T0029", "x": 629240.73, "y": 5220927.82, "order": null, "visited": false}}, {"type": "Feature", "geometry": {"type": "Point", "coordinates": [629241.29, 5220913.4]}, "properties": {"type": "gap", "gap_m": 3.9, "vineyard_id": "V02", "row_id": "V02-R015", "reachable": true, "id": "T0030", "x": 629241.29, "y": 5220913.4, "order": null, "visited": false}}, {"type": "Feature", "geometry": {"type": "Point", "coordinates": [629276.92, 5220806.0]}, "properties": {"type": "gap", "gap_m": 3.5, "vineyard_id": "V02", "row_id": "V02-R016", "reachable": true, "id": "T0031", "x": 629276.92, "y": 5220806.0, "order": null, "visited": false}}, {"type": "Feature", "geometry": {"type": "Point", "coordinates": [629227.89, 5220937.8]}, "properties": {"type": "gap", "gap_m": 3.3, "vineyard_id": "V02", "row_id": "V02-R017", "reachable": true, "id": "T0032", "x": 629227.89, "y": 5220937.8, "order": null, "visited": false}}, {"type": "Feature", "geometry": {"type": "Point", "coordinates": [629231.69, 5220922.51]}, "properties": {"type": "gap", "gap_m": 3.7, "vineyard_id": "V02", "row_id": "V02-R019", "reachable": true, "id": "T0033", "x": 629231.69, "y": 5220922.51, "order": null, "visited": false}}, {"type": "Feature", "geometry": {"type": "Point", "coordinates": [629226.75, 5220927.82]}, "properties": {"type": "gap", "gap_m": 5.6, "vineyard_id": "V02", "row_id": "V02-R020", "reachable": true, "id": "T0034", "x": 629226.75, "y": 5220927.82, "order": null, "visited": false}}, {"type": "Feature", "geometry": {"type": "Point", "coordinates": [629231.66, 5220916.23]}, "properties": {"type": "gap", "gap_m": 3.2, "vineyard_id": "V02", "row_id": "V02-R020", "reachable": true, "id": "T0035", "x": 629231.66, "y": 5220916.23, "order": null, "visited": false}}, {"type": "Feature", "geometry": {"type": "Point", "coordinates": [629236.92, 5220903.74]}, "properties": {"type": "gap", "gap_m": 6.2, "vineyard_id": "V02", "row_id": "V02-R020", "reachable": true, "id": "T0036", "x": 629236.92, "y": 5220903.74, "order": 1963, "visited": true}}, {"type": "Feature", "geometry": {"type": "Point", "coordinates": [629239.34, 5220897.94]}, "properties": {"type": "gap", "gap_m": 4.3, "vineyard_id": "V02", "row_id": "V02-R020", "reachable": true, "id": "T0037", "x": 629239.34, "y": 5220897.94, "order": null, "visited": true}}, {"type": "Feature", "geometry": {"type": "Point", "coordinates": [629224.0, 5220927.68]}, "properties": {"type": "gap", "gap_m": 6.5, "vineyard_id": "V02", "row_id": "V02-R021", "reachable": true, "id": "T0038", "x": 629224.0, "y": 5220927.68, "order": null, "visited": false}}, {"type": "Feature", "geometry": {"type": "Point", "coordinates": [629226.79, 5220921.16]}, "properties": {"type": "gap", "gap_m": 4.6, "vineyard_id": "V02", "row_id": "V02-R021", "reachable": true, "id": "T0039", "x": 629226.79, "y": 5220921.16, "order": null, "visited": false}}, {"type": "Feature", "geometry": {"type": "Point", "coordinates": [629230.07, 5220913.02]}, "properties": {"type": "gap", "gap_m": 11.8, "vineyard_id": "V02", "row_id": "V02-R021", "reachable": true, "id": "T0040", "x": 629230.07, "y": 5220913.02, "order": 1962, "visited": true}}, {"type": "Feature", "geometry": {"type": "Point", "coordinates": [629228.37, 5220910.63]}, "properties": {"type": "gap", "gap_m": 4.7, "vineyard_id": "V02", "row_id": "V02-R022", "reachable": true, "id": "T0043", "x": 629228.37, "y": 5220910.63, "order": null, "visited": true}}, {"type": "Feature", "geometry": {"type": "Point", "coordinates": [629234.94, 5220894.98]}, "properties": {"type": "gap", "gap_m": 9.2, "vineyard_id": "V02", "row_id": "V02-R022", "reachable": true, "id": "T0044", "x": 629234.94, "y": 5220894.98, "order": null, "visited": true}}, {"type": "Feature", "geometry": {"type": "Point", "coordinates": [629239.43, 5220884.3]}, "properties": {"type": "gap", "gap_m": 4.3, "vineyard_id": "V02", "row_id": "V02-R022", "reachable": true, "id": "T0045", "x": 629239.43, "y": 5220884.3, "order": null, "visited": true}}, {"type": "Feature", "geometry": {"type": "Point", "coordinates": [629244.67, 5220871.82]}, "properties": {"type": "gap", "gap_m": 7.1, "vineyard_id": "V02", "row_id": "V02-R022", "reachable": true, "id": "T0046", "x": 629244.67, "y": 5220871.82, "order": 1964, "visited": true}}, {"type": "Feature", "geometry": {"type": "Point", "coordinates": [629224.63, 5220913.13]}, "properties": {"type": "gap", "gap_m": 7.5, "vineyard_id": "V02", "row_id": "V02-R023", "reachable": true, "id": "T0049", "x": 629224.63, "y": 5220913.13, "order": null, "visited": false}}, {"type": "Feature", "geometry": {"type": "Point", "coordinates": [629228.97, 5220902.85]}, "properties": {"type": "gap", "gap_m": 12.9, "vineyard_id": "V02", "row_id": "V02-R023", "reachable": true, "id": "T0050", "x": 629228.97, "y": 5220902.85, "order": 1960, "visited": true}}, {"type": "Feature", "geometry": {"type": "Point", "coordinates": [629234.22, 5220890.39]}, "properties": {"type": "gap", "gap_m": 4.7, "vineyard_id": "V02", "row_id": "V02-R023", "reachable": true, "id": "T0051", "x": 629234.22, "y": 5220890.39, "order": null, "visited": false}}, {"type": "Feature", "geometry": {"type": "Point", "coordinates": [629235.94, 5220886.33]}, "properties": {"type": "gap", "gap_m": 3.0, "vineyard_id": "V02", "row_id": "V02-R023", "reachable": true, "id": "T0052", "x": 629235.94, "y": 5220886.33, "order": null, "visited": false}}, {"type": "Feature", "geometry": {"type": "Point", "coordinates": [629241.44, 5220873.3]}, "properties": {"type": "gap", "gap_m": 12.9, "vineyard_id": "V02", "row_id": "V02-R023", "reachable": true, "id": "T0053", "x": 629241.44, "y": 5220873.3, "order": null, "visited": false}}, {"type": "Feature", "geometry": {"type": "Point", "coordinates": [629270.8, 5220800.89]}, "properties": {"type": "gap", "gap_m": 3.1, "vineyard_id": "V02", "row_id": "V02-R023", "reachable": true, "id": "T0055", "x": 629270.8, "y": 5220800.89, "order": null, "visited": false}}, {"type": "Feature", "geometry": {"type": "Point", "coordinates": [629225.15, 5220905.64]}, "properties": {"type": "gap", "gap_m": 5.5, "vineyard_id": "V02", "row_id": "V02-R024", "reachable": true, "id": "T0056", "x": 629225.15, "y": 5220905.64, "order": 1961, "visited": true}}, {"type": "Feature", "geometry": {"type": "Point", "coordinates": [629234.34, 5220876.67]}, "properties": {"type": "gap", "gap_m": 3.1, "vineyard_id": "V02", "row_id": "V02-R025", "reachable": true, "id": "T0058", "x": 629234.34, "y": 5220876.67, "order": null, "visited": true}}, {"type": "Feature", "geometry": {"type": "Point", "coordinates": [629240.69, 5220861.69]}, "properties": {"type": "gap", "gap_m": 4.2, "vineyard_id": "V02", "row_id": "V02-R025", "reachable": true, "id": "T0059", "x": 629240.69, "y": 5220861.69, "order": null, "visited": true}}, {"type": "Feature", "geometry": {"type": "Point", "coordinates": [629275.97, 5220775.27]}, "properties": {"type": "gap", "gap_m": 3.5, "vineyard_id": "V02", "row_id": "V02-R025", "reachable": true, "id": "T0061", "x": 629275.97, "y": 5220775.27, "order": 1907, "visited": true}}, {"type": "Feature", "geometry": {"type": "Point", "coordinates": [629213.06, 5220920.81]}, "properties": {"type": "gap", "gap_m": 5.3, "vineyard_id": "V02", "row_id": "V02-R026", "reachable": true, "id": "T0062", "x": 629213.06, "y": 5220920.81, "order": null, "visited": false}}, {"type": "Feature", "geometry": {"type": "Point", "coordinates": [629261.79, 5220758.58]}, "properties": {"type": "gap", "gap_m": 3.7, "vineyard_id": "V02", "row_id": "V02-R027", "reachable": true, "id": "T0064", "x": 629261.79, "y": 5220758.58, "order": 1889, "visited": true}}, {"type": "Feature", "geometry": {"type": "Point", "coordinates": [629208.86, 5220924.29]}, "properties": {"type": "gap", "gap_m": 3.6, "vineyard_id": "V02", "row_id": "V02-R028", "reachable": true, "id": "T0065", "x": 629208.86, "y": 5220924.29, "order": null, "visited": false}}, {"type": "Feature", "geometry": {"type": "Point", "coordinates": [629230.28, 5220873.33]}, "properties": {"type": "gap", "gap_m": 3.1, "vineyard_id": "V02", "row_id": "V02-R028", "reachable": true, "id": "T0066", "x": 629230.28, "y": 5220873.33, "order": null, "visited": false}}, {"type": "Feature", "geometry": {"type": "Point", "coordinates": [629232.45, 5220868.17]}, "properties": {"type": "gap", "gap_m": 3.6, "vineyard_id": "V02", "row_id": "V02-R028", "reachable": true, "id": "T0067", "x": 629232.45, "y": 5220868.17, "order": null, "visited": false}}, {"type": "Feature", "geometry": {"type": "Point", "coordinates": [629265.38, 5220788.21]}, "properties": {"type": "gap", "gap_m": 4.3, "vineyard_id": "V02", "row_id": "V02-R028", "reachable": true, "id": "T0069", "x": 629265.38, "y": 5220788.21, "order": 1906, "visited": true}}, {"type": "Feature", "geometry": {"type": "Point", "coordinates": [629272.32, 5220750.21]}, "properties": {"type": "gap", "gap_m": 6.9, "vineyard_id": "V02", "row_id": "V02-R029", "reachable": true, "id": "T0070", "x": 629272.32, "y": 5220750.21, "order": 1888, "visited": true}}, {"type": "Feature", "geometry": {"type": "Point", "coordinates": [629207.2, 5220921.64]}, "properties": {"type": "gap", "gap_m": 5.3, "vineyard_id": "V02", "row_id": "V02-R030", "reachable": true, "id": "T0071", "x": 629207.2, "y": 5220921.64, "order": null, "visited": false}}, {"type": "Feature", "geometry": {"type": "Point", "coordinates": [629262.74, 5220787.78]}, "properties": {"type": "gap", "gap_m": 6.0, "vineyard_id": "V02", "row_id": "V02-R030", "reachable": true, "id": "T0073", "x": 629262.74, "y": 5220787.78, "order": 1905, "visited": true}}, {"type": "Feature", "geometry": {"type": "Point", "coordinates": [629218.71, 5220887.59]}, "properties": {"type": "gap", "gap_m": 3.3, "vineyard_id": "V02", "row_id": "V02-R032", "reachable": true, "id": "T0074", "x": 629218.71, "y": 5220887.59, "order": null, "visited": false}}, {"type": "Feature", "geometry": {"type": "Point", "coordinates": [629225.77, 5220870.98]}, "properties": {"type": "gap", "gap_m": 4.0, "vineyard_id": "V02", "row_id": "V02-R032", "reachable": true, "id": "T0075", "x": 629225.77, "y": 5220870.98, "order": null, "visited": false}}, {"type": "Feature", "geometry": {"type": "Point", "coordinates": [629248.89, 5220815.11]}, "properties": {"type": "gap", "gap_m": 4.9, "vineyard_id": "V02", "row_id": "V02-R032", "reachable": true, "id": "T0076", "x": 629248.89, "y": 5220815.11, "order": null, "visited": false}}, {"type": "Feature", "geometry": {"type": "Point", "coordinates": [629255.84, 5220797.66]}, "properties": {"type": "gap", "gap_m": 3.8, "vineyard_id": "V02", "row_id": "V02-R032", "reachable": true, "id": "T0077", "x": 629255.84, "y": 5220797.66, "order": 1903, "visited": true}}, {"type": "Feature", "geometry": {"type": "Point", "coordinates": [629257.87, 5220792.66]}, "properties": {"type": "gap", "gap_m": 3.7, "vineyard_id": "V02", "row_id": "V02-R032", "reachable": true, "id": "T0078", "x": 629257.87, "y": 5220792.66, "order": 1904, "visited": true}}, {"type": "Feature", "geometry": {"type": "Point", "coordinates": [629242.27, 5220817.71]}, "properties": {"type": "gap", "gap_m": 4.2, "vineyard_id": "V02", "row_id": "V02-R034", "reachable": true, "id": "T0079", "x": 629242.27, "y": 5220817.71, "order": null, "visited": true}}, {"type": "Feature", "geometry": {"type": "Point", "coordinates": [629246.16, 5220808.3]}, "properties": {"type": "gap", "gap_m": 10.4, "vineyard_id": "V02", "row_id": "V02-R034", "reachable": true, "id": "T0080", "x": 629246.16, "y": 5220808.3, "order": 1671, "visited": true}}, {"type": "Feature", "geometry": {"type": "Point", "coordinates": [629244.91, 5220804.84]}, "properties": {"type": "gap", "gap_m": 21.6, "vineyard_id": "V02", "row_id": "V02-R035", "reachable": true, "id": "T0081", "x": 629244.91, "y": 5220804.84, "order": 1670, "visited": true}}, {"type": "Feature", "geometry": {"type": "Point", "coordinates": [629232.62, 5220827.22]}, "properties": {"type": "gap", "gap_m": 3.5, "vineyard_id": "V02", "row_id": "V02-R036", "reachable": true, "id": "T0082", "x": 629232.62, "y": 5220827.22, "order": null, "visited": false}}, {"type": "Feature", "geometry": {"type": "Point", "coordinates": [629242.51, 5220802.74]}, "properties": {"type": "gap", "gap_m": 30.2, "vineyard_id": "V02", "row_id": "V02-R036", "reachable": true, "id": "T0083", "x": 629242.51, "y": 5220802.74, "order": 1672, "visited": true}}, {"type": "Feature", "geometry": {"type": "Point", "coordinates": [629256.19, 5220770.02]}, "properties": {"type": "gap", "gap_m": 11.8, "vineyard_id": "V02", "row_id": "V02-R036", "reachable": true, "id": "T0084", "x": 629256.19, "y": 5220770.02, "order": 1909, "visited": true}}, {"type": "Feature", "geometry": {"type": "Point", "coordinates": [629212.79, 5220869.07]}, "properties": {"type": "gap", "gap_m": 3.2, "vineyard_id": "V02", "row_id": "V02-R037", "reachable": true, "id": "T0085", "x": 629212.79, "y": 5220869.07, "order": 1718, "visited": true}}, {"type": "Feature", "geometry": {"type": "Point", "coordinates": [629217.07, 5220859.23]}, "properties": {"type": "gap", "gap_m": 5.9, "vineyard_id": "V02", "row_id": "V02-R037", "reachable": true, "id": "T0086", "x": 629217.07, "y": 5220859.23, "order": 1717, "visited": true}}, {"type": "Feature", "geometry": {"type": "Point", "coordinates": [629225.39, 5220839.04]}, "properties": {"type": "gap", "gap_m": 4.3, "vineyard_id": "V02", "row_id": "V02-R037", "reachable": true, "id": "T0087", "x": 629225.39, "y": 5220839.04, "order": 1712, "visited": true}}, {"type": "Feature", "geometry": {"type": "Point", "coordinates": [629230.16, 5220827.46]}, "properties": {"type": "gap", "gap_m": 4.9, "vineyard_id": "V02", "row_id": "V02-R037", "reachable": true, "id": "T0088", "x": 629230.16, "y": 5220827.46, "order": 1710, "visited": true}}, {"type": "Feature", "geometry": {"type": "Point", "coordinates": [629234.04, 5220818.05]}, "properties": {"type": "gap", "gap_m": 3.8, "vineyard_id": "V02", "row_id": "V02-R037", "reachable": true, "id": "T0089", "x": 629234.04, "y": 5220818.05, "order": null, "visited": true}}, {"type": "Feature", "geometry": {"type": "Point", "coordinates": [629241.77, 5220799.28]}, "properties": {"type": "gap", "gap_m": 35.5, "vineyard_id": "V02", "row_id": "V02-R037", "reachable": true, "id": "T0090", "x": 629241.77, "y": 5220799.28, "order": 1669, "visited": true}}, {"type": "Feature", "geometry": {"type": "Point", "coordinates": [629250.12, 5220778.19]}, "properties": {"type": "gap", "gap_m": 6.1, "vineyard_id": "V02", "row_id": "V02-R037", "reachable": true, "id": "T0091", "x": 629250.12, "y": 5220778.19, "order": 1910, "visited": true}}, {"type": "Feature", "geometry": {"type": "Point", "coordinates": [629255.37, 5220765.65]}, "properties": {"type": "gap", "gap_m": 5.1, "vineyard_id": "V02", "row_id": "V02-R037", "reachable": true, "id": "T0092", "x": 629255.37, "y": 5220765.65, "order": null, "visited": false}}, {"type": "Feature", "geometry": {"type": "Point", "coordinates": [629193.58, 5220908.29]}, "properties": {"type": "gap", "gap_m": 3.3, "vineyard_id": "V02", "row_id": "V02-R038", "reachable": true, "id": "T0093", "x": 629193.58, "y": 5220908.29, "order": null, "visited": false}}, {"type": "Feature", "geometry": {"type": "Point", "coordinates": [629211.04, 5220867.23]}, "properties": {"type": "gap", "gap_m": 3.3, "vineyard_id": "V02", "row_id": "V02-R038", "reachable": true, "id": "T0094", "x": 629211.04, "y": 5220867.23, "order": 1719, "visited": true}}, {"type": "Feature", "geometry": {"type": "Point", "coordinates": [629214.88, 5220857.81]}, "properties": {"type": "gap", "gap_m": 4.9, "vineyard_id": "V02", "row_id": "V02-R038", "reachable": true, "id": "T0095", "x": 629214.88, "y": 5220857.81, "order": 1716, "visited": true}}, {"type": "Feature", "geometry": {"type": "Point", "coordinates": [629222.05, 5220840.28]}, "properties": {"type": "gap", "gap_m": 4.1, "vineyard_id": "V02", "row_id": "V02-R038", "reachable": true, "id": "T0096", "x": 629222.05, "y": 5220840.28, "order": 1713, "visited": true}}, {"type": "Feature", "geometry": {"type": "Point", "coordinates": [629226.27, 5220830.0]}, "properties": {"type": "gap", "gap_m": 4.3, "vineyard_id": "V02", "row_id": "V02-R038", "reachable": true, "id": "T0097", "x": 629226.27, "y": 5220830.0, "order": 1711, "visited": true}}, {"type": "Feature", "geometry": {"type": "Point", "coordinates": [629229.8, 5220821.36]}, "properties": {"type": "gap", "gap_m": 5.9, "vineyard_id": "V02", "row_id": "V02-R038", "reachable": true, "id": "T0098", "x": 629229.8, "y": 5220821.36, "order": 1721, "visited": true}}, {"type": "Feature", "geometry": {"type": "Point", "coordinates": [629240.8, 5220794.87]}, "properties": {"type": "gap", "gap_m": 38.9, "vineyard_id": "V02", "row_id": "V02-R038", "reachable": true, "id": "T0099", "x": 629240.8, "y": 5220794.87, "order": 1668, "visited": true}}, {"type": "Feature", "geometry": {"type": "Point", "coordinates": [629250.04, 5220772.15]}, "properties": {"type": "gap", "gap_m": 3.9, "vineyard_id": "V02", "row_id": "V02-R038", "reachable": true, "id": "T0100", "x": 629250.04, "y": 5220772.15, "order": null, "visited": false}}, {"type": "Feature", "geometry": {"type": "Point", "coordinates": [629244.87, 5220765.0]}, "properties": {"type": "gap", "gap_m": 5.5, "vineyard_id": "V02", "row_id": "V02-R040", "reachable": true, "id": "T0101", "x": 629244.87, "y": 5220765.0, "order": 1890, "visited": true}}, {"type": "Feature", "geometry": {"type": "Point", "coordinates": [629241.39, 5220766.07]}, "properties": {"type": "gap", "gap_m": 5.9, "vineyard_id": "V02", "row_id": "V02-R041", "reachable": true, "id": "T0102", "x": 629241.39, "y": 5220766.07, "order": 1892, "visited": true}}, {"type": "Feature", "geometry": {"type": "Point", "coordinates": [629192.95, 5220903.94]}, "properties": {"type": "gap", "gap_m": 6.0, "vineyard_id": "V02", "row_id": "V02-R042", "reachable": true, "id": "T0103", "x": 629192.95, "y": 5220903.94, "order": 1723, "visited": true}}, {"type": "Feature", "geometry": {"type": "Point", "coordinates": [629196.18, 5220896.5]}, "properties": {"type": "gap", "gap_m": 8.5, "vineyard_id": "V02", "row_id": "V02-R042", "reachable": true, "id": "T0104", "x": 629196.18, "y": 5220896.5, "order": 1722, "visited": true}}, {"type": "Feature", "geometry": {"type": "Point", "coordinates": [629211.96, 5220858.24]}, "properties": {"type": "gap", "gap_m": 7.2, "vineyard_id": "V02", "row_id": "V02-R042", "reachable": true, "id": "T0105", "x": 629211.96, "y": 5220858.24, "order": 1715, "visited": true}}, {"type": "Feature", "geometry": {"type": "Point", "coordinates": [629239.28, 5220791.57]}, "properties": {"type": "gap", "gap_m": 46.0, "vineyard_id": "V02", "row_id": "V02-R042", "reachable": true, "id": "T0106", "x": 629239.28, "y": 5220791.57, "order": 1667, "visited": true}}, {"type": "Feature", "geometry": {"type": "Point", "coordinates": [629245.35, 5220780.65]}, "properties": {"type": "gap", "gap_m": 3.7, "vineyard_id": "V02", "row_id": "V02-R043", "reachable": true, "id": "T0107", "x": 629245.35, "y": 5220780.65, "order": 1895, "visited": true}}, {"type": "Feature", "geometry": {"type": "Point", "coordinates": [629242.72, 5220775.01]}, "properties": {"type": "gap", "gap_m": 4.4, "vineyard_id": "V02", "row_id": "V02-R043", "reachable": true, "id": "T0108", "x": 629242.72, "y": 5220775.01, "order": 1894, "visited": true}}, {"type": "Feature", "geometry": {"type": "Point", "coordinates": [629238.53, 5220766.04]}, "properties": {"type": "gap", "gap_m": 6.2, "vineyard_id": "V02", "row_id": "V02-R043", "reachable": true, "id": "T0109", "x": 629238.53, "y": 5220766.04, "order": 1893, "visited": true}}, {"type": "Feature", "geometry": {"type": "Point", "coordinates": [629236.74, 5220767.13]}, "properties": {"type": "gap", "gap_m": 10.1, "vineyard_id": "V02", "row_id": "V02-R044", "reachable": true, "id": "T0110", "x": 629236.74, "y": 5220767.13, "order": 1893, "visited": true}}, {"type": "Feature", "geometry": {"type": "Point", "coordinates": [629243.24, 5220786.07]}, "properties": {"type": "gap", "gap_m": 3.4, "vineyard_id": "V02", "row_id": "V02-R045", "reachable": true, "id": "T0111", "x": 629243.24, "y": 5220786.07, "order": 1898, "visited": true}}, {"type": "Feature", "geometry": {"type": "Point", "coordinates": [629238.66, 5220776.25]}, "properties": {"type": "gap", "gap_m": 3.1, "vineyard_id": "V02", "row_id": "V02-R045", "reachable": true, "id": "T0112", "x": 629238.66, "y": 5220776.25, "order": 1896, "visited": true}}, {"type": "Feature", "geometry": {"type": "Point", "coordinates": [629234.2, 5220766.69]}, "properties": {"type": "gap", "gap_m": 3.0, "vineyard_id": "V02", "row_id": "V02-R045", "reachable": true, "id": "T0113", "x": 629234.2, "y": 5220766.69, "order": 1897, "visited": true}}, {"type": "Feature", "geometry": {"type": "Point", "coordinates": [629246.04, 5220797.36]}, "properties": {"type": "gap", "gap_m": 4.0, "vineyard_id": "V02", "row_id": "V02-R047", "reachable": true, "id": "T0114", "x": 629246.04, "y": 5220797.36, "order": 1899, "visited": true}}, {"type": "Feature", "geometry": {"type": "Point", "coordinates": [629234.51, 5220772.57]}, "properties": {"type": "gap", "gap_m": 3.2, "vineyard_id": "V02", "row_id": "V02-R047", "reachable": true, "id": "T0115", "x": 629234.51, "y": 5220772.57, "order": null, "visited": false}}, {"type": "Feature", "geometry": {"type": "Point", "coordinates": [629243.39, 5220798.5]}, "properties": {"type": "gap", "gap_m": 7.3, "vineyard_id": "V02", "row_id": "V02-R048", "reachable": true, "id": "T0116", "x": 629243.39, "y": 5220798.5, "order": 1669, "visited": true}}, {"type": "Feature", "geometry": {"type": "Point", "coordinates": [629240.32, 5220791.89]}, "properties": {"type": "gap", "gap_m": 5.0, "vineyard_id": "V02", "row_id": "V02-R048", "reachable": true, "id": "T0117", "x": 629240.32, "y": 5220791.89, "order": 1667, "visited": true}}, {"type": "Feature", "geometry": {"type": "Point", "coordinates": [629233.07, 5220776.29]}, "properties": {"type": "gap", "gap_m": 10.1, "vineyard_id": "V02", "row_id": "V02-R048", "reachable": true, "id": "T0118", "x": 629233.07, "y": 5220776.29, "order": 1900, "visited": true}}, {"type": "Feature", "geometry": {"type": "Point", "coordinates": [629228.71, 5220766.92]}, "properties": {"type": "gap", "gap_m": 9.7, "vineyard_id": "V02", "row_id": "V02-R048", "reachable": true, "id": "T0119", "x": 629228.71, "y": 5220766.92, "order": 1664, "visited": true}}, {"type": "Feature", "geometry": {"type": "Point", "coordinates": [629240.07, 5220796.64]}, "properties": {"type": "gap", "gap_m": 7.1, "vineyard_id": "V02", "row_id": "V02-R049", "reachable": true, "id": "T0120", "x": 629240.07, "y": 5220796.64, "order": 1673, "visited": true}}, {"type": "Feature", "geometry": {"type": "Point", "coordinates": [629234.96, 5220785.72]}, "properties": {"type": "gap", "gap_m": 3.1, "vineyard_id": "V02", "row_id": "V02-R049", "reachable": true, "id": "T0121", "x": 629234.96, "y": 5220785.72, "order": 1665, "visited": true}}, {"type": "Feature", "geometry": {"type": "Point", "coordinates": [629228.96, 5220772.89]}, "properties": {"type": "gap", "gap_m": 9.3, "vineyard_id": "V02", "row_id": "V02-R049", "reachable": true, "id": "T0122", "x": 629228.96, "y": 5220772.89, "order": 1902, "visited": true}}, {"type": "Feature", "geometry": {"type": "Point", "coordinates": [629190.13, 5220903.58]}, "properties": {"type": "gap", "gap_m": 5.3, "vineyard_id": "V02", "row_id": "V02-R050", "reachable": true, "id": "T0123", "x": 629190.13, "y": 5220903.58, "order": 1724, "visited": true}}, {"type": "Feature", "geometry": {"type": "Point", "coordinates": [629198.68, 5220883.18]}, "properties": {"type": "gap", "gap_m": 4.9, "vineyard_id": "V02", "row_id": "V02-R050", "reachable": true, "id": "T0124", "x": 629198.68, "y": 5220883.18, "order": null, "visited": true}}, {"type": "Feature", "geometry": {"type": "Point", "coordinates": [629205.63, 5220866.46]}, "properties": {"type": "gap", "gap_m": 8.4, "vineyard_id": "V02", "row_id": "V02-R050", "reachable": true, "id": "T0125", "x": 629205.63, "y": 5220866.46, "order": 1720, "visited": true}}, {"type": "Feature", "geometry": {"type": "Point", "coordinates": [629208.24, 5220860.6]}, "properties": {"type": "gap", "gap_m": 3.0, "vineyard_id": "V02", "row_id": "V02-R050", "reachable": true, "id": "T0126", "x": 629208.24, "y": 5220860.6, "order": 1714, "visited": true}}, {"type": "Feature", "geometry": {"type": "Point", "coordinates": [629217.85, 5220837.1]}, "properties": {"type": "gap", "gap_m": 4.0, "vineyard_id": "V02", "row_id": "V02-R050", "reachable": true, "id": "T0127", "x": 629217.85, "y": 5220837.1, "order": null, "visited": true}}, {"type": "Feature", "geometry": {"type": "Point", "coordinates": [629237.91, 5220787.82]}, "properties": {"type": "gap", "gap_m": 53.9, "vineyard_id": "V02", "row_id": "V02-R050", "reachable": true, "id": "T0128", "x": 629237.91, "y": 5220787.82, "order": 1666, "visited": true}}, {"type": "Feature", "geometry": {"type": "Point", "coordinates": [629237.22, 5220795.49]}, "properties": {"type": "gap", "gap_m": 11.6, "vineyard_id": "V02", "row_id": "V02-R051", "reachable": true, "id": "T0129", "x": 629237.22, "y": 5220795.49, "order": 1674, "visited": true}}, {"type": "Feature", "geometry": {"type": "Point", "coordinates": [629232.32, 5220785.0]}, "properties": {"type": "gap", "gap_m": 9.8, "vineyard_id": "V02", "row_id": "V02-R051", "reachable": true, "id": "T0130", "x": 629232.32, "y": 5220785.0, "order": 1677, "visited": true}}, {"type": "Feature", "geometry": {"type": "Point", "coordinates": [629228.64, 5220777.12]}, "properties": {"type": "gap", "gap_m": 6.1, "vineyard_id": "V02", "row_id": "V02-R051", "reachable": true, "id": "T0131", "x": 629228.64, "y": 5220777.12, "order": 1901, "visited": true}}, {"type": "Feature", "geometry": {"type": "Point", "coordinates": [629214.3, 5220839.2]}, "properties": {"type": "gap", "gap_m": 4.6, "vineyard_id": "V02", "row_id": "V02-R052", "reachable": true, "id": "T0132", "x": 629214.3, "y": 5220839.2, "order": null, "visited": true}}, {"type": "Feature", "geometry": {"type": "Point", "coordinates": [629236.63, 5220801.9]}, "properties": {"type": "gap", "gap_m": 3.2, "vineyard_id": "V02", "row_id": "V02-R053", "reachable": true, "id": "T0133", "x": 629236.63, "y": 5220801.9, "order": null, "visited": false}}, {"type": "Feature", "geometry": {"type": "Point", "coordinates": [629233.6, 5220795.38]}, "properties": {"type": "gap", "gap_m": 9.7, "vineyard_id": "V02", "row_id": "V02-R053", "reachable": true, "id": "T0134", "x": 629233.6, "y": 5220795.38, "order": 1675, "visited": true}}, {"type": "Feature", "geometry": {"type": "Point", "coordinates": [629222.58, 5220771.67]}, "properties": {"type": "gap", "gap_m": 6.3, "vineyard_id": "V02", "row_id": "V02-R053", "reachable": true, "id": "T0135", "x": 629222.58, "y": 5220771.67, "order": 1678, "visited": true}}, {"type": "Feature", "geometry": {"type": "Point", "coordinates": [629232.76, 5220787.23]}, "properties": {"type": "gap", "gap_m": 55.3, "vineyard_id": "V02", "row_id": "V02-R054", "reachable": true, "id": "T0136", "x": 629232.76, "y": 5220787.23, "order": 1676, "visited": true}}, {"type": "Feature", "geometry": {"type": "Point", "coordinates": [629230.73, 5220786.66]}, "properties": {"type": "gap", "gap_m": 57.7, "vineyard_id": "V02", "row_id": "V02-R055", "reachable": true, "id": "T0137", "x": 629230.73, "y": 5220786.66, "order": 1677, "visited": true}}, {"type": "Feature", "geometry": {"type": "Point", "coordinates": [629243.76, 5220753.44]}, "properties": {"type": "gap", "gap_m": 5.1, "vineyard_id": "V02", "row_id": "V02-R055", "reachable": true, "id": "T0138", "x": 629243.76, "y": 5220753.44, "order": 1891, "visited": true}}, {"type": "Feature", "geometry": {"type": "Point", "coordinates": [629232.47, 5220803.08]}, "properties": {"type": "gap", "gap_m": 4.7, "vineyard_id": "V02", "row_id": "V02-R056", "reachable": true, "id": "T0139", "x": 629232.47, "y": 5220803.08, "order": 1708, "visited": true}}, {"type": "Feature", "geometry": {"type": "Point", "coordinates": [629230.23, 5220798.28]}, "properties": {"type": "gap", "gap_m": 4.4, "vineyard_id": "V02", "row_id": "V02-R056", "reachable": true, "id": "T0140", "x": 629230.23, "y": 5220798.28, "order": 1707, "visited": true}}, {"type": "Feature", "geometry": {"type": "Point", "coordinates": [629228.37, 5220794.31]}, "properties": {"type": "gap", "gap_m": 3.3, "vineyard_id": "V02", "row_id": "V02-R056", "reachable": true, "id": "T0141", "x": 629228.37, "y": 5220794.31, "order": 1706, "visited": true}}, {"type": "Feature", "geometry": {"type": "Point", "coordinates": [629226.79, 5220790.92]}, "properties": {"type": "gap", "gap_m": 3.1, "vineyard_id": "V02", "row_id": "V02-R056", "reachable": true, "id": "T0142", "x": 629226.79, "y": 5220790.92, "order": 1705, "visited": true}}, {"type": "Feature", "geometry": {"type": "Point", "coordinates": [629222.54, 5220781.81]}, "properties": {"type": "gap", "gap_m": 9.0, "vineyard_id": "V02", "row_id": "V02-R056", "reachable": true, "id": "T0143", "x": 629222.54, "y": 5220781.81, "order": 1703, "visited": true}}, {"type": "Feature", "geometry": {"type": "Point", "coordinates": [629218.22, 5220772.56]}, "properties": {"type": "gap", "gap_m": 9.3, "vineyard_id": "V02", "row_id": "V02-R056", "reachable": true, "id": "T0144", "x": 629218.22, "y": 5220772.56, "order": 1702, "visited": true}}, {"type": "Feature", "geometry": {"type": "Point", "coordinates": [629231.94, 5220807.62]}, "properties": {"type": "gap", "gap_m": 4.8, "vineyard_id": "V02", "row_id": "V02-R059", "reachable": true, "id": "T0146", "x": 629231.94, "y": 5220807.62, "order": 1709, "visited": true}}, {"type": "Feature", "geometry": {"type": "Point", "coordinates": [629222.88, 5220788.15]}, "properties": {"type": "gap", "gap_m": 3.1, "vineyard_id": "V02", "row_id": "V02-R059", "reachable": true, "id": "T0147", "x": 629222.88, "y": 5220788.15, "order": 1698, "visited": true}}, {"type": "Feature", "geometry": {"type": "Point", "coordinates": [629220.51, 5220783.07]}, "properties": {"type": "gap", "gap_m": 6.4, "vineyard_id": "V02", "row_id": "V02-R059", "reachable": true, "id": "T0148", "x": 629220.51, "y": 5220783.07, "order": 1703, "visited": true}}, {"type": "Feature", "geometry": {"type": "Point", "coordinates": [629214.78, 5220770.77]}, "properties": {"type": "gap", "gap_m": 12.8, "vineyard_id": "V02", "row_id": "V02-R059", "reachable": true, "id": "T0149", "x": 629214.78, "y": 5220770.77, "order": 1701, "visited": true}}, {"type": "Feature", "geometry": {"type": "Point", "coordinates": [629224.54, 5220787.13]}, "properties": {"type": "gap", "gap_m": 55.4, "vineyard_id": "V02", "row_id": "V02-R060", "reachable": true, "id": "T0150", "x": 629224.54, "y": 5220787.13, "order": 1704, "visited": true}}, {"type": "Feature", "geometry": {"type": "Point", "coordinates": [629246.03, 5220733.84]}, "properties": {"type": "gap", "gap_m": 4.2, "vineyard_id": "V02", "row_id": "V02-R060", "reachable": true, "id": "T0151", "x": 629246.03, "y": 5220733.84, "order": 1659, "visited": true}}, {"type": "Feature", "geometry": {"type": "Point", "coordinates": [629229.79, 5220807.67]}, "properties": {"type": "gap", "gap_m": 5.5, "vineyard_id": "V02", "row_id": "V02-R061", "reachable": true, "id": "T0152", "x": 629229.79, "y": 5220807.67, "order": 1693, "visited": true}}, {"type": "Feature", "geometry": {"type": "Point", "coordinates": [629226.91, 5220801.53]}, "properties": {"type": "gap", "gap_m": 6.0, "vineyard_id": "V02", "row_id": "V02-R061", "reachable": true, "id": "T0153", "x": 629226.91, "y": 5220801.53, "order": 1694, "visited": true}}, {"type": "Feature", "geometry": {"type": "Point", "coordinates": [629223.98, 5220795.26]}, "properties": {"type": "gap", "gap_m": 6.2, "vineyard_id": "V02", "row_id": "V02-R061", "reachable": true, "id": "T0154", "x": 629223.98, "y": 5220795.26, "order": 1699, "visited": true}}, {"type": "Feature", "geometry": {"type": "Point", "coordinates": [629216.58, 5220779.44]}, "properties": {"type": "gap", "gap_m": 13.2, "vineyard_id": "V02", "row_id": "V02-R061", "reachable": true, "id": "T0155", "x": 629216.58, "y": 5220779.44, "order": 1697, "visited": true}}, {"type": "Feature", "geometry": {"type": "Point", "coordinates": [629221.69, 5220787.19]}, "properties": {"type": "gap", "gap_m": 55.3, "vineyard_id": "V02", "row_id": "V02-R062", "reachable": true, "id": "T0156", "x": 629221.69, "y": 5220787.19, "order": 1698, "visited": true}}, {"type": "Feature", "geometry": {"type": "Point", "coordinates": [629243.93, 5220732.61]}, "properties": {"type": "gap", "gap_m": 4.2, "vineyard_id": "V02", "row_id": "V02-R062", "reachable": true, "id": "T0157", "x": 629243.93, "y": 5220732.61, "order": 1658, "visited": true}}, {"type": "Feature", "geometry": {"type": "Point", "coordinates": [629227.15, 5220807.51]}, "properties": {"type": "gap", "gap_m": 5.5, "vineyard_id": "V02", "row_id": "V02-R063", "reachable": true, "id": "T0158", "x": 629227.15, "y": 5220807.51, "order": 1692, "visited": true}}, {"type": "Feature", "geometry": {"type": "Point", "coordinates": [629218.47, 5220788.85]}, "properties": {"type": "gap", "gap_m": 6.2, "vineyard_id": "V02", "row_id": "V02-R063", "reachable": true, "id": "T0159", "x": 629218.47, "y": 5220788.85, "order": 1689, "visited": true}}, {"type": "Feature", "geometry": {"type": "Point", "coordinates": [629214.03, 5220779.3]}, "properties": {"type": "gap", "gap_m": 6.2, "vineyard_id": "V02", "row_id": "V02-R063", "reachable": true, "id": "T0160", "x": 629214.03, "y": 5220779.3, "order": 1696, "visited": true}}, {"type": "Feature", "geometry": {"type": "Point", "coordinates": [629176.59, 5220890.05]}, "properties": {"type": "gap", "gap_m": 3.1, "vineyard_id": "V02", "row_id": "V02-R064", "reachable": true, "id": "T0161", "x": 629176.59, "y": 5220890.05, "order": null, "visited": false}}, {"type": "Feature", "geometry": {"type": "Point", "coordinates": [629178.07, 5220886.52]}, "properties": {"type": "gap", "gap_m": 3.4, "vineyard_id": "V02", "row_id": "V02-R064", "reachable": true, "id": "T0162", "x": 629178.07, "y": 5220886.52, "order": null, "visited": false}}, {"type": "Feature", "geometry": {"type": "Point", "coordinates": [629187.36, 5220864.36]}, "properties": {"type": "gap", "gap_m": 4.5, "vineyard_id": "V02", "row_id": "V02-R064", "reachable": true, "id": "T0163", "x": 629187.36, "y": 5220864.36, "order": null, "visited": false}}, {"type": "Feature", "geometry": {"type": "Point", "coordinates": [629206.32, 5220818.28]}, "properties": {"type": "gap", "gap_m": 4.2, "vineyard_id": "V02", "row_id": "V02-R064", "reachable": true, "id": "T0164", "x": 629206.32, "y": 5220818.28, "order": null, "visited": false}}, {"type": "Feature", "geometry": {"type": "Point", "coordinates": [629219.08, 5220787.24]}, "properties": {"type": "gap", "gap_m": 55.4, "vineyard_id": "V02", "row_id": "V02-R064", "reachable": true, "id": "T0165", "x": 629219.08, "y": 5220787.24, "order": 1695, "visited": true}}, {"type": "Feature", "geometry": {"type": "Point", "coordinates": [629241.77, 5220731.55]}, "properties": {"type": "gap", "gap_m": 4.7, "vineyard_id": "V02", "row_id": "V02-R064", "reachable": true, "id": "T0166", "x": 629241.77, "y": 5220731.55, "order": 1657, "visited": true}}, {"type": "Feature", "geometry": {"type": "Point", "coordinates": [629225.69, 5220808.75]}, "properties": {"type": "gap", "gap_m": 3.8, "vineyard_id": "V02", "row_id": "V02-R065", "reachable": true, "id": "T0167", "x": 629225.69, "y": 5220808.75, "order": 1692, "visited": true}}, {"type": "Feature", "geometry": {"type": "Point", "coordinates": [629221.84, 5220800.5]}, "properties": {"type": "gap", "gap_m": 6.2, "vineyard_id": "V02", "row_id": "V02-R065", "reachable": true, "id": "T0168", "x": 629221.84, "y": 5220800.5, "order": 1691, "visited": true}}, {"type": "Feature", "geometry": {"type": "Point", "coordinates": [629219.01, 5220794.42]}, "properties": {"type": "gap", "gap_m": 5.8, "vineyard_id": "V02", "row_id": "V02-R065", "reachable": true, "id": "T0169", "x": 629219.01, "y": 5220794.42, "order": 1690, "visited": true}}, {"type": "Feature", "geometry": {"type": "Point", "coordinates": [629213.0, 5220781.54]}, "properties": {"type": "gap", "gap_m": 6.4, "vineyard_id": "V02", "row_id": "V02-R065", "reachable": true, "id": "T0170", "x": 629213.0, "y": 5220781.54, "order": 1687, "visited": true}}, {"type": "Feature", "geometry": {"type": "Point", "coordinates": [629205.89, 5220766.29]}, "properties": {"type": "gap", "gap_m": 6.5, "vineyard_id": "V02", "row_id": "V02-R065", "reachable": true, "id": "T0171", "x": 629205.89, "y": 5220766.29, "order": 1686, "visited": true}}, {"type": "Feature", "geometry": {"type": "Point", "coordinates": [629191.3, 5220848.23]}, "properties": {"type": "gap", "gap_m": 6.3, "vineyard_id": "V02", "row_id": "V02-R066", "reachable": true, "id": "T0172", "x": 629191.3, "y": 5220848.23, "order": 1953, "visited": true}}, {"type": "Feature", "geometry": {"type": "Point", "coordinates": [629194.41, 5220840.76]}, "properties": {"type": "gap", "gap_m": 5.7, "vineyard_id": "V02", "row_id": "V02-R066", "reachable": true, "id": "T0173", "x": 629194.41, "y": 5220840.76, "order": null, "visited": true}}, {"type": "Feature", "geometry": {"type": "Point", "coordinates": [629216.31, 5220787.23]}, "properties": {"type": "gap", "gap_m": 55.3, "vineyard_id": "V02", "row_id": "V02-R066", "reachable": true, "id": "T0174", "x": 629216.31, "y": 5220787.23, "order": 1688, "visited": true}}, {"type": "Feature", "geometry": {"type": "Point", "coordinates": [629228.91, 5220755.98]}, "properties": {"type": "gap", "gap_m": 4.2, "vineyard_id": "V02", "row_id": "V02-R066", "reachable": true, "id": "T0175", "x": 629228.91, "y": 5220755.98, "order": 1663, "visited": true}}, {"type": "Feature", "geometry": {"type": "Point", "coordinates": [629234.8, 5220741.32]}, "properties": {"type": "gap", "gap_m": 12.4, "vineyard_id": "V02", "row_id": "V02-R066", "reachable": true, "id": "T0176", "x": 629234.8, "y": 5220741.32, "order": 1662, "visited": true}}, {"type": "Feature", "geometry": {"type": "Point", "coordinates": [629239.51, 5220729.62]}, "properties": {"type": "gap", "gap_m": 5.3, "vineyard_id": "V02", "row_id": "V02-R066", "reachable": true, "id": "T0177", "x": 629239.51, "y": 5220729.62, "order": 1656, "visited": true}}, {"type": "Feature", "geometry": {"type": "Point", "coordinates": [629192.24, 5220839.49]}, "properties": {"type": "gap", "gap_m": 6.5, "vineyard_id": "V02", "row_id": "V02-R067", "reachable": true, "id": "T0178", "x": 629192.24, "y": 5220839.49, "order": 1952, "visited": true}}, {"type": "Feature", "geometry": {"type": "Point", "coordinates": [629231.82, 5220742.04]}, "properties": {"type": "gap", "gap_m": 10.2, "vineyard_id": "V02", "row_id": "V02-R067", "reachable": true, "id": "T0180", "x": 629231.82, "y": 5220742.04, "order": 1661, "visited": true}}, {"type": "Feature", "geometry": {"type": "Point", "coordinates": [629237.36, 5220728.35]}, "properties": {"type": "gap", "gap_m": 5.1, "vineyard_id": "V02", "row_id": "V02-R067", "reachable": true, "id": "T0181", "x": 629237.36, "y": 5220728.35, "order": 1655, "visited": true}}, {"type": "Feature", "geometry": {"type": "Point", "coordinates": [629213.6, 5220793.8]}, "properties": {"type": "gap", "gap_m": 6.3, "vineyard_id": "V02", "row_id": "V02-R068", "reachable": true, "id": "T0182", "x": 629213.6, "y": 5220793.8, "order": 1725, "visited": true}}, {"type": "Feature", "geometry": {"type": "Point", "coordinates": [629210.65, 5220787.48]}, "properties": {"type": "gap", "gap_m": 6.5, "vineyard_id": "V02", "row_id": "V02-R068", "reachable": true, "id": "T0183", "x": 629210.65, "y": 5220787.48, "order": 1726, "visited": true}}, {"type": "Feature", "geometry": {"type": "Point", "coordinates": [629207.71, 5220781.18]}, "properties": {"type": "gap", "gap_m": 5.8, "vineyard_id": "V02", "row_id": "V02-R068", "reachable": true, "id": "T0184", "x": 629207.71, "y": 5220781.18, "order": 1729, "visited": true}}, {"type": "Feature", "geometry": {"type": "Point", "coordinates": [629204.82, 5220774.99]}, "properties": {"type": "gap", "gap_m": 5.7, "vineyard_id": "V02", "row_id": "V02-R068", "reachable": true, "id": "T0185", "x": 629204.82, "y": 5220774.99, "order": 1731, "visited": true}}, {"type": "Feature", "geometry": {"type": "Point", "coordinates": [629189.7, 5220838.79]}, "properties": {"type": "gap", "gap_m": 4.4, "vineyard_id": "V02", "row_id": "V02-R069", "reachable": true, "id": "T0186", "x": 629189.7, "y": 5220838.79, "order": 1955, "visited": true}}, {"type": "Feature", "geometry": {"type": "Point", "coordinates": [629192.7, 5220831.69]}, "properties": {"type": "gap", "gap_m": 7.3, "vineyard_id": "V02", "row_id": "V02-R069", "reachable": true, "id": "T0187", "x": 629192.7, "y": 5220831.69, "order": 1954, "visited": true}}, {"type": "Feature", "geometry": {"type": "Point", "coordinates": [629197.88, 5220819.21]}, "properties": {"type": "gap", "gap_m": 4.3, "vineyard_id": "V02", "row_id": "V02-R069", "reachable": true, "id": "T0188", "x": 629197.88, "y": 5220819.21, "order": 1956, "visited": true}}, {"type": "Feature", "geometry": {"type": "Point", "coordinates": [629211.01, 5220787.43]}, "properties": {"type": "gap", "gap_m": 55.5, "vineyard_id": "V02", "row_id": "V02-R069", "reachable": true, "id": "T0189", "x": 629211.01, "y": 5220787.43, "order": 1726, "visited": true}}, {"type": "Feature", "geometry": {"type": "Point", "coordinates": [629224.42, 5220753.52]}, "properties": {"type": "gap", "gap_m": 3.1, "vineyard_id": "V02", "row_id": "V02-R069", "reachable": true, "id": "T0190", "x": 629224.42, "y": 5220753.52, "order": 1679, "visited": true}}, {"type": "Feature", "geometry": {"type": "Point", "coordinates": [629231.61, 5220735.8]}, "properties": {"type": "gap", "gap_m": 6.0, "vineyard_id": "V02", "row_id": "V02-R069", "reachable": true, "id": "T0191", "x": 629231.61, "y": 5220735.8, "order": 1660, "visited": true}}, {"type": "Feature", "geometry": {"type": "Point", "coordinates": [629235.5, 5220726.21]}, "properties": {"type": "gap", "gap_m": 7.0, "vineyard_id": "V02", "row_id": "V02-R069", "reachable": true, "id": "T0192", "x": 629235.5, "y": 5220726.21, "order": 1654, "visited": true}}, {"type": "Feature", "geometry": {"type": "Point", "coordinates": [629216.02, 5220804.6]}, "properties": {"type": "gap", "gap_m": 9.5, "vineyard_id": "V02", "row_id": "V02-R070", "reachable": true, "id": "T0193", "x": 629216.02, "y": 5220804.6, "order": null, "visited": true}}, {"type": "Feature", "geometry": {"type": "Point", "coordinates": [629212.42, 5220796.86]}, "properties": {"type": "gap", "gap_m": 6.6, "vineyard_id": "V02", "row_id": "V02-R070", "reachable": true, "id": "T0194", "x": 629212.42, "y": 5220796.86, "order": 1740, "visited": true}}, {"type": "Feature", "geometry": {"type": "Point", "coordinates": [629209.48, 5220790.53]}, "properties": {"type": "gap", "gap_m": 6.1, "vineyard_id": "V02", "row_id": "V02-R070", "reachable": true, "id": "T0195", "x": 629209.48, "y": 5220790.53, "order": 1739, "visited": true}}, {"type": "Feature", "geometry": {"type": "Point", "coordinates": [629206.53, 5220784.19]}, "properties": {"type": "gap", "gap_m": 6.2, "vineyard_id": "V02", "row_id": "V02-R070", "reachable": true, "id": "T0196", "x": 629206.53, "y": 5220784.19, "order": 1728, "visited": true}}, {"type": "Feature", "geometry": {"type": "Point", "coordinates": [629203.58, 5220777.84]}, "properties": {"type": "gap", "gap_m": 5.8, "vineyard_id": "V02", "row_id": "V02-R070", "reachable": true, "id": "T0197", "x": 629203.58, "y": 5220777.84, "order": 1730, "visited": true}}, {"type": "Feature", "geometry": {"type": "Point", "coordinates": [629208.3, 5220796.21]}, "properties": {"type": "gap", "gap_m": 3.2, "vineyard_id": "V02", "row_id": "V02-R071", "reachable": true, "id": "T0198", "x": 629208.3, "y": 5220796.21, "order": 1742, "visited": true}}, {"type": "Feature", "geometry": {"type": "Point", "coordinates": [629204.75, 5220788.62]}, "properties": {"type": "gap", "gap_m": 6.0, "vineyard_id": "V02", "row_id": "V02-R071", "reachable": true, "id": "T0199", "x": 629204.75, "y": 5220788.62, "order": 1738, "visited": true}}, {"type": "Feature", "geometry": {"type": "Point", "coordinates": [629201.8, 5220782.33]}, "properties": {"type": "gap", "gap_m": 6.0, "vineyard_id": "V02", "row_id": "V02-R071", "reachable": true, "id": "T0200", "x": 629201.8, "y": 5220782.33, "order": 1736, "visited": true}}, {"type": "Feature", "geometry": {"type": "Point", "coordinates": [629209.16, 5220804.6]}, "properties": {"type": "gap", "gap_m": 5.7, "vineyard_id": "V02", "row_id": "V02-R072", "reachable": true, "id": "T0201", "x": 629209.16, "y": 5220804.6, "order": 1741, "visited": true}}, {"type": "Feature", "geometry": {"type": "Point", "coordinates": [629205.5, 5220796.78]}, "properties": {"type": "gap", "gap_m": 10.4, "vineyard_id": "V02", "row_id": "V02-R072", "reachable": true, "id": "T0202", "x": 629205.5, "y": 5220796.78, "order": 1743, "visited": true}}, {"type": "Feature", "geometry": {"type": "Point", "coordinates": [629199.59, 5220784.13]}, "properties": {"type": "gap", "gap_m": 3.1, "vineyard_id": "V02", "row_id": "V02-R072", "reachable": true, "id": "T0203", "x": 629199.59, "y": 5220784.13, "order": 1744, "visited": true}}, {"type": "Feature", "geometry": {"type": "Point", "coordinates": [629205.34, 5220803.8]}, "properties": {"type": "gap", "gap_m": 3.2, "vineyard_id": "V02", "row_id": "V02-R073", "reachable": true, "id": "T0204", "x": 629205.34, "y": 5220803.8, "order": null, "visited": false}}, {"type": "Feature", "geometry": {"type": "Point", "coordinates": [629201.68, 5220795.92]}, "properties": {"type": "gap", "gap_m": 6.3, "vineyard_id": "V02", "row_id": "V02-R073", "reachable": true, "id": "T0205", "x": 629201.68, "y": 5220795.92, "order": null, "visited": true}}, {"type": "Feature", "geometry": {"type": "Point", "coordinates": [629198.02, 5220788.03]}, "properties": {"type": "gap", "gap_m": 3.1, "vineyard_id": "V02", "row_id": "V02-R073", "reachable": true, "id": "T0206", "x": 629198.02, "y": 5220788.03, "order": null, "visited": true}}, {"type": "Feature", "geometry": {"type": "Point", "coordinates": [629205.67, 5220810.34]}, "properties": {"type": "gap", "gap_m": 3.1, "vineyard_id": "V02", "row_id": "V02-R074", "reachable": true, "id": "T0207", "x": 629205.67, "y": 5220810.34, "order": null, "visited": false}}, {"type": "Feature", "geometry": {"type": "Point", "coordinates": [629203.48, 5220805.63]}, "properties": {"type": "gap", "gap_m": 5.5, "vineyard_id": "V02", "row_id": "V02-R074", "reachable": true, "id": "T0208", "x": 629203.48, "y": 5220805.63, "order": 1950, "visited": true}}, {"type": "Feature", "geometry": {"type": "Point", "coordinates": [629199.57, 5220797.18]}, "properties": {"type": "gap", "gap_m": 3.4, "vineyard_id": "V02", "row_id": "V02-R074", "reachable": true, "id": "T0209", "x": 629199.57, "y": 5220797.18, "order": 1948, "visited": true}}, {"type": "Feature", "geometry": {"type": "Point", "coordinates": [629200.96, 5220805.1]}, "properties": {"type": "gap", "gap_m": 5.6, "vineyard_id": "V02", "row_id": "V02-R075", "reachable": true, "id": "T0210", "x": 629200.96, "y": 5220805.1, "order": 1951, "visited": true}}, {"type": "Feature", "geometry": {"type": "Point", "coordinates": [629198.7, 5220800.32]}, "properties": {"type": "gap", "gap_m": 3.0, "vineyard_id": "V02", "row_id": "V02-R075", "reachable": true, "id": "T0211", "x": 629198.7, "y": 5220800.32, "order": 1949, "visited": true}}, {"type": "Feature", "geometry": {"type": "Point", "coordinates": [629190.9, 5220829.07]}, "properties": {"type": "gap", "gap_m": 3.2, "vineyard_id": "V02", "row_id": "V02-R076", "reachable": true, "id": "T0212", "x": 629190.9, "y": 5220829.07, "order": 1957, "visited": true}}, {"type": "Feature", "geometry": {"type": "Point", "coordinates": [629208.08, 5220787.29]}, "properties": {"type": "gap", "gap_m": 56.7, "vineyard_id": "V02", "row_id": "V02-R076", "reachable": true, "id": "T0213", "x": 629208.08, "y": 5220787.29, "order": 1727, "visited": true}}, {"type": "Feature", "geometry": {"type": "Point", "coordinates": [629223.03, 5220750.58]}, "properties": {"type": "gap", "gap_m": 3.9, "vineyard_id": "V02", "row_id": "V02-R076", "reachable": true, "id": "T0214", "x": 629223.03, "y": 5220750.58, "order": 1680, "visited": true}}, {"type": "Feature", "geometry": {"type": "Point", "coordinates": [629233.39, 5220725.14]}, "properties": {"type": "gap", "gap_m": 7.0, "vineyard_id": "V02", "row_id": "V02-R076", "reachable": true, "id": "T0215", "x": 629233.39, "y": 5220725.14, "order": 1653, "visited": true}}, {"type": "Feature", "geometry": {"type": "Point", "coordinates": [629207.19, 5220782.87]}, "properties": {"type": "gap", "gap_m": 56.1, "vineyard_id": "V02", "row_id": "V02-R078", "reachable": true, "id": "T0216", "x": 629207.19, "y": 5220782.87, "order": 1728, "visited": true}}, {"type": "Feature", "geometry": {"type": "Point", "coordinates": [629230.78, 5220724.87]}, "properties": {"type": "gap", "gap_m": 4.3, "vineyard_id": "V02", "row_id": "V02-R078", "reachable": true, "id": "T0217", "x": 629230.78, "y": 5220724.87, "order": 1652, "visited": true}}, {"type": "Feature", "geometry": {"type": "Point", "coordinates": [629161.08, 5220887.06]}, "properties": {"type": "gap", "gap_m": 6.9, "vineyard_id": "V02", "row_id": "V02-R079", "reachable": true, "id": "T0218", "x": 629161.08, "y": 5220887.06, "order": null, "visited": false}}, {"type": "Feature", "geometry": {"type": "Point", "coordinates": [629166.85, 5220873.48]}, "properties": {"type": "gap", "gap_m": 6.9, "vineyard_id": "V02", "row_id": "V02-R079", "reachable": true, "id": "T0219", "x": 629166.85, "y": 5220873.48, "order": null, "visited": false}}, {"type": "Feature", "geometry": {"type": "Point", "coordinates": [629174.47, 5220855.51]}, "properties": {"type": "gap", "gap_m": 3.9, "vineyard_id": "V02", "row_id": "V02-R079", "reachable": true, "id": "T0220", "x": 629174.47, "y": 5220855.51, "order": 1958, "visited": true}}, {"type": "Feature", "geometry": {"type": "Point", "coordinates": [629204.75, 5220781.12]}, "properties": {"type": "gap", "gap_m": 42.5, "vineyard_id": "V02", "row_id": "V02-R079", "reachable": true, "id": "T0221", "x": 629204.75, "y": 5220781.12, "order": 1737, "visited": true}}, {"type": "Feature", "geometry": {"type": "Point", "coordinates": [629228.3, 5220724.26]}, "properties": {"type": "gap", "gap_m": 5.6, "vineyard_id": "V02", "row_id": "V02-R079", "reachable": true, "id": "T0222", "x": 629228.3, "y": 5220724.26, "order": 1651, "visited": true}}, {"type": "Feature", "geometry": {"type": "Point", "coordinates": [629160.78, 5220880.74]}, "properties": {"type": "gap", "gap_m": 5.2, "vineyard_id": "V02", "row_id": "V02-R080", "reachable": true, "id": "T0223", "x": 629160.78, "y": 5220880.74, "order": null, "visited": false}}, {"type": "Feature", "geometry": {"type": "Point", "coordinates": [629168.18, 5220863.08]}, "properties": {"type": "gap", "gap_m": 8.0, "vineyard_id": "V02", "row_id": "V02-R080", "reachable": true, "id": "T0224", "x": 629168.18, "y": 5220863.08, "order": null, "visited": false}}, {"type": "Feature", "geometry": {"type": "Point", "coordinates": [629174.72, 5220847.81]}, "properties": {"type": "gap", "gap_m": 3.2, "vineyard_id": "V02", "row_id": "V02-R080", "reachable": true, "id": "T0225", "x": 629174.72, "y": 5220847.81, "order": null, "visited": true}}, {"type": "Feature", "geometry": {"type": "Point", "coordinates": [629177.16, 5220841.98]}, "properties": {"type": "gap", "gap_m": 4.0, "vineyard_id": "V02", "row_id": "V02-R080", "reachable": true, "id": "T0226", "x": 629177.16, "y": 5220841.98, "order": 1959, "visited": true}}, {"type": "Feature", "geometry": {"type": "Point", "coordinates": [629185.91, 5220821.12]}, "properties": {"type": "gap", "gap_m": 3.3, "vineyard_id": "V02", "row_id": "V02-R080", "reachable": true, "id": "T0227", "x": 629185.91, "y": 5220821.12, "order": null, "visited": true}}, {"type": "Feature", "geometry": {"type": "Point", "coordinates": [629191.32, 5220807.43]}, "properties": {"type": "gap", "gap_m": 3.1, "vineyard_id": "V02", "row_id": "V02-R080", "reachable": true, "id": "T0228", "x": 629191.32, "y": 5220807.43, "order": null, "visited": true}}, {"type": "Feature", "geometry": {"type": "Point", "coordinates": [629194.38, 5220800.01]}, "properties": {"type": "gap", "gap_m": 4.8, "vineyard_id": "V02", "row_id": "V02-R080", "reachable": true, "id": "T0229", "x": 629194.38, "y": 5220800.01, "order": 1947, "visited": true}}, {"type": "Feature", "geometry": {"type": "Point", "coordinates": [629203.43, 5220778.01]}, "properties": {"type": "gap", "gap_m": 35.7, "vineyard_id": "V02", "row_id": "V02-R080", "reachable": true, "id": "T0230", "x": 629203.43, "y": 5220778.01, "order": 1730, "visited": true}}, {"type": "Feature", "geometry": {"type": "Point", "coordinates": [629214.18, 5220752.31]}, "properties": {"type": "gap", "gap_m": 6.6, "vineyard_id": "V02", "row_id": "V02-R080", "reachable": true, "id": "T0231", "x": 629214.18, "y": 5220752.31, "order": 1700, "visited": true}}, {"type": "Feature", "geometry": {"type": "Point", "coordinates": [629226.32, 5220722.43]}, "properties": {"type": "gap", "gap_m": 4.6, "vineyard_id": "V02", "row_id": "V02-R080", "reachable": true, "id": "T0232", "x": 629226.32, "y": 5220722.43, "order": 1650, "visited": true}}, {"type": "Feature", "geometry": {"type": "Point", "coordinates": [629201.93, 5220774.32]}, "properties": {"type": "gap", "gap_m": 27.8, "vineyard_id": "V02", "row_id": "V02-R081", "reachable": true, "id": "T0233", "x": 629201.93, "y": 5220774.32, "order": 1735, "visited": true}}, {"type": "Feature", "geometry": {"type": "Point", "coordinates": [629211.02, 5220753.25]}, "properties": {"type": "gap", "gap_m": 5.1, "vineyard_id": "V02", "row_id": "V02-R081", "reachable": true, "id": "T0234", "x": 629211.02, "y": 5220753.25, "order": 1684, "visited": true}}, {"type": "Feature", "geometry": {"type": "Point", "coordinates": [629224.15, 5220721.15]}, "properties": {"type": "gap", "gap_m": 4.4, "vineyard_id": "V02", "row_id": "V02-R081", "reachable": true, "id": "T0235", "x": 629224.15, "y": 5220721.15, "order": 1649, "visited": true}}, {"type": "Feature", "geometry": {"type": "Point", "coordinates": [629225.9, 5220716.86]}, "properties": {"type": "gap", "gap_m": 3.9, "vineyard_id": "V02", "row_id": "V02-R081", "reachable": true, "id": "T0236", "x": 629225.9, "y": 5220716.86, "order": 1681, "visited": true}}, {"type": "Feature", "geometry": {"type": "Point", "coordinates": [629170.94, 5220843.91]}, "properties": {"type": "gap", "gap_m": 3.2, "vineyard_id": "V02", "row_id": "V02-R082", "reachable": true, "id": "T0237", "x": 629170.94, "y": 5220843.91, "order": null, "visited": false}}, {"type": "Feature", "geometry": {"type": "Point", "coordinates": [629186.9, 5220804.97]}, "properties": {"type": "gap", "gap_m": 4.1, "vineyard_id": "V02", "row_id": "V02-R082", "reachable": true, "id": "T0238", "x": 629186.9, "y": 5220804.97, "order": null, "visited": false}}, {"type": "Feature", "geometry": {"type": "Point", "coordinates": [629200.72, 5220771.81]}, "properties": {"type": "gap", "gap_m": 23.9, "vineyard_id": "V02", "row_id": "V02-R082", "reachable": true, "id": "T0239", "x": 629200.72, "y": 5220771.81, "order": 1732, "visited": true}}, {"type": "Feature", "geometry": {"type": "Point", "coordinates": [629206.67, 5220757.23]}, "properties": {"type": "gap", "gap_m": 4.2, "vineyard_id": "V02", "row_id": "V02-R082", "reachable": true, "id": "T0240", "x": 629206.67, "y": 5220757.23, "order": 1685, "visited": true}}, {"type": "Feature", "geometry": {"type": "Point", "coordinates": [629210.4, 5220748.02]}, "properties": {"type": "gap", "gap_m": 3.6, "vineyard_id": "V02", "row_id": "V02-R082", "reachable": true, "id": "T0241", "x": 629210.4, "y": 5220748.02, "order": null, "visited": true}}, {"type": "Feature", "geometry": {"type": "Point", "coordinates": [629213.28, 5220740.89]}, "properties": {"type": "gap", "gap_m": 4.0, "vineyard_id": "V02", "row_id": "V02-R082", "reachable": true, "id": "T0242", "x": 629213.28, "y": 5220740.89, "order": 1683, "visited": true}}, {"type": "Feature", "geometry": {"type": "Point", "coordinates": [629216.08, 5220733.97]}, "properties": {"type": "gap", "gap_m": 3.1, "vineyard_id": "V02", "row_id": "V02-R082", "reachable": true, "id": "T0243", "x": 629216.08, "y": 5220733.97, "order": 1682, "visited": true}}, {"type": "Feature", "geometry": {"type": "Point", "coordinates": [629221.78, 5220719.88]}, "properties": {"type": "gap", "gap_m": 4.5, "vineyard_id": "V02", "row_id": "V02-R082", "reachable": true, "id": "T0244", "x": 629221.78, "y": 5220719.88, "order": 1648, "visited": true}}, {"type": "Feature", "geometry": {"type": "Point", "coordinates": [629156.42, 5220871.78]}, "properties": {"type": "gap", "gap_m": 6.6, "vineyard_id": "V02", "row_id": "V02-R083", "reachable": true, "id": "T0245", "x": 629156.42, "y": 5220871.78, "order": 1753, "visited": true}}, {"type": "Feature", "geometry": {"type": "Point", "coordinates": [629160.29, 5220862.85]}, "properties": {"type": "gap", "gap_m": 5.2, "vineyard_id": "V02", "row_id": "V02-R083", "reachable": true, "id": "T0246", "x": 629160.29, "y": 5220862.85, "order": 1752, "visited": true}}, {"type": "Feature", "geometry": {"type": "Point", "coordinates": [629165.55, 5220850.16]}, "properties": {"type": "gap", "gap_m": 3.2, "vineyard_id": "V02", "row_id": "V02-R083", "reachable": true, "id": "T0247", "x": 629165.55, "y": 5220850.16, "order": 1751, "visited": true}}, {"type": "Feature", "geometry": {"type": "Point", "coordinates": [629169.35, 5220840.99]}, "properties": {"type": "gap", "gap_m": 9.6, "vineyard_id": "V02", "row_id": "V02-R083", "reachable": true, "id": "T0248", "x": 629169.35, "y": 5220840.99, "order": 1750, "visited": true}}, {"type": "Feature", "geometry": {"type": "Point", "coordinates": [629177.82, 5220820.55]}, "properties": {"type": "gap", "gap_m": 3.7, "vineyard_id": "V02", "row_id": "V02-R083", "reachable": true, "id": "T0249", "x": 629177.82, "y": 5220820.55, "order": 1749, "visited": true}}, {"type": "Feature", "geometry": {"type": "Point", "coordinates": [629181.84, 5220810.56]}, "properties": {"type": "gap", "gap_m": 3.5, "vineyard_id": "V02", "row_id": "V02-R083", "reachable": true, "id": "T0250", "x": 629181.84, "y": 5220810.56, "order": 1748, "visited": true}}, {"type": "Feature", "geometry": {"type": "Point", "coordinates": [629187.22, 5220797.75]}, "properties": {"type": "gap", "gap_m": 4.9, "vineyard_id": "V02", "row_id": "V02-R083", "reachable": true, "id": "T0251", "x": 629187.22, "y": 5220797.75, "order": 1747, "visited": true}}, {"type": "Feature", "geometry": {"type": "Point", "coordinates": [629193.4, 5220783.05]}, "properties": {"type": "gap", "gap_m": 4.2, "vineyard_id": "V02", "row_id": "V02-R083", "reachable": true, "id": "T0252", "x": 629193.4, "y": 5220783.05, "order": 1745, "visited": true}}, {"type": "Feature", "geometry": {"type": "Point", "coordinates": [629198.79, 5220770.23]}, "properties": {"type": "gap", "gap_m": 18.5, "vineyard_id": "V02", "row_id": "V02-R083", "reachable": true, "id": "T0253", "x": 629198.79, "y": 5220770.23, "order": 1734, "visited": true}}, {"type": "Feature", "geometry": {"type": "Point", "coordinates": [629208.4, 5220746.04]}, "properties": {"type": "gap", "gap_m": 3.5, "vineyard_id": "V02", "row_id": "V02-R083", "reachable": true, "id": "T0254", "x": 629208.4, "y": 5220746.04, "order": 1884, "visited": true}}, {"type": "Feature", "geometry": {"type": "Point", "coordinates": [629219.51, 5220718.62]}, "properties": {"type": "gap", "gap_m": 4.5, "vineyard_id": "V02", "row_id": "V02-R083", "reachable": true, "id": "T0255", "x": 629219.51, "y": 5220718.62, "order": 1647, "visited": true}}, {"type": "Feature", "geometry": {"type": "Point", "coordinates": [629150.31, 5220879.61]}, "properties": {"type": "gap", "gap_m": 4.2, "vineyard_id": "V02", "row_id": "V02-R084", "reachable": true, "id": "T0256", "x": 629150.31, "y": 5220879.61, "order": null, "visited": false}}, {"type": "Feature", "geometry": {"type": "Point", "coordinates": [629177.31, 5220814.81]}, "properties": {"type": "gap", "gap_m": 5.7, "vineyard_id": "V02", "row_id": "V02-R084", "reachable": true, "id": "T0257", "x": 629177.31, "y": 5220814.81, "order": 1759, "visited": true}}, {"type": "Feature", "geometry": {"type": "Point", "coordinates": [629183.85, 5220799.24]}, "properties": {"type": "gap", "gap_m": 5.5, "vineyard_id": "V02", "row_id": "V02-R084", "reachable": true, "id": "T0258", "x": 629183.85, "y": 5220799.24, "order": 1760, "visited": true}}, {"type": "Feature", "geometry": {"type": "Point", "coordinates": [629190.79, 5220782.43]}, "properties": {"type": "gap", "gap_m": 4.2, "vineyard_id": "V02", "row_id": "V02-R084", "reachable": true, "id": "T0259", "x": 629190.79, "y": 5220782.43, "order": 1746, "visited": true}}, {"type": "Feature", "geometry": {"type": "Point", "coordinates": [629193.96, 5220774.77]}, "properties": {"type": "gap", "gap_m": 5.8, "vineyard_id": "V02", "row_id": "V02-R084", "reachable": true, "id": "T0260", "x": 629193.96, "y": 5220774.77, "order": 1761, "visited": true}}, {"type": "Feature", "geometry": {"type": "Point", "coordinates": [629198.24, 5220764.1]}, "properties": {"type": "gap", "gap_m": 8.3, "vineyard_id": "V02", "row_id": "V02-R084", "reachable": true, "id": "T0261", "x": 629198.24, "y": 5220764.1, "order": 1733, "visited": true}}, {"type": "Feature", "geometry": {"type": "Point", "coordinates": [629202.79, 5220752.93]}, "properties": {"type": "gap", "gap_m": 3.1, "vineyard_id": "V02", "row_id": "V02-R084", "reachable": true, "id": "T0262", "x": 629202.79, "y": 5220752.93, "order": null, "visited": true}}, {"type": "Feature", "geometry": {"type": "Point", "coordinates": [629217.53, 5220716.71]}, "properties": {"type": "gap", "gap_m": 5.5, "vineyard_id": "V02", "row_id": "V02-R084", "reachable": true, "id": "T0263", "x": 629217.53, "y": 5220716.71, "order": 1646, "visited": true}}, {"type": "Feature", "geometry": {"type": "Point", "coordinates": [629160.92, 5220848.26]}, "properties": {"type": "gap", "gap_m": 16.1, "vineyard_id": "V02", "row_id": "V02-R085", "reachable": true, "id": "T0264", "x": 629160.92, "y": 5220848.26, "order": 1756, "visited": true}}, {"type": "Feature", "geometry": {"type": "Point", "coordinates": [629215.05, 5220716.34]}, "properties": {"type": "gap", "gap_m": 4.0, "vineyard_id": "V02", "row_id": "V02-R085", "reachable": true, "id": "T0265", "x": 629215.05, "y": 5220716.34, "order": 1645, "visited": true}}, {"type": "Feature", "geometry": {"type": "Point", "coordinates": [629145.65, 5220877.74]}, "properties": {"type": "gap", "gap_m": 3.4, "vineyard_id": "V02", "row_id": "V02-R086", "reachable": true, "id": "T0266", "x": 629145.65, "y": 5220877.74, "order": null, "visited": false}}, {"type": "Feature", "geometry": {"type": "Point", "coordinates": [629148.78, 5220870.6]}, "properties": {"type": "gap", "gap_m": 11.2, "vineyard_id": "V02", "row_id": "V02-R086", "reachable": true, "id": "T0267", "x": 629148.78, "y": 5220870.6, "order": 1754, "visited": true}}, {"type": "Feature", "geometry": {"type": "Point", "coordinates": [629152.51, 5220861.5]}, "properties": {"type": "gap", "gap_m": 7.4, "vineyard_id": "V02", "row_id": "V02-R086", "reachable": true, "id": "T0268", "x": 629152.51, "y": 5220861.5, "order": 1755, "visited": true}}, {"type": "Feature", "geometry": {"type": "Point", "coordinates": [629161.8, 5220839.32]}, "properties": {"type": "gap", "gap_m": 3.5, "vineyard_id": "V02", "row_id": "V02-R086", "reachable": true, "id": "T0269", "x": 629161.8, "y": 5220839.32, "order": null, "visited": true}}, {"type": "Feature", "geometry": {"type": "Point", "coordinates": [629168.04, 5220824.41]}, "properties": {"type": "gap", "gap_m": 3.7, "vineyard_id": "V02", "row_id": "V02-R086", "reachable": true, "id": "T0270", "x": 629168.04, "y": 5220824.41, "order": null, "visited": true}}, {"type": "Feature", "geometry": {"type": "Point", "coordinates": [629204.0, 5220736.23]}, "properties": {"type": "gap", "gap_m": 3.5, "vineyard_id": "V02", "row_id": "V02-R086", "reachable": true, "id": "T0271", "x": 629204.0, "y": 5220736.23, "order": 1763, "visited": true}}, {"type": "Feature", "geometry": {"type": "Point", "coordinates": [629211.96, 5220716.58]}, "properties": {"type": "gap", "gap_m": 7.5, "vineyard_id": "V02", "row_id": "V02-R086", "reachable": true, "id": "T0272", "x": 629211.96, "y": 5220716.58, "order": 1644, "visited": true}}, {"type": "Feature", "geometry": {"type": "Point", "coordinates": [629163.93, 5220827.82]}, "properties": {"type": "gap", "gap_m": 5.6, "vineyard_id": "V02", "row_id": "V02-R087", "reachable": true, "id": "T0274", "x": 629163.93, "y": 5220827.82, "order": 1757, "visited": true}}, {"type": "Feature", "geometry": {"type": "Point", "coordinates": [629197.15, 5220746.52]}, "properties": {"type": "gap", "gap_m": 5.1, "vineyard_id": "V02", "row_id": "V02-R087", "reachable": true, "id": "T0275", "x": 629197.15, "y": 5220746.52, "order": 1762, "visited": true}}, {"type": "Feature", "geometry": {"type": "Point", "coordinates": [629209.58, 5220715.64]}, "properties": {"type": "gap", "gap_m": 7.7, "vineyard_id": "V02", "row_id": "V02-R087", "reachable": true, "id": "T0276", "x": 629209.58, "y": 5220715.64, "order": 1643, "visited": true}}, {"type": "Feature", "geometry": {"type": "Point", "coordinates": [629145.37, 5220865.22]}, "properties": {"type": "gap", "gap_m": 4.6, "vineyard_id": "V02", "row_id": "V02-R088", "reachable": true, "id": "T0278", "x": 629145.37, "y": 5220865.22, "order": null, "visited": false}}, {"type": "Feature", "geometry": {"type": "Point", "coordinates": [629157.92, 5220835.85]}, "properties": {"type": "gap", "gap_m": 3.1, "vineyard_id": "V02", "row_id": "V02-R088", "reachable": true, "id": "T0279", "x": 629157.92, "y": 5220835.85, "order": null, "visited": false}}, {"type": "Feature", "geometry": {"type": "Point", "coordinates": [629163.34, 5220822.85]}, "properties": {"type": "gap", "gap_m": 4.6, "vineyard_id": "V02", "row_id": "V02-R088", "reachable": true, "id": "T0280", "x": 629163.34, "y": 5220822.85, "order": 1758, "visited": true}}, {"type": "Feature", "geometry": {"type": "Point", "coordinates": [629165.48, 5220817.73]}, "properties": {"type": "gap", "gap_m": 4.9, "vineyard_id": "V02", "row_id": "V02-R088", "reachable": true, "id": "T0281", "x": 629165.48, "y": 5220817.73, "order": null, "visited": false}}, {"type": "Feature", "geometry": {"type": "Point", "coordinates": [629180.55, 5220780.81]}, "properties": {"type": "gap", "gap_m": 4.1, "vineyard_id": "V02", "row_id": "V02-R088", "reachable": true, "id": "T0282", "x": 629180.55, "y": 5220780.81, "order": null, "visited": false}}, {"type": "Feature", "geometry": {"type": "Point", "coordinates": [629187.73, 5220763.24]}, "properties": {"type": "gap", "gap_m": 3.9, "vineyard_id": "V02", "row_id": "V02-R088", "reachable": true, "id": "T0283", "x": 629187.73, "y": 5220763.24, "order": null, "visited": false}}, {"type": "Feature", "geometry": {"type": "Point", "coordinates": [629191.52, 5220753.71]}, "properties": {"type": "gap", "gap_m": 3.2, "vineyard_id": "V02", "row_id": "V02-R088", "reachable": true, "id": "T0284", "x": 629191.52, "y": 5220753.71, "order": null, "visited": false}}, {"type": "Feature", "geometry": {"type": "Point", "coordinates": [629207.01, 5220715.4]}, "properties": {"type": "gap", "gap_m": 9.9, "vineyard_id": "V02", "row_id": "V02-R088", "reachable": true, "id": "T0285", "x": 629207.01, "y": 5220715.4, "order": 1642, "visited": true}}, {"type": "Feature", "geometry": {"type": "Point", "coordinates": [629169.27, 5220801.68]}, "properties": {"type": "gap", "gap_m": 4.0, "vineyard_id": "V02", "row_id": "V02-R089", "reachable": true, "id": "T0286", "x": 629169.27, "y": 5220801.68, "order": null, "visited": false}}, {"type": "Feature", "geometry": {"type": "Point", "coordinates": [629192.75, 5220737.64]}, "properties": {"type": "gap", "gap_m": 5.5, "vineyard_id": "V02", "row_id": "V02-R090", "reachable": true, "id": "T0287", "x": 629192.75, "y": 5220737.64, "order": 1883, "visited": true}}, {"type": "Feature", "geometry": {"type": "Point", "coordinates": [629137.02, 5220865.49]}, "properties": {"type": "gap", "gap_m": 4.4, "vineyard_id": "V02", "row_id": "V02-R091", "reachable": true, "id": "T0288", "x": 629137.02, "y": 5220865.49, "order": null, "visited": false}}, {"type": "Feature", "geometry": {"type": "Point", "coordinates": [629139.47, 5220860.44]}, "properties": {"type": "gap", "gap_m": 4.1, "vineyard_id": "V02", "row_id": "V02-R091", "reachable": true, "id": "T0289", "x": 629139.47, "y": 5220860.44, "order": null, "visited": false}}, {"type": "Feature", "geometry": {"type": "Point", "coordinates": [629143.03, 5220851.86]}, "properties": {"type": "gap", "gap_m": 9.0, "vineyard_id": "V02", "row_id": "V02-R091", "reachable": true, "id": "T0290", "x": 629143.03, "y": 5220851.86, "order": null, "visited": false}}, {"type": "Feature", "geometry": {"type": "Point", "coordinates": [629150.42, 5220834.0]}, "properties": {"type": "gap", "gap_m": 3.3, "vineyard_id": "V02", "row_id": "V02-R091", "reachable": true, "id": "T0291", "x": 629150.42, "y": 5220834.0, "order": 1878, "visited": true}}, {"type": "Feature", "geometry": {"type": "Point", "coordinates": [629171.07, 5220783.7]}, "properties": {"type": "gap", "gap_m": 4.6, "vineyard_id": "V02", "row_id": "V02-R091", "reachable": true, "id": "T0292", "x": 629171.07, "y": 5220783.7, "order": 1882, "visited": true}}, {"type": "Feature", "geometry": {"type": "Point", "coordinates": [629177.02, 5220769.16]}, "properties": {"type": "gap", "gap_m": 3.4, "vineyard_id": "V02", "row_id": "V02-R091", "reachable": true, "id": "T0293", "x": 629177.02, "y": 5220769.16, "order": 1881, "visited": true}}, {"type": "Feature", "geometry": {"type": "Point", "coordinates": [629178.53, 5220765.45]}, "properties": {"type": "gap", "gap_m": 3.5, "vineyard_id": "V02", "row_id": "V02-R091", "reachable": true, "id": "T0294", "x": 629178.53, "y": 5220765.45, "order": 1880, "visited": true}}, {"type": "Feature", "geometry": {"type": "Point", "coordinates": [629135.61, 5220862.53]}, "properties": {"type": "gap", "gap_m": 3.3, "vineyard_id": "V02", "row_id": "V02-R092", "reachable": true, "id": "T0295", "x": 629135.61, "y": 5220862.53, "order": null, "visited": false}}, {"type": "Feature", "geometry": {"type": "Point", "coordinates": [629142.47, 5220846.39]}, "properties": {"type": "gap", "gap_m": 4.5, "vineyard_id": "V02", "row_id": "V02-R092", "reachable": true, "id": "T0296", "x": 629142.47, "y": 5220846.39, "order": null, "visited": false}}, {"type": "Feature", "geometry": {"type": "Point", "coordinates": [629148.1, 5220833.11]}, "properties": {"type": "gap", "gap_m": 9.8, "vineyard_id": "V02", "row_id": "V02-R092", "reachable": true, "id": "T0297", "x": 629148.1, "y": 5220833.11, "order": 1877, "visited": true}}, {"type": "Feature", "geometry": {"type": "Point", "coordinates": [629172.6, 5220773.14]}, "properties": {"type": "gap", "gap_m": 3.8, "vineyard_id": "V02", "row_id": "V02-R092", "reachable": true, "id": "T0298", "x": 629172.6, "y": 5220773.14, "order": 1879, "visited": true}}, {"type": "Feature", "geometry": {"type": "Point", "coordinates": [629180.61, 5220753.87]}, "properties": {"type": "gap", "gap_m": 3.1, "vineyard_id": "V02", "row_id": "V02-R092", "reachable": true, "id": "T0299", "x": 629180.61, "y": 5220753.87, "order": null, "visited": false}}, {"type": "Feature", "geometry": {"type": "Point", "coordinates": [629190.81, 5220728.95]}, "properties": {"type": "gap", "gap_m": 4.4, "vineyard_id": "V02", "row_id": "V02-R092", "reachable": true, "id": "T0300", "x": 629190.81, "y": 5220728.95, "order": null, "visited": false}}, {"type": "Feature", "geometry": {"type": "Point", "coordinates": [629193.62, 5220722.09]}, "properties": {"type": "gap", "gap_m": 3.6, "vineyard_id": "V02", "row_id": "V02-R092", "reachable": true, "id": "T0301", "x": 629193.62, "y": 5220722.09, "order": 1764, "visited": true}}, {"type": "Feature", "geometry": {"type": "Point", "coordinates": [629146.39, 5220830.0]}, "properties": {"type": "gap", "gap_m": 5.5, "vineyard_id": "V02", "row_id": "V02-R093", "reachable": true, "id": "T0302", "x": 629146.39, "y": 5220830.0, "order": 1876, "visited": true}}, {"type": "Feature", "geometry": {"type": "Point", "coordinates": [629172.16, 5220767.48]}, "properties": {"type": "gap", "gap_m": 3.7, "vineyard_id": "V02", "row_id": "V02-R093", "reachable": true, "id": "T0303", "x": 629172.16, "y": 5220767.48, "order": null, "visited": false}}, {"type": "Feature", "geometry": {"type": "Point", "coordinates": [629180.38, 5220747.6]}, "properties": {"type": "gap", "gap_m": 5.0, "vineyard_id": "V02", "row_id": "V02-R093", "reachable": true, "id": "T0304", "x": 629180.38, "y": 5220747.6, "order": null, "visited": false}}, {"type": "Feature", "geometry": {"type": "Point", "coordinates": [629139.47, 5220840.03]}, "properties": {"type": "gap", "gap_m": 13.6, "vineyard_id": "V02", "row_id": "V02-R094", "reachable": true, "id": "T0306", "x": 629139.47, "y": 5220840.03, "order": 1875, "visited": true}}, {"type": "Feature", "geometry": {"type": "Point", "coordinates": [629152.29, 5220808.89]}, "properties": {"type": "gap", "gap_m": 4.2, "vineyard_id": "V02", "row_id": "V02-R094", "reachable": true, "id": "T0307", "x": 629152.29, "y": 5220808.89, "order": null, "visited": false}}, {"type": "Feature", "geometry": {"type": "Point", "coordinates": [629127.19, 5220862.95]}, "properties": {"type": "gap", "gap_m": 3.3, "vineyard_id": "V02", "row_id": "V02-R095", "reachable": true, "id": "T0308", "x": 629127.19, "y": 5220862.95, "order": null, "visited": false}}, {"type": "Feature", "geometry": {"type": "Point", "coordinates": [629134.01, 5220846.54]}, "properties": {"type": "gap", "gap_m": 4.3, "vineyard_id": "V02", "row_id": "V02-R095", "reachable": true, "id": "T0309", "x": 629134.01, "y": 5220846.54, "order": 1874, "visited": true}}, {"type": "Feature", "geometry": {"type": "Point", "coordinates": [629136.28, 5220841.06]}, "properties": {"type": "gap", "gap_m": 6.1, "vineyard_id": "V02", "row_id": "V02-R095", "reachable": true, "id": "T0310", "x": 629136.28, "y": 5220841.06, "order": 1873, "visited": true}}, {"type": "Feature", "geometry": {"type": "Point", "coordinates": [629151.99, 5220802.9]}, "properties": {"type": "gap", "gap_m": 3.4, "vineyard_id": "V02", "row_id": "V02-R095", "reachable": true, "id": "T0311", "x": 629151.99, "y": 5220802.9, "order": null, "visited": false}}, {"type": "Feature", "geometry": {"type": "Point", "coordinates": [629156.46, 5220792.21]}, "properties": {"type": "gap", "gap_m": 3.7, "vineyard_id": "V02", "row_id": "V02-R095", "reachable": true, "id": "T0312", "x": 629156.46, "y": 5220792.21, "order": null, "visited": false}}, {"type": "Feature", "geometry": {"type": "Point", "coordinates": [629128.86, 5220852.39]}, "properties": {"type": "gap", "gap_m": 3.5, "vineyard_id": "V02", "row_id": "V02-R096", "reachable": true, "id": "T0313", "x": 629128.86, "y": 5220852.39, "order": null, "visited": false}}, {"type": "Feature", "geometry": {"type": "Point", "coordinates": [629164.79, 5220765.78]}, "properties": {"type": "gap", "gap_m": 3.5, "vineyard_id": "V02", "row_id": "V02-R096", "reachable": true, "id": "T0314", "x": 629164.79, "y": 5220765.78, "order": null, "visited": true}}, {"type": "Feature", "geometry": {"type": "Point", "coordinates": [629178.13, 5220732.96]}, "properties": {"type": "gap", "gap_m": 3.6, "vineyard_id": "V02", "row_id": "V02-R096", "reachable": true, "id": "T0315", "x": 629178.13, "y": 5220732.96, "order": null, "visited": false}}, {"type": "Feature", "geometry": {"type": "Point", "coordinates": [629191.47, 5220701.64]}, "properties": {"type": "gap", "gap_m": 8.0, "vineyard_id": "V02", "row_id": "V02-R096", "reachable": true, "id": "T0316", "x": 629191.47, "y": 5220701.64, "order": 1765, "visited": true}}, {"type": "Feature", "geometry": {"type": "Point", "coordinates": [629122.49, 5220860.96]}, "properties": {"type": "gap", "gap_m": 3.1, "vineyard_id": "V02", "row_id": "V02-R098", "reachable": true, "id": "T0317", "x": 629122.49, "y": 5220860.96, "order": null, "visited": false}}, {"type": "Feature", "geometry": {"type": "Point", "coordinates": [629133.54, 5220834.38]}, "properties": {"type": "gap", "gap_m": 5.4, "vineyard_id": "V02", "row_id": "V02-R098", "reachable": true, "id": "T0318", "x": 629133.54, "y": 5220834.38, "order": 1872, "visited": true}}, {"type": "Feature", "geometry": {"type": "Point", "coordinates": [629144.06, 5220809.05]}, "properties": {"type": "gap", "gap_m": 8.2, "vineyard_id": "V02", "row_id": "V02-R098", "reachable": true, "id": "T0319", "x": 629144.06, "y": 5220809.05, "order": 1871, "visited": true}}, {"type": "Feature", "geometry": {"type": "Point", "coordinates": [629152.47, 5220788.49]}, "properties": {"type": "gap", "gap_m": 3.0, "vineyard_id": "V02", "row_id": "V02-R098", "reachable": true, "id": "T0320", "x": 629152.47, "y": 5220788.49, "order": null, "visited": true}}, {"type": "Feature", "geometry": {"type": "Point", "coordinates": [629169.22, 5220747.54]}, "properties": {"type": "gap", "gap_m": 4.3, "vineyard_id": "V02", "row_id": "V02-R098", "reachable": true, "id": "T0321", "x": 629169.22, "y": 5220747.54, "order": 1870, "visited": true}}, {"type": "Feature", "geometry": {"type": "Point", "coordinates": [629121.11, 5220857.54]}, "properties": {"type": "gap", "gap_m": 5.1, "vineyard_id": "V02", "row_id": "V02-R100", "reachable": true, "id": "T0323", "x": 629121.11, "y": 5220857.54, "order": null, "visited": false}}, {"type": "Feature", "geometry": {"type": "Point", "coordinates": [629124.76, 5220848.82]}, "properties": {"type": "gap", "gap_m": 4.5, "vineyard_id": "V02", "row_id": "V02-R100", "reachable": true, "id": "T0324", "x": 629124.76, "y": 5220848.82, "order": null, "visited": false}}, {"type": "Feature", "geometry": {"type": "Point", "coordinates": [629141.99, 5220807.2]}, "properties": {"type": "gap", "gap_m": 3.5, "vineyard_id": "V02", "row_id": "V02-R100", "reachable": true, "id": "T0325", "x": 629141.99, "y": 5220807.2, "order": null, "visited": false}}, {"type": "Feature", "geometry": {"type": "Point", "coordinates": [629145.98, 5220797.7]}, "properties": {"type": "gap", "gap_m": 4.1, "vineyard_id": "V02", "row_id": "V02-R100", "reachable": true, "id": "T0326", "x": 629145.98, "y": 5220797.7, "order": null, "visited": false}}, {"type": "Feature", "geometry": {"type": "Point", "coordinates": [629170.28, 5220738.49]}, "properties": {"type": "gap", "gap_m": 6.3, "vineyard_id": "V02", "row_id": "V02-R100", "reachable": true, "id": "T0327", "x": 629170.28, "y": 5220738.49, "order": 1869, "visited": true}}, {"type": "Feature", "geometry": {"type": "Point", "coordinates": [629172.41, 5220733.33]}, "properties": {"type": "gap", "gap_m": 3.9, "vineyard_id": "V02", "row_id": "V02-R100", "reachable": true, "id": "T0328", "x": 629172.41, "y": 5220733.33, "order": null, "visited": true}}, {"type": "Feature", "geometry": {"type": "Point", "coordinates": [629117.51, 5220859.55]}, "properties": {"type": "gap", "gap_m": 4.0, "vineyard_id": "V02", "row_id": "V02-R101", "reachable": true, "id": "T0329", "x": 629117.51, "y": 5220859.55, "order": null, "visited": false}}, {"type": "Feature", "geometry": {"type": "Point", "coordinates": [629145.36, 5220792.81]}, "properties": {"type": "gap", "gap_m": 3.1, "vineyard_id": "V02", "row_id": "V02-R101", "reachable": true, "id": "T0330", "x": 629145.36, "y": 5220792.81, "order": null, "visited": false}}, {"type": "Feature", "geometry": {"type": "Point", "coordinates": [629153.66, 5220772.3]}, "properties": {"type": "gap", "gap_m": 3.6, "vineyard_id": "V02", "row_id": "V02-R101", "reachable": true, "id": "T0331", "x": 629153.66, "y": 5220772.3, "order": null, "visited": false}}, {"type": "Feature", "geometry": {"type": "Point", "coordinates": [629134.38, 5220812.79]}, "properties": {"type": "gap", "gap_m": 3.5, "vineyard_id": "V02", "row_id": "V02-R102", "reachable": true, "id": "T0332", "x": 629134.38, "y": 5220812.79, "order": null, "visited": false}}, {"type": "Feature", "geometry": {"type": "Point", "coordinates": [629139.99, 5220798.9]}, "properties": {"type": "gap", "gap_m": 3.1, "vineyard_id": "V02", "row_id": "V02-R102", "reachable": true, "id": "T0333", "x": 629139.99, "y": 5220798.9, "order": null, "visited": false}}, {"type": "Feature", "geometry": {"type": "Point", "coordinates": [629154.05, 5220764.57]}, "properties": {"type": "gap", "gap_m": 3.4, "vineyard_id": "V02", "row_id": "V02-R102", "reachable": true, "id": "T0334", "x": 629154.05, "y": 5220764.57, "order": null, "visited": true}}, {"type": "Feature", "geometry": {"type": "Point", "coordinates": [629162.37, 5220744.38]}, "properties": {"type": "gap", "gap_m": 3.5, "vineyard_id": "V02", "row_id": "V02-R102", "reachable": true, "id": "T0335", "x": 629162.37, "y": 5220744.38, "order": null, "visited": true}}, {"type": "Feature", "geometry": {"type": "Point", "coordinates": [629168.05, 5220730.49]}, "properties": {"type": "gap", "gap_m": 4.9, "vineyard_id": "V02", "row_id": "V02-R102", "reachable": true, "id": "T0336", "x": 629168.05, "y": 5220730.49, "order": null, "visited": true}}, {"type": "Feature", "geometry": {"type": "Point", "coordinates": [629124.65, 5220828.81]}, "properties": {"type": "gap", "gap_m": 3.6, "vineyard_id": "V02", "row_id": "V02-R103", "reachable": true, "id": "T0337", "x": 629124.65, "y": 5220828.81, "order": null, "visited": false}}, {"type": "Feature", "geometry": {"type": "Point", "coordinates": [629137.8, 5220797.35]}, "properties": {"type": "gap", "gap_m": 3.7, "vineyard_id": "V02", "row_id": "V02-R103", "reachable": true, "id": "T0338", "x": 629137.8, "y": 5220797.35, "order": 1945, "visited": true}}, {"type": "Feature", "geometry": {"type": "Point", "coordinates": [629147.45, 5220773.81]}, "properties": {"type": "gap", "gap_m": 3.4, "vineyard_id": "V02", "row_id": "V02-R103", "reachable": true, "id": "T0339", "x": 629147.45, "y": 5220773.81, "order": null, "visited": true}}, {"type": "Feature", "geometry": {"type": "Point", "coordinates": [629149.5, 5220768.91]}, "properties": {"type": "gap", "gap_m": 4.5, "vineyard_id": "V02", "row_id": "V02-R103", "reachable": true, "id": "T0340", "x": 629149.5, "y": 5220768.91, "order": null, "visited": true}}, {"type": "Feature", "geometry": {"type": "Point", "coordinates": [629168.89, 5220721.5]}, "properties": {"type": "gap", "gap_m": 3.6, "vineyard_id": "V02", "row_id": "V02-R103", "reachable": true, "id": "T0341", "x": 629168.89, "y": 5220721.5, "order": null, "visited": true}}, {"type": "Feature", "geometry": {"type": "Point", "coordinates": [629139.29, 5220787.0]}, "properties": {"type": "gap", "gap_m": 9.8, "vineyard_id": "V02", "row_id": "V02-R104", "reachable": true, "id": "T0342", "x": 629139.29, "y": 5220787.0, "order": 1944, "visited": true}}, {"type": "Feature", "geometry": {"type": "Point", "coordinates": [629147.28, 5220767.82]}, "properties": {"type": "gap", "gap_m": 3.6, "vineyard_id": "V02", "row_id": "V02-R104", "reachable": true, "id": "T0343", "x": 629147.28, "y": 5220767.82, "order": null, "visited": false}}, {"type": "Feature", "geometry": {"type": "Point", "coordinates": [629161.42, 5220732.87]}, "properties": {"type": "gap", "gap_m": 3.6, "vineyard_id": "V02", "row_id": "V02-R104", "reachable": true, "id": "T0344", "x": 629161.42, "y": 5220732.87, "order": null, "visited": false}}, {"type": "Feature", "geometry": {"type": "Point", "coordinates": [629129.95, 5220803.17]}, "properties": {"type": "gap", "gap_m": 9.4, "vineyard_id": "V02", "row_id": "V02-R105", "reachable": true, "id": "T0345", "x": 629129.95, "y": 5220803.17, "order": 1946, "visited": true}}, {"type": "Feature", "geometry": {"type": "Point", "coordinates": [629146.56, 5220762.71]}, "properties": {"type": "gap", "gap_m": 5.7, "vineyard_id": "V02", "row_id": "V02-R105", "reachable": true, "id": "T0346", "x": 629146.56, "y": 5220762.71, "order": null, "visited": false}}, {"type": "Feature", "geometry": {"type": "Point", "coordinates": [629145.01, 5220760.17]}, "properties": {"type": "gap", "gap_m": 3.1, "vineyard_id": "V02", "row_id": "V02-R107", "reachable": true, "id": "T0347", "x": 629145.01, "y": 5220760.17, "order": null, "visited": false}}, {"type": "Feature", "geometry": {"type": "Point", "coordinates": [629108.45, 5220841.29]}, "properties": {"type": "gap", "gap_m": 3.8, "vineyard_id": "V02", "row_id": "V02-R109", "reachable": true, "id": "T0348", "x": 629108.45, "y": 5220841.29, "order": null, "visited": false}}, {"type": "Feature", "geometry": {"type": "Point", "coordinates": [629143.53, 5220756.61]}, "properties": {"type": "gap", "gap_m": 10.8, "vineyard_id": "V02", "row_id": "V02-R109", "reachable": true, "id": "T0349", "x": 629143.53, "y": 5220756.61, "order": 1867, "visited": true}}, {"type": "Feature", "geometry": {"type": "Point", "coordinates": [629142.13, 5220752.94]}, "properties": {"type": "gap", "gap_m": 18.8, "vineyard_id": "V02", "row_id": "V02-R111", "reachable": true, "id": "T0350", "x": 629142.13, "y": 5220752.94, "order": 1866, "visited": true}}, {"type": "Feature", "geometry": {"type": "Point", "coordinates": [629140.04, 5220751.78]}, "properties": {"type": "gap", "gap_m": 16.3, "vineyard_id": "V02", "row_id": "V02-R112", "reachable": true, "id": "T0351", "x": 629140.04, "y": 5220751.78, "order": 1865, "visited": true}}, {"type": "Feature", "geometry": {"type": "Point", "coordinates": [629059.79, 5220763.44]}, "properties": {"type": "gap", "gap_m": 3.3, "vineyard_id": "V03", "row_id": "V03-R04", "reachable": true, "id": "T0355", "x": 629059.79, "y": 5220763.44, "order": null, "visited": false}}, {"type": "Feature", "geometry": {"type": "Point", "coordinates": [629047.36, 5220764.71]}, "properties": {"type": "gap", "gap_m": 3.3, "vineyard_id": "V03", "row_id": "V03-R06", "reachable": true, "id": "T0356", "x": 629047.36, "y": 5220764.71, "order": 1824, "visited": true}}, {"type": "Feature", "geometry": {"type": "Point", "coordinates": [629028.17, 5220778.2]}, "properties": {"type": "gap", "gap_m": 5.8, "vineyard_id": "V03", "row_id": "V03-R07", "reachable": true, "id": "T0357", "x": 629028.17, "y": 5220778.2, "order": 1825, "visited": true}}, {"type": "Feature", "geometry": {"type": "Point", "coordinates": [629028.77, 5220774.11]}, "properties": {"type": "gap", "gap_m": 11.5, "vineyard_id": "V03", "row_id": "V03-R09", "reachable": true, "id": "T0358", "x": 629028.77, "y": 5220774.11, "order": 1826, "visited": true}}, {"type": "Feature", "geometry": {"type": "Point", "coordinates": [629039.88, 5220765.79]}, "properties": {"type": "gap", "gap_m": 3.1, "vineyard_id": "V03", "row_id": "V03-R09", "reachable": true, "id": "T0359", "x": 629039.88, "y": 5220765.79, "order": null, "visited": true}}, {"type": "Feature", "geometry": {"type": "Point", "coordinates": [629018.64, 5220776.62]}, "properties": {"type": "gap", "gap_m": 4.2, "vineyard_id": "V03", "row_id": "V03-R11", "reachable": true, "id": "T0360", "x": 629018.64, "y": 5220776.62, "order": 1827, "visited": true}}, {"type": "Feature", "geometry": {"type": "Point", "coordinates": [629034.34, 5220764.76]}, "properties": {"type": "gap", "gap_m": 3.2, "vineyard_id": "V03", "row_id": "V03-R11", "reachable": true, "id": "T0361", "x": 629034.34, "y": 5220764.76, "order": null, "visited": true}}, {"type": "Feature", "geometry": {"type": "Point", "coordinates": [629029.32, 5220764.89]}, "properties": {"type": "gap", "gap_m": 6.6, "vineyard_id": "V03", "row_id": "V03-R12", "reachable": true, "id": "T0362", "x": 629029.32, "y": 5220764.89, "order": 1828, "visited": true}}, {"type": "Feature", "geometry": {"type": "Point", "coordinates": [629117.24, 5220793.24]}, "properties": {"type": "gap", "gap_m": 31.3, "vineyard_id": "V04", "row_id": "V04-R01", "reachable": true, "id": "T0363", "x": 629117.24, "y": 5220793.24, "order": 1853, "visited": true}}, {"type": "Feature", "geometry": {"type": "Point", "coordinates": [629126.84, 5220769.81]}, "properties": {"type": "gap", "gap_m": 13.4, "vineyard_id": "V04", "row_id": "V04-R01", "reachable": true, "id": "T0364", "x": 629126.84, "y": 5220769.81, "order": 1868, "visited": true}}, {"type": "Feature", "geometry": {"type": "Point", "coordinates": [629139.43, 5220746.9]}, "properties": {"type": "gap", "gap_m": 31.8, "vineyard_id": "V04", "row_id": "V04-R02", "reachable": true, "id": "T0365", "x": 629139.43, "y": 5220746.9, "order": 1864, "visited": true}}, {"type": "Feature", "geometry": {"type": "Point", "coordinates": [629112.44, 5220798.64]}, "properties": {"type": "gap", "gap_m": 20.9, "vineyard_id": "V04", "row_id": "V04-R03", "reachable": true, "id": "T0366", "x": 629112.44, "y": 5220798.64, "order": 1852, "visited": true}}, {"type": "Feature", "geometry": {"type": "Point", "coordinates": [629119.11, 5220782.39]}, "properties": {"type": "gap", "gap_m": 13.0, "vineyard_id": "V04", "row_id": "V04-R03", "reachable": true, "id": "T0367", "x": 629119.11, "y": 5220782.39, "order": 1854, "visited": true}}, {"type": "Feature", "geometry": {"type": "Point", "coordinates": [629135.01, 5220743.39]}, "properties": {"type": "gap", "gap_m": 60.9, "vineyard_id": "V04", "row_id": "V04-R03", "reachable": true, "id": "T0368", "x": 629135.01, "y": 5220743.39, "order": 1862, "visited": true}}, {"type": "Feature", "geometry": {"type": "Point", "coordinates": [629110.97, 5220794.6]}, "properties": {"type": "gap", "gap_m": 12.5, "vineyard_id": "V04", "row_id": "V04-R05", "reachable": true, "id": "T0369", "x": 629110.97, "y": 5220794.6, "order": 1855, "visited": true}}, {"type": "Feature", "geometry": {"type": "Point", "coordinates": [629117.33, 5220779.31]}, "properties": {"type": "gap", "gap_m": 13.1, "vineyard_id": "V04", "row_id": "V04-R05", "reachable": true, "id": "T0370", "x": 629117.33, "y": 5220779.31, "order": 1857, "visited": true}}, {"type": "Feature", "geometry": {"type": "Point", "coordinates": [629103.21, 5220807.35]}, "properties": {"type": "gap", "gap_m": 4.3, "vineyard_id": "V04", "row_id": "V04-R06", "reachable": true, "id": "T0371", "x": 629103.21, "y": 5220807.35, "order": 1858, "visited": true}}, {"type": "Feature", "geometry": {"type": "Point", "coordinates": [629110.7, 5220789.22]}, "properties": {"type": "gap", "gap_m": 13.9, "vineyard_id": "V04", "row_id": "V04-R06", "reachable": true, "id": "T0372", "x": 629110.7, "y": 5220789.22, "order": 1856, "visited": true}}, {"type": "Feature", "geometry": {"type": "Point", "coordinates": [629116.37, 5220775.51]}, "properties": {"type": "gap", "gap_m": 14.3, "vineyard_id": "V04", "row_id": "V04-R06", "reachable": true, "id": "T0373", "x": 629116.37, "y": 5220775.51, "order": 1860, "visited": true}}, {"type": "Feature", "geometry": {"type": "Point", "coordinates": [629139.79, 5220741.7]}, "properties": {"type": "gap", "gap_m": 11.9, "vineyard_id": "V04", "row_id": "V04-R07", "reachable": true, "id": "T0374", "x": 629139.79, "y": 5220741.7, "order": 1863, "visited": true}}, {"type": "Feature", "geometry": {"type": "Point", "coordinates": [629105.63, 5220795.73]}, "properties": {"type": "gap", "gap_m": 3.6, "vineyard_id": "V04", "row_id": "V04-R08", "reachable": true, "id": "T0375", "x": 629105.63, "y": 5220795.73, "order": null, "visited": true}}, {"type": "Feature", "geometry": {"type": "Point", "coordinates": [629110.23, 5220784.5]}, "properties": {"type": "gap", "gap_m": 13.2, "vineyard_id": "V04", "row_id": "V04-R08", "reachable": true, "id": "T0376", "x": 629110.23, "y": 5220784.5, "order": 1859, "visited": true}}, {"type": "Feature", "geometry": {"type": "Point", "coordinates": [629116.1, 5220770.15]}, "properties": {"type": "gap", "gap_m": 11.7, "vineyard_id": "V04", "row_id": "V04-R08", "reachable": true, "id": "T0377", "x": 629116.1, "y": 5220770.15, "order": 1861, "visited": true}}, {"type": "Feature", "geometry": {"type": "Point", "coordinates": [629103.96, 5220793.78]}, "properties": {"type": "gap", "gap_m": 7.8, "vineyard_id": "V04", "row_id": "V04-R09", "reachable": true, "id": "T0378", "x": 629103.96, "y": 5220793.78, "order": 1839, "visited": true}}, {"type": "Feature", "geometry": {"type": "Point", "coordinates": [629109.67, 5220780.01]}, "properties": {"type": "gap", "gap_m": 12.6, "vineyard_id": "V04", "row_id": "V04-R09", "reachable": true, "id": "T0379", "x": 629109.67, "y": 5220780.01, "order": null, "visited": false}}, {"type": "Feature", "geometry": {"type": "Point", "coordinates": [629100.71, 5220795.92]}, "properties": {"type": "gap", "gap_m": 3.4, "vineyard_id": "V04", "row_id": "V04-R11", "reachable": true, "id": "T0380", "x": 629100.71, "y": 5220795.92, "order": 1838, "visited": true}}, {"type": "Feature", "geometry": {"type": "Point", "coordinates": [629103.64, 5220788.81]}, "properties": {"type": "gap", "gap_m": 7.9, "vineyard_id": "V04", "row_id": "V04-R11", "reachable": true, "id": "T0381", "x": 629103.64, "y": 5220788.81, "order": 1840, "visited": true}}, {"type": "Feature", "geometry": {"type": "Point", "coordinates": [629108.86, 5220776.17]}, "properties": {"type": "gap", "gap_m": 14.1, "vineyard_id": "V04", "row_id": "V04-R11", "reachable": true, "id": "T0382", "x": 629108.86, "y": 5220776.17, "order": 1844, "visited": true}}, {"type": "Feature", "geometry": {"type": "Point", "coordinates": [629098.38, 5220795.11]}, "properties": {"type": "gap", "gap_m": 3.5, "vineyard_id": "V04", "row_id": "V04-R13", "reachable": true, "id": "T0383", "x": 629098.38, "y": 5220795.11, "order": 1837, "visited": true}}, {"type": "Feature", "geometry": {"type": "Point", "coordinates": [629102.27, 5220785.61]}, "properties": {"type": "gap", "gap_m": 10.5, "vineyard_id": "V04", "row_id": "V04-R13", "reachable": true, "id": "T0384", "x": 629102.27, "y": 5220785.61, "order": 1841, "visited": true}}, {"type": "Feature", "geometry": {"type": "Point", "coordinates": [629107.55, 5220772.74]}, "properties": {"type": "gap", "gap_m": 11.7, "vineyard_id": "V04", "row_id": "V04-R13", "reachable": true, "id": "T0385", "x": 629107.55, "y": 5220772.74, "order": 1843, "visited": true}}, {"type": "Feature", "geometry": {"type": "Point", "coordinates": [629096.76, 5220793.32]}, "properties": {"type": "gap", "gap_m": 3.1, "vineyard_id": "V04", "row_id": "V04-R15", "reachable": true, "id": "T0386", "x": 629096.76, "y": 5220793.32, "order": 1837, "visited": true}}, {"type": "Feature", "geometry": {"type": "Point", "coordinates": [629101.81, 5220780.93]}, "properties": {"type": "gap", "gap_m": 12.5, "vineyard_id": "V04", "row_id": "V04-R15", "reachable": true, "id": "T0387", "x": 629101.81, "y": 5220780.93, "order": 1842, "visited": true}}, {"type": "Feature", "geometry": {"type": "Point", "coordinates": [629101.45, 5220776.42]}, "properties": {"type": "gap", "gap_m": 14.4, "vineyard_id": "V04", "row_id": "V04-R17", "reachable": true, "id": "T0388", "x": 629101.45, "y": 5220776.42, "order": 1835, "visited": true}}, {"type": "Feature", "geometry": {"type": "Point", "coordinates": [629117.12, 5220749.3]}, "properties": {"type": "gap", "gap_m": 3.6, "vineyard_id": "V04", "row_id": "V04-R18", "reachable": true, "id": "T0389", "x": 629117.12, "y": 5220749.3, "order": null, "visited": false}}, {"type": "Feature", "geometry": {"type": "Point", "coordinates": [629095.55, 5220785.11]}, "properties": {"type": "gap", "gap_m": 5.0, "vineyard_id": "V04", "row_id": "V04-R19", "reachable": true, "id": "T0390", "x": 629095.55, "y": 5220785.11, "order": 1836, "visited": true}}, {"type": "Feature", "geometry": {"type": "Point", "coordinates": [629101.49, 5220770.53]}, "properties": {"type": "gap", "gap_m": 10.9, "vineyard_id": "V04", "row_id": "V04-R19", "reachable": true, "id": "T0391", "x": 629101.49, "y": 5220770.53, "order": 1834, "visited": true}}, {"type": "Feature", "geometry": {"type": "Point", "coordinates": [629113.82, 5220748.99]}, "properties": {"type": "gap", "gap_m": 4.4, "vineyard_id": "V04", "row_id": "V04-R20", "reachable": true, "id": "T0392", "x": 629113.82, "y": 5220748.99, "order": null, "visited": false}}, {"type": "Feature", "geometry": {"type": "Point", "coordinates": [629120.8, 5220738.26]}, "properties": {"type": "gap", "gap_m": 3.6, "vineyard_id": "V04", "row_id": "V04-R20", "reachable": true, "id": "T0393", "x": 629120.8, "y": 5220738.26, "order": null, "visited": false}}, {"type": "Feature", "geometry": {"type": "Point", "coordinates": [629098.19, 5220770.56]}, "properties": {"type": "gap", "gap_m": 10.7, "vineyard_id": "V04", "row_id": "V04-R21", "reachable": true, "id": "T0394", "x": 629098.19, "y": 5220770.56, "order": 1833, "visited": true}}, {"type": "Feature", "geometry": {"type": "Point", "coordinates": [629143.74, 5220686.77]}, "properties": {"type": "gap", "gap_m": 6.0, "vineyard_id": "V04", "row_id": "V04-R26", "reachable": true, "id": "T0395", "x": 629143.74, "y": 5220686.77, "order": 1793, "visited": true}}, {"type": "Feature", "geometry": {"type": "Point", "coordinates": [629086.02, 5220772.68]}, "properties": {"type": "gap", "gap_m": 5.9, "vineyard_id": "V04", "row_id": "V04-R28", "reachable": true, "id": "T0396", "x": 629086.02, "y": 5220772.68, "order": null, "visited": false}}, {"type": "Feature", "geometry": {"type": "Point", "coordinates": [629141.52, 5220684.23]}, "properties": {"type": "gap", "gap_m": 3.5, "vineyard_id": "V04", "row_id": "V04-R29", "reachable": true, "id": "T0397", "x": 629141.52, "y": 5220684.23, "order": 1794, "visited": true}}, {"type": "Feature", "geometry": {"type": "Point", "coordinates": [629082.97, 5220771.73]}, "properties": {"type": "gap", "gap_m": 4.4, "vineyard_id": "V04", "row_id": "V04-R30", "reachable": true, "id": "T0398", "x": 629082.97, "y": 5220771.73, "order": null, "visited": false}}, {"type": "Feature", "geometry": {"type": "Point", "coordinates": [629089.24, 5220767.41]}, "properties": {"type": "gap", "gap_m": 5.7, "vineyard_id": "V04", "row_id": "V04-R30", "reachable": true, "id": "T0399", "x": 629089.24, "y": 5220767.41, "order": null, "visited": false}}, {"type": "Feature", "geometry": {"type": "Point", "coordinates": [629138.76, 5220683.38]}, "properties": {"type": "gap", "gap_m": 9.9, "vineyard_id": "V04", "row_id": "V04-R31", "reachable": true, "id": "T0400", "x": 629138.76, "y": 5220683.38, "order": 1795, "visited": true}}, {"type": "Feature", "geometry": {"type": "Point", "coordinates": [629136.21, 5220682.1]}, "properties": {"type": "gap", "gap_m": 10.2, "vineyard_id": "V04", "row_id": "V04-R32", "reachable": true, "id": "T0401", "x": 629136.21, "y": 5220682.1, "order": 1796, "visited": true}}, {"type": "Feature", "geometry": {"type": "Point", "coordinates": [629081.13, 5220769.2]}, "properties": {"type": "gap", "gap_m": 6.0, "vineyard_id": "V04", "row_id": "V04-R33", "reachable": true, "id": "T0402", "x": 629081.13, "y": 5220769.2, "order": null, "visited": false}}, {"type": "Feature", "geometry": {"type": "Point", "coordinates": [629087.55, 5220764.71]}, "properties": {"type": "gap", "gap_m": 5.0, "vineyard_id": "V04", "row_id": "V04-R33", "reachable": true, "id": "T0403", "x": 629087.55, "y": 5220764.71, "order": null, "visited": false}}, {"type": "Feature", "geometry": {"type": "Point", "coordinates": [629110.15, 5220716.61]}, "properties": {"type": "gap", "gap_m": 5.7, "vineyard_id": "V04", "row_id": "V04-R34", "reachable": true, "id": "T0404", "x": 629110.15, "y": 5220716.61, "order": null, "visited": false}}, {"type": "Feature", "geometry": {"type": "Point", "coordinates": [629123.61, 5220695.93]}, "properties": {"type": "gap", "gap_m": 3.1, "vineyard_id": "V04", "row_id": "V04-R34", "reachable": true, "id": "T0405", "x": 629123.61, "y": 5220695.93, "order": 1812, "visited": true}}, {"type": "Feature", "geometry": {"type": "Point", "coordinates": [629133.18, 5220681.08]}, "properties": {"type": "gap", "gap_m": 11.0, "vineyard_id": "V04", "row_id": "V04-R34", "reachable": true, "id": "T0406", "x": 629133.18, "y": 5220681.08, "order": 1797, "visited": true}}, {"type": "Feature", "geometry": {"type": "Point", "coordinates": [629131.21, 5220678.34]}, "properties": {"type": "gap", "gap_m": 7.6, "vineyard_id": "V04", "row_id": "V04-R35", "reachable": true, "id": "T0407", "x": 629131.21, "y": 5220678.34, "order": 1798, "visited": true}}, {"type": "Feature", "geometry": {"type": "Point", "coordinates": [629072.37, 5220765.84]}, "properties": {"type": "gap", "gap_m": 5.8, "vineyard_id": "V04", "row_id": "V04-R36", "reachable": true, "id": "T0408", "x": 629072.37, "y": 5220765.84, "order": 1830, "visited": true}}, {"type": "Feature", "geometry": {"type": "Point", "coordinates": [629128.26, 5220677.73]}, "properties": {"type": "gap", "gap_m": 9.6, "vineyard_id": "V04", "row_id": "V04-R37", "reachable": true, "id": "T0409", "x": 629128.26, "y": 5220677.73, "order": null, "visited": false}}, {"type": "Feature", "geometry": {"type": "Point", "coordinates": [629070.59, 5220764.05]}, "properties": {"type": "gap", "gap_m": 6.0, "vineyard_id": "V04", "row_id": "V04-R38", "reachable": true, "id": "T0410", "x": 629070.59, "y": 5220764.05, "order": 1830, "visited": true}}, {"type": "Feature", "geometry": {"type": "Point", "coordinates": [629124.42, 5220678.32]}, "properties": {"type": "gap", "gap_m": 7.9, "vineyard_id": "V04", "row_id": "V04-R39", "reachable": true, "id": "T0411", "x": 629124.42, "y": 5220678.32, "order": 1799, "visited": true}}, {"type": "Feature", "geometry": {"type": "Point", "coordinates": [629069.81, 5220756.77]}, "properties": {"type": "gap", "gap_m": 7.7, "vineyard_id": "V04", "row_id": "V04-R40", "reachable": true, "id": "T0412", "x": 629069.81, "y": 5220756.77, "order": null, "visited": false}}, {"type": "Feature", "geometry": {"type": "Point", "coordinates": [629093.27, 5220721.7]}, "properties": {"type": "gap", "gap_m": 4.9, "vineyard_id": "V04", "row_id": "V04-R40", "reachable": true, "id": "T0413", "x": 629093.27, "y": 5220721.7, "order": 1815, "visited": true}}, {"type": "Feature", "geometry": {"type": "Point", "coordinates": [629101.02, 5220709.43]}, "properties": {"type": "gap", "gap_m": 3.2, "vineyard_id": "V04", "row_id": "V04-R40", "reachable": true, "id": "T0414", "x": 629101.02, "y": 5220709.43, "order": 1814, "visited": true}}, {"type": "Feature", "geometry": {"type": "Point", "coordinates": [629123.5, 5220674.92]}, "properties": {"type": "gap", "gap_m": 8.5, "vineyard_id": "V04", "row_id": "V04-R40", "reachable": true, "id": "T0415", "x": 629123.5, "y": 5220674.92, "order": 1800, "visited": true}}, {"type": "Feature", "geometry": {"type": "Point", "coordinates": [629131.69, 5220662.34]}, "properties": {"type": "gap", "gap_m": 6.7, "vineyard_id": "V04", "row_id": "V04-R40", "reachable": true, "id": "T0416", "x": 629131.69, "y": 5220662.34, "order": 1809, "visited": true}}, {"type": "Feature", "geometry": {"type": "Point", "coordinates": [629063.11, 5220764.93]}, "properties": {"type": "gap", "gap_m": 5.2, "vineyard_id": "V04", "row_id": "V04-R41", "reachable": true, "id": "T0417", "x": 629063.11, "y": 5220764.93, "order": 1829, "visited": true}}, {"type": "Feature", "geometry": {"type": "Point", "coordinates": [629076.42, 5220740.37]}, "properties": {"type": "gap", "gap_m": 3.1, "vineyard_id": "V04", "row_id": "V04-R42", "reachable": true, "id": "T0418", "x": 629076.42, "y": 5220740.37, "order": null, "visited": false}}, {"type": "Feature", "geometry": {"type": "Point", "coordinates": [629085.24, 5220727.23]}, "properties": {"type": "gap", "gap_m": 5.0, "vineyard_id": "V04", "row_id": "V04-R42", "reachable": true, "id": "T0419", "x": 629085.24, "y": 5220727.23, "order": 1817, "visited": true}}, {"type": "Feature", "geometry": {"type": "Point", "coordinates": [629090.77, 5220719.0]}, "properties": {"type": "gap", "gap_m": 3.4, "vineyard_id": "V04", "row_id": "V04-R42", "reachable": true, "id": "T0420", "x": 629090.77, "y": 5220719.0, "order": 1816, "visited": true}}, {"type": "Feature", "geometry": {"type": "Point", "coordinates": [629102.05, 5220701.52]}, "properties": {"type": "gap", "gap_m": 3.1, "vineyard_id": "V04", "row_id": "V04-R42", "reachable": true, "id": "T0421", "x": 629102.05, "y": 5220701.52, "order": null, "visited": false}}, {"type": "Feature", "geometry": {"type": "Point", "coordinates": [629119.71, 5220674.6]}, "properties": {"type": "gap", "gap_m": 6.4, "vineyard_id": "V04", "row_id": "V04-R42", "reachable": true, "id": "T0422", "x": 629119.71, "y": 5220674.6, "order": 1801, "visited": true}}, {"type": "Feature", "geometry": {"type": "Point", "coordinates": [629087.71, 5220718.72]}, "properties": {"type": "gap", "gap_m": 3.3, "vineyard_id": "V04", "row_id": "V04-R43", "reachable": true, "id": "T0423", "x": 629087.71, "y": 5220718.72, "order": 1818, "visited": true}}, {"type": "Feature", "geometry": {"type": "Point", "coordinates": [629092.26, 5220712.0]}, "properties": {"type": "gap", "gap_m": 12.0, "vineyard_id": "V04", "row_id": "V04-R43", "reachable": true, "id": "T0424", "x": 629092.26, "y": 5220712.0, "order": 1819, "visited": true}}, {"type": "Feature", "geometry": {"type": "Point", "coordinates": [629097.11, 5220703.74]}, "properties": {"type": "gap", "gap_m": 4.4, "vineyard_id": "V04", "row_id": "V04-R43", "reachable": true, "id": "T0425", "x": 629097.11, "y": 5220703.74, "order": null, "visited": false}}, {"type": "Feature", "geometry": {"type": "Point", "coordinates": [629117.05, 5220672.9]}, "properties": {"type": "gap", "gap_m": 5.6, "vineyard_id": "V04", "row_id": "V04-R43", "reachable": true, "id": "T0426", "x": 629117.05, "y": 5220672.9, "order": 1802, "visited": true}}, {"type": "Feature", "geometry": {"type": "Point", "coordinates": [629086.26, 5220715.43]}, "properties": {"type": "gap", "gap_m": 6.8, "vineyard_id": "V04", "row_id": "V04-R44", "reachable": true, "id": "T0427", "x": 629086.26, "y": 5220715.43, "order": 1820, "visited": true}}, {"type": "Feature", "geometry": {"type": "Point", "coordinates": [629103.5, 5220688.35]}, "properties": {"type": "gap", "gap_m": 6.5, "vineyard_id": "V04", "row_id": "V04-R44", "reachable": true, "id": "T0428", "x": 629103.5, "y": 5220688.35, "order": null, "visited": false}}, {"type": "Feature", "geometry": {"type": "Point", "coordinates": [629115.45, 5220669.94]}, "properties": {"type": "gap", "gap_m": 8.1, "vineyard_id": "V04", "row_id": "V04-R44", "reachable": true, "id": "T0429", "x": 629115.45, "y": 5220669.94, "order": 1803, "visited": true}}, {"type": "Feature", "geometry": {"type": "Point", "coordinates": [629111.65, 5220670.23]}, "properties": {"type": "gap", "gap_m": 5.9, "vineyard_id": "V04", "row_id": "V04-R45", "reachable": true, "id": "T0430", "x": 629111.65, "y": 5220670.23, "order": 1804, "visited": true}}, {"type": "Feature", "geometry": {"type": "Point", "coordinates": [629053.8, 5220757.72]}, "properties": {"type": "gap", "gap_m": 5.6, "vineyard_id": "V04", "row_id": "V04-R46", "reachable": true, "id": "T0431", "x": 629053.8, "y": 5220757.72, "order": 1823, "visited": true}}, {"type": "Feature", "geometry": {"type": "Point", "coordinates": [629108.63, 5220669.31]}, "properties": {"type": "gap", "gap_m": 6.5, "vineyard_id": "V04", "row_id": "V04-R47", "reachable": true, "id": "T0432", "x": 629108.63, "y": 5220669.31, "order": 1805, "visited": true}}, {"type": "Feature", "geometry": {"type": "Point", "coordinates": [629072.23, 5220725.58]}, "properties": {"type": "gap", "gap_m": 3.1, "vineyard_id": "V04", "row_id": "V04-R48", "reachable": true, "id": "T0433", "x": 629072.23, "y": 5220725.58, "order": 1822, "visited": true}}, {"type": "Feature", "geometry": {"type": "Point", "coordinates": [629078.05, 5220717.0]}, "properties": {"type": "gap", "gap_m": 7.4, "vineyard_id": "V04", "row_id": "V04-R48", "reachable": true, "id": "T0434", "x": 629078.05, "y": 5220717.0, "order": 1821, "visited": true}}, {"type": "Feature", "geometry": {"type": "Point", "coordinates": [629107.18, 5220666.1]}, "properties": {"type": "gap", "gap_m": 8.6, "vineyard_id": "V04", "row_id": "V04-R49", "reachable": true, "id": "T0435", "x": 629107.18, "y": 5220666.1, "order": 1806, "visited": true}}, {"type": "Feature", "geometry": {"type": "Point", "coordinates": [629047.78, 5220755.77]}, "properties": {"type": "gap", "gap_m": 3.1, "vineyard_id": "V04", "row_id": "V04-R50", "reachable": true, "id": "T0436", "x": 629047.78, "y": 5220755.77, "order": null, "visited": false}}, {"type": "Feature", "geometry": {"type": "Point", "coordinates": [629104.11, 5220665.09]}, "properties": {"type": "gap", "gap_m": 8.3, "vineyard_id": "V04", "row_id": "V04-R51", "reachable": true, "id": "T0437", "x": 629104.11, "y": 5220665.09, "order": 1807, "visited": true}}, {"type": "Feature", "geometry": {"type": "Point", "coordinates": [629066.97, 5220716.61]}, "properties": {"type": "gap", "gap_m": 3.2, "vineyard_id": "V04", "row_id": "V04-R52", "reachable": true, "id": "T0438", "x": 629066.97, "y": 5220716.61, "order": null, "visited": false}}, {"type": "Feature", "geometry": {"type": "Point", "coordinates": [629101.19, 5220663.98]}, "properties": {"type": "gap", "gap_m": 5.2, "vineyard_id": "V04", "row_id": "V04-R52", "reachable": true, "id": "T0439", "x": 629101.19, "y": 5220663.98, "order": 1808, "visited": true}}, {"type": "Feature", "geometry": {"type": "Point", "coordinates": [629097.9, 5220662.8]}, "properties": {"type": "gap", "gap_m": 5.4, "vineyard_id": "V04", "row_id": "V04-R53", "reachable": true, "id": "T0440", "x": 629097.9, "y": 5220662.8, "order": null, "visited": false}}, {"type": "Feature", "geometry": {"type": "Point", "coordinates": [629017.41, 5220736.49]}, "properties": {"type": "gap", "gap_m": 3.0, "vineyard_id": "V04", "row_id": "V04-R65", "reachable": true, "id": "T0441", "x": 629017.41, "y": 5220736.49, "order": null, "visited": false}}, {"type": "Feature", "geometry": {"type": "Point", "coordinates": [629036.98, 5220706.76]}, "properties": {"type": "gap", "gap_m": 3.2, "vineyard_id": "V04", "row_id": "V04-R65", "reachable": true, "id": "T0442", "x": 629036.98, "y": 5220706.76, "order": null, "visited": false}}, {"type": "Feature", "geometry": {"type": "Point", "coordinates": [629050.26, 5220686.31]}, "properties": {"type": "gap", "gap_m": 4.5, "vineyard_id": "V04", "row_id": "V04-R65", "reachable": true, "id": "T0443", "x": 629050.26, "y": 5220686.31, "order": null, "visited": false}}, {"type": "Feature", "geometry": {"type": "Point", "coordinates": [629056.99, 5220676.07]}, "properties": {"type": "gap", "gap_m": 3.6, "vineyard_id": "V04", "row_id": "V04-R65", "reachable": true, "id": "T0444", "x": 629056.99, "y": 5220676.07, "order": null, "visited": false}}, {"type": "Feature", "geometry": {"type": "Point", "coordinates": [629061.51, 5220669.17]}, "properties": {"type": "gap", "gap_m": 4.0, "vineyard_id": "V04", "row_id": "V04-R65", "reachable": true, "id": "T0445", "x": 629061.51, "y": 5220669.17, "order": null, "visited": false}}, {"type": "Feature", "geometry": {"type": "Point", "coordinates": [629021.16, 5220725.02]}, "properties": {"type": "gap", "gap_m": 6.4, "vineyard_id": "V04", "row_id": "V04-R66", "reachable": true, "id": "T0446", "x": 629021.16, "y": 5220725.02, "order": null, "visited": false}}, {"type": "Feature", "geometry": {"type": "Point", "coordinates": [629032.15, 5220708.82]}, "properties": {"type": "gap", "gap_m": 4.2, "vineyard_id": "V04", "row_id": "V04-R66", "reachable": true, "id": "T0447", "x": 629032.15, "y": 5220708.82, "order": null, "visited": false}}, {"type": "Feature", "geometry": {"type": "Point", "coordinates": [629040.04, 5220696.29]}, "properties": {"type": "gap", "gap_m": 17.3, "vineyard_id": "V04", "row_id": "V04-R66", "reachable": true, "id": "T0448", "x": 629040.04, "y": 5220696.29, "order": null, "visited": false}}, {"type": "Feature", "geometry": {"type": "Point", "coordinates": [629048.1, 5220684.01]}, "properties": {"type": "gap", "gap_m": 3.0, "vineyard_id": "V04", "row_id": "V04-R66", "reachable": true, "id": "T0449", "x": 629048.1, "y": 5220684.01, "order": null, "visited": false}}, {"type": "Feature", "geometry": {"type": "Point", "coordinates": [629054.09, 5220674.92]}, "properties": {"type": "gap", "gap_m": 4.2, "vineyard_id": "V04", "row_id": "V04-R66", "reachable": true, "id": "T0450", "x": 629054.09, "y": 5220674.92, "order": null, "visited": false}}, {"type": "Feature", "geometry": {"type": "Point", "coordinates": [629058.72, 5220667.91]}, "properties": {"type": "gap", "gap_m": 4.2, "vineyard_id": "V04", "row_id": "V04-R66", "reachable": true, "id": "T0451", "x": 629058.72, "y": 5220667.91, "order": null, "visited": false}}, {"type": "Feature", "geometry": {"type": "Point", "coordinates": [629019.47, 5220722.3]}, "properties": {"type": "gap", "gap_m": 3.1, "vineyard_id": "V04", "row_id": "V04-R67", "reachable": true, "id": "T0452", "x": 629019.47, "y": 5220722.3, "order": null, "visited": false}}, {"type": "Feature", "geometry": {"type": "Point", "coordinates": [629041.25, 5220688.94]}, "properties": {"type": "gap", "gap_m": 3.4, "vineyard_id": "V04", "row_id": "V04-R67", "reachable": true, "id": "T0453", "x": 629041.25, "y": 5220688.94, "order": null, "visited": false}}, {"type": "Feature", "geometry": {"type": "Point", "coordinates": [629048.97, 5220677.43]}, "properties": {"type": "gap", "gap_m": 4.3, "vineyard_id": "V04", "row_id": "V04-R67", "reachable": true, "id": "T0454", "x": 629048.97, "y": 5220677.43, "order": null, "visited": false}}, {"type": "Feature", "geometry": {"type": "Point", "coordinates": [629034.75, 5220693.78]}, "properties": {"type": "gap", "gap_m": 4.6, "vineyard_id": "V04", "row_id": "V04-R68", "reachable": true, "id": "T0455", "x": 629034.75, "y": 5220693.78, "order": null, "visited": false}}, {"type": "Feature", "geometry": {"type": "Point", "coordinates": [629034.29, 5220688.42]}, "properties": {"type": "gap", "gap_m": 3.9, "vineyard_id": "V04", "row_id": "V04-R69", "reachable": true, "id": "T0456", "x": 629034.29, "y": 5220688.42, "order": null, "visited": false}}, {"type": "Feature", "geometry": {"type": "Point", "coordinates": [629010.15, 5220720.03]}, "properties": {"type": "gap", "gap_m": 7.3, "vineyard_id": "V04", "row_id": "V04-R70", "reachable": true, "id": "T0457", "x": 629010.15, "y": 5220720.03, "order": null, "visited": false}}, {"type": "Feature", "geometry": {"type": "Point", "coordinates": [629028.69, 5220691.9]}, "properties": {"type": "gap", "gap_m": 4.6, "vineyard_id": "V04", "row_id": "V04-R70", "reachable": true, "id": "T0458", "x": 629028.69, "y": 5220691.9, "order": null, "visited": false}}, {"type": "Feature", "geometry": {"type": "Point", "coordinates": [629013.46, 5220710.15]}, "properties": {"type": "gap", "gap_m": 4.4, "vineyard_id": "V04", "row_id": "V04-R71", "reachable": true, "id": "T0459", "x": 629013.46, "y": 5220710.15, "order": null, "visited": false}}, {"type": "Feature", "geometry": {"type": "Point", "coordinates": [629193.45, 5220703.42]}, "properties": {"type": "gap", "gap_m": 6.3, "vineyard_id": "V05", "row_id": "V05-R01", "reachable": true, "id": "T0460", "x": 629193.45, "y": 5220703.42, "order": 1639, "visited": true}}, {"type": "Feature", "geometry": {"type": "Point", "coordinates": [629195.31, 5220705.63]}, "properties": {"type": "gap", "gap_m": 4.0, "vineyard_id": "V05", "row_id": "V05-R02", "reachable": true, "id": "T0461", "x": 629195.31, "y": 5220705.63, "order": 1640, "visited": true}}, {"type": "Feature", "geometry": {"type": "Point", "coordinates": [629198.86, 5220707.78]}, "properties": {"type": "gap", "gap_m": 4.5, "vineyard_id": "V05", "row_id": "V05-R03", "reachable": true, "id": "T0462", "x": 629198.86, "y": 5220707.78, "order": 1641, "visited": true}}, {"type": "Feature", "geometry": {"type": "Point", "coordinates": [629202.14, 5220687.38]}, "properties": {"type": "gap", "gap_m": 3.3, "vineyard_id": "V05", "row_id": "V05-R04", "reachable": true, "id": "T0463", "x": 629202.14, "y": 5220687.38, "order": 1769, "visited": true}}, {"type": "Feature", "geometry": {"type": "Point", "coordinates": [629206.01, 5220682.23]}, "properties": {"type": "gap", "gap_m": 7.9, "vineyard_id": "V05", "row_id": "V05-R05", "reachable": true, "id": "T0464", "x": 629206.01, "y": 5220682.23, "order": 1774, "visited": true}}, {"type": "Feature", "geometry": {"type": "Point", "coordinates": [629204.32, 5220671.53]}, "properties": {"type": "gap", "gap_m": 3.3, "vineyard_id": "V05", "row_id": "V05-R05", "reachable": true, "id": "T0465", "x": 629204.32, "y": 5220671.53, "order": 1777, "visited": true}}, {"type": "Feature", "geometry": {"type": "Point", "coordinates": [629208.5, 5220682.71]}, "properties": {"type": "gap", "gap_m": 4.2, "vineyard_id": "V05", "row_id": "V05-R06", "reachable": true, "id": "T0466", "x": 629208.5, "y": 5220682.71, "order": 1771, "visited": true}}, {"type": "Feature", "geometry": {"type": "Point", "coordinates": [629207.52, 5220676.51]}, "properties": {"type": "gap", "gap_m": 4.0, "vineyard_id": "V05", "row_id": "V05-R06", "reachable": true, "id": "T0467", "x": 629207.52, "y": 5220676.51, "order": 1775, "visited": true}}, {"type": "Feature", "geometry": {"type": "Point", "coordinates": [629215.11, 5220702.43]}, "properties": {"type": "gap", "gap_m": 3.2, "vineyard_id": "V05", "row_id": "V05-R07", "reachable": true, "id": "T0468", "x": 629215.11, "y": 5220702.43, "order": 1779, "visited": true}}, {"type": "Feature", "geometry": {"type": "Point", "coordinates": [629211.58, 5220680.16]}, "properties": {"type": "gap", "gap_m": 4.0, "vineyard_id": "V05", "row_id": "V05-R07", "reachable": true, "id": "T0469", "x": 629211.58, "y": 5220680.16, "order": 1772, "visited": true}}, {"type": "Feature", "geometry": {"type": "Point", "coordinates": [629213.4, 5220678.09]}, "properties": {"type": "gap", "gap_m": 5.1, "vineyard_id": "V05", "row_id": "V05-R08", "reachable": true, "id": "T0470", "x": 629213.4, "y": 5220678.09, "order": 1773, "visited": true}}, {"type": "Feature", "geometry": {"type": "Point", "coordinates": [629263.28, 5220744.13]}, "properties": {"type": "gap", "gap_m": 6.2, "vineyard_id": "V05", "row_id": "V05-R10", "reachable": true, "id": "T0472", "x": 629263.28, "y": 5220744.13, "order": 1886, "visited": true}}, {"type": "Feature", "geometry": {"type": "Point", "coordinates": [629255.43, 5220743.67]}, "properties": {"type": "gap", "gap_m": 3.7, "vineyard_id": "V05", "row_id": "V05-R10", "reachable": true, "id": "T0473", "x": 629255.43, "y": 5220743.67, "order": 1885, "visited": true}}, {"type": "Feature", "geometry": {"type": "Point", "coordinates": [629267.74, 5220747.33]}, "properties": {"type": "gap", "gap_m": 6.8, "vineyard_id": "V05", "row_id": "V05-R12", "reachable": true, "id": "T0474", "x": 629267.74, "y": 5220747.33, "order": 1887, "visited": true}}, {"type": "Feature", "geometry": {"type": "Point", "coordinates": [629188.33, 5220702.46]}, "properties": {"type": "gap", "gap_m": 4.0, "vineyard_id": "V06", "row_id": "V06-R01", "reachable": true, "id": "T0476", "x": 629188.33, "y": 5220702.46, "order": 1638, "visited": true}}, {"type": "Feature", "geometry": {"type": "Point", "coordinates": [629190.98, 5220696.77]}, "properties": {"type": "gap", "gap_m": 7.2, "vineyard_id": "V06", "row_id": "V06-R01", "reachable": true, "id": "T0477", "x": 629190.98, "y": 5220696.77, "order": 1766, "visited": true}}, {"type": "Feature", "geometry": {"type": "Point", "coordinates": [629204.01, 5220684.31]}, "properties": {"type": "gap", "gap_m": 6.7, "vineyard_id": "V06", "row_id": "V06-R02", "reachable": true, "id": "T0478", "x": 629204.01, "y": 5220684.31, "order": 1770, "visited": true}}, {"type": "Feature", "geometry": {"type": "Point", "coordinates": [629202.26, 5220673.25]}, "properties": {"type": "gap", "gap_m": 4.0, "vineyard_id": "V06", "row_id": "V06-R02", "reachable": true, "id": "T0479", "x": 629202.26, "y": 5220673.25, "order": 1776, "visited": true}}, {"type": "Feature", "geometry": {"type": "Point", "coordinates": [629200.86, 5220664.43]}, "properties": {"type": "gap", "gap_m": 7.6, "vineyard_id": "V06", "row_id": "V06-R02", "reachable": true, "id": "T0480", "x": 629200.86, "y": 5220664.43, "order": 1778, "visited": true}}, {"type": "Feature", "geometry": {"type": "Point", "coordinates": [629206.88, 5220657.37]}, "properties": {"type": "gap", "gap_m": 4.4, "vineyard_id": "V06", "row_id": "V06-R03", "reachable": true, "id": "T0481", "x": 629206.88, "y": 5220657.37, "order": 1589, "visited": true}}, {"type": "Feature", "geometry": {"type": "Point", "coordinates": [629199.77, 5220650.42]}, "properties": {"type": "gap", "gap_m": 3.7, "vineyard_id": "V06", "row_id": "V06-R05", "reachable": true, "id": "T0482", "x": 629199.77, "y": 5220650.42, "order": 1590, "visited": true}}, {"type": "Feature", "geometry": {"type": "Point", "coordinates": [629202.52, 5220637.76]}, "properties": {"type": "gap", "gap_m": 3.9, "vineyard_id": "V07", "row_id": "V07-R01", "reachable": true, "id": "T0483", "x": 629202.52, "y": 5220637.76, "order": 1591, "visited": true}}, {"type": "Feature", "geometry": {"type": "Point", "coordinates": [629203.32, 5220635.03]}, "properties": {"type": "gap", "gap_m": 3.1, "vineyard_id": "V07", "row_id": "V07-R02", "reachable": true, "id": "T0484", "x": 629203.32, "y": 5220635.03, "order": 1592, "visited": true}}, {"type": "Feature", "geometry": {"type": "Point", "coordinates": [629186.37, 5220700.7]}, "properties": {"type": "gap", "gap_m": 5.4, "vineyard_id": "V08", "row_id": "V08-R001", "reachable": true, "id": "T0485", "x": 629186.37, "y": 5220700.7, "order": 1637, "visited": true}}, {"type": "Feature", "geometry": {"type": "Point", "coordinates": [629192.03, 5220688.57]}, "properties": {"type": "gap", "gap_m": 8.8, "vineyard_id": "V08", "row_id": "V08-R001", "reachable": true, "id": "T0486", "x": 629192.03, "y": 5220688.57, "order": 1767, "visited": true}}, {"type": "Feature", "geometry": {"type": "Point", "coordinates": [629183.85, 5220700.2]}, "properties": {"type": "gap", "gap_m": 4.5, "vineyard_id": "V08", "row_id": "V08-R002", "reachable": true, "id": "T0487", "x": 629183.85, "y": 5220700.2, "order": 1636, "visited": true}}, {"type": "Feature", "geometry": {"type": "Point", "coordinates": [629193.28, 5220680.09]}, "properties": {"type": "gap", "gap_m": 12.5, "vineyard_id": "V08", "row_id": "V08-R002", "reachable": true, "id": "T0488", "x": 629193.28, "y": 5220680.09, "order": 1768, "visited": true}}, {"type": "Feature", "geometry": {"type": "Point", "coordinates": [629181.25, 5220699.28]}, "properties": {"type": "gap", "gap_m": 4.1, "vineyard_id": "V08", "row_id": "V08-R003", "reachable": true, "id": "T0489", "x": 629181.25, "y": 5220699.28, "order": 1635, "visited": true}}, {"type": "Feature", "geometry": {"type": "Point", "coordinates": [629174.83, 5220704.53]}, "properties": {"type": "gap", "gap_m": 3.3, "vineyard_id": "V08", "row_id": "V08-R004", "reachable": true, "id": "T0490", "x": 629174.83, "y": 5220704.53, "order": 1780, "visited": true}}, {"type": "Feature", "geometry": {"type": "Point", "coordinates": [629177.99, 5220697.72]}, "properties": {"type": "gap", "gap_m": 4.0, "vineyard_id": "V08", "row_id": "V08-R004", "reachable": true, "id": "T0491", "x": 629177.99, "y": 5220697.72, "order": 1782, "visited": true}}, {"type": "Feature", "geometry": {"type": "Point", "coordinates": [629183.4, 5220686.09]}, "properties": {"type": "gap", "gap_m": 5.6, "vineyard_id": "V08", "row_id": "V08-R004", "reachable": true, "id": "T0492", "x": 629183.4, "y": 5220686.09, "order": 1781, "visited": true}}, {"type": "Feature", "geometry": {"type": "Point", "coordinates": [629171.94, 5220695.46]}, "properties": {"type": "gap", "gap_m": 4.5, "vineyard_id": "V08", "row_id": "V08-R005", "reachable": true, "id": "T0493", "x": 629171.94, "y": 5220695.46, "order": 1783, "visited": true}}, {"type": "Feature", "geometry": {"type": "Point", "coordinates": [629169.22, 5220695.12]}, "properties": {"type": "gap", "gap_m": 6.0, "vineyard_id": "V08", "row_id": "V08-R006", "reachable": true, "id": "T0494", "x": 629169.22, "y": 5220695.12, "order": 1784, "visited": true}}, {"type": "Feature", "geometry": {"type": "Point", "coordinates": [629166.32, 5220695.77]}, "properties": {"type": "gap", "gap_m": 9.9, "vineyard_id": "V08", "row_id": "V08-R007", "reachable": true, "id": "T0495", "x": 629166.32, "y": 5220695.77, "order": 1785, "visited": true}}, {"type": "Feature", "geometry": {"type": "Point", "coordinates": [629162.9, 5220691.44]}, "properties": {"type": "gap", "gap_m": 5.7, "vineyard_id": "V08", "row_id": "V08-R008", "reachable": true, "id": "T0496", "x": 629162.9, "y": 5220691.44, "order": 1786, "visited": true}}, {"type": "Feature", "geometry": {"type": "Point", "coordinates": [629155.76, 5220698.3]}, "properties": {"type": "gap", "gap_m": 14.7, "vineyard_id": "V08", "row_id": "V08-R009", "reachable": true, "id": "T0497", "x": 629155.76, "y": 5220698.3, "order": 1789, "visited": true}}, {"type": "Feature", "geometry": {"type": "Point", "coordinates": [629159.89, 5220689.48]}, "properties": {"type": "gap", "gap_m": 3.2, "vineyard_id": "V08", "row_id": "V08-R009", "reachable": true, "id": "T0498", "x": 629159.89, "y": 5220689.48, "order": 1787, "visited": true}}, {"type": "Feature", "geometry": {"type": "Point", "coordinates": [629154.84, 5220693.69]}, "properties": {"type": "gap", "gap_m": 8.2, "vineyard_id": "V08", "row_id": "V08-R010", "reachable": true, "id": "T0499", "x": 629154.84, "y": 5220693.69, "order": 1788, "visited": true}}, {"type": "Feature", "geometry": {"type": "Point", "coordinates": [629151.36, 5220694.4]}, "properties": {"type": "gap", "gap_m": 12.5, "vineyard_id": "V08", "row_id": "V08-R011", "reachable": true, "id": "T0500", "x": 629151.36, "y": 5220694.4, "order": 1791, "visited": true}}, {"type": "Feature", "geometry": {"type": "Point", "coordinates": [629150.03, 5220691.44]}, "properties": {"type": "gap", "gap_m": 8.7, "vineyard_id": "V08", "row_id": "V08-R013", "reachable": true, "id": "T0501", "x": 629150.03, "y": 5220691.44, "order": 1790, "visited": true}}, {"type": "Feature", "geometry": {"type": "Point", "coordinates": [629148.66, 5220688.94]}, "properties": {"type": "gap", "gap_m": 10.8, "vineyard_id": "V08", "row_id": "V08-R014", "reachable": true, "id": "T0502", "x": 629148.66, "y": 5220688.94, "order": 1792, "visited": true}}, {"type": "Feature", "geometry": {"type": "Point", "coordinates": [629160.1, 5220664.49]}, "properties": {"type": "gap", "gap_m": 3.0, "vineyard_id": "V08", "row_id": "V08-R014", "reachable": true, "id": "T0503", "x": 629160.1, "y": 5220664.49, "order": 1813, "visited": true}}, {"type": "Feature", "geometry": {"type": "Point", "coordinates": [629173.92, 5220626.23]}, "properties": {"type": "gap", "gap_m": 4.3, "vineyard_id": "V08", "row_id": "V08-R023", "reachable": true, "id": "T0504", "x": 629173.92, "y": 5220626.23, "order": null, "visited": false}}, {"type": "Feature", "geometry": {"type": "Point", "coordinates": [629171.1, 5220621.74]}, "properties": {"type": "gap", "gap_m": 3.3, "vineyard_id": "V08", "row_id": "V08-R023", "reachable": true, "id": "T0505", "x": 629171.1, "y": 5220621.74, "order": null, "visited": false}}, {"type": "Feature", "geometry": {"type": "Point", "coordinates": [629147.67, 5220633.31]}, "properties": {"type": "gap", "gap_m": 3.7, "vineyard_id": "V08", "row_id": "V08-R024", "reachable": true, "id": "T0506", "x": 629147.67, "y": 5220633.31, "order": 1630, "visited": true}}, {"type": "Feature", "geometry": {"type": "Point", "coordinates": [629180.96, 5220625.94]}, "properties": {"type": "gap", "gap_m": 3.2, "vineyard_id": "V08", "row_id": "V08-R026", "reachable": true, "id": "T0507", "x": 629180.96, "y": 5220625.94, "order": null, "visited": false}}, {"type": "Feature", "geometry": {"type": "Point", "coordinates": [629153.56, 5220636.25]}, "properties": {"type": "gap", "gap_m": 6.4, "vineyard_id": "V08", "row_id": "V08-R027", "reachable": true, "id": "T0508", "x": 629153.56, "y": 5220636.25, "order": 1631, "visited": true}}, {"type": "Feature", "geometry": {"type": "Point", "coordinates": [629149.6, 5220629.9]}, "properties": {"type": "gap", "gap_m": 6.2, "vineyard_id": "V08", "row_id": "V08-R027", "reachable": true, "id": "T0509", "x": 629149.6, "y": 5220629.9, "order": 1632, "visited": true}}, {"type": "Feature", "geometry": {"type": "Point", "coordinates": [629164.86, 5220623.38]}, "properties": {"type": "gap", "gap_m": 5.7, "vineyard_id": "V08", "row_id": "V08-R028", "reachable": true, "id": "T0510", "x": 629164.86, "y": 5220623.38, "order": 1911, "visited": true}}, {"type": "Feature", "geometry": {"type": "Point", "coordinates": [629183.76, 5220623.88]}, "properties": {"type": "gap", "gap_m": 4.0, "vineyard_id": "V08", "row_id": "V08-R029", "reachable": true, "id": "T0511", "x": 629183.76, "y": 5220623.88, "order": 1593, "visited": true}}, {"type": "Feature", "geometry": {"type": "Point", "coordinates": [629177.14, 5220613.29]}, "properties": {"type": "gap", "gap_m": 3.4, "vineyard_id": "V08", "row_id": "V08-R029", "reachable": true, "id": "T0512", "x": 629177.14, "y": 5220613.29, "order": 1594, "visited": true}}, {"type": "Feature", "geometry": {"type": "Point", "coordinates": [629168.13, 5220653.14]}, "properties": {"type": "gap", "gap_m": 7.0, "vineyard_id": "V08", "row_id": "V08-R030", "reachable": true, "id": "T0513", "x": 629168.13, "y": 5220653.14, "order": 1634, "visited": true}}, {"type": "Feature", "geometry": {"type": "Point", "coordinates": [629152.18, 5220627.6]}, "properties": {"type": "gap", "gap_m": 3.4, "vineyard_id": "V08", "row_id": "V08-R030", "reachable": true, "id": "T0514", "x": 629152.18, "y": 5220627.6, "order": null, "visited": true}}, {"type": "Feature", "geometry": {"type": "Point", "coordinates": [629156.39, 5220616.26]}, "properties": {"type": "gap", "gap_m": 5.7, "vineyard_id": "V08", "row_id": "V08-R031", "reachable": true, "id": "T0515", "x": 629156.39, "y": 5220616.26, "order": 1913, "visited": true}}, {"type": "Feature", "geometry": {"type": "Point", "coordinates": [629159.65, 5220634.32]}, "properties": {"type": "gap", "gap_m": 3.4, "vineyard_id": "V08", "row_id": "V08-R033", "reachable": true, "id": "T0516", "x": 629159.65, "y": 5220634.32, "order": null, "visited": true}}, {"type": "Feature", "geometry": {"type": "Point", "coordinates": [629154.32, 5220625.78]}, "properties": {"type": "gap", "gap_m": 3.9, "vineyard_id": "V08", "row_id": "V08-R033", "reachable": true, "id": "T0517", "x": 629154.32, "y": 5220625.78, "order": 1633, "visited": true}}, {"type": "Feature", "geometry": {"type": "Point", "coordinates": [629161.79, 5220631.82]}, "properties": {"type": "gap", "gap_m": 6.2, "vineyard_id": "V08", "row_id": "V08-R034", "reachable": true, "id": "T0518", "x": 629161.79, "y": 5220631.82, "order": 1912, "visited": true}}, {"type": "Feature", "geometry": {"type": "Point", "coordinates": [629112.75, 5220650.74]}, "properties": {"type": "gap", "gap_m": 3.7, "vineyard_id": "V08", "row_id": "V08-R038", "reachable": true, "id": "T0519", "x": 629112.75, "y": 5220650.74, "order": null, "visited": true}}, {"type": "Feature", "geometry": {"type": "Point", "coordinates": [629100.32, 5220645.87]}, "properties": {"type": "gap", "gap_m": 5.3, "vineyard_id": "V08", "row_id": "V08-R038", "reachable": true, "id": "T0520", "x": 629100.32, "y": 5220645.87, "order": 1810, "visited": true}}, {"type": "Feature", "geometry": {"type": "Point", "coordinates": [629111.95, 5220645.5]}, "properties": {"type": "gap", "gap_m": 3.7, "vineyard_id": "V08", "row_id": "V08-R039", "reachable": true, "id": "T0521", "x": 629111.95, "y": 5220645.5, "order": null, "visited": false}}, {"type": "Feature", "geometry": {"type": "Point", "coordinates": [629105.18, 5220642.84]}, "properties": {"type": "gap", "gap_m": 7.8, "vineyard_id": "V08", "row_id": "V08-R039", "reachable": true, "id": "T0522", "x": 629105.18, "y": 5220642.84, "order": null, "visited": false}}, {"type": "Feature", "geometry": {"type": "Point", "coordinates": [629103.75, 5220645.1]}, "properties": {"type": "gap", "gap_m": 6.7, "vineyard_id": "V08", "row_id": "V08-R042", "reachable": true, "id": "T0523", "x": 629103.75, "y": 5220645.1, "order": 1811, "visited": true}}, {"type": "Feature", "geometry": {"type": "Point", "coordinates": [629104.7, 5220641.22]}, "properties": {"type": "gap", "gap_m": 4.4, "vineyard_id": "V08", "row_id": "V08-R043", "reachable": true, "id": "T0524", "x": 629104.7, "y": 5220641.22, "order": null, "visited": false}}, {"type": "Feature", "geometry": {"type": "Point", "coordinates": [629126.05, 5220635.91]}, "properties": {"type": "gap", "gap_m": 5.6, "vineyard_id": "V08", "row_id": "V08-R050", "reachable": true, "id": "T0525", "x": 629126.05, "y": 5220635.91, "order": null, "visited": false}}, {"type": "Feature", "geometry": {"type": "Point", "coordinates": [629108.62, 5220629.06]}, "properties": {"type": "gap", "gap_m": 4.6, "vineyard_id": "V08", "row_id": "V08-R050", "reachable": true, "id": "T0526", "x": 629108.62, "y": 5220629.06, "order": null, "visited": false}}, {"type": "Feature", "geometry": {"type": "Point", "coordinates": [629130.93, 5220635.57]}, "properties": {"type": "gap", "gap_m": 5.0, "vineyard_id": "V08", "row_id": "V08-R052", "reachable": true, "id": "T0527", "x": 629130.93, "y": 5220635.57, "order": null, "visited": false}}, {"type": "Feature", "geometry": {"type": "Point", "coordinates": [629128.58, 5220632.37]}, "properties": {"type": "gap", "gap_m": 4.8, "vineyard_id": "V08", "row_id": "V08-R054", "reachable": true, "id": "T0528", "x": 629128.58, "y": 5220632.37, "order": null, "visited": false}}, {"type": "Feature", "geometry": {"type": "Point", "coordinates": [629110.0, 5220625.09]}, "properties": {"type": "gap", "gap_m": 3.3, "vineyard_id": "V08", "row_id": "V08-R054", "reachable": true, "id": "T0529", "x": 629110.0, "y": 5220625.09, "order": null, "visited": false}}, {"type": "Feature", "geometry": {"type": "Point", "coordinates": [629184.15, 5220598.07]}, "properties": {"type": "gap", "gap_m": 3.8, "vineyard_id": "V08", "row_id": "V08-R055", "reachable": true, "id": "T0530", "x": 629184.15, "y": 5220598.07, "order": null, "visited": false}}, {"type": "Feature", "geometry": {"type": "Point", "coordinates": [629133.38, 5220631.62]}, "properties": {"type": "gap", "gap_m": 3.7, "vineyard_id": "V08", "row_id": "V08-R056", "reachable": true, "id": "T0531", "x": 629133.38, "y": 5220631.62, "order": null, "visited": false}}, {"type": "Feature", "geometry": {"type": "Point", "coordinates": [629113.24, 5220623.73]}, "properties": {"type": "gap", "gap_m": 3.5, "vineyard_id": "V08", "row_id": "V08-R056", "reachable": true, "id": "T0532", "x": 629113.24, "y": 5220623.73, "order": null, "visited": false}}, {"type": "Feature", "geometry": {"type": "Point", "coordinates": [629131.64, 5220628.49]}, "properties": {"type": "gap", "gap_m": 4.5, "vineyard_id": "V08", "row_id": "V08-R058", "reachable": true, "id": "T0533", "x": 629131.64, "y": 5220628.49, "order": null, "visited": false}}, {"type": "Feature", "geometry": {"type": "Point", "coordinates": [629132.43, 5220626.73]}, "properties": {"type": "gap", "gap_m": 5.5, "vineyard_id": "V08", "row_id": "V08-R060", "reachable": true, "id": "T0534", "x": 629132.43, "y": 5220626.73, "order": null, "visited": false}}, {"type": "Feature", "geometry": {"type": "Point", "coordinates": [629132.79, 5220625.48]}, "properties": {"type": "gap", "gap_m": 4.4, "vineyard_id": "V08", "row_id": "V08-R062", "reachable": true, "id": "T0535", "x": 629132.79, "y": 5220625.48, "order": null, "visited": false}}, {"type": "Feature", "geometry": {"type": "Point", "coordinates": [629166.1, 5220597.57]}, "properties": {"type": "gap", "gap_m": 5.4, "vineyard_id": "V08", "row_id": "V08-R066", "reachable": true, "id": "T0536", "x": 629166.1, "y": 5220597.57, "order": 1914, "visited": true}}, {"type": "Feature", "geometry": {"type": "Point", "coordinates": [629113.1, 5220611.01]}, "properties": {"type": "gap", "gap_m": 4.6, "vineyard_id": "V08", "row_id": "V08-R069", "reachable": true, "id": "T0537", "x": 629113.1, "y": 5220611.01, "order": null, "visited": true}}, {"type": "Feature", "geometry": {"type": "Point", "coordinates": [629108.27, 5220609.12]}, "properties": {"type": "gap", "gap_m": 4.3, "vineyard_id": "V08", "row_id": "V08-R069", "reachable": true, "id": "T0538", "x": 629108.27, "y": 5220609.12, "order": 1629, "visited": true}}, {"type": "Feature", "geometry": {"type": "Point", "coordinates": [629107.88, 5220611.41]}, "properties": {"type": "gap", "gap_m": 5.7, "vineyard_id": "V08", "row_id": "V08-R070", "reachable": true, "id": "T0539", "x": 629107.88, "y": 5220611.41, "order": 1629, "visited": true}}, {"type": "Feature", "geometry": {"type": "Point", "coordinates": [629162.32, 5220596.9]}, "properties": {"type": "gap", "gap_m": 10.0, "vineyard_id": "V08", "row_id": "V08-R072", "reachable": true, "id": "T0540", "x": 629162.32, "y": 5220596.9, "order": null, "visited": false}}, {"type": "Feature", "geometry": {"type": "Point", "coordinates": [629214.91, 5220568.86]}, "properties": {"type": "gap", "gap_m": 5.7, "vineyard_id": "V08", "row_id": "V08-R072", "reachable": true, "id": "T0541", "x": 629214.91, "y": 5220568.86, "order": 1605, "visited": true}}, {"type": "Feature", "geometry": {"type": "Point", "coordinates": [629221.05, 5220565.63]}, "properties": {"type": "gap", "gap_m": 4.3, "vineyard_id": "V08", "row_id": "V08-R072", "reachable": true, "id": "T0542", "x": 629221.05, "y": 5220565.63, "order": 1609, "visited": true}}, {"type": "Feature", "geometry": {"type": "Point", "coordinates": [629229.08, 5220561.41]}, "properties": {"type": "gap", "gap_m": 4.0, "vineyard_id": "V08", "row_id": "V08-R072", "reachable": true, "id": "T0543", "x": 629229.08, "y": 5220561.41, "order": 1608, "visited": true}}, {"type": "Feature", "geometry": {"type": "Point", "coordinates": [629216.47, 5220565.47]}, "properties": {"type": "gap", "gap_m": 3.9, "vineyard_id": "V08", "row_id": "V08-R074", "reachable": true, "id": "T0544", "x": 629216.47, "y": 5220565.47, "order": 1604, "visited": true}}, {"type": "Feature", "geometry": {"type": "Point", "coordinates": [629222.21, 5220562.45]}, "properties": {"type": "gap", "gap_m": 4.8, "vineyard_id": "V08", "row_id": "V08-R074", "reachable": true, "id": "T0545", "x": 629222.21, "y": 5220562.45, "order": 1611, "visited": true}}, {"type": "Feature", "geometry": {"type": "Point", "coordinates": [629227.29, 5220559.76]}, "properties": {"type": "gap", "gap_m": 3.5, "vineyard_id": "V08", "row_id": "V08-R074", "reachable": true, "id": "T0546", "x": 629227.29, "y": 5220559.76, "order": 1610, "visited": true}}, {"type": "Feature", "geometry": {"type": "Point", "coordinates": [629129.03, 5220605.85]}, "properties": {"type": "gap", "gap_m": 6.7, "vineyard_id": "V08", "row_id": "V08-R077", "reachable": true, "id": "T0547", "x": 629129.03, "y": 5220605.85, "order": null, "visited": false}}, {"type": "Feature", "geometry": {"type": "Point", "coordinates": [629205.8, 5220566.0]}, "properties": {"type": "gap", "gap_m": 3.5, "vineyard_id": "V08", "row_id": "V08-R078", "reachable": true, "id": "T0548", "x": 629205.8, "y": 5220566.0, "order": null, "visited": false}}, {"type": "Feature", "geometry": {"type": "Point", "coordinates": [629198.1, 5220567.18]}, "properties": {"type": "gap", "gap_m": 3.4, "vineyard_id": "V08", "row_id": "V08-R079", "reachable": true, "id": "T0549", "x": 629198.1, "y": 5220567.18, "order": null, "visited": false}}, {"type": "Feature", "geometry": {"type": "Point", "coordinates": [629121.46, 5220605.9]}, "properties": {"type": "gap", "gap_m": 4.1, "vineyard_id": "V08", "row_id": "V08-R080", "reachable": true, "id": "T0550", "x": 629121.46, "y": 5220605.9, "order": 1620, "visited": true}}, {"type": "Feature", "geometry": {"type": "Point", "coordinates": [629128.84, 5220601.86]}, "properties": {"type": "gap", "gap_m": 5.4, "vineyard_id": "V08", "row_id": "V08-R080", "reachable": true, "id": "T0551", "x": 629128.84, "y": 5220601.86, "order": 1619, "visited": true}}, {"type": "Feature", "geometry": {"type": "Point", "coordinates": [629143.73, 5220593.7]}, "properties": {"type": "gap", "gap_m": 3.5, "vineyard_id": "V08", "row_id": "V08-R080", "reachable": true, "id": "T0552", "x": 629143.73, "y": 5220593.7, "order": 1618, "visited": true}}, {"type": "Feature", "geometry": {"type": "Point", "coordinates": [629157.67, 5220586.73]}, "properties": {"type": "gap", "gap_m": 4.3, "vineyard_id": "V08", "row_id": "V08-R080", "reachable": true, "id": "T0553", "x": 629157.67, "y": 5220586.73, "order": 1617, "visited": true}}, {"type": "Feature", "geometry": {"type": "Point", "coordinates": [629122.42, 5220603.2]}, "properties": {"type": "gap", "gap_m": 6.9, "vineyard_id": "V08", "row_id": "V08-R081", "reachable": true, "id": "T0554", "x": 629122.42, "y": 5220603.2, "order": 1621, "visited": true}}, {"type": "Feature", "geometry": {"type": "Point", "coordinates": [629133.13, 5220597.29]}, "properties": {"type": "gap", "gap_m": 5.3, "vineyard_id": "V08", "row_id": "V08-R081", "reachable": true, "id": "T0555", "x": 629133.13, "y": 5220597.29, "order": 1622, "visited": true}}, {"type": "Feature", "geometry": {"type": "Point", "coordinates": [629142.81, 5220591.94]}, "properties": {"type": "gap", "gap_m": 9.6, "vineyard_id": "V08", "row_id": "V08-R081", "reachable": true, "id": "T0556", "x": 629142.81, "y": 5220591.94, "order": 1618, "visited": true}}, {"type": "Feature", "geometry": {"type": "Point", "coordinates": [629179.29, 5220572.51]}, "properties": {"type": "gap", "gap_m": 3.6, "vineyard_id": "V08", "row_id": "V08-R081", "reachable": true, "id": "T0557", "x": 629179.29, "y": 5220572.51, "order": null, "visited": true}}, {"type": "Feature", "geometry": {"type": "Point", "coordinates": [629224.69, 5220547.93]}, "properties": {"type": "gap", "gap_m": 5.7, "vineyard_id": "V08", "row_id": "V08-R081", "reachable": true, "id": "T0558", "x": 629224.69, "y": 5220547.93, "order": null, "visited": true}}, {"type": "Feature", "geometry": {"type": "Point", "coordinates": [629236.26, 5220541.57]}, "properties": {"type": "gap", "gap_m": 3.6, "vineyard_id": "V08", "row_id": "V08-R081", "reachable": true, "id": "T0559", "x": 629236.26, "y": 5220541.57, "order": 1614, "visited": true}}, {"type": "Feature", "geometry": {"type": "Point", "coordinates": [629240.21, 5220539.39]}, "properties": {"type": "gap", "gap_m": 4.2, "vineyard_id": "V08", "row_id": "V08-R081", "reachable": true, "id": "T0560", "x": 629240.21, "y": 5220539.39, "order": null, "visited": false}}, {"type": "Feature", "geometry": {"type": "Point", "coordinates": [629109.2, 5220604.52]}, "properties": {"type": "gap", "gap_m": 5.5, "vineyard_id": "V08", "row_id": "V08-R082", "reachable": true, "id": "T0561", "x": 629109.2, "y": 5220604.52, "order": 1624, "visited": true}}, {"type": "Feature", "geometry": {"type": "Point", "coordinates": [629134.34, 5220590.53]}, "properties": {"type": "gap", "gap_m": 4.4, "vineyard_id": "V08", "row_id": "V08-R082", "reachable": true, "id": "T0562", "x": 629134.34, "y": 5220590.53, "order": null, "visited": true}}, {"type": "Feature", "geometry": {"type": "Point", "coordinates": [629118.27, 5220603.28]}, "properties": {"type": "gap", "gap_m": 4.5, "vineyard_id": "V08", "row_id": "V08-R083", "reachable": true, "id": "T0563", "x": 629118.27, "y": 5220603.28, "order": 1623, "visited": true}}, {"type": "Feature", "geometry": {"type": "Point", "coordinates": [629131.5, 5220595.95]}, "properties": {"type": "gap", "gap_m": 6.7, "vineyard_id": "V08", "row_id": "V08-R083", "reachable": true, "id": "T0564", "x": 629131.5, "y": 5220595.95, "order": 1622, "visited": true}}, {"type": "Feature", "geometry": {"type": "Point", "coordinates": [629146.46, 5220587.73]}, "properties": {"type": "gap", "gap_m": 4.5, "vineyard_id": "V08", "row_id": "V08-R083", "reachable": true, "id": "T0565", "x": 629146.46, "y": 5220587.73, "order": null, "visited": false}}, {"type": "Feature", "geometry": {"type": "Point", "coordinates": [629163.64, 5220578.45]}, "properties": {"type": "gap", "gap_m": 5.5, "vineyard_id": "V08", "row_id": "V08-R083", "reachable": true, "id": "T0566", "x": 629163.64, "y": 5220578.45, "order": 1616, "visited": true}}, {"type": "Feature", "geometry": {"type": "Point", "coordinates": [629177.43, 5220571.0]}, "properties": {"type": "gap", "gap_m": 5.0, "vineyard_id": "V08", "row_id": "V08-R083", "reachable": true, "id": "T0567", "x": 629177.43, "y": 5220571.0, "order": 1615, "visited": true}}, {"type": "Feature", "geometry": {"type": "Point", "coordinates": [629106.33, 5220602.96]}, "properties": {"type": "gap", "gap_m": 10.2, "vineyard_id": "V08", "row_id": "V08-R084", "reachable": true, "id": "T0568", "x": 629106.33, "y": 5220602.96, "order": 1625, "visited": true}}, {"type": "Feature", "geometry": {"type": "Point", "coordinates": [629115.47, 5220597.9]}, "properties": {"type": "gap", "gap_m": 5.0, "vineyard_id": "V08", "row_id": "V08-R084", "reachable": true, "id": "T0569", "x": 629115.47, "y": 5220597.9, "order": 1628, "visited": true}}, {"type": "Feature", "geometry": {"type": "Point", "coordinates": [629125.12, 5220592.56]}, "properties": {"type": "gap", "gap_m": 5.4, "vineyard_id": "V08", "row_id": "V08-R084", "reachable": true, "id": "T0570", "x": 629125.12, "y": 5220592.56, "order": 1626, "visited": true}}, {"type": "Feature", "geometry": {"type": "Point", "coordinates": [629133.35, 5220588.0]}, "properties": {"type": "gap", "gap_m": 6.7, "vineyard_id": "V08", "row_id": "V08-R084", "reachable": true, "id": "T0571", "x": 629133.35, "y": 5220588.0, "order": 1627, "visited": true}}, {"type": "Feature", "geometry": {"type": "Point", "coordinates": [629138.1, 5220585.38]}, "properties": {"type": "gap", "gap_m": 3.2, "vineyard_id": "V08", "row_id": "V08-R084", "reachable": true, "id": "T0572", "x": 629138.1, "y": 5220585.38, "order": null, "visited": false}}, {"type": "Feature", "geometry": {"type": "Point", "coordinates": [629160.98, 5220577.33]}, "properties": {"type": "gap", "gap_m": 3.4, "vineyard_id": "V08", "row_id": "V08-R085", "reachable": true, "id": "T0573", "x": 629160.98, "y": 5220577.33, "order": null, "visited": false}}, {"type": "Feature", "geometry": {"type": "Point", "coordinates": [629115.1, 5220596.36]}, "properties": {"type": "gap", "gap_m": 3.6, "vineyard_id": "V08", "row_id": "V08-R087", "reachable": true, "id": "T0574", "x": 629115.1, "y": 5220596.36, "order": 1628, "visited": true}}, {"type": "Feature", "geometry": {"type": "Point", "coordinates": [629159.74, 5220549.49]}, "properties": {"type": "gap", "gap_m": 5.0, "vineyard_id": "V08", "row_id": "V08-R099", "reachable": true, "id": "T0577", "x": 629159.74, "y": 5220549.49, "order": null, "visited": false}}, {"type": "Feature", "geometry": {"type": "Point", "coordinates": [629161.97, 5220545.59]}, "properties": {"type": "gap", "gap_m": 15.4, "vineyard_id": "V08", "row_id": "V08-R100", "reachable": true, "id": "T0578", "x": 629161.97, "y": 5220545.59, "order": 1926, "visited": true}}, {"type": "Feature", "geometry": {"type": "Point", "coordinates": [629171.32, 5220540.54]}, "properties": {"type": "gap", "gap_m": 4.4, "vineyard_id": "V08", "row_id": "V08-R100", "reachable": true, "id": "T0579", "x": 629171.32, "y": 5220540.54, "order": null, "visited": true}}, {"type": "Feature", "geometry": {"type": "Point", "coordinates": [629177.01, 5220537.47]}, "properties": {"type": "gap", "gap_m": 4.8, "vineyard_id": "V08", "row_id": "V08-R100", "reachable": true, "id": "T0580", "x": 629177.01, "y": 5220537.47, "order": null, "visited": true}}, {"type": "Feature", "geometry": {"type": "Point", "coordinates": [629181.82, 5220534.87]}, "properties": {"type": "gap", "gap_m": 3.1, "vineyard_id": "V08", "row_id": "V08-R100", "reachable": true, "id": "T0581", "x": 629181.82, "y": 5220534.87, "order": 1921, "visited": true}}, {"type": "Feature", "geometry": {"type": "Point", "coordinates": [629186.68, 5220532.24]}, "properties": {"type": "gap", "gap_m": 5.1, "vineyard_id": "V08", "row_id": "V08-R100", "reachable": true, "id": "T0582", "x": 629186.68, "y": 5220532.24, "order": 1920, "visited": true}}, {"type": "Feature", "geometry": {"type": "Point", "coordinates": [629197.46, 5220526.29]}, "properties": {"type": "gap", "gap_m": 4.0, "vineyard_id": "V08", "row_id": "V08-R100", "reachable": true, "id": "T0583", "x": 629197.46, "y": 5220526.29, "order": 1918, "visited": true}}, {"type": "Feature", "geometry": {"type": "Point", "coordinates": [629209.28, 5220519.86]}, "properties": {"type": "gap", "gap_m": 4.2, "vineyard_id": "V08", "row_id": "V08-R100", "reachable": true, "id": "T0584", "x": 629209.28, "y": 5220519.86, "order": 1917, "visited": true}}, {"type": "Feature", "geometry": {"type": "Point", "coordinates": [629216.22, 5220516.09]}, "properties": {"type": "gap", "gap_m": 5.4, "vineyard_id": "V08", "row_id": "V08-R100", "reachable": true, "id": "T0585", "x": 629216.22, "y": 5220516.09, "order": 1916, "visited": true}}, {"type": "Feature", "geometry": {"type": "Point", "coordinates": [629222.86, 5220512.47]}, "properties": {"type": "gap", "gap_m": 4.6, "vineyard_id": "V08", "row_id": "V08-R100", "reachable": true, "id": "T0586", "x": 629222.86, "y": 5220512.47, "order": 1915, "visited": true}}, {"type": "Feature", "geometry": {"type": "Point", "coordinates": [629230.31, 5220508.43]}, "properties": {"type": "gap", "gap_m": 4.7, "vineyard_id": "V08", "row_id": "V08-R100", "reachable": true, "id": "T0587", "x": 629230.31, "y": 5220508.43, "order": null, "visited": true}}, {"type": "Feature", "geometry": {"type": "Point", "coordinates": [629164.3, 5220541.68]}, "properties": {"type": "gap", "gap_m": 6.8, "vineyard_id": "V08", "row_id": "V08-R101", "reachable": true, "id": "T0588", "x": 629164.3, "y": 5220541.68, "order": 1925, "visited": true}}, {"type": "Feature", "geometry": {"type": "Point", "coordinates": [629171.54, 5220537.77]}, "properties": {"type": "gap", "gap_m": 3.5, "vineyard_id": "V08", "row_id": "V08-R101", "reachable": true, "id": "T0589", "x": 629171.54, "y": 5220537.77, "order": 1924, "visited": true}}, {"type": "Feature", "geometry": {"type": "Point", "coordinates": [629176.85, 5220534.89]}, "properties": {"type": "gap", "gap_m": 3.8, "vineyard_id": "V08", "row_id": "V08-R101", "reachable": true, "id": "T0590", "x": 629176.85, "y": 5220534.89, "order": 1922, "visited": true}}, {"type": "Feature", "geometry": {"type": "Point", "coordinates": [629191.25, 5220527.11]}, "properties": {"type": "gap", "gap_m": 7.1, "vineyard_id": "V08", "row_id": "V08-R101", "reachable": true, "id": "T0591", "x": 629191.25, "y": 5220527.11, "order": 1919, "visited": true}}, {"type": "Feature", "geometry": {"type": "Point", "coordinates": [629197.03, 5220523.84]}, "properties": {"type": "gap", "gap_m": 5.1, "vineyard_id": "V08", "row_id": "V08-R101", "reachable": true, "id": "T0592", "x": 629197.03, "y": 5220523.84, "order": null, "visited": true}}, {"type": "Feature", "geometry": {"type": "Point", "coordinates": [629222.95, 5220509.76]}, "properties": {"type": "gap", "gap_m": 5.0, "vineyard_id": "V08", "row_id": "V08-R101", "reachable": true, "id": "T0593", "x": 629222.95, "y": 5220509.76, "order": null, "visited": true}}, {"type": "Feature", "geometry": {"type": "Point", "coordinates": [629167.7, 5220537.25]}, "properties": {"type": "gap", "gap_m": 4.9, "vineyard_id": "V08", "row_id": "V08-R102", "reachable": true, "id": "T0594", "x": 629167.7, "y": 5220537.25, "order": null, "visited": true}}, {"type": "Feature", "geometry": {"type": "Point", "coordinates": [629172.97, 5220534.42]}, "properties": {"type": "gap", "gap_m": 5.6, "vineyard_id": "V08", "row_id": "V08-R102", "reachable": true, "id": "T0595", "x": 629172.97, "y": 5220534.42, "order": 1923, "visited": true}}, {"type": "Feature", "geometry": {"type": "Point", "coordinates": [629181.62, 5220529.77]}, "properties": {"type": "gap", "gap_m": 9.8, "vineyard_id": "V08", "row_id": "V08-R102", "reachable": true, "id": "T0596", "x": 629181.62, "y": 5220529.77, "order": 1927, "visited": true}}, {"type": "Feature", "geometry": {"type": "Point", "coordinates": [629190.21, 5220525.15]}, "properties": {"type": "gap", "gap_m": 4.0, "vineyard_id": "V08", "row_id": "V08-R102", "reachable": true, "id": "T0597", "x": 629190.21, "y": 5220525.15, "order": 1928, "visited": true}}, {"type": "Feature", "geometry": {"type": "Point", "coordinates": [629216.22, 5220510.91]}, "properties": {"type": "gap", "gap_m": 4.9, "vineyard_id": "V08", "row_id": "V08-R102", "reachable": true, "id": "T0598", "x": 629216.22, "y": 5220510.91, "order": null, "visited": false}}, {"type": "Feature", "geometry": {"type": "Point", "coordinates": [629231.05, 5220500.29]}, "properties": {"type": "gap", "gap_m": 5.2, "vineyard_id": "V08", "row_id": "V08-R103", "reachable": true, "id": "T0599", "x": 629231.05, "y": 5220500.29, "order": null, "visited": true}}, {"type": "Feature", "geometry": {"type": "Point", "coordinates": [629158.68, 5220536.65]}, "properties": {"type": "gap", "gap_m": 4.2, "vineyard_id": "V08", "row_id": "V08-R104", "reachable": true, "id": "T0600", "x": 629158.68, "y": 5220536.65, "order": null, "visited": false}}, {"type": "Feature", "geometry": {"type": "Point", "coordinates": [629170.6, 5220530.25]}, "properties": {"type": "gap", "gap_m": 12.6, "vineyard_id": "V08", "row_id": "V08-R104", "reachable": true, "id": "T0601", "x": 629170.6, "y": 5220530.25, "order": null, "visited": false}}, {"type": "Feature", "geometry": {"type": "Point", "coordinates": [629178.96, 5220525.77]}, "properties": {"type": "gap", "gap_m": 3.6, "vineyard_id": "V08", "row_id": "V08-R104", "reachable": true, "id": "T0602", "x": 629178.96, "y": 5220525.77, "order": null, "visited": false}}, {"type": "Feature", "geometry": {"type": "Point", "coordinates": [629233.19, 5220496.22]}, "properties": {"type": "gap", "gap_m": 5.5, "vineyard_id": "V08", "row_id": "V08-R104", "reachable": true, "id": "T0603", "x": 629233.19, "y": 5220496.22, "order": null, "visited": true}}, {"type": "Feature", "geometry": {"type": "Point", "coordinates": [629176.38, 5220524.59]}, "properties": {"type": "gap", "gap_m": 3.2, "vineyard_id": "V08", "row_id": "V08-R105", "reachable": true, "id": "T0604", "x": 629176.38, "y": 5220524.59, "order": null, "visited": false}}, {"type": "Feature", "geometry": {"type": "Point", "coordinates": [629233.02, 5220493.97]}, "properties": {"type": "gap", "gap_m": 4.3, "vineyard_id": "V08", "row_id": "V08-R105", "reachable": true, "id": "T0605", "x": 629233.02, "y": 5220493.97, "order": null, "visited": true}}, {"type": "Feature", "geometry": {"type": "Point", "coordinates": [629225.74, 5220495.01]}, "properties": {"type": "gap", "gap_m": 9.0, "vineyard_id": "V08", "row_id": "V08-R106", "reachable": true, "id": "T0606", "x": 629225.74, "y": 5220495.01, "order": null, "visited": true}}, {"type": "Feature", "geometry": {"type": "Point", "coordinates": [629186.39, 5220513.33]}, "properties": {"type": "gap", "gap_m": 3.2, "vineyard_id": "V08", "row_id": "V08-R107", "reachable": true, "id": "T0607", "x": 629186.39, "y": 5220513.33, "order": null, "visited": false}}, {"type": "Feature", "geometry": {"type": "Point", "coordinates": [629207.76, 5220502.77]}, "properties": {"type": "gap", "gap_m": 3.8, "vineyard_id": "V08", "row_id": "V08-R108", "reachable": true, "id": "T0608", "x": 629207.76, "y": 5220502.77, "order": null, "visited": true}}, {"type": "Feature", "geometry": {"type": "Point", "coordinates": [629215.07, 5220498.82]}, "properties": {"type": "gap", "gap_m": 4.1, "vineyard_id": "V08", "row_id": "V08-R108", "reachable": true, "id": "T0609", "x": 629215.07, "y": 5220498.82, "order": null, "visited": false}}, {"type": "Feature", "geometry": {"type": "Point", "coordinates": [629223.86, 5220494.08]}, "properties": {"type": "gap", "gap_m": 3.4, "vineyard_id": "V08", "row_id": "V08-R108", "reachable": true, "id": "T0610", "x": 629223.86, "y": 5220494.08, "order": null, "visited": true}}, {"type": "Feature", "geometry": {"type": "Point", "coordinates": [629229.93, 5220490.8]}, "properties": {"type": "gap", "gap_m": 4.5, "vineyard_id": "V08", "row_id": "V08-R108", "reachable": true, "id": "T0611", "x": 629229.93, "y": 5220490.8, "order": null, "visited": false}}, {"type": "Feature", "geometry": {"type": "Point", "coordinates": [629175.44, 5220516.12]}, "properties": {"type": "gap", "gap_m": 15.5, "vineyard_id": "V08", "row_id": "V08-R109", "reachable": true, "id": "T0612", "x": 629175.44, "y": 5220516.12, "order": null, "visited": false}}, {"type": "Feature", "geometry": {"type": "Point", "coordinates": [629186.82, 5220509.82]}, "properties": {"type": "gap", "gap_m": 6.4, "vineyard_id": "V08", "row_id": "V08-R109", "reachable": true, "id": "T0613", "x": 629186.82, "y": 5220509.82, "order": null, "visited": false}}, {"type": "Feature", "geometry": {"type": "Point", "coordinates": [629208.68, 5220499.31]}, "properties": {"type": "gap", "gap_m": 3.1, "vineyard_id": "V08", "row_id": "V08-R110", "reachable": true, "id": "T0614", "x": 629208.68, "y": 5220499.31, "order": 1929, "visited": true}}, {"type": "Feature", "geometry": {"type": "Point", "coordinates": [629221.2, 5220492.53]}, "properties": {"type": "gap", "gap_m": 4.9, "vineyard_id": "V08", "row_id": "V08-R110", "reachable": true, "id": "T0615", "x": 629221.2, "y": 5220492.53, "order": null, "visited": true}}, {"type": "Feature", "geometry": {"type": "Point", "coordinates": [629200.32, 5220501.19]}, "properties": {"type": "gap", "gap_m": 4.0, "vineyard_id": "V08", "row_id": "V08-R111", "reachable": true, "id": "T0616", "x": 629200.32, "y": 5220501.19, "order": 1932, "visited": true}}, {"type": "Feature", "geometry": {"type": "Point", "coordinates": [629214.42, 5220493.57]}, "properties": {"type": "gap", "gap_m": 17.0, "vineyard_id": "V08", "row_id": "V08-R111", "reachable": true, "id": "T0617", "x": 629214.42, "y": 5220493.57, "order": 1930, "visited": true}}, {"type": "Feature", "geometry": {"type": "Point", "coordinates": [629224.78, 5220487.97]}, "properties": {"type": "gap", "gap_m": 3.5, "vineyard_id": "V08", "row_id": "V08-R111", "reachable": true, "id": "T0618", "x": 629224.78, "y": 5220487.97, "order": null, "visited": false}}, {"type": "Feature", "geometry": {"type": "Point", "coordinates": [629181.8, 5220508.68]}, "properties": {"type": "gap", "gap_m": 3.3, "vineyard_id": "V08", "row_id": "V08-R112", "reachable": true, "id": "T0619", "x": 629181.8, "y": 5220508.68, "order": null, "visited": false}}, {"type": "Feature", "geometry": {"type": "Point", "coordinates": [629206.17, 5220495.41]}, "properties": {"type": "gap", "gap_m": 4.7, "vineyard_id": "V08", "row_id": "V08-R112", "reachable": true, "id": "T0621", "x": 629206.17, "y": 5220495.41, "order": 1931, "visited": true}}, {"type": "Feature", "geometry": {"type": "Point", "coordinates": [629214.48, 5220490.9]}, "properties": {"type": "gap", "gap_m": 6.5, "vineyard_id": "V08", "row_id": "V08-R112", "reachable": true, "id": "T0622", "x": 629214.48, "y": 5220490.9, "order": 1934, "visited": true}}, {"type": "Feature", "geometry": {"type": "Point", "coordinates": [629202.58, 5220494.57]}, "properties": {"type": "gap", "gap_m": 3.5, "vineyard_id": "V08", "row_id": "V08-R113", "reachable": true, "id": "T0623", "x": 629202.58, "y": 5220494.57, "order": 1933, "visited": true}}, {"type": "Feature", "geometry": {"type": "Point", "coordinates": [629208.61, 5220491.28]}, "properties": {"type": "gap", "gap_m": 4.8, "vineyard_id": "V08", "row_id": "V08-R113", "reachable": true, "id": "T0624", "x": 629208.61, "y": 5220491.28, "order": 1937, "visited": true}}, {"type": "Feature", "geometry": {"type": "Point", "coordinates": [629215.77, 5220487.37]}, "properties": {"type": "gap", "gap_m": 10.7, "vineyard_id": "V08", "row_id": "V08-R113", "reachable": true, "id": "T0625", "x": 629215.77, "y": 5220487.37, "order": 1935, "visited": true}}, {"type": "Feature", "geometry": {"type": "Point", "coordinates": [629224.83, 5220482.42]}, "properties": {"type": "gap", "gap_m": 6.6, "vineyard_id": "V08", "row_id": "V08-R113", "reachable": true, "id": "T0626", "x": 629224.83, "y": 5220482.42, "order": 1938, "visited": true}}, {"type": "Feature", "geometry": {"type": "Point", "coordinates": [629211.66, 5220487.16]}, "properties": {"type": "gap", "gap_m": 24.4, "vineyard_id": "V08", "row_id": "V08-R114", "reachable": true, "id": "T0627", "x": 629211.66, "y": 5220487.16, "order": 1936, "visited": true}}, {"type": "Feature", "geometry": {"type": "Point", "coordinates": [629205.83, 5220487.38]}, "properties": {"type": "gap", "gap_m": 8.1, "vineyard_id": "V08", "row_id": "V08-R115", "reachable": true, "id": "T0628", "x": 629205.83, "y": 5220487.38, "order": 1940, "visited": true}}, {"type": "Feature", "geometry": {"type": "Point", "coordinates": [629219.33, 5220480.1]}, "properties": {"type": "gap", "gap_m": 15.2, "vineyard_id": "V08", "row_id": "V08-R115", "reachable": true, "id": "T0629", "x": 629219.33, "y": 5220480.1, "order": 1939, "visited": true}}, {"type": "Feature", "geometry": {"type": "Point", "coordinates": [629205.12, 5220485.52]}, "properties": {"type": "gap", "gap_m": 3.1, "vineyard_id": "V08", "row_id": "V08-R116", "reachable": true, "id": "T0630", "x": 629205.12, "y": 5220485.52, "order": 1940, "visited": true}}, {"type": "Feature", "geometry": {"type": "Point", "coordinates": [629222.08, 5220476.35]}, "properties": {"type": "gap", "gap_m": 22.1, "vineyard_id": "V08", "row_id": "V08-R116", "reachable": true, "id": "T0631", "x": 629222.08, "y": 5220476.35, "order": 1941, "visited": true}}, {"type": "Feature", "geometry": {"type": "Point", "coordinates": [629209.44, 5220480.35]}, "properties": {"type": "gap", "gap_m": 17.9, "vineyard_id": "V08", "row_id": "V08-R117", "reachable": true, "id": "T0632", "x": 629209.44, "y": 5220480.35, "order": 1943, "visited": true}}, {"type": "Feature", "geometry": {"type": "Point", "coordinates": [629221.28, 5220473.96]}, "properties": {"type": "gap", "gap_m": 7.6, "vineyard_id": "V08", "row_id": "V08-R117", "reachable": true, "id": "T0633", "x": 629221.28, "y": 5220473.96, "order": 1942, "visited": true}}, {"type": "Feature", "geometry": {"type": "Point", "coordinates": [629201.62, 5220482.2]}, "properties": {"type": "gap", "gap_m": 10.1, "vineyard_id": "V08", "row_id": "V08-R118", "reachable": true, "id": "T0634", "x": 629201.62, "y": 5220482.2, "order": null, "visited": false}}, {"type": "Feature", "geometry": {"type": "Point", "coordinates": [629217.08, 5220473.87]}, "properties": {"type": "gap", "gap_m": 12.3, "vineyard_id": "V08", "row_id": "V08-R118", "reachable": true, "id": "T0635", "x": 629217.08, "y": 5220473.87, "order": null, "visited": true}}, {"type": "Feature", "geometry": {"type": "Point", "coordinates": [629225.78, 5220469.19]}, "properties": {"type": "gap", "gap_m": 6.1, "vineyard_id": "V08", "row_id": "V08-R118", "reachable": true, "id": "T0636", "x": 629225.78, "y": 5220469.19, "order": null, "visited": false}}, {"type": "Feature", "geometry": {"type": "Point", "coordinates": [629218.82, 5220464.65]}, "properties": {"type": "gap", "gap_m": 7.4, "vineyard_id": "V08", "row_id": "V08-R119", "reachable": true, "id": "T0637", "x": 629218.82, "y": 5220464.65, "order": null, "visited": false}}, {"type": "Feature", "geometry": {"type": "Point", "coordinates": [629215.92, 5220464.13]}, "properties": {"type": "gap", "gap_m": 4.0, "vineyard_id": "V08", "row_id": "V08-R120", "reachable": true, "id": "T0638", "x": 629215.92, "y": 5220464.13, "order": null, "visited": false}}, {"type": "Feature", "geometry": {"type": "Point", "coordinates": [629212.7, 5220588.2]}, "properties": {"type": "gap", "gap_m": 4.6, "vineyard_id": "V10", "row_id": "V10-R05", "reachable": true, "id": "T0639", "x": 629212.7, "y": 5220588.2, "order": 1595, "visited": true}}, {"type": "Feature", "geometry": {"type": "Point", "coordinates": [629215.92, 5220584.09]}, "properties": {"type": "gap", "gap_m": 4.2, "vineyard_id": "V10", "row_id": "V10-R06", "reachable": true, "id": "T0640", "x": 629215.92, "y": 5220584.09, "order": 1596, "visited": true}}, {"type": "Feature", "geometry": {"type": "Point", "coordinates": [629212.05, 5220583.46]}, "properties": {"type": "gap", "gap_m": 5.0, "vineyard_id": "V10", "row_id": "V10-R07", "reachable": true, "id": "T0641", "x": 629212.05, "y": 5220583.46, "order": 1597, "visited": true}}, {"type": "Feature", "geometry": {"type": "Point", "coordinates": [629217.72, 5220577.78]}, "properties": {"type": "gap", "gap_m": 3.7, "vineyard_id": "V10", "row_id": "V10-R08", "reachable": true, "id": "T0642", "x": 629217.72, "y": 5220577.78, "order": 1599, "visited": true}}, {"type": "Feature", "geometry": {"type": "Point", "coordinates": [629214.08, 5220577.15]}, "properties": {"type": "gap", "gap_m": 3.5, "vineyard_id": "V10", "row_id": "V10-R09", "reachable": true, "id": "T0643", "x": 629214.08, "y": 5220577.15, "order": 1598, "visited": true}}, {"type": "Feature", "geometry": {"type": "Point", "coordinates": [629218.59, 5220574.77]}, "properties": {"type": "gap", "gap_m": 4.3, "vineyard_id": "V10", "row_id": "V10-R09", "reachable": true, "id": "T0644", "x": 629218.59, "y": 5220574.77, "order": 1601, "visited": true}}, {"type": "Feature", "geometry": {"type": "Point", "coordinates": [629215.55, 5220573.69]}, "properties": {"type": "gap", "gap_m": 3.2, "vineyard_id": "V10", "row_id": "V10-R10", "reachable": true, "id": "T0645", "x": 629215.55, "y": 5220573.69, "order": 1600, "visited": true}}, {"type": "Feature", "geometry": {"type": "Point", "coordinates": [629219.44, 5220571.65]}, "properties": {"type": "gap", "gap_m": 3.9, "vineyard_id": "V10", "row_id": "V10-R10", "reachable": true, "id": "T0646", "x": 629219.44, "y": 5220571.65, "order": 1602, "visited": true}}, {"type": "Feature", "geometry": {"type": "Point", "coordinates": [629215.58, 5220571.24]}, "properties": {"type": "gap", "gap_m": 3.2, "vineyard_id": "V10", "row_id": "V10-R11", "reachable": true, "id": "T0647", "x": 629215.58, "y": 5220571.24, "order": 1606, "visited": true}}, {"type": "Feature", "geometry": {"type": "Point", "coordinates": [629221.16, 5220568.31]}, "properties": {"type": "gap", "gap_m": 6.3, "vineyard_id": "V10", "row_id": "V10-R11", "reachable": true, "id": "T0648", "x": 629221.16, "y": 5220568.31, "order": 1603, "visited": true}}, {"type": "Feature", "geometry": {"type": "Point", "coordinates": [629236.6, 5220560.2]}, "properties": {"type": "gap", "gap_m": 5.3, "vineyard_id": "V10", "row_id": "V10-R11", "reachable": true, "id": "T0649", "x": 629236.6, "y": 5220560.2, "order": 1607, "visited": true}}, {"type": "Feature", "geometry": {"type": "Point", "coordinates": [629228.38, 5220551.65]}, "properties": {"type": "gap", "gap_m": 16.6, "vineyard_id": "V10", "row_id": "V10-R15", "reachable": true, "id": "T0650", "x": 629228.38, "y": 5220551.65, "order": 1613, "visited": true}}, {"type": "Feature", "geometry": {"type": "Point", "coordinates": [629241.65, 5220544.46]}, "properties": {"type": "gap", "gap_m": 4.0, "vineyard_id": "V10", "row_id": "V10-R15", "reachable": true, "id": "T0651", "x": 629241.65, "y": 5220544.46, "order": null, "visited": false}}, {"type": "Feature", "geometry": {"type": "Point", "coordinates": [629226.52, 5220549.66]}, "properties": {"type": "gap", "gap_m": 10.9, "vineyard_id": "V10", "row_id": "V10-R16", "reachable": true, "id": "T0652", "x": 629226.52, "y": 5220549.66, "order": 1612, "visited": true}}, {"type": "Feature", "geometry": {"type": "Point", "coordinates": [629237.65, 5220543.48]}, "properties": {"type": "gap", "gap_m": 7.4, "vineyard_id": "V10", "row_id": "V10-R16", "reachable": true, "id": "T0653", "x": 629237.65, "y": 5220543.48, "order": 1614, "visited": true}}, {"type": "Feature", "geometry": {"type": "Point", "coordinates": [629379.67, 5220653.9]}, "properties": {"type": "gap", "gap_m": 3.3, "vineyard_id": "V11", "row_id": "V11-R004", "reachable": true, "id": "T0654", "x": 629379.67, "y": 5220653.9, "order": 1571, "visited": true}}, {"type": "Feature", "geometry": {"type": "Point", "coordinates": [629371.58, 5220653.24]}, "properties": {"type": "gap", "gap_m": 4.0, "vineyard_id": "V11", "row_id": "V11-R004", "reachable": true, "id": "T0655", "x": 629371.58, "y": 5220653.24, "order": 1572, "visited": true}}, {"type": "Feature", "geometry": {"type": "Point", "coordinates": [629415.94, 5220654.23]}, "properties": {"type": "gap", "gap_m": 5.0, "vineyard_id": "V11", "row_id": "V11-R005", "reachable": true, "id": "T0656", "x": 629415.94, "y": 5220654.23, "order": 1567, "visited": true}}, {"type": "Feature", "geometry": {"type": "Point", "coordinates": [629415.97, 5220656.05]}, "properties": {"type": "gap", "gap_m": 5.7, "vineyard_id": "V11", "row_id": "V11-R006", "reachable": true, "id": "T0657", "x": 629415.97, "y": 5220656.05, "order": 1568, "visited": true}}, {"type": "Feature", "geometry": {"type": "Point", "coordinates": [629404.04, 5220654.14]}, "properties": {"type": "gap", "gap_m": 3.9, "vineyard_id": "V11", "row_id": "V11-R006", "reachable": true, "id": "T0658", "x": 629404.04, "y": 5220654.14, "order": 1569, "visited": true}}, {"type": "Feature", "geometry": {"type": "Point", "coordinates": [629397.82, 5220653.38]}, "properties": {"type": "gap", "gap_m": 5.8, "vineyard_id": "V11", "row_id": "V11-R006", "reachable": true, "id": "T0659", "x": 629397.82, "y": 5220653.38, "order": 1570, "visited": true}}, {"type": "Feature", "geometry": {"type": "Point", "coordinates": [629378.9, 5220651.83]}, "properties": {"type": "gap", "gap_m": 3.1, "vineyard_id": "V11", "row_id": "V11-R006", "reachable": true, "id": "T0660", "x": 629378.9, "y": 5220651.83, "order": 1571, "visited": true}}, {"type": "Feature", "geometry": {"type": "Point", "coordinates": [629371.13, 5220651.19]}, "properties": {"type": "gap", "gap_m": 4.3, "vineyard_id": "V11", "row_id": "V11-R006", "reachable": true, "id": "T0661", "x": 629371.13, "y": 5220651.19, "order": 1572, "visited": true}}, {"type": "Feature", "geometry": {"type": "Point", "coordinates": [629415.94, 5220651.64]}, "properties": {"type": "gap", "gap_m": 5.4, "vineyard_id": "V11", "row_id": "V11-R007", "reachable": true, "id": "T0662", "x": 629415.94, "y": 5220651.64, "order": 1565, "visited": true}}, {"type": "Feature", "geometry": {"type": "Point", "coordinates": [629405.77, 5220650.02]}, "properties": {"type": "gap", "gap_m": 3.4, "vineyard_id": "V11", "row_id": "V11-R007", "reachable": true, "id": "T0663", "x": 629405.77, "y": 5220650.02, "order": 1566, "visited": true}}, {"type": "Feature", "geometry": {"type": "Point", "coordinates": [629382.71, 5220649.88]}, "properties": {"type": "gap", "gap_m": 3.6, "vineyard_id": "V11", "row_id": "V11-R008", "reachable": true, "id": "T0664", "x": 629382.71, "y": 5220649.88, "order": 1575, "visited": true}}, {"type": "Feature", "geometry": {"type": "Point", "coordinates": [629371.5, 5220648.96]}, "properties": {"type": "gap", "gap_m": 8.1, "vineyard_id": "V11", "row_id": "V11-R008", "reachable": true, "id": "T0665", "x": 629371.5, "y": 5220648.96, "order": 1573, "visited": true}}, {"type": "Feature", "geometry": {"type": "Point", "coordinates": [629396.02, 5220648.24]}, "properties": {"type": "gap", "gap_m": 5.9, "vineyard_id": "V11", "row_id": "V11-R009", "reachable": true, "id": "T0666", "x": 629396.02, "y": 5220648.24, "order": 1577, "visited": true}}, {"type": "Feature", "geometry": {"type": "Point", "coordinates": [629381.85, 5220647.07]}, "properties": {"type": "gap", "gap_m": 3.2, "vineyard_id": "V11", "row_id": "V11-R009", "reachable": true, "id": "T0667", "x": 629381.85, "y": 5220647.07, "order": 1576, "visited": true}}, {"type": "Feature", "geometry": {"type": "Point", "coordinates": [629377.33, 5220646.7]}, "properties": {"type": "gap", "gap_m": 3.2, "vineyard_id": "V11", "row_id": "V11-R009", "reachable": true, "id": "T0668", "x": 629377.33, "y": 5220646.7, "order": 1574, "visited": true}}, {"type": "Feature", "geometry": {"type": "Point", "coordinates": [629436.92, 5220652.0]}, "properties": {"type": "gap", "gap_m": 3.1, "vineyard_id": "V11", "row_id": "V11-R010", "reachable": true, "id": "T0669", "x": 629436.92, "y": 5220652.0, "order": null, "visited": false}}, {"type": "Feature", "geometry": {"type": "Point", "coordinates": [629416.16, 5220648.65]}, "properties": {"type": "gap", "gap_m": 12.0, "vineyard_id": "V11", "row_id": "V11-R010", "reachable": true, "id": "T0670", "x": 629416.16, "y": 5220648.65, "order": 1563, "visited": true}}, {"type": "Feature", "geometry": {"type": "Point", "coordinates": [629404.64, 5220646.8]}, "properties": {"type": "gap", "gap_m": 4.7, "vineyard_id": "V11", "row_id": "V11-R010", "reachable": true, "id": "T0671", "x": 629404.64, "y": 5220646.8, "order": 1564, "visited": true}}, {"type": "Feature", "geometry": {"type": "Point", "coordinates": [629391.91, 5220645.86]}, "properties": {"type": "gap", "gap_m": 6.0, "vineyard_id": "V11", "row_id": "V11-R010", "reachable": true, "id": "T0672", "x": 629391.91, "y": 5220645.86, "order": 1578, "visited": true}}, {"type": "Feature", "geometry": {"type": "Point", "coordinates": [629381.22, 5220644.97]}, "properties": {"type": "gap", "gap_m": 3.3, "vineyard_id": "V11", "row_id": "V11-R010", "reachable": true, "id": "T0673", "x": 629381.22, "y": 5220644.97, "order": 1576, "visited": true}}, {"type": "Feature", "geometry": {"type": "Point", "coordinates": [629415.73, 5220646.11]}, "properties": {"type": "gap", "gap_m": 17.0, "vineyard_id": "V11", "row_id": "V11-R011", "reachable": true, "id": "T0674", "x": 629415.73, "y": 5220646.11, "order": 1562, "visited": true}}, {"type": "Feature", "geometry": {"type": "Point", "coordinates": [629395.23, 5220642.82]}, "properties": {"type": "gap", "gap_m": 11.4, "vineyard_id": "V11", "row_id": "V11-R011", "reachable": true, "id": "T0675", "x": 629395.23, "y": 5220642.82, "order": null, "visited": false}}, {"type": "Feature", "geometry": {"type": "Point", "coordinates": [629415.57, 5220643.64]}, "properties": {"type": "gap", "gap_m": 17.2, "vineyard_id": "V11", "row_id": "V11-R012", "reachable": true, "id": "T0676", "x": 629415.57, "y": 5220643.64, "order": 1561, "visited": true}}, {"type": "Feature", "geometry": {"type": "Point", "coordinates": [629393.6, 5220641.22]}, "properties": {"type": "gap", "gap_m": 10.7, "vineyard_id": "V11", "row_id": "V11-R012", "reachable": true, "id": "T0677", "x": 629393.6, "y": 5220641.22, "order": null, "visited": false}}, {"type": "Feature", "geometry": {"type": "Point", "coordinates": [629380.33, 5220640.12]}, "properties": {"type": "gap", "gap_m": 3.0, "vineyard_id": "V11", "row_id": "V11-R012", "reachable": true, "id": "T0678", "x": 629380.33, "y": 5220640.12, "order": null, "visited": false}}, {"type": "Feature", "geometry": {"type": "Point", "coordinates": [629375.19, 5220639.69]}, "properties": {"type": "gap", "gap_m": 3.2, "vineyard_id": "V11", "row_id": "V11-R012", "reachable": true, "id": "T0679", "x": 629375.19, "y": 5220639.69, "order": null, "visited": false}}, {"type": "Feature", "geometry": {"type": "Point", "coordinates": [629440.3, 5220645.45]}, "properties": {"type": "gap", "gap_m": 7.0, "vineyard_id": "V11", "row_id": "V11-R013", "reachable": true, "id": "T0680", "x": 629440.3, "y": 5220645.45, "order": 1549, "visited": true}}, {"type": "Feature", "geometry": {"type": "Point", "coordinates": [629428.01, 5220643.45]}, "properties": {"type": "gap", "gap_m": 3.5, "vineyard_id": "V11", "row_id": "V11-R013", "reachable": true, "id": "T0681", "x": 629428.01, "y": 5220643.45, "order": 1548, "visited": true}}, {"type": "Feature", "geometry": {"type": "Point", "coordinates": [629413.69, 5220641.11]}, "properties": {"type": "gap", "gap_m": 14.7, "vineyard_id": "V11", "row_id": "V11-R013", "reachable": true, "id": "T0682", "x": 629413.69, "y": 5220641.11, "order": 1560, "visited": true}}, {"type": "Feature", "geometry": {"type": "Point", "coordinates": [629442.21, 5220640.66]}, "properties": {"type": "gap", "gap_m": 3.9, "vineyard_id": "V11", "row_id": "V11-R014", "reachable": true, "id": "T0683", "x": 629442.21, "y": 5220640.66, "order": null, "visited": false}}, {"type": "Feature", "geometry": {"type": "Point", "coordinates": [629429.12, 5220638.56]}, "properties": {"type": "gap", "gap_m": 3.7, "vineyard_id": "V11", "row_id": "V11-R014", "reachable": true, "id": "T0684", "x": 629429.12, "y": 5220638.56, "order": null, "visited": false}}, {"type": "Feature", "geometry": {"type": "Point", "coordinates": [629419.44, 5220637.0]}, "properties": {"type": "gap", "gap_m": 4.5, "vineyard_id": "V11", "row_id": "V11-R014", "reachable": true, "id": "T0685", "x": 629419.44, "y": 5220637.0, "order": 1547, "visited": true}}, {"type": "Feature", "geometry": {"type": "Point", "coordinates": [629410.07, 5220635.49]}, "properties": {"type": "gap", "gap_m": 13.0, "vineyard_id": "V11", "row_id": "V11-R014", "reachable": true, "id": "T0686", "x": 629410.07, "y": 5220635.49, "order": null, "visited": false}}, {"type": "Feature", "geometry": {"type": "Point", "coordinates": [629394.9, 5220636.81]}, "properties": {"type": "gap", "gap_m": 4.1, "vineyard_id": "V11", "row_id": "V11-R015", "reachable": true, "id": "T0687", "x": 629394.9, "y": 5220636.81, "order": null, "visited": false}}, {"type": "Feature", "geometry": {"type": "Point", "coordinates": [629389.85, 5220636.39]}, "properties": {"type": "gap", "gap_m": 4.4, "vineyard_id": "V11", "row_id": "V11-R015", "reachable": true, "id": "T0688", "x": 629389.85, "y": 5220636.39, "order": null, "visited": false}}, {"type": "Feature", "geometry": {"type": "Point", "coordinates": [629378.7, 5220635.49]}, "properties": {"type": "gap", "gap_m": 3.3, "vineyard_id": "V11", "row_id": "V11-R015", "reachable": true, "id": "T0689", "x": 629378.7, "y": 5220635.49, "order": null, "visited": false}}, {"type": "Feature", "geometry": {"type": "Point", "coordinates": [629365.36, 5220634.4]}, "properties": {"type": "gap", "gap_m": 5.1, "vineyard_id": "V11", "row_id": "V11-R015", "reachable": true, "id": "T0690", "x": 629365.36, "y": 5220634.4, "order": null, "visited": false}}, {"type": "Feature", "geometry": {"type": "Point", "coordinates": [629395.03, 5220634.53]}, "properties": {"type": "gap", "gap_m": 5.2, "vineyard_id": "V11", "row_id": "V11-R016", "reachable": true, "id": "T0691", "x": 629395.03, "y": 5220634.53, "order": null, "visited": true}}, {"type": "Feature", "geometry": {"type": "Point", "coordinates": [629388.98, 5220634.04]}, "properties": {"type": "gap", "gap_m": 5.0, "vineyard_id": "V11", "row_id": "V11-R016", "reachable": true, "id": "T0692", "x": 629388.98, "y": 5220634.04, "order": 1559, "visited": true}}, {"type": "Feature", "geometry": {"type": "Point", "coordinates": [629378.11, 5220633.14]}, "properties": {"type": "gap", "gap_m": 3.8, "vineyard_id": "V11", "row_id": "V11-R016", "reachable": true, "id": "T0693", "x": 629378.11, "y": 5220633.14, "order": null, "visited": false}}, {"type": "Feature", "geometry": {"type": "Point", "coordinates": [629429.23, 5220637.14]}, "properties": {"type": "gap", "gap_m": 3.8, "vineyard_id": "V11", "row_id": "V11-R017", "reachable": true, "id": "T0694", "x": 629429.23, "y": 5220637.14, "order": null, "visited": false}}, {"type": "Feature", "geometry": {"type": "Point", "coordinates": [629419.76, 5220635.63]}, "properties": {"type": "gap", "gap_m": 4.4, "vineyard_id": "V11", "row_id": "V11-R017", "reachable": true, "id": "T0695", "x": 629419.76, "y": 5220635.63, "order": 1547, "visited": true}}, {"type": "Feature", "geometry": {"type": "Point", "coordinates": [629409.43, 5220633.98]}, "properties": {"type": "gap", "gap_m": 11.3, "vineyard_id": "V11", "row_id": "V11-R017", "reachable": true, "id": "T0696", "x": 629409.43, "y": 5220633.98, "order": null, "visited": true}}, {"type": "Feature", "geometry": {"type": "Point", "coordinates": [629388.43, 5220631.96]}, "properties": {"type": "gap", "gap_m": 3.5, "vineyard_id": "V11", "row_id": "V11-R017", "reachable": true, "id": "T0697", "x": 629388.43, "y": 5220631.96, "order": 1559, "visited": true}}, {"type": "Feature", "geometry": {"type": "Point", "coordinates": [629382.65, 5220631.48]}, "properties": {"type": "gap", "gap_m": 3.5, "vineyard_id": "V11", "row_id": "V11-R017", "reachable": true, "id": "T0698", "x": 629382.65, "y": 5220631.48, "order": null, "visited": false}}, {"type": "Feature", "geometry": {"type": "Point", "coordinates": [629372.43, 5220630.64]}, "properties": {"type": "gap", "gap_m": 3.2, "vineyard_id": "V11", "row_id": "V11-R017", "reachable": true, "id": "T0699", "x": 629372.43, "y": 5220630.64, "order": null, "visited": false}}, {"type": "Feature", "geometry": {"type": "Point", "coordinates": [629387.87, 5220630.0]}, "properties": {"type": "gap", "gap_m": 4.1, "vineyard_id": "V11", "row_id": "V11-R018", "reachable": true, "id": "T0700", "x": 629387.87, "y": 5220630.0, "order": null, "visited": true}}, {"type": "Feature", "geometry": {"type": "Point", "coordinates": [629376.77, 5220629.08]}, "properties": {"type": "gap", "gap_m": 4.0, "vineyard_id": "V11", "row_id": "V11-R018", "reachable": true, "id": "T0701", "x": 629376.77, "y": 5220629.08, "order": null, "visited": false}}, {"type": "Feature", "geometry": {"type": "Point", "coordinates": [629371.8, 5220628.67]}, "properties": {"type": "gap", "gap_m": 3.4, "vineyard_id": "V11", "row_id": "V11-R018", "reachable": true, "id": "T0702", "x": 629371.8, "y": 5220628.67, "order": null, "visited": false}}, {"type": "Feature", "geometry": {"type": "Point", "coordinates": [629420.63, 5220632.25]}, "properties": {"type": "gap", "gap_m": 4.4, "vineyard_id": "V11", "row_id": "V11-R019", "reachable": true, "id": "T0703", "x": 629420.63, "y": 5220632.25, "order": 1546, "visited": true}}, {"type": "Feature", "geometry": {"type": "Point", "coordinates": [629407.88, 5220630.19]}, "properties": {"type": "gap", "gap_m": 9.8, "vineyard_id": "V11", "row_id": "V11-R019", "reachable": true, "id": "T0704", "x": 629407.88, "y": 5220630.19, "order": 1552, "visited": true}}, {"type": "Feature", "geometry": {"type": "Point", "coordinates": [629384.65, 5220627.61]}, "properties": {"type": "gap", "gap_m": 10.4, "vineyard_id": "V11", "row_id": "V11-R019", "reachable": true, "id": "T0705", "x": 629384.65, "y": 5220627.61, "order": 1554, "visited": true}}, {"type": "Feature", "geometry": {"type": "Point", "coordinates": [629375.88, 5220626.88]}, "properties": {"type": "gap", "gap_m": 3.8, "vineyard_id": "V11", "row_id": "V11-R019", "reachable": true, "id": "T0706", "x": 629375.88, "y": 5220626.88, "order": null, "visited": true}}, {"type": "Feature", "geometry": {"type": "Point", "coordinates": [629370.94, 5220626.47]}, "properties": {"type": "gap", "gap_m": 3.2, "vineyard_id": "V11", "row_id": "V11-R019", "reachable": true, "id": "T0707", "x": 629370.94, "y": 5220626.47, "order": null, "visited": true}}, {"type": "Feature", "geometry": {"type": "Point", "coordinates": [629365.84, 5220626.05]}, "properties": {"type": "gap", "gap_m": 5.5, "vineyard_id": "V11", "row_id": "V11-R019", "reachable": true, "id": "T0708", "x": 629365.84, "y": 5220626.05, "order": 1556, "visited": true}}, {"type": "Feature", "geometry": {"type": "Point", "coordinates": [629438.92, 5220632.98]}, "properties": {"type": "gap", "gap_m": 13.6, "vineyard_id": "V11", "row_id": "V11-R020", "reachable": true, "id": "T0709", "x": 629438.92, "y": 5220632.98, "order": 1551, "visited": true}}, {"type": "Feature", "geometry": {"type": "Point", "coordinates": [629427.85, 5220631.19]}, "properties": {"type": "gap", "gap_m": 5.0, "vineyard_id": "V11", "row_id": "V11-R020", "reachable": true, "id": "T0710", "x": 629427.85, "y": 5220631.19, "order": 1550, "visited": true}}, {"type": "Feature", "geometry": {"type": "Point", "coordinates": [629421.23, 5220630.12]}, "properties": {"type": "gap", "gap_m": 4.1, "vineyard_id": "V11", "row_id": "V11-R020", "reachable": true, "id": "T0711", "x": 629421.23, "y": 5220630.12, "order": 1545, "visited": true}}, {"type": "Feature", "geometry": {"type": "Point", "coordinates": [629407.46, 5220627.89]}, "properties": {"type": "gap", "gap_m": 10.4, "vineyard_id": "V11", "row_id": "V11-R020", "reachable": true, "id": "T0712", "x": 629407.46, "y": 5220627.89, "order": 1552, "visited": true}}, {"type": "Feature", "geometry": {"type": "Point", "coordinates": [629441.1, 5220631.04]}, "properties": {"type": "gap", "gap_m": 20.9, "vineyard_id": "V11", "row_id": "V11-R021", "reachable": true, "id": "T0713", "x": 629441.1, "y": 5220631.04, "order": null, "visited": false}}, {"type": "Feature", "geometry": {"type": "Point", "coordinates": [629421.8, 5220627.93]}, "properties": {"type": "gap", "gap_m": 4.7, "vineyard_id": "V11", "row_id": "V11-R021", "reachable": true, "id": "T0714", "x": 629421.8, "y": 5220627.93, "order": 1544, "visited": true}}, {"type": "Feature", "geometry": {"type": "Point", "coordinates": [629388.1, 5220624.78]}, "properties": {"type": "gap", "gap_m": 5.8, "vineyard_id": "V11", "row_id": "V11-R022", "reachable": true, "id": "T0715", "x": 629388.1, "y": 5220624.78, "order": 1553, "visited": true}}, {"type": "Feature", "geometry": {"type": "Point", "coordinates": [629374.96, 5220623.71]}, "properties": {"type": "gap", "gap_m": 3.9, "vineyard_id": "V11", "row_id": "V11-R022", "reachable": true, "id": "T0716", "x": 629374.96, "y": 5220623.71, "order": 1555, "visited": true}}, {"type": "Feature", "geometry": {"type": "Point", "coordinates": [629369.9, 5220623.3]}, "properties": {"type": "gap", "gap_m": 3.1, "vineyard_id": "V11", "row_id": "V11-R022", "reachable": true, "id": "T0717", "x": 629369.9, "y": 5220623.3, "order": null, "visited": true}}, {"type": "Feature", "geometry": {"type": "Point", "coordinates": [629393.21, 5220623.1]}, "properties": {"type": "gap", "gap_m": 4.9, "vineyard_id": "V11", "row_id": "V11-R023", "reachable": true, "id": "T0718", "x": 629393.21, "y": 5220623.1, "order": null, "visited": false}}, {"type": "Feature", "geometry": {"type": "Point", "coordinates": [629379.12, 5220621.94]}, "properties": {"type": "gap", "gap_m": 3.2, "vineyard_id": "V11", "row_id": "V11-R023", "reachable": true, "id": "T0719", "x": 629379.12, "y": 5220621.94, "order": null, "visited": false}}, {"type": "Feature", "geometry": {"type": "Point", "coordinates": [629374.37, 5220621.55]}, "properties": {"type": "gap", "gap_m": 4.0, "vineyard_id": "V11", "row_id": "V11-R023", "reachable": true, "id": "T0720", "x": 629374.37, "y": 5220621.55, "order": null, "visited": true}}, {"type": "Feature", "geometry": {"type": "Point", "coordinates": [629369.2, 5220621.13]}, "properties": {"type": "gap", "gap_m": 3.5, "vineyard_id": "V11", "row_id": "V11-R023", "reachable": true, "id": "T0721", "x": 629369.2, "y": 5220621.13, "order": null, "visited": true}}, {"type": "Feature", "geometry": {"type": "Point", "coordinates": [629364.0, 5220620.7]}, "properties": {"type": "gap", "gap_m": 5.4, "vineyard_id": "V11", "row_id": "V11-R023", "reachable": true, "id": "T0722", "x": 629364.0, "y": 5220620.7, "order": 1557, "visited": true}}, {"type": "Feature", "geometry": {"type": "Point", "coordinates": [629368.18, 5220617.95]}, "properties": {"type": "gap", "gap_m": 3.1, "vineyard_id": "V11", "row_id": "V11-R024", "reachable": true, "id": "T0723", "x": 629368.18, "y": 5220617.95, "order": null, "visited": true}}, {"type": "Feature", "geometry": {"type": "Point", "coordinates": [629363.24, 5220617.54]}, "properties": {"type": "gap", "gap_m": 5.5, "vineyard_id": "V11", "row_id": "V11-R024", "reachable": true, "id": "T0724", "x": 629363.24, "y": 5220617.54, "order": 1558, "visited": true}}, {"type": "Feature", "geometry": {"type": "Point", "coordinates": [629424.11, 5220620.96]}, "properties": {"type": "gap", "gap_m": 3.6, "vineyard_id": "V11", "row_id": "V11-R025", "reachable": true, "id": "T0726", "x": 629424.11, "y": 5220620.96, "order": 1543, "visited": true}}, {"type": "Feature", "geometry": {"type": "Point", "coordinates": [629377.25, 5220615.64]}, "properties": {"type": "gap", "gap_m": 3.2, "vineyard_id": "V11", "row_id": "V11-R025", "reachable": true, "id": "T0728", "x": 629377.25, "y": 5220615.64, "order": null, "visited": false}}, {"type": "Feature", "geometry": {"type": "Point", "coordinates": [629367.42, 5220614.83]}, "properties": {"type": "gap", "gap_m": 3.5, "vineyard_id": "V11", "row_id": "V11-R025", "reachable": true, "id": "T0729", "x": 629367.42, "y": 5220614.83, "order": null, "visited": true}}, {"type": "Feature", "geometry": {"type": "Point", "coordinates": [629376.7, 5220613.37]}, "properties": {"type": "gap", "gap_m": 3.4, "vineyard_id": "V11", "row_id": "V11-R026", "reachable": true, "id": "T0730", "x": 629376.7, "y": 5220613.37, "order": null, "visited": false}}, {"type": "Feature", "geometry": {"type": "Point", "coordinates": [629370.65, 5220610.36]}, "properties": {"type": "gap", "gap_m": 3.7, "vineyard_id": "V11", "row_id": "V11-R027", "reachable": true, "id": "T0731", "x": 629370.65, "y": 5220610.36, "order": null, "visited": false}}, {"type": "Feature", "geometry": {"type": "Point", "coordinates": [629365.6, 5220609.95]}, "properties": {"type": "gap", "gap_m": 3.2, "vineyard_id": "V11", "row_id": "V11-R027", "reachable": true, "id": "T0732", "x": 629365.6, "y": 5220609.95, "order": null, "visited": false}}, {"type": "Feature", "geometry": {"type": "Point", "coordinates": [629426.07, 5220613.7]}, "properties": {"type": "gap", "gap_m": 3.3, "vineyard_id": "V11", "row_id": "V11-R028", "reachable": true, "id": "T0733", "x": 629426.07, "y": 5220613.7, "order": 1542, "visited": true}}, {"type": "Feature", "geometry": {"type": "Point", "coordinates": [629427.73, 5220610.85]}, "properties": {"type": "gap", "gap_m": 9.4, "vineyard_id": "V11", "row_id": "V11-R029", "reachable": true, "id": "T0735", "x": 629427.73, "y": 5220610.85, "order": 1541, "visited": true}}, {"type": "Feature", "geometry": {"type": "Point", "coordinates": [629380.41, 5220605.43]}, "properties": {"type": "gap", "gap_m": 3.2, "vineyard_id": "V11", "row_id": "V11-R029", "reachable": true, "id": "T0737", "x": 629380.41, "y": 5220605.43, "order": null, "visited": false}}, {"type": "Feature", "geometry": {"type": "Point", "coordinates": [629379.02, 5220602.57]}, "properties": {"type": "gap", "gap_m": 4.6, "vineyard_id": "V11", "row_id": "V11-R032", "reachable": true, "id": "T0738", "x": 629379.02, "y": 5220602.57, "order": null, "visited": false}}, {"type": "Feature", "geometry": {"type": "Point", "coordinates": [629378.24, 5220600.0]}, "properties": {"type": "gap", "gap_m": 4.7, "vineyard_id": "V11", "row_id": "V11-R034", "reachable": true, "id": "T0739", "x": 629378.24, "y": 5220600.0, "order": null, "visited": false}}, {"type": "Feature", "geometry": {"type": "Point", "coordinates": [629487.6, 5220606.32]}, "properties": {"type": "gap", "gap_m": 3.7, "vineyard_id": "V11", "row_id": "V11-R035", "reachable": true, "id": "T0740", "x": 629487.6, "y": 5220606.32, "order": null, "visited": false}}, {"type": "Feature", "geometry": {"type": "Point", "coordinates": [629377.16, 5220597.0]}, "properties": {"type": "gap", "gap_m": 4.4, "vineyard_id": "V11", "row_id": "V11-R036", "reachable": true, "id": "T0741", "x": 629377.16, "y": 5220597.0, "order": null, "visited": false}}, {"type": "Feature", "geometry": {"type": "Point", "coordinates": [629474.84, 5220605.41]}, "properties": {"type": "gap", "gap_m": 9.6, "vineyard_id": "V11", "row_id": "V11-R038", "reachable": true, "id": "T0742", "x": 629474.84, "y": 5220605.41, "order": null, "visited": false}}, {"type": "Feature", "geometry": {"type": "Point", "coordinates": [629481.32, 5220606.05]}, "properties": {"type": "gap", "gap_m": 5.7, "vineyard_id": "V11", "row_id": "V11-R039", "reachable": true, "id": "T0743", "x": 629481.32, "y": 5220606.05, "order": null, "visited": false}}, {"type": "Feature", "geometry": {"type": "Point", "coordinates": [629483.85, 5220597.24]}, "properties": {"type": "gap", "gap_m": 4.8, "vineyard_id": "V11", "row_id": "V11-R041", "reachable": true, "id": "T0744", "x": 629483.85, "y": 5220597.24, "order": null, "visited": false}}, {"type": "Feature", "geometry": {"type": "Point", "coordinates": [629374.92, 5220588.94]}, "properties": {"type": "gap", "gap_m": 3.8, "vineyard_id": "V11", "row_id": "V11-R042", "reachable": true, "id": "T0745", "x": 629374.92, "y": 5220588.94, "order": null, "visited": false}}, {"type": "Feature", "geometry": {"type": "Point", "coordinates": [629477.07, 5220596.99]}, "properties": {"type": "gap", "gap_m": 4.1, "vineyard_id": "V11", "row_id": "V11-R044", "reachable": true, "id": "T0746", "x": 629477.07, "y": 5220596.99, "order": null, "visited": false}}, {"type": "Feature", "geometry": {"type": "Point", "coordinates": [629485.53, 5220592.64]}, "properties": {"type": "gap", "gap_m": 6.2, "vineyard_id": "V11", "row_id": "V11-R044", "reachable": true, "id": "T0747", "x": 629485.53, "y": 5220592.64, "order": null, "visited": false}}, {"type": "Feature", "geometry": {"type": "Point", "coordinates": [629492.45, 5220589.08]}, "properties": {"type": "gap", "gap_m": 4.2, "vineyard_id": "V11", "row_id": "V11-R044", "reachable": true, "id": "T0748", "x": 629492.45, "y": 5220589.08, "order": null, "visited": false}}, {"type": "Feature", "geometry": {"type": "Point", "coordinates": [629395.52, 5220587.73]}, "properties": {"type": "gap", "gap_m": 11.2, "vineyard_id": "V11", "row_id": "V11-R045", "reachable": true, "id": "T0749", "x": 629395.52, "y": 5220587.73, "order": 1579, "visited": true}}, {"type": "Feature", "geometry": {"type": "Point", "coordinates": [629374.22, 5220586.25]}, "properties": {"type": "gap", "gap_m": 3.5, "vineyard_id": "V11", "row_id": "V11-R045", "reachable": true, "id": "T0750", "x": 629374.22, "y": 5220586.25, "order": null, "visited": false}}, {"type": "Feature", "geometry": {"type": "Point", "coordinates": [629477.31, 5220594.4]}, "properties": {"type": "gap", "gap_m": 5.3, "vineyard_id": "V11", "row_id": "V11-R046", "reachable": true, "id": "T0751", "x": 629477.31, "y": 5220594.4, "order": null, "visited": false}}, {"type": "Feature", "geometry": {"type": "Point", "coordinates": [629486.32, 5220589.74]}, "properties": {"type": "gap", "gap_m": 8.0, "vineyard_id": "V11", "row_id": "V11-R046", "reachable": true, "id": "T0752", "x": 629486.32, "y": 5220589.74, "order": null, "visited": false}}, {"type": "Feature", "geometry": {"type": "Point", "coordinates": [629494.23, 5220585.65]}, "properties": {"type": "gap", "gap_m": 3.8, "vineyard_id": "V11", "row_id": "V11-R046", "reachable": true, "id": "T0753", "x": 629494.23, "y": 5220585.65, "order": 1981, "visited": true}}, {"type": "Feature", "geometry": {"type": "Point", "coordinates": [629500.3, 5220582.51]}, "properties": {"type": "gap", "gap_m": 5.2, "vineyard_id": "V11", "row_id": "V11-R046", "reachable": true, "id": "T0754", "x": 629500.3, "y": 5220582.51, "order": 1982, "visited": true}}, {"type": "Feature", "geometry": {"type": "Point", "coordinates": [629395.24, 5220585.55]}, "properties": {"type": "gap", "gap_m": 10.9, "vineyard_id": "V11", "row_id": "V11-R047", "reachable": true, "id": "T0755", "x": 629395.24, "y": 5220585.55, "order": 1579, "visited": true}}, {"type": "Feature", "geometry": {"type": "Point", "coordinates": [629373.73, 5220584.07]}, "properties": {"type": "gap", "gap_m": 3.2, "vineyard_id": "V11", "row_id": "V11-R047", "reachable": true, "id": "T0756", "x": 629373.73, "y": 5220584.07, "order": 1580, "visited": true}}, {"type": "Feature", "geometry": {"type": "Point", "coordinates": [629470.47, 5220593.5]}, "properties": {"type": "gap", "gap_m": 9.6, "vineyard_id": "V11", "row_id": "V11-R048", "reachable": true, "id": "T0757", "x": 629470.47, "y": 5220593.5, "order": null, "visited": false}}, {"type": "Feature", "geometry": {"type": "Point", "coordinates": [629479.25, 5220588.93]}, "properties": {"type": "gap", "gap_m": 6.1, "vineyard_id": "V11", "row_id": "V11-R048", "reachable": true, "id": "T0758", "x": 629479.25, "y": 5220588.93, "order": null, "visited": false}}, {"type": "Feature", "geometry": {"type": "Point", "coordinates": [629490.95, 5220582.86]}, "properties": {"type": "gap", "gap_m": 6.8, "vineyard_id": "V11", "row_id": "V11-R048", "reachable": true, "id": "T0759", "x": 629490.95, "y": 5220582.86, "order": null, "visited": true}}, {"type": "Feature", "geometry": {"type": "Point", "coordinates": [629497.3, 5220579.56]}, "properties": {"type": "gap", "gap_m": 6.5, "vineyard_id": "V11", "row_id": "V11-R048", "reachable": true, "id": "T0760", "x": 629497.3, "y": 5220579.56, "order": null, "visited": false}}, {"type": "Feature", "geometry": {"type": "Point", "coordinates": [629394.1, 5220582.6]}, "properties": {"type": "gap", "gap_m": 12.1, "vineyard_id": "V11", "row_id": "V11-R049", "reachable": true, "id": "T0761", "x": 629394.1, "y": 5220582.6, "order": null, "visited": true}}, {"type": "Feature", "geometry": {"type": "Point", "coordinates": [629373.16, 5220581.14]}, "properties": {"type": "gap", "gap_m": 3.6, "vineyard_id": "V11", "row_id": "V11-R049", "reachable": true, "id": "T0762", "x": 629373.16, "y": 5220581.14, "order": null, "visited": true}}, {"type": "Feature", "geometry": {"type": "Point", "coordinates": [629367.31, 5220580.73]}, "properties": {"type": "gap", "gap_m": 3.1, "vineyard_id": "V11", "row_id": "V11-R049", "reachable": true, "id": "T0763", "x": 629367.31, "y": 5220580.73, "order": 1581, "visited": true}}, {"type": "Feature", "geometry": {"type": "Point", "coordinates": [629362.42, 5220580.39]}, "properties": {"type": "gap", "gap_m": 4.3, "vineyard_id": "V11", "row_id": "V11-R049", "reachable": true, "id": "T0764", "x": 629362.42, "y": 5220580.39, "order": 1582, "visited": true}}, {"type": "Feature", "geometry": {"type": "Point", "coordinates": [629354.33, 5220579.82]}, "properties": {"type": "gap", "gap_m": 4.1, "vineyard_id": "V11", "row_id": "V11-R049", "reachable": true, "id": "T0765", "x": 629354.33, "y": 5220579.82, "order": 1583, "visited": true}}, {"type": "Feature", "geometry": {"type": "Point", "coordinates": [629416.03, 5220578.46]}, "properties": {"type": "gap", "gap_m": 3.5, "vineyard_id": "V11", "row_id": "V11-R051", "reachable": true, "id": "T0766", "x": 629416.03, "y": 5220578.46, "order": null, "visited": false}}, {"type": "Feature", "geometry": {"type": "Point", "coordinates": [629412.36, 5220566.6]}, "properties": {"type": "gap", "gap_m": 5.5, "vineyard_id": "V11", "row_id": "V11-R051", "reachable": true, "id": "T0767", "x": 629412.36, "y": 5220566.6, "order": null, "visited": false}}, {"type": "Feature", "geometry": {"type": "Point", "coordinates": [629429.25, 5220598.44]}, "properties": {"type": "gap", "gap_m": 11.3, "vineyard_id": "V11", "row_id": "V11-R052", "reachable": true, "id": "T0768", "x": 629429.25, "y": 5220598.44, "order": 1540, "visited": true}}, {"type": "Feature", "geometry": {"type": "Point", "coordinates": [629432.63, 5220583.14]}, "properties": {"type": "gap", "gap_m": 5.0, "vineyard_id": "V11", "row_id": "V11-R053", "reachable": true, "id": "T0770", "x": 629432.63, "y": 5220583.14, "order": 1539, "visited": true}}, {"type": "Feature", "geometry": {"type": "Point", "coordinates": [629490.22, 5220578.41]}, "properties": {"type": "gap", "gap_m": 10.9, "vineyard_id": "V11", "row_id": "V11-R054", "reachable": true, "id": "T0771", "x": 629490.22, "y": 5220578.41, "order": null, "visited": true}}, {"type": "Feature", "geometry": {"type": "Point", "coordinates": [629436.51, 5220567.18]}, "properties": {"type": "gap", "gap_m": 5.6, "vineyard_id": "V11", "row_id": "V11-R055", "reachable": true, "id": "T0773", "x": 629436.51, "y": 5220567.18, "order": null, "visited": true}}, {"type": "Feature", "geometry": {"type": "Point", "coordinates": [629394.32, 5220580.04]}, "properties": {"type": "gap", "gap_m": 13.1, "vineyard_id": "V11", "row_id": "V11-R056", "reachable": true, "id": "T0774", "x": 629394.32, "y": 5220580.04, "order": null, "visited": false}}, {"type": "Feature", "geometry": {"type": "Point", "coordinates": [629362.26, 5220577.77]}, "properties": {"type": "gap", "gap_m": 3.0, "vineyard_id": "V11", "row_id": "V11-R056", "reachable": true, "id": "T0775", "x": 629362.26, "y": 5220577.77, "order": 1585, "visited": true}}, {"type": "Feature", "geometry": {"type": "Point", "coordinates": [629421.43, 5220586.72]}, "properties": {"type": "gap", "gap_m": 3.7, "vineyard_id": "V11", "row_id": "V11-R057", "reachable": true, "id": "T0776", "x": 629421.43, "y": 5220586.72, "order": null, "visited": false}}, {"type": "Feature", "geometry": {"type": "Point", "coordinates": [629392.66, 5220577.76]}, "properties": {"type": "gap", "gap_m": 11.0, "vineyard_id": "V11", "row_id": "V11-R058", "reachable": true, "id": "T0777", "x": 629392.66, "y": 5220577.76, "order": 1588, "visited": true}}, {"type": "Feature", "geometry": {"type": "Point", "coordinates": [629371.75, 5220576.3]}, "properties": {"type": "gap", "gap_m": 3.8, "vineyard_id": "V11", "row_id": "V11-R058", "reachable": true, "id": "T0778", "x": 629371.75, "y": 5220576.3, "order": 1587, "visited": true}}, {"type": "Feature", "geometry": {"type": "Point", "coordinates": [629365.53, 5220575.87]}, "properties": {"type": "gap", "gap_m": 3.3, "vineyard_id": "V11", "row_id": "V11-R058", "reachable": true, "id": "T0779", "x": 629365.53, "y": 5220575.87, "order": 1586, "visited": true}}, {"type": "Feature", "geometry": {"type": "Point", "coordinates": [629359.28, 5220575.43]}, "properties": {"type": "gap", "gap_m": 4.5, "vineyard_id": "V11", "row_id": "V11-R058", "reachable": true, "id": "T0780", "x": 629359.28, "y": 5220575.43, "order": 1584, "visited": true}}, {"type": "Feature", "geometry": {"type": "Point", "coordinates": [629485.74, 5220577.39]}, "properties": {"type": "gap", "gap_m": 6.2, "vineyard_id": "V11", "row_id": "V11-R059", "reachable": true, "id": "T0781", "x": 629485.74, "y": 5220577.39, "order": null, "visited": true}}, {"type": "Feature", "geometry": {"type": "Point", "coordinates": [629492.76, 5220573.79]}, "properties": {"type": "gap", "gap_m": 8.5, "vineyard_id": "V11", "row_id": "V11-R059", "reachable": true, "id": "T0782", "x": 629492.76, "y": 5220573.79, "order": null, "visited": true}}, {"type": "Feature", "geometry": {"type": "Point", "coordinates": [629498.65, 5220570.76]}, "properties": {"type": "gap", "gap_m": 3.8, "vineyard_id": "V11", "row_id": "V11-R059", "reachable": true, "id": "T0783", "x": 629498.65, "y": 5220570.76, "order": null, "visited": true}}, {"type": "Feature", "geometry": {"type": "Point", "coordinates": [629495.34, 5220568.97]}, "properties": {"type": "gap", "gap_m": 3.6, "vineyard_id": "V11", "row_id": "V11-R060", "reachable": true, "id": "T0784", "x": 629495.34, "y": 5220568.97, "order": null, "visited": true}}, {"type": "Feature", "geometry": {"type": "Point", "coordinates": [629387.4, 5220562.89]}, "properties": {"type": "gap", "gap_m": 12.7, "vineyard_id": "V11", "row_id": "V11-R061", "reachable": true, "id": "T0785", "x": 629387.4, "y": 5220562.89, "order": null, "visited": false}}, {"type": "Feature", "geometry": {"type": "Point", "coordinates": [629493.77, 5220562.61]}, "properties": {"type": "gap", "gap_m": 3.8, "vineyard_id": "V11", "row_id": "V11-R062", "reachable": true, "id": "T0786", "x": 629493.77, "y": 5220562.61, "order": null, "visited": false}}, {"type": "Feature", "geometry": {"type": "Point", "coordinates": [629499.24, 5220559.79]}, "properties": {"type": "gap", "gap_m": 7.6, "vineyard_id": "V11", "row_id": "V11-R062", "reachable": true, "id": "T0787", "x": 629499.24, "y": 5220559.79, "order": null, "visited": true}}, {"type": "Feature", "geometry": {"type": "Point", "coordinates": [629474.73, 5220568.85]}, "properties": {"type": "gap", "gap_m": 4.1, "vineyard_id": "V11", "row_id": "V11-R063", "reachable": true, "id": "T0788", "x": 629474.73, "y": 5220568.85, "order": null, "visited": false}}, {"type": "Feature", "geometry": {"type": "Point", "coordinates": [629387.84, 5220561.17]}, "properties": {"type": "gap", "gap_m": 10.9, "vineyard_id": "V11", "row_id": "V11-R064", "reachable": true, "id": "T0789", "x": 629387.84, "y": 5220561.17, "order": null, "visited": false}}, {"type": "Feature", "geometry": {"type": "Point", "coordinates": [629476.25, 5220564.72]}, "properties": {"type": "gap", "gap_m": 11.1, "vineyard_id": "V11", "row_id": "V11-R065", "reachable": true, "id": "T0790", "x": 629476.25, "y": 5220564.72, "order": null, "visited": false}}, {"type": "Feature", "geometry": {"type": "Point", "coordinates": [629487.03, 5220559.22]}, "properties": {"type": "gap", "gap_m": 3.7, "vineyard_id": "V11", "row_id": "V11-R065", "reachable": true, "id": "T0791", "x": 629487.03, "y": 5220559.22, "order": null, "visited": false}}, {"type": "Feature", "geometry": {"type": "Point", "coordinates": [629388.38, 5220558.8]}, "properties": {"type": "gap", "gap_m": 11.0, "vineyard_id": "V11", "row_id": "V11-R066", "reachable": true, "id": "T0792", "x": 629388.38, "y": 5220558.8, "order": null, "visited": false}}, {"type": "Feature", "geometry": {"type": "Point", "coordinates": [629486.03, 5220554.7]}, "properties": {"type": "gap", "gap_m": 8.8, "vineyard_id": "V11", "row_id": "V11-R070", "reachable": true, "id": "T0793", "x": 629486.03, "y": 5220554.7, "order": null, "visited": true}}, {"type": "Feature", "geometry": {"type": "Point", "coordinates": [629471.24, 5220551.97]}, "properties": {"type": "gap", "gap_m": 4.2, "vineyard_id": "V11", "row_id": "V11-R072", "reachable": true, "id": "T0794", "x": 629471.24, "y": 5220551.97, "order": null, "visited": false}}, {"type": "Feature", "geometry": {"type": "Point", "coordinates": [629476.6, 5220551.81]}, "properties": {"type": "gap", "gap_m": 5.4, "vineyard_id": "V11", "row_id": "V11-R072", "reachable": true, "id": "T0795", "x": 629476.6, "y": 5220551.81, "order": 1979, "visited": true}}, {"type": "Feature", "geometry": {"type": "Point", "coordinates": [629484.06, 5220551.6]}, "properties": {"type": "gap", "gap_m": 5.0, "vineyard_id": "V11", "row_id": "V11-R072", "reachable": true, "id": "T0796", "x": 629484.06, "y": 5220551.6, "order": null, "visited": true}}, {"type": "Feature", "geometry": {"type": "Point", "coordinates": [629491.53, 5220551.38]}, "properties": {"type": "gap", "gap_m": 8.0, "vineyard_id": "V11", "row_id": "V11-R072", "reachable": true, "id": "T0797", "x": 629491.53, "y": 5220551.38, "order": null, "visited": true}}, {"type": "Feature", "geometry": {"type": "Point", "coordinates": [629460.34, 5220549.46]}, "properties": {"type": "gap", "gap_m": 4.7, "vineyard_id": "V11", "row_id": "V11-R073", "reachable": true, "id": "T0798", "x": 629460.34, "y": 5220549.46, "order": null, "visited": true}}, {"type": "Feature", "geometry": {"type": "Point", "coordinates": [629467.49, 5220549.24]}, "properties": {"type": "gap", "gap_m": 3.8, "vineyard_id": "V11", "row_id": "V11-R073", "reachable": true, "id": "T0799", "x": 629467.49, "y": 5220549.24, "order": null, "visited": true}}, {"type": "Feature", "geometry": {"type": "Point", "coordinates": [629474.7, 5220549.01]}, "properties": {"type": "gap", "gap_m": 4.5, "vineyard_id": "V11", "row_id": "V11-R073", "reachable": true, "id": "T0800", "x": 629474.7, "y": 5220549.01, "order": 1980, "visited": true}}, {"type": "Feature", "geometry": {"type": "Point", "coordinates": [629480.55, 5220548.83]}, "properties": {"type": "gap", "gap_m": 5.5, "vineyard_id": "V11", "row_id": "V11-R073", "reachable": true, "id": "T0801", "x": 629480.55, "y": 5220548.83, "order": 1978, "visited": true}}, {"type": "Feature", "geometry": {"type": "Point", "coordinates": [629488.88, 5220548.57]}, "properties": {"type": "gap", "gap_m": 6.2, "vineyard_id": "V11", "row_id": "V11-R073", "reachable": true, "id": "T0802", "x": 629488.88, "y": 5220548.57, "order": 1977, "visited": true}}, {"type": "Feature", "geometry": {"type": "Point", "coordinates": [629404.88, 5220543.27]}, "properties": {"type": "gap", "gap_m": 3.4, "vineyard_id": "V11", "row_id": "V11-R074", "reachable": true, "id": "T0803", "x": 629404.88, "y": 5220543.27, "order": null, "visited": false}}, {"type": "Feature", "geometry": {"type": "Point", "coordinates": [629468.48, 5220545.53]}, "properties": {"type": "gap", "gap_m": 4.3, "vineyard_id": "V11", "row_id": "V11-R075", "reachable": true, "id": "T0804", "x": 629468.48, "y": 5220545.53, "order": null, "visited": false}}, {"type": "Feature", "geometry": {"type": "Point", "coordinates": [629475.37, 5220545.3]}, "properties": {"type": "gap", "gap_m": 7.9, "vineyard_id": "V11", "row_id": "V11-R075", "reachable": true, "id": "T0805", "x": 629475.37, "y": 5220545.3, "order": 1976, "visited": true}}, {"type": "Feature", "geometry": {"type": "Point", "coordinates": [629482.74, 5220545.07]}, "properties": {"type": "gap", "gap_m": 6.0, "vineyard_id": "V11", "row_id": "V11-R075", "reachable": true, "id": "T0806", "x": 629482.74, "y": 5220545.07, "order": 1975, "visited": true}}, {"type": "Feature", "geometry": {"type": "Point", "coordinates": [629490.88, 5220544.8]}, "properties": {"type": "gap", "gap_m": 3.4, "vineyard_id": "V11", "row_id": "V11-R075", "reachable": true, "id": "T0807", "x": 629490.88, "y": 5220544.8, "order": 1974, "visited": true}}, {"type": "Feature", "geometry": {"type": "Point", "coordinates": [629468.01, 5220543.26]}, "properties": {"type": "gap", "gap_m": 4.1, "vineyard_id": "V11", "row_id": "V11-R076", "reachable": true, "id": "T0808", "x": 629468.01, "y": 5220543.26, "order": null, "visited": false}}, {"type": "Feature", "geometry": {"type": "Point", "coordinates": [629474.77, 5220543.05]}, "properties": {"type": "gap", "gap_m": 5.7, "vineyard_id": "V11", "row_id": "V11-R076", "reachable": true, "id": "T0809", "x": 629474.77, "y": 5220543.05, "order": 1976, "visited": true}}, {"type": "Feature", "geometry": {"type": "Point", "coordinates": [629481.49, 5220542.83]}, "properties": {"type": "gap", "gap_m": 5.0, "vineyard_id": "V11", "row_id": "V11-R076", "reachable": true, "id": "T0810", "x": 629481.49, "y": 5220542.83, "order": null, "visited": true}}, {"type": "Feature", "geometry": {"type": "Point", "coordinates": [629489.49, 5220542.58]}, "properties": {"type": "gap", "gap_m": 6.7, "vineyard_id": "V11", "row_id": "V11-R076", "reachable": true, "id": "T0811", "x": 629489.49, "y": 5220542.58, "order": 1973, "visited": true}}, {"type": "Feature", "geometry": {"type": "Point", "coordinates": [629498.2, 5220542.3]}, "properties": {"type": "gap", "gap_m": 3.2, "vineyard_id": "V11", "row_id": "V11-R076", "reachable": true, "id": "T0812", "x": 629498.2, "y": 5220542.3, "order": null, "visited": false}}, {"type": "Feature", "geometry": {"type": "Point", "coordinates": [629469.03, 5220539.38]}, "properties": {"type": "gap", "gap_m": 4.0, "vineyard_id": "V11", "row_id": "V11-R077", "reachable": true, "id": "T0813", "x": 629469.03, "y": 5220539.38, "order": null, "visited": true}}, {"type": "Feature", "geometry": {"type": "Point", "coordinates": [629488.98, 5220538.73]}, "properties": {"type": "gap", "gap_m": 15.7, "vineyard_id": "V11", "row_id": "V11-R077", "reachable": true, "id": "T0814", "x": 629488.98, "y": 5220538.73, "order": null, "visited": false}}, {"type": "Feature", "geometry": {"type": "Point", "coordinates": [629427.81, 5220550.83]}, "properties": {"type": "gap", "gap_m": 9.8, "vineyard_id": "V11", "row_id": "V11-R078", "reachable": true, "id": "T0815", "x": 629427.81, "y": 5220550.83, "order": null, "visited": false}}, {"type": "Feature", "geometry": {"type": "Point", "coordinates": [629467.98, 5220537.24]}, "properties": {"type": "gap", "gap_m": 3.4, "vineyard_id": "V11", "row_id": "V11-R079", "reachable": true, "id": "T0816", "x": 629467.98, "y": 5220537.24, "order": null, "visited": false}}, {"type": "Feature", "geometry": {"type": "Point", "coordinates": [629487.3, 5220536.66]}, "properties": {"type": "gap", "gap_m": 20.1, "vineyard_id": "V11", "row_id": "V11-R079", "reachable": true, "id": "T0817", "x": 629487.3, "y": 5220536.66, "order": null, "visited": false}}, {"type": "Feature", "geometry": {"type": "Point", "coordinates": [629421.98, 5220547.6]}, "properties": {"type": "gap", "gap_m": 4.4, "vineyard_id": "V11", "row_id": "V11-R081", "reachable": true, "id": "T0818", "x": 629421.98, "y": 5220547.6, "order": null, "visited": false}}, {"type": "Feature", "geometry": {"type": "Point", "coordinates": [629417.49, 5220524.93]}, "properties": {"type": "gap", "gap_m": 4.3, "vineyard_id": "V11", "row_id": "V11-R081", "reachable": true, "id": "T0819", "x": 629417.49, "y": 5220524.93, "order": 1526, "visited": true}}, {"type": "Feature", "geometry": {"type": "Point", "coordinates": [629479.68, 5220534.06]}, "properties": {"type": "gap", "gap_m": 32.8, "vineyard_id": "V11", "row_id": "V11-R082", "reachable": true, "id": "T0820", "x": 629479.68, "y": 5220534.06, "order": null, "visited": false}}, {"type": "Feature", "geometry": {"type": "Point", "coordinates": [629500.92, 5220533.41]}, "properties": {"type": "gap", "gap_m": 3.1, "vineyard_id": "V11", "row_id": "V11-R082", "reachable": true, "id": "T0821", "x": 629500.92, "y": 5220533.41, "order": null, "visited": false}}, {"type": "Feature", "geometry": {"type": "Point", "coordinates": [629433.45, 5220553.3]}, "properties": {"type": "gap", "gap_m": 3.3, "vineyard_id": "V11", "row_id": "V11-R084", "reachable": true, "id": "T0822", "x": 629433.45, "y": 5220553.3, "order": null, "visited": false}}, {"type": "Feature", "geometry": {"type": "Point", "coordinates": [629430.04, 5220535.7]}, "properties": {"type": "gap", "gap_m": 6.5, "vineyard_id": "V11", "row_id": "V11-R084", "reachable": true, "id": "T0823", "x": 629430.04, "y": 5220535.7, "order": 1530, "visited": true}}, {"type": "Feature", "geometry": {"type": "Point", "coordinates": [629426.85, 5220519.23]}, "properties": {"type": "gap", "gap_m": 3.5, "vineyard_id": "V11", "row_id": "V11-R084", "reachable": true, "id": "T0824", "x": 629426.85, "y": 5220519.23, "order": 1527, "visited": true}}, {"type": "Feature", "geometry": {"type": "Point", "coordinates": [629435.78, 5220551.83]}, "properties": {"type": "gap", "gap_m": 4.8, "vineyard_id": "V11", "row_id": "V11-R085", "reachable": true, "id": "T0825", "x": 629435.78, "y": 5220551.83, "order": null, "visited": false}}, {"type": "Feature", "geometry": {"type": "Point", "coordinates": [629432.51, 5220535.06]}, "properties": {"type": "gap", "gap_m": 10.2, "vineyard_id": "V11", "row_id": "V11-R085", "reachable": true, "id": "T0826", "x": 629432.51, "y": 5220535.06, "order": 1529, "visited": true}}, {"type": "Feature", "geometry": {"type": "Point", "coordinates": [629428.43, 5220514.2]}, "properties": {"type": "gap", "gap_m": 8.8, "vineyard_id": "V11", "row_id": "V11-R085", "reachable": true, "id": "T0827", "x": 629428.43, "y": 5220514.2, "order": 1528, "visited": true}}, {"type": "Feature", "geometry": {"type": "Point", "coordinates": [629476.84, 5220529.68]}, "properties": {"type": "gap", "gap_m": 22.3, "vineyard_id": "V11", "row_id": "V11-R086", "reachable": true, "id": "T0828", "x": 629476.84, "y": 5220529.68, "order": null, "visited": false}}, {"type": "Feature", "geometry": {"type": "Point", "coordinates": [629476.57, 5220527.34]}, "properties": {"type": "gap", "gap_m": 28.7, "vineyard_id": "V11", "row_id": "V11-R088", "reachable": true, "id": "T0829", "x": 629476.57, "y": 5220527.34, "order": null, "visited": false}}, {"type": "Feature", "geometry": {"type": "Point", "coordinates": [629477.31, 5220524.46]}, "properties": {"type": "gap", "gap_m": 28.4, "vineyard_id": "V11", "row_id": "V11-R089", "reachable": true, "id": "T0830", "x": 629477.31, "y": 5220524.46, "order": null, "visited": false}}, {"type": "Feature", "geometry": {"type": "Point", "coordinates": [629474.44, 5220522.06]}, "properties": {"type": "gap", "gap_m": 17.6, "vineyard_id": "V11", "row_id": "V11-R090", "reachable": true, "id": "T0831", "x": 629474.44, "y": 5220522.06, "order": null, "visited": true}}, {"type": "Feature", "geometry": {"type": "Point", "coordinates": [629489.33, 5220521.61]}, "properties": {"type": "gap", "gap_m": 3.9, "vineyard_id": "V11", "row_id": "V11-R090", "reachable": true, "id": "T0832", "x": 629489.33, "y": 5220521.61, "order": 1538, "visited": true}}, {"type": "Feature", "geometry": {"type": "Point", "coordinates": [629473.91, 5220519.76]}, "properties": {"type": "gap", "gap_m": 10.3, "vineyard_id": "V11", "row_id": "V11-R091", "reachable": true, "id": "T0833", "x": 629473.91, "y": 5220519.76, "order": null, "visited": true}}, {"type": "Feature", "geometry": {"type": "Point", "coordinates": [629487.57, 5220519.34]}, "properties": {"type": "gap", "gap_m": 5.6, "vineyard_id": "V11", "row_id": "V11-R091", "reachable": true, "id": "T0834", "x": 629487.57, "y": 5220519.34, "order": 1537, "visited": true}}, {"type": "Feature", "geometry": {"type": "Point", "coordinates": [629488.34, 5220516.88]}, "properties": {"type": "gap", "gap_m": 6.1, "vineyard_id": "V11", "row_id": "V11-R092", "reachable": true, "id": "T0835", "x": 629488.34, "y": 5220516.88, "order": 1536, "visited": true}}, {"type": "Feature", "geometry": {"type": "Point", "coordinates": [629485.95, 5220514.04]}, "properties": {"type": "gap", "gap_m": 5.9, "vineyard_id": "V11", "row_id": "V11-R093", "reachable": true, "id": "T0836", "x": 629485.95, "y": 5220514.04, "order": 1535, "visited": true}}, {"type": "Feature", "geometry": {"type": "Point", "coordinates": [629492.45, 5220513.84]}, "properties": {"type": "gap", "gap_m": 5.9, "vineyard_id": "V11", "row_id": "V11-R093", "reachable": true, "id": "T0837", "x": 629492.45, "y": 5220513.84, "order": 1534, "visited": true}}, {"type": "Feature", "geometry": {"type": "Point", "coordinates": [629485.13, 5220510.05]}, "properties": {"type": "gap", "gap_m": 18.9, "vineyard_id": "V11", "row_id": "V11-R094", "reachable": true, "id": "T0838", "x": 629485.13, "y": 5220510.05, "order": 1532, "visited": true}}, {"type": "Feature", "geometry": {"type": "Point", "coordinates": [629477.4, 5220507.78]}, "properties": {"type": "gap", "gap_m": 10.7, "vineyard_id": "V11", "row_id": "V11-R095", "reachable": true, "id": "T0839", "x": 629477.4, "y": 5220507.78, "order": 1531, "visited": true}}, {"type": "Feature", "geometry": {"type": "Point", "coordinates": [629489.7, 5220507.4]}, "properties": {"type": "gap", "gap_m": 5.2, "vineyard_id": "V11", "row_id": "V11-R095", "reachable": true, "id": "T0840", "x": 629489.7, "y": 5220507.4, "order": 1533, "visited": true}}, {"type": "Feature", "geometry": {"type": "Point", "coordinates": [629487.94, 5220503.44]}, "properties": {"type": "gap", "gap_m": 6.7, "vineyard_id": "V11", "row_id": "V11-R097", "reachable": true, "id": "T0841", "x": 629487.94, "y": 5220503.44, "order": 1519, "visited": true}}, {"type": "Feature", "geometry": {"type": "Point", "coordinates": [629496.8, 5220500.83]}, "properties": {"type": "gap", "gap_m": 7.1, "vineyard_id": "V11", "row_id": "V11-R098", "reachable": true, "id": "T0842", "x": 629496.8, "y": 5220500.83, "order": 1515, "visited": true}}, {"type": "Feature", "geometry": {"type": "Point", "coordinates": [629485.6, 5220500.3]}, "properties": {"type": "gap", "gap_m": 11.5, "vineyard_id": "V11", "row_id": "V11-R098", "reachable": true, "id": "T0843", "x": 629485.6, "y": 5220500.3, "order": 1516, "visited": true}}, {"type": "Feature", "geometry": {"type": "Point", "coordinates": [629497.63, 5220497.87]}, "properties": {"type": "gap", "gap_m": 3.3, "vineyard_id": "V11", "row_id": "V11-R099", "reachable": true, "id": "T0844", "x": 629497.63, "y": 5220497.87, "order": 1514, "visited": true}}, {"type": "Feature", "geometry": {"type": "Point", "coordinates": [629484.48, 5220497.25]}, "properties": {"type": "gap", "gap_m": 4.1, "vineyard_id": "V11", "row_id": "V11-R099", "reachable": true, "id": "T0845", "x": 629484.48, "y": 5220497.25, "order": 1517, "visited": true}}, {"type": "Feature", "geometry": {"type": "Point", "coordinates": [629478.13, 5220496.96]}, "properties": {"type": "gap", "gap_m": 3.6, "vineyard_id": "V11", "row_id": "V11-R099", "reachable": true, "id": "T0846", "x": 629478.13, "y": 5220496.96, "order": 1518, "visited": true}}, {"type": "Feature", "geometry": {"type": "Point", "coordinates": [629494.45, 5220494.21]}, "properties": {"type": "gap", "gap_m": 12.1, "vineyard_id": "V11", "row_id": "V11-R100", "reachable": true, "id": "T0847", "x": 629494.45, "y": 5220494.21, "order": 1513, "visited": true}}, {"type": "Feature", "geometry": {"type": "Point", "coordinates": [629461.44, 5220492.72]}, "properties": {"type": "gap", "gap_m": 3.7, "vineyard_id": "V11", "row_id": "V11-R100", "reachable": true, "id": "T0848", "x": 629461.44, "y": 5220492.72, "order": 1509, "visited": true}}, {"type": "Feature", "geometry": {"type": "Point", "coordinates": [629488.48, 5220490.93]}, "properties": {"type": "gap", "gap_m": 20.0, "vineyard_id": "V11", "row_id": "V11-R101", "reachable": true, "id": "T0849", "x": 629488.48, "y": 5220490.93, "order": 1512, "visited": true}}, {"type": "Feature", "geometry": {"type": "Point", "coordinates": [629460.89, 5220489.6]}, "properties": {"type": "gap", "gap_m": 3.2, "vineyard_id": "V11", "row_id": "V11-R101", "reachable": true, "id": "T0850", "x": 629460.89, "y": 5220489.6, "order": 1510, "visited": true}}, {"type": "Feature", "geometry": {"type": "Point", "coordinates": [629494.74, 5220488.82]}, "properties": {"type": "gap", "gap_m": 12.1, "vineyard_id": "V11", "row_id": "V11-R102", "reachable": true, "id": "T0851", "x": 629494.74, "y": 5220488.82, "order": 1970, "visited": true}}, {"type": "Feature", "geometry": {"type": "Point", "coordinates": [629483.03, 5220488.24]}, "properties": {"type": "gap", "gap_m": 8.0, "vineyard_id": "V11", "row_id": "V11-R102", "reachable": true, "id": "T0852", "x": 629483.03, "y": 5220488.24, "order": 1511, "visited": true}}, {"type": "Feature", "geometry": {"type": "Point", "coordinates": [629495.8, 5220486.18]}, "properties": {"type": "gap", "gap_m": 7.8, "vineyard_id": "V11", "row_id": "V11-R103", "reachable": true, "id": "T0853", "x": 629495.8, "y": 5220486.18, "order": 1969, "visited": true}}, {"type": "Feature", "geometry": {"type": "Point", "coordinates": [629487.92, 5220485.82]}, "properties": {"type": "gap", "gap_m": 3.6, "vineyard_id": "V11", "row_id": "V11-R103", "reachable": true, "id": "T0854", "x": 629487.92, "y": 5220485.82, "order": 1967, "visited": true}}, {"type": "Feature", "geometry": {"type": "Point", "coordinates": [629481.39, 5220485.52]}, "properties": {"type": "gap", "gap_m": 7.8, "vineyard_id": "V11", "row_id": "V11-R103", "reachable": true, "id": "T0855", "x": 629481.39, "y": 5220485.52, "order": 1966, "visited": true}}, {"type": "Feature", "geometry": {"type": "Point", "coordinates": [629498.22, 5220484.0]}, "properties": {"type": "gap", "gap_m": 4.1, "vineyard_id": "V11", "row_id": "V11-R104", "reachable": true, "id": "T0856", "x": 629498.22, "y": 5220484.0, "order": 1968, "visited": true}}, {"type": "Feature", "geometry": {"type": "Point", "coordinates": [629487.76, 5220483.49]}, "properties": {"type": "gap", "gap_m": 14.7, "vineyard_id": "V11", "row_id": "V11-R104", "reachable": true, "id": "T0857", "x": 629487.76, "y": 5220483.49, "order": 1967, "visited": true}}, {"type": "Feature", "geometry": {"type": "Point", "coordinates": [629477.43, 5220482.99]}, "properties": {"type": "gap", "gap_m": 3.6, "vineyard_id": "V11", "row_id": "V11-R104", "reachable": true, "id": "T0858", "x": 629477.43, "y": 5220482.99, "order": 1965, "visited": true}}, {"type": "Feature", "geometry": {"type": "Point", "coordinates": [629489.4, 5220481.0]}, "properties": {"type": "gap", "gap_m": 4.0, "vineyard_id": "V11", "row_id": "V11-R105", "reachable": true, "id": "T0859", "x": 629489.4, "y": 5220481.0, "order": 1971, "visited": true}}, {"type": "Feature", "geometry": {"type": "Point", "coordinates": [629483.4, 5220480.72]}, "properties": {"type": "gap", "gap_m": 3.5, "vineyard_id": "V11", "row_id": "V11-R105", "reachable": true, "id": "T0860", "x": 629483.4, "y": 5220480.72, "order": null, "visited": true}}, {"type": "Feature", "geometry": {"type": "Point", "coordinates": [629478.85, 5220480.51]}, "properties": {"type": "gap", "gap_m": 3.9, "vineyard_id": "V11", "row_id": "V11-R105", "reachable": true, "id": "T0861", "x": 629478.85, "y": 5220480.51, "order": 1972, "visited": true}}, {"type": "Feature", "geometry": {"type": "Point", "coordinates": [629490.05, 5220478.7]}, "properties": {"type": "gap", "gap_m": 5.6, "vineyard_id": "V11", "row_id": "V11-R106", "reachable": true, "id": "T0862", "x": 629490.05, "y": 5220478.7, "order": 1971, "visited": true}}, {"type": "Feature", "geometry": {"type": "Point", "coordinates": [629456.1, 5220469.16]}, "properties": {"type": "gap", "gap_m": 3.3, "vineyard_id": "V11", "row_id": "V11-R108", "reachable": true, "id": "T0863", "x": 629456.1, "y": 5220469.16, "order": null, "visited": true}}, {"type": "Feature", "geometry": {"type": "Point", "coordinates": [629457.52, 5220466.87]}, "properties": {"type": "gap", "gap_m": 3.2, "vineyard_id": "V11", "row_id": "V11-R109", "reachable": true, "id": "T0864", "x": 629457.52, "y": 5220466.87, "order": null, "visited": true}}, {"type": "Feature", "geometry": {"type": "Point", "coordinates": [629331.39, 5220521.81]}, "properties": {"type": "gap", "gap_m": 3.7, "vineyard_id": "V13", "row_id": "V13-R01", "reachable": true, "id": "T0865", "x": 629331.39, "y": 5220521.81, "order": null, "visited": false}}, {"type": "Feature", "geometry": {"type": "Point", "coordinates": [629345.71, 5220529.05]}, "properties": {"type": "gap", "gap_m": 3.1, "vineyard_id": "V13", "row_id": "V13-R02", "reachable": true, "id": "T0866", "x": 629345.71, "y": 5220529.05, "order": null, "visited": false}}, {"type": "Feature", "geometry": {"type": "Point", "coordinates": [629352.75, 5220481.01]}, "properties": {"type": "gap", "gap_m": 47.4, "vineyard_id": "V13", "row_id": "V13-R09", "reachable": true, "id": "T0867", "x": 629352.75, "y": 5220481.01, "order": null, "visited": false}}, {"type": "Feature", "geometry": {"type": "Point", "coordinates": [629408.07, 5220525.99]}, "properties": {"type": "gap", "gap_m": 6.0, "vineyard_id": "V14", "row_id": "V14-R01", "reachable": true, "id": "T0868", "x": 629408.07, "y": 5220525.99, "order": null, "visited": false}}, {"type": "Feature", "geometry": {"type": "Point", "coordinates": [629410.53, 5220522.43]}, "properties": {"type": "gap", "gap_m": 4.2, "vineyard_id": "V14", "row_id": "V14-R02", "reachable": true, "id": "T0869", "x": 629410.53, "y": 5220522.43, "order": null, "visited": false}}, {"type": "Feature", "geometry": {"type": "Point", "coordinates": [629420.84, 5220551.4]}, "properties": {"type": "gap", "gap_m": 3.6, "vineyard_id": "V14", "row_id": "V14-R03", "reachable": true, "id": "T0870", "x": 629420.84, "y": 5220551.4, "order": null, "visited": false}}, {"type": "Feature", "geometry": {"type": "Point", "coordinates": [629419.95, 5220546.86]}, "properties": {"type": "gap", "gap_m": 3.4, "vineyard_id": "V14", "row_id": "V14-R03", "reachable": true, "id": "T0871", "x": 629419.95, "y": 5220546.86, "order": null, "visited": false}}, {"type": "Feature", "geometry": {"type": "Point", "coordinates": [629414.06, 5220516.94]}, "properties": {"type": "gap", "gap_m": 6.0, "vineyard_id": "V14", "row_id": "V14-R03", "reachable": true, "id": "T0872", "x": 629414.06, "y": 5220516.94, "order": 1525, "visited": true}}, {"type": "Feature", "geometry": {"type": "Point", "coordinates": [629387.42, 5220489.98]}, "properties": {"type": "gap", "gap_m": 6.6, "vineyard_id": "V14", "row_id": "V14-R04", "reachable": true, "id": "T0873", "x": 629387.42, "y": 5220489.98, "order": null, "visited": false}}, {"type": "Feature", "geometry": {"type": "Point", "coordinates": [629386.53, 5220472.81]}, "properties": {"type": "gap", "gap_m": 3.8, "vineyard_id": "V14", "row_id": "V14-R04", "reachable": true, "id": "T0874", "x": 629386.53, "y": 5220472.81, "order": null, "visited": false}}, {"type": "Feature", "geometry": {"type": "Point", "coordinates": [629392.9, 5220494.4]}, "properties": {"type": "gap", "gap_m": 7.5, "vineyard_id": "V14", "row_id": "V14-R05", "reachable": true, "id": "T0875", "x": 629392.9, "y": 5220494.4, "order": null, "visited": false}}, {"type": "Feature", "geometry": {"type": "Point", "coordinates": [629392.07, 5220478.21]}, "properties": {"type": "gap", "gap_m": 17.8, "vineyard_id": "V14", "row_id": "V14-R05", "reachable": true, "id": "T0876", "x": 629392.07, "y": 5220478.21, "order": null, "visited": false}}, {"type": "Feature", "geometry": {"type": "Point", "coordinates": [629391.18, 5220461.04]}, "properties": {"type": "gap", "gap_m": 10.3, "vineyard_id": "V14", "row_id": "V14-R05", "reachable": true, "id": "T0877", "x": 629391.18, "y": 5220461.04, "order": null, "visited": false}}, {"type": "Feature", "geometry": {"type": "Point", "coordinates": [629390.48, 5220485.95]}, "properties": {"type": "gap", "gap_m": 5.6, "vineyard_id": "V14", "row_id": "V14-R06", "reachable": true, "id": "T0878", "x": 629390.48, "y": 5220485.95, "order": null, "visited": false}}, {"type": "Feature", "geometry": {"type": "Point", "coordinates": [629389.78, 5220473.77]}, "properties": {"type": "gap", "gap_m": 11.8, "vineyard_id": "V14", "row_id": "V14-R06", "reachable": true, "id": "T0879", "x": 629389.78, "y": 5220473.77, "order": null, "visited": false}}, {"type": "Feature", "geometry": {"type": "Point", "coordinates": [629388.91, 5220458.58]}, "properties": {"type": "gap", "gap_m": 4.9, "vineyard_id": "V14", "row_id": "V14-R06", "reachable": true, "id": "T0880", "x": 629388.91, "y": 5220458.58, "order": null, "visited": false}}, {"type": "Feature", "geometry": {"type": "Point", "coordinates": [629396.28, 5220493.23]}, "properties": {"type": "gap", "gap_m": 12.7, "vineyard_id": "V14", "row_id": "V14-R07", "reachable": true, "id": "T0881", "x": 629396.28, "y": 5220493.23, "order": null, "visited": false}}, {"type": "Feature", "geometry": {"type": "Point", "coordinates": [629395.8, 5220482.59]}, "properties": {"type": "gap", "gap_m": 7.6, "vineyard_id": "V14", "row_id": "V14-R07", "reachable": true, "id": "T0882", "x": 629395.8, "y": 5220482.59, "order": null, "visited": false}}, {"type": "Feature", "geometry": {"type": "Point", "coordinates": [629399.16, 5220495.86]}, "properties": {"type": "gap", "gap_m": 16.4, "vineyard_id": "V14", "row_id": "V14-R08", "reachable": true, "id": "T0883", "x": 629399.16, "y": 5220495.86, "order": null, "visited": false}}, {"type": "Feature", "geometry": {"type": "Point", "coordinates": [629398.57, 5220484.67]}, "properties": {"type": "gap", "gap_m": 3.2, "vineyard_id": "V14", "row_id": "V14-R08", "reachable": true, "id": "T0884", "x": 629398.57, "y": 5220484.67, "order": null, "visited": false}}, {"type": "Feature", "geometry": {"type": "Point", "coordinates": [629397.86, 5220471.18]}, "properties": {"type": "gap", "gap_m": 21.5, "vineyard_id": "V14", "row_id": "V14-R08", "reachable": true, "id": "T0885", "x": 629397.86, "y": 5220471.18, "order": null, "visited": false}}, {"type": "Feature", "geometry": {"type": "Point", "coordinates": [629413.58, 5220503.66]}, "properties": {"type": "gap", "gap_m": 11.9, "vineyard_id": "V14", "row_id": "V14-R09", "reachable": true, "id": "T0886", "x": 629413.58, "y": 5220503.66, "order": 1524, "visited": true}}, {"type": "Feature", "geometry": {"type": "Point", "coordinates": [629427.27, 5220502.74]}, "properties": {"type": "gap", "gap_m": 13.9, "vineyard_id": "V14", "row_id": "V14-R09", "reachable": true, "id": "T0887", "x": 629427.27, "y": 5220502.74, "order": 1523, "visited": true}}, {"type": "Feature", "geometry": {"type": "Point", "coordinates": [629447.76, 5220501.36]}, "properties": {"type": "gap", "gap_m": 3.7, "vineyard_id": "V14", "row_id": "V14-R09", "reachable": true, "id": "T0888", "x": 629447.76, "y": 5220501.36, "order": 1506, "visited": true}}, {"type": "Feature", "geometry": {"type": "Point", "coordinates": [629421.56, 5220500.18]}, "properties": {"type": "gap", "gap_m": 31.1, "vineyard_id": "V14", "row_id": "V14-R10", "reachable": true, "id": "T0889", "x": 629421.56, "y": 5220500.18, "order": null, "visited": true}}, {"type": "Feature", "geometry": {"type": "Point", "coordinates": [629448.72, 5220498.24]}, "properties": {"type": "gap", "gap_m": 3.0, "vineyard_id": "V14", "row_id": "V14-R10", "reachable": true, "id": "T0890", "x": 629448.72, "y": 5220498.24, "order": 1507, "visited": true}}, {"type": "Feature", "geometry": {"type": "Point", "coordinates": [629416.19, 5220498.68]}, "properties": {"type": "gap", "gap_m": 22.5, "vineyard_id": "V14", "row_id": "V14-R11", "reachable": true, "id": "T0891", "x": 629416.19, "y": 5220498.68, "order": 1521, "visited": true}}, {"type": "Feature", "geometry": {"type": "Point", "coordinates": [629432.04, 5220497.57]}, "properties": {"type": "gap", "gap_m": 8.0, "vineyard_id": "V14", "row_id": "V14-R11", "reachable": true, "id": "T0892", "x": 629432.04, "y": 5220497.57, "order": 1520, "visited": true}}, {"type": "Feature", "geometry": {"type": "Point", "coordinates": [629420.53, 5220497.01]}, "properties": {"type": "gap", "gap_m": 32.8, "vineyard_id": "V14", "row_id": "V14-R12", "reachable": true, "id": "T0893", "x": 629420.53, "y": 5220497.01, "order": 1522, "visited": true}}, {"type": "Feature", "geometry": {"type": "Point", "coordinates": [629448.68, 5220495.05]}, "properties": {"type": "gap", "gap_m": 3.4, "vineyard_id": "V14", "row_id": "V14-R12", "reachable": true, "id": "T0894", "x": 629448.68, "y": 5220495.05, "order": 1508, "visited": true}}, {"type": "Feature", "geometry": {"type": "Point", "coordinates": [629419.23, 5220493.76]}, "properties": {"type": "gap", "gap_m": 34.5, "vineyard_id": "V14", "row_id": "V14-R13", "reachable": true, "id": "T0895", "x": 629419.23, "y": 5220493.76, "order": null, "visited": false}}, {"type": "Feature", "geometry": {"type": "Point", "coordinates": [629447.62, 5220504.51]}, "properties": {"type": "gap", "gap_m": 4.6, "vineyard_id": "V14", "row_id": "V14-R14", "reachable": true, "id": "T0896", "x": 629447.62, "y": 5220504.51, "order": 1505, "visited": true}}, {"type": "Feature", "geometry": {"type": "Point", "coordinates": [629230.49, 5220503.35]}, "properties": {"type": "gap", "gap_m": 3.7, "vineyard_id": "V15", "row_id": "V15-R01", "reachable": true, "id": "T0900", "x": 629230.49, "y": 5220503.35, "order": null, "visited": true}}, {"type": "Feature", "geometry": {"type": "Point", "coordinates": [629270.85, 5220438.14]}, "properties": {"type": "gap", "gap_m": 4.3, "vineyard_id": "V15", "row_id": "V15-R06", "reachable": true, "id": "T0902", "x": 629270.85, "y": 5220438.14, "order": null, "visited": false}}, {"type": "Feature", "geometry": {"type": "Point", "coordinates": [629284.22, 5220427.62]}, "properties": {"type": "gap", "gap_m": 3.3, "vineyard_id": "V15", "row_id": "V15-R09", "reachable": true, "id": "T0903", "x": 629284.22, "y": 5220427.62, "order": null, "visited": false}}, {"type": "Feature", "geometry": {"type": "Point", "coordinates": [629274.28, 5220417.56]}, "properties": {"type": "gap", "gap_m": 4.5, "vineyard_id": "V15", "row_id": "V15-R13", "reachable": true, "id": "T0904", "x": 629274.28, "y": 5220417.56, "order": null, "visited": false}}, {"type": "Feature", "geometry": {"type": "Point", "coordinates": [629276.45, 5220415.76]}, "properties": {"type": "gap", "gap_m": 4.0, "vineyard_id": "V15", "row_id": "V15-R14", "reachable": true, "id": "T0905", "x": 629276.45, "y": 5220415.76, "order": null, "visited": false}}, {"type": "Feature", "geometry": {"type": "Point", "coordinates": [629266.84, 5220412.96]}, "properties": {"type": "gap", "gap_m": 4.4, "vineyard_id": "V15", "row_id": "V15-R16", "reachable": true, "id": "T0906", "x": 629266.84, "y": 5220412.96, "order": null, "visited": false}}, {"type": "Feature", "geometry": {"type": "Point", "coordinates": [629427.26, 5220447.57]}, "properties": {"type": "gap", "gap_m": 10.9, "vineyard_id": "V16", "row_id": "V16-R01", "reachable": true, "id": "T0907", "x": 629427.26, "y": 5220447.57, "order": null, "visited": false}}, {"type": "Feature", "geometry": {"type": "Point", "coordinates": [629416.02, 5220446.99]}, "properties": {"type": "gap", "gap_m": 7.4, "vineyard_id": "V16", "row_id": "V16-R01", "reachable": true, "id": "T0908", "x": 629416.02, "y": 5220446.99, "order": null, "visited": false}}, {"type": "Feature", "geometry": {"type": "Point", "coordinates": [629426.91, 5220445.53]}, "properties": {"type": "gap", "gap_m": 10.0, "vineyard_id": "V16", "row_id": "V16-R02", "reachable": true, "id": "T0909", "x": 629426.91, "y": 5220445.53, "order": null, "visited": false}}, {"type": "Feature", "geometry": {"type": "Point", "coordinates": [629416.41, 5220444.99]}, "properties": {"type": "gap", "gap_m": 8.7, "vineyard_id": "V16", "row_id": "V16-R02", "reachable": true, "id": "T0910", "x": 629416.41, "y": 5220444.99, "order": null, "visited": false}}, {"type": "Feature", "geometry": {"type": "Point", "coordinates": [629425.96, 5220439.06]}, "properties": {"type": "gap", "gap_m": 7.9, "vineyard_id": "V16", "row_id": "V16-R03", "reachable": true, "id": "T0911", "x": 629425.96, "y": 5220439.06, "order": null, "visited": false}}, {"type": "Feature", "geometry": {"type": "Point", "coordinates": [629416.69, 5220438.58]}, "properties": {"type": "gap", "gap_m": 9.8, "vineyard_id": "V16", "row_id": "V16-R03", "reachable": true, "id": "T0912", "x": 629416.69, "y": 5220438.58, "order": null, "visited": false}}, {"type": "Feature", "geometry": {"type": "Point", "coordinates": [629420.52, 5220433.54]}, "properties": {"type": "gap", "gap_m": 17.2, "vineyard_id": "V16", "row_id": "V16-R04", "reachable": true, "id": "T0913", "x": 629420.52, "y": 5220433.54, "order": null, "visited": false}}, {"type": "Feature", "geometry": {"type": "Point", "coordinates": [629420.93, 5220430.86]}, "properties": {"type": "gap", "gap_m": 18.3, "vineyard_id": "V16", "row_id": "V16-R05", "reachable": true, "id": "T0914", "x": 629420.93, "y": 5220430.86, "order": null, "visited": false}}, {"type": "Feature", "geometry": {"type": "Point", "coordinates": [629338.18, 5220428.14]}, "properties": {"type": "gap", "gap_m": 5.4, "vineyard_id": "V17", "row_id": "V17-R06", "reachable": true, "id": "T0915", "x": 629338.18, "y": 5220428.14, "order": null, "visited": false}}, {"type": "Feature", "geometry": {"type": "Point", "coordinates": [629336.46, 5220417.05]}, "properties": {"type": "gap", "gap_m": 4.2, "vineyard_id": "V17", "row_id": "V17-R07", "reachable": true, "id": "T0916", "x": 629336.46, "y": 5220417.05, "order": null, "visited": false}}, {"type": "Feature", "geometry": {"type": "Point", "coordinates": [629444.06, 5220348.8]}, "properties": {"type": "gap", "gap_m": 4.4, "vineyard_id": "V19", "row_id": "V19-R02", "reachable": true, "id": "T0917", "x": 629444.06, "y": 5220348.8, "order": null, "visited": false}}, {"type": "Feature", "geometry": {"type": "Point", "coordinates": [629446.17, 5220344.6]}, "properties": {"type": "gap", "gap_m": 3.0, "vineyard_id": "V19", "row_id": "V19-R04", "reachable": true, "id": "T0918", "x": 629446.17, "y": 5220344.6, "order": null, "visited": false}}, {"type": "Feature", "geometry": {"type": "Point", "coordinates": [629528.35, 5220258.36]}, "properties": {"type": "gap", "gap_m": 8.2, "vineyard_id": "V20", "row_id": "V20-R01", "reachable": true, "id": "T0919", "x": 629528.35, "y": 5220258.36, "order": 1501, "visited": true}}, {"type": "Feature", "geometry": {"type": "Point", "coordinates": [629525.84, 5220257.56]}, "properties": {"type": "gap", "gap_m": 8.2, "vineyard_id": "V20", "row_id": "V20-R02", "reachable": true, "id": "T0920", "x": 629525.84, "y": 5220257.56, "order": 1502, "visited": true}}, {"type": "Feature", "geometry": {"type": "Point", "coordinates": [629523.89, 5220255.47]}, "properties": {"type": "gap", "gap_m": 10.7, "vineyard_id": "V20", "row_id": "V20-R03", "reachable": true, "id": "T0921", "x": 629523.89, "y": 5220255.47, "order": 1503, "visited": true}}, {"type": "Feature", "geometry": {"type": "Point", "coordinates": [629517.08, 5220255.14]}, "properties": {"type": "gap", "gap_m": 7.8, "vineyard_id": "V20", "row_id": "V20-R04", "reachable": true, "id": "T0922", "x": 629517.08, "y": 5220255.14, "order": 1504, "visited": true}}, {"type": "Feature", "geometry": {"type": "Point", "coordinates": [629514.4, 5220253.82]}, "properties": {"type": "gap", "gap_m": 6.9, "vineyard_id": "V20", "row_id": "V20-R05", "reachable": true, "id": "T0923", "x": 629514.4, "y": 5220253.82, "order": null, "visited": false}}, {"type": "Feature", "geometry": {"type": "Point", "coordinates": [629602.99, 5220282.36]}, "properties": {"type": "gap", "gap_m": 5.0, "vineyard_id": "V21", "row_id": "V21-R01", "reachable": true, "id": "T0924", "x": 629602.99, "y": 5220282.36, "order": 1482, "visited": true}}, {"type": "Feature", "geometry": {"type": "Point", "coordinates": [629600.14, 5220281.31]}, "properties": {"type": "gap", "gap_m": 6.6, "vineyard_id": "V21", "row_id": "V21-R02", "reachable": true, "id": "T0925", "x": 629600.14, "y": 5220281.31, "order": 1483, "visited": true}}, {"type": "Feature", "geometry": {"type": "Point", "coordinates": [629597.15, 5220280.43]}, "properties": {"type": "gap", "gap_m": 7.2, "vineyard_id": "V21", "row_id": "V21-R03", "reachable": true, "id": "T0926", "x": 629597.15, "y": 5220280.43, "order": 1484, "visited": true}}, {"type": "Feature", "geometry": {"type": "Point", "coordinates": [629604.13, 5220271.16]}, "properties": {"type": "gap", "gap_m": 3.1, "vineyard_id": "V21", "row_id": "V21-R03", "reachable": true, "id": "T0927", "x": 629604.13, "y": 5220271.16, "order": 1481, "visited": true}}, {"type": "Feature", "geometry": {"type": "Point", "coordinates": [629594.06, 5220280.22]}, "properties": {"type": "gap", "gap_m": 7.9, "vineyard_id": "V21", "row_id": "V21-R04", "reachable": true, "id": "T0928", "x": 629594.06, "y": 5220280.22, "order": 1485, "visited": true}}, {"type": "Feature", "geometry": {"type": "Point", "coordinates": [629592.18, 5220278.34]}, "properties": {"type": "gap", "gap_m": 10.3, "vineyard_id": "V21", "row_id": "V21-R05", "reachable": true, "id": "T0929", "x": 629592.18, "y": 5220278.34, "order": 1486, "visited": true}}, {"type": "Feature", "geometry": {"type": "Point", "coordinates": [629577.05, 5220274.64]}, "properties": {"type": "gap", "gap_m": 5.5, "vineyard_id": "V21", "row_id": "V21-R06", "reachable": true, "id": "T0930", "x": 629577.05, "y": 5220274.64, "order": 1490, "visited": true}}, {"type": "Feature", "geometry": {"type": "Point", "coordinates": [629574.98, 5220273.29]}, "properties": {"type": "gap", "gap_m": 6.4, "vineyard_id": "V21", "row_id": "V21-R07", "reachable": true, "id": "T0931", "x": 629574.98, "y": 5220273.29, "order": 1491, "visited": true}}, {"type": "Feature", "geometry": {"type": "Point", "coordinates": [629538.12, 5220280.92]}, "properties": {"type": "gap", "gap_m": 47.1, "vineyard_id": "V21", "row_id": "V21-R10", "reachable": true, "id": "T0932", "x": 629538.12, "y": 5220280.92, "order": 1276, "visited": true}}, {"type": "Feature", "geometry": {"type": "Point", "coordinates": [629535.92, 5220279.02]}, "properties": {"type": "gap", "gap_m": 43.7, "vineyard_id": "V21", "row_id": "V21-R11", "reachable": true, "id": "T0933", "x": 629535.92, "y": 5220279.02, "order": 1275, "visited": true}}, {"type": "Feature", "geometry": {"type": "Point", "coordinates": [629533.33, 5220277.46]}, "properties": {"type": "gap", "gap_m": 24.3, "vineyard_id": "V21", "row_id": "V21-R12", "reachable": true, "id": "T0934", "x": 629533.33, "y": 5220277.46, "order": 1274, "visited": true}}, {"type": "Feature", "geometry": {"type": "Point", "coordinates": [629543.55, 5220263.88]}, "properties": {"type": "gap", "gap_m": 8.4, "vineyard_id": "V21", "row_id": "V21-R12", "reachable": true, "id": "T0935", "x": 629543.55, "y": 5220263.88, "order": 1498, "visited": true}}, {"type": "Feature", "geometry": {"type": "Point", "coordinates": [629536.72, 5220268.33]}, "properties": {"type": "gap", "gap_m": 21.6, "vineyard_id": "V21", "row_id": "V21-R13", "reachable": true, "id": "T0936", "x": 629536.72, "y": 5220268.33, "order": 1499, "visited": true}}, {"type": "Feature", "geometry": {"type": "Point", "coordinates": [629534.0, 5220266.39]}, "properties": {"type": "gap", "gap_m": 22.1, "vineyard_id": "V21", "row_id": "V21-R14", "reachable": true, "id": "T0937", "x": 629534.0, "y": 5220266.39, "order": 1500, "visited": true}}, {"type": "Feature", "geometry": {"type": "Point", "coordinates": [629686.65, 5220291.55]}, "properties": {"type": "gap", "gap_m": 3.6, "vineyard_id": "V22", "row_id": "V22-R01", "reachable": true, "id": "T0938", "x": 629686.65, "y": 5220291.55, "order": null, "visited": false}}, {"type": "Feature", "geometry": {"type": "Point", "coordinates": [629696.78, 5220279.02]}, "properties": {"type": "gap", "gap_m": 3.4, "vineyard_id": "V22", "row_id": "V22-R01", "reachable": true, "id": "T0939", "x": 629696.78, "y": 5220279.02, "order": null, "visited": false}}, {"type": "Feature", "geometry": {"type": "Point", "coordinates": [629686.39, 5220286.97]}, "properties": {"type": "gap", "gap_m": 14.2, "vineyard_id": "V22", "row_id": "V22-R02", "reachable": true, "id": "T0940", "x": 629686.39, "y": 5220286.97, "order": null, "visited": false}}, {"type": "Feature", "geometry": {"type": "Point", "coordinates": [629692.77, 5220279.07]}, "properties": {"type": "gap", "gap_m": 4.7, "vineyard_id": "V22", "row_id": "V22-R02", "reachable": true, "id": "T0941", "x": 629692.77, "y": 5220279.07, "order": null, "visited": false}}, {"type": "Feature", "geometry": {"type": "Point", "coordinates": [629671.91, 5220295.2]}, "properties": {"type": "gap", "gap_m": 13.1, "vineyard_id": "V22", "row_id": "V22-R03", "reachable": true, "id": "T0942", "x": 629671.91, "y": 5220295.2, "order": 1456, "visited": true}}, {"type": "Feature", "geometry": {"type": "Point", "coordinates": [629684.32, 5220279.92]}, "properties": {"type": "gap", "gap_m": 21.8, "vineyard_id": "V22", "row_id": "V22-R03", "reachable": true, "id": "T0943", "x": 629684.32, "y": 5220279.92, "order": 1455, "visited": true}}, {"type": "Feature", "geometry": {"type": "Point", "coordinates": [629669.01, 5220293.03]}, "properties": {"type": "gap", "gap_m": 13.2, "vineyard_id": "V22", "row_id": "V22-R04", "reachable": true, "id": "T0944", "x": 629669.01, "y": 5220293.03, "order": 1457, "visited": true}}, {"type": "Feature", "geometry": {"type": "Point", "coordinates": [629681.6, 5220277.5]}, "properties": {"type": "gap", "gap_m": 21.9, "vineyard_id": "V22", "row_id": "V22-R04", "reachable": true, "id": "T0945", "x": 629681.6, "y": 5220277.5, "order": 1459, "visited": true}}, {"type": "Feature", "geometry": {"type": "Point", "coordinates": [629665.52, 5220292.38]}, "properties": {"type": "gap", "gap_m": 7.1, "vineyard_id": "V22", "row_id": "V22-R06", "reachable": true, "id": "T0946", "x": 629665.52, "y": 5220292.38, "order": 1463, "visited": true}}, {"type": "Feature", "geometry": {"type": "Point", "coordinates": [629669.65, 5220287.29]}, "properties": {"type": "gap", "gap_m": 4.9, "vineyard_id": "V22", "row_id": "V22-R06", "reachable": true, "id": "T0947", "x": 629669.65, "y": 5220287.29, "order": 1458, "visited": true}}, {"type": "Feature", "geometry": {"type": "Point", "coordinates": [629677.44, 5220277.7]}, "properties": {"type": "gap", "gap_m": 16.8, "vineyard_id": "V22", "row_id": "V22-R06", "reachable": true, "id": "T0948", "x": 629677.44, "y": 5220277.7, "order": 1461, "visited": true}}, {"type": "Feature", "geometry": {"type": "Point", "coordinates": [629685.17, 5220268.18]}, "properties": {"type": "gap", "gap_m": 3.2, "vineyard_id": "V22", "row_id": "V22-R06", "reachable": true, "id": "T0949", "x": 629685.17, "y": 5220268.18, "order": 1460, "visited": true}}, {"type": "Feature", "geometry": {"type": "Point", "coordinates": [629664.13, 5220287.58]}, "properties": {"type": "gap", "gap_m": 12.4, "vineyard_id": "V22", "row_id": "V22-R08", "reachable": true, "id": "T0950", "x": 629664.13, "y": 5220287.58, "order": 1462, "visited": true}}, {"type": "Feature", "geometry": {"type": "Point", "coordinates": [629655.24, 5220295.54]}, "properties": {"type": "gap", "gap_m": 3.3, "vineyard_id": "V22", "row_id": "V22-R09", "reachable": true, "id": "T0951", "x": 629655.24, "y": 5220295.54, "order": 1464, "visited": true}}, {"type": "Feature", "geometry": {"type": "Point", "coordinates": [629651.41, 5220291.76]}, "properties": {"type": "gap", "gap_m": 15.6, "vineyard_id": "V22", "row_id": "V22-R11", "reachable": true, "id": "T0953", "x": 629651.41, "y": 5220291.76, "order": 1465, "visited": true}}, {"type": "Feature", "geometry": {"type": "Point", "coordinates": [629494.92, 5220236.99]}, "properties": {"type": "gap", "gap_m": 16.2, "vineyard_id": "V23", "row_id": "V23-R01", "reachable": true, "id": "T0955", "x": 629494.92, "y": 5220236.99, "order": 1312, "visited": true}}, {"type": "Feature", "geometry": {"type": "Point", "coordinates": [629482.1, 5220235.96]}, "properties": {"type": "gap", "gap_m": 3.8, "vineyard_id": "V23", "row_id": "V23-R02", "reachable": true, "id": "T0956", "x": 629482.1, "y": 5220235.96, "order": 1313, "visited": true}}, {"type": "Feature", "geometry": {"type": "Point", "coordinates": [629499.66, 5220233.78]}, "properties": {"type": "gap", "gap_m": 6.0, "vineyard_id": "V23", "row_id": "V23-R02", "reachable": true, "id": "T0957", "x": 629499.66, "y": 5220233.78, "order": 1314, "visited": true}}, {"type": "Feature", "geometry": {"type": "Point", "coordinates": [629469.85, 5220234.88]}, "properties": {"type": "gap", "gap_m": 3.3, "vineyard_id": "V23", "row_id": "V23-R03", "reachable": true, "id": "T0958", "x": 629469.85, "y": 5220234.88, "order": 1316, "visited": true}}, {"type": "Feature", "geometry": {"type": "Point", "coordinates": [629499.23, 5220231.3]}, "properties": {"type": "gap", "gap_m": 6.7, "vineyard_id": "V23", "row_id": "V23-R03", "reachable": true, "id": "T0959", "x": 629499.23, "y": 5220231.3, "order": 1315, "visited": true}}, {"type": "Feature", "geometry": {"type": "Point", "coordinates": [629498.62, 5220228.36]}, "properties": {"type": "gap", "gap_m": 8.4, "vineyard_id": "V23", "row_id": "V23-R04", "reachable": true, "id": "T0960", "x": 629498.62, "y": 5220228.36, "order": 1318, "visited": true}}, {"type": "Feature", "geometry": {"type": "Point", "coordinates": [629479.99, 5220227.21]}, "properties": {"type": "gap", "gap_m": 3.2, "vineyard_id": "V23", "row_id": "V23-R05", "reachable": true, "id": "T0961", "x": 629479.99, "y": 5220227.21, "order": 1317, "visited": true}}, {"type": "Feature", "geometry": {"type": "Point", "coordinates": [629497.71, 5220225.05]}, "properties": {"type": "gap", "gap_m": 10.4, "vineyard_id": "V23", "row_id": "V23-R05", "reachable": true, "id": "T0962", "x": 629497.71, "y": 5220225.05, "order": 1319, "visited": true}}, {"type": "Feature", "geometry": {"type": "Point", "coordinates": [629493.5, 5220208.22]}, "properties": {"type": "gap", "gap_m": 18.3, "vineyard_id": "V23", "row_id": "V23-R08", "reachable": true, "id": "T0965", "x": 629493.5, "y": 5220208.22, "order": null, "visited": false}}, {"type": "Feature", "geometry": {"type": "Point", "coordinates": [629493.13, 5220205.79]}, "properties": {"type": "gap", "gap_m": 19.7, "vineyard_id": "V23", "row_id": "V23-R09", "reachable": true, "id": "T0966", "x": 629493.13, "y": 5220205.79, "order": null, "visited": false}}, {"type": "Feature", "geometry": {"type": "Point", "coordinates": [629653.86, 5220274.54]}, "properties": {"type": "gap", "gap_m": 3.8, "vineyard_id": "V24", "row_id": "V24-R02", "reachable": true, "id": "T0967", "x": 629653.86, "y": 5220274.54, "order": 1454, "visited": true}}, {"type": "Feature", "geometry": {"type": "Point", "coordinates": [629656.79, 5220270.73]}, "properties": {"type": "gap", "gap_m": 3.3, "vineyard_id": "V24", "row_id": "V24-R02", "reachable": true, "id": "T0968", "x": 629656.79, "y": 5220270.73, "order": 1452, "visited": true}}, {"type": "Feature", "geometry": {"type": "Point", "coordinates": [629661.13, 5220265.11]}, "properties": {"type": "gap", "gap_m": 4.4, "vineyard_id": "V24", "row_id": "V24-R02", "reachable": true, "id": "T0969", "x": 629661.13, "y": 5220265.11, "order": null, "visited": true}}, {"type": "Feature", "geometry": {"type": "Point", "coordinates": [629690.48, 5220227.07]}, "properties": {"type": "gap", "gap_m": 47.6, "vineyard_id": "V24", "row_id": "V24-R02", "reachable": true, "id": "T0970", "x": 629690.48, "y": 5220227.07, "order": 1448, "visited": true}}, {"type": "Feature", "geometry": {"type": "Point", "coordinates": [629652.04, 5220272.11]}, "properties": {"type": "gap", "gap_m": 3.6, "vineyard_id": "V24", "row_id": "V24-R03", "reachable": true, "id": "T0971", "x": 629652.04, "y": 5220272.11, "order": 1453, "visited": true}}, {"type": "Feature", "geometry": {"type": "Point", "coordinates": [629662.39, 5220258.76]}, "properties": {"type": "gap", "gap_m": 3.2, "vineyard_id": "V24", "row_id": "V24-R03", "reachable": true, "id": "T0972", "x": 629662.39, "y": 5220258.76, "order": 1450, "visited": true}}, {"type": "Feature", "geometry": {"type": "Point", "coordinates": [629666.81, 5220252.98]}, "properties": {"type": "gap", "gap_m": 3.4, "vineyard_id": "V24", "row_id": "V24-R03", "reachable": true, "id": "T0973", "x": 629666.81, "y": 5220252.98, "order": 1451, "visited": true}}, {"type": "Feature", "geometry": {"type": "Point", "coordinates": [629671.2, 5220247.31]}, "properties": {"type": "gap", "gap_m": 3.3, "vineyard_id": "V24", "row_id": "V24-R03", "reachable": true, "id": "T0974", "x": 629671.2, "y": 5220247.31, "order": 1449, "visited": true}}, {"type": "Feature", "geometry": {"type": "Point", "coordinates": [629680.37, 5220235.43]}, "properties": {"type": "gap", "gap_m": 3.0, "vineyard_id": "V24", "row_id": "V24-R03", "reachable": true, "id": "T0975", "x": 629680.37, "y": 5220235.43, "order": null, "visited": false}}, {"type": "Feature", "geometry": {"type": "Point", "coordinates": [629700.02, 5220210.0]}, "properties": {"type": "gap", "gap_m": 5.9, "vineyard_id": "V24", "row_id": "V24-R03", "reachable": true, "id": "T0976", "x": 629700.02, "y": 5220210.0, "order": 1447, "visited": true}}, {"type": "Feature", "geometry": {"type": "Point", "coordinates": [629675.26, 5220237.6]}, "properties": {"type": "gap", "gap_m": 3.3, "vineyard_id": "V24", "row_id": "V24-R04", "reachable": true, "id": "T0977", "x": 629675.26, "y": 5220237.6, "order": null, "visited": false}}, {"type": "Feature", "geometry": {"type": "Point", "coordinates": [629696.57, 5220210.11]}, "properties": {"type": "gap", "gap_m": 4.1, "vineyard_id": "V24", "row_id": "V24-R04", "reachable": true, "id": "T0978", "x": 629696.57, "y": 5220210.11, "order": 1446, "visited": true}}, {"type": "Feature", "geometry": {"type": "Point", "coordinates": [629639.79, 5220279.32]}, "properties": {"type": "gap", "gap_m": 4.1, "vineyard_id": "V24", "row_id": "V24-R05", "reachable": true, "id": "T0979", "x": 629639.79, "y": 5220279.32, "order": 1466, "visited": true}}, {"type": "Feature", "geometry": {"type": "Point", "coordinates": [629658.91, 5220254.33]}, "properties": {"type": "gap", "gap_m": 4.4, "vineyard_id": "V24", "row_id": "V24-R05", "reachable": true, "id": "T0980", "x": 629658.91, "y": 5220254.33, "order": null, "visited": false}}, {"type": "Feature", "geometry": {"type": "Point", "coordinates": [629694.69, 5220207.9]}, "properties": {"type": "gap", "gap_m": 8.3, "vineyard_id": "V24", "row_id": "V24-R05", "reachable": true, "id": "T0981", "x": 629694.69, "y": 5220207.9, "order": 1445, "visited": true}}, {"type": "Feature", "geometry": {"type": "Point", "coordinates": [629658.85, 5220249.77]}, "properties": {"type": "gap", "gap_m": 4.2, "vineyard_id": "V24", "row_id": "V24-R06", "reachable": true, "id": "T0982", "x": 629658.85, "y": 5220249.77, "order": null, "visited": false}}, {"type": "Feature", "geometry": {"type": "Point", "coordinates": [629691.19, 5220208.07]}, "properties": {"type": "gap", "gap_m": 7.8, "vineyard_id": "V24", "row_id": "V24-R06", "reachable": true, "id": "T0983", "x": 629691.19, "y": 5220208.07, "order": 1444, "visited": true}}, {"type": "Feature", "geometry": {"type": "Point", "coordinates": [629644.12, 5220264.38]}, "properties": {"type": "gap", "gap_m": 3.9, "vineyard_id": "V24", "row_id": "V24-R08", "reachable": true, "id": "T0984", "x": 629644.12, "y": 5220264.38, "order": null, "visited": false}}, {"type": "Feature", "geometry": {"type": "Point", "coordinates": [629688.04, 5220207.49]}, "properties": {"type": "gap", "gap_m": 8.7, "vineyard_id": "V24", "row_id": "V24-R08", "reachable": true, "id": "T0985", "x": 629688.04, "y": 5220207.49, "order": 1443, "visited": true}}, {"type": "Feature", "geometry": {"type": "Point", "coordinates": [629654.89, 5220245.85]}, "properties": {"type": "gap", "gap_m": 9.5, "vineyard_id": "V24", "row_id": "V24-R10", "reachable": true, "id": "T0986", "x": 629654.89, "y": 5220245.85, "order": null, "visited": false}}, {"type": "Feature", "geometry": {"type": "Point", "coordinates": [629686.08, 5220205.58]}, "properties": {"type": "gap", "gap_m": 5.3, "vineyard_id": "V24", "row_id": "V24-R10", "reachable": true, "id": "T0987", "x": 629686.08, "y": 5220205.58, "order": 1442, "visited": true}}, {"type": "Feature", "geometry": {"type": "Point", "coordinates": [629653.22, 5220243.67]}, "properties": {"type": "gap", "gap_m": 15.1, "vineyard_id": "V24", "row_id": "V24-R12", "reachable": true, "id": "T0988", "x": 629653.22, "y": 5220243.67, "order": 1468, "visited": true}}, {"type": "Feature", "geometry": {"type": "Point", "coordinates": [629682.77, 5220205.1]}, "properties": {"type": "gap", "gap_m": 6.7, "vineyard_id": "V24", "row_id": "V24-R12", "reachable": true, "id": "T0989", "x": 629682.77, "y": 5220205.1, "order": 1441, "visited": true}}, {"type": "Feature", "geometry": {"type": "Point", "coordinates": [629651.08, 5220241.76]}, "properties": {"type": "gap", "gap_m": 21.1, "vineyard_id": "V24", "row_id": "V24-R13", "reachable": true, "id": "T0990", "x": 629651.08, "y": 5220241.76, "order": 1469, "visited": true}}, {"type": "Feature", "geometry": {"type": "Point", "coordinates": [629680.45, 5220203.62]}, "properties": {"type": "gap", "gap_m": 6.7, "vineyard_id": "V24", "row_id": "V24-R13", "reachable": true, "id": "T0991", "x": 629680.45, "y": 5220203.62, "order": 1440, "visited": true}}, {"type": "Feature", "geometry": {"type": "Point", "coordinates": [629624.58, 5220271.69]}, "properties": {"type": "gap", "gap_m": 4.1, "vineyard_id": "V24", "row_id": "V24-R16", "reachable": true, "id": "T0992", "x": 629624.58, "y": 5220271.69, "order": 1467, "visited": true}}, {"type": "Feature", "geometry": {"type": "Point", "coordinates": [629649.14, 5220239.58]}, "properties": {"type": "gap", "gap_m": 27.4, "vineyard_id": "V24", "row_id": "V24-R16", "reachable": true, "id": "T0993", "x": 629649.14, "y": 5220239.58, "order": 1470, "visited": true}}, {"type": "Feature", "geometry": {"type": "Point", "coordinates": [629677.19, 5220203.45]}, "properties": {"type": "gap", "gap_m": 6.6, "vineyard_id": "V24", "row_id": "V24-R16", "reachable": true, "id": "T0994", "x": 629677.19, "y": 5220203.45, "order": 1439, "visited": true}}, {"type": "Feature", "geometry": {"type": "Point", "coordinates": [629647.9, 5220236.78]}, "properties": {"type": "gap", "gap_m": 32.4, "vineyard_id": "V24", "row_id": "V24-R18", "reachable": true, "id": "T0995", "x": 629647.9, "y": 5220236.78, "order": 1472, "visited": true}}, {"type": "Feature", "geometry": {"type": "Point", "coordinates": [629674.21, 5220202.66]}, "properties": {"type": "gap", "gap_m": 6.9, "vineyard_id": "V24", "row_id": "V24-R18", "reachable": true, "id": "T0996", "x": 629674.21, "y": 5220202.66, "order": 1438, "visited": true}}, {"type": "Feature", "geometry": {"type": "Point", "coordinates": [629631.48, 5220253.58]}, "properties": {"type": "gap", "gap_m": 3.8, "vineyard_id": "V24", "row_id": "V24-R19", "reachable": true, "id": "T0997", "x": 629631.48, "y": 5220253.58, "order": 1471, "visited": true}}, {"type": "Feature", "geometry": {"type": "Point", "coordinates": [629645.9, 5220234.69]}, "properties": {"type": "gap", "gap_m": 37.6, "vineyard_id": "V24", "row_id": "V24-R19", "reachable": true, "id": "T0998", "x": 629645.9, "y": 5220234.69, "order": 1473, "visited": true}}, {"type": "Feature", "geometry": {"type": "Point", "coordinates": [629671.77, 5220201.48]}, "properties": {"type": "gap", "gap_m": 6.9, "vineyard_id": "V24", "row_id": "V24-R19", "reachable": true, "id": "T0999", "x": 629671.77, "y": 5220201.48, "order": 1437, "visited": true}}, {"type": "Feature", "geometry": {"type": "Point", "coordinates": [629643.31, 5220231.53]}, "properties": {"type": "gap", "gap_m": 25.9, "vineyard_id": "V24", "row_id": "V24-R22", "reachable": true, "id": "T1000", "x": 629643.31, "y": 5220231.53, "order": 1475, "visited": true}}, {"type": "Feature", "geometry": {"type": "Point", "coordinates": [629642.07, 5220228.61]}, "properties": {"type": "gap", "gap_m": 33.7, "vineyard_id": "V24", "row_id": "V24-R23", "reachable": true, "id": "T1001", "x": 629642.07, "y": 5220228.61, "order": 1474, "visited": true}}, {"type": "Feature", "geometry": {"type": "Point", "coordinates": [629665.29, 5220200.58]}, "properties": {"type": "gap", "gap_m": 3.3, "vineyard_id": "V24", "row_id": "V24-R23", "reachable": true, "id": "T1002", "x": 629665.29, "y": 5220200.58, "order": null, "visited": false}}, {"type": "Feature", "geometry": {"type": "Point", "coordinates": [629612.72, 5220260.04]}, "properties": {"type": "gap", "gap_m": 3.1, "vineyard_id": "V24", "row_id": "V24-R24", "reachable": true, "id": "T1003", "x": 629612.72, "y": 5220260.04, "order": 1480, "visited": true}}, {"type": "Feature", "geometry": {"type": "Point", "coordinates": [629622.03, 5220247.65]}, "properties": {"type": "gap", "gap_m": 6.4, "vineyard_id": "V24", "row_id": "V24-R24", "reachable": true, "id": "T1004", "x": 629622.03, "y": 5220247.65, "order": 1479, "visited": true}}, {"type": "Feature", "geometry": {"type": "Point", "coordinates": [629639.89, 5220227.05]}, "properties": {"type": "gap", "gap_m": 31.7, "vineyard_id": "V24", "row_id": "V24-R24", "reachable": true, "id": "T1005", "x": 629639.89, "y": 5220227.05, "order": 1478, "visited": true}}, {"type": "Feature", "geometry": {"type": "Point", "coordinates": [629634.27, 5220229.61]}, "properties": {"type": "gap", "gap_m": 25.3, "vineyard_id": "V24", "row_id": "V24-R26", "reachable": true, "id": "T1006", "x": 629634.27, "y": 5220229.61, "order": 1477, "visited": true}}, {"type": "Feature", "geometry": {"type": "Point", "coordinates": [629645.74, 5220216.41]}, "properties": {"type": "gap", "gap_m": 8.8, "vineyard_id": "V24", "row_id": "V24-R26", "reachable": true, "id": "T1007", "x": 629645.74, "y": 5220216.41, "order": 1476, "visited": true}}, {"type": "Feature", "geometry": {"type": "Point", "coordinates": [629630.34, 5220230.5]}, "properties": {"type": "gap", "gap_m": 34.4, "vineyard_id": "V24", "row_id": "V24-R27", "reachable": true, "id": "T1008", "x": 629630.34, "y": 5220230.5, "order": 1279, "visited": true}}, {"type": "Feature", "geometry": {"type": "Point", "coordinates": [629634.56, 5220220.24]}, "properties": {"type": "gap", "gap_m": 35.9, "vineyard_id": "V24", "row_id": "V24-R28", "reachable": true, "id": "T1009", "x": 629634.56, "y": 5220220.24, "order": 1280, "visited": true}}, {"type": "Feature", "geometry": {"type": "Point", "coordinates": [629589.07, 5220277.41]}, "properties": {"type": "gap", "gap_m": 9.4, "vineyard_id": "V24", "row_id": "V24-R29", "reachable": true, "id": "T1010", "x": 629589.07, "y": 5220277.41, "order": 1487, "visited": true}}, {"type": "Feature", "geometry": {"type": "Point", "coordinates": [629608.56, 5220251.77]}, "properties": {"type": "gap", "gap_m": 3.1, "vineyard_id": "V24", "row_id": "V24-R29", "reachable": true, "id": "T1011", "x": 629608.56, "y": 5220251.77, "order": 1278, "visited": true}}, {"type": "Feature", "geometry": {"type": "Point", "coordinates": [629586.11, 5220276.93]}, "properties": {"type": "gap", "gap_m": 7.2, "vineyard_id": "V24", "row_id": "V24-R30", "reachable": true, "id": "T1012", "x": 629586.11, "y": 5220276.93, "order": 1488, "visited": true}}, {"type": "Feature", "geometry": {"type": "Point", "coordinates": [629607.05, 5220248.63]}, "properties": {"type": "gap", "gap_m": 3.1, "vineyard_id": "V24", "row_id": "V24-R30", "reachable": true, "id": "T1013", "x": 629607.05, "y": 5220248.63, "order": null, "visited": false}}, {"type": "Feature", "geometry": {"type": "Point", "coordinates": [629625.69, 5220227.15]}, "properties": {"type": "gap", "gap_m": 39.0, "vineyard_id": "V24", "row_id": "V24-R30", "reachable": true, "id": "T1014", "x": 629625.69, "y": 5220227.15, "order": 1281, "visited": true}}, {"type": "Feature", "geometry": {"type": "Point", "coordinates": [629583.91, 5220274.94]}, "properties": {"type": "gap", "gap_m": 7.6, "vineyard_id": "V24", "row_id": "V24-R31", "reachable": true, "id": "T1015", "x": 629583.91, "y": 5220274.94, "order": null, "visited": true}}, {"type": "Feature", "geometry": {"type": "Point", "coordinates": [629623.95, 5220224.92]}, "properties": {"type": "gap", "gap_m": 34.8, "vineyard_id": "V24", "row_id": "V24-R31", "reachable": true, "id": "T1016", "x": 629623.95, "y": 5220224.92, "order": 1282, "visited": true}}, {"type": "Feature", "geometry": {"type": "Point", "coordinates": [629622.75, 5220221.96]}, "properties": {"type": "gap", "gap_m": 38.7, "vineyard_id": "V24", "row_id": "V24-R32", "reachable": true, "id": "T1017", "x": 629622.75, "y": 5220221.96, "order": 1283, "visited": true}}, {"type": "Feature", "geometry": {"type": "Point", "coordinates": [629580.19, 5220275.32]}, "properties": {"type": "gap", "gap_m": 7.2, "vineyard_id": "V24", "row_id": "V24-R33", "reachable": true, "id": "T1018", "x": 629580.19, "y": 5220275.32, "order": 1489, "visited": true}}, {"type": "Feature", "geometry": {"type": "Point", "coordinates": [629572.24, 5220272.4]}, "properties": {"type": "gap", "gap_m": 7.7, "vineyard_id": "V24", "row_id": "V24-R39", "reachable": true, "id": "T1019", "x": 629572.24, "y": 5220272.4, "order": 1492, "visited": true}}, {"type": "Feature", "geometry": {"type": "Point", "coordinates": [629588.93, 5220250.25]}, "properties": {"type": "gap", "gap_m": 5.0, "vineyard_id": "V24", "row_id": "V24-R39", "reachable": true, "id": "T1020", "x": 629588.93, "y": 5220250.25, "order": 1277, "visited": true}}, {"type": "Feature", "geometry": {"type": "Point", "coordinates": [629592.92, 5220245.02]}, "properties": {"type": "gap", "gap_m": 3.5, "vineyard_id": "V24", "row_id": "V24-R39", "reachable": true, "id": "T1021", "x": 629592.92, "y": 5220245.02, "order": null, "visited": false}}, {"type": "Feature", "geometry": {"type": "Point", "coordinates": [629569.78, 5220271.0]}, "properties": {"type": "gap", "gap_m": 6.0, "vineyard_id": "V24", "row_id": "V24-R41", "reachable": true, "id": "T1022", "x": 629569.78, "y": 5220271.0, "order": 1493, "visited": true}}, {"type": "Feature", "geometry": {"type": "Point", "coordinates": [629595.58, 5220236.93]}, "properties": {"type": "gap", "gap_m": 4.2, "vineyard_id": "V24", "row_id": "V24-R41", "reachable": true, "id": "T1023", "x": 629595.58, "y": 5220236.93, "order": null, "visited": false}}, {"type": "Feature", "geometry": {"type": "Point", "coordinates": [629602.69, 5220227.32]}, "properties": {"type": "gap", "gap_m": 3.3, "vineyard_id": "V24", "row_id": "V24-R41", "reachable": true, "id": "T1024", "x": 629602.69, "y": 5220227.32, "order": null, "visited": false}}, {"type": "Feature", "geometry": {"type": "Point", "coordinates": [629607.24, 5220220.74]}, "properties": {"type": "gap", "gap_m": 3.8, "vineyard_id": "V24", "row_id": "V24-R41", "reachable": true, "id": "T1025", "x": 629607.24, "y": 5220220.74, "order": null, "visited": false}}, {"type": "Feature", "geometry": {"type": "Point", "coordinates": [629566.69, 5220270.42]}, "properties": {"type": "gap", "gap_m": 7.0, "vineyard_id": "V24", "row_id": "V24-R42", "reachable": true, "id": "T1026", "x": 629566.69, "y": 5220270.42, "order": 1494, "visited": true}}, {"type": "Feature", "geometry": {"type": "Point", "coordinates": [629563.67, 5220269.94]}, "properties": {"type": "gap", "gap_m": 8.3, "vineyard_id": "V24", "row_id": "V24-R43", "reachable": true, "id": "T1027", "x": 629563.67, "y": 5220269.94, "order": 1495, "visited": true}}, {"type": "Feature", "geometry": {"type": "Point", "coordinates": [629605.13, 5220214.45]}, "properties": {"type": "gap", "gap_m": 9.8, "vineyard_id": "V24", "row_id": "V24-R43", "reachable": true, "id": "T1028", "x": 629605.13, "y": 5220214.45, "order": 1286, "visited": true}}, {"type": "Feature", "geometry": {"type": "Point", "coordinates": [629560.51, 5220269.6]}, "properties": {"type": "gap", "gap_m": 9.3, "vineyard_id": "V24", "row_id": "V24-R44", "reachable": true, "id": "T1029", "x": 629560.51, "y": 5220269.6, "order": 1496, "visited": true}}, {"type": "Feature", "geometry": {"type": "Point", "coordinates": [629599.95, 5220216.61]}, "properties": {"type": "gap", "gap_m": 20.5, "vineyard_id": "V24", "row_id": "V24-R44", "reachable": true, "id": "T1030", "x": 629599.95, "y": 5220216.61, "order": 1285, "visited": true}}, {"type": "Feature", "geometry": {"type": "Point", "coordinates": [629558.0, 5220268.79]}, "properties": {"type": "gap", "gap_m": 8.2, "vineyard_id": "V24", "row_id": "V24-R45", "reachable": true, "id": "T1031", "x": 629558.0, "y": 5220268.79, "order": 1497, "visited": true}}, {"type": "Feature", "geometry": {"type": "Point", "coordinates": [629572.11, 5220245.43]}, "properties": {"type": "gap", "gap_m": 11.0, "vineyard_id": "V24", "row_id": "V24-R47", "reachable": true, "id": "T1032", "x": 629572.11, "y": 5220245.43, "order": 1272, "visited": true}}, {"type": "Feature", "geometry": {"type": "Point", "coordinates": [629576.87, 5220238.92]}, "properties": {"type": "gap", "gap_m": 3.7, "vineyard_id": "V24", "row_id": "V24-R47", "reachable": true, "id": "T1033", "x": 629576.87, "y": 5220238.92, "order": null, "visited": true}}, {"type": "Feature", "geometry": {"type": "Point", "coordinates": [629595.43, 5220213.55]}, "properties": {"type": "gap", "gap_m": 6.2, "vineyard_id": "V24", "row_id": "V24-R47", "reachable": true, "id": "T1034", "x": 629595.43, "y": 5220213.55, "order": 1271, "visited": true}}, {"type": "Feature", "geometry": {"type": "Point", "coordinates": [629602.57, 5220203.8]}, "properties": {"type": "gap", "gap_m": 11.7, "vineyard_id": "V24", "row_id": "V24-R47", "reachable": true, "id": "T1035", "x": 629602.57, "y": 5220203.8, "order": 1287, "visited": true}}, {"type": "Feature", "geometry": {"type": "Point", "coordinates": [629557.53, 5220259.76]}, "properties": {"type": "gap", "gap_m": 3.1, "vineyard_id": "V24", "row_id": "V24-R48", "reachable": true, "id": "T1036", "x": 629557.53, "y": 5220259.76, "order": null, "visited": false}}, {"type": "Feature", "geometry": {"type": "Point", "coordinates": [629602.12, 5220199.97]}, "properties": {"type": "gap", "gap_m": 5.3, "vineyard_id": "V24", "row_id": "V24-R48", "reachable": true, "id": "T1037", "x": 629602.12, "y": 5220199.97, "order": 1270, "visited": true}}, {"type": "Feature", "geometry": {"type": "Point", "coordinates": [629560.04, 5220247.87]}, "properties": {"type": "gap", "gap_m": 5.0, "vineyard_id": "V24", "row_id": "V24-R51", "reachable": true, "id": "T1038", "x": 629560.04, "y": 5220247.87, "order": 1273, "visited": true}}, {"type": "Feature", "geometry": {"type": "Point", "coordinates": [629592.1, 5220193.93]}, "properties": {"type": "gap", "gap_m": 3.6, "vineyard_id": "V24", "row_id": "V24-R55", "reachable": true, "id": "T1039", "x": 629592.1, "y": 5220193.93, "order": 1253, "visited": true}}, {"type": "Feature", "geometry": {"type": "Point", "coordinates": [629546.8, 5220247.71]}, "properties": {"type": "gap", "gap_m": 3.7, "vineyard_id": "V24", "row_id": "V24-R57", "reachable": true, "id": "T1040", "x": 629546.8, "y": 5220247.71, "order": null, "visited": false}}, {"type": "Feature", "geometry": {"type": "Point", "coordinates": [629568.67, 5220218.87]}, "properties": {"type": "gap", "gap_m": 50.9, "vineyard_id": "V24", "row_id": "V24-R57", "reachable": true, "id": "T1041", "x": 629568.67, "y": 5220218.87, "order": 1251, "visited": true}}, {"type": "Feature", "geometry": {"type": "Point", "coordinates": [629588.64, 5220191.98]}, "properties": {"type": "gap", "gap_m": 5.4, "vineyard_id": "V24", "row_id": "V24-R57", "reachable": true, "id": "T1042", "x": 629588.64, "y": 5220191.98, "order": 1252, "visited": true}}, {"type": "Feature", "geometry": {"type": "Point", "coordinates": [629599.21, 5220177.87]}, "properties": {"type": "gap", "gap_m": 6.2, "vineyard_id": "V24", "row_id": "V24-R57", "reachable": true, "id": "T1043", "x": 629599.21, "y": 5220177.87, "order": 1344, "visited": true}}, {"type": "Feature", "geometry": {"type": "Point", "coordinates": [629579.26, 5220199.41]}, "properties": {"type": "gap", "gap_m": 5.4, "vineyard_id": "V24", "row_id": "V24-R58", "reachable": true, "id": "T1044", "x": 629579.26, "y": 5220199.41, "order": 1250, "visited": true}}, {"type": "Feature", "geometry": {"type": "Point", "coordinates": [629596.69, 5220176.65]}, "properties": {"type": "gap", "gap_m": 6.4, "vineyard_id": "V24", "row_id": "V24-R58", "reachable": true, "id": "T1045", "x": 629596.69, "y": 5220176.65, "order": 1343, "visited": true}}, {"type": "Feature", "geometry": {"type": "Point", "coordinates": [629593.83, 5220175.93]}, "properties": {"type": "gap", "gap_m": 5.6, "vineyard_id": "V24", "row_id": "V24-R59", "reachable": true, "id": "T1046", "x": 629593.83, "y": 5220175.93, "order": 1342, "visited": true}}, {"type": "Feature", "geometry": {"type": "Point", "coordinates": [629540.83, 5220241.56]}, "properties": {"type": "gap", "gap_m": 3.1, "vineyard_id": "V24", "row_id": "V24-R60", "reachable": true, "id": "T1047", "x": 629540.83, "y": 5220241.56, "order": null, "visited": false}}, {"type": "Feature", "geometry": {"type": "Point", "coordinates": [629559.97, 5220216.65]}, "properties": {"type": "gap", "gap_m": 7.7, "vineyard_id": "V24", "row_id": "V24-R60", "reachable": true, "id": "T1048", "x": 629559.97, "y": 5220216.65, "order": 1246, "visited": true}}, {"type": "Feature", "geometry": {"type": "Point", "coordinates": [629570.44, 5220202.46]}, "properties": {"type": "gap", "gap_m": 3.4, "vineyard_id": "V24", "row_id": "V24-R60", "reachable": true, "id": "T1049", "x": 629570.44, "y": 5220202.46, "order": 1247, "visited": true}}, {"type": "Feature", "geometry": {"type": "Point", "coordinates": [629573.52, 5220198.36]}, "properties": {"type": "gap", "gap_m": 5.4, "vineyard_id": "V24", "row_id": "V24-R60", "reachable": true, "id": "T1050", "x": 629573.52, "y": 5220198.36, "order": 1249, "visited": true}}, {"type": "Feature", "geometry": {"type": "Point", "coordinates": [629591.2, 5220175.17]}, "properties": {"type": "gap", "gap_m": 6.0, "vineyard_id": "V24", "row_id": "V24-R60", "reachable": true, "id": "T1051", "x": 629591.2, "y": 5220175.17, "order": 1341, "visited": true}}, {"type": "Feature", "geometry": {"type": "Point", "coordinates": [629552.46, 5220221.97]}, "properties": {"type": "gap", "gap_m": 4.3, "vineyard_id": "V24", "row_id": "V24-R61", "reachable": true, "id": "T1052", "x": 629552.46, "y": 5220221.97, "order": 1244, "visited": true}}, {"type": "Feature", "geometry": {"type": "Point", "coordinates": [629570.71, 5220197.55]}, "properties": {"type": "gap", "gap_m": 3.7, "vineyard_id": "V24", "row_id": "V24-R61", "reachable": true, "id": "T1053", "x": 629570.71, "y": 5220197.55, "order": 1248, "visited": true}}, {"type": "Feature", "geometry": {"type": "Point", "coordinates": [629588.56, 5220174.19]}, "properties": {"type": "gap", "gap_m": 5.2, "vineyard_id": "V24", "row_id": "V24-R61", "reachable": true, "id": "T1054", "x": 629588.56, "y": 5220174.19, "order": 1340, "visited": true}}, {"type": "Feature", "geometry": {"type": "Point", "coordinates": [629555.61, 5220213.88]}, "properties": {"type": "gap", "gap_m": 5.6, "vineyard_id": "V24", "row_id": "V24-R62", "reachable": true, "id": "T1055", "x": 629555.61, "y": 5220213.88, "order": 1245, "visited": true}}, {"type": "Feature", "geometry": {"type": "Point", "coordinates": [629528.11, 5220245.09]}, "properties": {"type": "gap", "gap_m": 3.9, "vineyard_id": "V24", "row_id": "V24-R63", "reachable": true, "id": "T1056", "x": 629528.11, "y": 5220245.09, "order": null, "visited": false}}, {"type": "Feature", "geometry": {"type": "Point", "coordinates": [629531.27, 5220240.88]}, "properties": {"type": "gap", "gap_m": 5.2, "vineyard_id": "V24", "row_id": "V24-R63", "reachable": true, "id": "T1057", "x": 629531.27, "y": 5220240.88, "order": 1294, "visited": true}}, {"type": "Feature", "geometry": {"type": "Point", "coordinates": [629539.2, 5220230.33]}, "properties": {"type": "gap", "gap_m": 6.5, "vineyard_id": "V24", "row_id": "V24-R63", "reachable": true, "id": "T1058", "x": 629539.2, "y": 5220230.33, "order": 1292, "visited": true}}, {"type": "Feature", "geometry": {"type": "Point", "coordinates": [629544.0, 5220223.94]}, "properties": {"type": "gap", "gap_m": 3.7, "vineyard_id": "V24", "row_id": "V24-R63", "reachable": true, "id": "T1059", "x": 629544.0, "y": 5220223.94, "order": 1290, "visited": true}}, {"type": "Feature", "geometry": {"type": "Point", "coordinates": [629548.38, 5220218.11]}, "properties": {"type": "gap", "gap_m": 3.6, "vineyard_id": "V24", "row_id": "V24-R63", "reachable": true, "id": "T1060", "x": 629548.38, "y": 5220218.11, "order": null, "visited": true}}, {"type": "Feature", "geometry": {"type": "Point", "coordinates": [629550.59, 5220215.17]}, "properties": {"type": "gap", "gap_m": 3.0, "vineyard_id": "V24", "row_id": "V24-R63", "reachable": true, "id": "T1061", "x": 629550.59, "y": 5220215.17, "order": 1289, "visited": true}}, {"type": "Feature", "geometry": {"type": "Point", "coordinates": [629552.72, 5220212.33]}, "properties": {"type": "gap", "gap_m": 3.1, "vineyard_id": "V24", "row_id": "V24-R63", "reachable": true, "id": "T1062", "x": 629552.72, "y": 5220212.33, "order": null, "visited": true}}, {"type": "Feature", "geometry": {"type": "Point", "coordinates": [629555.11, 5220209.15]}, "properties": {"type": "gap", "gap_m": 3.2, "vineyard_id": "V24", "row_id": "V24-R63", "reachable": true, "id": "T1063", "x": 629555.11, "y": 5220209.15, "order": 1288, "visited": true}}, {"type": "Feature", "geometry": {"type": "Point", "coordinates": [629582.89, 5220172.51]}, "properties": {"type": "gap", "gap_m": 5.3, "vineyard_id": "V24", "row_id": "V24-R63", "reachable": true, "id": "T1064", "x": 629582.89, "y": 5220172.51, "order": 1338, "visited": true}}, {"type": "Feature", "geometry": {"type": "Point", "coordinates": [629523.89, 5220245.87]}, "properties": {"type": "gap", "gap_m": 4.7, "vineyard_id": "V24", "row_id": "V24-R64", "reachable": true, "id": "T1065", "x": 629523.89, "y": 5220245.87, "order": null, "visited": true}}, {"type": "Feature", "geometry": {"type": "Point", "coordinates": [629532.54, 5220234.34]}, "properties": {"type": "gap", "gap_m": 3.2, "vineyard_id": "V24", "row_id": "V24-R64", "reachable": true, "id": "T1066", "x": 629532.54, "y": 5220234.34, "order": 1293, "visited": true}}, {"type": "Feature", "geometry": {"type": "Point", "coordinates": [629542.07, 5220221.64]}, "properties": {"type": "gap", "gap_m": 3.0, "vineyard_id": "V24", "row_id": "V24-R64", "reachable": true, "id": "T1067", "x": 629542.07, "y": 5220221.64, "order": 1291, "visited": true}}, {"type": "Feature", "geometry": {"type": "Point", "coordinates": [629580.04, 5220171.71]}, "properties": {"type": "gap", "gap_m": 6.0, "vineyard_id": "V24", "row_id": "V24-R64", "reachable": true, "id": "T1068", "x": 629580.04, "y": 5220171.71, "order": 1337, "visited": true}}, {"type": "Feature", "geometry": {"type": "Point", "coordinates": [629585.4, 5220164.67]}, "properties": {"type": "gap", "gap_m": 3.3, "vineyard_id": "V24", "row_id": "V24-R64", "reachable": true, "id": "T1069", "x": 629585.4, "y": 5220164.67, "order": 1254, "visited": true}}, {"type": "Feature", "geometry": {"type": "Point", "coordinates": [629520.0, 5220246.58]}, "properties": {"type": "gap", "gap_m": 5.3, "vineyard_id": "V24", "row_id": "V24-R65", "reachable": true, "id": "T1070", "x": 629520.0, "y": 5220246.58, "order": 1295, "visited": true}}, {"type": "Feature", "geometry": {"type": "Point", "coordinates": [629523.37, 5220242.11]}, "properties": {"type": "gap", "gap_m": 4.4, "vineyard_id": "V24", "row_id": "V24-R65", "reachable": true, "id": "T1071", "x": 629523.37, "y": 5220242.11, "order": null, "visited": true}}, {"type": "Feature", "geometry": {"type": "Point", "coordinates": [629528.79, 5220234.91]}, "properties": {"type": "gap", "gap_m": 3.2, "vineyard_id": "V24", "row_id": "V24-R65", "reachable": true, "id": "T1072", "x": 629528.79, "y": 5220234.91, "order": null, "visited": true}}, {"type": "Feature", "geometry": {"type": "Point", "coordinates": [629533.73, 5220228.36]}, "properties": {"type": "gap", "gap_m": 5.6, "vineyard_id": "V24", "row_id": "V24-R65", "reachable": true, "id": "T1073", "x": 629533.73, "y": 5220228.36, "order": 1296, "visited": true}}, {"type": "Feature", "geometry": {"type": "Point", "coordinates": [629549.02, 5220208.08]}, "properties": {"type": "gap", "gap_m": 6.7, "vineyard_id": "V24", "row_id": "V24-R65", "reachable": true, "id": "T1074", "x": 629549.02, "y": 5220208.08, "order": null, "visited": false}}, {"type": "Feature", "geometry": {"type": "Point", "coordinates": [629555.46, 5220199.58]}, "properties": {"type": "gap", "gap_m": 3.5, "vineyard_id": "V24", "row_id": "V24-R65", "reachable": true, "id": "T1075", "x": 629555.46, "y": 5220199.58, "order": null, "visited": false}}, {"type": "Feature", "geometry": {"type": "Point", "coordinates": [629578.12, 5220169.67]}, "properties": {"type": "gap", "gap_m": 8.2, "vineyard_id": "V24", "row_id": "V24-R65", "reachable": true, "id": "T1076", "x": 629578.12, "y": 5220169.67, "order": 1336, "visited": true}}, {"type": "Feature", "geometry": {"type": "Point", "coordinates": [629585.95, 5220159.33]}, "properties": {"type": "gap", "gap_m": 3.3, "vineyard_id": "V24", "row_id": "V24-R65", "reachable": true, "id": "T1077", "x": 629585.95, "y": 5220159.33, "order": 1255, "visited": true}}, {"type": "Feature", "geometry": {"type": "Point", "coordinates": [629523.44, 5220237.53]}, "properties": {"type": "gap", "gap_m": 5.0, "vineyard_id": "V24", "row_id": "V24-R66", "reachable": true, "id": "T1078", "x": 629523.44, "y": 5220237.53, "order": 1300, "visited": true}}, {"type": "Feature", "geometry": {"type": "Point", "coordinates": [629535.29, 5220221.87]}, "properties": {"type": "gap", "gap_m": 3.2, "vineyard_id": "V24", "row_id": "V24-R66", "reachable": true, "id": "T1079", "x": 629535.29, "y": 5220221.87, "order": 1297, "visited": true}}, {"type": "Feature", "geometry": {"type": "Point", "coordinates": [629545.92, 5220207.83]}, "properties": {"type": "gap", "gap_m": 4.3, "vineyard_id": "V24", "row_id": "V24-R66", "reachable": true, "id": "T1080", "x": 629545.92, "y": 5220207.83, "order": null, "visited": false}}, {"type": "Feature", "geometry": {"type": "Point", "coordinates": [629554.21, 5220196.83]}, "properties": {"type": "gap", "gap_m": 4.0, "vineyard_id": "V24", "row_id": "V24-R66", "reachable": true, "id": "T1081", "x": 629554.21, "y": 5220196.83, "order": 1257, "visited": true}}, {"type": "Feature", "geometry": {"type": "Point", "coordinates": [629574.43, 5220169.8]}, "properties": {"type": "gap", "gap_m": 6.9, "vineyard_id": "V24", "row_id": "V24-R66", "reachable": true, "id": "T1082", "x": 629574.43, "y": 5220169.8, "order": 1335, "visited": true}}, {"type": "Feature", "geometry": {"type": "Point", "coordinates": [629517.43, 5220240.62]}, "properties": {"type": "gap", "gap_m": 4.9, "vineyard_id": "V24", "row_id": "V24-R67", "reachable": true, "id": "T1083", "x": 629517.43, "y": 5220240.62, "order": 1299, "visited": true}}, {"type": "Feature", "geometry": {"type": "Point", "coordinates": [629523.22, 5220232.92]}, "properties": {"type": "gap", "gap_m": 4.7, "vineyard_id": "V24", "row_id": "V24-R67", "reachable": true, "id": "T1084", "x": 629523.22, "y": 5220232.92, "order": 1301, "visited": true}}, {"type": "Feature", "geometry": {"type": "Point", "coordinates": [629527.02, 5220227.89]}, "properties": {"type": "gap", "gap_m": 3.3, "vineyard_id": "V24", "row_id": "V24-R67", "reachable": true, "id": "T1085", "x": 629527.02, "y": 5220227.89, "order": 1298, "visited": true}}, {"type": "Feature", "geometry": {"type": "Point", "coordinates": [629552.14, 5220194.53]}, "properties": {"type": "gap", "gap_m": 9.8, "vineyard_id": "V24", "row_id": "V24-R67", "reachable": true, "id": "T1086", "x": 629552.14, "y": 5220194.53, "order": 1258, "visited": true}}, {"type": "Feature", "geometry": {"type": "Point", "coordinates": [629559.1, 5220185.53]}, "properties": {"type": "gap", "gap_m": 3.0, "vineyard_id": "V24", "row_id": "V24-R67", "reachable": true, "id": "T1087", "x": 629559.1, "y": 5220185.53, "order": 1256, "visited": true}}, {"type": "Feature", "geometry": {"type": "Point", "coordinates": [629571.33, 5220169.27]}, "properties": {"type": "gap", "gap_m": 6.9, "vineyard_id": "V24", "row_id": "V24-R67", "reachable": true, "id": "T1088", "x": 629571.33, "y": 5220169.27, "order": 1334, "visited": true}}, {"type": "Feature", "geometry": {"type": "Point", "coordinates": [629530.16, 5220219.32]}, "properties": {"type": "gap", "gap_m": 8.7, "vineyard_id": "V24", "row_id": "V24-R68", "reachable": true, "id": "T1089", "x": 629530.16, "y": 5220219.32, "order": 1302, "visited": true}}, {"type": "Feature", "geometry": {"type": "Point", "coordinates": [629518.36, 5220229.79]}, "properties": {"type": "gap", "gap_m": 7.2, "vineyard_id": "V24", "row_id": "V24-R69", "reachable": true, "id": "T1090", "x": 629518.36, "y": 5220229.79, "order": 1309, "visited": true}}, {"type": "Feature", "geometry": {"type": "Point", "coordinates": [629523.7, 5220222.75]}, "properties": {"type": "gap", "gap_m": 8.8, "vineyard_id": "V24", "row_id": "V24-R69", "reachable": true, "id": "T1091", "x": 629523.7, "y": 5220222.75, "order": 1303, "visited": true}}, {"type": "Feature", "geometry": {"type": "Point", "coordinates": [629530.49, 5220213.81]}, "properties": {"type": "gap", "gap_m": 3.0, "vineyard_id": "V24", "row_id": "V24-R69", "reachable": true, "id": "T1092", "x": 629530.49, "y": 5220213.81, "order": 1305, "visited": true}}, {"type": "Feature", "geometry": {"type": "Point", "coordinates": [629535.22, 5220207.56]}, "properties": {"type": "gap", "gap_m": 8.4, "vineyard_id": "V24", "row_id": "V24-R69", "reachable": true, "id": "T1093", "x": 629535.22, "y": 5220207.56, "order": 1304, "visited": true}}, {"type": "Feature", "geometry": {"type": "Point", "coordinates": [629509.85, 5220236.86]}, "properties": {"type": "gap", "gap_m": 14.4, "vineyard_id": "V24", "row_id": "V24-R70", "reachable": true, "id": "T1094", "x": 629509.85, "y": 5220236.86, "order": 1311, "visited": true}}, {"type": "Feature", "geometry": {"type": "Point", "coordinates": [629523.35, 5220218.95]}, "properties": {"type": "gap", "gap_m": 3.9, "vineyard_id": "V24", "row_id": "V24-R70", "reachable": true, "id": "T1095", "x": 629523.35, "y": 5220218.95, "order": 1306, "visited": true}}, {"type": "Feature", "geometry": {"type": "Point", "coordinates": [629526.1, 5220215.31]}, "properties": {"type": "gap", "gap_m": 3.8, "vineyard_id": "V24", "row_id": "V24-R70", "reachable": true, "id": "T1096", "x": 629526.1, "y": 5220215.31, "order": 1307, "visited": true}}, {"type": "Feature", "geometry": {"type": "Point", "coordinates": [629509.64, 5220232.15]}, "properties": {"type": "gap", "gap_m": 15.9, "vineyard_id": "V25", "row_id": "V25-R01", "reachable": true, "id": "T1097", "x": 629509.64, "y": 5220232.15, "order": 1310, "visited": true}}, {"type": "Feature", "geometry": {"type": "Point", "coordinates": [629516.92, 5220222.49]}, "properties": {"type": "gap", "gap_m": 5.8, "vineyard_id": "V25", "row_id": "V25-R01", "reachable": true, "id": "T1098", "x": 629516.92, "y": 5220222.49, "order": 1308, "visited": true}}, {"type": "Feature", "geometry": {"type": "Point", "coordinates": [629521.79, 5220216.02]}, "properties": {"type": "gap", "gap_m": 9.1, "vineyard_id": "V25", "row_id": "V25-R01", "reachable": true, "id": "T1099", "x": 629521.79, "y": 5220216.02, "order": 1261, "visited": true}}, {"type": "Feature", "geometry": {"type": "Point", "coordinates": [629531.31, 5220203.38]}, "properties": {"type": "gap", "gap_m": 4.4, "vineyard_id": "V25", "row_id": "V25-R01", "reachable": true, "id": "T1100", "x": 629531.31, "y": 5220203.38, "order": 1320, "visited": true}}, {"type": "Feature", "geometry": {"type": "Point", "coordinates": [629517.1, 5220218.06]}, "properties": {"type": "gap", "gap_m": 10.8, "vineyard_id": "V25", "row_id": "V25-R02", "reachable": true, "id": "T1101", "x": 629517.1, "y": 5220218.06, "order": 1262, "visited": true}}, {"type": "Feature", "geometry": {"type": "Point", "coordinates": [629523.22, 5220209.94]}, "properties": {"type": "gap", "gap_m": 5.0, "vineyard_id": "V25", "row_id": "V25-R02", "reachable": true, "id": "T1102", "x": 629523.22, "y": 5220209.94, "order": 1260, "visited": true}}, {"type": "Feature", "geometry": {"type": "Point", "coordinates": [629548.58, 5220197.18]}, "properties": {"type": "gap", "gap_m": 9.8, "vineyard_id": "V25", "row_id": "V25-R04", "reachable": true, "id": "T1104", "x": 629548.58, "y": 5220197.18, "order": 1263, "visited": true}}, {"type": "Feature", "geometry": {"type": "Point", "coordinates": [629533.76, 5220196.29]}, "properties": {"type": "gap", "gap_m": 11.6, "vineyard_id": "V25", "row_id": "V25-R04", "reachable": true, "id": "T1105", "x": 629533.76, "y": 5220196.29, "order": 1321, "visited": true}}, {"type": "Feature", "geometry": {"type": "Point", "coordinates": [629547.17, 5220194.32]}, "properties": {"type": "gap", "gap_m": 3.5, "vineyard_id": "V25", "row_id": "V25-R05", "reachable": true, "id": "T1106", "x": 629547.17, "y": 5220194.32, "order": 1259, "visited": true}}, {"type": "Feature", "geometry": {"type": "Point", "coordinates": [629534.0, 5220193.52]}, "properties": {"type": "gap", "gap_m": 8.8, "vineyard_id": "V25", "row_id": "V25-R05", "reachable": true, "id": "T1107", "x": 629534.0, "y": 5220193.52, "order": 1322, "visited": true}}, {"type": "Feature", "geometry": {"type": "Point", "coordinates": [629542.74, 5220184.92]}, "properties": {"type": "gap", "gap_m": 11.4, "vineyard_id": "V27", "row_id": "V27-R01", "reachable": true, "id": "T1108", "x": 629542.74, "y": 5220184.92, "order": 1324, "visited": true}}, {"type": "Feature", "geometry": {"type": "Point", "coordinates": [629546.11, 5220183.07]}, "properties": {"type": "gap", "gap_m": 4.1, "vineyard_id": "V27", "row_id": "V27-R02", "reachable": true, "id": "T1109", "x": 629546.11, "y": 5220183.07, "order": 1325, "visited": true}}, {"type": "Feature", "geometry": {"type": "Point", "coordinates": [629541.23, 5220182.78]}, "properties": {"type": "gap", "gap_m": 4.5, "vineyard_id": "V27", "row_id": "V27-R02", "reachable": true, "id": "T1110", "x": 629541.23, "y": 5220182.78, "order": 1323, "visited": true}}, {"type": "Feature", "geometry": {"type": "Point", "coordinates": [629549.74, 5220177.97]}, "properties": {"type": "gap", "gap_m": 3.9, "vineyard_id": "V27", "row_id": "V27-R03", "reachable": true, "id": "T1111", "x": 629549.74, "y": 5220177.97, "order": 1326, "visited": true}}, {"type": "Feature", "geometry": {"type": "Point", "coordinates": [629545.0, 5220177.69]}, "properties": {"type": "gap", "gap_m": 4.8, "vineyard_id": "V27", "row_id": "V27-R03", "reachable": true, "id": "T1112", "x": 629545.0, "y": 5220177.69, "order": 1327, "visited": true}}, {"type": "Feature", "geometry": {"type": "Point", "coordinates": [629551.4, 5220168.84]}, "properties": {"type": "gap", "gap_m": 4.5, "vineyard_id": "V27", "row_id": "V27-R05", "reachable": true, "id": "T1113", "x": 629551.4, "y": 5220168.84, "order": 1328, "visited": true}}, {"type": "Feature", "geometry": {"type": "Point", "coordinates": [629557.64, 5220164.06]}, "properties": {"type": "gap", "gap_m": 5.7, "vineyard_id": "V28", "row_id": "V28-R01", "reachable": true, "id": "T1114", "x": 629557.64, "y": 5220164.06, "order": 1329, "visited": true}}, {"type": "Feature", "geometry": {"type": "Point", "coordinates": [629573.25, 5220143.42]}, "properties": {"type": "gap", "gap_m": 9.2, "vineyard_id": "V28", "row_id": "V28-R01", "reachable": true, "id": "T1115", "x": 629573.25, "y": 5220143.42, "order": 1266, "visited": true}}, {"type": "Feature", "geometry": {"type": "Point", "coordinates": [629577.57, 5220137.87]}, "properties": {"type": "gap", "gap_m": 3.3, "vineyard_id": "V28", "row_id": "V28-R01", "reachable": true, "id": "T1116", "x": 629577.57, "y": 5220137.87, "order": 1268, "visited": true}}, {"type": "Feature", "geometry": {"type": "Point", "coordinates": [629564.42, 5220150.3]}, "properties": {"type": "gap", "gap_m": 10.1, "vineyard_id": "V28", "row_id": "V28-R03", "reachable": true, "id": "T1117", "x": 629564.42, "y": 5220150.3, "order": 1264, "visited": true}}, {"type": "Feature", "geometry": {"type": "Point", "coordinates": [629583.0, 5220126.72]}, "properties": {"type": "gap", "gap_m": 3.6, "vineyard_id": "V28", "row_id": "V28-R03", "reachable": true, "id": "T1118", "x": 629583.0, "y": 5220126.72, "order": null, "visited": false}}, {"type": "Feature", "geometry": {"type": "Point", "coordinates": [629737.31, 5220178.36]}, "properties": {"type": "gap", "gap_m": 3.6, "vineyard_id": "V29", "row_id": "V29-R01", "reachable": true, "id": "T1119", "x": 629737.31, "y": 5220178.36, "order": null, "visited": false}}, {"type": "Feature", "geometry": {"type": "Point", "coordinates": [629750.2, 5220161.93]}, "properties": {"type": "gap", "gap_m": 5.6, "vineyard_id": "V29", "row_id": "V29-R01", "reachable": true, "id": "T1120", "x": 629750.2, "y": 5220161.93, "order": null, "visited": false}}, {"type": "Feature", "geometry": {"type": "Point", "coordinates": [629773.53, 5220129.63]}, "properties": {"type": "gap", "gap_m": 4.3, "vineyard_id": "V29", "row_id": "V29-R02", "reachable": true, "id": "T1121", "x": 629773.53, "y": 5220129.63, "order": 895, "visited": true}}, {"type": "Feature", "geometry": {"type": "Point", "coordinates": [629792.29, 5220106.54]}, "properties": {"type": "gap", "gap_m": 13.8, "vineyard_id": "V29", "row_id": "V29-R02", "reachable": true, "id": "T1122", "x": 629792.29, "y": 5220106.54, "order": 901, "visited": true}}, {"type": "Feature", "geometry": {"type": "Point", "coordinates": [629744.99, 5220160.81]}, "properties": {"type": "gap", "gap_m": 20.3, "vineyard_id": "V29", "row_id": "V29-R03", "reachable": true, "id": "T1123", "x": 629744.99, "y": 5220160.81, "order": null, "visited": false}}, {"type": "Feature", "geometry": {"type": "Point", "coordinates": [629758.96, 5220143.03]}, "properties": {"type": "gap", "gap_m": 3.2, "vineyard_id": "V29", "row_id": "V29-R03", "reachable": true, "id": "T1124", "x": 629758.96, "y": 5220143.03, "order": null, "visited": false}}, {"type": "Feature", "geometry": {"type": "Point", "coordinates": [629786.42, 5220108.98]}, "properties": {"type": "gap", "gap_m": 31.9, "vineyard_id": "V29", "row_id": "V29-R03", "reachable": true, "id": "T1125", "x": 629786.42, "y": 5220108.98, "order": 900, "visited": true}}, {"type": "Feature", "geometry": {"type": "Point", "coordinates": [629735.66, 5220154.55]}, "properties": {"type": "gap", "gap_m": 6.5, "vineyard_id": "V29", "row_id": "V29-R07", "reachable": true, "id": "T1126", "x": 629735.66, "y": 5220154.55, "order": 891, "visited": true}}, {"type": "Feature", "geometry": {"type": "Point", "coordinates": [629757.77, 5220121.12]}, "properties": {"type": "gap", "gap_m": 3.3, "vineyard_id": "V29", "row_id": "V29-R08", "reachable": true, "id": "T1127", "x": 629757.77, "y": 5220121.12, "order": 1423, "visited": true}}, {"type": "Feature", "geometry": {"type": "Point", "coordinates": [629748.47, 5220119.41]}, "properties": {"type": "gap", "gap_m": 5.3, "vineyard_id": "V29", "row_id": "V29-R11", "reachable": true, "id": "T1128", "x": 629748.47, "y": 5220119.41, "order": 1425, "visited": true}}, {"type": "Feature", "geometry": {"type": "Point", "coordinates": [629755.44, 5220110.26]}, "properties": {"type": "gap", "gap_m": 9.7, "vineyard_id": "V29", "row_id": "V29-R11", "reachable": true, "id": "T1129", "x": 629755.44, "y": 5220110.26, "order": 1426, "visited": true}}, {"type": "Feature", "geometry": {"type": "Point", "coordinates": [629746.16, 5220117.76]}, "properties": {"type": "gap", "gap_m": 3.9, "vineyard_id": "V29", "row_id": "V29-R12", "reachable": true, "id": "T1130", "x": 629746.16, "y": 5220117.76, "order": 1424, "visited": true}}, {"type": "Feature", "geometry": {"type": "Point", "coordinates": [629750.79, 5220111.62]}, "properties": {"type": "gap", "gap_m": 3.3, "vineyard_id": "V29", "row_id": "V29-R12", "reachable": true, "id": "T1131", "x": 629750.79, "y": 5220111.62, "order": null, "visited": true}}, {"type": "Feature", "geometry": {"type": "Point", "coordinates": [629740.7, 5220115.73]}, "properties": {"type": "gap", "gap_m": 3.1, "vineyard_id": "V29", "row_id": "V29-R14", "reachable": true, "id": "T1132", "x": 629740.7, "y": 5220115.73, "order": null, "visited": true}}, {"type": "Feature", "geometry": {"type": "Point", "coordinates": [629738.37, 5220114.36]}, "properties": {"type": "gap", "gap_m": 4.6, "vineyard_id": "V29", "row_id": "V29-R15", "reachable": true, "id": "T1133", "x": 629738.37, "y": 5220114.36, "order": null, "visited": true}}, {"type": "Feature", "geometry": {"type": "Point", "coordinates": [629704.03, 5220154.41]}, "properties": {"type": "gap", "gap_m": 3.3, "vineyard_id": "V29", "row_id": "V29-R16", "reachable": true, "id": "T1134", "x": 629704.03, "y": 5220154.41, "order": null, "visited": false}}, {"type": "Feature", "geometry": {"type": "Point", "coordinates": [629736.68, 5220112.12]}, "properties": {"type": "gap", "gap_m": 7.2, "vineyard_id": "V29", "row_id": "V29-R16", "reachable": true, "id": "T1135", "x": 629736.68, "y": 5220112.12, "order": null, "visited": false}}, {"type": "Feature", "geometry": {"type": "Point", "coordinates": [629675.24, 5220186.69]}, "properties": {"type": "gap", "gap_m": 19.7, "vineyard_id": "V29", "row_id": "V29-R17", "reachable": true, "id": "T1136", "x": 629675.24, "y": 5220186.69, "order": 1436, "visited": true}}, {"type": "Feature", "geometry": {"type": "Point", "coordinates": [629682.86, 5220176.79]}, "properties": {"type": "gap", "gap_m": 4.3, "vineyard_id": "V29", "row_id": "V29-R17", "reachable": true, "id": "T1137", "x": 629682.86, "y": 5220176.79, "order": 1434, "visited": true}}, {"type": "Feature", "geometry": {"type": "Point", "coordinates": [629725.91, 5220120.91]}, "properties": {"type": "gap", "gap_m": 3.9, "vineyard_id": "V29", "row_id": "V29-R17", "reachable": true, "id": "T1138", "x": 629725.91, "y": 5220120.91, "order": null, "visited": false}}, {"type": "Feature", "geometry": {"type": "Point", "coordinates": [629732.57, 5220112.27]}, "properties": {"type": "gap", "gap_m": 7.1, "vineyard_id": "V29", "row_id": "V29-R17", "reachable": true, "id": "T1139", "x": 629732.57, "y": 5220112.27, "order": 1427, "visited": true}}, {"type": "Feature", "geometry": {"type": "Point", "coordinates": [629680.42, 5220175.79]}, "properties": {"type": "gap", "gap_m": 10.9, "vineyard_id": "V29", "row_id": "V29-R18", "reachable": true, "id": "T1140", "x": 629680.42, "y": 5220175.79, "order": 1435, "visited": true}}, {"type": "Feature", "geometry": {"type": "Point", "coordinates": [629693.55, 5220158.67]}, "properties": {"type": "gap", "gap_m": 8.4, "vineyard_id": "V29", "row_id": "V29-R18", "reachable": true, "id": "T1141", "x": 629693.55, "y": 5220158.67, "order": 1431, "visited": true}}, {"type": "Feature", "geometry": {"type": "Point", "coordinates": [629706.11, 5220142.63]}, "properties": {"type": "gap", "gap_m": 4.8, "vineyard_id": "V29", "row_id": "V29-R18", "reachable": true, "id": "T1142", "x": 629706.11, "y": 5220142.63, "order": null, "visited": true}}, {"type": "Feature", "geometry": {"type": "Point", "coordinates": [629715.43, 5220130.29]}, "properties": {"type": "gap", "gap_m": 3.4, "vineyard_id": "V29", "row_id": "V29-R18", "reachable": true, "id": "T1143", "x": 629715.43, "y": 5220130.29, "order": null, "visited": true}}, {"type": "Feature", "geometry": {"type": "Point", "coordinates": [629717.99, 5220126.95]}, "properties": {"type": "gap", "gap_m": 3.6, "vineyard_id": "V29", "row_id": "V29-R18", "reachable": true, "id": "T1144", "x": 629717.99, "y": 5220126.95, "order": null, "visited": true}}, {"type": "Feature", "geometry": {"type": "Point", "coordinates": [629720.86, 5220123.22]}, "properties": {"type": "gap", "gap_m": 4.2, "vineyard_id": "V29", "row_id": "V29-R18", "reachable": true, "id": "T1145", "x": 629720.86, "y": 5220123.22, "order": 1430, "visited": true}}, {"type": "Feature", "geometry": {"type": "Point", "coordinates": [629730.51, 5220110.63]}, "properties": {"type": "gap", "gap_m": 9.4, "vineyard_id": "V29", "row_id": "V29-R18", "reachable": true, "id": "T1146", "x": 629730.51, "y": 5220110.63, "order": 1429, "visited": true}}, {"type": "Feature", "geometry": {"type": "Point", "coordinates": [629679.64, 5220172.9]}, "properties": {"type": "gap", "gap_m": 13.1, "vineyard_id": "V29", "row_id": "V29-R19", "reachable": true, "id": "T1147", "x": 629679.64, "y": 5220172.9, "order": 1433, "visited": true}}, {"type": "Feature", "geometry": {"type": "Point", "coordinates": [629685.25, 5220165.67]}, "properties": {"type": "gap", "gap_m": 3.7, "vineyard_id": "V29", "row_id": "V29-R19", "reachable": true, "id": "T1148", "x": 629685.25, "y": 5220165.67, "order": 1432, "visited": true}}, {"type": "Feature", "geometry": {"type": "Point", "coordinates": [629728.8, 5220108.89]}, "properties": {"type": "gap", "gap_m": 8.0, "vineyard_id": "V29", "row_id": "V29-R19", "reachable": true, "id": "T1149", "x": 629728.8, "y": 5220108.89, "order": 1429, "visited": true}}, {"type": "Feature", "geometry": {"type": "Point", "coordinates": [629726.06, 5220108.31]}, "properties": {"type": "gap", "gap_m": 9.1, "vineyard_id": "V29", "row_id": "V29-R20", "reachable": true, "id": "T1150", "x": 629726.06, "y": 5220108.31, "order": 1428, "visited": true}}, {"type": "Feature", "geometry": {"type": "Point", "coordinates": [629722.52, 5220108.87]}, "properties": {"type": "gap", "gap_m": 4.8, "vineyard_id": "V29", "row_id": "V29-R21", "reachable": true, "id": "T1151", "x": 629722.52, "y": 5220108.87, "order": null, "visited": false}}, {"type": "Feature", "geometry": {"type": "Point", "coordinates": [629662.7, 5220185.68]}, "properties": {"type": "gap", "gap_m": 3.4, "vineyard_id": "V29", "row_id": "V29-R22", "reachable": true, "id": "T1152", "x": 629662.7, "y": 5220185.68, "order": null, "visited": false}}, {"type": "Feature", "geometry": {"type": "Point", "coordinates": [629686.49, 5220154.79]}, "properties": {"type": "gap", "gap_m": 3.8, "vineyard_id": "V29", "row_id": "V29-R22", "reachable": true, "id": "T1153", "x": 629686.49, "y": 5220154.79, "order": null, "visited": false}}, {"type": "Feature", "geometry": {"type": "Point", "coordinates": [629657.87, 5220187.15]}, "properties": {"type": "gap", "gap_m": 4.8, "vineyard_id": "V29", "row_id": "V29-R23", "reachable": true, "id": "T1154", "x": 629657.87, "y": 5220187.15, "order": null, "visited": false}}, {"type": "Feature", "geometry": {"type": "Point", "coordinates": [629716.13, 5220106.97]}, "properties": {"type": "gap", "gap_m": 4.9, "vineyard_id": "V29", "row_id": "V29-R24", "reachable": true, "id": "T1155", "x": 629716.13, "y": 5220106.97, "order": null, "visited": false}}, {"type": "Feature", "geometry": {"type": "Point", "coordinates": [629713.25, 5220106.23]}, "properties": {"type": "gap", "gap_m": 6.2, "vineyard_id": "V29", "row_id": "V29-R26", "reachable": true, "id": "T1156", "x": 629713.25, "y": 5220106.23, "order": 1361, "visited": true}}, {"type": "Feature", "geometry": {"type": "Point", "coordinates": [629646.5, 5220193.07]}, "properties": {"type": "gap", "gap_m": 6.6, "vineyard_id": "V29", "row_id": "V29-R27", "reachable": true, "id": "T1157", "x": 629646.5, "y": 5220193.07, "order": 1355, "visited": true}}, {"type": "Feature", "geometry": {"type": "Point", "coordinates": [629648.78, 5220183.33]}, "properties": {"type": "gap", "gap_m": 27.2, "vineyard_id": "V29", "row_id": "V29-R29", "reachable": true, "id": "T1158", "x": 629648.78, "y": 5220183.33, "order": 1358, "visited": true}}, {"type": "Feature", "geometry": {"type": "Point", "coordinates": [629679.45, 5220140.94]}, "properties": {"type": "gap", "gap_m": 5.3, "vineyard_id": "V29", "row_id": "V29-R29", "reachable": true, "id": "T1159", "x": 629679.45, "y": 5220140.94, "order": 1360, "visited": true}}, {"type": "Feature", "geometry": {"type": "Point", "coordinates": [629640.38, 5220190.82]}, "properties": {"type": "gap", "gap_m": 7.3, "vineyard_id": "V29", "row_id": "V29-R30", "reachable": true, "id": "T1160", "x": 629640.38, "y": 5220190.82, "order": 1356, "visited": true}}, {"type": "Feature", "geometry": {"type": "Point", "coordinates": [629647.81, 5220179.37]}, "properties": {"type": "gap", "gap_m": 17.1, "vineyard_id": "V29", "row_id": "V29-R30", "reachable": true, "id": "T1161", "x": 629647.81, "y": 5220179.37, "order": 1359, "visited": true}}, {"type": "Feature", "geometry": {"type": "Point", "coordinates": [629705.05, 5220102.96]}, "properties": {"type": "gap", "gap_m": 4.6, "vineyard_id": "V29", "row_id": "V29-R30", "reachable": true, "id": "T1162", "x": 629705.05, "y": 5220102.96, "order": null, "visited": true}}, {"type": "Feature", "geometry": {"type": "Point", "coordinates": [629637.8, 5220189.99]}, "properties": {"type": "gap", "gap_m": 6.7, "vineyard_id": "V29", "row_id": "V29-R31", "reachable": true, "id": "T1163", "x": 629637.8, "y": 5220189.99, "order": 1357, "visited": true}}, {"type": "Feature", "geometry": {"type": "Point", "coordinates": [629646.81, 5220176.21]}, "properties": {"type": "gap", "gap_m": 25.0, "vineyard_id": "V29", "row_id": "V29-R31", "reachable": true, "id": "T1164", "x": 629646.81, "y": 5220176.21, "order": 1354, "visited": true}}, {"type": "Feature", "geometry": {"type": "Point", "coordinates": [629702.08, 5220102.1]}, "properties": {"type": "gap", "gap_m": 4.4, "vineyard_id": "V29", "row_id": "V29-R31", "reachable": true, "id": "T1165", "x": 629702.08, "y": 5220102.1, "order": null, "visited": true}}, {"type": "Feature", "geometry": {"type": "Point", "coordinates": [629631.64, 5220193.92]}, "properties": {"type": "gap", "gap_m": 3.3, "vineyard_id": "V29", "row_id": "V29-R32", "reachable": true, "id": "T1166", "x": 629631.64, "y": 5220193.92, "order": 1351, "visited": true}}, {"type": "Feature", "geometry": {"type": "Point", "coordinates": [629641.29, 5220179.16]}, "properties": {"type": "gap", "gap_m": 30.3, "vineyard_id": "V29", "row_id": "V29-R32", "reachable": true, "id": "T1167", "x": 629641.29, "y": 5220179.16, "order": 1353, "visited": true}}, {"type": "Feature", "geometry": {"type": "Point", "coordinates": [629699.16, 5220101.31]}, "properties": {"type": "gap", "gap_m": 4.6, "vineyard_id": "V29", "row_id": "V29-R33", "reachable": true, "id": "T1168", "x": 629699.16, "y": 5220101.31, "order": null, "visited": true}}, {"type": "Feature", "geometry": {"type": "Point", "coordinates": [629638.09, 5220178.66]}, "properties": {"type": "gap", "gap_m": 30.9, "vineyard_id": "V29", "row_id": "V29-R34", "reachable": true, "id": "T1169", "x": 629638.09, "y": 5220178.66, "order": 1352, "visited": true}}, {"type": "Feature", "geometry": {"type": "Point", "coordinates": [629696.58, 5220100.37]}, "properties": {"type": "gap", "gap_m": 4.1, "vineyard_id": "V29", "row_id": "V29-R35", "reachable": true, "id": "T1170", "x": 629696.58, "y": 5220100.37, "order": null, "visited": true}}, {"type": "Feature", "geometry": {"type": "Point", "coordinates": [629635.14, 5220177.97]}, "properties": {"type": "gap", "gap_m": 29.5, "vineyard_id": "V29", "row_id": "V29-R36", "reachable": true, "id": "T1171", "x": 629635.14, "y": 5220177.97, "order": 1350, "visited": true}}, {"type": "Feature", "geometry": {"type": "Point", "coordinates": [629693.84, 5220099.32]}, "properties": {"type": "gap", "gap_m": 4.1, "vineyard_id": "V29", "row_id": "V29-R37", "reachable": true, "id": "T1172", "x": 629693.84, "y": 5220099.32, "order": 1363, "visited": true}}, {"type": "Feature", "geometry": {"type": "Point", "coordinates": [629633.14, 5220176.14]}, "properties": {"type": "gap", "gap_m": 30.3, "vineyard_id": "V29", "row_id": "V29-R38", "reachable": true, "id": "T1173", "x": 629633.14, "y": 5220176.14, "order": 1349, "visited": true}}, {"type": "Feature", "geometry": {"type": "Point", "coordinates": [629630.43, 5220174.75]}, "properties": {"type": "gap", "gap_m": 33.3, "vineyard_id": "V29", "row_id": "V29-R40", "reachable": true, "id": "T1174", "x": 629630.43, "y": 5220174.75, "order": 1284, "visited": true}}, {"type": "Feature", "geometry": {"type": "Point", "coordinates": [629625.49, 5220176.77]}, "properties": {"type": "gap", "gap_m": 26.9, "vineyard_id": "V29", "row_id": "V29-R42", "reachable": true, "id": "T1175", "x": 629625.49, "y": 5220176.77, "order": 1348, "visited": true}}, {"type": "Feature", "geometry": {"type": "Point", "coordinates": [629638.3, 5220157.23]}, "properties": {"type": "gap", "gap_m": 3.5, "vineyard_id": "V29", "row_id": "V29-R42", "reachable": true, "id": "T1176", "x": 629638.3, "y": 5220157.23, "order": null, "visited": false}}, {"type": "Feature", "geometry": {"type": "Point", "coordinates": [629622.79, 5220175.6]}, "properties": {"type": "gap", "gap_m": 24.8, "vineyard_id": "V29", "row_id": "V29-R44", "reachable": true, "id": "T1177", "x": 629622.79, "y": 5220175.6, "order": 1347, "visited": true}}, {"type": "Feature", "geometry": {"type": "Point", "coordinates": [629621.53, 5220172.66]}, "properties": {"type": "gap", "gap_m": 34.4, "vineyard_id": "V29", "row_id": "V29-R46", "reachable": true, "id": "T1178", "x": 629621.53, "y": 5220172.66, "order": 1345, "visited": true}}, {"type": "Feature", "geometry": {"type": "Point", "coordinates": [629616.05, 5220175.27]}, "properties": {"type": "gap", "gap_m": 23.4, "vineyard_id": "V29", "row_id": "V29-R48", "reachable": true, "id": "T1179", "x": 629616.05, "y": 5220175.27, "order": 1346, "visited": true}}, {"type": "Feature", "geometry": {"type": "Point", "coordinates": [629642.54, 5220130.1]}, "properties": {"type": "gap", "gap_m": 50.7, "vineyard_id": "V29", "row_id": "V29-R51", "reachable": true, "id": "T1180", "x": 629642.54, "y": 5220130.1, "order": 1243, "visited": true}}, {"type": "Feature", "geometry": {"type": "Point", "coordinates": [629641.07, 5220129.87]}, "properties": {"type": "gap", "gap_m": 3.4, "vineyard_id": "V29", "row_id": "V29-R52", "reachable": true, "id": "T1181", "x": 629641.07, "y": 5220129.87, "order": 1243, "visited": true}}, {"type": "Feature", "geometry": {"type": "Point", "coordinates": [629643.87, 5220126.16]}, "properties": {"type": "gap", "gap_m": 3.4, "vineyard_id": "V29", "row_id": "V29-R52", "reachable": true, "id": "T1182", "x": 629643.87, "y": 5220126.16, "order": null, "visited": true}}, {"type": "Feature", "geometry": {"type": "Point", "coordinates": [629625.79, 5220142.81]}, "properties": {"type": "gap", "gap_m": 3.1, "vineyard_id": "V29", "row_id": "V29-R54", "reachable": true, "id": "T1183", "x": 629625.79, "y": 5220142.81, "order": null, "visited": false}}, {"type": "Feature", "geometry": {"type": "Point", "coordinates": [629659.87, 5220098.49]}, "properties": {"type": "gap", "gap_m": 3.2, "vineyard_id": "V29", "row_id": "V29-R54", "reachable": true, "id": "T1184", "x": 629659.87, "y": 5220098.49, "order": 1367, "visited": true}}, {"type": "Feature", "geometry": {"type": "Point", "coordinates": [629655.38, 5220086.92]}, "properties": {"type": "gap", "gap_m": 5.5, "vineyard_id": "V29", "row_id": "V29-R60", "reachable": true, "id": "T1185", "x": 629655.38, "y": 5220086.92, "order": 1370, "visited": true}}, {"type": "Feature", "geometry": {"type": "Point", "coordinates": [629585.88, 5220173.21]}, "properties": {"type": "gap", "gap_m": 6.5, "vineyard_id": "V29", "row_id": "V29-R61", "reachable": true, "id": "T1186", "x": 629585.88, "y": 5220173.21, "order": 1339, "visited": true}}, {"type": "Feature", "geometry": {"type": "Point", "coordinates": [629649.93, 5220085.06]}, "properties": {"type": "gap", "gap_m": 4.7, "vineyard_id": "V29", "row_id": "V29-R62", "reachable": true, "id": "T1187", "x": 629649.93, "y": 5220085.06, "order": 1371, "visited": true}}, {"type": "Feature", "geometry": {"type": "Point", "coordinates": [629619.48, 5220124.84]}, "properties": {"type": "gap", "gap_m": 7.6, "vineyard_id": "V29", "row_id": "V29-R63", "reachable": true, "id": "T1188", "x": 629619.48, "y": 5220124.84, "order": null, "visited": false}}, {"type": "Feature", "geometry": {"type": "Point", "coordinates": [629636.57, 5220097.9]}, "properties": {"type": "gap", "gap_m": 3.3, "vineyard_id": "V29", "row_id": "V29-R64", "reachable": true, "id": "T1189", "x": 629636.57, "y": 5220097.9, "order": 1378, "visited": true}}, {"type": "Feature", "geometry": {"type": "Point", "coordinates": [629609.3, 5220128.67]}, "properties": {"type": "gap", "gap_m": 3.1, "vineyard_id": "V29", "row_id": "V29-R66", "reachable": true, "id": "T1190", "x": 629609.3, "y": 5220128.67, "order": null, "visited": false}}, {"type": "Feature", "geometry": {"type": "Point", "coordinates": [629601.84, 5220129.16]}, "properties": {"type": "gap", "gap_m": 3.4, "vineyard_id": "V29", "row_id": "V29-R68", "reachable": true, "id": "T1191", "x": 629601.84, "y": 5220129.16, "order": null, "visited": false}}, {"type": "Feature", "geometry": {"type": "Point", "coordinates": [629619.93, 5220105.1]}, "properties": {"type": "gap", "gap_m": 3.1, "vineyard_id": "V29", "row_id": "V29-R68", "reachable": true, "id": "T1192", "x": 629619.93, "y": 5220105.1, "order": null, "visited": false}}, {"type": "Feature", "geometry": {"type": "Point", "coordinates": [629568.79, 5220167.99]}, "properties": {"type": "gap", "gap_m": 5.9, "vineyard_id": "V29", "row_id": "V29-R69", "reachable": true, "id": "T1193", "x": 629568.79, "y": 5220167.99, "order": 1333, "visited": true}}, {"type": "Feature", "geometry": {"type": "Point", "coordinates": [629566.22, 5220166.66]}, "properties": {"type": "gap", "gap_m": 6.3, "vineyard_id": "V29", "row_id": "V29-R70", "reachable": true, "id": "T1194", "x": 629566.22, "y": 5220166.66, "order": 1332, "visited": true}}, {"type": "Feature", "geometry": {"type": "Point", "coordinates": [629601.25, 5220120.8]}, "properties": {"type": "gap", "gap_m": 3.7, "vineyard_id": "V29", "row_id": "V29-R70", "reachable": true, "id": "T1195", "x": 629601.25, "y": 5220120.8, "order": null, "visited": false}}, {"type": "Feature", "geometry": {"type": "Point", "coordinates": [629563.0, 5220166.28]}, "properties": {"type": "gap", "gap_m": 7.5, "vineyard_id": "V29", "row_id": "V29-R71", "reachable": true, "id": "T1196", "x": 629563.0, "y": 5220166.28, "order": 1331, "visited": true}}, {"type": "Feature", "geometry": {"type": "Point", "coordinates": [629588.25, 5220132.56]}, "properties": {"type": "gap", "gap_m": 6.3, "vineyard_id": "V29", "row_id": "V29-R71", "reachable": true, "id": "T1197", "x": 629588.25, "y": 5220132.56, "order": 1269, "visited": true}}, {"type": "Feature", "geometry": {"type": "Point", "coordinates": [629560.32, 5220164.96]}, "properties": {"type": "gap", "gap_m": 5.9, "vineyard_id": "V29", "row_id": "V29-R72", "reachable": true, "id": "T1198", "x": 629560.32, "y": 5220164.96, "order": 1330, "visited": true}}, {"type": "Feature", "geometry": {"type": "Point", "coordinates": [629574.6, 5220145.75]}, "properties": {"type": "gap", "gap_m": 3.1, "vineyard_id": "V29", "row_id": "V29-R72", "reachable": true, "id": "T1199", "x": 629574.6, "y": 5220145.75, "order": 1265, "visited": true}}, {"type": "Feature", "geometry": {"type": "Point", "coordinates": [629577.21, 5220142.41]}, "properties": {"type": "gap", "gap_m": 3.0, "vineyard_id": "V29", "row_id": "V29-R72", "reachable": true, "id": "T1200", "x": 629577.21, "y": 5220142.41, "order": 1267, "visited": true}}, {"type": "Feature", "geometry": {"type": "Point", "coordinates": [629803.07, 5220129.49]}, "properties": {"type": "gap", "gap_m": 9.8, "vineyard_id": "V30", "row_id": "V30-R04", "reachable": true, "id": "T1202", "x": 629803.07, "y": 5220129.49, "order": null, "visited": false}}, {"type": "Feature", "geometry": {"type": "Point", "coordinates": [629862.15, 5220059.53]}, "properties": {"type": "gap", "gap_m": 7.0, "vineyard_id": "V31", "row_id": "V31-R01", "reachable": true, "id": "T1203", "x": 629862.15, "y": 5220059.53, "order": null, "visited": false}}, {"type": "Feature", "geometry": {"type": "Point", "coordinates": [629859.03, 5220058.75]}, "properties": {"type": "gap", "gap_m": 6.9, "vineyard_id": "V31", "row_id": "V31-R02", "reachable": true, "id": "T1204", "x": 629859.03, "y": 5220058.75, "order": null, "visited": false}}, {"type": "Feature", "geometry": {"type": "Point", "coordinates": [629820.2, 5220059.97]}, "properties": {"type": "gap", "gap_m": 26.1, "vineyard_id": "V32", "row_id": "V32-R003", "reachable": true, "id": "T1205", "x": 629820.2, "y": 5220059.97, "order": null, "visited": false}}, {"type": "Feature", "geometry": {"type": "Point", "coordinates": [629768.98, 5220124.78]}, "properties": {"type": "gap", "gap_m": 3.5, "vineyard_id": "V32", "row_id": "V32-R004", "reachable": true, "id": "T1206", "x": 629768.98, "y": 5220124.78, "order": 893, "visited": true}}, {"type": "Feature", "geometry": {"type": "Point", "coordinates": [629775.65, 5220116.52]}, "properties": {"type": "gap", "gap_m": 4.3, "vineyard_id": "V32", "row_id": "V32-R004", "reachable": true, "id": "T1207", "x": 629775.65, "y": 5220116.52, "order": 894, "visited": true}}, {"type": "Feature", "geometry": {"type": "Point", "coordinates": [629779.68, 5220111.52]}, "properties": {"type": "gap", "gap_m": 3.3, "vineyard_id": "V32", "row_id": "V32-R004", "reachable": true, "id": "T1208", "x": 629779.68, "y": 5220111.52, "order": null, "visited": true}}, {"type": "Feature", "geometry": {"type": "Point", "coordinates": [629785.22, 5220104.66]}, "properties": {"type": "gap", "gap_m": 9.0, "vineyard_id": "V32", "row_id": "V32-R004", "reachable": true, "id": "T1209", "x": 629785.22, "y": 5220104.66, "order": 899, "visited": true}}, {"type": "Feature", "geometry": {"type": "Point", "coordinates": [629818.67, 5220082.4]}, "properties": {"type": "gap", "gap_m": 5.1, "vineyard_id": "V32", "row_id": "V32-R006", "reachable": true, "id": "T1210", "x": 629818.67, "y": 5220082.4, "order": null, "visited": false}}, {"type": "Feature", "geometry": {"type": "Point", "coordinates": [629818.26, 5220075.81]}, "properties": {"type": "gap", "gap_m": 4.3, "vineyard_id": "V32", "row_id": "V32-R006", "reachable": true, "id": "T1211", "x": 629818.26, "y": 5220075.81, "order": null, "visited": false}}, {"type": "Feature", "geometry": {"type": "Point", "coordinates": [629817.34, 5220060.92]}, "properties": {"type": "gap", "gap_m": 17.7, "vineyard_id": "V32", "row_id": "V32-R006", "reachable": true, "id": "T1212", "x": 629817.34, "y": 5220060.92, "order": null, "visited": false}}, {"type": "Feature", "geometry": {"type": "Point", "coordinates": [629772.74, 5220115.29]}, "properties": {"type": "gap", "gap_m": 4.5, "vineyard_id": "V32", "row_id": "V32-R007", "reachable": true, "id": "T1213", "x": 629772.74, "y": 5220115.29, "order": 892, "visited": true}}, {"type": "Feature", "geometry": {"type": "Point", "coordinates": [629775.99, 5220111.17]}, "properties": {"type": "gap", "gap_m": 4.3, "vineyard_id": "V32", "row_id": "V32-R007", "reachable": true, "id": "T1214", "x": 629775.99, "y": 5220111.17, "order": 896, "visited": true}}, {"type": "Feature", "geometry": {"type": "Point", "coordinates": [629778.9, 5220107.49]}, "properties": {"type": "gap", "gap_m": 3.4, "vineyard_id": "V32", "row_id": "V32-R007", "reachable": true, "id": "T1215", "x": 629778.9, "y": 5220107.49, "order": 897, "visited": true}}, {"type": "Feature", "geometry": {"type": "Point", "coordinates": [629782.59, 5220102.81]}, "properties": {"type": "gap", "gap_m": 4.3, "vineyard_id": "V32", "row_id": "V32-R007", "reachable": true, "id": "T1216", "x": 629782.59, "y": 5220102.81, "order": 898, "visited": true}}, {"type": "Feature", "geometry": {"type": "Point", "coordinates": [629840.67, 5220041.38]}, "properties": {"type": "gap", "gap_m": 4.8, "vineyard_id": "V32", "row_id": "V32-R010", "reachable": true, "id": "T1218", "x": 629840.67, "y": 5220041.38, "order": null, "visited": false}}, {"type": "Feature", "geometry": {"type": "Point", "coordinates": [629813.69, 5220077.71]}, "properties": {"type": "gap", "gap_m": 15.3, "vineyard_id": "V32", "row_id": "V32-R011", "reachable": true, "id": "T1219", "x": 629813.69, "y": 5220077.71, "order": null, "visited": false}}, {"type": "Feature", "geometry": {"type": "Point", "coordinates": [629812.75, 5220061.71]}, "properties": {"type": "gap", "gap_m": 9.9, "vineyard_id": "V32", "row_id": "V32-R011", "reachable": true, "id": "T1220", "x": 629812.75, "y": 5220061.71, "order": null, "visited": false}}, {"type": "Feature", "geometry": {"type": "Point", "coordinates": [629806.95, 5220084.89]}, "properties": {"type": "gap", "gap_m": 12.5, "vineyard_id": "V32", "row_id": "V32-R012", "reachable": true, "id": "T1221", "x": 629806.95, "y": 5220084.89, "order": null, "visited": false}}, {"type": "Feature", "geometry": {"type": "Point", "coordinates": [629809.02, 5220065.12]}, "properties": {"type": "gap", "gap_m": 19.7, "vineyard_id": "V32", "row_id": "V32-R012", "reachable": true, "id": "T1222", "x": 629809.02, "y": 5220065.12, "order": null, "visited": false}}, {"type": "Feature", "geometry": {"type": "Point", "coordinates": [629834.06, 5220042.92]}, "properties": {"type": "gap", "gap_m": 3.6, "vineyard_id": "V32", "row_id": "V32-R013", "reachable": true, "id": "T1223", "x": 629834.06, "y": 5220042.92, "order": null, "visited": false}}, {"type": "Feature", "geometry": {"type": "Point", "coordinates": [629773.81, 5220103.62]}, "properties": {"type": "gap", "gap_m": 9.8, "vineyard_id": "V32", "row_id": "V32-R014", "reachable": true, "id": "T1224", "x": 629773.81, "y": 5220103.62, "order": 1421, "visited": true}}, {"type": "Feature", "geometry": {"type": "Point", "coordinates": [629882.55, 5219980.7]}, "properties": {"type": "gap", "gap_m": 4.9, "vineyard_id": "V32", "row_id": "V32-R015", "reachable": true, "id": "T1225", "x": 629882.55, "y": 5219980.7, "order": 915, "visited": true}}, {"type": "Feature", "geometry": {"type": "Point", "coordinates": [629871.4, 5219977.29]}, "properties": {"type": "gap", "gap_m": 9.7, "vineyard_id": "V32", "row_id": "V32-R015", "reachable": true, "id": "T1226", "x": 629871.4, "y": 5219977.29, "order": null, "visited": true}}, {"type": "Feature", "geometry": {"type": "Point", "coordinates": [629803.3, 5220086.95]}, "properties": {"type": "gap", "gap_m": 7.9, "vineyard_id": "V32", "row_id": "V32-R016", "reachable": true, "id": "T1227", "x": 629803.3, "y": 5220086.95, "order": null, "visited": false}}, {"type": "Feature", "geometry": {"type": "Point", "coordinates": [629804.25, 5220078.05]}, "properties": {"type": "gap", "gap_m": 7.1, "vineyard_id": "V32", "row_id": "V32-R016", "reachable": true, "id": "T1228", "x": 629804.25, "y": 5220078.05, "order": 910, "visited": true}}, {"type": "Feature", "geometry": {"type": "Point", "coordinates": [629804.99, 5220071.04]}, "properties": {"type": "gap", "gap_m": 5.2, "vineyard_id": "V32", "row_id": "V32-R016", "reachable": true, "id": "T1229", "x": 629804.99, "y": 5220071.04, "order": 911, "visited": true}}, {"type": "Feature", "geometry": {"type": "Point", "coordinates": [629805.86, 5220062.8]}, "properties": {"type": "gap", "gap_m": 4.7, "vineyard_id": "V32", "row_id": "V32-R016", "reachable": true, "id": "T1230", "x": 629805.86, "y": 5220062.8, "order": 912, "visited": true}}, {"type": "Feature", "geometry": {"type": "Point", "coordinates": [629806.38, 5220057.88]}, "properties": {"type": "gap", "gap_m": 4.1, "vineyard_id": "V32", "row_id": "V32-R016", "reachable": true, "id": "T1231", "x": 629806.38, "y": 5220057.88, "order": 913, "visited": true}}, {"type": "Feature", "geometry": {"type": "Point", "coordinates": [629806.86, 5220053.37]}, "properties": {"type": "gap", "gap_m": 3.1, "vineyard_id": "V32", "row_id": "V32-R016", "reachable": true, "id": "T1232", "x": 629806.86, "y": 5220053.37, "order": null, "visited": true}}, {"type": "Feature", "geometry": {"type": "Point", "coordinates": [629919.75, 5219928.55]}, "properties": {"type": "gap", "gap_m": 4.0, "vineyard_id": "V32", "row_id": "V32-R017", "reachable": true, "id": "T1233", "x": 629919.75, "y": 5219928.55, "order": 965, "visited": true}}, {"type": "Feature", "geometry": {"type": "Point", "coordinates": [629941.44, 5219926.33]}, "properties": {"type": "gap", "gap_m": 19.9, "vineyard_id": "V32", "row_id": "V32-R017", "reachable": true, "id": "T1234", "x": 629941.44, "y": 5219926.33, "order": 963, "visited": true}}, {"type": "Feature", "geometry": {"type": "Point", "coordinates": [629871.55, 5219974.69]}, "properties": {"type": "gap", "gap_m": 12.7, "vineyard_id": "V32", "row_id": "V32-R019", "reachable": true, "id": "T1235", "x": 629871.55, "y": 5219974.69, "order": null, "visited": true}}, {"type": "Feature", "geometry": {"type": "Point", "coordinates": [629762.75, 5220110.83]}, "properties": {"type": "gap", "gap_m": 4.4, "vineyard_id": "V32", "row_id": "V32-R021", "reachable": true, "id": "T1236", "x": 629762.75, "y": 5220110.83, "order": 1422, "visited": true}}, {"type": "Feature", "geometry": {"type": "Point", "coordinates": [629801.19, 5220077.98]}, "properties": {"type": "gap", "gap_m": 12.0, "vineyard_id": "V32", "row_id": "V32-R022", "reachable": true, "id": "T1237", "x": 629801.19, "y": 5220077.98, "order": 909, "visited": true}}, {"type": "Feature", "geometry": {"type": "Point", "coordinates": [629802.71, 5220063.73]}, "properties": {"type": "gap", "gap_m": 12.6, "vineyard_id": "V32", "row_id": "V32-R022", "reachable": true, "id": "T1238", "x": 629802.71, "y": 5220063.73, "order": 905, "visited": true}}, {"type": "Feature", "geometry": {"type": "Point", "coordinates": [629803.78, 5220053.75]}, "properties": {"type": "gap", "gap_m": 4.1, "vineyard_id": "V32", "row_id": "V32-R022", "reachable": true, "id": "T1239", "x": 629803.78, "y": 5220053.75, "order": 914, "visited": true}}, {"type": "Feature", "geometry": {"type": "Point", "coordinates": [629804.48, 5220047.2]}, "properties": {"type": "gap", "gap_m": 4.0, "vineyard_id": "V32", "row_id": "V32-R022", "reachable": true, "id": "T1240", "x": 629804.48, "y": 5220047.2, "order": null, "visited": true}}, {"type": "Feature", "geometry": {"type": "Point", "coordinates": [629797.04, 5220085.89]}, "properties": {"type": "gap", "gap_m": 5.1, "vineyard_id": "V32", "row_id": "V32-R023", "reachable": true, "id": "T1241", "x": 629797.04, "y": 5220085.89, "order": 907, "visited": true}}, {"type": "Feature", "geometry": {"type": "Point", "coordinates": [629797.79, 5220078.72]}, "properties": {"type": "gap", "gap_m": 8.4, "vineyard_id": "V32", "row_id": "V32-R023", "reachable": true, "id": "T1242", "x": 629797.79, "y": 5220078.72, "order": 908, "visited": true}}, {"type": "Feature", "geometry": {"type": "Point", "coordinates": [629799.11, 5220066.14]}, "properties": {"type": "gap", "gap_m": 9.3, "vineyard_id": "V32", "row_id": "V32-R023", "reachable": true, "id": "T1243", "x": 629799.11, "y": 5220066.14, "order": 906, "visited": true}}, {"type": "Feature", "geometry": {"type": "Point", "coordinates": [629799.95, 5220058.05]}, "properties": {"type": "gap", "gap_m": 5.6, "vineyard_id": "V32", "row_id": "V32-R023", "reachable": true, "id": "T1244", "x": 629799.95, "y": 5220058.05, "order": 904, "visited": true}}, {"type": "Feature", "geometry": {"type": "Point", "coordinates": [629926.93, 5219924.15]}, "properties": {"type": "gap", "gap_m": 6.3, "vineyard_id": "V32", "row_id": "V32-R024", "reachable": true, "id": "T1245", "x": 629926.93, "y": 5219924.15, "order": 964, "visited": true}}, {"type": "Feature", "geometry": {"type": "Point", "coordinates": [629933.35, 5219923.5]}, "properties": {"type": "gap", "gap_m": 5.0, "vineyard_id": "V32", "row_id": "V32-R024", "reachable": true, "id": "T1246", "x": 629933.35, "y": 5219923.5, "order": 943, "visited": true}}, {"type": "Feature", "geometry": {"type": "Point", "coordinates": [629938.99, 5219922.92]}, "properties": {"type": "gap", "gap_m": 3.4, "vineyard_id": "V32", "row_id": "V32-R024", "reachable": true, "id": "T1247", "x": 629938.99, "y": 5219922.92, "order": 944, "visited": true}}, {"type": "Feature", "geometry": {"type": "Point", "coordinates": [629947.9, 5219922.01]}, "properties": {"type": "gap", "gap_m": 13.4, "vineyard_id": "V32", "row_id": "V32-R024", "reachable": true, "id": "T1248", "x": 629947.9, "y": 5219922.01, "order": 945, "visited": true}}, {"type": "Feature", "geometry": {"type": "Point", "coordinates": [629843.23, 5220023.83]}, "properties": {"type": "gap", "gap_m": 7.9, "vineyard_id": "V32", "row_id": "V32-R025", "reachable": true, "id": "T1249", "x": 629843.23, "y": 5220023.83, "order": null, "visited": false}}, {"type": "Feature", "geometry": {"type": "Point", "coordinates": [629885.39, 5219973.87]}, "properties": {"type": "gap", "gap_m": 7.7, "vineyard_id": "V32", "row_id": "V32-R026", "reachable": true, "id": "T1250", "x": 629885.39, "y": 5219973.87, "order": 918, "visited": true}}, {"type": "Feature", "geometry": {"type": "Point", "coordinates": [629874.63, 5219970.57]}, "properties": {"type": "gap", "gap_m": 12.3, "vineyard_id": "V32", "row_id": "V32-R026", "reachable": true, "id": "T1251", "x": 629874.63, "y": 5219970.57, "order": 916, "visited": true}}, {"type": "Feature", "geometry": {"type": "Point", "coordinates": [629793.49, 5220090.25]}, "properties": {"type": "gap", "gap_m": 4.6, "vineyard_id": "V32", "row_id": "V32-R027", "reachable": true, "id": "T1252", "x": 629793.49, "y": 5220090.25, "order": null, "visited": true}}, {"type": "Feature", "geometry": {"type": "Point", "coordinates": [629794.07, 5220084.79]}, "properties": {"type": "gap", "gap_m": 4.6, "vineyard_id": "V32", "row_id": "V32-R027", "reachable": true, "id": "T1253", "x": 629794.07, "y": 5220084.79, "order": 902, "visited": true}}, {"type": "Feature", "geometry": {"type": "Point", "coordinates": [629795.6, 5220070.17]}, "properties": {"type": "gap", "gap_m": 15.7, "vineyard_id": "V32", "row_id": "V32-R027", "reachable": true, "id": "T1254", "x": 629795.6, "y": 5220070.17, "order": 903, "visited": true}}, {"type": "Feature", "geometry": {"type": "Point", "coordinates": [629924.2, 5219920.94]}, "properties": {"type": "gap", "gap_m": 5.5, "vineyard_id": "V32", "row_id": "V32-R028", "reachable": true, "id": "T1255", "x": 629924.2, "y": 5219920.94, "order": 966, "visited": true}}, {"type": "Feature", "geometry": {"type": "Point", "coordinates": [629930.17, 5219920.34]}, "properties": {"type": "gap", "gap_m": 5.3, "vineyard_id": "V32", "row_id": "V32-R028", "reachable": true, "id": "T1256", "x": 629930.17, "y": 5219920.34, "order": 959, "visited": true}}, {"type": "Feature", "geometry": {"type": "Point", "coordinates": [629942.4, 5219919.11]}, "properties": {"type": "gap", "gap_m": 4.2, "vineyard_id": "V32", "row_id": "V32-R028", "reachable": true, "id": "T1257", "x": 629942.4, "y": 5219919.11, "order": 958, "visited": true}}, {"type": "Feature", "geometry": {"type": "Point", "coordinates": [629951.44, 5219918.19]}, "properties": {"type": "gap", "gap_m": 12.2, "vineyard_id": "V32", "row_id": "V32-R028", "reachable": true, "id": "T1258", "x": 629951.44, "y": 5219918.19, "order": 946, "visited": true}}, {"type": "Feature", "geometry": {"type": "Point", "coordinates": [629838.24, 5220026.66]}, "properties": {"type": "gap", "gap_m": 4.8, "vineyard_id": "V32", "row_id": "V32-R029", "reachable": true, "id": "T1259", "x": 629838.24, "y": 5220026.66, "order": null, "visited": false}}, {"type": "Feature", "geometry": {"type": "Point", "coordinates": [629847.43, 5220014.56]}, "properties": {"type": "gap", "gap_m": 12.2, "vineyard_id": "V32", "row_id": "V32-R029", "reachable": true, "id": "T1260", "x": 629847.43, "y": 5220014.56, "order": 884, "visited": true}}, {"type": "Feature", "geometry": {"type": "Point", "coordinates": [629854.51, 5220005.25]}, "properties": {"type": "gap", "gap_m": 8.3, "vineyard_id": "V32", "row_id": "V32-R029", "reachable": true, "id": "T1261", "x": 629854.51, "y": 5220005.25, "order": 882, "visited": true}}, {"type": "Feature", "geometry": {"type": "Point", "coordinates": [629876.6, 5219968.53]}, "properties": {"type": "gap", "gap_m": 11.5, "vineyard_id": "V32", "row_id": "V32-R030", "reachable": true, "id": "T1262", "x": 629876.6, "y": 5219968.53, "order": 917, "visited": true}}, {"type": "Feature", "geometry": {"type": "Point", "coordinates": [629790.92, 5220089.12]}, "properties": {"type": "gap", "gap_m": 3.0, "vineyard_id": "V32", "row_id": "V32-R032", "reachable": true, "id": "T1263", "x": 629790.92, "y": 5220089.12, "order": null, "visited": true}}, {"type": "Feature", "geometry": {"type": "Point", "coordinates": [629792.63, 5220072.84]}, "properties": {"type": "gap", "gap_m": 12.9, "vineyard_id": "V32", "row_id": "V32-R032", "reachable": true, "id": "T1264", "x": 629792.63, "y": 5220072.84, "order": 889, "visited": true}}, {"type": "Feature", "geometry": {"type": "Point", "coordinates": [629930.72, 5219916.71]}, "properties": {"type": "gap", "gap_m": 8.0, "vineyard_id": "V32", "row_id": "V32-R034", "reachable": true, "id": "T1265", "x": 629930.72, "y": 5219916.71, "order": 960, "visited": true}}, {"type": "Feature", "geometry": {"type": "Point", "coordinates": [629939.19, 5219915.83]}, "properties": {"type": "gap", "gap_m": 4.5, "vineyard_id": "V32", "row_id": "V32-R034", "reachable": true, "id": "T1266", "x": 629939.19, "y": 5219915.83, "order": 956, "visited": true}}, {"type": "Feature", "geometry": {"type": "Point", "coordinates": [629944.7, 5219915.25]}, "properties": {"type": "gap", "gap_m": 3.9, "vineyard_id": "V32", "row_id": "V32-R034", "reachable": true, "id": "T1267", "x": 629944.7, "y": 5219915.25, "order": 957, "visited": true}}, {"type": "Feature", "geometry": {"type": "Point", "coordinates": [629952.56, 5219914.42]}, "properties": {"type": "gap", "gap_m": 9.8, "vineyard_id": "V32", "row_id": "V32-R034", "reachable": true, "id": "T1268", "x": 629952.56, "y": 5219914.42, "order": 947, "visited": true}}, {"type": "Feature", "geometry": {"type": "Point", "coordinates": [629844.88, 5220013.55]}, "properties": {"type": "gap", "gap_m": 3.7, "vineyard_id": "V32", "row_id": "V32-R035", "reachable": true, "id": "T1269", "x": 629844.88, "y": 5220013.55, "order": null, "visited": true}}, {"type": "Feature", "geometry": {"type": "Point", "coordinates": [629848.46, 5220008.83]}, "properties": {"type": "gap", "gap_m": 5.9, "vineyard_id": "V32", "row_id": "V32-R035", "reachable": true, "id": "T1270", "x": 629848.46, "y": 5220008.83, "order": 883, "visited": true}}, {"type": "Feature", "geometry": {"type": "Point", "coordinates": [629789.06, 5220080.5]}, "properties": {"type": "gap", "gap_m": 5.8, "vineyard_id": "V32", "row_id": "V32-R039", "reachable": true, "id": "T1271", "x": 629789.06, "y": 5220080.5, "order": null, "visited": false}}, {"type": "Feature", "geometry": {"type": "Point", "coordinates": [629789.78, 5220073.72]}, "properties": {"type": "gap", "gap_m": 5.0, "vineyard_id": "V32", "row_id": "V32-R039", "reachable": true, "id": "T1272", "x": 629789.78, "y": 5220073.72, "order": 890, "visited": true}}, {"type": "Feature", "geometry": {"type": "Point", "coordinates": [629791.16, 5220060.7]}, "properties": {"type": "gap", "gap_m": 3.4, "vineyard_id": "V32", "row_id": "V32-R039", "reachable": true, "id": "T1273", "x": 629791.16, "y": 5220060.7, "order": null, "visited": false}}, {"type": "Feature", "geometry": {"type": "Point", "coordinates": [629882.57, 5219964.95]}, "properties": {"type": "gap", "gap_m": 12.3, "vineyard_id": "V32", "row_id": "V32-R040", "reachable": true, "id": "T1274", "x": 629882.57, "y": 5219964.95, "order": 919, "visited": true}}, {"type": "Feature", "geometry": {"type": "Point", "coordinates": [629927.74, 5219913.28]}, "properties": {"type": "gap", "gap_m": 6.6, "vineyard_id": "V32", "row_id": "V32-R041", "reachable": true, "id": "T1275", "x": 629927.74, "y": 5219913.28, "order": 954, "visited": true}}, {"type": "Feature", "geometry": {"type": "Point", "coordinates": [629935.17, 5219912.52]}, "properties": {"type": "gap", "gap_m": 4.1, "vineyard_id": "V32", "row_id": "V32-R041", "reachable": true, "id": "T1276", "x": 629935.17, "y": 5219912.52, "order": 955, "visited": true}}, {"type": "Feature", "geometry": {"type": "Point", "coordinates": [629953.94, 5219910.6]}, "properties": {"type": "gap", "gap_m": 7.4, "vineyard_id": "V32", "row_id": "V32-R041", "reachable": true, "id": "T1277", "x": 629953.94, "y": 5219910.6, "order": 948, "visited": true}}, {"type": "Feature", "geometry": {"type": "Point", "coordinates": [629907.45, 5219944.12]}, "properties": {"type": "gap", "gap_m": 4.9, "vineyard_id": "V32", "row_id": "V32-R042", "reachable": true, "id": "T1278", "x": 629907.45, "y": 5219944.12, "order": null, "visited": false}}, {"type": "Feature", "geometry": {"type": "Point", "coordinates": [629884.13, 5219962.53]}, "properties": {"type": "gap", "gap_m": 11.9, "vineyard_id": "V32", "row_id": "V32-R044", "reachable": true, "id": "T1279", "x": 629884.13, "y": 5219962.53, "order": 920, "visited": true}}, {"type": "Feature", "geometry": {"type": "Point", "coordinates": [629785.38, 5220085.13]}, "properties": {"type": "gap", "gap_m": 6.7, "vineyard_id": "V32", "row_id": "V32-R045", "reachable": true, "id": "T1280", "x": 629785.38, "y": 5220085.13, "order": 885, "visited": true}}, {"type": "Feature", "geometry": {"type": "Point", "coordinates": [629786.03, 5220078.78]}, "properties": {"type": "gap", "gap_m": 4.6, "vineyard_id": "V32", "row_id": "V32-R045", "reachable": true, "id": "T1281", "x": 629786.03, "y": 5220078.78, "order": 887, "visited": true}}, {"type": "Feature", "geometry": {"type": "Point", "coordinates": [629786.84, 5220070.93]}, "properties": {"type": "gap", "gap_m": 5.2, "vineyard_id": "V32", "row_id": "V32-R045", "reachable": true, "id": "T1282", "x": 629786.84, "y": 5220070.93, "order": 888, "visited": true}}, {"type": "Feature", "geometry": {"type": "Point", "coordinates": [629787.45, 5220065.0]}, "properties": {"type": "gap", "gap_m": 3.5, "vineyard_id": "V32", "row_id": "V32-R045", "reachable": true, "id": "T1283", "x": 629787.45, "y": 5220065.0, "order": null, "visited": true}}, {"type": "Feature", "geometry": {"type": "Point", "coordinates": [629894.05, 5219964.13]}, "properties": {"type": "gap", "gap_m": 3.2, "vineyard_id": "V32", "row_id": "V32-R046", "reachable": true, "id": "T1284", "x": 629894.05, "y": 5219964.13, "order": 922, "visited": true}}, {"type": "Feature", "geometry": {"type": "Point", "coordinates": [629882.05, 5219960.44]}, "properties": {"type": "gap", "gap_m": 11.9, "vineyard_id": "V32", "row_id": "V32-R046", "reachable": true, "id": "T1285", "x": 629882.05, "y": 5219960.44, "order": 923, "visited": true}}, {"type": "Feature", "geometry": {"type": "Point", "coordinates": [629781.85, 5220090.62]}, "properties": {"type": "gap", "gap_m": 7.8, "vineyard_id": "V32", "row_id": "V32-R047", "reachable": true, "id": "T1286", "x": 629781.85, "y": 5220090.62, "order": null, "visited": false}}, {"type": "Feature", "geometry": {"type": "Point", "coordinates": [629782.63, 5220083.1]}, "properties": {"type": "gap", "gap_m": 4.9, "vineyard_id": "V32", "row_id": "V32-R047", "reachable": true, "id": "T1287", "x": 629782.63, "y": 5220083.1, "order": 886, "visited": true}}, {"type": "Feature", "geometry": {"type": "Point", "coordinates": [629784.02, 5220069.59]}, "properties": {"type": "gap", "gap_m": 3.8, "vineyard_id": "V32", "row_id": "V32-R047", "reachable": true, "id": "T1288", "x": 629784.02, "y": 5220069.59, "order": null, "visited": false}}, {"type": "Feature", "geometry": {"type": "Point", "coordinates": [629926.25, 5219908.42]}, "properties": {"type": "gap", "gap_m": 4.5, "vineyard_id": "V32", "row_id": "V32-R048", "reachable": true, "id": "T1289", "x": 629926.25, "y": 5219908.42, "order": 953, "visited": true}}, {"type": "Feature", "geometry": {"type": "Point", "coordinates": [629936.86, 5219907.35]}, "properties": {"type": "gap", "gap_m": 7.7, "vineyard_id": "V32", "row_id": "V32-R048", "reachable": true, "id": "T1290", "x": 629936.86, "y": 5219907.35, "order": 952, "visited": true}}, {"type": "Feature", "geometry": {"type": "Point", "coordinates": [629955.05, 5219905.52]}, "properties": {"type": "gap", "gap_m": 12.1, "vineyard_id": "V32", "row_id": "V32-R048", "reachable": true, "id": "T1291", "x": 629955.05, "y": 5219905.52, "order": 949, "visited": true}}, {"type": "Feature", "geometry": {"type": "Point", "coordinates": [629816.97, 5220040.3]}, "properties": {"type": "gap", "gap_m": 4.9, "vineyard_id": "V32", "row_id": "V32-R049", "reachable": true, "id": "T1292", "x": 629816.97, "y": 5220040.3, "order": 1238, "visited": true}}, {"type": "Feature", "geometry": {"type": "Point", "coordinates": [629843.07, 5220005.77]}, "properties": {"type": "gap", "gap_m": 4.9, "vineyard_id": "V32", "row_id": "V32-R049", "reachable": true, "id": "T1293", "x": 629843.07, "y": 5220005.77, "order": null, "visited": false}}, {"type": "Feature", "geometry": {"type": "Point", "coordinates": [629850.34, 5219996.15]}, "properties": {"type": "gap", "gap_m": 17.8, "vineyard_id": "V32", "row_id": "V32-R049", "reachable": true, "id": "T1294", "x": 629850.34, "y": 5219996.15, "order": null, "visited": false}}, {"type": "Feature", "geometry": {"type": "Point", "coordinates": [629858.84, 5219985.24]}, "properties": {"type": "gap", "gap_m": 8.5, "vineyard_id": "V32", "row_id": "V32-R049", "reachable": true, "id": "T1295", "x": 629858.84, "y": 5219985.24, "order": null, "visited": false}}, {"type": "Feature", "geometry": {"type": "Point", "coordinates": [629885.15, 5219956.13]}, "properties": {"type": "gap", "gap_m": 11.6, "vineyard_id": "V32", "row_id": "V32-R052", "reachable": true, "id": "T1296", "x": 629885.15, "y": 5219956.13, "order": 925, "visited": true}}, {"type": "Feature", "geometry": {"type": "Point", "coordinates": [629897.17, 5219961.92]}, "properties": {"type": "gap", "gap_m": 3.0, "vineyard_id": "V32", "row_id": "V32-R053", "reachable": true, "id": "T1297", "x": 629897.17, "y": 5219961.92, "order": 921, "visited": true}}, {"type": "Feature", "geometry": {"type": "Point", "coordinates": [629884.13, 5219957.92]}, "properties": {"type": "gap", "gap_m": 12.2, "vineyard_id": "V32", "row_id": "V32-R053", "reachable": true, "id": "T1298", "x": 629884.13, "y": 5219957.92, "order": 924, "visited": true}}, {"type": "Feature", "geometry": {"type": "Point", "coordinates": [629814.06, 5220039.46]}, "properties": {"type": "gap", "gap_m": 8.5, "vineyard_id": "V32", "row_id": "V32-R054", "reachable": true, "id": "T1299", "x": 629814.06, "y": 5220039.46, "order": 1239, "visited": true}}, {"type": "Feature", "geometry": {"type": "Point", "coordinates": [629904.88, 5219951.64]}, "properties": {"type": "gap", "gap_m": 4.4, "vineyard_id": "V32", "row_id": "V32-R056", "reachable": true, "id": "T1300", "x": 629904.88, "y": 5219951.64, "order": null, "visited": false}}, {"type": "Feature", "geometry": {"type": "Point", "coordinates": [629898.19, 5219949.59]}, "properties": {"type": "gap", "gap_m": 5.9, "vineyard_id": "V32", "row_id": "V32-R056", "reachable": true, "id": "T1301", "x": 629898.19, "y": 5219949.59, "order": null, "visited": false}}, {"type": "Feature", "geometry": {"type": "Point", "coordinates": [629775.71, 5220085.56]}, "properties": {"type": "gap", "gap_m": 4.1, "vineyard_id": "V32", "row_id": "V32-R057", "reachable": true, "id": "T1302", "x": 629775.71, "y": 5220085.56, "order": 1418, "visited": true}}, {"type": "Feature", "geometry": {"type": "Point", "coordinates": [629776.28, 5220080.19]}, "properties": {"type": "gap", "gap_m": 3.4, "vineyard_id": "V32", "row_id": "V32-R057", "reachable": true, "id": "T1303", "x": 629776.28, "y": 5220080.19, "order": 1417, "visited": true}}, {"type": "Feature", "geometry": {"type": "Point", "coordinates": [629899.23, 5219957.46]}, "properties": {"type": "gap", "gap_m": 5.5, "vineyard_id": "V32", "row_id": "V32-R058", "reachable": true, "id": "T1304", "x": 629899.23, "y": 5219957.46, "order": 927, "visited": true}}, {"type": "Feature", "geometry": {"type": "Point", "coordinates": [629887.47, 5219953.87]}, "properties": {"type": "gap", "gap_m": 11.0, "vineyard_id": "V32", "row_id": "V32-R058", "reachable": true, "id": "T1305", "x": 629887.47, "y": 5219953.87, "order": 926, "visited": true}}, {"type": "Feature", "geometry": {"type": "Point", "coordinates": [629938.88, 5219903.0]}, "properties": {"type": "gap", "gap_m": 3.5, "vineyard_id": "V32", "row_id": "V32-R059", "reachable": true, "id": "T1306", "x": 629938.88, "y": 5219903.0, "order": 951, "visited": true}}, {"type": "Feature", "geometry": {"type": "Point", "coordinates": [629948.03, 5219902.08]}, "properties": {"type": "gap", "gap_m": 3.8, "vineyard_id": "V32", "row_id": "V32-R059", "reachable": true, "id": "T1307", "x": 629948.03, "y": 5219902.08, "order": 950, "visited": true}}, {"type": "Feature", "geometry": {"type": "Point", "coordinates": [629772.49, 5220089.89]}, "properties": {"type": "gap", "gap_m": 3.1, "vineyard_id": "V32", "row_id": "V32-R061", "reachable": true, "id": "T1308", "x": 629772.49, "y": 5220089.89, "order": 1420, "visited": true}}, {"type": "Feature", "geometry": {"type": "Point", "coordinates": [629773.16, 5220083.53]}, "properties": {"type": "gap", "gap_m": 3.6, "vineyard_id": "V32", "row_id": "V32-R061", "reachable": true, "id": "T1309", "x": 629773.16, "y": 5220083.53, "order": 1419, "visited": true}}, {"type": "Feature", "geometry": {"type": "Point", "coordinates": [629756.5, 5220089.12]}, "properties": {"type": "gap", "gap_m": 3.6, "vineyard_id": "V32", "row_id": "V32-R062", "reachable": true, "id": "T1310", "x": 629756.5, "y": 5220089.12, "order": null, "visited": false}}, {"type": "Feature", "geometry": {"type": "Point", "coordinates": [629901.16, 5219953.86]}, "properties": {"type": "gap", "gap_m": 3.8, "vineyard_id": "V32", "row_id": "V32-R063", "reachable": true, "id": "T1311", "x": 629901.16, "y": 5219953.86, "order": null, "visited": false}}, {"type": "Feature", "geometry": {"type": "Point", "coordinates": [629815.1, 5220032.41]}, "properties": {"type": "gap", "gap_m": 5.1, "vineyard_id": "V32", "row_id": "V32-R064", "reachable": true, "id": "T1312", "x": 629815.1, "y": 5220032.41, "order": 1237, "visited": true}}, {"type": "Feature", "geometry": {"type": "Point", "coordinates": [629768.43, 5220089.89]}, "properties": {"type": "gap", "gap_m": 3.5, "vineyard_id": "V32", "row_id": "V32-R067", "reachable": true, "id": "T1315", "x": 629768.43, "y": 5220089.89, "order": null, "visited": false}}, {"type": "Feature", "geometry": {"type": "Point", "coordinates": [629765.39, 5220090.17]}, "properties": {"type": "gap", "gap_m": 3.9, "vineyard_id": "V32", "row_id": "V32-R070", "reachable": true, "id": "T1316", "x": 629765.39, "y": 5220090.17, "order": null, "visited": false}}, {"type": "Feature", "geometry": {"type": "Point", "coordinates": [630014.98, 5219820.32]}, "properties": {"type": "gap", "gap_m": 5.9, "vineyard_id": "V32", "row_id": "V32-R072", "reachable": true, "id": "T1317", "x": 630014.98, "y": 5219820.32, "order": null, "visited": false}}, {"type": "Feature", "geometry": {"type": "Point", "coordinates": [629904.77, 5219940.26]}, "properties": {"type": "gap", "gap_m": 3.3, "vineyard_id": "V32", "row_id": "V32-R073", "reachable": true, "id": "T1319", "x": 629904.77, "y": 5219940.26, "order": 930, "visited": true}}, {"type": "Feature", "geometry": {"type": "Point", "coordinates": [629883.19, 5219937.28]}, "properties": {"type": "gap", "gap_m": 7.3, "vineyard_id": "V32", "row_id": "V32-R073", "reachable": true, "id": "T1320", "x": 629883.19, "y": 5219937.28, "order": 929, "visited": true}}, {"type": "Feature", "geometry": {"type": "Point", "coordinates": [630002.81, 5219820.42]}, "properties": {"type": "gap", "gap_m": 8.7, "vineyard_id": "V32", "row_id": "V32-R076", "reachable": true, "id": "T1322", "x": 630002.81, "y": 5219820.42, "order": 1088, "visited": true}}, {"type": "Feature", "geometry": {"type": "Point", "coordinates": [629873.04, 5219931.91]}, "properties": {"type": "gap", "gap_m": 5.4, "vineyard_id": "V32", "row_id": "V32-R077", "reachable": true, "id": "T1323", "x": 629873.04, "y": 5219931.91, "order": 928, "visited": true}}, {"type": "Feature", "geometry": {"type": "Point", "coordinates": [629906.36, 5219933.92]}, "properties": {"type": "gap", "gap_m": 3.7, "vineyard_id": "V32", "row_id": "V32-R078", "reachable": true, "id": "T1324", "x": 629906.36, "y": 5219933.92, "order": null, "visited": false}}, {"type": "Feature", "geometry": {"type": "Point", "coordinates": [629900.53, 5219933.12]}, "properties": {"type": "gap", "gap_m": 4.0, "vineyard_id": "V32", "row_id": "V32-R078", "reachable": true, "id": "T1325", "x": 629900.53, "y": 5219933.12, "order": null, "visited": false}}, {"type": "Feature", "geometry": {"type": "Point", "coordinates": [629908.85, 5219929.54]}, "properties": {"type": "gap", "gap_m": 3.5, "vineyard_id": "V32", "row_id": "V32-R084", "reachable": true, "id": "T1329", "x": 629908.85, "y": 5219929.54, "order": null, "visited": false}}, {"type": "Feature", "geometry": {"type": "Point", "coordinates": [629996.14, 5219831.74]}, "properties": {"type": "gap", "gap_m": 6.1, "vineyard_id": "V32", "row_id": "V32-R087", "reachable": true, "id": "T1330", "x": 629996.14, "y": 5219831.74, "order": 1090, "visited": true}}, {"type": "Feature", "geometry": {"type": "Point", "coordinates": [629994.72, 5219820.07]}, "properties": {"type": "gap", "gap_m": 4.4, "vineyard_id": "V32", "row_id": "V32-R087", "reachable": true, "id": "T1331", "x": 629994.72, "y": 5219820.07, "order": null, "visited": false}}, {"type": "Feature", "geometry": {"type": "Point", "coordinates": [629992.31, 5219800.14]}, "properties": {"type": "gap", "gap_m": 4.8, "vineyard_id": "V32", "row_id": "V32-R087", "reachable": true, "id": "T1332", "x": 629992.31, "y": 5219800.14, "order": 1091, "visited": true}}, {"type": "Feature", "geometry": {"type": "Point", "coordinates": [629999.07, 5219825.51]}, "properties": {"type": "gap", "gap_m": 9.0, "vineyard_id": "V32", "row_id": "V32-R088", "reachable": true, "id": "T1333", "x": 629999.07, "y": 5219825.51, "order": 1089, "visited": true}}, {"type": "Feature", "geometry": {"type": "Point", "coordinates": [629995.36, 5219796.09]}, "properties": {"type": "gap", "gap_m": 3.5, "vineyard_id": "V32", "row_id": "V32-R088", "reachable": true, "id": "T1334", "x": 629995.36, "y": 5219796.09, "order": 1092, "visited": true}}, {"type": "Feature", "geometry": {"type": "Point", "coordinates": [629909.54, 5219926.33]}, "properties": {"type": "gap", "gap_m": 3.1, "vineyard_id": "V32", "row_id": "V32-R091", "reachable": true, "id": "T1336", "x": 629909.54, "y": 5219926.33, "order": null, "visited": false}}, {"type": "Feature", "geometry": {"type": "Point", "coordinates": [629878.48, 5219922.05]}, "properties": {"type": "gap", "gap_m": 9.0, "vineyard_id": "V32", "row_id": "V32-R091", "reachable": true, "id": "T1337", "x": 629878.48, "y": 5219922.05, "order": 1228, "visited": true}}, {"type": "Feature", "geometry": {"type": "Point", "coordinates": [629989.88, 5219804.21]}, "properties": {"type": "gap", "gap_m": 4.2, "vineyard_id": "V32", "row_id": "V32-R092", "reachable": true, "id": "T1338", "x": 629989.88, "y": 5219804.21, "order": 1094, "visited": true}}, {"type": "Feature", "geometry": {"type": "Point", "coordinates": [629988.13, 5219805.44]}, "properties": {"type": "gap", "gap_m": 6.0, "vineyard_id": "V32", "row_id": "V32-R094", "reachable": true, "id": "T1339", "x": 629988.13, "y": 5219805.44, "order": 1094, "visited": true}}, {"type": "Feature", "geometry": {"type": "Point", "coordinates": [629987.32, 5219798.91]}, "properties": {"type": "gap", "gap_m": 3.4, "vineyard_id": "V32", "row_id": "V32-R094", "reachable": true, "id": "T1340", "x": 629987.32, "y": 5219798.91, "order": 1095, "visited": true}}, {"type": "Feature", "geometry": {"type": "Point", "coordinates": [629899.49, 5219922.23]}, "properties": {"type": "gap", "gap_m": 3.2, "vineyard_id": "V32", "row_id": "V32-R095", "reachable": true, "id": "T1341", "x": 629899.49, "y": 5219922.23, "order": 1226, "visited": true}}, {"type": "Feature", "geometry": {"type": "Point", "coordinates": [629880.9, 5219919.65]}, "properties": {"type": "gap", "gap_m": 3.1, "vineyard_id": "V32", "row_id": "V32-R095", "reachable": true, "id": "T1342", "x": 629880.9, "y": 5219919.65, "order": 1227, "visited": true}}, {"type": "Feature", "geometry": {"type": "Point", "coordinates": [629874.09, 5219918.71]}, "properties": {"type": "gap", "gap_m": 9.5, "vineyard_id": "V32", "row_id": "V32-R095", "reachable": true, "id": "T1343", "x": 629874.09, "y": 5219918.71, "order": 1229, "visited": true}}, {"type": "Feature", "geometry": {"type": "Point", "coordinates": [629919.56, 5219865.55]}, "properties": {"type": "gap", "gap_m": 3.1, "vineyard_id": "V32", "row_id": "V32-R097", "reachable": true, "id": "T1344", "x": 629919.56, "y": 5219865.55, "order": 1135, "visited": true}}, {"type": "Feature", "geometry": {"type": "Point", "coordinates": [629924.8, 5219865.66]}, "properties": {"type": "gap", "gap_m": 6.3, "vineyard_id": "V32", "row_id": "V32-R097", "reachable": true, "id": "T1345", "x": 629924.8, "y": 5219865.66, "order": 1136, "visited": true}}, {"type": "Feature", "geometry": {"type": "Point", "coordinates": [629948.23, 5219866.17]}, "properties": {"type": "gap", "gap_m": 3.1, "vineyard_id": "V32", "row_id": "V32-R097", "reachable": true, "id": "T1346", "x": 629948.23, "y": 5219866.17, "order": 1138, "visited": true}}, {"type": "Feature", "geometry": {"type": "Point", "coordinates": [629958.65, 5219866.39]}, "properties": {"type": "gap", "gap_m": 6.8, "vineyard_id": "V32", "row_id": "V32-R097", "reachable": true, "id": "T1347", "x": 629958.65, "y": 5219866.39, "order": 1140, "visited": true}}, {"type": "Feature", "geometry": {"type": "Point", "coordinates": [629879.13, 5219916.92]}, "properties": {"type": "gap", "gap_m": 9.7, "vineyard_id": "V32", "row_id": "V32-R098", "reachable": true, "id": "T1348", "x": 629879.13, "y": 5219916.92, "order": 1225, "visited": true}}, {"type": "Feature", "geometry": {"type": "Point", "coordinates": [629795.56, 5220020.27]}, "properties": {"type": "gap", "gap_m": 5.8, "vineyard_id": "V32", "row_id": "V32-R099", "reachable": true, "id": "T1349", "x": 629795.56, "y": 5220020.27, "order": 1240, "visited": true}}, {"type": "Feature", "geometry": {"type": "Point", "coordinates": [629790.63, 5220013.72]}, "properties": {"type": "gap", "gap_m": 3.0, "vineyard_id": "V32", "row_id": "V32-R099", "reachable": true, "id": "T1350", "x": 629790.63, "y": 5220013.72, "order": null, "visited": true}}, {"type": "Feature", "geometry": {"type": "Point", "coordinates": [629781.26, 5220001.27]}, "properties": {"type": "gap", "gap_m": 13.3, "vineyard_id": "V32", "row_id": "V32-R099", "reachable": true, "id": "T1351", "x": 629781.26, "y": 5220001.27, "order": 1397, "visited": true}}, {"type": "Feature", "geometry": {"type": "Point", "coordinates": [629984.31, 5219797.39]}, "properties": {"type": "gap", "gap_m": 5.2, "vineyard_id": "V32", "row_id": "V32-R100", "reachable": true, "id": "T1352", "x": 629984.31, "y": 5219797.39, "order": 1096, "visited": true}}, {"type": "Feature", "geometry": {"type": "Point", "coordinates": [629804.41, 5220022.8]}, "properties": {"type": "gap", "gap_m": 5.8, "vineyard_id": "V32", "row_id": "V32-R102", "reachable": true, "id": "T1353", "x": 629804.41, "y": 5220022.8, "order": 1236, "visited": true}}, {"type": "Feature", "geometry": {"type": "Point", "coordinates": [629794.43, 5220009.51]}, "properties": {"type": "gap", "gap_m": 7.5, "vineyard_id": "V32", "row_id": "V32-R102", "reachable": true, "id": "T1354", "x": 629794.43, "y": 5220009.51, "order": 1399, "visited": true}}, {"type": "Feature", "geometry": {"type": "Point", "coordinates": [629790.65, 5220004.48]}, "properties": {"type": "gap", "gap_m": 3.8, "vineyard_id": "V32", "row_id": "V32-R102", "reachable": true, "id": "T1355", "x": 629790.65, "y": 5220004.48, "order": 1398, "visited": true}}, {"type": "Feature", "geometry": {"type": "Point", "coordinates": [629791.12, 5220020.22]}, "properties": {"type": "gap", "gap_m": 3.8, "vineyard_id": "V32", "row_id": "V32-R103", "reachable": true, "id": "T1356", "x": 629791.12, "y": 5220020.22, "order": 1241, "visited": true}}, {"type": "Feature", "geometry": {"type": "Point", "coordinates": [629787.79, 5220015.81]}, "properties": {"type": "gap", "gap_m": 4.3, "vineyard_id": "V32", "row_id": "V32-R103", "reachable": true, "id": "T1357", "x": 629787.79, "y": 5220015.81, "order": null, "visited": true}}, {"type": "Feature", "geometry": {"type": "Point", "coordinates": [629779.32, 5220004.6]}, "properties": {"type": "gap", "gap_m": 13.6, "vineyard_id": "V32", "row_id": "V32-R103", "reachable": true, "id": "T1358", "x": 629779.32, "y": 5220004.6, "order": 1396, "visited": true}}, {"type": "Feature", "geometry": {"type": "Point", "coordinates": [629925.07, 5219862.77]}, "properties": {"type": "gap", "gap_m": 10.0, "vineyard_id": "V32", "row_id": "V32-R104", "reachable": true, "id": "T1359", "x": 629925.07, "y": 5219862.77, "order": 1137, "visited": true}}, {"type": "Feature", "geometry": {"type": "Point", "coordinates": [629943.22, 5219863.08]}, "properties": {"type": "gap", "gap_m": 4.5, "vineyard_id": "V32", "row_id": "V32-R104", "reachable": true, "id": "T1360", "x": 629943.22, "y": 5219863.08, "order": 1142, "visited": true}}, {"type": "Feature", "geometry": {"type": "Point", "coordinates": [629949.73, 5219863.2]}, "properties": {"type": "gap", "gap_m": 4.4, "vineyard_id": "V32", "row_id": "V32-R104", "reachable": true, "id": "T1361", "x": 629949.73, "y": 5219863.2, "order": 1139, "visited": true}}, {"type": "Feature", "geometry": {"type": "Point", "coordinates": [629957.11, 5219863.32]}, "properties": {"type": "gap", "gap_m": 5.6, "vineyard_id": "V32", "row_id": "V32-R104", "reachable": true, "id": "T1362", "x": 629957.11, "y": 5219863.32, "order": 1141, "visited": true}}, {"type": "Feature", "geometry": {"type": "Point", "coordinates": [629809.71, 5220024.52]}, "properties": {"type": "gap", "gap_m": 3.8, "vineyard_id": "V32", "row_id": "V32-R106", "reachable": true, "id": "T1363", "x": 629809.71, "y": 5220024.52, "order": null, "visited": false}}, {"type": "Feature", "geometry": {"type": "Point", "coordinates": [629797.71, 5220008.51]}, "properties": {"type": "gap", "gap_m": 9.1, "vineyard_id": "V32", "row_id": "V32-R106", "reachable": true, "id": "T1364", "x": 629797.71, "y": 5220008.51, "order": 1400, "visited": true}}, {"type": "Feature", "geometry": {"type": "Point", "coordinates": [629800.39, 5220007.92]}, "properties": {"type": "gap", "gap_m": 5.4, "vineyard_id": "V32", "row_id": "V32-R107", "reachable": true, "id": "T1365", "x": 629800.39, "y": 5220007.92, "order": 1403, "visited": true}}, {"type": "Feature", "geometry": {"type": "Point", "coordinates": [629799.92, 5220003.26]}, "properties": {"type": "gap", "gap_m": 5.9, "vineyard_id": "V32", "row_id": "V32-R109", "reachable": true, "id": "T1366", "x": 629799.92, "y": 5220003.26, "order": 1402, "visited": true}}, {"type": "Feature", "geometry": {"type": "Point", "coordinates": [629795.75, 5219997.67]}, "properties": {"type": "gap", "gap_m": 3.8, "vineyard_id": "V32", "row_id": "V32-R109", "reachable": true, "id": "T1367", "x": 629795.75, "y": 5219997.67, "order": 1401, "visited": true}}, {"type": "Feature", "geometry": {"type": "Point", "coordinates": [629803.67, 5220003.3]}, "properties": {"type": "gap", "gap_m": 5.4, "vineyard_id": "V32", "row_id": "V32-R110", "reachable": true, "id": "T1368", "x": 629803.67, "y": 5220003.3, "order": 1404, "visited": true}}, {"type": "Feature", "geometry": {"type": "Point", "coordinates": [629919.18, 5219860.8]}, "properties": {"type": "gap", "gap_m": 3.4, "vineyard_id": "V32", "row_id": "V32-R111", "reachable": true, "id": "T1369", "x": 629919.18, "y": 5219860.8, "order": 1145, "visited": true}}, {"type": "Feature", "geometry": {"type": "Point", "coordinates": [629948.13, 5219861.33]}, "properties": {"type": "gap", "gap_m": 6.8, "vineyard_id": "V32", "row_id": "V32-R111", "reachable": true, "id": "T1370", "x": 629948.13, "y": 5219861.33, "order": 1143, "visited": true}}, {"type": "Feature", "geometry": {"type": "Point", "coordinates": [629804.35, 5220000.23]}, "properties": {"type": "gap", "gap_m": 8.1, "vineyard_id": "V32", "row_id": "V32-R112", "reachable": true, "id": "T1371", "x": 629804.35, "y": 5220000.23, "order": 1405, "visited": true}}, {"type": "Feature", "geometry": {"type": "Point", "coordinates": [629982.97, 5219812.73]}, "properties": {"type": "gap", "gap_m": 4.6, "vineyard_id": "V32", "row_id": "V32-R114", "reachable": true, "id": "T1372", "x": 629982.97, "y": 5219812.73, "order": 1097, "visited": true}}, {"type": "Feature", "geometry": {"type": "Point", "coordinates": [629980.45, 5219792.27]}, "properties": {"type": "gap", "gap_m": 3.1, "vineyard_id": "V32", "row_id": "V32-R114", "reachable": true, "id": "T1373", "x": 629980.45, "y": 5219792.27, "order": null, "visited": true}}, {"type": "Feature", "geometry": {"type": "Point", "coordinates": [629790.13, 5220022.84]}, "properties": {"type": "gap", "gap_m": 4.2, "vineyard_id": "V32", "row_id": "V32-R116", "reachable": true, "id": "T1374", "x": 629790.13, "y": 5220022.84, "order": 1408, "visited": true}}, {"type": "Feature", "geometry": {"type": "Point", "coordinates": [629786.2, 5220017.63]}, "properties": {"type": "gap", "gap_m": 3.8, "vineyard_id": "V32", "row_id": "V32-R116", "reachable": true, "id": "T1375", "x": 629786.2, "y": 5220017.63, "order": 1406, "visited": true}}, {"type": "Feature", "geometry": {"type": "Point", "coordinates": [629777.73, 5220006.38]}, "properties": {"type": "gap", "gap_m": 13.6, "vineyard_id": "V32", "row_id": "V32-R116", "reachable": true, "id": "T1376", "x": 629777.73, "y": 5220006.38, "order": 1395, "visited": true}}, {"type": "Feature", "geometry": {"type": "Point", "coordinates": [629711.06, 5220104.45]}, "properties": {"type": "gap", "gap_m": 5.7, "vineyard_id": "V32", "row_id": "V32-R117", "reachable": true, "id": "T1377", "x": 629711.06, "y": 5220104.45, "order": 1362, "visited": true}}, {"type": "Feature", "geometry": {"type": "Point", "coordinates": [629920.03, 5219857.65]}, "properties": {"type": "gap", "gap_m": 6.8, "vineyard_id": "V32", "row_id": "V32-R119", "reachable": true, "id": "T1378", "x": 629920.03, "y": 5219857.65, "order": 1146, "visited": true}}, {"type": "Feature", "geometry": {"type": "Point", "coordinates": [629925.52, 5219857.75]}, "properties": {"type": "gap", "gap_m": 3.0, "vineyard_id": "V32", "row_id": "V32-R119", "reachable": true, "id": "T1379", "x": 629925.52, "y": 5219857.75, "order": 1147, "visited": true}}, {"type": "Feature", "geometry": {"type": "Point", "coordinates": [629930.75, 5219857.85]}, "properties": {"type": "gap", "gap_m": 5.9, "vineyard_id": "V32", "row_id": "V32-R119", "reachable": true, "id": "T1380", "x": 629930.75, "y": 5219857.85, "order": 1148, "visited": true}}, {"type": "Feature", "geometry": {"type": "Point", "coordinates": [629939.03, 5219857.99]}, "properties": {"type": "gap", "gap_m": 3.3, "vineyard_id": "V32", "row_id": "V32-R119", "reachable": true, "id": "T1381", "x": 629939.03, "y": 5219857.99, "order": 1144, "visited": true}}, {"type": "Feature", "geometry": {"type": "Point", "coordinates": [629946.23, 5219858.12]}, "properties": {"type": "gap", "gap_m": 6.9, "vineyard_id": "V32", "row_id": "V32-R119", "reachable": true, "id": "T1382", "x": 629946.23, "y": 5219858.12, "order": 1150, "visited": true}}, {"type": "Feature", "geometry": {"type": "Point", "coordinates": [629980.42, 5219816.52]}, "properties": {"type": "gap", "gap_m": 3.9, "vineyard_id": "V32", "row_id": "V32-R121", "reachable": true, "id": "T1383", "x": 629980.42, "y": 5219816.52, "order": 1098, "visited": true}}, {"type": "Feature", "geometry": {"type": "Point", "coordinates": [629978.35, 5219799.51]}, "properties": {"type": "gap", "gap_m": 3.1, "vineyard_id": "V32", "row_id": "V32-R121", "reachable": true, "id": "T1384", "x": 629978.35, "y": 5219799.51, "order": 1100, "visited": true}}, {"type": "Feature", "geometry": {"type": "Point", "coordinates": [629977.4, 5219791.64]}, "properties": {"type": "gap", "gap_m": 3.3, "vineyard_id": "V32", "row_id": "V32-R121", "reachable": true, "id": "T1385", "x": 629977.4, "y": 5219791.64, "order": 1103, "visited": true}}, {"type": "Feature", "geometry": {"type": "Point", "coordinates": [629774.47, 5220033.85]}, "properties": {"type": "gap", "gap_m": 3.5, "vineyard_id": "V32", "row_id": "V32-R122", "reachable": true, "id": "T1386", "x": 629774.47, "y": 5220033.85, "order": null, "visited": false}}, {"type": "Feature", "geometry": {"type": "Point", "coordinates": [629789.58, 5220027.01]}, "properties": {"type": "gap", "gap_m": 3.7, "vineyard_id": "V32", "row_id": "V32-R123", "reachable": true, "id": "T1387", "x": 629789.58, "y": 5220027.01, "order": 1409, "visited": true}}, {"type": "Feature", "geometry": {"type": "Point", "coordinates": [629784.2, 5220019.86]}, "properties": {"type": "gap", "gap_m": 12.9, "vineyard_id": "V32", "row_id": "V32-R123", "reachable": true, "id": "T1388", "x": 629784.2, "y": 5220019.86, "order": 1407, "visited": true}}, {"type": "Feature", "geometry": {"type": "Point", "coordinates": [629775.82, 5220008.72]}, "properties": {"type": "gap", "gap_m": 14.1, "vineyard_id": "V32", "row_id": "V32-R123", "reachable": true, "id": "T1389", "x": 629775.82, "y": 5220008.72, "order": 1394, "visited": true}}, {"type": "Feature", "geometry": {"type": "Point", "coordinates": [629966.96, 5219831.58]}, "properties": {"type": "gap", "gap_m": 8.3, "vineyard_id": "V32", "row_id": "V32-R126", "reachable": true, "id": "T1391", "x": 629966.96, "y": 5219831.58, "order": 1173, "visited": true}}, {"type": "Feature", "geometry": {"type": "Point", "coordinates": [629965.18, 5219816.78]}, "properties": {"type": "gap", "gap_m": 3.0, "vineyard_id": "V32", "row_id": "V32-R126", "reachable": true, "id": "T1392", "x": 629965.18, "y": 5219816.78, "order": 983, "visited": true}}, {"type": "Feature", "geometry": {"type": "Point", "coordinates": [629921.61, 5219855.03]}, "properties": {"type": "gap", "gap_m": 7.2, "vineyard_id": "V32", "row_id": "V32-R127", "reachable": true, "id": "T1393", "x": 629921.61, "y": 5219855.03, "order": 1155, "visited": true}}, {"type": "Feature", "geometry": {"type": "Point", "coordinates": [629927.52, 5219855.13]}, "properties": {"type": "gap", "gap_m": 3.3, "vineyard_id": "V32", "row_id": "V32-R127", "reachable": true, "id": "T1394", "x": 629927.52, "y": 5219855.13, "order": 1154, "visited": true}}, {"type": "Feature", "geometry": {"type": "Point", "coordinates": [629932.93, 5219855.23]}, "properties": {"type": "gap", "gap_m": 6.5, "vineyard_id": "V32", "row_id": "V32-R127", "reachable": true, "id": "T1395", "x": 629932.93, "y": 5219855.23, "order": 1149, "visited": true}}, {"type": "Feature", "geometry": {"type": "Point", "coordinates": [629947.74, 5219855.5]}, "properties": {"type": "gap", "gap_m": 8.4, "vineyard_id": "V32", "row_id": "V32-R127", "reachable": true, "id": "T1396", "x": 629947.74, "y": 5219855.5, "order": 1151, "visited": true}}, {"type": "Feature", "geometry": {"type": "Point", "coordinates": [629767.85, 5220040.22]}, "properties": {"type": "gap", "gap_m": 6.3, "vineyard_id": "V32", "row_id": "V32-R128", "reachable": true, "id": "T1397", "x": 629767.85, "y": 5220040.22, "order": 1416, "visited": true}}, {"type": "Feature", "geometry": {"type": "Point", "coordinates": [629770.48, 5220038.84]}, "properties": {"type": "gap", "gap_m": 3.4, "vineyard_id": "V32", "row_id": "V32-R129", "reachable": true, "id": "T1398", "x": 629770.48, "y": 5220038.84, "order": null, "visited": true}}, {"type": "Feature", "geometry": {"type": "Point", "coordinates": [629772.71, 5220036.07]}, "properties": {"type": "gap", "gap_m": 3.6, "vineyard_id": "V32", "row_id": "V32-R132", "reachable": true, "id": "T1399", "x": 629772.71, "y": 5220036.07, "order": null, "visited": false}}, {"type": "Feature", "geometry": {"type": "Point", "coordinates": [629767.97, 5220029.79]}, "properties": {"type": "gap", "gap_m": 5.5, "vineyard_id": "V32", "row_id": "V32-R132", "reachable": true, "id": "T1400", "x": 629767.97, "y": 5220029.79, "order": 1415, "visited": true}}, {"type": "Feature", "geometry": {"type": "Point", "coordinates": [629775.6, 5220029.95]}, "properties": {"type": "gap", "gap_m": 6.4, "vineyard_id": "V32", "row_id": "V32-R134", "reachable": true, "id": "T1401", "x": 629775.6, "y": 5220029.95, "order": 1389, "visited": true}}, {"type": "Feature", "geometry": {"type": "Point", "coordinates": [629766.18, 5220017.46]}, "properties": {"type": "gap", "gap_m": 17.1, "vineyard_id": "V32", "row_id": "V32-R134", "reachable": true, "id": "T1402", "x": 629766.18, "y": 5220017.46, "order": 1414, "visited": true}}, {"type": "Feature", "geometry": {"type": "Point", "coordinates": [629781.85, 5220020.66]}, "properties": {"type": "gap", "gap_m": 7.7, "vineyard_id": "V32", "row_id": "V32-R135", "reachable": true, "id": "T1403", "x": 629781.85, "y": 5220020.66, "order": 1410, "visited": true}}, {"type": "Feature", "geometry": {"type": "Point", "coordinates": [629775.07, 5220011.66]}, "properties": {"type": "gap", "gap_m": 4.5, "vineyard_id": "V32", "row_id": "V32-R135", "reachable": true, "id": "T1404", "x": 629775.07, "y": 5220011.66, "order": 1392, "visited": true}}, {"type": "Feature", "geometry": {"type": "Point", "coordinates": [629771.73, 5220007.24]}, "properties": {"type": "gap", "gap_m": 5.7, "vineyard_id": "V32", "row_id": "V32-R135", "reachable": true, "id": "T1405", "x": 629771.73, "y": 5220007.24, "order": 1393, "visited": true}}, {"type": "Feature", "geometry": {"type": "Point", "coordinates": [629974.57, 5219804.83]}, "properties": {"type": "gap", "gap_m": 3.0, "vineyard_id": "V32", "row_id": "V32-R136", "reachable": true, "id": "T1406", "x": 629974.57, "y": 5219804.83, "order": 1099, "visited": true}}, {"type": "Feature", "geometry": {"type": "Point", "coordinates": [629974.06, 5219800.73]}, "properties": {"type": "gap", "gap_m": 3.6, "vineyard_id": "V32", "row_id": "V32-R136", "reachable": true, "id": "T1407", "x": 629974.06, "y": 5219800.73, "order": 1101, "visited": true}}, {"type": "Feature", "geometry": {"type": "Point", "coordinates": [629973.53, 5219796.41]}, "properties": {"type": "gap", "gap_m": 3.0, "vineyard_id": "V32", "row_id": "V32-R136", "reachable": true, "id": "T1408", "x": 629973.53, "y": 5219796.41, "order": 1102, "visited": true}}, {"type": "Feature", "geometry": {"type": "Point", "coordinates": [629973.03, 5219792.3]}, "properties": {"type": "gap", "gap_m": 3.2, "vineyard_id": "V32", "row_id": "V32-R136", "reachable": true, "id": "T1409", "x": 629973.03, "y": 5219792.3, "order": null, "visited": true}}, {"type": "Feature", "geometry": {"type": "Point", "coordinates": [629778.53, 5220028.26]}, "properties": {"type": "gap", "gap_m": 3.5, "vineyard_id": "V32", "row_id": "V32-R137", "reachable": true, "id": "T1410", "x": 629778.53, "y": 5220028.26, "order": 1390, "visited": true}}, {"type": "Feature", "geometry": {"type": "Point", "coordinates": [629770.33, 5220017.38]}, "properties": {"type": "gap", "gap_m": 16.3, "vineyard_id": "V32", "row_id": "V32-R137", "reachable": true, "id": "T1411", "x": 629770.33, "y": 5220017.38, "order": 1413, "visited": true}}, {"type": "Feature", "geometry": {"type": "Point", "coordinates": [629776.65, 5220020.06]}, "properties": {"type": "gap", "gap_m": 16.3, "vineyard_id": "V32", "row_id": "V32-R138", "reachable": true, "id": "T1412", "x": 629776.65, "y": 5220020.06, "order": 1412, "visited": true}}, {"type": "Feature", "geometry": {"type": "Point", "coordinates": [629769.28, 5220010.26]}, "properties": {"type": "gap", "gap_m": 4.9, "vineyard_id": "V32", "row_id": "V32-R138", "reachable": true, "id": "T1413", "x": 629769.28, "y": 5220010.26, "order": 1391, "visited": true}}, {"type": "Feature", "geometry": {"type": "Point", "coordinates": [629778.07, 5220018.57]}, "properties": {"type": "gap", "gap_m": 15.6, "vineyard_id": "V32", "row_id": "V32-R139", "reachable": true, "id": "T1414", "x": 629778.07, "y": 5220018.57, "order": 1411, "visited": true}}, {"type": "Feature", "geometry": {"type": "Point", "coordinates": [629770.51, 5220008.53]}, "properties": {"type": "gap", "gap_m": 4.3, "vineyard_id": "V32", "row_id": "V32-R139", "reachable": true, "id": "T1415", "x": 629770.51, "y": 5220008.53, "order": 1391, "visited": true}}, {"type": "Feature", "geometry": {"type": "Point", "coordinates": [629919.75, 5219850.62]}, "properties": {"type": "gap", "gap_m": 3.0, "vineyard_id": "V32", "row_id": "V32-R140", "reachable": true, "id": "T1416", "x": 629919.75, "y": 5219850.62, "order": 1208, "visited": true}}, {"type": "Feature", "geometry": {"type": "Point", "coordinates": [629928.86, 5219850.78]}, "properties": {"type": "gap", "gap_m": 7.2, "vineyard_id": "V32", "row_id": "V32-R140", "reachable": true, "id": "T1417", "x": 629928.86, "y": 5219850.78, "order": 1153, "visited": true}}, {"type": "Feature", "geometry": {"type": "Point", "coordinates": [629934.58, 5219850.88]}, "properties": {"type": "gap", "gap_m": 3.5, "vineyard_id": "V32", "row_id": "V32-R140", "reachable": true, "id": "T1418", "x": 629934.58, "y": 5219850.88, "order": 1207, "visited": true}}, {"type": "Feature", "geometry": {"type": "Point", "coordinates": [629939.23, 5219850.96]}, "properties": {"type": "gap", "gap_m": 4.3, "vineyard_id": "V32", "row_id": "V32-R140", "reachable": true, "id": "T1419", "x": 629939.23, "y": 5219850.96, "order": 1152, "visited": true}}, {"type": "Feature", "geometry": {"type": "Point", "coordinates": [629948.58, 5219851.12]}, "properties": {"type": "gap", "gap_m": 12.9, "vineyard_id": "V32", "row_id": "V32-R140", "reachable": true, "id": "T1420", "x": 629948.58, "y": 5219851.12, "order": 1205, "visited": true}}, {"type": "Feature", "geometry": {"type": "Point", "coordinates": [629974.07, 5219822.02]}, "properties": {"type": "gap", "gap_m": 5.6, "vineyard_id": "V32", "row_id": "V32-R141", "reachable": true, "id": "T1421", "x": 629974.07, "y": 5219822.02, "order": 1108, "visited": true}}, {"type": "Feature", "geometry": {"type": "Point", "coordinates": [629971.77, 5219803.44]}, "properties": {"type": "gap", "gap_m": 3.2, "vineyard_id": "V32", "row_id": "V32-R141", "reachable": true, "id": "T1422", "x": 629971.77, "y": 5219803.44, "order": 1107, "visited": true}}, {"type": "Feature", "geometry": {"type": "Point", "coordinates": [629971.26, 5219799.34]}, "properties": {"type": "gap", "gap_m": 3.5, "vineyard_id": "V32", "row_id": "V32-R141", "reachable": true, "id": "T1423", "x": 629971.26, "y": 5219799.34, "order": 1106, "visited": true}}, {"type": "Feature", "geometry": {"type": "Point", "coordinates": [629970.77, 5219795.36]}, "properties": {"type": "gap", "gap_m": 3.3, "vineyard_id": "V32", "row_id": "V32-R141", "reachable": true, "id": "T1424", "x": 629970.77, "y": 5219795.36, "order": 1105, "visited": true}}, {"type": "Feature", "geometry": {"type": "Point", "coordinates": [629970.26, 5219791.18]}, "properties": {"type": "gap", "gap_m": 3.7, "vineyard_id": "V32", "row_id": "V32-R141", "reachable": true, "id": "T1425", "x": 629970.26, "y": 5219791.18, "order": 1104, "visited": true}}, {"type": "Feature", "geometry": {"type": "Point", "coordinates": [629857.94, 5219934.88]}, "properties": {"type": "gap", "gap_m": 11.9, "vineyard_id": "V32", "row_id": "V32-R144", "reachable": true, "id": "T1426", "x": 629857.94, "y": 5219934.88, "order": null, "visited": false}}, {"type": "Feature", "geometry": {"type": "Point", "coordinates": [629922.01, 5219847.89]}, "properties": {"type": "gap", "gap_m": 3.1, "vineyard_id": "V32", "row_id": "V32-R145", "reachable": true, "id": "T1427", "x": 629922.01, "y": 5219847.89, "order": 1198, "visited": true}}, {"type": "Feature", "geometry": {"type": "Point", "coordinates": [629928.88, 5219848.01]}, "properties": {"type": "gap", "gap_m": 3.2, "vineyard_id": "V32", "row_id": "V32-R145", "reachable": true, "id": "T1428", "x": 629928.88, "y": 5219848.01, "order": 1200, "visited": true}}, {"type": "Feature", "geometry": {"type": "Point", "coordinates": [629933.27, 5219848.09]}, "properties": {"type": "gap", "gap_m": 3.0, "vineyard_id": "V32", "row_id": "V32-R145", "reachable": true, "id": "T1429", "x": 629933.27, "y": 5219848.09, "order": 1201, "visited": true}}, {"type": "Feature", "geometry": {"type": "Point", "coordinates": [629938.53, 5219848.19]}, "properties": {"type": "gap", "gap_m": 6.5, "vineyard_id": "V32", "row_id": "V32-R145", "reachable": true, "id": "T1430", "x": 629938.53, "y": 5219848.19, "order": 1206, "visited": true}}, {"type": "Feature", "geometry": {"type": "Point", "coordinates": [629950.1, 5219848.4]}, "properties": {"type": "gap", "gap_m": 6.3, "vineyard_id": "V32", "row_id": "V32-R145", "reachable": true, "id": "T1431", "x": 629950.1, "y": 5219848.4, "order": 1204, "visited": true}}, {"type": "Feature", "geometry": {"type": "Point", "coordinates": [629887.1, 5219901.64]}, "properties": {"type": "gap", "gap_m": 16.9, "vineyard_id": "V32", "row_id": "V32-R146", "reachable": true, "id": "T1432", "x": 629887.1, "y": 5219901.64, "order": 1221, "visited": true}}, {"type": "Feature", "geometry": {"type": "Point", "coordinates": [629870.75, 5219899.36]}, "properties": {"type": "gap", "gap_m": 8.3, "vineyard_id": "V32", "row_id": "V32-R146", "reachable": true, "id": "T1433", "x": 629870.75, "y": 5219899.36, "order": 1224, "visited": true}}, {"type": "Feature", "geometry": {"type": "Point", "coordinates": [629892.04, 5219900.34]}, "properties": {"type": "gap", "gap_m": 9.8, "vineyard_id": "V32", "row_id": "V32-R148", "reachable": true, "id": "T1437", "x": 629892.04, "y": 5219900.34, "order": 1220, "visited": true}}, {"type": "Feature", "geometry": {"type": "Point", "coordinates": [629883.53, 5219899.15]}, "properties": {"type": "gap", "gap_m": 6.3, "vineyard_id": "V32", "row_id": "V32-R148", "reachable": true, "id": "T1438", "x": 629883.53, "y": 5219899.15, "order": 1222, "visited": true}}, {"type": "Feature", "geometry": {"type": "Point", "coordinates": [629872.14, 5219897.56]}, "properties": {"type": "gap", "gap_m": 6.4, "vineyard_id": "V32", "row_id": "V32-R148", "reachable": true, "id": "T1439", "x": 629872.14, "y": 5219897.56, "order": 1223, "visited": true}}, {"type": "Feature", "geometry": {"type": "Point", "coordinates": [629821.98, 5219969.95]}, "properties": {"type": "gap", "gap_m": 3.7, "vineyard_id": "V32", "row_id": "V32-R149", "reachable": true, "id": "T1440", "x": 629821.98, "y": 5219969.95, "order": null, "visited": false}}, {"type": "Feature", "geometry": {"type": "Point", "coordinates": [629834.24, 5219954.17]}, "properties": {"type": "gap", "gap_m": 6.7, "vineyard_id": "V32", "row_id": "V32-R149", "reachable": true, "id": "T1441", "x": 629834.24, "y": 5219954.17, "order": null, "visited": false}}, {"type": "Feature", "geometry": {"type": "Point", "coordinates": [629838.81, 5219948.29]}, "properties": {"type": "gap", "gap_m": 6.9, "vineyard_id": "V32", "row_id": "V32-R149", "reachable": true, "id": "T1442", "x": 629838.81, "y": 5219948.29, "order": null, "visited": false}}, {"type": "Feature", "geometry": {"type": "Point", "coordinates": [629969.87, 5219826.9]}, "properties": {"type": "gap", "gap_m": 5.1, "vineyard_id": "V32", "row_id": "V32-R150", "reachable": true, "id": "T1443", "x": 629969.87, "y": 5219826.9, "order": 1109, "visited": true}}, {"type": "Feature", "geometry": {"type": "Point", "coordinates": [629967.66, 5219808.91]}, "properties": {"type": "gap", "gap_m": 3.3, "vineyard_id": "V32", "row_id": "V32-R150", "reachable": true, "id": "T1444", "x": 629967.66, "y": 5219808.91, "order": 990, "visited": true}}, {"type": "Feature", "geometry": {"type": "Point", "coordinates": [629967.13, 5219804.61]}, "properties": {"type": "gap", "gap_m": 3.3, "vineyard_id": "V32", "row_id": "V32-R150", "reachable": true, "id": "T1445", "x": 629967.13, "y": 5219804.61, "order": 1110, "visited": true}}, {"type": "Feature", "geometry": {"type": "Point", "coordinates": [629966.66, 5219800.74]}, "properties": {"type": "gap", "gap_m": 3.4, "vineyard_id": "V32", "row_id": "V32-R150", "reachable": true, "id": "T1446", "x": 629966.66, "y": 5219800.74, "order": 1111, "visited": true}}, {"type": "Feature", "geometry": {"type": "Point", "coordinates": [629966.14, 5219796.5]}, "properties": {"type": "gap", "gap_m": 3.4, "vineyard_id": "V32", "row_id": "V32-R150", "reachable": true, "id": "T1447", "x": 629966.14, "y": 5219796.5, "order": 1112, "visited": true}}, {"type": "Feature", "geometry": {"type": "Point", "coordinates": [629965.65, 5219792.53]}, "properties": {"type": "gap", "gap_m": 3.3, "vineyard_id": "V32", "row_id": "V32-R150", "reachable": true, "id": "T1448", "x": 629965.65, "y": 5219792.53, "order": 1113, "visited": true}}, {"type": "Feature", "geometry": {"type": "Point", "coordinates": [629852.42, 5219938.93]}, "properties": {"type": "gap", "gap_m": 3.2, "vineyard_id": "V32", "row_id": "V32-R153", "reachable": true, "id": "T1449", "x": 629852.42, "y": 5219938.93, "order": null, "visited": false}}, {"type": "Feature", "geometry": {"type": "Point", "coordinates": [629854.14, 5219935.54]}, "properties": {"type": "gap", "gap_m": 3.3, "vineyard_id": "V32", "row_id": "V32-R153", "reachable": true, "id": "T1450", "x": 629854.14, "y": 5219935.54, "order": null, "visited": false}}, {"type": "Feature", "geometry": {"type": "Point", "coordinates": [629856.86, 5219930.19]}, "properties": {"type": "gap", "gap_m": 6.8, "vineyard_id": "V32", "row_id": "V32-R153", "reachable": true, "id": "T1451", "x": 629856.86, "y": 5219930.19, "order": null, "visited": false}}, {"type": "Feature", "geometry": {"type": "Point", "coordinates": [629928.68, 5219843.7]}, "properties": {"type": "gap", "gap_m": 3.4, "vineyard_id": "V32", "row_id": "V32-R154", "reachable": true, "id": "T1452", "x": 629928.68, "y": 5219843.7, "order": 1199, "visited": true}}, {"type": "Feature", "geometry": {"type": "Point", "coordinates": [629936.07, 5219843.83]}, "properties": {"type": "gap", "gap_m": 3.3, "vineyard_id": "V32", "row_id": "V32-R154", "reachable": true, "id": "T1453", "x": 629936.07, "y": 5219843.83, "order": 1195, "visited": true}}, {"type": "Feature", "geometry": {"type": "Point", "coordinates": [629943.52, 5219843.96]}, "properties": {"type": "gap", "gap_m": 9.9, "vineyard_id": "V32", "row_id": "V32-R154", "reachable": true, "id": "T1454", "x": 629943.52, "y": 5219843.96, "order": 1202, "visited": true}}, {"type": "Feature", "geometry": {"type": "Point", "coordinates": [629956.99, 5219844.19]}, "properties": {"type": "gap", "gap_m": 4.5, "vineyard_id": "V32", "row_id": "V32-R154", "reachable": true, "id": "T1455", "x": 629956.99, "y": 5219844.19, "order": 1203, "visited": true}}, {"type": "Feature", "geometry": {"type": "Point", "coordinates": [629893.59, 5219898.28]}, "properties": {"type": "gap", "gap_m": 9.9, "vineyard_id": "V32", "row_id": "V32-R155", "reachable": true, "id": "T1456", "x": 629893.59, "y": 5219898.28, "order": 1219, "visited": true}}, {"type": "Feature", "geometry": {"type": "Point", "coordinates": [629885.49, 5219897.14]}, "properties": {"type": "gap", "gap_m": 5.6, "vineyard_id": "V32", "row_id": "V32-R155", "reachable": true, "id": "T1457", "x": 629885.49, "y": 5219897.14, "order": null, "visited": true}}, {"type": "Feature", "geometry": {"type": "Point", "coordinates": [629873.56, 5219895.47]}, "properties": {"type": "gap", "gap_m": 6.4, "vineyard_id": "V32", "row_id": "V32-R155", "reachable": true, "id": "T1458", "x": 629873.56, "y": 5219895.47, "order": null, "visited": true}}, {"type": "Feature", "geometry": {"type": "Point", "coordinates": [629921.01, 5219840.54]}, "properties": {"type": "gap", "gap_m": 6.7, "vineyard_id": "V32", "row_id": "V32-R157", "reachable": true, "id": "T1459", "x": 629921.01, "y": 5219840.54, "order": 1197, "visited": true}}, {"type": "Feature", "geometry": {"type": "Point", "coordinates": [629927.4, 5219840.66]}, "properties": {"type": "gap", "gap_m": 3.2, "vineyard_id": "V32", "row_id": "V32-R157", "reachable": true, "id": "T1460", "x": 629927.4, "y": 5219840.66, "order": 1196, "visited": true}}, {"type": "Feature", "geometry": {"type": "Point", "coordinates": [629943.88, 5219840.97]}, "properties": {"type": "gap", "gap_m": 6.3, "vineyard_id": "V32", "row_id": "V32-R157", "reachable": true, "id": "T1461", "x": 629943.88, "y": 5219840.97, "order": 1194, "visited": true}}, {"type": "Feature", "geometry": {"type": "Point", "coordinates": [629949.6, 5219841.07]}, "properties": {"type": "gap", "gap_m": 3.9, "vineyard_id": "V32", "row_id": "V32-R157", "reachable": true, "id": "T1462", "x": 629949.6, "y": 5219841.07, "order": 1193, "visited": true}}, {"type": "Feature", "geometry": {"type": "Point", "coordinates": [629959.27, 5219841.25]}, "properties": {"type": "gap", "gap_m": 7.0, "vineyard_id": "V32", "row_id": "V32-R157", "reachable": true, "id": "T1463", "x": 629959.27, "y": 5219841.25, "order": 1192, "visited": true}}, {"type": "Feature", "geometry": {"type": "Point", "coordinates": [629852.15, 5219935.77]}, "properties": {"type": "gap", "gap_m": 3.1, "vineyard_id": "V32", "row_id": "V32-R158", "reachable": true, "id": "T1464", "x": 629852.15, "y": 5219935.77, "order": null, "visited": false}}, {"type": "Feature", "geometry": {"type": "Point", "coordinates": [629996.23, 5219779.95]}, "properties": {"type": "gap", "gap_m": 10.1, "vineyard_id": "V32", "row_id": "V32-R159", "reachable": true, "id": "T1465", "x": 629996.23, "y": 5219779.95, "order": 1093, "visited": true}}, {"type": "Feature", "geometry": {"type": "Point", "coordinates": [630009.0, 5219763.64]}, "properties": {"type": "gap", "gap_m": 4.4, "vineyard_id": "V32", "row_id": "V32-R159", "reachable": true, "id": "T1466", "x": 630009.0, "y": 5219763.64, "order": null, "visited": true}}, {"type": "Feature", "geometry": {"type": "Point", "coordinates": [629952.65, 5219837.85]}, "properties": {"type": "gap", "gap_m": 4.3, "vineyard_id": "V32", "row_id": "V32-R162", "reachable": true, "id": "T1467", "x": 629952.65, "y": 5219837.85, "order": 1179, "visited": true}}, {"type": "Feature", "geometry": {"type": "Point", "coordinates": [629941.67, 5219836.94]}, "properties": {"type": "gap", "gap_m": 16.6, "vineyard_id": "V32", "row_id": "V32-R162", "reachable": true, "id": "T1468", "x": 629941.67, "y": 5219836.94, "order": 1181, "visited": true}}, {"type": "Feature", "geometry": {"type": "Point", "coordinates": [629927.01, 5219835.73]}, "properties": {"type": "gap", "gap_m": 11.6, "vineyard_id": "V32", "row_id": "V32-R162", "reachable": true, "id": "T1469", "x": 629927.01, "y": 5219835.73, "order": 1191, "visited": true}}, {"type": "Feature", "geometry": {"type": "Point", "coordinates": [629916.53, 5219834.86]}, "properties": {"type": "gap", "gap_m": 3.2, "vineyard_id": "V32", "row_id": "V32-R162", "reachable": true, "id": "T1470", "x": 629916.53, "y": 5219834.86, "order": 1182, "visited": true}}, {"type": "Feature", "geometry": {"type": "Point", "coordinates": [629846.97, 5219936.4]}, "properties": {"type": "gap", "gap_m": 7.2, "vineyard_id": "V32", "row_id": "V32-R163", "reachable": true, "id": "T1471", "x": 629846.97, "y": 5219936.4, "order": 1233, "visited": true}}, {"type": "Feature", "geometry": {"type": "Point", "coordinates": [629854.4, 5219922.07]}, "properties": {"type": "gap", "gap_m": 23.7, "vineyard_id": "V32", "row_id": "V32-R163", "reachable": true, "id": "T1472", "x": 629854.4, "y": 5219922.07, "order": 1231, "visited": true}}, {"type": "Feature", "geometry": {"type": "Point", "coordinates": [629950.84, 5219835.11]}, "properties": {"type": "gap", "gap_m": 3.5, "vineyard_id": "V32", "row_id": "V32-R164", "reachable": true, "id": "T1473", "x": 629950.84, "y": 5219835.11, "order": 1177, "visited": true}}, {"type": "Feature", "geometry": {"type": "Point", "coordinates": [629943.39, 5219834.49]}, "properties": {"type": "gap", "gap_m": 10.1, "vineyard_id": "V32", "row_id": "V32-R164", "reachable": true, "id": "T1474", "x": 629943.39, "y": 5219834.49, "order": 1180, "visited": true}}, {"type": "Feature", "geometry": {"type": "Point", "coordinates": [629927.32, 5219833.14]}, "properties": {"type": "gap", "gap_m": 7.5, "vineyard_id": "V32", "row_id": "V32-R164", "reachable": true, "id": "T1475", "x": 629927.32, "y": 5219833.14, "order": 1190, "visited": true}}, {"type": "Feature", "geometry": {"type": "Point", "coordinates": [629918.11, 5219832.37]}, "properties": {"type": "gap", "gap_m": 6.1, "vineyard_id": "V32", "row_id": "V32-R164", "reachable": true, "id": "T1476", "x": 629918.11, "y": 5219832.37, "order": 1183, "visited": true}}, {"type": "Feature", "geometry": {"type": "Point", "coordinates": [629989.2, 5219783.71]}, "properties": {"type": "gap", "gap_m": 3.4, "vineyard_id": "V32", "row_id": "V32-R165", "reachable": true, "id": "T1477", "x": 629989.2, "y": 5219783.71, "order": null, "visited": false}}, {"type": "Feature", "geometry": {"type": "Point", "coordinates": [629994.2, 5219777.34]}, "properties": {"type": "gap", "gap_m": 4.4, "vineyard_id": "V32", "row_id": "V32-R165", "reachable": true, "id": "T1478", "x": 629994.2, "y": 5219777.34, "order": 993, "visited": true}}, {"type": "Feature", "geometry": {"type": "Point", "coordinates": [630006.93, 5219761.14]}, "properties": {"type": "gap", "gap_m": 4.9, "vineyard_id": "V32", "row_id": "V32-R165", "reachable": true, "id": "T1479", "x": 630006.93, "y": 5219761.14, "order": 1087, "visited": true}}, {"type": "Feature", "geometry": {"type": "Point", "coordinates": [629815.39, 5219965.04]}, "properties": {"type": "gap", "gap_m": 3.9, "vineyard_id": "V32", "row_id": "V32-R166", "reachable": true, "id": "T1480", "x": 629815.39, "y": 5219965.04, "order": 1235, "visited": true}}, {"type": "Feature", "geometry": {"type": "Point", "coordinates": [629823.9, 5219953.95]}, "properties": {"type": "gap", "gap_m": 3.2, "vineyard_id": "V32", "row_id": "V32-R166", "reachable": true, "id": "T1481", "x": 629823.9, "y": 5219953.95, "order": 1234, "visited": true}}, {"type": "Feature", "geometry": {"type": "Point", "coordinates": [629906.95, 5219871.6]}, "properties": {"type": "gap", "gap_m": 4.4, "vineyard_id": "V32", "row_id": "V32-R168", "reachable": true, "id": "T1482", "x": 629906.95, "y": 5219871.6, "order": 1133, "visited": true}}, {"type": "Feature", "geometry": {"type": "Point", "coordinates": [629907.62, 5219866.32]}, "properties": {"type": "gap", "gap_m": 4.4, "vineyard_id": "V32", "row_id": "V32-R168", "reachable": true, "id": "T1483", "x": 629907.62, "y": 5219866.32, "order": 1134, "visited": true}}, {"type": "Feature", "geometry": {"type": "Point", "coordinates": [629909.24, 5219853.55]}, "properties": {"type": "gap", "gap_m": 3.9, "vineyard_id": "V32", "row_id": "V32-R168", "reachable": true, "id": "T1484", "x": 629909.24, "y": 5219853.55, "order": 1210, "visited": true}}, {"type": "Feature", "geometry": {"type": "Point", "coordinates": [629910.08, 5219846.99]}, "properties": {"type": "gap", "gap_m": 6.5, "vineyard_id": "V32", "row_id": "V32-R168", "reachable": true, "id": "T1485", "x": 629910.08, "y": 5219846.99, "order": 1209, "visited": true}}, {"type": "Feature", "geometry": {"type": "Point", "coordinates": [629951.48, 5219832.44]}, "properties": {"type": "gap", "gap_m": 7.1, "vineyard_id": "V32", "row_id": "V32-R169", "reachable": true, "id": "T1486", "x": 629951.48, "y": 5219832.44, "order": 1178, "visited": true}}, {"type": "Feature", "geometry": {"type": "Point", "coordinates": [629944.01, 5219831.83]}, "properties": {"type": "gap", "gap_m": 7.0, "vineyard_id": "V32", "row_id": "V32-R169", "reachable": true, "id": "T1487", "x": 629944.01, "y": 5219831.83, "order": 1175, "visited": true}}, {"type": "Feature", "geometry": {"type": "Point", "coordinates": [629935.08, 5219831.09]}, "properties": {"type": "gap", "gap_m": 3.0, "vineyard_id": "V32", "row_id": "V32-R169", "reachable": true, "id": "T1488", "x": 629935.08, "y": 5219831.09, "order": 1176, "visited": true}}, {"type": "Feature", "geometry": {"type": "Point", "coordinates": [629929.05, 5219830.59]}, "properties": {"type": "gap", "gap_m": 7.9, "vineyard_id": "V32", "row_id": "V32-R169", "reachable": true, "id": "T1489", "x": 629929.05, "y": 5219830.59, "order": 1189, "visited": true}}, {"type": "Feature", "geometry": {"type": "Point", "coordinates": [629920.84, 5219829.92]}, "properties": {"type": "gap", "gap_m": 4.1, "vineyard_id": "V32", "row_id": "V32-R169", "reachable": true, "id": "T1490", "x": 629920.84, "y": 5219829.92, "order": 1184, "visited": true}}, {"type": "Feature", "geometry": {"type": "Point", "coordinates": [630006.22, 5219757.18]}, "properties": {"type": "gap", "gap_m": 7.2, "vineyard_id": "V32", "row_id": "V32-R170", "reachable": true, "id": "T1491", "x": 630006.22, "y": 5219757.18, "order": 1086, "visited": true}}, {"type": "Feature", "geometry": {"type": "Point", "coordinates": [630010.11, 5219752.21]}, "properties": {"type": "gap", "gap_m": 3.1, "vineyard_id": "V32", "row_id": "V32-R170", "reachable": true, "id": "T1492", "x": 630010.11, "y": 5219752.21, "order": 1071, "visited": true}}, {"type": "Feature", "geometry": {"type": "Point", "coordinates": [629951.9, 5219829.45]}, "properties": {"type": "gap", "gap_m": 3.2, "vineyard_id": "V32", "row_id": "V32-R171", "reachable": true, "id": "T1493", "x": 629951.9, "y": 5219829.45, "order": 1174, "visited": true}}, {"type": "Feature", "geometry": {"type": "Point", "coordinates": [629944.65, 5219828.85]}, "properties": {"type": "gap", "gap_m": 10.3, "vineyard_id": "V32", "row_id": "V32-R171", "reachable": true, "id": "T1494", "x": 629944.65, "y": 5219828.85, "order": 1171, "visited": true}}, {"type": "Feature", "geometry": {"type": "Point", "coordinates": [629931.36, 5219827.73]}, "properties": {"type": "gap", "gap_m": 8.1, "vineyard_id": "V32", "row_id": "V32-R171", "reachable": true, "id": "T1495", "x": 629931.36, "y": 5219827.73, "order": 1188, "visited": true}}, {"type": "Feature", "geometry": {"type": "Point", "coordinates": [629922.04, 5219826.95]}, "properties": {"type": "gap", "gap_m": 6.8, "vineyard_id": "V32", "row_id": "V32-R171", "reachable": true, "id": "T1496", "x": 629922.04, "y": 5219826.95, "order": 1185, "visited": true}}, {"type": "Feature", "geometry": {"type": "Point", "coordinates": [629740.87, 5220032.52]}, "properties": {"type": "gap", "gap_m": 3.0, "vineyard_id": "V32", "row_id": "V32-R172", "reachable": true, "id": "T1497", "x": 629740.87, "y": 5220032.52, "order": null, "visited": false}}, {"type": "Feature", "geometry": {"type": "Point", "coordinates": [629755.47, 5220013.23]}, "properties": {"type": "gap", "gap_m": 5.9, "vineyard_id": "V32", "row_id": "V32-R172", "reachable": true, "id": "T1498", "x": 629755.47, "y": 5220013.23, "order": 1388, "visited": true}}, {"type": "Feature", "geometry": {"type": "Point", "coordinates": [629900.9, 5219884.49]}, "properties": {"type": "gap", "gap_m": 3.3, "vineyard_id": "V32", "row_id": "V32-R173", "reachable": true, "id": "T1499", "x": 629900.9, "y": 5219884.49, "order": 1130, "visited": true}}, {"type": "Feature", "geometry": {"type": "Point", "coordinates": [629901.53, 5219879.36]}, "properties": {"type": "gap", "gap_m": 5.6, "vineyard_id": "V32", "row_id": "V32-R173", "reachable": true, "id": "T1500", "x": 629901.53, "y": 5219879.36, "order": 1131, "visited": true}}, {"type": "Feature", "geometry": {"type": "Point", "coordinates": [629902.32, 5219872.99]}, "properties": {"type": "gap", "gap_m": 5.6, "vineyard_id": "V32", "row_id": "V32-R173", "reachable": true, "id": "T1501", "x": 629902.32, "y": 5219872.99, "order": 1132, "visited": true}}, {"type": "Feature", "geometry": {"type": "Point", "coordinates": [629904.35, 5219856.63]}, "properties": {"type": "gap", "gap_m": 15.5, "vineyard_id": "V32", "row_id": "V32-R173", "reachable": true, "id": "T1502", "x": 629904.35, "y": 5219856.63, "order": 1211, "visited": true}}, {"type": "Feature", "geometry": {"type": "Point", "coordinates": [629956.86, 5219827.97]}, "properties": {"type": "gap", "gap_m": 3.5, "vineyard_id": "V32", "row_id": "V32-R174", "reachable": true, "id": "T1503", "x": 629956.86, "y": 5219827.97, "order": 1172, "visited": true}}, {"type": "Feature", "geometry": {"type": "Point", "coordinates": [629939.69, 5219826.58]}, "properties": {"type": "gap", "gap_m": 22.3, "vineyard_id": "V32", "row_id": "V32-R174", "reachable": true, "id": "T1504", "x": 629939.69, "y": 5219826.58, "order": 1170, "visited": true}}, {"type": "Feature", "geometry": {"type": "Point", "coordinates": [629924.1, 5219825.32]}, "properties": {"type": "gap", "gap_m": 8.0, "vineyard_id": "V32", "row_id": "V32-R174", "reachable": true, "id": "T1505", "x": 629924.1, "y": 5219825.32, "order": 1186, "visited": true}}, {"type": "Feature", "geometry": {"type": "Point", "coordinates": [629916.39, 5219824.7]}, "properties": {"type": "gap", "gap_m": 4.8, "vineyard_id": "V32", "row_id": "V32-R174", "reachable": true, "id": "T1506", "x": 629916.39, "y": 5219824.7, "order": 1168, "visited": true}}, {"type": "Feature", "geometry": {"type": "Point", "coordinates": [630004.87, 5219753.93]}, "properties": {"type": "gap", "gap_m": 5.5, "vineyard_id": "V32", "row_id": "V32-R175", "reachable": true, "id": "T1507", "x": 630004.87, "y": 5219753.93, "order": 1085, "visited": true}}, {"type": "Feature", "geometry": {"type": "Point", "coordinates": [630009.44, 5219748.07]}, "properties": {"type": "gap", "gap_m": 7.1, "vineyard_id": "V32", "row_id": "V32-R175", "reachable": true, "id": "T1508", "x": 630009.44, "y": 5219748.07, "order": 1072, "visited": true}}, {"type": "Feature", "geometry": {"type": "Point", "coordinates": [629753.15, 5220011.99]}, "properties": {"type": "gap", "gap_m": 7.2, "vineyard_id": "V32", "row_id": "V32-R176", "reachable": true, "id": "T1509", "x": 629753.15, "y": 5220011.99, "order": 1387, "visited": true}}, {"type": "Feature", "geometry": {"type": "Point", "coordinates": [629954.46, 5219825.49]}, "properties": {"type": "gap", "gap_m": 9.9, "vineyard_id": "V32", "row_id": "V32-R177", "reachable": true, "id": "T1510", "x": 629954.46, "y": 5219825.49, "order": 1169, "visited": true}}, {"type": "Feature", "geometry": {"type": "Point", "coordinates": [629929.08, 5219823.38]}, "properties": {"type": "gap", "gap_m": 18.8, "vineyard_id": "V32", "row_id": "V32-R177", "reachable": true, "id": "T1511", "x": 629929.08, "y": 5219823.38, "order": 1187, "visited": true}}, {"type": "Feature", "geometry": {"type": "Point", "coordinates": [630003.2, 5219751.28]}, "properties": {"type": "gap", "gap_m": 5.0, "vineyard_id": "V32", "row_id": "V32-R179", "reachable": true, "id": "T1512", "x": 630003.2, "y": 5219751.28, "order": 1084, "visited": true}}, {"type": "Feature", "geometry": {"type": "Point", "coordinates": [629938.71, 5219820.32]}, "properties": {"type": "gap", "gap_m": 12.2, "vineyard_id": "V32", "row_id": "V32-R180", "reachable": true, "id": "T1515", "x": 629938.71, "y": 5219820.32, "order": 977, "visited": true}}, {"type": "Feature", "geometry": {"type": "Point", "coordinates": [629749.77, 5220011.64]}, "properties": {"type": "gap", "gap_m": 5.6, "vineyard_id": "V32", "row_id": "V32-R181", "reachable": true, "id": "T1518", "x": 629749.77, "y": 5220011.64, "order": 1386, "visited": true}}, {"type": "Feature", "geometry": {"type": "Point", "coordinates": [630001.55, 5219748.74]}, "properties": {"type": "gap", "gap_m": 4.3, "vineyard_id": "V32", "row_id": "V32-R182", "reachable": true, "id": "T1519", "x": 630001.55, "y": 5219748.74, "order": null, "visited": true}}, {"type": "Feature", "geometry": {"type": "Point", "coordinates": [629747.49, 5220010.03]}, "properties": {"type": "gap", "gap_m": 6.9, "vineyard_id": "V32", "row_id": "V32-R183", "reachable": true, "id": "T1520", "x": 629747.49, "y": 5220010.03, "order": 1385, "visited": true}}, {"type": "Feature", "geometry": {"type": "Point", "coordinates": [629774.99, 5219975.4]}, "properties": {"type": "gap", "gap_m": 3.6, "vineyard_id": "V32", "row_id": "V32-R184", "reachable": true, "id": "T1521", "x": 629774.99, "y": 5219975.4, "order": null, "visited": false}}, {"type": "Feature", "geometry": {"type": "Point", "coordinates": [629730.14, 5220028.34]}, "properties": {"type": "gap", "gap_m": 5.9, "vineyard_id": "V32", "row_id": "V32-R185", "reachable": true, "id": "T1522", "x": 629730.14, "y": 5220028.34, "order": null, "visited": false}}, {"type": "Feature", "geometry": {"type": "Point", "coordinates": [629744.23, 5220009.67]}, "properties": {"type": "gap", "gap_m": 7.6, "vineyard_id": "V32", "row_id": "V32-R185", "reachable": true, "id": "T1523", "x": 629744.23, "y": 5220009.67, "order": 1384, "visited": true}}, {"type": "Feature", "geometry": {"type": "Point", "coordinates": [629741.1, 5220008.87]}, "properties": {"type": "gap", "gap_m": 7.4, "vineyard_id": "V32", "row_id": "V32-R186", "reachable": true, "id": "T1524", "x": 629741.1, "y": 5220008.87, "order": 1383, "visited": true}}, {"type": "Feature", "geometry": {"type": "Point", "coordinates": [629784.56, 5219976.81]}, "properties": {"type": "gap", "gap_m": 4.6, "vineyard_id": "V32", "row_id": "V32-R187", "reachable": true, "id": "T1525", "x": 629784.56, "y": 5219976.81, "order": null, "visited": false}}, {"type": "Feature", "geometry": {"type": "Point", "coordinates": [629670.71, 5220091.1]}, "properties": {"type": "gap", "gap_m": 6.7, "vineyard_id": "V32", "row_id": "V32-R191", "reachable": true, "id": "T1526", "x": 629670.71, "y": 5220091.1, "order": 1365, "visited": true}}, {"type": "Feature", "geometry": {"type": "Point", "coordinates": [629698.46, 5220054.64]}, "properties": {"type": "gap", "gap_m": 5.3, "vineyard_id": "V32", "row_id": "V32-R191", "reachable": true, "id": "T1527", "x": 629698.46, "y": 5220054.64, "order": 1242, "visited": true}}, {"type": "Feature", "geometry": {"type": "Point", "coordinates": [629674.1, 5220092.88]}, "properties": {"type": "gap", "gap_m": 4.9, "vineyard_id": "V32", "row_id": "V32-R192", "reachable": true, "id": "T1528", "x": 629674.1, "y": 5220092.88, "order": 1364, "visited": true}}, {"type": "Feature", "geometry": {"type": "Point", "coordinates": [629738.66, 5220007.5]}, "properties": {"type": "gap", "gap_m": 7.5, "vineyard_id": "V32", "row_id": "V32-R192", "reachable": true, "id": "T1529", "x": 629738.66, "y": 5220007.5, "order": 1382, "visited": true}}, {"type": "Feature", "geometry": {"type": "Point", "coordinates": [629665.76, 5220090.74]}, "properties": {"type": "gap", "gap_m": 11.7, "vineyard_id": "V32", "row_id": "V32-R194", "reachable": true, "id": "T1530", "x": 629665.76, "y": 5220090.74, "order": 1366, "visited": true}}, {"type": "Feature", "geometry": {"type": "Point", "coordinates": [629796.29, 5219961.47]}, "properties": {"type": "gap", "gap_m": 3.9, "vineyard_id": "V32", "row_id": "V32-R195", "reachable": true, "id": "T1531", "x": 629796.29, "y": 5219961.47, "order": null, "visited": false}}, {"type": "Feature", "geometry": {"type": "Point", "coordinates": [629662.91, 5220089.86]}, "properties": {"type": "gap", "gap_m": 5.2, "vineyard_id": "V32", "row_id": "V32-R196", "reachable": true, "id": "T1532", "x": 629662.91, "y": 5220089.86, "order": 1368, "visited": true}}, {"type": "Feature", "geometry": {"type": "Point", "coordinates": [629694.74, 5220048.38]}, "properties": {"type": "gap", "gap_m": 7.0, "vineyard_id": "V32", "row_id": "V32-R196", "reachable": true, "id": "T1533", "x": 629694.74, "y": 5220048.38, "order": 1380, "visited": true}}, {"type": "Feature", "geometry": {"type": "Point", "coordinates": [629736.09, 5220006.53]}, "properties": {"type": "gap", "gap_m": 7.3, "vineyard_id": "V32", "row_id": "V32-R197", "reachable": true, "id": "T1534", "x": 629736.09, "y": 5220006.53, "order": 1381, "visited": true}}, {"type": "Feature", "geometry": {"type": "Point", "coordinates": [629660.77, 5220088.53]}, "properties": {"type": "gap", "gap_m": 4.6, "vineyard_id": "V32", "row_id": "V32-R198", "reachable": true, "id": "T1535", "x": 629660.77, "y": 5220088.53, "order": 1369, "visited": true}}, {"type": "Feature", "geometry": {"type": "Point", "coordinates": [629692.07, 5220047.82]}, "properties": {"type": "gap", "gap_m": 6.7, "vineyard_id": "V32", "row_id": "V32-R198", "reachable": true, "id": "T1536", "x": 629692.07, "y": 5220047.82, "order": 1379, "visited": true}}, {"type": "Feature", "geometry": {"type": "Point", "coordinates": [629646.4, 5220077.63]}, "properties": {"type": "gap", "gap_m": 27.3, "vineyard_id": "V32", "row_id": "V32-R204", "reachable": true, "id": "T1537", "x": 629646.4, "y": 5220077.63, "order": 1372, "visited": true}}, {"type": "Feature", "geometry": {"type": "Point", "coordinates": [629639.73, 5220072.65]}, "properties": {"type": "gap", "gap_m": 33.5, "vineyard_id": "V32", "row_id": "V32-R209", "reachable": true, "id": "T1538", "x": 629639.73, "y": 5220072.65, "order": 1373, "visited": true}}, {"type": "Feature", "geometry": {"type": "Point", "coordinates": [629637.16, 5220071.35]}, "properties": {"type": "gap", "gap_m": 29.3, "vineyard_id": "V32", "row_id": "V32-R210", "reachable": true, "id": "T1539", "x": 629637.16, "y": 5220071.35, "order": 1374, "visited": true}}, {"type": "Feature", "geometry": {"type": "Point", "coordinates": [629629.23, 5220077.2]}, "properties": {"type": "gap", "gap_m": 33.1, "vineyard_id": "V32", "row_id": "V32-R211", "reachable": true, "id": "T1540", "x": 629629.23, "y": 5220077.2, "order": 1377, "visited": true}}, {"type": "Feature", "geometry": {"type": "Point", "coordinates": [629627.48, 5220075.18]}, "properties": {"type": "gap", "gap_m": 27.0, "vineyard_id": "V32", "row_id": "V32-R213", "reachable": true, "id": "T1541", "x": 629627.48, "y": 5220075.18, "order": 1376, "visited": true}}, {"type": "Feature", "geometry": {"type": "Point", "coordinates": [629638.86, 5220062.08]}, "properties": {"type": "gap", "gap_m": 3.2, "vineyard_id": "V32", "row_id": "V32-R213", "reachable": true, "id": "T1542", "x": 629638.86, "y": 5220062.08, "order": 1375, "visited": true}}, {"type": "Feature", "geometry": {"type": "Point", "coordinates": [629934.3, 5219941.9]}, "properties": {"type": "gap", "gap_m": 3.1, "vineyard_id": "V34", "row_id": "V34-R01", "reachable": true, "id": "T1543", "x": 629934.3, "y": 5219941.9, "order": 940, "visited": true}}, {"type": "Feature", "geometry": {"type": "Point", "coordinates": [629993.6, 5219904.01]}, "properties": {"type": "gap", "gap_m": 3.8, "vineyard_id": "V34", "row_id": "V34-R02", "reachable": true, "id": "T1544", "x": 629993.6, "y": 5219904.01, "order": null, "visited": false}}, {"type": "Feature", "geometry": {"type": "Point", "coordinates": [629997.18, 5219900.9]}, "properties": {"type": "gap", "gap_m": 4.6, "vineyard_id": "V34", "row_id": "V34-R02", "reachable": true, "id": "T1545", "x": 629997.18, "y": 5219900.9, "order": null, "visited": false}}, {"type": "Feature", "geometry": {"type": "Point", "coordinates": [629933.24, 5219938.33]}, "properties": {"type": "gap", "gap_m": 7.3, "vineyard_id": "V34", "row_id": "V34-R03", "reachable": true, "id": "T1546", "x": 629933.24, "y": 5219938.33, "order": 939, "visited": true}}, {"type": "Feature", "geometry": {"type": "Point", "coordinates": [629993.15, 5219900.62]}, "properties": {"type": "gap", "gap_m": 8.7, "vineyard_id": "V34", "row_id": "V34-R04", "reachable": true, "id": "T1547", "x": 629993.15, "y": 5219900.62, "order": null, "visited": false}}, {"type": "Feature", "geometry": {"type": "Point", "coordinates": [629916.67, 5219935.75]}, "properties": {"type": "gap", "gap_m": 3.2, "vineyard_id": "V34", "row_id": "V34-R05", "reachable": true, "id": "T1548", "x": 629916.67, "y": 5219935.75, "order": null, "visited": false}}, {"type": "Feature", "geometry": {"type": "Point", "coordinates": [629929.45, 5219934.45]}, "properties": {"type": "gap", "gap_m": 3.5, "vineyard_id": "V34", "row_id": "V34-R05", "reachable": true, "id": "T1549", "x": 629929.45, "y": 5219934.45, "order": 941, "visited": true}}, {"type": "Feature", "geometry": {"type": "Point", "coordinates": [629936.3, 5219933.76]}, "properties": {"type": "gap", "gap_m": 6.1, "vineyard_id": "V34", "row_id": "V34-R05", "reachable": true, "id": "T1550", "x": 629936.3, "y": 5219933.76, "order": 961, "visited": true}}, {"type": "Feature", "geometry": {"type": "Point", "coordinates": [629946.26, 5219932.74]}, "properties": {"type": "gap", "gap_m": 6.2, "vineyard_id": "V34", "row_id": "V34-R05", "reachable": true, "id": "T1551", "x": 629946.26, "y": 5219932.74, "order": 937, "visited": true}}, {"type": "Feature", "geometry": {"type": "Point", "coordinates": [629925.92, 5219931.67]}, "properties": {"type": "gap", "gap_m": 4.2, "vineyard_id": "V34", "row_id": "V34-R06", "reachable": true, "id": "T1552", "x": 629925.92, "y": 5219931.67, "order": 938, "visited": true}}, {"type": "Feature", "geometry": {"type": "Point", "coordinates": [629931.34, 5219931.1]}, "properties": {"type": "gap", "gap_m": 3.9, "vineyard_id": "V34", "row_id": "V34-R06", "reachable": true, "id": "T1553", "x": 629931.34, "y": 5219931.1, "order": 942, "visited": true}}, {"type": "Feature", "geometry": {"type": "Point", "coordinates": [629941.25, 5219930.05]}, "properties": {"type": "gap", "gap_m": 14.3, "vineyard_id": "V34", "row_id": "V34-R06", "reachable": true, "id": "T1554", "x": 629941.25, "y": 5219930.05, "order": 962, "visited": true}}, {"type": "Feature", "geometry": {"type": "Point", "coordinates": [629992.39, 5219897.41]}, "properties": {"type": "gap", "gap_m": 13.8, "vineyard_id": "V34", "row_id": "V34-R07", "reachable": true, "id": "T1555", "x": 629992.39, "y": 5219897.41, "order": 932, "visited": true}}, {"type": "Feature", "geometry": {"type": "Point", "coordinates": [629974.02, 5219907.77]}, "properties": {"type": "gap", "gap_m": 5.4, "vineyard_id": "V34", "row_id": "V34-R08", "reachable": true, "id": "T1556", "x": 629974.02, "y": 5219907.77, "order": 931, "visited": true}}, {"type": "Feature", "geometry": {"type": "Point", "coordinates": [629971.82, 5219905.85]}, "properties": {"type": "gap", "gap_m": 5.0, "vineyard_id": "V34", "row_id": "V34-R09", "reachable": true, "id": "T1557", "x": 629971.82, "y": 5219905.85, "order": 935, "visited": true}}, {"type": "Feature", "geometry": {"type": "Point", "coordinates": [629985.93, 5219893.56]}, "properties": {"type": "gap", "gap_m": 5.1, "vineyard_id": "V34", "row_id": "V34-R09", "reachable": true, "id": "T1558", "x": 629985.93, "y": 5219893.56, "order": 933, "visited": true}}, {"type": "Feature", "geometry": {"type": "Point", "coordinates": [629968.99, 5219905.01]}, "properties": {"type": "gap", "gap_m": 7.7, "vineyard_id": "V34", "row_id": "V34-R10", "reachable": true, "id": "T1559", "x": 629968.99, "y": 5219905.01, "order": 936, "visited": true}}, {"type": "Feature", "geometry": {"type": "Point", "coordinates": [629980.93, 5219894.64]}, "properties": {"type": "gap", "gap_m": 3.8, "vineyard_id": "V34", "row_id": "V34-R10", "reachable": true, "id": "T1560", "x": 629980.93, "y": 5219894.64, "order": 934, "visited": true}}, {"type": "Feature", "geometry": {"type": "Point", "coordinates": [630007.07, 5219939.58]}, "properties": {"type": "gap", "gap_m": 6.0, "vineyard_id": "V35", "row_id": "V35-R03", "reachable": true, "id": "T1561", "x": 630007.07, "y": 5219939.58, "order": null, "visited": false}}, {"type": "Feature", "geometry": {"type": "Point", "coordinates": [629989.94, 5219934.56]}, "properties": {"type": "gap", "gap_m": 11.5, "vineyard_id": "V35", "row_id": "V35-R06", "reachable": true, "id": "T1563", "x": 629989.94, "y": 5219934.56, "order": null, "visited": false}}, {"type": "Feature", "geometry": {"type": "Point", "coordinates": [629988.28, 5219933.57]}, "properties": {"type": "gap", "gap_m": 10.5, "vineyard_id": "V35", "row_id": "V35-R07", "reachable": true, "id": "T1564", "x": 629988.28, "y": 5219933.57, "order": null, "visited": false}}, {"type": "Feature", "geometry": {"type": "Point", "coordinates": [629997.06, 5219925.85]}, "properties": {"type": "gap", "gap_m": 5.5, "vineyard_id": "V35", "row_id": "V35-R07", "reachable": true, "id": "T1565", "x": 629997.06, "y": 5219925.85, "order": null, "visited": false}}, {"type": "Feature", "geometry": {"type": "Point", "coordinates": [630002.55, 5219921.03]}, "properties": {"type": "gap", "gap_m": 6.0, "vineyard_id": "V35", "row_id": "V35-R07", "reachable": true, "id": "T1566", "x": 630002.55, "y": 5219921.03, "order": null, "visited": false}}, {"type": "Feature", "geometry": {"type": "Point", "coordinates": [630009.25, 5219915.15]}, "properties": {"type": "gap", "gap_m": 10.7, "vineyard_id": "V35", "row_id": "V35-R07", "reachable": true, "id": "T1567", "x": 630009.25, "y": 5219915.15, "order": null, "visited": false}}, {"type": "Feature", "geometry": {"type": "Point", "coordinates": [629985.88, 5219931.7]}, "properties": {"type": "gap", "gap_m": 10.0, "vineyard_id": "V35", "row_id": "V35-R08", "reachable": true, "id": "T1568", "x": 629985.88, "y": 5219931.7, "order": null, "visited": false}}, {"type": "Feature", "geometry": {"type": "Point", "coordinates": [629994.61, 5219924.08]}, "properties": {"type": "gap", "gap_m": 6.1, "vineyard_id": "V35", "row_id": "V35-R08", "reachable": true, "id": "T1569", "x": 629994.61, "y": 5219924.08, "order": null, "visited": false}}, {"type": "Feature", "geometry": {"type": "Point", "coordinates": [630004.25, 5219915.66]}, "properties": {"type": "gap", "gap_m": 3.2, "vineyard_id": "V35", "row_id": "V35-R08", "reachable": true, "id": "T1570", "x": 630004.25, "y": 5219915.66, "order": null, "visited": false}}, {"type": "Feature", "geometry": {"type": "Point", "coordinates": [629983.02, 5219931.72]}, "properties": {"type": "gap", "gap_m": 6.4, "vineyard_id": "V35", "row_id": "V35-R09", "reachable": true, "id": "T1571", "x": 629983.02, "y": 5219931.72, "order": null, "visited": false}}, {"type": "Feature", "geometry": {"type": "Point", "coordinates": [629994.0, 5219922.14]}, "properties": {"type": "gap", "gap_m": 3.8, "vineyard_id": "V35", "row_id": "V35-R09", "reachable": true, "id": "T1572", "x": 629994.0, "y": 5219922.14, "order": null, "visited": false}}, {"type": "Feature", "geometry": {"type": "Point", "coordinates": [629979.76, 5219929.28]}, "properties": {"type": "gap", "gap_m": 5.6, "vineyard_id": "V35", "row_id": "V35-R10", "reachable": true, "id": "T1573", "x": 629979.76, "y": 5219929.28, "order": null, "visited": false}}, {"type": "Feature", "geometry": {"type": "Point", "coordinates": [629988.75, 5219921.46]}, "properties": {"type": "gap", "gap_m": 6.8, "vineyard_id": "V35", "row_id": "V35-R10", "reachable": true, "id": "T1574", "x": 629988.75, "y": 5219921.46, "order": null, "visited": false}}, {"type": "Feature", "geometry": {"type": "Point", "coordinates": [629999.93, 5219911.74]}, "properties": {"type": "gap", "gap_m": 15.6, "vineyard_id": "V35", "row_id": "V35-R10", "reachable": true, "id": "T1575", "x": 629999.93, "y": 5219911.74, "order": null, "visited": false}}, {"type": "Feature", "geometry": {"type": "Point", "coordinates": [630010.4, 5219902.65]}, "properties": {"type": "gap", "gap_m": 11.0, "vineyard_id": "V35", "row_id": "V35-R10", "reachable": true, "id": "T1576", "x": 630010.4, "y": 5219902.65, "order": null, "visited": false}}, {"type": "Feature", "geometry": {"type": "Point", "coordinates": [630589.45, 5219936.98]}, "properties": {"type": "gap", "gap_m": 4.6, "vineyard_id": "V36", "row_id": "V36-R03", "reachable": true, "id": "T1577", "x": 630589.45, "y": 5219936.98, "order": null, "visited": false}}, {"type": "Feature", "geometry": {"type": "Point", "coordinates": [630586.04, 5219936.15]}, "properties": {"type": "gap", "gap_m": 3.6, "vineyard_id": "V36", "row_id": "V36-R04", "reachable": true, "id": "T1578", "x": 630586.04, "y": 5219936.15, "order": null, "visited": false}}, {"type": "Feature", "geometry": {"type": "Point", "coordinates": [630590.08, 5219932.1]}, "properties": {"type": "gap", "gap_m": 6.1, "vineyard_id": "V36", "row_id": "V36-R04", "reachable": true, "id": "T1579", "x": 630590.08, "y": 5219932.1, "order": null, "visited": false}}, {"type": "Feature", "geometry": {"type": "Point", "coordinates": [630594.73, 5219927.45]}, "properties": {"type": "gap", "gap_m": 4.2, "vineyard_id": "V36", "row_id": "V36-R04", "reachable": true, "id": "T1580", "x": 630594.73, "y": 5219927.45, "order": null, "visited": false}}, {"type": "Feature", "geometry": {"type": "Point", "coordinates": [630547.91, 5219879.46]}, "properties": {"type": "gap", "gap_m": 16.4, "vineyard_id": "V38", "row_id": "V38-R02", "reachable": true, "id": "T1582", "x": 630547.91, "y": 5219879.46, "order": null, "visited": false}}, {"type": "Feature", "geometry": {"type": "Point", "coordinates": [630547.86, 5219877.42]}, "properties": {"type": "gap", "gap_m": 17.6, "vineyard_id": "V38", "row_id": "V38-R03", "reachable": true, "id": "T1583", "x": 630547.86, "y": 5219877.42, "order": null, "visited": false}}, {"type": "Feature", "geometry": {"type": "Point", "coordinates": [630540.48, 5219871.9]}, "properties": {"type": "gap", "gap_m": 3.7, "vineyard_id": "V38", "row_id": "V38-R05", "reachable": true, "id": "T1584", "x": 630540.48, "y": 5219871.9, "order": null, "visited": false}}, {"type": "Feature", "geometry": {"type": "Point", "coordinates": [630539.05, 5219860.88]}, "properties": {"type": "gap", "gap_m": 3.5, "vineyard_id": "V38", "row_id": "V38-R08", "reachable": true, "id": "T1585", "x": 630539.05, "y": 5219860.88, "order": null, "visited": false}}, {"type": "Feature", "geometry": {"type": "Point", "coordinates": [630539.92, 5219859.03]}, "properties": {"type": "gap", "gap_m": 3.1, "vineyard_id": "V38", "row_id": "V38-R09", "reachable": true, "id": "T1586", "x": 630539.92, "y": 5219859.03, "order": null, "visited": false}}, {"type": "Feature", "geometry": {"type": "Point", "coordinates": [630540.28, 5219856.26]}, "properties": {"type": "gap", "gap_m": 4.7, "vineyard_id": "V38", "row_id": "V38-R10", "reachable": true, "id": "T1587", "x": 630540.28, "y": 5219856.26, "order": null, "visited": false}}, {"type": "Feature", "geometry": {"type": "Point", "coordinates": [630545.12, 5219841.63]}, "properties": {"type": "gap", "gap_m": 3.4, "vineyard_id": "V38", "row_id": "V38-R14", "reachable": true, "id": "T1589", "x": 630545.12, "y": 5219841.63, "order": null, "visited": false}}, {"type": "Feature", "geometry": {"type": "Point", "coordinates": [629960.8, 5219819.69]}, "properties": {"type": "gap", "gap_m": 6.2, "vineyard_id": "V39", "row_id": "V39-R01", "reachable": true, "id": "T1590", "x": 629960.8, "y": 5219819.69, "order": 984, "visited": true}}, {"type": "Feature", "geometry": {"type": "Point", "coordinates": [629953.94, 5219819.12]}, "properties": {"type": "gap", "gap_m": 6.3, "vineyard_id": "V39", "row_id": "V39-R01", "reachable": true, "id": "T1591", "x": 629953.94, "y": 5219819.12, "order": 985, "visited": true}}, {"type": "Feature", "geometry": {"type": "Point", "coordinates": [629939.25, 5219817.92]}, "properties": {"type": "gap", "gap_m": 7.6, "vineyard_id": "V39", "row_id": "V39-R01", "reachable": true, "id": "T1592", "x": 629939.25, "y": 5219817.92, "order": 976, "visited": true}}, {"type": "Feature", "geometry": {"type": "Point", "coordinates": [629930.06, 5219817.16]}, "properties": {"type": "gap", "gap_m": 6.4, "vineyard_id": "V39", "row_id": "V39-R01", "reachable": true, "id": "T1593", "x": 629930.06, "y": 5219817.16, "order": 978, "visited": true}}, {"type": "Feature", "geometry": {"type": "Point", "coordinates": [629953.92, 5219816.61]}, "properties": {"type": "gap", "gap_m": 3.1, "vineyard_id": "V39", "row_id": "V39-R02", "reachable": true, "id": "T1594", "x": 629953.92, "y": 5219816.61, "order": 985, "visited": true}}, {"type": "Feature", "geometry": {"type": "Point", "coordinates": [629948.73, 5219816.19]}, "properties": {"type": "gap", "gap_m": 6.3, "vineyard_id": "V39", "row_id": "V39-R02", "reachable": true, "id": "T1595", "x": 629948.73, "y": 5219816.19, "order": 986, "visited": true}}, {"type": "Feature", "geometry": {"type": "Point", "coordinates": [629940.64, 5219815.53]}, "properties": {"type": "gap", "gap_m": 9.0, "vineyard_id": "V39", "row_id": "V39-R02", "reachable": true, "id": "T1596", "x": 629940.64, "y": 5219815.53, "order": 975, "visited": true}}, {"type": "Feature", "geometry": {"type": "Point", "coordinates": [629930.73, 5219814.72]}, "properties": {"type": "gap", "gap_m": 6.9, "vineyard_id": "V39", "row_id": "V39-R02", "reachable": true, "id": "T1597", "x": 629930.73, "y": 5219814.72, "order": 978, "visited": true}}, {"type": "Feature", "geometry": {"type": "Point", "coordinates": [629924.59, 5219814.22]}, "properties": {"type": "gap", "gap_m": 3.8, "vineyard_id": "V39", "row_id": "V39-R02", "reachable": true, "id": "T1598", "x": 629924.59, "y": 5219814.22, "order": 979, "visited": true}}, {"type": "Feature", "geometry": {"type": "Point", "coordinates": [629973.62, 5219770.77]}, "properties": {"type": "gap", "gap_m": 4.6, "vineyard_id": "V39", "row_id": "V39-R03", "reachable": true, "id": "T1599", "x": 629973.62, "y": 5219770.77, "order": null, "visited": false}}, {"type": "Feature", "geometry": {"type": "Point", "coordinates": [629983.36, 5219758.43]}, "properties": {"type": "gap", "gap_m": 16.8, "vineyard_id": "V39", "row_id": "V39-R03", "reachable": true, "id": "T1600", "x": 629983.36, "y": 5219758.43, "order": 1082, "visited": true}}, {"type": "Feature", "geometry": {"type": "Point", "coordinates": [629993.75, 5219745.26]}, "properties": {"type": "gap", "gap_m": 3.2, "vineyard_id": "V39", "row_id": "V39-R03", "reachable": true, "id": "T1601", "x": 629993.75, "y": 5219745.26, "order": 1079, "visited": true}}, {"type": "Feature", "geometry": {"type": "Point", "coordinates": [629899.12, 5219859.9]}, "properties": {"type": "gap", "gap_m": 26.1, "vineyard_id": "V39", "row_id": "V39-R04", "reachable": true, "id": "T1604", "x": 629899.12, "y": 5219859.9, "order": 1212, "visited": true}}, {"type": "Feature", "geometry": {"type": "Point", "coordinates": [629955.89, 5219814.15]}, "properties": {"type": "gap", "gap_m": 10.2, "vineyard_id": "V39", "row_id": "V39-R05", "reachable": true, "id": "T1605", "x": 629955.89, "y": 5219814.15, "order": 982, "visited": true}}, {"type": "Feature", "geometry": {"type": "Point", "coordinates": [629943.05, 5219813.08]}, "properties": {"type": "gap", "gap_m": 8.4, "vineyard_id": "V39", "row_id": "V39-R05", "reachable": true, "id": "T1606", "x": 629943.05, "y": 5219813.08, "order": 974, "visited": true}}, {"type": "Feature", "geometry": {"type": "Point", "coordinates": [629933.95, 5219812.33]}, "properties": {"type": "gap", "gap_m": 7.9, "vineyard_id": "V39", "row_id": "V39-R05", "reachable": true, "id": "T1607", "x": 629933.95, "y": 5219812.33, "order": 981, "visited": true}}, {"type": "Feature", "geometry": {"type": "Point", "coordinates": [629926.69, 5219811.72]}, "properties": {"type": "gap", "gap_m": 3.9, "vineyard_id": "V39", "row_id": "V39-R05", "reachable": true, "id": "T1608", "x": 629926.69, "y": 5219811.72, "order": 980, "visited": true}}, {"type": "Feature", "geometry": {"type": "Point", "coordinates": [629957.49, 5219789.64]}, "properties": {"type": "gap", "gap_m": 7.9, "vineyard_id": "V39", "row_id": "V39-R06", "reachable": true, "id": "T1609", "x": 629957.49, "y": 5219789.64, "order": 1114, "visited": true}}, {"type": "Feature", "geometry": {"type": "Point", "coordinates": [629961.15, 5219812.29]}, "properties": {"type": "gap", "gap_m": 3.2, "vineyard_id": "V39", "row_id": "V39-R07", "reachable": true, "id": "T1610", "x": 629961.15, "y": 5219812.29, "order": 987, "visited": true}}, {"type": "Feature", "geometry": {"type": "Point", "coordinates": [629940.22, 5219810.59]}, "properties": {"type": "gap", "gap_m": 16.9, "vineyard_id": "V39", "row_id": "V39-R07", "reachable": true, "id": "T1611", "x": 629940.22, "y": 5219810.59, "order": 973, "visited": true}}, {"type": "Feature", "geometry": {"type": "Point", "coordinates": [629978.23, 5219760.26]}, "properties": {"type": "gap", "gap_m": 5.5, "vineyard_id": "V39", "row_id": "V39-R08", "reachable": true, "id": "T1612", "x": 629978.23, "y": 5219760.26, "order": 1075, "visited": true}}, {"type": "Feature", "geometry": {"type": "Point", "coordinates": [629987.08, 5219749.0]}, "properties": {"type": "gap", "gap_m": 18.0, "vineyard_id": "V39", "row_id": "V39-R08", "reachable": true, "id": "T1613", "x": 629987.08, "y": 5219749.0, "order": 1077, "visited": true}}, {"type": "Feature", "geometry": {"type": "Point", "coordinates": [629962.73, 5219810.02]}, "properties": {"type": "gap", "gap_m": 3.2, "vineyard_id": "V39", "row_id": "V39-R09", "reachable": true, "id": "T1614", "x": 629962.73, "y": 5219810.02, "order": 988, "visited": true}}, {"type": "Feature", "geometry": {"type": "Point", "coordinates": [629939.34, 5219808.06]}, "properties": {"type": "gap", "gap_m": 22.2, "vineyard_id": "V39", "row_id": "V39-R09", "reachable": true, "id": "T1615", "x": 629939.34, "y": 5219808.06, "order": 971, "visited": true}}, {"type": "Feature", "geometry": {"type": "Point", "coordinates": [629853.01, 5219917.65]}, "properties": {"type": "gap", "gap_m": 14.0, "vineyard_id": "V39", "row_id": "V39-R10", "reachable": true, "id": "T1616", "x": 629853.01, "y": 5219917.65, "order": 1230, "visited": true}}, {"type": "Feature", "geometry": {"type": "Point", "coordinates": [629892.23, 5219868.4]}, "properties": {"type": "gap", "gap_m": 20.0, "vineyard_id": "V39", "row_id": "V39-R11", "reachable": true, "id": "T1617", "x": 629892.23, "y": 5219868.4, "order": 1213, "visited": true}}, {"type": "Feature", "geometry": {"type": "Point", "coordinates": [629894.02, 5219853.73]}, "properties": {"type": "gap", "gap_m": 6.5, "vineyard_id": "V39", "row_id": "V39-R11", "reachable": true, "id": "T1618", "x": 629894.02, "y": 5219853.73, "order": 1128, "visited": true}}, {"type": "Feature", "geometry": {"type": "Point", "coordinates": [629955.6, 5219807.43]}, "properties": {"type": "gap", "gap_m": 6.3, "vineyard_id": "V39", "row_id": "V39-R12", "reachable": true, "id": "T1619", "x": 629955.6, "y": 5219807.43, "order": 989, "visited": true}}, {"type": "Feature", "geometry": {"type": "Point", "coordinates": [629943.47, 5219806.45]}, "properties": {"type": "gap", "gap_m": 16.7, "vineyard_id": "V39", "row_id": "V39-R12", "reachable": true, "id": "T1620", "x": 629943.47, "y": 5219806.45, "order": 972, "visited": true}}, {"type": "Feature", "geometry": {"type": "Point", "coordinates": [629931.93, 5219805.52]}, "properties": {"type": "gap", "gap_m": 5.2, "vineyard_id": "V39", "row_id": "V39-R12", "reachable": true, "id": "T1621", "x": 629931.93, "y": 5219805.52, "order": 969, "visited": true}}, {"type": "Feature", "geometry": {"type": "Point", "coordinates": [629973.92, 5219761.84]}, "properties": {"type": "gap", "gap_m": 14.9, "vineyard_id": "V39", "row_id": "V39-R13", "reachable": true, "id": "T1622", "x": 629973.92, "y": 5219761.84, "order": 1074, "visited": true}}, {"type": "Feature", "geometry": {"type": "Point", "coordinates": [629980.86, 5219752.89]}, "properties": {"type": "gap", "gap_m": 6.7, "vineyard_id": "V39", "row_id": "V39-R13", "reachable": true, "id": "T1623", "x": 629980.86, "y": 5219752.89, "order": 1076, "visited": true}}, {"type": "Feature", "geometry": {"type": "Point", "coordinates": [629987.83, 5219743.89]}, "properties": {"type": "gap", "gap_m": 5.1, "vineyard_id": "V39", "row_id": "V39-R13", "reachable": true, "id": "T1624", "x": 629987.83, "y": 5219743.89, "order": 1078, "visited": true}}, {"type": "Feature", "geometry": {"type": "Point", "coordinates": [629889.41, 5219873.49]}, "properties": {"type": "gap", "gap_m": 16.5, "vineyard_id": "V39", "row_id": "V39-R15", "reachable": true, "id": "T1625", "x": 629889.41, "y": 5219873.49, "order": 1214, "visited": true}}, {"type": "Feature", "geometry": {"type": "Point", "coordinates": [629891.27, 5219858.38]}, "properties": {"type": "gap", "gap_m": 12.8, "vineyard_id": "V39", "row_id": "V39-R15", "reachable": true, "id": "T1626", "x": 629891.27, "y": 5219858.38, "order": 1129, "visited": true}}, {"type": "Feature", "geometry": {"type": "Point", "coordinates": [629961.11, 5219805.27]}, "properties": {"type": "gap", "gap_m": 6.2, "vineyard_id": "V39", "row_id": "V39-R16", "reachable": true, "id": "T1627", "x": 629961.11, "y": 5219805.27, "order": 991, "visited": true}}, {"type": "Feature", "geometry": {"type": "Point", "coordinates": [629942.36, 5219803.71]}, "properties": {"type": "gap", "gap_m": 22.8, "vineyard_id": "V39", "row_id": "V39-R16", "reachable": true, "id": "T1628", "x": 629942.36, "y": 5219803.71, "order": 970, "visited": true}}, {"type": "Feature", "geometry": {"type": "Point", "coordinates": [629921.92, 5219802.01]}, "properties": {"type": "gap", "gap_m": 4.4, "vineyard_id": "V39", "row_id": "V39-R16", "reachable": true, "id": "T1629", "x": 629921.92, "y": 5219802.01, "order": null, "visited": false}}, {"type": "Feature", "geometry": {"type": "Point", "coordinates": [629977.25, 5219753.42]}, "properties": {"type": "gap", "gap_m": 17.2, "vineyard_id": "V39", "row_id": "V39-R17", "reachable": true, "id": "T1630", "x": 629977.25, "y": 5219753.42, "order": 1073, "visited": true}}, {"type": "Feature", "geometry": {"type": "Point", "coordinates": [629951.27, 5219802.33]}, "properties": {"type": "gap", "gap_m": 8.3, "vineyard_id": "V39", "row_id": "V39-R18", "reachable": true, "id": "T1631", "x": 629951.27, "y": 5219802.33, "order": 1119, "visited": true}}, {"type": "Feature", "geometry": {"type": "Point", "coordinates": [629939.31, 5219801.32]}, "properties": {"type": "gap", "gap_m": 13.6, "vineyard_id": "V39", "row_id": "V39-R18", "reachable": true, "id": "T1632", "x": 629939.31, "y": 5219801.32, "order": 968, "visited": true}}, {"type": "Feature", "geometry": {"type": "Point", "coordinates": [629847.42, 5219919.36]}, "properties": {"type": "gap", "gap_m": 17.0, "vineyard_id": "V39", "row_id": "V39-R19", "reachable": true, "id": "T1633", "x": 629847.42, "y": 5219919.36, "order": 1232, "visited": true}}, {"type": "Feature", "geometry": {"type": "Point", "coordinates": [629853.47, 5219907.53]}, "properties": {"type": "gap", "gap_m": 8.0, "vineyard_id": "V39", "row_id": "V39-R19", "reachable": true, "id": "T1634", "x": 629853.47, "y": 5219907.53, "order": null, "visited": false}}, {"type": "Feature", "geometry": {"type": "Point", "coordinates": [629951.15, 5219800.21]}, "properties": {"type": "gap", "gap_m": 11.6, "vineyard_id": "V39", "row_id": "V39-R20", "reachable": true, "id": "T1635", "x": 629951.15, "y": 5219800.21, "order": 1118, "visited": true}}, {"type": "Feature", "geometry": {"type": "Point", "coordinates": [629938.67, 5219799.18]}, "properties": {"type": "gap", "gap_m": 12.3, "vineyard_id": "V39", "row_id": "V39-R20", "reachable": true, "id": "T1636", "x": 629938.67, "y": 5219799.18, "order": 968, "visited": true}}, {"type": "Feature", "geometry": {"type": "Point", "coordinates": [629924.52, 5219798.01]}, "properties": {"type": "gap", "gap_m": 3.4, "vineyard_id": "V39", "row_id": "V39-R20", "reachable": true, "id": "T1637", "x": 629924.52, "y": 5219798.01, "order": null, "visited": false}}, {"type": "Feature", "geometry": {"type": "Point", "coordinates": [629954.71, 5219798.46]}, "properties": {"type": "gap", "gap_m": 14.8, "vineyard_id": "V39", "row_id": "V39-R22", "reachable": true, "id": "T1638", "x": 629954.71, "y": 5219798.46, "order": 1117, "visited": true}}, {"type": "Feature", "geometry": {"type": "Point", "coordinates": [629939.59, 5219797.25]}, "properties": {"type": "gap", "gap_m": 10.5, "vineyard_id": "V39", "row_id": "V39-R22", "reachable": true, "id": "T1639", "x": 629939.59, "y": 5219797.25, "order": 967, "visited": true}}, {"type": "Feature", "geometry": {"type": "Point", "coordinates": [629925.98, 5219796.16]}, "properties": {"type": "gap", "gap_m": 3.9, "vineyard_id": "V39", "row_id": "V39-R22", "reachable": true, "id": "T1640", "x": 629925.98, "y": 5219796.16, "order": null, "visited": false}}, {"type": "Feature", "geometry": {"type": "Point", "coordinates": [629919.4, 5219795.63]}, "properties": {"type": "gap", "gap_m": 4.0, "vineyard_id": "V39", "row_id": "V39-R22", "reachable": true, "id": "T1641", "x": 629919.4, "y": 5219795.63, "order": null, "visited": false}}, {"type": "Feature", "geometry": {"type": "Point", "coordinates": [629883.41, 5219877.96]}, "properties": {"type": "gap", "gap_m": 18.5, "vineyard_id": "V39", "row_id": "V39-R23", "reachable": true, "id": "T1642", "x": 629883.41, "y": 5219877.96, "order": 1217, "visited": true}}, {"type": "Feature", "geometry": {"type": "Point", "coordinates": [629884.96, 5219865.22]}, "properties": {"type": "gap", "gap_m": 6.2, "vineyard_id": "V39", "row_id": "V39-R23", "reachable": true, "id": "T1643", "x": 629884.96, "y": 5219865.22, "order": 1215, "visited": true}}, {"type": "Feature", "geometry": {"type": "Point", "coordinates": [629955.94, 5219796.79]}, "properties": {"type": "gap", "gap_m": 14.9, "vineyard_id": "V39", "row_id": "V39-R24", "reachable": true, "id": "T1644", "x": 629955.94, "y": 5219796.79, "order": 1116, "visited": true}}, {"type": "Feature", "geometry": {"type": "Point", "coordinates": [629940.97, 5219795.57]}, "properties": {"type": "gap", "gap_m": 8.9, "vineyard_id": "V39", "row_id": "V39-R24", "reachable": true, "id": "T1645", "x": 629940.97, "y": 5219795.57, "order": 967, "visited": true}}, {"type": "Feature", "geometry": {"type": "Point", "coordinates": [629920.22, 5219793.88]}, "properties": {"type": "gap", "gap_m": 5.1, "vineyard_id": "V39", "row_id": "V39-R24", "reachable": true, "id": "T1646", "x": 629920.22, "y": 5219793.88, "order": null, "visited": false}}, {"type": "Feature", "geometry": {"type": "Point", "coordinates": [629882.29, 5219864.96]}, "properties": {"type": "gap", "gap_m": 4.0, "vineyard_id": "V39", "row_id": "V39-R26", "reachable": true, "id": "T1647", "x": 629882.29, "y": 5219864.96, "order": 1216, "visited": true}}, {"type": "Feature", "geometry": {"type": "Point", "coordinates": [629884.11, 5219850.07]}, "properties": {"type": "gap", "gap_m": 5.2, "vineyard_id": "V39", "row_id": "V39-R26", "reachable": true, "id": "T1648", "x": 629884.11, "y": 5219850.07, "order": 1126, "visited": true}}, {"type": "Feature", "geometry": {"type": "Point", "coordinates": [629956.7, 5219792.89]}, "properties": {"type": "gap", "gap_m": 4.6, "vineyard_id": "V39", "row_id": "V39-R28", "reachable": true, "id": "T1651", "x": 629956.7, "y": 5219792.89, "order": 1115, "visited": true}}, {"type": "Feature", "geometry": {"type": "Point", "coordinates": [629944.15, 5219791.84]}, "properties": {"type": "gap", "gap_m": 7.9, "vineyard_id": "V39", "row_id": "V39-R28", "reachable": true, "id": "T1652", "x": 629944.15, "y": 5219791.84, "order": 992, "visited": true}}, {"type": "Feature", "geometry": {"type": "Point", "coordinates": [629916.78, 5219789.57]}, "properties": {"type": "gap", "gap_m": 3.3, "vineyard_id": "V39", "row_id": "V39-R28", "reachable": true, "id": "T1653", "x": 629916.78, "y": 5219789.57, "order": null, "visited": false}}, {"type": "Feature", "geometry": {"type": "Point", "coordinates": [629878.79, 5219874.51]}, "properties": {"type": "gap", "gap_m": 14.5, "vineyard_id": "V39", "row_id": "V39-R29", "reachable": true, "id": "T1654", "x": 629878.79, "y": 5219874.51, "order": 1127, "visited": true}}, {"type": "Feature", "geometry": {"type": "Point", "coordinates": [629881.71, 5219850.58]}, "properties": {"type": "gap", "gap_m": 3.2, "vineyard_id": "V39", "row_id": "V39-R29", "reachable": true, "id": "T1655", "x": 629881.71, "y": 5219850.58, "order": 1126, "visited": true}}, {"type": "Feature", "geometry": {"type": "Point", "coordinates": [629872.55, 5219882.21]}, "properties": {"type": "gap", "gap_m": 6.9, "vineyard_id": "V39", "row_id": "V39-R32", "reachable": true, "id": "T1656", "x": 629872.55, "y": 5219882.21, "order": 1218, "visited": true}}, {"type": "Feature", "geometry": {"type": "Point", "coordinates": [629873.27, 5219876.36]}, "properties": {"type": "gap", "gap_m": 4.0, "vineyard_id": "V39", "row_id": "V39-R32", "reachable": true, "id": "T1657", "x": 629873.27, "y": 5219876.36, "order": null, "visited": false}}, {"type": "Feature", "geometry": {"type": "Point", "coordinates": [629851.55, 5219889.63]}, "properties": {"type": "gap", "gap_m": 4.6, "vineyard_id": "V39", "row_id": "V39-R35", "reachable": true, "id": "T1658", "x": 629851.55, "y": 5219889.63, "order": null, "visited": true}}, {"type": "Feature", "geometry": {"type": "Point", "coordinates": [629912.25, 5219836.16]}, "properties": {"type": "gap", "gap_m": 3.7, "vineyard_id": "V39", "row_id": "V39-R36", "reachable": true, "id": "T1659", "x": 629912.25, "y": 5219836.16, "order": 1167, "visited": true}}, {"type": "Feature", "geometry": {"type": "Point", "coordinates": [629911.65, 5219829.36]}, "properties": {"type": "gap", "gap_m": 4.1, "vineyard_id": "V39", "row_id": "V39-R36", "reachable": true, "id": "T1660", "x": 629911.65, "y": 5219829.36, "order": 1165, "visited": true}}, {"type": "Feature", "geometry": {"type": "Point", "coordinates": [629909.85, 5219809.05]}, "properties": {"type": "gap", "gap_m": 3.6, "vineyard_id": "V39", "row_id": "V39-R36", "reachable": true, "id": "T1661", "x": 629909.85, "y": 5219809.05, "order": 1164, "visited": true}}, {"type": "Feature", "geometry": {"type": "Point", "coordinates": [629908.99, 5219799.28]}, "properties": {"type": "gap", "gap_m": 4.6, "vineyard_id": "V39", "row_id": "V39-R36", "reachable": true, "id": "T1662", "x": 629908.99, "y": 5219799.28, "order": 1162, "visited": true}}, {"type": "Feature", "geometry": {"type": "Point", "coordinates": [629846.52, 5219888.87]}, "properties": {"type": "gap", "gap_m": 4.0, "vineyard_id": "V39", "row_id": "V39-R37", "reachable": true, "id": "T1663", "x": 629846.52, "y": 5219888.87, "order": null, "visited": false}}, {"type": "Feature", "geometry": {"type": "Point", "coordinates": [629850.91, 5219887.5]}, "properties": {"type": "gap", "gap_m": 3.5, "vineyard_id": "V39", "row_id": "V39-R37", "reachable": true, "id": "T1664", "x": 629850.91, "y": 5219887.5, "order": null, "visited": true}}, {"type": "Feature", "geometry": {"type": "Point", "coordinates": [629909.1, 5219831.89]}, "properties": {"type": "gap", "gap_m": 3.1, "vineyard_id": "V39", "row_id": "V39-R38", "reachable": true, "id": "T1665", "x": 629909.1, "y": 5219831.89, "order": 1166, "visited": true}}, {"type": "Feature", "geometry": {"type": "Point", "coordinates": [629906.51, 5219802.08]}, "properties": {"type": "gap", "gap_m": 4.0, "vineyard_id": "V39", "row_id": "V39-R38", "reachable": true, "id": "T1666", "x": 629906.51, "y": 5219802.08, "order": 1163, "visited": true}}, {"type": "Feature", "geometry": {"type": "Point", "coordinates": [629814.69, 5219939.29]}, "properties": {"type": "gap", "gap_m": 3.4, "vineyard_id": "V39", "row_id": "V39-R39", "reachable": true, "id": "T1667", "x": 629814.69, "y": 5219939.29, "order": null, "visited": false}}, {"type": "Feature", "geometry": {"type": "Point", "coordinates": [629905.95, 5219822.58]}, "properties": {"type": "gap", "gap_m": 4.4, "vineyard_id": "V39", "row_id": "V39-R40", "reachable": true, "id": "T1668", "x": 629905.95, "y": 5219822.58, "order": 1159, "visited": true}}, {"type": "Feature", "geometry": {"type": "Point", "coordinates": [629904.33, 5219803.98]}, "properties": {"type": "gap", "gap_m": 9.8, "vineyard_id": "V39", "row_id": "V39-R40", "reachable": true, "id": "T1669", "x": 629904.33, "y": 5219803.98, "order": 1161, "visited": true}}, {"type": "Feature", "geometry": {"type": "Point", "coordinates": [629912.32, 5219803.94]}, "properties": {"type": "gap", "gap_m": 3.9, "vineyard_id": "V39", "row_id": "V39-R41", "reachable": true, "id": "T1670", "x": 629912.32, "y": 5219803.94, "order": null, "visited": false}}, {"type": "Feature", "geometry": {"type": "Point", "coordinates": [629822.59, 5219917.57]}, "properties": {"type": "gap", "gap_m": 3.6, "vineyard_id": "V39", "row_id": "V39-R43", "reachable": true, "id": "T1671", "x": 629822.59, "y": 5219917.57, "order": null, "visited": false}}, {"type": "Feature", "geometry": {"type": "Point", "coordinates": [629903.85, 5219826.35]}, "properties": {"type": "gap", "gap_m": 3.6, "vineyard_id": "V39", "row_id": "V39-R44", "reachable": true, "id": "T1672", "x": 629903.85, "y": 5219826.35, "order": 1158, "visited": true}}, {"type": "Feature", "geometry": {"type": "Point", "coordinates": [629903.02, 5219816.94]}, "properties": {"type": "gap", "gap_m": 3.2, "vineyard_id": "V39", "row_id": "V39-R44", "reachable": true, "id": "T1673", "x": 629903.02, "y": 5219816.94, "order": 1160, "visited": true}}, {"type": "Feature", "geometry": {"type": "Point", "coordinates": [629902.16, 5219807.2]}, "properties": {"type": "gap", "gap_m": 3.9, "vineyard_id": "V39", "row_id": "V39-R44", "reachable": true, "id": "T1674", "x": 629902.16, "y": 5219807.2, "order": 1156, "visited": true}}, {"type": "Feature", "geometry": {"type": "Point", "coordinates": [629842.06, 5219887.45]}, "properties": {"type": "gap", "gap_m": 4.0, "vineyard_id": "V39", "row_id": "V39-R45", "reachable": true, "id": "T1675", "x": 629842.06, "y": 5219887.45, "order": null, "visited": false}}, {"type": "Feature", "geometry": {"type": "Point", "coordinates": [629849.63, 5219885.09]}, "properties": {"type": "gap", "gap_m": 7.8, "vineyard_id": "V39", "row_id": "V39-R45", "reachable": true, "id": "T1676", "x": 629849.63, "y": 5219885.09, "order": null, "visited": true}}, {"type": "Feature", "geometry": {"type": "Point", "coordinates": [629859.0, 5219882.17]}, "properties": {"type": "gap", "gap_m": 3.4, "vineyard_id": "V39", "row_id": "V39-R45", "reachable": true, "id": "T1677", "x": 629859.0, "y": 5219882.17, "order": null, "visited": false}}, {"type": "Feature", "geometry": {"type": "Point", "coordinates": [629900.12, 5219820.49]}, "properties": {"type": "gap", "gap_m": 3.8, "vineyard_id": "V39", "row_id": "V39-R46", "reachable": true, "id": "T1678", "x": 629900.12, "y": 5219820.49, "order": 1157, "visited": true}}, {"type": "Feature", "geometry": {"type": "Point", "coordinates": [629899.24, 5219810.3]}, "properties": {"type": "gap", "gap_m": 3.7, "vineyard_id": "V39", "row_id": "V39-R46", "reachable": true, "id": "T1679", "x": 629899.24, "y": 5219810.3, "order": null, "visited": false}}, {"type": "Feature", "geometry": {"type": "Point", "coordinates": [629849.41, 5219882.86]}, "properties": {"type": "gap", "gap_m": 16.0, "vineyard_id": "V39", "row_id": "V39-R47", "reachable": true, "id": "T1680", "x": 629849.41, "y": 5219882.86, "order": null, "visited": true}}, {"type": "Feature", "geometry": {"type": "Point", "coordinates": [629898.31, 5219822.09]}, "properties": {"type": "gap", "gap_m": 4.5, "vineyard_id": "V39", "row_id": "V39-R48", "reachable": true, "id": "T1681", "x": 629898.31, "y": 5219822.09, "order": null, "visited": false}}, {"type": "Feature", "geometry": {"type": "Point", "coordinates": [629895.11, 5219815.07]}, "properties": {"type": "gap", "gap_m": 3.9, "vineyard_id": "V39", "row_id": "V39-R49", "reachable": true, "id": "T1682", "x": 629895.11, "y": 5219815.07, "order": null, "visited": false}}, {"type": "Feature", "geometry": {"type": "Point", "coordinates": [629762.85, 5219953.29]}, "properties": {"type": "gap", "gap_m": 3.9, "vineyard_id": "V39", "row_id": "V39-R52", "reachable": true, "id": "T1683", "x": 629762.85, "y": 5219953.29, "order": null, "visited": false}}, {"type": "Feature", "geometry": {"type": "Point", "coordinates": [629838.51, 5219883.42]}, "properties": {"type": "gap", "gap_m": 4.3, "vineyard_id": "V39", "row_id": "V39-R53", "reachable": true, "id": "T1684", "x": 629838.51, "y": 5219883.42, "order": null, "visited": false}}, {"type": "Feature", "geometry": {"type": "Point", "coordinates": [629849.59, 5219879.94]}, "properties": {"type": "gap", "gap_m": 6.3, "vineyard_id": "V39", "row_id": "V39-R53", "reachable": true, "id": "T1685", "x": 629849.59, "y": 5219879.94, "order": null, "visited": true}}, {"type": "Feature", "geometry": {"type": "Point", "coordinates": [629856.78, 5219877.67]}, "properties": {"type": "gap", "gap_m": 6.7, "vineyard_id": "V39", "row_id": "V39-R53", "reachable": true, "id": "T1686", "x": 629856.78, "y": 5219877.67, "order": null, "visited": false}}, {"type": "Feature", "geometry": {"type": "Point", "coordinates": [629892.71, 5219822.97]}, "properties": {"type": "gap", "gap_m": 3.5, "vineyard_id": "V39", "row_id": "V39-R54", "reachable": true, "id": "T1687", "x": 629892.71, "y": 5219822.97, "order": null, "visited": true}}, {"type": "Feature", "geometry": {"type": "Point", "coordinates": [629892.33, 5219818.59]}, "properties": {"type": "gap", "gap_m": 4.2, "vineyard_id": "V39", "row_id": "V39-R54", "reachable": true, "id": "T1688", "x": 629892.33, "y": 5219818.59, "order": null, "visited": false}}, {"type": "Feature", "geometry": {"type": "Point", "coordinates": [629891.46, 5219808.68]}, "properties": {"type": "gap", "gap_m": 4.0, "vineyard_id": "V39", "row_id": "V39-R54", "reachable": true, "id": "T1689", "x": 629891.46, "y": 5219808.68, "order": null, "visited": false}}, {"type": "Feature", "geometry": {"type": "Point", "coordinates": [629764.65, 5219950.4]}, "properties": {"type": "gap", "gap_m": 4.3, "vineyard_id": "V39", "row_id": "V39-R56", "reachable": true, "id": "T1690", "x": 629764.65, "y": 5219950.4, "order": null, "visited": false}}, {"type": "Feature", "geometry": {"type": "Point", "coordinates": [629841.67, 5219879.85]}, "properties": {"type": "gap", "gap_m": 3.5, "vineyard_id": "V39", "row_id": "V39-R57", "reachable": true, "id": "T1691", "x": 629841.67, "y": 5219879.85, "order": null, "visited": false}}, {"type": "Feature", "geometry": {"type": "Point", "coordinates": [629851.98, 5219876.58]}, "properties": {"type": "gap", "gap_m": 12.0, "vineyard_id": "V39", "row_id": "V39-R57", "reachable": true, "id": "T1692", "x": 629851.98, "y": 5219876.58, "order": 881, "visited": true}}, {"type": "Feature", "geometry": {"type": "Point", "coordinates": [629890.01, 5219821.45]}, "properties": {"type": "gap", "gap_m": 5.4, "vineyard_id": "V39", "row_id": "V39-R58", "reachable": true, "id": "T1693", "x": 629890.01, "y": 5219821.45, "order": 1120, "visited": true}}, {"type": "Feature", "geometry": {"type": "Point", "coordinates": [629815.39, 5219885.56]}, "properties": {"type": "gap", "gap_m": 5.0, "vineyard_id": "V39", "row_id": "V39-R59", "reachable": true, "id": "T1694", "x": 629815.39, "y": 5219885.56, "order": null, "visited": false}}, {"type": "Feature", "geometry": {"type": "Point", "coordinates": [629838.93, 5219878.18]}, "properties": {"type": "gap", "gap_m": 3.1, "vineyard_id": "V39", "row_id": "V39-R59", "reachable": true, "id": "T1695", "x": 629838.93, "y": 5219878.18, "order": null, "visited": false}}, {"type": "Feature", "geometry": {"type": "Point", "coordinates": [629846.8, 5219875.71]}, "properties": {"type": "gap", "gap_m": 7.1, "vineyard_id": "V39", "row_id": "V39-R59", "reachable": true, "id": "T1696", "x": 629846.8, "y": 5219875.71, "order": null, "visited": false}}, {"type": "Feature", "geometry": {"type": "Point", "coordinates": [629853.42, 5219873.63]}, "properties": {"type": "gap", "gap_m": 4.7, "vineyard_id": "V39", "row_id": "V39-R59", "reachable": true, "id": "T1697", "x": 629853.42, "y": 5219873.63, "order": 880, "visited": true}}, {"type": "Feature", "geometry": {"type": "Point", "coordinates": [629887.77, 5219827.87]}, "properties": {"type": "gap", "gap_m": 5.6, "vineyard_id": "V39", "row_id": "V39-R60", "reachable": true, "id": "T1698", "x": 629887.77, "y": 5219827.87, "order": 1122, "visited": true}}, {"type": "Feature", "geometry": {"type": "Point", "coordinates": [629887.33, 5219822.85]}, "properties": {"type": "gap", "gap_m": 3.0, "vineyard_id": "V39", "row_id": "V39-R60", "reachable": true, "id": "T1699", "x": 629887.33, "y": 5219822.85, "order": 1121, "visited": true}}, {"type": "Feature", "geometry": {"type": "Point", "coordinates": [629817.86, 5219882.52]}, "properties": {"type": "gap", "gap_m": 5.1, "vineyard_id": "V39", "row_id": "V39-R61", "reachable": true, "id": "T1700", "x": 629817.86, "y": 5219882.52, "order": null, "visited": false}}, {"type": "Feature", "geometry": {"type": "Point", "coordinates": [629854.18, 5219871.1]}, "properties": {"type": "gap", "gap_m": 6.0, "vineyard_id": "V39", "row_id": "V39-R61", "reachable": true, "id": "T1701", "x": 629854.18, "y": 5219871.1, "order": null, "visited": false}}, {"type": "Feature", "geometry": {"type": "Point", "coordinates": [629819.38, 5219880.57]}, "properties": {"type": "gap", "gap_m": 5.7, "vineyard_id": "V39", "row_id": "V39-R62", "reachable": true, "id": "T1702", "x": 629819.38, "y": 5219880.57, "order": null, "visited": false}}, {"type": "Feature", "geometry": {"type": "Point", "coordinates": [629885.08, 5219829.2]}, "properties": {"type": "gap", "gap_m": 5.0, "vineyard_id": "V39", "row_id": "V39-R63", "reachable": true, "id": "T1703", "x": 629885.08, "y": 5219829.2, "order": 1123, "visited": true}}, {"type": "Feature", "geometry": {"type": "Point", "coordinates": [629884.19, 5219818.94]}, "properties": {"type": "gap", "gap_m": 3.4, "vineyard_id": "V39", "row_id": "V39-R63", "reachable": true, "id": "T1704", "x": 629884.19, "y": 5219818.94, "order": 1124, "visited": true}}, {"type": "Feature", "geometry": {"type": "Point", "coordinates": [629820.44, 5219878.18]}, "properties": {"type": "gap", "gap_m": 6.5, "vineyard_id": "V39", "row_id": "V39-R64", "reachable": true, "id": "T1705", "x": 629820.44, "y": 5219878.18, "order": null, "visited": false}}, {"type": "Feature", "geometry": {"type": "Point", "coordinates": [629853.24, 5219867.82]}, "properties": {"type": "gap", "gap_m": 4.1, "vineyard_id": "V39", "row_id": "V39-R64", "reachable": true, "id": "T1706", "x": 629853.24, "y": 5219867.82, "order": null, "visited": false}}, {"type": "Feature", "geometry": {"type": "Point", "coordinates": [629882.38, 5219830.81]}, "properties": {"type": "gap", "gap_m": 3.7, "vineyard_id": "V39", "row_id": "V39-R65", "reachable": true, "id": "T1707", "x": 629882.38, "y": 5219830.81, "order": 1125, "visited": true}}, {"type": "Feature", "geometry": {"type": "Point", "coordinates": [629877.41, 5219837.3]}, "properties": {"type": "gap", "gap_m": 3.5, "vineyard_id": "V39", "row_id": "V39-R67", "reachable": true, "id": "T1709", "x": 629877.41, "y": 5219837.3, "order": null, "visited": false}}, {"type": "Feature", "geometry": {"type": "Point", "coordinates": [629873.55, 5219832.79]}, "properties": {"type": "gap", "gap_m": 4.4, "vineyard_id": "V39", "row_id": "V39-R69", "reachable": true, "id": "T1710", "x": 629873.55, "y": 5219832.79, "order": null, "visited": false}}, {"type": "Feature", "geometry": {"type": "Point", "coordinates": [630499.2, 5219834.04]}, "properties": {"type": "gap", "gap_m": 4.2, "vineyard_id": "V40", "row_id": "V40-R01", "reachable": true, "id": "T1712", "x": 630499.2, "y": 5219834.04, "order": null, "visited": false}}, {"type": "Feature", "geometry": {"type": "Point", "coordinates": [630498.01, 5219824.15]}, "properties": {"type": "gap", "gap_m": 13.7, "vineyard_id": "V40", "row_id": "V40-R01", "reachable": true, "id": "T1713", "x": 630498.01, "y": 5219824.15, "order": null, "visited": false}}, {"type": "Feature", "geometry": {"type": "Point", "coordinates": [630504.25, 5219837.32]}, "properties": {"type": "gap", "gap_m": 3.7, "vineyard_id": "V40", "row_id": "V40-R02", "reachable": true, "id": "T1714", "x": 630504.25, "y": 5219837.32, "order": null, "visited": false}}, {"type": "Feature", "geometry": {"type": "Point", "coordinates": [630502.96, 5219826.51]}, "properties": {"type": "gap", "gap_m": 14.5, "vineyard_id": "V40", "row_id": "V40-R02", "reachable": true, "id": "T1715", "x": 630502.96, "y": 5219826.51, "order": null, "visited": false}}, {"type": "Feature", "geometry": {"type": "Point", "coordinates": [630511.45, 5219823.43]}, "properties": {"type": "gap", "gap_m": 4.9, "vineyard_id": "V40", "row_id": "V40-R04", "reachable": true, "id": "T1717", "x": 630511.45, "y": 5219823.43, "order": null, "visited": false}}, {"type": "Feature", "geometry": {"type": "Point", "coordinates": [630133.08, 5219885.84]}, "properties": {"type": "gap", "gap_m": 3.5, "vineyard_id": "V42", "row_id": "V42-R04", "reachable": true, "id": "T1719", "x": 630133.08, "y": 5219885.84, "order": null, "visited": false}}, {"type": "Feature", "geometry": {"type": "Point", "coordinates": [630153.56, 5219881.51]}, "properties": {"type": "gap", "gap_m": 6.5, "vineyard_id": "V42", "row_id": "V42-R04", "reachable": true, "id": "T1720", "x": 630153.56, "y": 5219881.51, "order": null, "visited": false}}, {"type": "Feature", "geometry": {"type": "Point", "coordinates": [630156.59, 5219876.95]}, "properties": {"type": "gap", "gap_m": 4.0, "vineyard_id": "V42", "row_id": "V42-R05", "reachable": true, "id": "T1721", "x": 630156.59, "y": 5219876.95, "order": null, "visited": false}}, {"type": "Feature", "geometry": {"type": "Point", "coordinates": [630124.29, 5219880.23]}, "properties": {"type": "gap", "gap_m": 3.9, "vineyard_id": "V42", "row_id": "V42-R06", "reachable": true, "id": "T1722", "x": 630124.29, "y": 5219880.23, "order": null, "visited": false}}, {"type": "Feature", "geometry": {"type": "Point", "coordinates": [630149.71, 5219874.87]}, "properties": {"type": "gap", "gap_m": 6.0, "vineyard_id": "V42", "row_id": "V42-R06", "reachable": true, "id": "T1723", "x": 630149.71, "y": 5219874.87, "order": null, "visited": false}}, {"type": "Feature", "geometry": {"type": "Point", "coordinates": [630159.2, 5219869.47]}, "properties": {"type": "gap", "gap_m": 7.2, "vineyard_id": "V42", "row_id": "V42-R07", "reachable": true, "id": "T1724", "x": 630159.2, "y": 5219869.47, "order": null, "visited": false}}, {"type": "Feature", "geometry": {"type": "Point", "coordinates": [630154.3, 5219865.8]}, "properties": {"type": "gap", "gap_m": 5.3, "vineyard_id": "V42", "row_id": "V42-R08", "reachable": true, "id": "T1725", "x": 630154.3, "y": 5219865.8, "order": null, "visited": false}}, {"type": "Feature", "geometry": {"type": "Point", "coordinates": [630160.25, 5219864.53]}, "properties": {"type": "gap", "gap_m": 3.2, "vineyard_id": "V42", "row_id": "V42-R08", "reachable": true, "id": "T1726", "x": 630160.25, "y": 5219864.53, "order": null, "visited": false}}, {"type": "Feature", "geometry": {"type": "Point", "coordinates": [630154.16, 5219862.49]}, "properties": {"type": "gap", "gap_m": 4.0, "vineyard_id": "V42", "row_id": "V42-R09", "reachable": true, "id": "T1727", "x": 630154.16, "y": 5219862.49, "order": null, "visited": false}}, {"type": "Feature", "geometry": {"type": "Point", "coordinates": [630164.93, 5219860.22]}, "properties": {"type": "gap", "gap_m": 4.5, "vineyard_id": "V42", "row_id": "V42-R09", "reachable": true, "id": "T1728", "x": 630164.93, "y": 5219860.22, "order": null, "visited": false}}, {"type": "Feature", "geometry": {"type": "Point", "coordinates": [630164.12, 5219858.1]}, "properties": {"type": "gap", "gap_m": 3.7, "vineyard_id": "V42", "row_id": "V42-R10", "reachable": true, "id": "T1729", "x": 630164.12, "y": 5219858.1, "order": null, "visited": false}}, {"type": "Feature", "geometry": {"type": "Point", "coordinates": [630134.6, 5219848.39]}, "properties": {"type": "gap", "gap_m": 8.8, "vineyard_id": "V42", "row_id": "V42-R14", "reachable": true, "id": "T1730", "x": 630134.6, "y": 5219848.39, "order": null, "visited": false}}, {"type": "Feature", "geometry": {"type": "Point", "coordinates": [630151.73, 5219842.02]}, "properties": {"type": "gap", "gap_m": 3.4, "vineyard_id": "V42", "row_id": "V42-R16", "reachable": true, "id": "T1731", "x": 630151.73, "y": 5219842.02, "order": null, "visited": false}}, {"type": "Feature", "geometry": {"type": "Point", "coordinates": [630133.76, 5219840.75]}, "properties": {"type": "gap", "gap_m": 3.3, "vineyard_id": "V42", "row_id": "V42-R18", "reachable": true, "id": "T1732", "x": 630133.76, "y": 5219840.75, "order": null, "visited": false}}, {"type": "Feature", "geometry": {"type": "Point", "coordinates": [630143.26, 5219836.21]}, "properties": {"type": "gap", "gap_m": 4.6, "vineyard_id": "V42", "row_id": "V42-R20", "reachable": true, "id": "T1733", "x": 630143.26, "y": 5219836.21, "order": null, "visited": false}}, {"type": "Feature", "geometry": {"type": "Point", "coordinates": [630200.19, 5219819.48]}, "properties": {"type": "gap", "gap_m": 3.1, "vineyard_id": "V42", "row_id": "V42-R24", "reachable": true, "id": "T1734", "x": 630200.19, "y": 5219819.48, "order": null, "visited": false}}, {"type": "Feature", "geometry": {"type": "Point", "coordinates": [630213.77, 5219805.93]}, "properties": {"type": "gap", "gap_m": 6.9, "vineyard_id": "V42", "row_id": "V42-R24", "reachable": true, "id": "T1735", "x": 630213.77, "y": 5219805.93, "order": null, "visited": false}}, {"type": "Feature", "geometry": {"type": "Point", "coordinates": [630215.95, 5219801.55]}, "properties": {"type": "gap", "gap_m": 9.2, "vineyard_id": "V42", "row_id": "V42-R25", "reachable": true, "id": "T1736", "x": 630215.95, "y": 5219801.55, "order": null, "visited": false}}, {"type": "Feature", "geometry": {"type": "Point", "coordinates": [630140.87, 5219830.8]}, "properties": {"type": "gap", "gap_m": 3.9, "vineyard_id": "V42", "row_id": "V42-R26", "reachable": true, "id": "T1737", "x": 630140.87, "y": 5219830.8, "order": 1000, "visited": true}}, {"type": "Feature", "geometry": {"type": "Point", "coordinates": [630153.33, 5219829.92]}, "properties": {"type": "gap", "gap_m": 3.8, "vineyard_id": "V42", "row_id": "V42-R26", "reachable": true, "id": "T1738", "x": 630153.33, "y": 5219829.92, "order": null, "visited": false}}, {"type": "Feature", "geometry": {"type": "Point", "coordinates": [630177.2, 5219836.39]}, "properties": {"type": "gap", "gap_m": 6.0, "vineyard_id": "V42", "row_id": "V42-R27", "reachable": true, "id": "T1739", "x": 630177.2, "y": 5219836.39, "order": null, "visited": false}}, {"type": "Feature", "geometry": {"type": "Point", "coordinates": [630190.8, 5219822.8]}, "properties": {"type": "gap", "gap_m": 4.4, "vineyard_id": "V42", "row_id": "V42-R27", "reachable": true, "id": "T1740", "x": 630190.8, "y": 5219822.8, "order": null, "visited": false}}, {"type": "Feature", "geometry": {"type": "Point", "coordinates": [630139.71, 5219827.43]}, "properties": {"type": "gap", "gap_m": 3.7, "vineyard_id": "V42", "row_id": "V42-R28", "reachable": true, "id": "T1741", "x": 630139.71, "y": 5219827.43, "order": 1001, "visited": true}}, {"type": "Feature", "geometry": {"type": "Point", "coordinates": [630162.74, 5219825.84]}, "properties": {"type": "gap", "gap_m": 4.8, "vineyard_id": "V42", "row_id": "V42-R28", "reachable": true, "id": "T1742", "x": 630162.74, "y": 5219825.84, "order": 999, "visited": true}}, {"type": "Feature", "geometry": {"type": "Point", "coordinates": [630194.11, 5219816.34]}, "properties": {"type": "gap", "gap_m": 6.3, "vineyard_id": "V42", "row_id": "V42-R29", "reachable": true, "id": "T1743", "x": 630194.11, "y": 5219816.34, "order": null, "visited": false}}, {"type": "Feature", "geometry": {"type": "Point", "coordinates": [630215.78, 5219794.66]}, "properties": {"type": "gap", "gap_m": 3.0, "vineyard_id": "V42", "row_id": "V42-R29", "reachable": true, "id": "T1744", "x": 630215.78, "y": 5219794.66, "order": null, "visited": false}}, {"type": "Feature", "geometry": {"type": "Point", "coordinates": [630112.52, 5219833.11]}, "properties": {"type": "gap", "gap_m": 5.4, "vineyard_id": "V42", "row_id": "V42-R30", "reachable": true, "id": "T1745", "x": 630112.52, "y": 5219833.11, "order": 1002, "visited": true}}, {"type": "Feature", "geometry": {"type": "Point", "coordinates": [630164.1, 5219823.18]}, "properties": {"type": "gap", "gap_m": 4.6, "vineyard_id": "V42", "row_id": "V42-R31", "reachable": true, "id": "T1746", "x": 630164.1, "y": 5219823.18, "order": 998, "visited": true}}, {"type": "Feature", "geometry": {"type": "Point", "coordinates": [630090.79, 5219836.43]}, "properties": {"type": "gap", "gap_m": 6.1, "vineyard_id": "V42", "row_id": "V42-R33", "reachable": true, "id": "T1747", "x": 630090.79, "y": 5219836.43, "order": 997, "visited": true}}, {"type": "Feature", "geometry": {"type": "Point", "coordinates": [630110.27, 5219830.46]}, "properties": {"type": "gap", "gap_m": 4.2, "vineyard_id": "V42", "row_id": "V42-R33", "reachable": true, "id": "T1748", "x": 630110.27, "y": 5219830.46, "order": 1003, "visited": true}}, {"type": "Feature", "geometry": {"type": "Point", "coordinates": [630109.88, 5219827.51]}, "properties": {"type": "gap", "gap_m": 4.8, "vineyard_id": "V42", "row_id": "V42-R35", "reachable": true, "id": "T1749", "x": 630109.88, "y": 5219827.51, "order": 1004, "visited": true}}, {"type": "Feature", "geometry": {"type": "Point", "coordinates": [630142.85, 5219818.93]}, "properties": {"type": "gap", "gap_m": 3.9, "vineyard_id": "V42", "row_id": "V42-R37", "reachable": true, "id": "T1750", "x": 630142.85, "y": 5219818.93, "order": 1006, "visited": true}}, {"type": "Feature", "geometry": {"type": "Point", "coordinates": [630159.09, 5219817.8]}, "properties": {"type": "gap", "gap_m": 3.5, "vineyard_id": "V42", "row_id": "V42-R37", "reachable": true, "id": "T1751", "x": 630159.09, "y": 5219817.8, "order": 1007, "visited": true}}, {"type": "Feature", "geometry": {"type": "Point", "coordinates": [630071.95, 5219835.2]}, "properties": {"type": "gap", "gap_m": 6.1, "vineyard_id": "V42", "row_id": "V42-R38", "reachable": true, "id": "T1752", "x": 630071.95, "y": 5219835.2, "order": 996, "visited": true}}, {"type": "Feature", "geometry": {"type": "Point", "coordinates": [630108.34, 5219824.05]}, "properties": {"type": "gap", "gap_m": 4.9, "vineyard_id": "V42", "row_id": "V42-R38", "reachable": true, "id": "T1753", "x": 630108.34, "y": 5219824.05, "order": 1005, "visited": true}}, {"type": "Feature", "geometry": {"type": "Point", "coordinates": [630171.67, 5219821.88]}, "properties": {"type": "gap", "gap_m": 3.1, "vineyard_id": "V42", "row_id": "V42-R39", "reachable": true, "id": "T1754", "x": 630171.67, "y": 5219821.88, "order": 1018, "visited": true}}, {"type": "Feature", "geometry": {"type": "Point", "coordinates": [630176.14, 5219817.41]}, "properties": {"type": "gap", "gap_m": 4.0, "vineyard_id": "V42", "row_id": "V42-R39", "reachable": true, "id": "T1755", "x": 630176.14, "y": 5219817.41, "order": 1019, "visited": true}}, {"type": "Feature", "geometry": {"type": "Point", "coordinates": [630188.28, 5219805.27]}, "properties": {"type": "gap", "gap_m": 4.5, "vineyard_id": "V42", "row_id": "V42-R39", "reachable": true, "id": "T1756", "x": 630188.28, "y": 5219805.27, "order": 1020, "visited": true}}, {"type": "Feature", "geometry": {"type": "Point", "coordinates": [630132.12, 5219816.95]}, "properties": {"type": "gap", "gap_m": 3.7, "vineyard_id": "V42", "row_id": "V42-R40", "reachable": true, "id": "T1757", "x": 630132.12, "y": 5219816.95, "order": 1009, "visited": true}}, {"type": "Feature", "geometry": {"type": "Point", "coordinates": [630153.52, 5219815.47]}, "properties": {"type": "gap", "gap_m": 4.1, "vineyard_id": "V42", "row_id": "V42-R40", "reachable": true, "id": "T1758", "x": 630153.52, "y": 5219815.47, "order": 1008, "visited": true}}, {"type": "Feature", "geometry": {"type": "Point", "coordinates": [630159.82, 5219815.03]}, "properties": {"type": "gap", "gap_m": 5.0, "vineyard_id": "V42", "row_id": "V42-R40", "reachable": true, "id": "T1759", "x": 630159.82, "y": 5219815.03, "order": 1011, "visited": true}}, {"type": "Feature", "geometry": {"type": "Point", "coordinates": [630165.53, 5219814.64]}, "properties": {"type": "gap", "gap_m": 4.3, "vineyard_id": "V42", "row_id": "V42-R40", "reachable": true, "id": "T1760", "x": 630165.53, "y": 5219814.64, "order": 1012, "visited": true}}, {"type": "Feature", "geometry": {"type": "Point", "coordinates": [630102.25, 5219822.83]}, "properties": {"type": "gap", "gap_m": 3.9, "vineyard_id": "V42", "row_id": "V42-R42", "reachable": true, "id": "T1761", "x": 630102.25, "y": 5219822.83, "order": null, "visited": false}}, {"type": "Feature", "geometry": {"type": "Point", "coordinates": [630139.25, 5219813.69]}, "properties": {"type": "gap", "gap_m": 3.0, "vineyard_id": "V42", "row_id": "V42-R43", "reachable": true, "id": "T1762", "x": 630139.25, "y": 5219813.69, "order": 1010, "visited": true}}, {"type": "Feature", "geometry": {"type": "Point", "coordinates": [630154.55, 5219812.62]}, "properties": {"type": "gap", "gap_m": 3.6, "vineyard_id": "V42", "row_id": "V42-R43", "reachable": true, "id": "T1763", "x": 630154.55, "y": 5219812.62, "order": 1029, "visited": true}}, {"type": "Feature", "geometry": {"type": "Point", "coordinates": [630176.14, 5219812.35]}, "properties": {"type": "gap", "gap_m": 4.0, "vineyard_id": "V42", "row_id": "V42-R44", "reachable": true, "id": "T1764", "x": 630176.14, "y": 5219812.35, "order": null, "visited": false}}, {"type": "Feature", "geometry": {"type": "Point", "coordinates": [630180.5, 5219807.99]}, "properties": {"type": "gap", "gap_m": 5.2, "vineyard_id": "V42", "row_id": "V42-R44", "reachable": true, "id": "T1765", "x": 630180.5, "y": 5219807.99, "order": 1017, "visited": true}}, {"type": "Feature", "geometry": {"type": "Point", "coordinates": [630190.0, 5219798.49]}, "properties": {"type": "gap", "gap_m": 3.6, "vineyard_id": "V42", "row_id": "V42-R44", "reachable": true, "id": "T1766", "x": 630190.0, "y": 5219798.49, "order": 1016, "visited": true}}, {"type": "Feature", "geometry": {"type": "Point", "coordinates": [630173.34, 5219811.51]}, "properties": {"type": "gap", "gap_m": 8.1, "vineyard_id": "V42", "row_id": "V42-R46", "reachable": true, "id": "T1767", "x": 630173.34, "y": 5219811.51, "order": 1013, "visited": true}}, {"type": "Feature", "geometry": {"type": "Point", "coordinates": [630186.92, 5219797.93]}, "properties": {"type": "gap", "gap_m": 4.7, "vineyard_id": "V42", "row_id": "V42-R46", "reachable": true, "id": "T1768", "x": 630186.92, "y": 5219797.93, "order": 1015, "visited": true}}, {"type": "Feature", "geometry": {"type": "Point", "coordinates": [630140.6, 5219810.71]}, "properties": {"type": "gap", "gap_m": 6.5, "vineyard_id": "V42", "row_id": "V42-R47", "reachable": true, "id": "T1769", "x": 630140.6, "y": 5219810.71, "order": 1030, "visited": true}}, {"type": "Feature", "geometry": {"type": "Point", "coordinates": [630081.49, 5219824.09]}, "properties": {"type": "gap", "gap_m": 3.8, "vineyard_id": "V42", "row_id": "V42-R48", "reachable": true, "id": "T1770", "x": 630081.49, "y": 5219824.09, "order": 1033, "visited": true}}, {"type": "Feature", "geometry": {"type": "Point", "coordinates": [630107.6, 5219816.2]}, "properties": {"type": "gap", "gap_m": 8.7, "vineyard_id": "V42", "row_id": "V42-R48", "reachable": true, "id": "T1771", "x": 630107.6, "y": 5219816.2, "order": 1032, "visited": true}}, {"type": "Feature", "geometry": {"type": "Point", "coordinates": [630116.05, 5219813.64]}, "properties": {"type": "gap", "gap_m": 3.8, "vineyard_id": "V42", "row_id": "V42-R48", "reachable": true, "id": "T1772", "x": 630116.05, "y": 5219813.64, "order": 1031, "visited": true}}, {"type": "Feature", "geometry": {"type": "Point", "coordinates": [630174.39, 5219807.53]}, "properties": {"type": "gap", "gap_m": 8.4, "vineyard_id": "V42", "row_id": "V42-R49", "reachable": true, "id": "T1773", "x": 630174.39, "y": 5219807.53, "order": 1014, "visited": true}}, {"type": "Feature", "geometry": {"type": "Point", "coordinates": [630142.37, 5219808.15]}, "properties": {"type": "gap", "gap_m": 7.4, "vineyard_id": "V42", "row_id": "V42-R50", "reachable": true, "id": "T1774", "x": 630142.37, "y": 5219808.15, "order": 1027, "visited": true}}, {"type": "Feature", "geometry": {"type": "Point", "coordinates": [630156.76, 5219807.16]}, "properties": {"type": "gap", "gap_m": 7.0, "vineyard_id": "V42", "row_id": "V42-R50", "reachable": true, "id": "T1775", "x": 630156.76, "y": 5219807.16, "order": 1028, "visited": true}}, {"type": "Feature", "geometry": {"type": "Point", "coordinates": [630164.21, 5219806.64]}, "properties": {"type": "gap", "gap_m": 6.3, "vineyard_id": "V42", "row_id": "V42-R50", "reachable": true, "id": "T1776", "x": 630164.21, "y": 5219806.64, "order": 1026, "visited": true}}, {"type": "Feature", "geometry": {"type": "Point", "coordinates": [630175.24, 5219802.91]}, "properties": {"type": "gap", "gap_m": 3.9, "vineyard_id": "V42", "row_id": "V42-R52", "reachable": true, "id": "T1777", "x": 630175.24, "y": 5219802.91, "order": null, "visited": true}}, {"type": "Feature", "geometry": {"type": "Point", "coordinates": [630183.81, 5219794.29]}, "properties": {"type": "gap", "gap_m": 8.1, "vineyard_id": "V42", "row_id": "V42-R52", "reachable": true, "id": "T1778", "x": 630183.81, "y": 5219794.29, "order": 1024, "visited": true}}, {"type": "Feature", "geometry": {"type": "Point", "coordinates": [630154.35, 5219804.38]}, "properties": {"type": "gap", "gap_m": 3.2, "vineyard_id": "V42", "row_id": "V42-R53", "reachable": true, "id": "T1779", "x": 630154.35, "y": 5219804.38, "order": null, "visited": true}}, {"type": "Feature", "geometry": {"type": "Point", "coordinates": [630161.86, 5219801.37]}, "properties": {"type": "gap", "gap_m": 7.3, "vineyard_id": "V42", "row_id": "V42-R56", "reachable": true, "id": "T1780", "x": 630161.86, "y": 5219801.37, "order": 1025, "visited": true}}, {"type": "Feature", "geometry": {"type": "Point", "coordinates": [630064.22, 5219818.7]}, "properties": {"type": "gap", "gap_m": 5.5, "vineyard_id": "V42", "row_id": "V42-R58", "reachable": true, "id": "T1781", "x": 630064.22, "y": 5219818.7, "order": 1034, "visited": true}}, {"type": "Feature", "geometry": {"type": "Point", "coordinates": [630030.53, 5219822.85]}, "properties": {"type": "gap", "gap_m": 25.7, "vineyard_id": "V42", "row_id": "V42-R62", "reachable": true, "id": "T1782", "x": 630030.53, "y": 5219822.85, "order": 1042, "visited": true}}, {"type": "Feature", "geometry": {"type": "Point", "coordinates": [630062.95, 5219815.45]}, "properties": {"type": "gap", "gap_m": 6.0, "vineyard_id": "V42", "row_id": "V42-R62", "reachable": true, "id": "T1783", "x": 630062.95, "y": 5219815.45, "order": 1035, "visited": true}}, {"type": "Feature", "geometry": {"type": "Point", "coordinates": [630182.14, 5219786.7]}, "properties": {"type": "gap", "gap_m": 3.5, "vineyard_id": "V42", "row_id": "V42-R64", "reachable": true, "id": "T1784", "x": 630182.14, "y": 5219786.7, "order": 1023, "visited": true}}, {"type": "Feature", "geometry": {"type": "Point", "coordinates": [630176.97, 5219786.13]}, "properties": {"type": "gap", "gap_m": 3.0, "vineyard_id": "V42", "row_id": "V42-R64", "reachable": true, "id": "T1785", "x": 630176.97, "y": 5219786.13, "order": 1022, "visited": true}}, {"type": "Feature", "geometry": {"type": "Point", "coordinates": [630172.53, 5219785.65]}, "properties": {"type": "gap", "gap_m": 4.6, "vineyard_id": "V42", "row_id": "V42-R64", "reachable": true, "id": "T1786", "x": 630172.53, "y": 5219785.65, "order": null, "visited": false}}, {"type": "Feature", "geometry": {"type": "Point", "coordinates": [630136.24, 5219794.62]}, "properties": {"type": "gap", "gap_m": 3.2, "vineyard_id": "V42", "row_id": "V42-R65", "reachable": true, "id": "T1787", "x": 630136.24, "y": 5219794.62, "order": null, "visited": false}}, {"type": "Feature", "geometry": {"type": "Point", "coordinates": [630073.03, 5219811.65]}, "properties": {"type": "gap", "gap_m": 3.5, "vineyard_id": "V42", "row_id": "V42-R66", "reachable": true, "id": "T1788", "x": 630073.03, "y": 5219811.65, "order": null, "visited": false}}, {"type": "Feature", "geometry": {"type": "Point", "coordinates": [630080.97, 5219809.23]}, "properties": {"type": "gap", "gap_m": 3.6, "vineyard_id": "V42", "row_id": "V42-R66", "reachable": true, "id": "T1789", "x": 630080.97, "y": 5219809.23, "order": null, "visited": false}}, {"type": "Feature", "geometry": {"type": "Point", "coordinates": [630030.72, 5219818.34]}, "properties": {"type": "gap", "gap_m": 17.9, "vineyard_id": "V42", "row_id": "V42-R69", "reachable": true, "id": "T1790", "x": 630030.72, "y": 5219818.34, "order": 1041, "visited": true}}, {"type": "Feature", "geometry": {"type": "Point", "coordinates": [630030.99, 5219815.44]}, "properties": {"type": "gap", "gap_m": 14.7, "vineyard_id": "V42", "row_id": "V42-R70", "reachable": true, "id": "T1791", "x": 630030.99, "y": 5219815.44, "order": 1040, "visited": true}}, {"type": "Feature", "geometry": {"type": "Point", "coordinates": [630021.16, 5219813.26]}, "properties": {"type": "gap", "gap_m": 8.3, "vineyard_id": "V42", "row_id": "V42-R73", "reachable": true, "id": "T1792", "x": 630021.16, "y": 5219813.26, "order": 1043, "visited": true}}, {"type": "Feature", "geometry": {"type": "Point", "coordinates": [630034.0, 5219810.34]}, "properties": {"type": "gap", "gap_m": 7.3, "vineyard_id": "V42", "row_id": "V42-R73", "reachable": true, "id": "T1793", "x": 630034.0, "y": 5219810.34, "order": 1039, "visited": true}}, {"type": "Feature", "geometry": {"type": "Point", "coordinates": [630068.63, 5219802.16]}, "properties": {"type": "gap", "gap_m": 5.5, "vineyard_id": "V42", "row_id": "V42-R73", "reachable": true, "id": "T1794", "x": 630068.63, "y": 5219802.16, "order": null, "visited": false}}, {"type": "Feature", "geometry": {"type": "Point", "coordinates": [630033.0, 5219807.35]}, "properties": {"type": "gap", "gap_m": 5.7, "vineyard_id": "V42", "row_id": "V42-R74", "reachable": true, "id": "T1795", "x": 630033.0, "y": 5219807.35, "order": 1038, "visited": true}}, {"type": "Feature", "geometry": {"type": "Point", "coordinates": [630033.91, 5219803.91]}, "properties": {"type": "gap", "gap_m": 8.5, "vineyard_id": "V42", "row_id": "V42-R75", "reachable": true, "id": "T1796", "x": 630033.91, "y": 5219803.91, "order": 1037, "visited": true}}, {"type": "Feature", "geometry": {"type": "Point", "coordinates": [630063.48, 5219797.11]}, "properties": {"type": "gap", "gap_m": 6.4, "vineyard_id": "V42", "row_id": "V42-R75", "reachable": true, "id": "T1797", "x": 630063.48, "y": 5219797.11, "order": 1036, "visited": true}}, {"type": "Feature", "geometry": {"type": "Point", "coordinates": [630019.73, 5219805.24]}, "properties": {"type": "gap", "gap_m": 3.3, "vineyard_id": "V42", "row_id": "V42-R76", "reachable": true, "id": "T1798", "x": 630019.73, "y": 5219805.24, "order": 1044, "visited": true}}, {"type": "Feature", "geometry": {"type": "Point", "coordinates": [630031.23, 5219802.61]}, "properties": {"type": "gap", "gap_m": 4.9, "vineyard_id": "V42", "row_id": "V42-R76", "reachable": true, "id": "T1799", "x": 630031.23, "y": 5219802.61, "order": 1045, "visited": true}}, {"type": "Feature", "geometry": {"type": "Point", "coordinates": [630029.37, 5219800.21]}, "properties": {"type": "gap", "gap_m": 4.5, "vineyard_id": "V42", "row_id": "V42-R78", "reachable": true, "id": "T1800", "x": 630029.37, "y": 5219800.21, "order": 1046, "visited": true}}, {"type": "Feature", "geometry": {"type": "Point", "coordinates": [630059.56, 5219793.32]}, "properties": {"type": "gap", "gap_m": 4.6, "vineyard_id": "V42", "row_id": "V42-R78", "reachable": true, "id": "T1801", "x": 630059.56, "y": 5219793.32, "order": null, "visited": false}}, {"type": "Feature", "geometry": {"type": "Point", "coordinates": [630028.27, 5219796.24]}, "properties": {"type": "gap", "gap_m": 5.7, "vineyard_id": "V42", "row_id": "V42-R80", "reachable": true, "id": "T1802", "x": 630028.27, "y": 5219796.24, "order": 1047, "visited": true}}, {"type": "Feature", "geometry": {"type": "Point", "coordinates": [630026.65, 5219793.85]}, "properties": {"type": "gap", "gap_m": 6.1, "vineyard_id": "V42", "row_id": "V42-R81", "reachable": true, "id": "T1803", "x": 630026.65, "y": 5219793.85, "order": 1048, "visited": true}}, {"type": "Feature", "geometry": {"type": "Point", "coordinates": [630059.71, 5219786.88]}, "properties": {"type": "gap", "gap_m": 8.3, "vineyard_id": "V42", "row_id": "V42-R82", "reachable": true, "id": "T1804", "x": 630059.71, "y": 5219786.88, "order": 994, "visited": true}}, {"type": "Feature", "geometry": {"type": "Point", "coordinates": [630026.05, 5219780.3]}, "properties": {"type": "gap", "gap_m": 3.8, "vineyard_id": "V42", "row_id": "V42-R82", "reachable": true, "id": "T1805", "x": 630026.05, "y": 5219780.3, "order": null, "visited": true}}, {"type": "Feature", "geometry": {"type": "Point", "coordinates": [630020.98, 5219785.17]}, "properties": {"type": "gap", "gap_m": 7.6, "vineyard_id": "V42", "row_id": "V42-R83", "reachable": true, "id": "T1806", "x": 630020.98, "y": 5219785.17, "order": 1049, "visited": true}}, {"type": "Feature", "geometry": {"type": "Point", "coordinates": [630051.18, 5219782.44]}, "properties": {"type": "gap", "gap_m": 3.0, "vineyard_id": "V42", "row_id": "V42-R84", "reachable": true, "id": "T1807", "x": 630051.18, "y": 5219782.44, "order": 995, "visited": true}}, {"type": "Feature", "geometry": {"type": "Point", "coordinates": [630028.56, 5219778.09]}, "properties": {"type": "gap", "gap_m": 5.8, "vineyard_id": "V42", "row_id": "V42-R84", "reachable": true, "id": "T1808", "x": 630028.56, "y": 5219778.09, "order": 1051, "visited": true}}, {"type": "Feature", "geometry": {"type": "Point", "coordinates": [630032.07, 5219776.13]}, "properties": {"type": "gap", "gap_m": 6.1, "vineyard_id": "V42", "row_id": "V42-R85", "reachable": true, "id": "T1809", "x": 630032.07, "y": 5219776.13, "order": 1050, "visited": true}}, {"type": "Feature", "geometry": {"type": "Point", "coordinates": [630024.19, 5219774.6]}, "properties": {"type": "gap", "gap_m": 6.1, "vineyard_id": "V42", "row_id": "V42-R85", "reachable": true, "id": "T1810", "x": 630024.19, "y": 5219774.6, "order": 1052, "visited": true}}, {"type": "Feature", "geometry": {"type": "Point", "coordinates": [630036.45, 5219774.03]}, "properties": {"type": "gap", "gap_m": 6.5, "vineyard_id": "V42", "row_id": "V42-R86", "reachable": true, "id": "T1811", "x": 630036.45, "y": 5219774.03, "order": 1055, "visited": true}}, {"type": "Feature", "geometry": {"type": "Point", "coordinates": [630025.21, 5219771.84]}, "properties": {"type": "gap", "gap_m": 11.9, "vineyard_id": "V42", "row_id": "V42-R86", "reachable": true, "id": "T1812", "x": 630025.21, "y": 5219771.84, "order": 1056, "visited": true}}, {"type": "Feature", "geometry": {"type": "Point", "coordinates": [630041.51, 5219770.67]}, "properties": {"type": "gap", "gap_m": 8.4, "vineyard_id": "V42", "row_id": "V42-R87", "reachable": true, "id": "T1813", "x": 630041.51, "y": 5219770.67, "order": 1054, "visited": true}}, {"type": "Feature", "geometry": {"type": "Point", "coordinates": [630022.53, 5219766.99]}, "properties": {"type": "gap", "gap_m": 11.4, "vineyard_id": "V42", "row_id": "V42-R87", "reachable": true, "id": "T1814", "x": 630022.53, "y": 5219766.99, "order": null, "visited": false}}, {"type": "Feature", "geometry": {"type": "Point", "coordinates": [630047.05, 5219768.66]}, "properties": {"type": "gap", "gap_m": 6.1, "vineyard_id": "V42", "row_id": "V42-R88", "reachable": true, "id": "T1815", "x": 630047.05, "y": 5219768.66, "order": 1053, "visited": true}}, {"type": "Feature", "geometry": {"type": "Point", "coordinates": [630030.06, 5219760.73]}, "properties": {"type": "gap", "gap_m": 3.9, "vineyard_id": "V42", "row_id": "V42-R89", "reachable": true, "id": "T1816", "x": 630030.06, "y": 5219760.73, "order": null, "visited": false}}, {"type": "Feature", "geometry": {"type": "Point", "coordinates": [630023.56, 5219759.46]}, "properties": {"type": "gap", "gap_m": 3.3, "vineyard_id": "V42", "row_id": "V42-R89", "reachable": true, "id": "T1817", "x": 630023.56, "y": 5219759.46, "order": null, "visited": false}}, {"type": "Feature", "geometry": {"type": "Point", "coordinates": [630033.43, 5219758.33]}, "properties": {"type": "gap", "gap_m": 4.8, "vineyard_id": "V42", "row_id": "V42-R90", "reachable": true, "id": "T1818", "x": 630033.43, "y": 5219758.33, "order": null, "visited": false}}, {"type": "Feature", "geometry": {"type": "Point", "coordinates": [630027.33, 5219757.14]}, "properties": {"type": "gap", "gap_m": 4.2, "vineyard_id": "V42", "row_id": "V42-R90", "reachable": true, "id": "T1819", "x": 630027.33, "y": 5219757.14, "order": null, "visited": false}}, {"type": "Feature", "geometry": {"type": "Point", "coordinates": [630021.49, 5219756.0]}, "properties": {"type": "gap", "gap_m": 3.0, "vineyard_id": "V42", "row_id": "V42-R90", "reachable": true, "id": "T1820", "x": 630021.49, "y": 5219756.0, "order": null, "visited": false}}, {"type": "Feature", "geometry": {"type": "Point", "coordinates": [630028.57, 5219751.34]}, "properties": {"type": "gap", "gap_m": 3.7, "vineyard_id": "V42", "row_id": "V42-R91", "reachable": true, "id": "T1821", "x": 630028.57, "y": 5219751.34, "order": 1069, "visited": true}}, {"type": "Feature", "geometry": {"type": "Point", "coordinates": [629988.95, 5219760.13]}, "properties": {"type": "gap", "gap_m": 26.4, "vineyard_id": "V42", "row_id": "V42-R92", "reachable": true, "id": "T1822", "x": 629988.95, "y": 5219760.13, "order": 1083, "visited": true}}, {"type": "Feature", "geometry": {"type": "Point", "coordinates": [629999.74, 5219746.33]}, "properties": {"type": "gap", "gap_m": 3.9, "vineyard_id": "V42", "row_id": "V42-R92", "reachable": true, "id": "T1823", "x": 629999.74, "y": 5219746.33, "order": null, "visited": true}}, {"type": "Feature", "geometry": {"type": "Point", "coordinates": [629995.34, 5219747.39]}, "properties": {"type": "gap", "gap_m": 3.9, "vineyard_id": "V42", "row_id": "V42-R93", "reachable": true, "id": "T1824", "x": 629995.34, "y": 5219747.39, "order": 1081, "visited": true}}, {"type": "Feature", "geometry": {"type": "Point", "coordinates": [629998.11, 5219743.87]}, "properties": {"type": "gap", "gap_m": 3.9, "vineyard_id": "V42", "row_id": "V42-R93", "reachable": true, "id": "T1825", "x": 629998.11, "y": 5219743.87, "order": 1080, "visited": true}}, {"type": "Feature", "geometry": {"type": "Point", "coordinates": [630059.28, 5219753.99]}, "properties": {"type": "gap", "gap_m": 5.9, "vineyard_id": "V42", "row_id": "V42-R94", "reachable": true, "id": "T1826", "x": 630059.28, "y": 5219753.99, "order": 1066, "visited": true}}, {"type": "Feature", "geometry": {"type": "Point", "coordinates": [630041.41, 5219750.54]}, "properties": {"type": "gap", "gap_m": 10.0, "vineyard_id": "V42", "row_id": "V42-R94", "reachable": true, "id": "T1827", "x": 630041.41, "y": 5219750.54, "order": 1067, "visited": true}}, {"type": "Feature", "geometry": {"type": "Point", "coordinates": [630031.69, 5219748.66]}, "properties": {"type": "gap", "gap_m": 4.1, "vineyard_id": "V42", "row_id": "V42-R94", "reachable": true, "id": "T1828", "x": 630031.69, "y": 5219748.66, "order": 1068, "visited": true}}, {"type": "Feature", "geometry": {"type": "Point", "coordinates": [630026.84, 5219747.73]}, "properties": {"type": "gap", "gap_m": 4.3, "vineyard_id": "V42", "row_id": "V42-R94", "reachable": true, "id": "T1829", "x": 630026.84, "y": 5219747.73, "order": 1070, "visited": true}}, {"type": "Feature", "geometry": {"type": "Point", "coordinates": [630049.92, 5219749.55]}, "properties": {"type": "gap", "gap_m": 5.1, "vineyard_id": "V42", "row_id": "V42-R95", "reachable": true, "id": "T1830", "x": 630049.92, "y": 5219749.55, "order": 1065, "visited": true}}, {"type": "Feature", "geometry": {"type": "Point", "coordinates": [630041.9, 5219747.96]}, "properties": {"type": "gap", "gap_m": 4.5, "vineyard_id": "V42", "row_id": "V42-R95", "reachable": true, "id": "T1831", "x": 630041.9, "y": 5219747.96, "order": 1064, "visited": true}}, {"type": "Feature", "geometry": {"type": "Point", "coordinates": [630035.03, 5219746.6]}, "properties": {"type": "gap", "gap_m": 3.6, "vineyard_id": "V42", "row_id": "V42-R95", "reachable": true, "id": "T1832", "x": 630035.03, "y": 5219746.6, "order": 1063, "visited": true}}, {"type": "Feature", "geometry": {"type": "Point", "coordinates": [630029.91, 5219745.59]}, "properties": {"type": "gap", "gap_m": 3.3, "vineyard_id": "V42", "row_id": "V42-R95", "reachable": true, "id": "T1833", "x": 630029.91, "y": 5219745.59, "order": 1062, "visited": true}}, {"type": "Feature", "geometry": {"type": "Point", "coordinates": [630023.93, 5219744.4]}, "properties": {"type": "gap", "gap_m": 4.1, "vineyard_id": "V42", "row_id": "V42-R95", "reachable": true, "id": "T1834", "x": 630023.93, "y": 5219744.4, "order": 1061, "visited": true}}, {"type": "Feature", "geometry": {"type": "Point", "coordinates": [630018.54, 5219743.33]}, "properties": {"type": "gap", "gap_m": 3.7, "vineyard_id": "V42", "row_id": "V42-R95", "reachable": true, "id": "T1835", "x": 630018.54, "y": 5219743.33, "order": 1060, "visited": true}}, {"type": "Feature", "geometry": {"type": "Point", "coordinates": [630058.19, 5219747.84]}, "properties": {"type": "gap", "gap_m": 9.9, "vineyard_id": "V42", "row_id": "V42-R96", "reachable": true, "id": "T1836", "x": 630058.19, "y": 5219747.84, "order": null, "visited": false}}, {"type": "Feature", "geometry": {"type": "Point", "coordinates": [630043.38, 5219744.93]}, "properties": {"type": "gap", "gap_m": 11.8, "vineyard_id": "V42", "row_id": "V42-R96", "reachable": true, "id": "T1837", "x": 630043.38, "y": 5219744.93, "order": 1058, "visited": true}}, {"type": "Feature", "geometry": {"type": "Point", "coordinates": [630033.52, 5219742.99]}, "properties": {"type": "gap", "gap_m": 3.7, "vineyard_id": "V42", "row_id": "V42-R96", "reachable": true, "id": "T1838", "x": 630033.52, "y": 5219742.99, "order": 1059, "visited": true}}, {"type": "Feature", "geometry": {"type": "Point", "coordinates": [630027.38, 5219741.79]}, "properties": {"type": "gap", "gap_m": 3.2, "vineyard_id": "V42", "row_id": "V42-R96", "reachable": true, "id": "T1839", "x": 630027.38, "y": 5219741.79, "order": null, "visited": true}}, {"type": "Feature", "geometry": {"type": "Point", "coordinates": [630022.01, 5219740.73]}, "properties": {"type": "gap", "gap_m": 4.3, "vineyard_id": "V42", "row_id": "V42-R96", "reachable": true, "id": "T1840", "x": 630022.01, "y": 5219740.73, "order": null, "visited": true}}, {"type": "Feature", "geometry": {"type": "Point", "coordinates": [630044.73, 5219742.11]}, "properties": {"type": "gap", "gap_m": 3.8, "vineyard_id": "V42", "row_id": "V42-R97", "reachable": true, "id": "T1841", "x": 630044.73, "y": 5219742.11, "order": null, "visited": false}}, {"type": "Feature", "geometry": {"type": "Point", "coordinates": [630038.92, 5219740.97]}, "properties": {"type": "gap", "gap_m": 7.0, "vineyard_id": "V42", "row_id": "V42-R97", "reachable": true, "id": "T1842", "x": 630038.92, "y": 5219740.97, "order": 1057, "visited": true}}, {"type": "Feature", "geometry": {"type": "Point", "coordinates": [630030.85, 5219739.39]}, "properties": {"type": "gap", "gap_m": 3.3, "vineyard_id": "V42", "row_id": "V42-R97", "reachable": true, "id": "T1843", "x": 630030.85, "y": 5219739.39, "order": null, "visited": false}}, {"type": "Feature", "geometry": {"type": "Point", "coordinates": [630025.3, 5219738.31]}, "properties": {"type": "gap", "gap_m": 3.4, "vineyard_id": "V42", "row_id": "V42-R97", "reachable": true, "id": "T1844", "x": 630025.3, "y": 5219738.31, "order": null, "visited": false}}, {"type": "Feature", "geometry": {"type": "Point", "coordinates": [630445.41, 5219758.65]}, "properties": {"type": "gap", "gap_m": 10.6, "vineyard_id": "V43", "row_id": "V43-R02", "reachable": true, "id": "T1846", "x": 630445.41, "y": 5219758.65, "order": null, "visited": false}}, {"type": "Feature", "geometry": {"type": "Point", "coordinates": [630432.52, 5219757.15]}, "properties": {"type": "gap", "gap_m": 10.5, "vineyard_id": "V43", "row_id": "V43-R02", "reachable": true, "id": "T1847", "x": 630432.52, "y": 5219757.15, "order": null, "visited": false}}, {"type": "Feature", "geometry": {"type": "Point", "coordinates": [630440.92, 5219756.23]}, "properties": {"type": "gap", "gap_m": 5.8, "vineyard_id": "V43", "row_id": "V43-R03", "reachable": true, "id": "T1848", "x": 630440.92, "y": 5219756.23, "order": null, "visited": false}}, {"type": "Feature", "geometry": {"type": "Point", "coordinates": [630435.84, 5219755.65]}, "properties": {"type": "gap", "gap_m": 3.4, "vineyard_id": "V43", "row_id": "V43-R03", "reachable": true, "id": "T1849", "x": 630435.84, "y": 5219755.65, "order": null, "visited": false}}, {"type": "Feature", "geometry": {"type": "Point", "coordinates": [630533.46, 5219761.23]}, "properties": {"type": "gap", "gap_m": 3.1, "vineyard_id": "V44", "row_id": "V44-R01", "reachable": true, "id": "T1850", "x": 630533.46, "y": 5219761.23, "order": null, "visited": false}}, {"type": "Feature", "geometry": {"type": "Point", "coordinates": [630539.21, 5219754.65]}, "properties": {"type": "gap", "gap_m": 7.1, "vineyard_id": "V44", "row_id": "V44-R04", "reachable": true, "id": "T1851", "x": 630539.21, "y": 5219754.65, "order": null, "visited": false}}, {"type": "Feature", "geometry": {"type": "Point", "coordinates": [630245.75, 5219795.85]}, "properties": {"type": "gap", "gap_m": 42.3, "vineyard_id": "V45", "row_id": "V45-R03", "reachable": true, "id": "T1853", "x": 630245.75, "y": 5219795.85, "order": null, "visited": false}}, {"type": "Feature", "geometry": {"type": "Point", "coordinates": [630244.29, 5219794.54]}, "properties": {"type": "gap", "gap_m": 39.6, "vineyard_id": "V45", "row_id": "V45-R04", "reachable": true, "id": "T1854", "x": 630244.29, "y": 5219794.54, "order": null, "visited": false}}, {"type": "Feature", "geometry": {"type": "Point", "coordinates": [630246.25, 5219792.42]}, "properties": {"type": "gap", "gap_m": 39.9, "vineyard_id": "V45", "row_id": "V45-R05", "reachable": true, "id": "T1855", "x": 630246.25, "y": 5219792.42, "order": null, "visited": false}}, {"type": "Feature", "geometry": {"type": "Point", "coordinates": [630246.74, 5219790.39]}, "properties": {"type": "gap", "gap_m": 39.7, "vineyard_id": "V45", "row_id": "V45-R06", "reachable": true, "id": "T1856", "x": 630246.74, "y": 5219790.39, "order": null, "visited": false}}, {"type": "Feature", "geometry": {"type": "Point", "coordinates": [630175.56, 5219782.76]}, "properties": {"type": "gap", "gap_m": 5.6, "vineyard_id": "V45", "row_id": "V45-R07", "reachable": true, "id": "T1857", "x": 630175.56, "y": 5219782.76, "order": 1021, "visited": true}}, {"type": "Feature", "geometry": {"type": "Point", "coordinates": [630210.87, 5219777.75]}, "properties": {"type": "gap", "gap_m": 3.8, "vineyard_id": "V45", "row_id": "V45-R10", "reachable": true, "id": "T1858", "x": 630210.87, "y": 5219777.75, "order": null, "visited": false}}, {"type": "Feature", "geometry": {"type": "Point", "coordinates": [630205.54, 5219771.08]}, "properties": {"type": "gap", "gap_m": 4.5, "vineyard_id": "V45", "row_id": "V45-R12", "reachable": true, "id": "T1859", "x": 630205.54, "y": 5219771.08, "order": null, "visited": false}}, {"type": "Feature", "geometry": {"type": "Point", "coordinates": [630173.29, 5219767.34]}, "properties": {"type": "gap", "gap_m": 3.0, "vineyard_id": "V45", "row_id": "V45-R12", "reachable": true, "id": "T1860", "x": 630173.29, "y": 5219767.34, "order": null, "visited": false}}, {"type": "Feature", "geometry": {"type": "Point", "coordinates": [630216.85, 5219769.49]}, "properties": {"type": "gap", "gap_m": 3.3, "vineyard_id": "V45", "row_id": "V45-R13", "reachable": true, "id": "T1861", "x": 630216.85, "y": 5219769.49, "order": null, "visited": false}}, {"type": "Feature", "geometry": {"type": "Point", "coordinates": [630216.98, 5219756.57]}, "properties": {"type": "gap", "gap_m": 3.1, "vineyard_id": "V45", "row_id": "V45-R17", "reachable": true, "id": "T1862", "x": 630216.98, "y": 5219756.57, "order": null, "visited": false}}, {"type": "Feature", "geometry": {"type": "Point", "coordinates": [630217.69, 5219751.79]}, "properties": {"type": "gap", "gap_m": 4.0, "vineyard_id": "V45", "row_id": "V45-R18", "reachable": true, "id": "T1863", "x": 630217.69, "y": 5219751.79, "order": null, "visited": false}}, {"type": "Feature", "geometry": {"type": "Point", "coordinates": [630225.15, 5219736.05]}, "properties": {"type": "gap", "gap_m": 7.1, "vineyard_id": "V45", "row_id": "V45-R19", "reachable": true, "id": "T1864", "x": 630225.15, "y": 5219736.05, "order": 437, "visited": true}}, {"type": "Feature", "geometry": {"type": "Point", "coordinates": [630253.98, 5219731.81]}, "properties": {"type": "gap", "gap_m": 11.8, "vineyard_id": "V45", "row_id": "V45-R22", "reachable": true, "id": "T1865", "x": 630253.98, "y": 5219731.81, "order": 443, "visited": true}}, {"type": "Feature", "geometry": {"type": "Point", "coordinates": [630228.28, 5219729.95]}, "properties": {"type": "gap", "gap_m": 4.6, "vineyard_id": "V45", "row_id": "V45-R22", "reachable": true, "id": "T1866", "x": 630228.28, "y": 5219729.95, "order": null, "visited": true}}, {"type": "Feature", "geometry": {"type": "Point", "coordinates": [630212.89, 5219744.04]}, "properties": {"type": "gap", "gap_m": 4.4, "vineyard_id": "V45", "row_id": "V45-R25", "reachable": true, "id": "T1867", "x": 630212.89, "y": 5219744.04, "order": null, "visited": false}}, {"type": "Feature", "geometry": {"type": "Point", "coordinates": [630252.34, 5219728.33]}, "properties": {"type": "gap", "gap_m": 4.2, "vineyard_id": "V45", "row_id": "V45-R26", "reachable": true, "id": "T1868", "x": 630252.34, "y": 5219728.33, "order": 442, "visited": true}}, {"type": "Feature", "geometry": {"type": "Point", "coordinates": [630242.48, 5219727.64]}, "properties": {"type": "gap", "gap_m": 5.6, "vineyard_id": "V45", "row_id": "V45-R26", "reachable": true, "id": "T1869", "x": 630242.48, "y": 5219727.64, "order": 441, "visited": true}}, {"type": "Feature", "geometry": {"type": "Point", "coordinates": [630233.22, 5219726.99]}, "properties": {"type": "gap", "gap_m": 3.1, "vineyard_id": "V45", "row_id": "V45-R26", "reachable": true, "id": "T1870", "x": 630233.22, "y": 5219726.99, "order": 439, "visited": true}}, {"type": "Feature", "geometry": {"type": "Point", "coordinates": [630228.49, 5219726.66]}, "properties": {"type": "gap", "gap_m": 5.0, "vineyard_id": "V45", "row_id": "V45-R26", "reachable": true, "id": "T1871", "x": 630228.49, "y": 5219726.66, "order": 438, "visited": true}}, {"type": "Feature", "geometry": {"type": "Point", "coordinates": [630218.77, 5219732.99]}, "properties": {"type": "gap", "gap_m": 5.2, "vineyard_id": "V45", "row_id": "V45-R27", "reachable": true, "id": "T1872", "x": 630218.77, "y": 5219732.99, "order": null, "visited": true}}, {"type": "Feature", "geometry": {"type": "Point", "coordinates": [630254.62, 5219725.58]}, "properties": {"type": "gap", "gap_m": 3.1, "vineyard_id": "V45", "row_id": "V45-R28", "reachable": true, "id": "T1873", "x": 630254.62, "y": 5219725.58, "order": null, "visited": false}}, {"type": "Feature", "geometry": {"type": "Point", "coordinates": [630233.48, 5219724.12]}, "properties": {"type": "gap", "gap_m": 6.3, "vineyard_id": "V45", "row_id": "V45-R28", "reachable": true, "id": "T1874", "x": 630233.48, "y": 5219724.12, "order": null, "visited": true}}, {"type": "Feature", "geometry": {"type": "Point", "coordinates": [630224.73, 5219723.52]}, "properties": {"type": "gap", "gap_m": 3.1, "vineyard_id": "V45", "row_id": "V45-R28", "reachable": true, "id": "T1875", "x": 630224.73, "y": 5219723.52, "order": null, "visited": false}}, {"type": "Feature", "geometry": {"type": "Point", "coordinates": [630235.51, 5219720.76]}, "properties": {"type": "gap", "gap_m": 4.9, "vineyard_id": "V45", "row_id": "V45-R29", "reachable": true, "id": "T1876", "x": 630235.51, "y": 5219720.76, "order": null, "visited": false}}, {"type": "Feature", "geometry": {"type": "Point", "coordinates": [630228.86, 5219720.31]}, "properties": {"type": "gap", "gap_m": 6.9, "vineyard_id": "V45", "row_id": "V45-R29", "reachable": true, "id": "T1877", "x": 630228.86, "y": 5219720.31, "order": 440, "visited": true}}, {"type": "Feature", "geometry": {"type": "Point", "coordinates": [630240.06, 5219714.14]}, "properties": {"type": "gap", "gap_m": 7.6, "vineyard_id": "V45", "row_id": "V45-R30", "reachable": true, "id": "T1878", "x": 630240.06, "y": 5219714.14, "order": 436, "visited": true}}, {"type": "Feature", "geometry": {"type": "Point", "coordinates": [630231.79, 5219713.55]}, "properties": {"type": "gap", "gap_m": 7.6, "vineyard_id": "V45", "row_id": "V45-R30", "reachable": true, "id": "T1879", "x": 630231.79, "y": 5219713.55, "order": 433, "visited": true}}, {"type": "Feature", "geometry": {"type": "Point", "coordinates": [630248.96, 5219711.62]}, "properties": {"type": "gap", "gap_m": 3.0, "vineyard_id": "V45", "row_id": "V45-R31", "reachable": true, "id": "T1880", "x": 630248.96, "y": 5219711.62, "order": 431, "visited": true}}, {"type": "Feature", "geometry": {"type": "Point", "coordinates": [630238.81, 5219710.9]}, "properties": {"type": "gap", "gap_m": 7.1, "vineyard_id": "V45", "row_id": "V45-R31", "reachable": true, "id": "T1881", "x": 630238.81, "y": 5219710.9, "order": 435, "visited": true}}, {"type": "Feature", "geometry": {"type": "Point", "coordinates": [630232.09, 5219710.43]}, "properties": {"type": "gap", "gap_m": 5.4, "vineyard_id": "V45", "row_id": "V45-R31", "reachable": true, "id": "T1882", "x": 630232.09, "y": 5219710.43, "order": 434, "visited": true}}, {"type": "Feature", "geometry": {"type": "Point", "coordinates": [630241.4, 5219708.0]}, "properties": {"type": "gap", "gap_m": 4.3, "vineyard_id": "V45", "row_id": "V45-R32", "reachable": true, "id": "T1883", "x": 630241.4, "y": 5219708.0, "order": null, "visited": false}}, {"type": "Feature", "geometry": {"type": "Point", "coordinates": [630234.1, 5219707.49]}, "properties": {"type": "gap", "gap_m": 5.2, "vineyard_id": "V45", "row_id": "V45-R32", "reachable": true, "id": "T1884", "x": 630234.1, "y": 5219707.49, "order": 432, "visited": true}}, {"type": "Feature", "geometry": {"type": "Point", "coordinates": [630238.41, 5219704.46]}, "properties": {"type": "gap", "gap_m": 3.3, "vineyard_id": "V45", "row_id": "V45-R33", "reachable": true, "id": "T1885", "x": 630238.41, "y": 5219704.46, "order": null, "visited": true}}, {"type": "Feature", "geometry": {"type": "Point", "coordinates": [630243.42, 5219701.64]}, "properties": {"type": "gap", "gap_m": 4.2, "vineyard_id": "V45", "row_id": "V45-R34", "reachable": true, "id": "T1886", "x": 630243.42, "y": 5219701.64, "order": null, "visited": false}}, {"type": "Feature", "geometry": {"type": "Point", "coordinates": [630236.66, 5219701.15]}, "properties": {"type": "gap", "gap_m": 7.6, "vineyard_id": "V45", "row_id": "V45-R34", "reachable": true, "id": "T1887", "x": 630236.66, "y": 5219701.15, "order": 430, "visited": true}}, {"type": "Feature", "geometry": {"type": "Point", "coordinates": [630190.17, 5219712.65]}, "properties": {"type": "gap", "gap_m": 3.9, "vineyard_id": "V45", "row_id": "V45-R35", "reachable": true, "id": "T1888", "x": 630190.17, "y": 5219712.65, "order": null, "visited": false}}, {"type": "Feature", "geometry": {"type": "Point", "coordinates": [630200.88, 5219693.48]}, "properties": {"type": "gap", "gap_m": 4.1, "vineyard_id": "V45", "row_id": "V45-R35", "reachable": true, "id": "T1889", "x": 630200.88, "y": 5219693.48, "order": null, "visited": false}}, {"type": "Feature", "geometry": {"type": "Point", "coordinates": [630241.53, 5219697.94]}, "properties": {"type": "gap", "gap_m": 4.6, "vineyard_id": "V45", "row_id": "V45-R36", "reachable": true, "id": "T1890", "x": 630241.53, "y": 5219697.94, "order": 429, "visited": true}}, {"type": "Feature", "geometry": {"type": "Point", "coordinates": [630236.42, 5219694.37]}, "properties": {"type": "gap", "gap_m": 3.9, "vineyard_id": "V45", "row_id": "V45-R38", "reachable": true, "id": "T1891", "x": 630236.42, "y": 5219694.37, "order": null, "visited": false}}, {"type": "Feature", "geometry": {"type": "Point", "coordinates": [630224.87, 5219694.54]}, "properties": {"type": "gap", "gap_m": 18.6, "vineyard_id": "V45", "row_id": "V45-R41", "reachable": true, "id": "T1892", "x": 630224.87, "y": 5219694.54, "order": null, "visited": false}}, {"type": "Feature", "geometry": {"type": "Point", "coordinates": [630223.4, 5219691.1]}, "properties": {"type": "gap", "gap_m": 10.7, "vineyard_id": "V45", "row_id": "V45-R42", "reachable": true, "id": "T1893", "x": 630223.4, "y": 5219691.1, "order": null, "visited": false}}, {"type": "Feature", "geometry": {"type": "Point", "coordinates": [630221.81, 5219688.32]}, "properties": {"type": "gap", "gap_m": 4.3, "vineyard_id": "V45", "row_id": "V45-R43", "reachable": true, "id": "T1894", "x": 630221.81, "y": 5219688.32, "order": null, "visited": false}}, {"type": "Feature", "geometry": {"type": "Point", "coordinates": [630217.56, 5219673.01]}, "properties": {"type": "gap", "gap_m": 3.6, "vineyard_id": "V45", "row_id": "V45-R47", "reachable": true, "id": "T1895", "x": 630217.56, "y": 5219673.01, "order": null, "visited": true}}, {"type": "Feature", "geometry": {"type": "Point", "coordinates": [630215.88, 5219662.02]}, "properties": {"type": "gap", "gap_m": 3.8, "vineyard_id": "V45", "row_id": "V45-R50", "reachable": true, "id": "T1896", "x": 630215.88, "y": 5219662.02, "order": null, "visited": false}}, {"type": "Feature", "geometry": {"type": "Point", "coordinates": [630218.84, 5219656.78]}, "properties": {"type": "gap", "gap_m": 3.7, "vineyard_id": "V45", "row_id": "V45-R50", "reachable": true, "id": "T1897", "x": 630218.84, "y": 5219656.78, "order": null, "visited": false}}, {"type": "Feature", "geometry": {"type": "Point", "coordinates": [629822.65, 5219722.88]}, "properties": {"type": "gap", "gap_m": 3.4, "vineyard_id": "V46", "row_id": "V46-R01", "reachable": true, "id": "T1898", "x": 629822.65, "y": 5219722.88, "order": null, "visited": false}}, {"type": "Feature", "geometry": {"type": "Point", "coordinates": [629836.91, 5219702.51]}, "properties": {"type": "gap", "gap_m": 4.9, "vineyard_id": "V46", "row_id": "V46-R01", "reachable": true, "id": "T1899", "x": 629836.91, "y": 5219702.51, "order": null, "visited": false}}, {"type": "Feature", "geometry": {"type": "Point", "coordinates": [629842.76, 5219694.16]}, "properties": {"type": "gap", "gap_m": 3.3, "vineyard_id": "V46", "row_id": "V46-R01", "reachable": true, "id": "T1900", "x": 629842.76, "y": 5219694.16, "order": null, "visited": false}}, {"type": "Feature", "geometry": {"type": "Point", "coordinates": [629839.24, 5219691.87]}, "properties": {"type": "gap", "gap_m": 3.7, "vineyard_id": "V46", "row_id": "V46-R03", "reachable": true, "id": "T1901", "x": 629839.24, "y": 5219691.87, "order": null, "visited": false}}, {"type": "Feature", "geometry": {"type": "Point", "coordinates": [629836.66, 5219689.99]}, "properties": {"type": "gap", "gap_m": 3.5, "vineyard_id": "V46", "row_id": "V46-R05", "reachable": true, "id": "T1902", "x": 629836.66, "y": 5219689.99, "order": null, "visited": false}}, {"type": "Feature", "geometry": {"type": "Point", "coordinates": [629805.09, 5219715.63]}, "properties": {"type": "gap", "gap_m": 13.0, "vineyard_id": "V46", "row_id": "V46-R12", "reachable": true, "id": "T1903", "x": 629805.09, "y": 5219715.63, "order": null, "visited": false}}, {"type": "Feature", "geometry": {"type": "Point", "coordinates": [629802.93, 5219712.9]}, "properties": {"type": "gap", "gap_m": 14.5, "vineyard_id": "V46", "row_id": "V46-R14", "reachable": true, "id": "T1904", "x": 629802.93, "y": 5219712.9, "order": 847, "visited": true}}, {"type": "Feature", "geometry": {"type": "Point", "coordinates": [629787.06, 5219726.75]}, "properties": {"type": "gap", "gap_m": 3.6, "vineyard_id": "V46", "row_id": "V46-R18", "reachable": true, "id": "T1905", "x": 629787.06, "y": 5219726.75, "order": null, "visited": true}}, {"type": "Feature", "geometry": {"type": "Point", "coordinates": [629793.04, 5219719.89]}, "properties": {"type": "gap", "gap_m": 6.6, "vineyard_id": "V46", "row_id": "V46-R18", "reachable": true, "id": "T1906", "x": 629793.04, "y": 5219719.89, "order": null, "visited": true}}, {"type": "Feature", "geometry": {"type": "Point", "coordinates": [629798.05, 5219714.14]}, "properties": {"type": "gap", "gap_m": 6.7, "vineyard_id": "V46", "row_id": "V46-R18", "reachable": true, "id": "T1907", "x": 629798.05, "y": 5219714.14, "order": null, "visited": true}}, {"type": "Feature", "geometry": {"type": "Point", "coordinates": [629790.69, 5219717.77]}, "properties": {"type": "gap", "gap_m": 7.5, "vineyard_id": "V46", "row_id": "V46-R22", "reachable": true, "id": "T1908", "x": 629790.69, "y": 5219717.77, "order": null, "visited": false}}, {"type": "Feature", "geometry": {"type": "Point", "coordinates": [629784.3, 5219720.94]}, "properties": {"type": "gap", "gap_m": 3.4, "vineyard_id": "V46", "row_id": "V46-R25", "reachable": true, "id": "T1909", "x": 629784.3, "y": 5219720.94, "order": null, "visited": false}}, {"type": "Feature", "geometry": {"type": "Point", "coordinates": [629856.69, 5219719.7]}, "properties": {"type": "gap", "gap_m": 3.1, "vineyard_id": "V47", "row_id": "V47-R06", "reachable": true, "id": "T1910", "x": 629856.69, "y": 5219719.7, "order": null, "visited": true}}, {"type": "Feature", "geometry": {"type": "Point", "coordinates": [629872.06, 5219724.42]}, "properties": {"type": "gap", "gap_m": 8.6, "vineyard_id": "V47", "row_id": "V47-R07", "reachable": true, "id": "T1911", "x": 629872.06, "y": 5219724.42, "order": null, "visited": false}}, {"type": "Feature", "geometry": {"type": "Point", "coordinates": [629848.91, 5219725.15]}, "properties": {"type": "gap", "gap_m": 5.6, "vineyard_id": "V47", "row_id": "V47-R08", "reachable": true, "id": "T1912", "x": 629848.91, "y": 5219725.15, "order": 851, "visited": true}}, {"type": "Feature", "geometry": {"type": "Point", "coordinates": [629857.76, 5219712.47]}, "properties": {"type": "gap", "gap_m": 7.1, "vineyard_id": "V47", "row_id": "V47-R08", "reachable": true, "id": "T1913", "x": 629857.76, "y": 5219712.47, "order": 850, "visited": true}}, {"type": "Feature", "geometry": {"type": "Point", "coordinates": [629869.65, 5219721.61]}, "properties": {"type": "gap", "gap_m": 5.1, "vineyard_id": "V47", "row_id": "V47-R09", "reachable": true, "id": "T1914", "x": 629869.65, "y": 5219721.61, "order": null, "visited": false}}, {"type": "Feature", "geometry": {"type": "Point", "coordinates": [629834.73, 5219729.49]}, "properties": {"type": "gap", "gap_m": 7.7, "vineyard_id": "V47", "row_id": "V47-R12", "reachable": true, "id": "T1915", "x": 629834.73, "y": 5219729.49, "order": 852, "visited": true}}, {"type": "Feature", "geometry": {"type": "Point", "coordinates": [629869.8, 5219716.0]}, "properties": {"type": "gap", "gap_m": 9.0, "vineyard_id": "V47", "row_id": "V47-R13", "reachable": true, "id": "T1916", "x": 629869.8, "y": 5219716.0, "order": null, "visited": false}}, {"type": "Feature", "geometry": {"type": "Point", "coordinates": [629866.6, 5219713.1]}, "properties": {"type": "gap", "gap_m": 3.2, "vineyard_id": "V47", "row_id": "V47-R14", "reachable": true, "id": "T1917", "x": 629866.6, "y": 5219713.1, "order": 849, "visited": true}}, {"type": "Feature", "geometry": {"type": "Point", "coordinates": [629871.18, 5219711.85]}, "properties": {"type": "gap", "gap_m": 5.3, "vineyard_id": "V47", "row_id": "V47-R15", "reachable": true, "id": "T1918", "x": 629871.18, "y": 5219711.85, "order": 848, "visited": true}}, {"type": "Feature", "geometry": {"type": "Point", "coordinates": [629878.51, 5219705.36]}, "properties": {"type": "gap", "gap_m": 5.4, "vineyard_id": "V47", "row_id": "V47-R19", "reachable": true, "id": "T1919", "x": 629878.51, "y": 5219705.36, "order": null, "visited": false}}, {"type": "Feature", "geometry": {"type": "Point", "coordinates": [629868.36, 5219702.63]}, "properties": {"type": "gap", "gap_m": 5.7, "vineyard_id": "V47", "row_id": "V47-R19", "reachable": true, "id": "T1920", "x": 629868.36, "y": 5219702.63, "order": null, "visited": false}}, {"type": "Feature", "geometry": {"type": "Point", "coordinates": [629869.08, 5219700.93]}, "properties": {"type": "gap", "gap_m": 6.4, "vineyard_id": "V47", "row_id": "V47-R20", "reachable": true, "id": "T1921", "x": 629869.08, "y": 5219700.93, "order": null, "visited": false}}, {"type": "Feature", "geometry": {"type": "Point", "coordinates": [630312.97, 5219709.75]}, "properties": {"type": "gap", "gap_m": 3.2, "vineyard_id": "V48", "row_id": "V48-R03", "reachable": true, "id": "T1923", "x": 630312.97, "y": 5219709.75, "order": null, "visited": false}}, {"type": "Feature", "geometry": {"type": "Point", "coordinates": [630307.53, 5219708.09]}, "properties": {"type": "gap", "gap_m": 4.7, "vineyard_id": "V48", "row_id": "V48-R04", "reachable": true, "id": "T1924", "x": 630307.53, "y": 5219708.09, "order": null, "visited": false}}, {"type": "Feature", "geometry": {"type": "Point", "coordinates": [630300.75, 5219685.05]}, "properties": {"type": "gap", "gap_m": 3.6, "vineyard_id": "V49", "row_id": "V49-R02", "reachable": true, "id": "T1925", "x": 630300.75, "y": 5219685.05, "order": null, "visited": false}}, {"type": "Feature", "geometry": {"type": "Point", "coordinates": [630303.81, 5219677.01]}, "properties": {"type": "gap", "gap_m": 6.1, "vineyard_id": "V49", "row_id": "V49-R04", "reachable": true, "id": "T1926", "x": 630303.81, "y": 5219677.01, "order": null, "visited": false}}, {"type": "Feature", "geometry": {"type": "Point", "coordinates": [630304.36, 5219673.6]}, "properties": {"type": "gap", "gap_m": 5.0, "vineyard_id": "V49", "row_id": "V49-R05", "reachable": true, "id": "T1927", "x": 630304.36, "y": 5219673.6, "order": null, "visited": false}}, {"type": "Feature", "geometry": {"type": "Point", "coordinates": [630492.36, 5219685.5]}, "properties": {"type": "gap", "gap_m": 3.7, "vineyard_id": "V50", "row_id": "V50-R01", "reachable": true, "id": "T1928", "x": 630492.36, "y": 5219685.5, "order": null, "visited": false}}, {"type": "Feature", "geometry": {"type": "Point", "coordinates": [630488.0, 5219684.33]}, "properties": {"type": "gap", "gap_m": 4.3, "vineyard_id": "V50", "row_id": "V50-R01", "reachable": true, "id": "T1929", "x": 630488.0, "y": 5219684.33, "order": null, "visited": false}}, {"type": "Feature", "geometry": {"type": "Point", "coordinates": [630496.39, 5219684.1]}, "properties": {"type": "gap", "gap_m": 7.5, "vineyard_id": "V50", "row_id": "V50-R02", "reachable": true, "id": "T1930", "x": 630496.39, "y": 5219684.1, "order": 349, "visited": true}}, {"type": "Feature", "geometry": {"type": "Point", "coordinates": [630511.48, 5219684.7]}, "properties": {"type": "gap", "gap_m": 5.4, "vineyard_id": "V50", "row_id": "V50-R03", "reachable": true, "id": "T1931", "x": 630511.48, "y": 5219684.7, "order": 347, "visited": true}}, {"type": "Feature", "geometry": {"type": "Point", "coordinates": [630505.41, 5219683.08]}, "properties": {"type": "gap", "gap_m": 5.3, "vineyard_id": "V50", "row_id": "V50-R03", "reachable": true, "id": "T1932", "x": 630505.41, "y": 5219683.08, "order": 348, "visited": true}}, {"type": "Feature", "geometry": {"type": "Point", "coordinates": [630498.06, 5219681.11]}, "properties": {"type": "gap", "gap_m": 6.9, "vineyard_id": "V50", "row_id": "V50-R03", "reachable": true, "id": "T1933", "x": 630498.06, "y": 5219681.11, "order": null, "visited": true}}, {"type": "Feature", "geometry": {"type": "Point", "coordinates": [630516.89, 5219681.41]}, "properties": {"type": "gap", "gap_m": 6.7, "vineyard_id": "V50", "row_id": "V50-R04", "reachable": true, "id": "T1934", "x": 630516.89, "y": 5219681.41, "order": 346, "visited": true}}, {"type": "Feature", "geometry": {"type": "Point", "coordinates": [630505.25, 5219678.19]}, "properties": {"type": "gap", "gap_m": 3.4, "vineyard_id": "V50", "row_id": "V50-R04", "reachable": true, "id": "T1935", "x": 630505.25, "y": 5219678.19, "order": null, "visited": false}}, {"type": "Feature", "geometry": {"type": "Point", "coordinates": [630496.88, 5219675.88]}, "properties": {"type": "gap", "gap_m": 12.8, "vineyard_id": "V50", "row_id": "V50-R04", "reachable": true, "id": "T1936", "x": 630496.88, "y": 5219675.88, "order": null, "visited": false}}, {"type": "Feature", "geometry": {"type": "Point", "coordinates": [630516.29, 5219678.14]}, "properties": {"type": "gap", "gap_m": 11.1, "vineyard_id": "V50", "row_id": "V50-R05", "reachable": true, "id": "T1937", "x": 630516.29, "y": 5219678.14, "order": 351, "visited": true}}, {"type": "Feature", "geometry": {"type": "Point", "coordinates": [630501.63, 5219674.18]}, "properties": {"type": "gap", "gap_m": 7.3, "vineyard_id": "V50", "row_id": "V50-R05", "reachable": true, "id": "T1938", "x": 630501.63, "y": 5219674.18, "order": 350, "visited": true}}, {"type": "Feature", "geometry": {"type": "Point", "coordinates": [630521.44, 5219676.74]}, "properties": {"type": "gap", "gap_m": 6.9, "vineyard_id": "V50", "row_id": "V50-R06", "reachable": true, "id": "T1939", "x": 630521.44, "y": 5219676.74, "order": 345, "visited": true}}, {"type": "Feature", "geometry": {"type": "Point", "coordinates": [630504.04, 5219671.91]}, "properties": {"type": "gap", "gap_m": 5.5, "vineyard_id": "V50", "row_id": "V50-R06", "reachable": true, "id": "T1940", "x": 630504.04, "y": 5219671.91, "order": 334, "visited": true}}, {"type": "Feature", "geometry": {"type": "Point", "coordinates": [629859.38, 5219651.42]}, "properties": {"type": "gap", "gap_m": 3.1, "vineyard_id": "V51", "row_id": "V51-R11", "reachable": true, "id": "T1941", "x": 629859.38, "y": 5219651.42, "order": null, "visited": false}}, {"type": "Feature", "geometry": {"type": "Point", "coordinates": [629863.68, 5219675.24]}, "properties": {"type": "gap", "gap_m": 3.1, "vineyard_id": "V51", "row_id": "V51-R13", "reachable": true, "id": "T1942", "x": 629863.68, "y": 5219675.24, "order": null, "visited": false}}, {"type": "Feature", "geometry": {"type": "Point", "coordinates": [629864.08, 5219640.45]}, "properties": {"type": "gap", "gap_m": 3.9, "vineyard_id": "V51", "row_id": "V51-R14", "reachable": true, "id": "T1943", "x": 629864.08, "y": 5219640.45, "order": null, "visited": false}}, {"type": "Feature", "geometry": {"type": "Point", "coordinates": [629868.57, 5219682.32]}, "properties": {"type": "gap", "gap_m": 4.7, "vineyard_id": "V51", "row_id": "V51-R15", "reachable": true, "id": "T1944", "x": 629868.57, "y": 5219682.32, "order": null, "visited": true}}, {"type": "Feature", "geometry": {"type": "Point", "coordinates": [629869.58, 5219671.56]}, "properties": {"type": "gap", "gap_m": 3.3, "vineyard_id": "V51", "row_id": "V51-R15", "reachable": true, "id": "T1945", "x": 629869.58, "y": 5219671.56, "order": 856, "visited": true}}, {"type": "Feature", "geometry": {"type": "Point", "coordinates": [629871.73, 5219648.53]}, "properties": {"type": "gap", "gap_m": 4.2, "vineyard_id": "V51", "row_id": "V51-R15", "reachable": true, "id": "T1946", "x": 629871.73, "y": 5219648.53, "order": 854, "visited": true}}, {"type": "Feature", "geometry": {"type": "Point", "coordinates": [629871.93, 5219680.68]}, "properties": {"type": "gap", "gap_m": 5.0, "vineyard_id": "V51", "row_id": "V51-R17", "reachable": true, "id": "T1947", "x": 629871.93, "y": 5219680.68, "order": 853, "visited": true}}, {"type": "Feature", "geometry": {"type": "Point", "coordinates": [629874.78, 5219650.8]}, "properties": {"type": "gap", "gap_m": 8.9, "vineyard_id": "V51", "row_id": "V51-R17", "reachable": true, "id": "T1948", "x": 629874.78, "y": 5219650.8, "order": 855, "visited": true}}, {"type": "Feature", "geometry": {"type": "Point", "coordinates": [629875.74, 5219640.83]}, "properties": {"type": "gap", "gap_m": 3.6, "vineyard_id": "V51", "row_id": "V51-R17", "reachable": true, "id": "T1949", "x": 629875.74, "y": 5219640.83, "order": null, "visited": false}}, {"type": "Feature", "geometry": {"type": "Point", "coordinates": [629894.3, 5219663.01]}, "properties": {"type": "gap", "gap_m": 3.8, "vineyard_id": "V52", "row_id": "V52-R01", "reachable": true, "id": "T1950", "x": 629894.3, "y": 5219663.01, "order": null, "visited": true}}, {"type": "Feature", "geometry": {"type": "Point", "coordinates": [629887.29, 5219675.19]}, "properties": {"type": "gap", "gap_m": 4.1, "vineyard_id": "V52", "row_id": "V52-R02", "reachable": true, "id": "T1951", "x": 629887.29, "y": 5219675.19, "order": 859, "visited": true}}, {"type": "Feature", "geometry": {"type": "Point", "coordinates": [629888.03, 5219667.52]}, "properties": {"type": "gap", "gap_m": 4.5, "vineyard_id": "V52", "row_id": "V52-R02", "reachable": true, "id": "T1952", "x": 629888.03, "y": 5219667.52, "order": null, "visited": true}}, {"type": "Feature", "geometry": {"type": "Point", "coordinates": [629889.14, 5219656.05]}, "properties": {"type": "gap", "gap_m": 5.8, "vineyard_id": "V52", "row_id": "V52-R02", "reachable": true, "id": "T1953", "x": 629889.14, "y": 5219656.05, "order": 861, "visited": true}}, {"type": "Feature", "geometry": {"type": "Point", "coordinates": [629884.47, 5219670.92]}, "properties": {"type": "gap", "gap_m": 5.6, "vineyard_id": "V52", "row_id": "V52-R03", "reachable": true, "id": "T1954", "x": 629884.47, "y": 5219670.92, "order": 858, "visited": true}}, {"type": "Feature", "geometry": {"type": "Point", "coordinates": [629885.54, 5219659.83]}, "properties": {"type": "gap", "gap_m": 3.8, "vineyard_id": "V52", "row_id": "V52-R03", "reachable": true, "id": "T1955", "x": 629885.54, "y": 5219659.83, "order": null, "visited": true}}, {"type": "Feature", "geometry": {"type": "Point", "coordinates": [629881.51, 5219672.42]}, "properties": {"type": "gap", "gap_m": 3.7, "vineyard_id": "V52", "row_id": "V52-R04", "reachable": true, "id": "T1956", "x": 629881.51, "y": 5219672.42, "order": 857, "visited": true}}, {"type": "Feature", "geometry": {"type": "Point", "coordinates": [629882.62, 5219660.94]}, "properties": {"type": "gap", "gap_m": 5.0, "vineyard_id": "V52", "row_id": "V52-R04", "reachable": true, "id": "T1957", "x": 629882.62, "y": 5219660.94, "order": 860, "visited": true}}, {"type": "Feature", "geometry": {"type": "Point", "coordinates": [630098.86, 5219713.28]}, "properties": {"type": "gap", "gap_m": 5.0, "vineyard_id": "V53", "row_id": "V53-R02", "reachable": true, "id": "T1958", "x": 630098.86, "y": 5219713.28, "order": null, "visited": false}}, {"type": "Feature", "geometry": {"type": "Point", "coordinates": [630097.13, 5219683.68]}, "properties": {"type": "gap", "gap_m": 21.8, "vineyard_id": "V53", "row_id": "V53-R05", "reachable": true, "id": "T1959", "x": 630097.13, "y": 5219683.68, "order": null, "visited": false}}, {"type": "Feature", "geometry": {"type": "Point", "coordinates": [630081.34, 5219682.68]}, "properties": {"type": "gap", "gap_m": 3.0, "vineyard_id": "V53", "row_id": "V53-R05", "reachable": true, "id": "T1960", "x": 630081.34, "y": 5219682.68, "order": null, "visited": false}}, {"type": "Feature", "geometry": {"type": "Point", "coordinates": [630098.97, 5219680.59]}, "properties": {"type": "gap", "gap_m": 20.6, "vineyard_id": "V53", "row_id": "V53-R07", "reachable": true, "id": "T1961", "x": 630098.97, "y": 5219680.59, "order": null, "visited": false}}, {"type": "Feature", "geometry": {"type": "Point", "coordinates": [630081.77, 5219679.5]}, "properties": {"type": "gap", "gap_m": 6.3, "vineyard_id": "V53", "row_id": "V53-R07", "reachable": true, "id": "T1962", "x": 630081.77, "y": 5219679.5, "order": null, "visited": false}}, {"type": "Feature", "geometry": {"type": "Point", "coordinates": [630072.13, 5219688.55]}, "properties": {"type": "gap", "gap_m": 3.7, "vineyard_id": "V53", "row_id": "V53-R08", "reachable": true, "id": "T1963", "x": 630072.13, "y": 5219688.55, "order": null, "visited": false}}, {"type": "Feature", "geometry": {"type": "Point", "coordinates": [630100.6, 5219676.83]}, "properties": {"type": "gap", "gap_m": 22.1, "vineyard_id": "V53", "row_id": "V53-R09", "reachable": true, "id": "T1964", "x": 630100.6, "y": 5219676.83, "order": null, "visited": false}}, {"type": "Feature", "geometry": {"type": "Point", "coordinates": [630105.01, 5219671.95]}, "properties": {"type": "gap", "gap_m": 20.6, "vineyard_id": "V53", "row_id": "V53-R12", "reachable": true, "id": "T1965", "x": 630105.01, "y": 5219671.95, "order": null, "visited": false}}, {"type": "Feature", "geometry": {"type": "Point", "coordinates": [630092.51, 5219671.14]}, "properties": {"type": "gap", "gap_m": 3.1, "vineyard_id": "V53", "row_id": "V53-R12", "reachable": true, "id": "T1966", "x": 630092.51, "y": 5219671.14, "order": null, "visited": false}}, {"type": "Feature", "geometry": {"type": "Point", "coordinates": [630077.25, 5219670.15]}, "properties": {"type": "gap", "gap_m": 4.8, "vineyard_id": "V53", "row_id": "V53-R12", "reachable": true, "id": "T1967", "x": 630077.25, "y": 5219670.15, "order": null, "visited": false}}, {"type": "Feature", "geometry": {"type": "Point", "coordinates": [630107.56, 5219668.48]}, "properties": {"type": "gap", "gap_m": 20.4, "vineyard_id": "V53", "row_id": "V53-R13", "reachable": true, "id": "T1968", "x": 630107.56, "y": 5219668.48, "order": null, "visited": false}}, {"type": "Feature", "geometry": {"type": "Point", "coordinates": [630098.93, 5219659.78]}, "properties": {"type": "gap", "gap_m": 6.1, "vineyard_id": "V53", "row_id": "V53-R16", "reachable": true, "id": "T1969", "x": 630098.93, "y": 5219659.78, "order": null, "visited": false}}, {"type": "Feature", "geometry": {"type": "Point", "coordinates": [630093.21, 5219659.42]}, "properties": {"type": "gap", "gap_m": 4.4, "vineyard_id": "V53", "row_id": "V53-R16", "reachable": true, "id": "T1970", "x": 630093.21, "y": 5219659.42, "order": null, "visited": false}}, {"type": "Feature", "geometry": {"type": "Point", "coordinates": [630098.56, 5219657.31]}, "properties": {"type": "gap", "gap_m": 10.2, "vineyard_id": "V53", "row_id": "V53-R17", "reachable": true, "id": "T1971", "x": 630098.56, "y": 5219657.31, "order": null, "visited": false}}, {"type": "Feature", "geometry": {"type": "Point", "coordinates": [630104.25, 5219652.46]}, "properties": {"type": "gap", "gap_m": 5.9, "vineyard_id": "V53", "row_id": "V53-R19", "reachable": true, "id": "T1972", "x": 630104.25, "y": 5219652.46, "order": null, "visited": false}}, {"type": "Feature", "geometry": {"type": "Point", "coordinates": [630104.62, 5219649.98]}, "properties": {"type": "gap", "gap_m": 8.7, "vineyard_id": "V53", "row_id": "V53-R21", "reachable": true, "id": "T1973", "x": 630104.62, "y": 5219649.98, "order": null, "visited": false}}, {"type": "Feature", "geometry": {"type": "Point", "coordinates": [630106.51, 5219647.13]}, "properties": {"type": "gap", "gap_m": 3.1, "vineyard_id": "V53", "row_id": "V53-R22", "reachable": true, "id": "T1974", "x": 630106.51, "y": 5219647.13, "order": null, "visited": false}}, {"type": "Feature", "geometry": {"type": "Point", "coordinates": [630060.31, 5219657.95]}, "properties": {"type": "gap", "gap_m": 5.2, "vineyard_id": "V53", "row_id": "V53-R25", "reachable": true, "id": "T1975", "x": 630060.31, "y": 5219657.95, "order": 812, "visited": true}}, {"type": "Feature", "geometry": {"type": "Point", "coordinates": [630065.55, 5219640.8]}, "properties": {"type": "gap", "gap_m": 5.4, "vineyard_id": "V53", "row_id": "V53-R25", "reachable": true, "id": "T1976", "x": 630065.55, "y": 5219640.8, "order": 814, "visited": true}}, {"type": "Feature", "geometry": {"type": "Point", "coordinates": [630110.82, 5219643.16]}, "properties": {"type": "gap", "gap_m": 5.9, "vineyard_id": "V53", "row_id": "V53-R26", "reachable": true, "id": "T1977", "x": 630110.82, "y": 5219643.16, "order": null, "visited": false}}, {"type": "Feature", "geometry": {"type": "Point", "coordinates": [630057.58, 5219656.25]}, "properties": {"type": "gap", "gap_m": 5.4, "vineyard_id": "V53", "row_id": "V53-R27", "reachable": true, "id": "T1978", "x": 630057.58, "y": 5219656.25, "order": null, "visited": false}}, {"type": "Feature", "geometry": {"type": "Point", "coordinates": [630059.39, 5219650.33]}, "properties": {"type": "gap", "gap_m": 4.0, "vineyard_id": "V53", "row_id": "V53-R27", "reachable": true, "id": "T1979", "x": 630059.39, "y": 5219650.33, "order": 813, "visited": true}}, {"type": "Feature", "geometry": {"type": "Point", "coordinates": [630112.55, 5219640.93]}, "properties": {"type": "gap", "gap_m": 6.0, "vineyard_id": "V53", "row_id": "V53-R28", "reachable": true, "id": "T1980", "x": 630112.55, "y": 5219640.93, "order": null, "visited": false}}, {"type": "Feature", "geometry": {"type": "Point", "coordinates": [630088.92, 5219639.44]}, "properties": {"type": "gap", "gap_m": 3.0, "vineyard_id": "V53", "row_id": "V53-R28", "reachable": true, "id": "T1981", "x": 630088.92, "y": 5219639.44, "order": null, "visited": false}}, {"type": "Feature", "geometry": {"type": "Point", "coordinates": [630046.77, 5219676.79]}, "properties": {"type": "gap", "gap_m": 3.9, "vineyard_id": "V53", "row_id": "V53-R29", "reachable": true, "id": "T1982", "x": 630046.77, "y": 5219676.79, "order": null, "visited": false}}, {"type": "Feature", "geometry": {"type": "Point", "coordinates": [630053.38, 5219655.32]}, "properties": {"type": "gap", "gap_m": 4.6, "vineyard_id": "V53", "row_id": "V53-R29", "reachable": true, "id": "T1983", "x": 630053.38, "y": 5219655.32, "order": null, "visited": false}}, {"type": "Feature", "geometry": {"type": "Point", "coordinates": [630055.85, 5219647.33]}, "properties": {"type": "gap", "gap_m": 11.1, "vineyard_id": "V53", "row_id": "V53-R29", "reachable": true, "id": "T1984", "x": 630055.85, "y": 5219647.33, "order": 788, "visited": true}}, {"type": "Feature", "geometry": {"type": "Point", "coordinates": [630112.66, 5219638.49]}, "properties": {"type": "gap", "gap_m": 3.1, "vineyard_id": "V53", "row_id": "V53-R31", "reachable": true, "id": "T1985", "x": 630112.66, "y": 5219638.49, "order": null, "visited": false}}, {"type": "Feature", "geometry": {"type": "Point", "coordinates": [630088.68, 5219636.96]}, "properties": {"type": "gap", "gap_m": 3.2, "vineyard_id": "V53", "row_id": "V53-R31", "reachable": true, "id": "T1986", "x": 630088.68, "y": 5219636.96, "order": null, "visited": false}}, {"type": "Feature", "geometry": {"type": "Point", "coordinates": [630043.61, 5219681.57]}, "properties": {"type": "gap", "gap_m": 3.3, "vineyard_id": "V53", "row_id": "V53-R32", "reachable": true, "id": "T1987", "x": 630043.61, "y": 5219681.57, "order": 786, "visited": true}}, {"type": "Feature", "geometry": {"type": "Point", "coordinates": [630044.88, 5219677.41]}, "properties": {"type": "gap", "gap_m": 3.7, "vineyard_id": "V53", "row_id": "V53-R32", "reachable": true, "id": "T1988", "x": 630044.88, "y": 5219677.41, "order": 787, "visited": true}}, {"type": "Feature", "geometry": {"type": "Point", "coordinates": [630056.29, 5219640.08]}, "properties": {"type": "gap", "gap_m": 7.7, "vineyard_id": "V53", "row_id": "V53-R32", "reachable": true, "id": "T1989", "x": 630056.29, "y": 5219640.08, "order": 789, "visited": true}}, {"type": "Feature", "geometry": {"type": "Point", "coordinates": [630041.95, 5219677.82]}, "properties": {"type": "gap", "gap_m": 4.0, "vineyard_id": "V53", "row_id": "V53-R33", "reachable": true, "id": "T1990", "x": 630041.95, "y": 5219677.82, "order": 821, "visited": true}}, {"type": "Feature", "geometry": {"type": "Point", "coordinates": [630051.78, 5219645.78]}, "properties": {"type": "gap", "gap_m": 5.6, "vineyard_id": "V53", "row_id": "V53-R33", "reachable": true, "id": "T1991", "x": 630051.78, "y": 5219645.78, "order": 819, "visited": true}}, {"type": "Feature", "geometry": {"type": "Point", "coordinates": [630053.21, 5219641.12]}, "properties": {"type": "gap", "gap_m": 3.0, "vineyard_id": "V53", "row_id": "V53-R33", "reachable": true, "id": "T1992", "x": 630053.21, "y": 5219641.12, "order": null, "visited": true}}, {"type": "Feature", "geometry": {"type": "Point", "coordinates": [630039.36, 5219678.52]}, "properties": {"type": "gap", "gap_m": 6.7, "vineyard_id": "V53", "row_id": "V53-R34", "reachable": true, "id": "T1993", "x": 630039.36, "y": 5219678.52, "order": 822, "visited": true}}, {"type": "Feature", "geometry": {"type": "Point", "coordinates": [630044.01, 5219663.39]}, "properties": {"type": "gap", "gap_m": 3.2, "vineyard_id": "V53", "row_id": "V53-R34", "reachable": true, "id": "T1994", "x": 630044.01, "y": 5219663.39, "order": 820, "visited": true}}, {"type": "Feature", "geometry": {"type": "Point", "coordinates": [630047.28, 5219652.78]}, "properties": {"type": "gap", "gap_m": 5.1, "vineyard_id": "V53", "row_id": "V53-R34", "reachable": true, "id": "T1995", "x": 630047.28, "y": 5219652.78, "order": 817, "visited": true}}, {"type": "Feature", "geometry": {"type": "Point", "coordinates": [630036.52, 5219678.03]}, "properties": {"type": "gap", "gap_m": 3.9, "vineyard_id": "V53", "row_id": "V53-R36", "reachable": true, "id": "T1996", "x": 630036.52, "y": 5219678.03, "order": 823, "visited": true}}, {"type": "Feature", "geometry": {"type": "Point", "coordinates": [630039.42, 5219668.54]}, "properties": {"type": "gap", "gap_m": 6.3, "vineyard_id": "V53", "row_id": "V53-R36", "reachable": true, "id": "T1997", "x": 630039.42, "y": 5219668.54, "order": 825, "visited": true}}, {"type": "Feature", "geometry": {"type": "Point", "coordinates": [630044.76, 5219651.09]}, "properties": {"type": "gap", "gap_m": 4.5, "vineyard_id": "V53", "row_id": "V53-R36", "reachable": true, "id": "T1998", "x": 630044.76, "y": 5219651.09, "order": 818, "visited": true}}, {"type": "Feature", "geometry": {"type": "Point", "coordinates": [630046.38, 5219645.77]}, "properties": {"type": "gap", "gap_m": 5.6, "vineyard_id": "V53", "row_id": "V53-R36", "reachable": true, "id": "T1999", "x": 630046.38, "y": 5219645.77, "order": null, "visited": true}}, {"type": "Feature", "geometry": {"type": "Point", "coordinates": [630036.59, 5219667.98]}, "properties": {"type": "gap", "gap_m": 8.0, "vineyard_id": "V53", "row_id": "V53-R37", "reachable": true, "id": "T2000", "x": 630036.59, "y": 5219667.98, "order": 824, "visited": true}}, {"type": "Feature", "geometry": {"type": "Point", "coordinates": [630042.2, 5219649.66]}, "properties": {"type": "gap", "gap_m": 4.2, "vineyard_id": "V53", "row_id": "V53-R37", "reachable": true, "id": "T2001", "x": 630042.2, "y": 5219649.66, "order": 826, "visited": true}}, {"type": "Feature", "geometry": {"type": "Point", "coordinates": [630031.73, 5219670.29]}, "properties": {"type": "gap", "gap_m": 8.0, "vineyard_id": "V53", "row_id": "V53-R39", "reachable": true, "id": "T2002", "x": 630031.73, "y": 5219670.29, "order": 828, "visited": true}}, {"type": "Feature", "geometry": {"type": "Point", "coordinates": [630035.79, 5219656.97]}, "properties": {"type": "gap", "gap_m": 11.0, "vineyard_id": "V53", "row_id": "V53-R39", "reachable": true, "id": "T2003", "x": 630035.79, "y": 5219656.97, "order": 827, "visited": true}}, {"type": "Feature", "geometry": {"type": "Point", "coordinates": [630074.11, 5219629.08]}, "properties": {"type": "gap", "gap_m": 4.0, "vineyard_id": "V53", "row_id": "V53-R40", "reachable": true, "id": "T2004", "x": 630074.11, "y": 5219629.08, "order": null, "visited": false}}, {"type": "Feature", "geometry": {"type": "Point", "coordinates": [630086.08, 5219626.16]}, "properties": {"type": "gap", "gap_m": 10.4, "vineyard_id": "V53", "row_id": "V53-R40", "reachable": true, "id": "T2005", "x": 630086.08, "y": 5219626.16, "order": 784, "visited": true}}, {"type": "Feature", "geometry": {"type": "Point", "coordinates": [630100.22, 5219622.71]}, "properties": {"type": "gap", "gap_m": 3.9, "vineyard_id": "V53", "row_id": "V53-R40", "reachable": true, "id": "T2006", "x": 630100.22, "y": 5219622.71, "order": 782, "visited": true}}, {"type": "Feature", "geometry": {"type": "Point", "coordinates": [630035.77, 5219647.44]}, "properties": {"type": "gap", "gap_m": 5.3, "vineyard_id": "V53", "row_id": "V53-R41", "reachable": true, "id": "T2007", "x": 630035.77, "y": 5219647.44, "order": 829, "visited": true}}, {"type": "Feature", "geometry": {"type": "Point", "coordinates": [630087.29, 5219623.65]}, "properties": {"type": "gap", "gap_m": 9.3, "vineyard_id": "V53", "row_id": "V53-R42", "reachable": true, "id": "T2008", "x": 630087.29, "y": 5219623.65, "order": 783, "visited": true}}, {"type": "Feature", "geometry": {"type": "Point", "coordinates": [630114.53, 5219616.99]}, "properties": {"type": "gap", "gap_m": 4.3, "vineyard_id": "V53", "row_id": "V53-R42", "reachable": true, "id": "T2009", "x": 630114.53, "y": 5219616.99, "order": 781, "visited": true}}, {"type": "Feature", "geometry": {"type": "Point", "coordinates": [630031.49, 5219653.4]}, "properties": {"type": "gap", "gap_m": 5.9, "vineyard_id": "V53", "row_id": "V53-R43", "reachable": true, "id": "T2010", "x": 630031.49, "y": 5219653.4, "order": 830, "visited": true}}, {"type": "Feature", "geometry": {"type": "Point", "coordinates": [630074.52, 5219623.96]}, "properties": {"type": "gap", "gap_m": 5.9, "vineyard_id": "V53", "row_id": "V53-R44", "reachable": true, "id": "T2011", "x": 630074.52, "y": 5219623.96, "order": 785, "visited": true}}, {"type": "Feature", "geometry": {"type": "Point", "coordinates": [630094.24, 5219619.12]}, "properties": {"type": "gap", "gap_m": 7.7, "vineyard_id": "V53", "row_id": "V53-R44", "reachable": true, "id": "T2012", "x": 630094.24, "y": 5219619.12, "order": 764, "visited": true}}, {"type": "Feature", "geometry": {"type": "Point", "coordinates": [630106.62, 5219616.08]}, "properties": {"type": "gap", "gap_m": 11.7, "vineyard_id": "V53", "row_id": "V53-R44", "reachable": true, "id": "T2013", "x": 630106.62, "y": 5219616.08, "order": 767, "visited": true}}, {"type": "Feature", "geometry": {"type": "Point", "coordinates": [630115.8, 5219613.82]}, "properties": {"type": "gap", "gap_m": 3.3, "vineyard_id": "V53", "row_id": "V53-R44", "reachable": true, "id": "T2014", "x": 630115.8, "y": 5219613.82, "order": null, "visited": false}}, {"type": "Feature", "geometry": {"type": "Point", "coordinates": [630094.54, 5219616.42]}, "properties": {"type": "gap", "gap_m": 13.9, "vineyard_id": "V53", "row_id": "V53-R46", "reachable": true, "id": "T2015", "x": 630094.54, "y": 5219616.42, "order": 765, "visited": true}}, {"type": "Feature", "geometry": {"type": "Point", "coordinates": [630105.71, 5219613.7]}, "properties": {"type": "gap", "gap_m": 7.2, "vineyard_id": "V53", "row_id": "V53-R46", "reachable": true, "id": "T2016", "x": 630105.71, "y": 5219613.7, "order": 766, "visited": true}}, {"type": "Feature", "geometry": {"type": "Point", "coordinates": [630113.68, 5219611.76]}, "properties": {"type": "gap", "gap_m": 5.0, "vineyard_id": "V53", "row_id": "V53-R46", "reachable": true, "id": "T2017", "x": 630113.68, "y": 5219611.76, "order": 769, "visited": true}}, {"type": "Feature", "geometry": {"type": "Point", "coordinates": [630083.3, 5219615.87]}, "properties": {"type": "gap", "gap_m": 7.0, "vineyard_id": "V53", "row_id": "V53-R47", "reachable": true, "id": "T2018", "x": 630083.3, "y": 5219615.87, "order": 772, "visited": true}}, {"type": "Feature", "geometry": {"type": "Point", "coordinates": [630096.0, 5219612.76]}, "properties": {"type": "gap", "gap_m": 9.6, "vineyard_id": "V53", "row_id": "V53-R47", "reachable": true, "id": "T2019", "x": 630096.0, "y": 5219612.76, "order": 771, "visited": true}}, {"type": "Feature", "geometry": {"type": "Point", "coordinates": [630109.49, 5219609.46]}, "properties": {"type": "gap", "gap_m": 16.8, "vineyard_id": "V53", "row_id": "V53-R47", "reachable": true, "id": "T2020", "x": 630109.49, "y": 5219609.46, "order": 768, "visited": true}}, {"type": "Feature", "geometry": {"type": "Point", "coordinates": [630094.6, 5219608.3]}, "properties": {"type": "gap", "gap_m": 10.8, "vineyard_id": "V53", "row_id": "V53-R48", "reachable": true, "id": "T2021", "x": 630094.6, "y": 5219608.3, "order": 780, "visited": true}}, {"type": "Feature", "geometry": {"type": "Point", "coordinates": [630107.98, 5219605.0]}, "properties": {"type": "gap", "gap_m": 10.5, "vineyard_id": "V53", "row_id": "V53-R48", "reachable": true, "id": "T2022", "x": 630107.98, "y": 5219605.0, "order": 770, "visited": true}}, {"type": "Feature", "geometry": {"type": "Point", "coordinates": [630453.37, 5219659.08]}, "properties": {"type": "gap", "gap_m": 11.3, "vineyard_id": "V54", "row_id": "V54-R02", "reachable": true, "id": "T2023", "x": 630453.37, "y": 5219659.08, "order": null, "visited": true}}, {"type": "Feature", "geometry": {"type": "Point", "coordinates": [630450.91, 5219657.18]}, "properties": {"type": "gap", "gap_m": 3.9, "vineyard_id": "V54", "row_id": "V54-R03", "reachable": true, "id": "T2024", "x": 630450.91, "y": 5219657.18, "order": null, "visited": false}}, {"type": "Feature", "geometry": {"type": "Point", "coordinates": [630440.47, 5219649.33]}, "properties": {"type": "gap", "gap_m": 14.9, "vineyard_id": "V54", "row_id": "V54-R05", "reachable": true, "id": "T2025", "x": 630440.47, "y": 5219649.33, "order": 333, "visited": true}}, {"type": "Feature", "geometry": {"type": "Point", "coordinates": [630442.45, 5219647.71]}, "properties": {"type": "gap", "gap_m": 15.6, "vineyard_id": "V54", "row_id": "V54-R06", "reachable": true, "id": "T2026", "x": 630442.45, "y": 5219647.71, "order": null, "visited": true}}, {"type": "Feature", "geometry": {"type": "Point", "coordinates": [630445.53, 5219643.72]}, "properties": {"type": "gap", "gap_m": 25.7, "vineyard_id": "V54", "row_id": "V54-R08", "reachable": true, "id": "T2027", "x": 630445.53, "y": 5219643.72, "order": 332, "visited": true}}, {"type": "Feature", "geometry": {"type": "Point", "coordinates": [630429.55, 5219641.0]}, "properties": {"type": "gap", "gap_m": 5.7, "vineyard_id": "V54", "row_id": "V54-R08", "reachable": true, "id": "T2028", "x": 630429.55, "y": 5219641.0, "order": null, "visited": false}}, {"type": "Feature", "geometry": {"type": "Point", "coordinates": [630448.72, 5219641.82]}, "properties": {"type": "gap", "gap_m": 17.0, "vineyard_id": "V54", "row_id": "V54-R09", "reachable": true, "id": "T2029", "x": 630448.72, "y": 5219641.82, "order": 331, "visited": true}}, {"type": "Feature", "geometry": {"type": "Point", "coordinates": [630456.26, 5219641.37]}, "properties": {"type": "gap", "gap_m": 11.1, "vineyard_id": "V54", "row_id": "V54-R10", "reachable": true, "id": "T2030", "x": 630456.26, "y": 5219641.37, "order": 330, "visited": true}}, {"type": "Feature", "geometry": {"type": "Point", "coordinates": [630446.02, 5219639.58]}, "properties": {"type": "gap", "gap_m": 8.1, "vineyard_id": "V54", "row_id": "V54-R10", "reachable": true, "id": "T2031", "x": 630446.02, "y": 5219639.58, "order": null, "visited": false}}, {"type": "Feature", "geometry": {"type": "Point", "coordinates": [630608.33, 5219695.94]}, "properties": {"type": "gap", "gap_m": 5.3, "vineyard_id": "V55", "row_id": "V55-R01", "reachable": true, "id": "T2032", "x": 630608.33, "y": 5219695.94, "order": 342, "visited": true}}, {"type": "Feature", "geometry": {"type": "Point", "coordinates": [630597.47, 5219693.58]}, "properties": {"type": "gap", "gap_m": 7.9, "vineyard_id": "V55", "row_id": "V55-R02", "reachable": true, "id": "T2033", "x": 630597.47, "y": 5219693.58, "order": 344, "visited": true}}, {"type": "Feature", "geometry": {"type": "Point", "coordinates": [630599.71, 5219690.28]}, "properties": {"type": "gap", "gap_m": 5.0, "vineyard_id": "V55", "row_id": "V55-R03", "reachable": true, "id": "T2034", "x": 630599.71, "y": 5219690.28, "order": 343, "visited": true}}, {"type": "Feature", "geometry": {"type": "Point", "coordinates": [630601.08, 5219685.22]}, "properties": {"type": "gap", "gap_m": 3.4, "vineyard_id": "V55", "row_id": "V55-R04", "reachable": true, "id": "T2035", "x": 630601.08, "y": 5219685.22, "order": 341, "visited": true}}, {"type": "Feature", "geometry": {"type": "Point", "coordinates": [630607.74, 5219682.42]}, "properties": {"type": "gap", "gap_m": 3.1, "vineyard_id": "V55", "row_id": "V55-R05", "reachable": true, "id": "T2036", "x": 630607.74, "y": 5219682.42, "order": 340, "visited": true}}, {"type": "Feature", "geometry": {"type": "Point", "coordinates": [630604.73, 5219679.91]}, "properties": {"type": "gap", "gap_m": 7.5, "vineyard_id": "V55", "row_id": "V55-R06", "reachable": true, "id": "T2037", "x": 630604.73, "y": 5219679.91, "order": 339, "visited": true}}, {"type": "Feature", "geometry": {"type": "Point", "coordinates": [630608.04, 5219677.35]}, "properties": {"type": "gap", "gap_m": 3.5, "vineyard_id": "V55", "row_id": "V55-R07", "reachable": true, "id": "T2038", "x": 630608.04, "y": 5219677.35, "order": null, "visited": false}}, {"type": "Feature", "geometry": {"type": "Point", "coordinates": [630601.43, 5219676.82]}, "properties": {"type": "gap", "gap_m": 7.4, "vineyard_id": "V55", "row_id": "V55-R07", "reachable": true, "id": "T2039", "x": 630601.43, "y": 5219676.82, "order": 338, "visited": true}}, {"type": "Feature", "geometry": {"type": "Point", "coordinates": [630607.83, 5219675.25]}, "properties": {"type": "gap", "gap_m": 3.0, "vineyard_id": "V55", "row_id": "V55-R08", "reachable": true, "id": "T2040", "x": 630607.83, "y": 5219675.25, "order": null, "visited": false}}, {"type": "Feature", "geometry": {"type": "Point", "coordinates": [630599.41, 5219674.58]}, "properties": {"type": "gap", "gap_m": 3.2, "vineyard_id": "V55", "row_id": "V55-R08", "reachable": true, "id": "T2041", "x": 630599.41, "y": 5219674.58, "order": 337, "visited": true}}, {"type": "Feature", "geometry": {"type": "Point", "coordinates": [630601.69, 5219672.8]}, "properties": {"type": "gap", "gap_m": 4.3, "vineyard_id": "V55", "row_id": "V55-R09", "reachable": true, "id": "T2042", "x": 630601.69, "y": 5219672.8, "order": 336, "visited": true}}, {"type": "Feature", "geometry": {"type": "Point", "coordinates": [630609.42, 5219669.19]}, "properties": {"type": "gap", "gap_m": 5.4, "vineyard_id": "V55", "row_id": "V55-R11", "reachable": true, "id": "T2043", "x": 630609.42, "y": 5219669.19, "order": 335, "visited": true}}, {"type": "Feature", "geometry": {"type": "Point", "coordinates": [630602.02, 5219668.62]}, "properties": {"type": "gap", "gap_m": 4.3, "vineyard_id": "V55", "row_id": "V55-R11", "reachable": true, "id": "T2044", "x": 630602.02, "y": 5219668.62, "order": null, "visited": true}}, {"type": "Feature", "geometry": {"type": "Point", "coordinates": [630609.7, 5219665.56]}, "properties": {"type": "gap", "gap_m": 8.4, "vineyard_id": "V55", "row_id": "V55-R12", "reachable": true, "id": "T2045", "x": 630609.7, "y": 5219665.56, "order": null, "visited": false}}, {"type": "Feature", "geometry": {"type": "Point", "coordinates": [630610.68, 5219663.32]}, "properties": {"type": "gap", "gap_m": 4.6, "vineyard_id": "V55", "row_id": "V55-R13", "reachable": true, "id": "T2046", "x": 630610.68, "y": 5219663.32, "order": null, "visited": false}}, {"type": "Feature", "geometry": {"type": "Point", "coordinates": [630605.97, 5219655.21]}, "properties": {"type": "gap", "gap_m": 3.7, "vineyard_id": "V55", "row_id": "V55-R16", "reachable": true, "id": "T2047", "x": 630605.97, "y": 5219655.21, "order": null, "visited": false}}, {"type": "Feature", "geometry": {"type": "Point", "coordinates": [630608.18, 5219646.82]}, "properties": {"type": "gap", "gap_m": 3.7, "vineyard_id": "V55", "row_id": "V55-R19", "reachable": true, "id": "T2048", "x": 630608.18, "y": 5219646.82, "order": null, "visited": false}}, {"type": "Feature", "geometry": {"type": "Point", "coordinates": [630625.61, 5219625.42]}, "properties": {"type": "gap", "gap_m": 8.4, "vineyard_id": "V55", "row_id": "V55-R26", "reachable": true, "id": "T2050", "x": 630625.61, "y": 5219625.42, "order": null, "visited": false}}, {"type": "Feature", "geometry": {"type": "Point", "coordinates": [630622.55, 5219632.61]}, "properties": {"type": "gap", "gap_m": 4.0, "vineyard_id": "V55", "row_id": "V55-R27", "reachable": true, "id": "T2051", "x": 630622.55, "y": 5219632.61, "order": null, "visited": false}}, {"type": "Feature", "geometry": {"type": "Point", "coordinates": [630615.85, 5219623.48]}, "properties": {"type": "gap", "gap_m": 4.0, "vineyard_id": "V55", "row_id": "V55-R29", "reachable": true, "id": "T2052", "x": 630615.85, "y": 5219623.48, "order": null, "visited": false}}, {"type": "Feature", "geometry": {"type": "Point", "coordinates": [630381.96, 5219620.41]}, "properties": {"type": "gap", "gap_m": 6.7, "vineyard_id": "V56", "row_id": "V56-R01", "reachable": true, "id": "T2053", "x": 630381.96, "y": 5219620.41, "order": null, "visited": false}}, {"type": "Feature", "geometry": {"type": "Point", "coordinates": [630394.61, 5219616.56]}, "properties": {"type": "gap", "gap_m": 18.4, "vineyard_id": "V56", "row_id": "V56-R01", "reachable": true, "id": "T2054", "x": 630394.61, "y": 5219616.56, "order": null, "visited": false}}, {"type": "Feature", "geometry": {"type": "Point", "coordinates": [630378.53, 5219618.61]}, "properties": {"type": "gap", "gap_m": 3.5, "vineyard_id": "V56", "row_id": "V56-R03", "reachable": true, "id": "T2055", "x": 630378.53, "y": 5219618.61, "order": null, "visited": false}}, {"type": "Feature", "geometry": {"type": "Point", "coordinates": [630389.06, 5219615.42]}, "properties": {"type": "gap", "gap_m": 15.7, "vineyard_id": "V56", "row_id": "V56-R03", "reachable": true, "id": "T2056", "x": 630389.06, "y": 5219615.42, "order": null, "visited": false}}, {"type": "Feature", "geometry": {"type": "Point", "coordinates": [630401.87, 5219611.54]}, "properties": {"type": "gap", "gap_m": 3.5, "vineyard_id": "V56", "row_id": "V56-R03", "reachable": true, "id": "T2057", "x": 630401.87, "y": 5219611.54, "order": null, "visited": false}}, {"type": "Feature", "geometry": {"type": "Point", "coordinates": [630189.94, 5219680.98]}, "properties": {"type": "gap", "gap_m": 3.7, "vineyard_id": "V57", "row_id": "V57-R03", "reachable": true, "id": "T2058", "x": 630189.94, "y": 5219680.98, "order": null, "visited": false}}, {"type": "Feature", "geometry": {"type": "Point", "coordinates": [630187.87, 5219677.69]}, "properties": {"type": "gap", "gap_m": 3.2, "vineyard_id": "V57", "row_id": "V57-R05", "reachable": true, "id": "T2059", "x": 630187.87, "y": 5219677.69, "order": null, "visited": false}}, {"type": "Feature", "geometry": {"type": "Point", "coordinates": [630187.07, 5219674.39]}, "properties": {"type": "gap", "gap_m": 4.5, "vineyard_id": "V57", "row_id": "V57-R07", "reachable": true, "id": "T2060", "x": 630187.07, "y": 5219674.39, "order": null, "visited": false}}, {"type": "Feature", "geometry": {"type": "Point", "coordinates": [630195.29, 5219659.53]}, "properties": {"type": "gap", "gap_m": 3.6, "vineyard_id": "V57", "row_id": "V57-R07", "reachable": true, "id": "T2061", "x": 630195.29, "y": 5219659.53, "order": null, "visited": false}}, {"type": "Feature", "geometry": {"type": "Point", "coordinates": [630217.85, 5219627.81]}, "properties": {"type": "gap", "gap_m": 3.2, "vineyard_id": "V57", "row_id": "V57-R11", "reachable": true, "id": "T2062", "x": 630217.85, "y": 5219627.81, "order": null, "visited": false}}, {"type": "Feature", "geometry": {"type": "Point", "coordinates": [630215.49, 5219618.95]}, "properties": {"type": "gap", "gap_m": 6.0, "vineyard_id": "V57", "row_id": "V57-R11", "reachable": true, "id": "T2063", "x": 630215.49, "y": 5219618.95, "order": null, "visited": false}}, {"type": "Feature", "geometry": {"type": "Point", "coordinates": [630208.97, 5219594.5]}, "properties": {"type": "gap", "gap_m": 11.8, "vineyard_id": "V57", "row_id": "V57-R11", "reachable": true, "id": "T2064", "x": 630208.97, "y": 5219594.5, "order": null, "visited": false}}, {"type": "Feature", "geometry": {"type": "Point", "coordinates": [630215.53, 5219630.01]}, "properties": {"type": "gap", "gap_m": 5.2, "vineyard_id": "V57", "row_id": "V57-R13", "reachable": true, "id": "T2065", "x": 630215.53, "y": 5219630.01, "order": null, "visited": false}}, {"type": "Feature", "geometry": {"type": "Point", "coordinates": [630213.17, 5219621.16]}, "properties": {"type": "gap", "gap_m": 3.5, "vineyard_id": "V57", "row_id": "V57-R13", "reachable": true, "id": "T2066", "x": 630213.17, "y": 5219621.16, "order": null, "visited": false}}, {"type": "Feature", "geometry": {"type": "Point", "coordinates": [630207.0, 5219598.08]}, "properties": {"type": "gap", "gap_m": 12.2, "vineyard_id": "V57", "row_id": "V57-R13", "reachable": true, "id": "T2067", "x": 630207.0, "y": 5219598.08, "order": null, "visited": false}}, {"type": "Feature", "geometry": {"type": "Point", "coordinates": [630204.62, 5219589.15]}, "properties": {"type": "gap", "gap_m": 4.8, "vineyard_id": "V57", "row_id": "V57-R13", "reachable": true, "id": "T2068", "x": 630204.62, "y": 5219589.15, "order": null, "visited": false}}, {"type": "Feature", "geometry": {"type": "Point", "coordinates": [630204.7, 5219598.19]}, "properties": {"type": "gap", "gap_m": 17.2, "vineyard_id": "V57", "row_id": "V57-R15", "reachable": true, "id": "T2069", "x": 630204.7, "y": 5219598.19, "order": null, "visited": false}}, {"type": "Feature", "geometry": {"type": "Point", "coordinates": [630202.11, 5219605.89]}, "properties": {"type": "gap", "gap_m": 12.3, "vineyard_id": "V57", "row_id": "V57-R17", "reachable": true, "id": "T2070", "x": 630202.11, "y": 5219605.89, "order": 454, "visited": true}}, {"type": "Feature", "geometry": {"type": "Point", "coordinates": [630200.14, 5219608.62]}, "properties": {"type": "gap", "gap_m": 12.0, "vineyard_id": "V57", "row_id": "V57-R18", "reachable": true, "id": "T2071", "x": 630200.14, "y": 5219608.62, "order": 453, "visited": true}}, {"type": "Feature", "geometry": {"type": "Point", "coordinates": [630197.61, 5219599.2]}, "properties": {"type": "gap", "gap_m": 3.0, "vineyard_id": "V57", "row_id": "V57-R18", "reachable": true, "id": "T2072", "x": 630197.61, "y": 5219599.2, "order": null, "visited": true}}, {"type": "Feature", "geometry": {"type": "Point", "coordinates": [630198.61, 5219610.87]}, "properties": {"type": "gap", "gap_m": 12.3, "vineyard_id": "V57", "row_id": "V57-R19", "reachable": true, "id": "T2073", "x": 630198.61, "y": 5219610.87, "order": null, "visited": false}}, {"type": "Feature", "geometry": {"type": "Point", "coordinates": [630196.98, 5219613.16]}, "properties": {"type": "gap", "gap_m": 14.5, "vineyard_id": "V57", "row_id": "V57-R21", "reachable": true, "id": "T2074", "x": 630196.98, "y": 5219613.16, "order": 452, "visited": true}}, {"type": "Feature", "geometry": {"type": "Point", "coordinates": [630194.28, 5219603.07]}, "properties": {"type": "gap", "gap_m": 3.2, "vineyard_id": "V57", "row_id": "V57-R21", "reachable": true, "id": "T2075", "x": 630194.28, "y": 5219603.07, "order": null, "visited": true}}, {"type": "Feature", "geometry": {"type": "Point", "coordinates": [630195.02, 5219616.37]}, "properties": {"type": "gap", "gap_m": 13.0, "vineyard_id": "V57", "row_id": "V57-R22", "reachable": true, "id": "T2076", "x": 630195.02, "y": 5219616.37, "order": 451, "visited": true}}, {"type": "Feature", "geometry": {"type": "Point", "coordinates": [630191.46, 5219603.07]}, "properties": {"type": "gap", "gap_m": 4.9, "vineyard_id": "V57", "row_id": "V57-R22", "reachable": true, "id": "T2077", "x": 630191.46, "y": 5219603.07, "order": null, "visited": true}}, {"type": "Feature", "geometry": {"type": "Point", "coordinates": [630193.17, 5219618.36]}, "properties": {"type": "gap", "gap_m": 13.4, "vineyard_id": "V57", "row_id": "V57-R24", "reachable": true, "id": "T2078", "x": 630193.17, "y": 5219618.36, "order": null, "visited": false}}, {"type": "Feature", "geometry": {"type": "Point", "coordinates": [630189.79, 5219605.72]}, "properties": {"type": "gap", "gap_m": 4.3, "vineyard_id": "V57", "row_id": "V57-R24", "reachable": true, "id": "T2079", "x": 630189.79, "y": 5219605.72, "order": null, "visited": false}}, {"type": "Feature", "geometry": {"type": "Point", "coordinates": [630187.6, 5219597.53]}, "properties": {"type": "gap", "gap_m": 3.7, "vineyard_id": "V57", "row_id": "V57-R24", "reachable": true, "id": "T2080", "x": 630187.6, "y": 5219597.53, "order": null, "visited": false}}, {"type": "Feature", "geometry": {"type": "Point", "coordinates": [630189.55, 5219623.41]}, "properties": {"type": "gap", "gap_m": 13.0, "vineyard_id": "V57", "row_id": "V57-R27", "reachable": true, "id": "T2081", "x": 630189.55, "y": 5219623.41, "order": null, "visited": false}}, {"type": "Feature", "geometry": {"type": "Point", "coordinates": [630186.83, 5219613.28]}, "properties": {"type": "gap", "gap_m": 3.1, "vineyard_id": "V57", "row_id": "V57-R27", "reachable": true, "id": "T2082", "x": 630186.83, "y": 5219613.28, "order": null, "visited": false}}, {"type": "Feature", "geometry": {"type": "Point", "coordinates": [630182.45, 5219596.97]}, "properties": {"type": "gap", "gap_m": 3.4, "vineyard_id": "V57", "row_id": "V57-R27", "reachable": true, "id": "T2083", "x": 630182.45, "y": 5219596.97, "order": null, "visited": false}}, {"type": "Feature", "geometry": {"type": "Point", "coordinates": [630188.3, 5219625.4]}, "properties": {"type": "gap", "gap_m": 14.2, "vineyard_id": "V57", "row_id": "V57-R29", "reachable": true, "id": "T2084", "x": 630188.3, "y": 5219625.4, "order": null, "visited": false}}, {"type": "Feature", "geometry": {"type": "Point", "coordinates": [630184.88, 5219612.56]}, "properties": {"type": "gap", "gap_m": 5.4, "vineyard_id": "V57", "row_id": "V57-R29", "reachable": true, "id": "T2085", "x": 630184.88, "y": 5219612.56, "order": 450, "visited": true}}, {"type": "Feature", "geometry": {"type": "Point", "coordinates": [630178.46, 5219588.48]}, "properties": {"type": "gap", "gap_m": 4.7, "vineyard_id": "V57", "row_id": "V57-R29", "reachable": true, "id": "T2086", "x": 630178.46, "y": 5219588.48, "order": null, "visited": true}}, {"type": "Feature", "geometry": {"type": "Point", "coordinates": [630171.27, 5219629.56]}, "properties": {"type": "gap", "gap_m": 3.3, "vineyard_id": "V57", "row_id": "V57-R30", "reachable": true, "id": "T2087", "x": 630171.27, "y": 5219629.56, "order": null, "visited": false}}, {"type": "Feature", "geometry": {"type": "Point", "coordinates": [630172.83, 5219627.71]}, "properties": {"type": "gap", "gap_m": 4.9, "vineyard_id": "V57", "row_id": "V57-R31", "reachable": true, "id": "T2088", "x": 630172.83, "y": 5219627.71, "order": null, "visited": false}}, {"type": "Feature", "geometry": {"type": "Point", "coordinates": [630175.4, 5219629.34]}, "properties": {"type": "gap", "gap_m": 8.3, "vineyard_id": "V57", "row_id": "V57-R32", "reachable": true, "id": "T2089", "x": 630175.4, "y": 5219629.34, "order": null, "visited": false}}, {"type": "Feature", "geometry": {"type": "Point", "coordinates": [630176.94, 5219625.81]}, "properties": {"type": "gap", "gap_m": 6.3, "vineyard_id": "V57", "row_id": "V57-R34", "reachable": true, "id": "T2090", "x": 630176.94, "y": 5219625.81, "order": null, "visited": false}}, {"type": "Feature", "geometry": {"type": "Point", "coordinates": [630182.55, 5219583.26]}, "properties": {"type": "gap", "gap_m": 3.9, "vineyard_id": "V57", "row_id": "V57-R35", "reachable": true, "id": "T2091", "x": 630182.55, "y": 5219583.26, "order": null, "visited": true}}, {"type": "Feature", "geometry": {"type": "Point", "coordinates": [630183.65, 5219619.02]}, "properties": {"type": "gap", "gap_m": 4.5, "vineyard_id": "V57", "row_id": "V57-R36", "reachable": true, "id": "T2092", "x": 630183.65, "y": 5219619.02, "order": 449, "visited": true}}, {"type": "Feature", "geometry": {"type": "Point", "coordinates": [630181.88, 5219612.38]}, "properties": {"type": "gap", "gap_m": 4.3, "vineyard_id": "V57", "row_id": "V57-R36", "reachable": true, "id": "T2093", "x": 630181.88, "y": 5219612.38, "order": null, "visited": true}}, {"type": "Feature", "geometry": {"type": "Point", "coordinates": [630177.31, 5219595.24]}, "properties": {"type": "gap", "gap_m": 3.6, "vineyard_id": "V57", "row_id": "V57-R36", "reachable": true, "id": "T2094", "x": 630177.31, "y": 5219595.24, "order": null, "visited": true}}, {"type": "Feature", "geometry": {"type": "Point", "coordinates": [630175.54, 5219588.56]}, "properties": {"type": "gap", "gap_m": 3.3, "vineyard_id": "V57", "row_id": "V57-R36", "reachable": true, "id": "T2095", "x": 630175.54, "y": 5219588.56, "order": null, "visited": true}}, {"type": "Feature", "geometry": {"type": "Point", "coordinates": [630174.15, 5219595.21]}, "properties": {"type": "gap", "gap_m": 3.7, "vineyard_id": "V57", "row_id": "V57-R37", "reachable": true, "id": "T2096", "x": 630174.15, "y": 5219595.21, "order": null, "visited": true}}, {"type": "Feature", "geometry": {"type": "Point", "coordinates": [630197.28, 5219578.43]}, "properties": {"type": "gap", "gap_m": 4.0, "vineyard_id": "V57", "row_id": "V57-R38", "reachable": true, "id": "T2097", "x": 630197.28, "y": 5219578.43, "order": null, "visited": false}}, {"type": "Feature", "geometry": {"type": "Point", "coordinates": [630174.74, 5219607.78]}, "properties": {"type": "gap", "gap_m": 3.3, "vineyard_id": "V57", "row_id": "V57-R39", "reachable": true, "id": "T2098", "x": 630174.74, "y": 5219607.78, "order": null, "visited": false}}, {"type": "Feature", "geometry": {"type": "Point", "coordinates": [630171.84, 5219596.91]}, "properties": {"type": "gap", "gap_m": 4.4, "vineyard_id": "V57", "row_id": "V57-R39", "reachable": true, "id": "T2099", "x": 630171.84, "y": 5219596.91, "order": null, "visited": false}}, {"type": "Feature", "geometry": {"type": "Point", "coordinates": [630168.8, 5219608.78]}, "properties": {"type": "gap", "gap_m": 6.8, "vineyard_id": "V57", "row_id": "V57-R40", "reachable": true, "id": "T2100", "x": 630168.8, "y": 5219608.78, "order": null, "visited": false}}, {"type": "Feature", "geometry": {"type": "Point", "coordinates": [630173.53, 5219577.99]}, "properties": {"type": "gap", "gap_m": 5.8, "vineyard_id": "V57", "row_id": "V57-R41", "reachable": true, "id": "T2101", "x": 630173.53, "y": 5219577.99, "order": 605, "visited": true}}, {"type": "Feature", "geometry": {"type": "Point", "coordinates": [630180.44, 5219577.14]}, "properties": {"type": "gap", "gap_m": 5.5, "vineyard_id": "V57", "row_id": "V57-R41", "reachable": true, "id": "T2102", "x": 630180.44, "y": 5219577.14, "order": null, "visited": true}}, {"type": "Feature", "geometry": {"type": "Point", "coordinates": [630187.59, 5219576.26]}, "properties": {"type": "gap", "gap_m": 6.0, "vineyard_id": "V57", "row_id": "V57-R41", "reachable": true, "id": "T2103", "x": 630187.59, "y": 5219576.26, "order": 604, "visited": true}}, {"type": "Feature", "geometry": {"type": "Point", "coordinates": [630193.96, 5219575.48]}, "properties": {"type": "gap", "gap_m": 4.4, "vineyard_id": "V57", "row_id": "V57-R41", "reachable": true, "id": "T2104", "x": 630193.96, "y": 5219575.48, "order": 603, "visited": true}}, {"type": "Feature", "geometry": {"type": "Point", "coordinates": [630198.94, 5219574.86]}, "properties": {"type": "gap", "gap_m": 3.7, "vineyard_id": "V57", "row_id": "V57-R41", "reachable": true, "id": "T2105", "x": 630198.94, "y": 5219574.86, "order": 602, "visited": true}}, {"type": "Feature", "geometry": {"type": "Point", "coordinates": [630175.07, 5219575.3]}, "properties": {"type": "gap", "gap_m": 4.5, "vineyard_id": "V57", "row_id": "V57-R42", "reachable": true, "id": "T2106", "x": 630175.07, "y": 5219575.3, "order": null, "visited": false}}, {"type": "Feature", "geometry": {"type": "Point", "coordinates": [630210.54, 5219571.02]}, "properties": {"type": "gap", "gap_m": 3.5, "vineyard_id": "V57", "row_id": "V57-R42", "reachable": true, "id": "T2107", "x": 630210.54, "y": 5219571.02, "order": 601, "visited": true}}, {"type": "Feature", "geometry": {"type": "Point", "coordinates": [630181.55, 5219572.22]}, "properties": {"type": "gap", "gap_m": 7.7, "vineyard_id": "V57", "row_id": "V57-R43", "reachable": true, "id": "T2108", "x": 630181.55, "y": 5219572.22, "order": 593, "visited": true}}, {"type": "Feature", "geometry": {"type": "Point", "coordinates": [630188.76, 5219568.54]}, "properties": {"type": "gap", "gap_m": 6.9, "vineyard_id": "V57", "row_id": "V57-R44", "reachable": true, "id": "T2109", "x": 630188.76, "y": 5219568.54, "order": 592, "visited": true}}, {"type": "Feature", "geometry": {"type": "Point", "coordinates": [630197.69, 5219567.45]}, "properties": {"type": "gap", "gap_m": 3.4, "vineyard_id": "V57", "row_id": "V57-R44", "reachable": true, "id": "T2110", "x": 630197.69, "y": 5219567.45, "order": null, "visited": true}}, {"type": "Feature", "geometry": {"type": "Point", "coordinates": [630203.45, 5219566.76]}, "properties": {"type": "gap", "gap_m": 4.6, "vineyard_id": "V57", "row_id": "V57-R44", "reachable": true, "id": "T2111", "x": 630203.45, "y": 5219566.76, "order": null, "visited": true}}, {"type": "Feature", "geometry": {"type": "Point", "coordinates": [630164.22, 5219616.68]}, "properties": {"type": "gap", "gap_m": 3.7, "vineyard_id": "V57", "row_id": "V57-R45", "reachable": true, "id": "T2112", "x": 630164.22, "y": 5219616.68, "order": 446, "visited": true}}, {"type": "Feature", "geometry": {"type": "Point", "coordinates": [630165.41, 5219610.44]}, "properties": {"type": "gap", "gap_m": 3.2, "vineyard_id": "V57", "row_id": "V57-R45", "reachable": true, "id": "T2113", "x": 630165.41, "y": 5219610.44, "order": 448, "visited": true}}, {"type": "Feature", "geometry": {"type": "Point", "coordinates": [630176.01, 5219567.53]}, "properties": {"type": "gap", "gap_m": 6.7, "vineyard_id": "V57", "row_id": "V57-R46", "reachable": true, "id": "T2114", "x": 630176.01, "y": 5219567.53, "order": null, "visited": false}}, {"type": "Feature", "geometry": {"type": "Point", "coordinates": [630194.12, 5219565.37]}, "properties": {"type": "gap", "gap_m": 3.1, "vineyard_id": "V57", "row_id": "V57-R46", "reachable": true, "id": "T2115", "x": 630194.12, "y": 5219565.37, "order": null, "visited": true}}, {"type": "Feature", "geometry": {"type": "Point", "coordinates": [630199.59, 5219564.71]}, "properties": {"type": "gap", "gap_m": 4.0, "vineyard_id": "V57", "row_id": "V57-R46", "reachable": true, "id": "T2116", "x": 630199.59, "y": 5219564.71, "order": null, "visited": false}}, {"type": "Feature", "geometry": {"type": "Point", "coordinates": [630204.45, 5219564.13]}, "properties": {"type": "gap", "gap_m": 3.7, "vineyard_id": "V57", "row_id": "V57-R46", "reachable": true, "id": "T2117", "x": 630204.45, "y": 5219564.13, "order": null, "visited": true}}, {"type": "Feature", "geometry": {"type": "Point", "coordinates": [630172.92, 5219565.03]}, "properties": {"type": "gap", "gap_m": 4.4, "vineyard_id": "V57", "row_id": "V57-R47", "reachable": true, "id": "T2118", "x": 630172.92, "y": 5219565.03, "order": null, "visited": false}}, {"type": "Feature", "geometry": {"type": "Point", "coordinates": [630197.09, 5219562.08]}, "properties": {"type": "gap", "gap_m": 6.3, "vineyard_id": "V57", "row_id": "V57-R47", "reachable": true, "id": "T2119", "x": 630197.09, "y": 5219562.08, "order": 578, "visited": true}}, {"type": "Feature", "geometry": {"type": "Point", "coordinates": [630203.64, 5219561.28]}, "properties": {"type": "gap", "gap_m": 3.3, "vineyard_id": "V57", "row_id": "V57-R47", "reachable": true, "id": "T2120", "x": 630203.64, "y": 5219561.28, "order": 579, "visited": true}}, {"type": "Feature", "geometry": {"type": "Point", "coordinates": [630212.58, 5219560.19]}, "properties": {"type": "gap", "gap_m": 3.1, "vineyard_id": "V57", "row_id": "V57-R47", "reachable": true, "id": "T2121", "x": 630212.58, "y": 5219560.19, "order": 591, "visited": true}}, {"type": "Feature", "geometry": {"type": "Point", "coordinates": [630158.8, 5219631.22]}, "properties": {"type": "gap", "gap_m": 4.5, "vineyard_id": "V57", "row_id": "V57-R48", "reachable": true, "id": "T2122", "x": 630158.8, "y": 5219631.22, "order": 444, "visited": true}}, {"type": "Feature", "geometry": {"type": "Point", "coordinates": [630162.57, 5219611.69]}, "properties": {"type": "gap", "gap_m": 4.2, "vineyard_id": "V57", "row_id": "V57-R48", "reachable": true, "id": "T2123", "x": 630162.57, "y": 5219611.69, "order": 447, "visited": true}}, {"type": "Feature", "geometry": {"type": "Point", "coordinates": [630196.21, 5219559.46]}, "properties": {"type": "gap", "gap_m": 4.0, "vineyard_id": "V57", "row_id": "V57-R49", "reachable": true, "id": "T2124", "x": 630196.21, "y": 5219559.46, "order": 577, "visited": true}}, {"type": "Feature", "geometry": {"type": "Point", "coordinates": [630205.01, 5219558.38]}, "properties": {"type": "gap", "gap_m": 5.3, "vineyard_id": "V57", "row_id": "V57-R49", "reachable": true, "id": "T2125", "x": 630205.01, "y": 5219558.38, "order": 590, "visited": true}}, {"type": "Feature", "geometry": {"type": "Point", "coordinates": [630211.16, 5219557.63]}, "properties": {"type": "gap", "gap_m": 4.1, "vineyard_id": "V57", "row_id": "V57-R49", "reachable": true, "id": "T2126", "x": 630211.16, "y": 5219557.63, "order": 588, "visited": true}}, {"type": "Feature", "geometry": {"type": "Point", "coordinates": [630173.79, 5219559.85]}, "properties": {"type": "gap", "gap_m": 4.1, "vineyard_id": "V57", "row_id": "V57-R50", "reachable": true, "id": "T2127", "x": 630173.79, "y": 5219559.85, "order": 580, "visited": true}}, {"type": "Feature", "geometry": {"type": "Point", "coordinates": [630181.9, 5219558.87]}, "properties": {"type": "gap", "gap_m": 5.4, "vineyard_id": "V57", "row_id": "V57-R50", "reachable": true, "id": "T2128", "x": 630181.9, "y": 5219558.87, "order": 581, "visited": true}}, {"type": "Feature", "geometry": {"type": "Point", "coordinates": [630201.61, 5219556.47]}, "properties": {"type": "gap", "gap_m": 17.8, "vineyard_id": "V57", "row_id": "V57-R50", "reachable": true, "id": "T2129", "x": 630201.61, "y": 5219556.47, "order": 589, "visited": true}}, {"type": "Feature", "geometry": {"type": "Point", "coordinates": [630157.53, 5219621.47]}, "properties": {"type": "gap", "gap_m": 5.4, "vineyard_id": "V57", "row_id": "V57-R51", "reachable": true, "id": "T2130", "x": 630157.53, "y": 5219621.47, "order": 445, "visited": true}}, {"type": "Feature", "geometry": {"type": "Point", "coordinates": [630163.21, 5219591.92]}, "properties": {"type": "gap", "gap_m": 7.8, "vineyard_id": "V57", "row_id": "V57-R51", "reachable": true, "id": "T2131", "x": 630163.21, "y": 5219591.92, "order": null, "visited": false}}, {"type": "Feature", "geometry": {"type": "Point", "coordinates": [630183.68, 5219555.88]}, "properties": {"type": "gap", "gap_m": 7.2, "vineyard_id": "V57", "row_id": "V57-R52", "reachable": true, "id": "T2132", "x": 630183.68, "y": 5219555.88, "order": 582, "visited": true}}, {"type": "Feature", "geometry": {"type": "Point", "coordinates": [630194.42, 5219554.6]}, "properties": {"type": "gap", "gap_m": 8.4, "vineyard_id": "V57", "row_id": "V57-R52", "reachable": true, "id": "T2133", "x": 630194.42, "y": 5219554.6, "order": null, "visited": true}}, {"type": "Feature", "geometry": {"type": "Point", "coordinates": [630205.97, 5219553.21]}, "properties": {"type": "gap", "gap_m": 11.5, "vineyard_id": "V57", "row_id": "V57-R52", "reachable": true, "id": "T2134", "x": 630205.97, "y": 5219553.21, "order": null, "visited": true}}, {"type": "Feature", "geometry": {"type": "Point", "coordinates": [630185.39, 5219553.4]}, "properties": {"type": "gap", "gap_m": 3.2, "vineyard_id": "V57", "row_id": "V57-R53", "reachable": true, "id": "T2135", "x": 630185.39, "y": 5219553.4, "order": 583, "visited": true}}, {"type": "Feature", "geometry": {"type": "Point", "coordinates": [630194.56, 5219552.3]}, "properties": {"type": "gap", "gap_m": 6.2, "vineyard_id": "V57", "row_id": "V57-R53", "reachable": true, "id": "T2136", "x": 630194.56, "y": 5219552.3, "order": null, "visited": false}}, {"type": "Feature", "geometry": {"type": "Point", "coordinates": [630201.41, 5219551.47]}, "properties": {"type": "gap", "gap_m": 6.6, "vineyard_id": "V57", "row_id": "V57-R53", "reachable": true, "id": "T2137", "x": 630201.41, "y": 5219551.47, "order": null, "visited": false}}, {"type": "Feature", "geometry": {"type": "Point", "coordinates": [630208.75, 5219550.58]}, "properties": {"type": "gap", "gap_m": 5.6, "vineyard_id": "V57", "row_id": "V57-R53", "reachable": true, "id": "T2138", "x": 630208.75, "y": 5219550.58, "order": 587, "visited": true}}, {"type": "Feature", "geometry": {"type": "Point", "coordinates": [630157.17, 5219605.72]}, "properties": {"type": "gap", "gap_m": 4.7, "vineyard_id": "V57", "row_id": "V57-R54", "reachable": true, "id": "T2139", "x": 630157.17, "y": 5219605.72, "order": null, "visited": false}}, {"type": "Feature", "geometry": {"type": "Point", "coordinates": [630186.43, 5219550.58]}, "properties": {"type": "gap", "gap_m": 5.2, "vineyard_id": "V57", "row_id": "V57-R55", "reachable": true, "id": "T2140", "x": 630186.43, "y": 5219550.58, "order": 584, "visited": true}}, {"type": "Feature", "geometry": {"type": "Point", "coordinates": [630202.12, 5219548.67]}, "properties": {"type": "gap", "gap_m": 20.1, "vineyard_id": "V57", "row_id": "V57-R55", "reachable": true, "id": "T2141", "x": 630202.12, "y": 5219548.67, "order": 586, "visited": true}}, {"type": "Feature", "geometry": {"type": "Point", "coordinates": [630154.09, 5219606.93]}, "properties": {"type": "gap", "gap_m": 4.7, "vineyard_id": "V57", "row_id": "V57-R56", "reachable": true, "id": "T2142", "x": 630154.09, "y": 5219606.93, "order": null, "visited": true}}, {"type": "Feature", "geometry": {"type": "Point", "coordinates": [630197.25, 5219545.99]}, "properties": {"type": "gap", "gap_m": 26.0, "vineyard_id": "V57", "row_id": "V57-R57", "reachable": true, "id": "T2143", "x": 630197.25, "y": 5219545.99, "order": 585, "visited": true}}, {"type": "Feature", "geometry": {"type": "Point", "coordinates": [630185.9, 5219544.59]}, "properties": {"type": "gap", "gap_m": 3.1, "vineyard_id": "V57", "row_id": "V57-R58", "reachable": true, "id": "T2144", "x": 630185.9, "y": 5219544.59, "order": 575, "visited": true}}, {"type": "Feature", "geometry": {"type": "Point", "coordinates": [630197.59, 5219543.17]}, "properties": {"type": "gap", "gap_m": 17.4, "vineyard_id": "V57", "row_id": "V57-R58", "reachable": true, "id": "T2145", "x": 630197.59, "y": 5219543.17, "order": 576, "visited": true}}, {"type": "Feature", "geometry": {"type": "Point", "coordinates": [630149.07, 5219619.14]}, "properties": {"type": "gap", "gap_m": 4.0, "vineyard_id": "V57", "row_id": "V57-R59", "reachable": true, "id": "T2146", "x": 630149.07, "y": 5219619.14, "order": null, "visited": false}}, {"type": "Feature", "geometry": {"type": "Point", "coordinates": [630150.51, 5219611.59]}, "properties": {"type": "gap", "gap_m": 4.0, "vineyard_id": "V57", "row_id": "V57-R59", "reachable": true, "id": "T2147", "x": 630150.51, "y": 5219611.59, "order": 621, "visited": true}}, {"type": "Feature", "geometry": {"type": "Point", "coordinates": [630151.44, 5219606.68]}, "properties": {"type": "gap", "gap_m": 3.3, "vineyard_id": "V57", "row_id": "V57-R59", "reachable": true, "id": "T2148", "x": 630151.44, "y": 5219606.68, "order": null, "visited": true}}, {"type": "Feature", "geometry": {"type": "Point", "coordinates": [630152.32, 5219602.09]}, "properties": {"type": "gap", "gap_m": 3.2, "vineyard_id": "V57", "row_id": "V57-R59", "reachable": true, "id": "T2149", "x": 630152.32, "y": 5219602.09, "order": 622, "visited": true}}, {"type": "Feature", "geometry": {"type": "Point", "coordinates": [630153.1, 5219598.0]}, "properties": {"type": "gap", "gap_m": 4.0, "vineyard_id": "V57", "row_id": "V57-R59", "reachable": true, "id": "T2150", "x": 630153.1, "y": 5219598.0, "order": null, "visited": true}}, {"type": "Feature", "geometry": {"type": "Point", "coordinates": [630154.0, 5219593.25]}, "properties": {"type": "gap", "gap_m": 4.6, "vineyard_id": "V57", "row_id": "V57-R59", "reachable": true, "id": "T2151", "x": 630154.0, "y": 5219593.25, "order": 624, "visited": true}}, {"type": "Feature", "geometry": {"type": "Point", "coordinates": [630183.76, 5219542.42]}, "properties": {"type": "gap", "gap_m": 12.7, "vineyard_id": "V57", "row_id": "V57-R60", "reachable": true, "id": "T2152", "x": 630183.76, "y": 5219542.42, "order": 574, "visited": true}}, {"type": "Feature", "geometry": {"type": "Point", "coordinates": [630198.09, 5219540.69]}, "properties": {"type": "gap", "gap_m": 15.3, "vineyard_id": "V57", "row_id": "V57-R60", "reachable": true, "id": "T2153", "x": 630198.09, "y": 5219540.69, "order": 576, "visited": true}}, {"type": "Feature", "geometry": {"type": "Point", "coordinates": [630176.97, 5219541.13]}, "properties": {"type": "gap", "gap_m": 3.4, "vineyard_id": "V57", "row_id": "V57-R61", "reachable": true, "id": "T2154", "x": 630176.97, "y": 5219541.13, "order": 671, "visited": true}}, {"type": "Feature", "geometry": {"type": "Point", "coordinates": [630183.17, 5219540.37]}, "properties": {"type": "gap", "gap_m": 6.8, "vineyard_id": "V57", "row_id": "V57-R61", "reachable": true, "id": "T2155", "x": 630183.17, "y": 5219540.37, "order": 672, "visited": true}}, {"type": "Feature", "geometry": {"type": "Point", "coordinates": [630198.12, 5219538.55]}, "properties": {"type": "gap", "gap_m": 7.0, "vineyard_id": "V57", "row_id": "V57-R61", "reachable": true, "id": "T2156", "x": 630198.12, "y": 5219538.55, "order": 573, "visited": true}}, {"type": "Feature", "geometry": {"type": "Point", "coordinates": [630206.17, 5219537.57]}, "properties": {"type": "gap", "gap_m": 4.0, "vineyard_id": "V57", "row_id": "V57-R61", "reachable": true, "id": "T2157", "x": 630206.17, "y": 5219537.57, "order": 572, "visited": true}}, {"type": "Feature", "geometry": {"type": "Point", "coordinates": [630144.87, 5219627.0]}, "properties": {"type": "gap", "gap_m": 3.3, "vineyard_id": "V57", "row_id": "V57-R62", "reachable": true, "id": "T2158", "x": 630144.87, "y": 5219627.0, "order": null, "visited": false}}, {"type": "Feature", "geometry": {"type": "Point", "coordinates": [630150.03, 5219599.93]}, "properties": {"type": "gap", "gap_m": 16.6, "vineyard_id": "V57", "row_id": "V57-R62", "reachable": true, "id": "T2159", "x": 630150.03, "y": 5219599.93, "order": 623, "visited": true}}, {"type": "Feature", "geometry": {"type": "Point", "coordinates": [630174.95, 5219538.45]}, "properties": {"type": "gap", "gap_m": 6.0, "vineyard_id": "V57", "row_id": "V57-R63", "reachable": true, "id": "T2160", "x": 630174.95, "y": 5219538.45, "order": 670, "visited": true}}, {"type": "Feature", "geometry": {"type": "Point", "coordinates": [630187.13, 5219536.99]}, "properties": {"type": "gap", "gap_m": 15.2, "vineyard_id": "V57", "row_id": "V57-R63", "reachable": true, "id": "T2161", "x": 630187.13, "y": 5219536.99, "order": 673, "visited": true}}, {"type": "Feature", "geometry": {"type": "Point", "coordinates": [630201.94, 5219535.22]}, "properties": {"type": "gap", "gap_m": 8.0, "vineyard_id": "V57", "row_id": "V57-R63", "reachable": true, "id": "T2162", "x": 630201.94, "y": 5219535.22, "order": 571, "visited": true}}, {"type": "Feature", "geometry": {"type": "Point", "coordinates": [630146.78, 5219602.11]}, "properties": {"type": "gap", "gap_m": 11.2, "vineyard_id": "V57", "row_id": "V57-R64", "reachable": true, "id": "T2163", "x": 630146.78, "y": 5219602.11, "order": 620, "visited": true}}, {"type": "Feature", "geometry": {"type": "Point", "coordinates": [630142.09, 5219616.26]}, "properties": {"type": "gap", "gap_m": 4.9, "vineyard_id": "V57", "row_id": "V57-R65", "reachable": true, "id": "T2164", "x": 630142.09, "y": 5219616.26, "order": null, "visited": false}}, {"type": "Feature", "geometry": {"type": "Point", "coordinates": [630140.95, 5219608.04]}, "properties": {"type": "gap", "gap_m": 12.1, "vineyard_id": "V57", "row_id": "V57-R66", "reachable": true, "id": "T2165", "x": 630140.95, "y": 5219608.04, "order": null, "visited": false}}, {"type": "Feature", "geometry": {"type": "Point", "coordinates": [630133.92, 5219629.85]}, "properties": {"type": "gap", "gap_m": 3.2, "vineyard_id": "V57", "row_id": "V57-R67", "reachable": true, "id": "T2166", "x": 630133.92, "y": 5219629.85, "order": null, "visited": false}}, {"type": "Feature", "geometry": {"type": "Point", "coordinates": [630137.69, 5219609.78]}, "properties": {"type": "gap", "gap_m": 3.6, "vineyard_id": "V57", "row_id": "V57-R67", "reachable": true, "id": "T2167", "x": 630137.69, "y": 5219609.78, "order": null, "visited": false}}, {"type": "Feature", "geometry": {"type": "Point", "coordinates": [630132.45, 5219622.26]}, "properties": {"type": "gap", "gap_m": 4.0, "vineyard_id": "V57", "row_id": "V57-R68", "reachable": true, "id": "T2168", "x": 630132.45, "y": 5219622.26, "order": 616, "visited": true}}, {"type": "Feature", "geometry": {"type": "Point", "coordinates": [630133.75, 5219615.5]}, "properties": {"type": "gap", "gap_m": 5.4, "vineyard_id": "V57", "row_id": "V57-R68", "reachable": true, "id": "T2169", "x": 630133.75, "y": 5219615.5, "order": 617, "visited": true}}, {"type": "Feature", "geometry": {"type": "Point", "coordinates": [630136.77, 5219599.73]}, "properties": {"type": "gap", "gap_m": 9.0, "vineyard_id": "V57", "row_id": "V57-R68", "reachable": true, "id": "T2170", "x": 630136.77, "y": 5219599.73, "order": 618, "visited": true}}, {"type": "Feature", "geometry": {"type": "Point", "coordinates": [630138.65, 5219589.96]}, "properties": {"type": "gap", "gap_m": 5.8, "vineyard_id": "V57", "row_id": "V57-R68", "reachable": true, "id": "T2171", "x": 630138.65, "y": 5219589.96, "order": 619, "visited": true}}, {"type": "Feature", "geometry": {"type": "Point", "coordinates": [630186.62, 5219534.06]}, "properties": {"type": "gap", "gap_m": 8.7, "vineyard_id": "V57", "row_id": "V57-R69", "reachable": true, "id": "T2172", "x": 630186.62, "y": 5219534.06, "order": 674, "visited": true}}, {"type": "Feature", "geometry": {"type": "Point", "coordinates": [630130.05, 5219623.19]}, "properties": {"type": "gap", "gap_m": 5.1, "vineyard_id": "V57", "row_id": "V57-R70", "reachable": true, "id": "T2173", "x": 630130.05, "y": 5219623.19, "order": 615, "visited": true}}, {"type": "Feature", "geometry": {"type": "Point", "coordinates": [630132.99, 5219607.92]}, "properties": {"type": "gap", "gap_m": 7.9, "vineyard_id": "V57", "row_id": "V57-R70", "reachable": true, "id": "T2174", "x": 630132.99, "y": 5219607.92, "order": 612, "visited": true}}, {"type": "Feature", "geometry": {"type": "Point", "coordinates": [630134.73, 5219598.92]}, "properties": {"type": "gap", "gap_m": 9.4, "vineyard_id": "V57", "row_id": "V57-R70", "reachable": true, "id": "T2175", "x": 630134.73, "y": 5219598.92, "order": 618, "visited": true}}, {"type": "Feature", "geometry": {"type": "Point", "coordinates": [630126.59, 5219627.78]}, "properties": {"type": "gap", "gap_m": 6.4, "vineyard_id": "V57", "row_id": "V57-R71", "reachable": true, "id": "T2176", "x": 630126.59, "y": 5219627.78, "order": 614, "visited": true}}, {"type": "Feature", "geometry": {"type": "Point", "coordinates": [630128.12, 5219619.76]}, "properties": {"type": "gap", "gap_m": 3.1, "vineyard_id": "V57", "row_id": "V57-R71", "reachable": true, "id": "T2177", "x": 630128.12, "y": 5219619.76, "order": 613, "visited": true}}, {"type": "Feature", "geometry": {"type": "Point", "coordinates": [630130.79, 5219605.83]}, "properties": {"type": "gap", "gap_m": 10.2, "vineyard_id": "V57", "row_id": "V57-R71", "reachable": true, "id": "T2178", "x": 630130.79, "y": 5219605.83, "order": 608, "visited": true}}, {"type": "Feature", "geometry": {"type": "Point", "coordinates": [630132.31, 5219597.88]}, "properties": {"type": "gap", "gap_m": 5.2, "vineyard_id": "V57", "row_id": "V57-R71", "reachable": true, "id": "T2179", "x": 630132.31, "y": 5219597.88, "order": 610, "visited": true}}, {"type": "Feature", "geometry": {"type": "Point", "coordinates": [630133.68, 5219590.72]}, "properties": {"type": "gap", "gap_m": 8.2, "vineyard_id": "V57", "row_id": "V57-R71", "reachable": true, "id": "T2180", "x": 630133.68, "y": 5219590.72, "order": 611, "visited": true}}, {"type": "Feature", "geometry": {"type": "Point", "coordinates": [630125.37, 5219621.93]}, "properties": {"type": "gap", "gap_m": 3.6, "vineyard_id": "V57", "row_id": "V57-R72", "reachable": true, "id": "T2181", "x": 630125.37, "y": 5219621.93, "order": null, "visited": false}}, {"type": "Feature", "geometry": {"type": "Point", "coordinates": [630127.64, 5219610.09]}, "properties": {"type": "gap", "gap_m": 7.5, "vineyard_id": "V57", "row_id": "V57-R72", "reachable": true, "id": "T2182", "x": 630127.64, "y": 5219610.09, "order": 607, "visited": true}}, {"type": "Feature", "geometry": {"type": "Point", "coordinates": [630129.19, 5219602.0]}, "properties": {"type": "gap", "gap_m": 3.9, "vineyard_id": "V57", "row_id": "V57-R72", "reachable": true, "id": "T2183", "x": 630129.19, "y": 5219602.0, "order": 609, "visited": true}}, {"type": "Feature", "geometry": {"type": "Point", "coordinates": [630146.5, 5219581.69]}, "properties": {"type": "gap", "gap_m": 17.8, "vineyard_id": "V57", "row_id": "V57-R73", "reachable": true, "id": "T2184", "x": 630146.5, "y": 5219581.69, "order": 625, "visited": true}}, {"type": "Feature", "geometry": {"type": "Point", "coordinates": [630134.8, 5219580.67]}, "properties": {"type": "gap", "gap_m": 4.4, "vineyard_id": "V57", "row_id": "V57-R73", "reachable": true, "id": "T2185", "x": 630134.8, "y": 5219580.67, "order": 626, "visited": true}}, {"type": "Feature", "geometry": {"type": "Point", "coordinates": [630121.78, 5219579.54]}, "properties": {"type": "gap", "gap_m": 3.2, "vineyard_id": "V57", "row_id": "V57-R73", "reachable": true, "id": "T2186", "x": 630121.78, "y": 5219579.54, "order": 628, "visited": true}}, {"type": "Feature", "geometry": {"type": "Point", "coordinates": [630123.7, 5219615.4]}, "properties": {"type": "gap", "gap_m": 3.1, "vineyard_id": "V57", "row_id": "V57-R75", "reachable": true, "id": "T2187", "x": 630123.7, "y": 5219615.4, "order": null, "visited": false}}, {"type": "Feature", "geometry": {"type": "Point", "coordinates": [630124.63, 5219610.42]}, "properties": {"type": "gap", "gap_m": 6.0, "vineyard_id": "V57", "row_id": "V57-R75", "reachable": true, "id": "T2188", "x": 630124.63, "y": 5219610.42, "order": 606, "visited": true}}, {"type": "Feature", "geometry": {"type": "Point", "coordinates": [630125.98, 5219603.22]}, "properties": {"type": "gap", "gap_m": 6.4, "vineyard_id": "V57", "row_id": "V57-R75", "reachable": true, "id": "T2189", "x": 630125.98, "y": 5219603.22, "order": null, "visited": true}}, {"type": "Feature", "geometry": {"type": "Point", "coordinates": [630163.09, 5219580.67]}, "properties": {"type": "gap", "gap_m": 3.1, "vineyard_id": "V57", "row_id": "V57-R76", "reachable": true, "id": "T2190", "x": 630163.09, "y": 5219580.67, "order": null, "visited": true}}, {"type": "Feature", "geometry": {"type": "Point", "coordinates": [630147.78, 5219579.33]}, "properties": {"type": "gap", "gap_m": 14.0, "vineyard_id": "V57", "row_id": "V57-R76", "reachable": true, "id": "T2191", "x": 630147.78, "y": 5219579.33, "order": 631, "visited": true}}, {"type": "Feature", "geometry": {"type": "Point", "coordinates": [630138.01, 5219578.48]}, "properties": {"type": "gap", "gap_m": 3.6, "vineyard_id": "V57", "row_id": "V57-R76", "reachable": true, "id": "T2192", "x": 630138.01, "y": 5219578.48, "order": 629, "visited": true}}, {"type": "Feature", "geometry": {"type": "Point", "coordinates": [630121.2, 5219620.15]}, "properties": {"type": "gap", "gap_m": 4.8, "vineyard_id": "V57", "row_id": "V57-R77", "reachable": true, "id": "T2193", "x": 630121.2, "y": 5219620.15, "order": null, "visited": false}}, {"type": "Feature", "geometry": {"type": "Point", "coordinates": [630122.19, 5219614.92]}, "properties": {"type": "gap", "gap_m": 4.5, "vineyard_id": "V57", "row_id": "V57-R77", "reachable": true, "id": "T2194", "x": 630122.19, "y": 5219614.92, "order": null, "visited": false}}, {"type": "Feature", "geometry": {"type": "Point", "coordinates": [630124.5, 5219602.64]}, "properties": {"type": "gap", "gap_m": 6.4, "vineyard_id": "V57", "row_id": "V57-R77", "reachable": true, "id": "T2195", "x": 630124.5, "y": 5219602.64, "order": null, "visited": false}}, {"type": "Feature", "geometry": {"type": "Point", "coordinates": [630125.86, 5219595.41]}, "properties": {"type": "gap", "gap_m": 3.1, "vineyard_id": "V57", "row_id": "V57-R77", "reachable": true, "id": "T2196", "x": 630125.86, "y": 5219595.41, "order": null, "visited": false}}, {"type": "Feature", "geometry": {"type": "Point", "coordinates": [630127.57, 5219586.33]}, "properties": {"type": "gap", "gap_m": 3.5, "vineyard_id": "V57", "row_id": "V57-R77", "reachable": true, "id": "T2197", "x": 630127.57, "y": 5219586.33, "order": null, "visited": false}}, {"type": "Feature", "geometry": {"type": "Point", "coordinates": [630165.39, 5219578.57]}, "properties": {"type": "gap", "gap_m": 6.1, "vineyard_id": "V57", "row_id": "V57-R78", "reachable": true, "id": "T2198", "x": 630165.39, "y": 5219578.57, "order": 633, "visited": true}}, {"type": "Feature", "geometry": {"type": "Point", "coordinates": [630152.92, 5219577.46]}, "properties": {"type": "gap", "gap_m": 7.7, "vineyard_id": "V57", "row_id": "V57-R78", "reachable": true, "id": "T2199", "x": 630152.92, "y": 5219577.46, "order": 632, "visited": true}}, {"type": "Feature", "geometry": {"type": "Point", "coordinates": [630145.28, 5219576.78]}, "properties": {"type": "gap", "gap_m": 6.5, "vineyard_id": "V57", "row_id": "V57-R78", "reachable": true, "id": "T2200", "x": 630145.28, "y": 5219576.78, "order": 634, "visited": true}}, {"type": "Feature", "geometry": {"type": "Point", "coordinates": [630139.61, 5219576.28]}, "properties": {"type": "gap", "gap_m": 3.2, "vineyard_id": "V57", "row_id": "V57-R78", "reachable": true, "id": "T2201", "x": 630139.61, "y": 5219576.28, "order": 630, "visited": true}}, {"type": "Feature", "geometry": {"type": "Point", "coordinates": [630154.11, 5219574.59]}, "properties": {"type": "gap", "gap_m": 8.4, "vineyard_id": "V57", "row_id": "V57-R79", "reachable": true, "id": "T2202", "x": 630154.11, "y": 5219574.59, "order": 635, "visited": true}}, {"type": "Feature", "geometry": {"type": "Point", "coordinates": [630158.65, 5219572.1]}, "properties": {"type": "gap", "gap_m": 4.9, "vineyard_id": "V57", "row_id": "V57-R80", "reachable": true, "id": "T2203", "x": 630158.65, "y": 5219572.1, "order": 639, "visited": true}}, {"type": "Feature", "geometry": {"type": "Point", "coordinates": [630150.02, 5219571.34]}, "properties": {"type": "gap", "gap_m": 11.5, "vineyard_id": "V57", "row_id": "V57-R80", "reachable": true, "id": "T2204", "x": 630150.02, "y": 5219571.34, "order": 637, "visited": true}}, {"type": "Feature", "geometry": {"type": "Point", "coordinates": [630136.31, 5219570.13]}, "properties": {"type": "gap", "gap_m": 4.8, "vineyard_id": "V57", "row_id": "V57-R80", "reachable": true, "id": "T2205", "x": 630136.31, "y": 5219570.13, "order": 636, "visited": true}}, {"type": "Feature", "geometry": {"type": "Point", "coordinates": [630122.92, 5219596.72]}, "properties": {"type": "gap", "gap_m": 6.0, "vineyard_id": "V57", "row_id": "V57-R81", "reachable": true, "id": "T2206", "x": 630122.92, "y": 5219596.72, "order": null, "visited": true}}, {"type": "Feature", "geometry": {"type": "Point", "coordinates": [630155.97, 5219569.26]}, "properties": {"type": "gap", "gap_m": 13.9, "vineyard_id": "V57", "row_id": "V57-R82", "reachable": true, "id": "T2207", "x": 630155.97, "y": 5219569.26, "order": 638, "visited": true}}, {"type": "Feature", "geometry": {"type": "Point", "coordinates": [630139.5, 5219567.82]}, "properties": {"type": "gap", "gap_m": 11.1, "vineyard_id": "V57", "row_id": "V57-R82", "reachable": true, "id": "T2208", "x": 630139.5, "y": 5219567.82, "order": 642, "visited": true}}, {"type": "Feature", "geometry": {"type": "Point", "coordinates": [630160.38, 5219567.24]}, "properties": {"type": "gap", "gap_m": 7.4, "vineyard_id": "V57", "row_id": "V57-R83", "reachable": true, "id": "T2209", "x": 630160.38, "y": 5219567.24, "order": 640, "visited": true}}, {"type": "Feature", "geometry": {"type": "Point", "coordinates": [630154.42, 5219566.72]}, "properties": {"type": "gap", "gap_m": 3.7, "vineyard_id": "V57", "row_id": "V57-R83", "reachable": true, "id": "T2210", "x": 630154.42, "y": 5219566.72, "order": 641, "visited": true}}, {"type": "Feature", "geometry": {"type": "Point", "coordinates": [630140.63, 5219565.5]}, "properties": {"type": "gap", "gap_m": 3.5, "vineyard_id": "V57", "row_id": "V57-R83", "reachable": true, "id": "T2211", "x": 630140.63, "y": 5219565.5, "order": null, "visited": true}}, {"type": "Feature", "geometry": {"type": "Point", "coordinates": [630128.58, 5219564.44]}, "properties": {"type": "gap", "gap_m": 3.3, "vineyard_id": "V57", "row_id": "V57-R83", "reachable": true, "id": "T2212", "x": 630128.58, "y": 5219564.44, "order": null, "visited": false}}, {"type": "Feature", "geometry": {"type": "Point", "coordinates": [630153.3, 5219563.74]}, "properties": {"type": "gap", "gap_m": 3.8, "vineyard_id": "V57", "row_id": "V57-R84", "reachable": true, "id": "T2213", "x": 630153.3, "y": 5219563.74, "order": null, "visited": false}}, {"type": "Feature", "geometry": {"type": "Point", "coordinates": [630128.6, 5219561.59]}, "properties": {"type": "gap", "gap_m": 7.0, "vineyard_id": "V57", "row_id": "V57-R84", "reachable": true, "id": "T2214", "x": 630128.6, "y": 5219561.59, "order": 643, "visited": true}}, {"type": "Feature", "geometry": {"type": "Point", "coordinates": [630131.03, 5219583.16]}, "properties": {"type": "gap", "gap_m": 8.8, "vineyard_id": "V57", "row_id": "V57-R85", "reachable": true, "id": "T2215", "x": 630131.03, "y": 5219583.16, "order": 627, "visited": true}}, {"type": "Feature", "geometry": {"type": "Point", "coordinates": [630163.98, 5219561.63]}, "properties": {"type": "gap", "gap_m": 7.3, "vineyard_id": "V57", "row_id": "V57-R86", "reachable": true, "id": "T2216", "x": 630163.98, "y": 5219561.63, "order": 647, "visited": true}}, {"type": "Feature", "geometry": {"type": "Point", "coordinates": [630133.93, 5219558.96]}, "properties": {"type": "gap", "gap_m": 3.3, "vineyard_id": "V57", "row_id": "V57-R86", "reachable": true, "id": "T2217", "x": 630133.93, "y": 5219558.96, "order": null, "visited": true}}, {"type": "Feature", "geometry": {"type": "Point", "coordinates": [630129.73, 5219558.59]}, "properties": {"type": "gap", "gap_m": 3.6, "vineyard_id": "V57", "row_id": "V57-R86", "reachable": true, "id": "T2218", "x": 630129.73, "y": 5219558.59, "order": 645, "visited": true}}, {"type": "Feature", "geometry": {"type": "Point", "coordinates": [630124.5, 5219558.12]}, "properties": {"type": "gap", "gap_m": 5.5, "vineyard_id": "V57", "row_id": "V57-R86", "reachable": true, "id": "T2219", "x": 630124.5, "y": 5219558.12, "order": 644, "visited": true}}, {"type": "Feature", "geometry": {"type": "Point", "coordinates": [630119.42, 5219601.18]}, "properties": {"type": "gap", "gap_m": 5.7, "vineyard_id": "V57", "row_id": "V57-R87", "reachable": true, "id": "T2220", "x": 630119.42, "y": 5219601.18, "order": 778, "visited": true}}, {"type": "Feature", "geometry": {"type": "Point", "coordinates": [630121.11, 5219591.95]}, "properties": {"type": "gap", "gap_m": 11.3, "vineyard_id": "V57", "row_id": "V57-R87", "reachable": true, "id": "T2221", "x": 630121.11, "y": 5219591.95, "order": 763, "visited": true}}, {"type": "Feature", "geometry": {"type": "Point", "coordinates": [630157.1, 5219558.84]}, "properties": {"type": "gap", "gap_m": 5.2, "vineyard_id": "V57", "row_id": "V57-R88", "reachable": true, "id": "T2222", "x": 630157.1, "y": 5219558.84, "order": 649, "visited": true}}, {"type": "Feature", "geometry": {"type": "Point", "coordinates": [630136.19, 5219557.01]}, "properties": {"type": "gap", "gap_m": 3.3, "vineyard_id": "V57", "row_id": "V57-R88", "reachable": true, "id": "T2223", "x": 630136.19, "y": 5219557.01, "order": 646, "visited": true}}, {"type": "Feature", "geometry": {"type": "Point", "coordinates": [630129.9, 5219556.46]}, "properties": {"type": "gap", "gap_m": 7.4, "vineyard_id": "V57", "row_id": "V57-R88", "reachable": true, "id": "T2224", "x": 630129.9, "y": 5219556.46, "order": 645, "visited": true}}, {"type": "Feature", "geometry": {"type": "Point", "coordinates": [630160.91, 5219556.99]}, "properties": {"type": "gap", "gap_m": 6.4, "vineyard_id": "V57", "row_id": "V57-R89", "reachable": true, "id": "T2225", "x": 630160.91, "y": 5219556.99, "order": 648, "visited": true}}, {"type": "Feature", "geometry": {"type": "Point", "coordinates": [630155.45, 5219556.5]}, "properties": {"type": "gap", "gap_m": 3.4, "vineyard_id": "V57", "row_id": "V57-R89", "reachable": true, "id": "T2226", "x": 630155.45, "y": 5219556.5, "order": 650, "visited": true}}, {"type": "Feature", "geometry": {"type": "Point", "coordinates": [630134.24, 5219554.62]}, "properties": {"type": "gap", "gap_m": 3.1, "vineyard_id": "V57", "row_id": "V57-R89", "reachable": true, "id": "T2227", "x": 630134.24, "y": 5219554.62, "order": 651, "visited": true}}, {"type": "Feature", "geometry": {"type": "Point", "coordinates": [630089.49, 5219606.3]}, "properties": {"type": "gap", "gap_m": 3.0, "vineyard_id": "V57", "row_id": "V57-R91", "reachable": true, "id": "T2228", "x": 630089.49, "y": 5219606.3, "order": 773, "visited": true}}, {"type": "Feature", "geometry": {"type": "Point", "coordinates": [630102.84, 5219603.04]}, "properties": {"type": "gap", "gap_m": 6.7, "vineyard_id": "V57", "row_id": "V57-R91", "reachable": true, "id": "T2229", "x": 630102.84, "y": 5219603.04, "order": 779, "visited": true}}, {"type": "Feature", "geometry": {"type": "Point", "coordinates": [630110.87, 5219601.08]}, "properties": {"type": "gap", "gap_m": 8.6, "vineyard_id": "V57", "row_id": "V57-R91", "reachable": true, "id": "T2230", "x": 630110.87, "y": 5219601.08, "order": 777, "visited": true}}, {"type": "Feature", "geometry": {"type": "Point", "coordinates": [630079.05, 5219606.07]}, "properties": {"type": "gap", "gap_m": 4.4, "vineyard_id": "V57", "row_id": "V57-R92", "reachable": true, "id": "T2231", "x": 630079.05, "y": 5219606.07, "order": null, "visited": false}}, {"type": "Feature", "geometry": {"type": "Point", "coordinates": [630096.43, 5219601.79]}, "properties": {"type": "gap", "gap_m": 3.9, "vineyard_id": "V57", "row_id": "V57-R92", "reachable": true, "id": "T2232", "x": 630096.43, "y": 5219601.79, "order": 774, "visited": true}}, {"type": "Feature", "geometry": {"type": "Point", "coordinates": [630101.53, 5219600.54]}, "properties": {"type": "gap", "gap_m": 5.1, "vineyard_id": "V57", "row_id": "V57-R92", "reachable": true, "id": "T2233", "x": 630101.53, "y": 5219600.54, "order": 775, "visited": true}}, {"type": "Feature", "geometry": {"type": "Point", "coordinates": [630078.45, 5219602.86]}, "properties": {"type": "gap", "gap_m": 4.0, "vineyard_id": "V57", "row_id": "V57-R93", "reachable": true, "id": "T2234", "x": 630078.45, "y": 5219602.86, "order": null, "visited": false}}, {"type": "Feature", "geometry": {"type": "Point", "coordinates": [630109.75, 5219595.17]}, "properties": {"type": "gap", "gap_m": 7.4, "vineyard_id": "V57", "row_id": "V57-R93", "reachable": true, "id": "T2235", "x": 630109.75, "y": 5219595.17, "order": 776, "visited": true}}, {"type": "Feature", "geometry": {"type": "Point", "coordinates": [629940.68, 5219579.34]}, "properties": {"type": "gap", "gap_m": 4.8, "vineyard_id": "V58", "row_id": "V58-R09", "reachable": true, "id": "T2236", "x": 629940.68, "y": 5219579.34, "order": null, "visited": false}}, {"type": "Feature", "geometry": {"type": "Point", "coordinates": [629924.37, 5219558.9]}, "properties": {"type": "gap", "gap_m": 4.3, "vineyard_id": "V58", "row_id": "V58-R09", "reachable": true, "id": "T2237", "x": 629924.37, "y": 5219558.9, "order": null, "visited": false}}, {"type": "Feature", "geometry": {"type": "Point", "coordinates": [629933.95, 5219567.1]}, "properties": {"type": "gap", "gap_m": 3.5, "vineyard_id": "V58", "row_id": "V58-R10", "reachable": true, "id": "T2238", "x": 629933.95, "y": 5219567.1, "order": null, "visited": false}}, {"type": "Feature", "geometry": {"type": "Point", "coordinates": [629929.72, 5219561.87]}, "properties": {"type": "gap", "gap_m": 4.7, "vineyard_id": "V58", "row_id": "V58-R10", "reachable": true, "id": "T2239", "x": 629929.72, "y": 5219561.87, "order": null, "visited": false}}, {"type": "Feature", "geometry": {"type": "Point", "coordinates": [629925.62, 5219552.89]}, "properties": {"type": "gap", "gap_m": 3.7, "vineyard_id": "V58", "row_id": "V58-R11", "reachable": true, "id": "T2240", "x": 629925.62, "y": 5219552.89, "order": null, "visited": false}}, {"type": "Feature", "geometry": {"type": "Point", "coordinates": [629932.32, 5219557.0]}, "properties": {"type": "gap", "gap_m": 4.0, "vineyard_id": "V58", "row_id": "V58-R12", "reachable": true, "id": "T2241", "x": 629932.32, "y": 5219557.0, "order": null, "visited": false}}, {"type": "Feature", "geometry": {"type": "Point", "coordinates": [630502.39, 5219598.24]}, "properties": {"type": "gap", "gap_m": 45.1, "vineyard_id": "V59", "row_id": "V59-R01", "reachable": true, "id": "T2242", "x": 630502.39, "y": 5219598.24, "order": null, "visited": false}}, {"type": "Feature", "geometry": {"type": "Point", "coordinates": [630498.94, 5219596.02]}, "properties": {"type": "gap", "gap_m": 39.0, "vineyard_id": "V59", "row_id": "V59-R02", "reachable": true, "id": "T2243", "x": 630498.94, "y": 5219596.02, "order": null, "visited": false}}, {"type": "Feature", "geometry": {"type": "Point", "coordinates": [630498.65, 5219593.01]}, "properties": {"type": "gap", "gap_m": 30.8, "vineyard_id": "V59", "row_id": "V59-R03", "reachable": true, "id": "T2244", "x": 630498.65, "y": 5219593.01, "order": null, "visited": false}}, {"type": "Feature", "geometry": {"type": "Point", "coordinates": [630496.86, 5219569.98]}, "properties": {"type": "gap", "gap_m": 23.6, "vineyard_id": "V59", "row_id": "V59-R06", "reachable": true, "id": "T2245", "x": 630496.86, "y": 5219569.98, "order": null, "visited": false}}, {"type": "Feature", "geometry": {"type": "Point", "coordinates": [630492.8, 5219544.38]}, "properties": {"type": "gap", "gap_m": 11.3, "vineyard_id": "V59", "row_id": "V59-R06", "reachable": true, "id": "T2246", "x": 630492.8, "y": 5219544.38, "order": null, "visited": true}}, {"type": "Feature", "geometry": {"type": "Point", "coordinates": [630491.54, 5219536.43]}, "properties": {"type": "gap", "gap_m": 3.8, "vineyard_id": "V59", "row_id": "V59-R06", "reachable": true, "id": "T2247", "x": 630491.54, "y": 5219536.43, "order": null, "visited": false}}, {"type": "Feature", "geometry": {"type": "Point", "coordinates": [630493.48, 5219569.11]}, "properties": {"type": "gap", "gap_m": 23.3, "vineyard_id": "V59", "row_id": "V59-R07", "reachable": true, "id": "T2248", "x": 630493.48, "y": 5219569.11, "order": 326, "visited": true}}, {"type": "Feature", "geometry": {"type": "Point", "coordinates": [630489.88, 5219546.49]}, "properties": {"type": "gap", "gap_m": 3.2, "vineyard_id": "V59", "row_id": "V59-R07", "reachable": true, "id": "T2249", "x": 630489.88, "y": 5219546.49, "order": null, "visited": false}}, {"type": "Feature", "geometry": {"type": "Point", "coordinates": [630562.53, 5219562.57]}, "properties": {"type": "gap", "gap_m": 13.1, "vineyard_id": "V60", "row_id": "V60-R02", "reachable": true, "id": "T2250", "x": 630562.53, "y": 5219562.57, "order": null, "visited": false}}, {"type": "Feature", "geometry": {"type": "Point", "coordinates": [630559.8, 5219561.81]}, "properties": {"type": "gap", "gap_m": 13.2, "vineyard_id": "V60", "row_id": "V60-R03", "reachable": true, "id": "T2251", "x": 630559.8, "y": 5219561.81, "order": null, "visited": false}}, {"type": "Feature", "geometry": {"type": "Point", "coordinates": [630552.23, 5219559.01]}, "properties": {"type": "gap", "gap_m": 14.4, "vineyard_id": "V60", "row_id": "V60-R05", "reachable": true, "id": "T2252", "x": 630552.23, "y": 5219559.01, "order": null, "visited": false}}, {"type": "Feature", "geometry": {"type": "Point", "coordinates": [630554.28, 5219544.02]}, "properties": {"type": "gap", "gap_m": 3.4, "vineyard_id": "V60", "row_id": "V60-R05", "reachable": true, "id": "T2253", "x": 630554.28, "y": 5219544.02, "order": null, "visited": false}}, {"type": "Feature", "geometry": {"type": "Point", "coordinates": [630548.37, 5219556.82]}, "properties": {"type": "gap", "gap_m": 16.6, "vineyard_id": "V60", "row_id": "V60-R06", "reachable": true, "id": "T2254", "x": 630548.37, "y": 5219556.82, "order": null, "visited": false}}, {"type": "Feature", "geometry": {"type": "Point", "coordinates": [630544.3, 5219555.57]}, "properties": {"type": "gap", "gap_m": 17.1, "vineyard_id": "V60", "row_id": "V60-R08", "reachable": true, "id": "T2255", "x": 630544.3, "y": 5219555.57, "order": 320, "visited": true}}, {"type": "Feature", "geometry": {"type": "Point", "coordinates": [630539.25, 5219555.53]}, "properties": {"type": "gap", "gap_m": 17.0, "vineyard_id": "V60", "row_id": "V60-R12", "reachable": true, "id": "T2256", "x": 630539.25, "y": 5219555.53, "order": 321, "visited": true}}, {"type": "Feature", "geometry": {"type": "Point", "coordinates": [630536.05, 5219554.84]}, "properties": {"type": "gap", "gap_m": 13.7, "vineyard_id": "V60", "row_id": "V60-R13", "reachable": true, "id": "T2257", "x": 630536.05, "y": 5219554.84, "order": 322, "visited": true}}, {"type": "Feature", "geometry": {"type": "Point", "coordinates": [630538.36, 5219528.77]}, "properties": {"type": "gap", "gap_m": 8.6, "vineyard_id": "V60", "row_id": "V60-R14", "reachable": true, "id": "T2258", "x": 630538.36, "y": 5219528.77, "order": null, "visited": true}}, {"type": "Feature", "geometry": {"type": "Point", "coordinates": [630532.71, 5219554.3]}, "properties": {"type": "gap", "gap_m": 13.4, "vineyard_id": "V60", "row_id": "V60-R15", "reachable": true, "id": "T2259", "x": 630532.71, "y": 5219554.3, "order": 323, "visited": true}}, {"type": "Feature", "geometry": {"type": "Point", "coordinates": [630532.34, 5219527.72]}, "properties": {"type": "gap", "gap_m": 7.2, "vineyard_id": "V60", "row_id": "V60-R17", "reachable": true, "id": "T2260", "x": 630532.34, "y": 5219527.72, "order": 325, "visited": true}}, {"type": "Feature", "geometry": {"type": "Point", "coordinates": [630530.09, 5219553.64]}, "properties": {"type": "gap", "gap_m": 13.7, "vineyard_id": "V60", "row_id": "V60-R18", "reachable": true, "id": "T2261", "x": 630530.09, "y": 5219553.64, "order": 324, "visited": true}}, {"type": "Feature", "geometry": {"type": "Point", "coordinates": [630525.64, 5219552.3]}, "properties": {"type": "gap", "gap_m": 14.3, "vineyard_id": "V60", "row_id": "V60-R23", "reachable": true, "id": "T2262", "x": 630525.64, "y": 5219552.3, "order": null, "visited": false}}, {"type": "Feature", "geometry": {"type": "Point", "coordinates": [630525.95, 5219543.2]}, "properties": {"type": "gap", "gap_m": 3.6, "vineyard_id": "V60", "row_id": "V60-R24", "reachable": true, "id": "T2263", "x": 630525.95, "y": 5219543.2, "order": null, "visited": false}}, {"type": "Feature", "geometry": {"type": "Point", "coordinates": [630522.21, 5219550.63]}, "properties": {"type": "gap", "gap_m": 16.3, "vineyard_id": "V60", "row_id": "V60-R26", "reachable": true, "id": "T2264", "x": 630522.21, "y": 5219550.63, "order": null, "visited": false}}, {"type": "Feature", "geometry": {"type": "Point", "coordinates": [630520.06, 5219550.79]}, "properties": {"type": "gap", "gap_m": 14.5, "vineyard_id": "V60", "row_id": "V60-R27", "reachable": true, "id": "T2265", "x": 630520.06, "y": 5219550.79, "order": null, "visited": false}}, {"type": "Feature", "geometry": {"type": "Point", "coordinates": [630519.12, 5219560.64]}, "properties": {"type": "gap", "gap_m": 4.6, "vineyard_id": "V60", "row_id": "V60-R29", "reachable": true, "id": "T2266", "x": 630519.12, "y": 5219560.64, "order": null, "visited": false}}, {"type": "Feature", "geometry": {"type": "Point", "coordinates": [630517.41, 5219549.92]}, "properties": {"type": "gap", "gap_m": 15.5, "vineyard_id": "V60", "row_id": "V60-R29", "reachable": true, "id": "T2267", "x": 630517.41, "y": 5219549.92, "order": null, "visited": false}}, {"type": "Feature", "geometry": {"type": "Point", "coordinates": [630517.17, 5219559.63]}, "properties": {"type": "gap", "gap_m": 3.9, "vineyard_id": "V60", "row_id": "V60-R30", "reachable": true, "id": "T2268", "x": 630517.17, "y": 5219559.63, "order": null, "visited": false}}, {"type": "Feature", "geometry": {"type": "Point", "coordinates": [630515.57, 5219549.65]}, "properties": {"type": "gap", "gap_m": 15.1, "vineyard_id": "V60", "row_id": "V60-R30", "reachable": true, "id": "T2269", "x": 630515.57, "y": 5219549.65, "order": null, "visited": false}}, {"type": "Feature", "geometry": {"type": "Point", "coordinates": [630514.09, 5219548.85]}, "properties": {"type": "gap", "gap_m": 18.1, "vineyard_id": "V60", "row_id": "V60-R31", "reachable": true, "id": "T2270", "x": 630514.09, "y": 5219548.85, "order": null, "visited": false}}, {"type": "Feature", "geometry": {"type": "Point", "coordinates": [630508.02, 5219547.38]}, "properties": {"type": "gap", "gap_m": 18.1, "vineyard_id": "V60", "row_id": "V60-R34", "reachable": true, "id": "T2271", "x": 630508.02, "y": 5219547.38, "order": null, "visited": false}}, {"type": "Feature", "geometry": {"type": "Point", "coordinates": [630506.17, 5219546.6]}, "properties": {"type": "gap", "gap_m": 15.6, "vineyard_id": "V60", "row_id": "V60-R35", "reachable": true, "id": "T2272", "x": 630506.17, "y": 5219546.6, "order": null, "visited": false}}, {"type": "Feature", "geometry": {"type": "Point", "coordinates": [630489.72, 5219525.5]}, "properties": {"type": "gap", "gap_m": 3.5, "vineyard_id": "V60", "row_id": "V60-R36", "reachable": true, "id": "T2273", "x": 630489.72, "y": 5219525.5, "order": 317, "visited": true}}, {"type": "Feature", "geometry": {"type": "Point", "coordinates": [630513.81, 5219518.98]}, "properties": {"type": "gap", "gap_m": 12.3, "vineyard_id": "V60", "row_id": "V60-R36", "reachable": true, "id": "T2274", "x": 630513.81, "y": 5219518.98, "order": 319, "visited": true}}, {"type": "Feature", "geometry": {"type": "Point", "coordinates": [630486.09, 5219523.54]}, "properties": {"type": "gap", "gap_m": 8.7, "vineyard_id": "V60", "row_id": "V60-R37", "reachable": true, "id": "T2275", "x": 630486.09, "y": 5219523.54, "order": 316, "visited": true}}, {"type": "Feature", "geometry": {"type": "Point", "coordinates": [630508.37, 5219517.53]}, "properties": {"type": "gap", "gap_m": 4.4, "vineyard_id": "V60", "row_id": "V60-R37", "reachable": true, "id": "T2276", "x": 630508.37, "y": 5219517.53, "order": 318, "visited": true}}, {"type": "Feature", "geometry": {"type": "Point", "coordinates": [630299.78, 5219646.67]}, "properties": {"type": "gap", "gap_m": 8.2, "vineyard_id": "V62", "row_id": "V62-R02", "reachable": true, "id": "T2279", "x": 630299.78, "y": 5219646.67, "order": null, "visited": true}}, {"type": "Feature", "geometry": {"type": "Point", "coordinates": [630301.39, 5219643.86]}, "properties": {"type": "gap", "gap_m": 9.3, "vineyard_id": "V62", "row_id": "V62-R03", "reachable": true, "id": "T2280", "x": 630301.39, "y": 5219643.86, "order": 361, "visited": true}}, {"type": "Feature", "geometry": {"type": "Point", "coordinates": [630292.81, 5219643.11]}, "properties": {"type": "gap", "gap_m": 6.9, "vineyard_id": "V62", "row_id": "V62-R03", "reachable": true, "id": "T2281", "x": 630292.81, "y": 5219643.11, "order": null, "visited": true}}, {"type": "Feature", "geometry": {"type": "Point", "coordinates": [630297.04, 5219640.66]}, "properties": {"type": "gap", "gap_m": 19.6, "vineyard_id": "V62", "row_id": "V62-R04", "reachable": true, "id": "T2282", "x": 630297.04, "y": 5219640.66, "order": 362, "visited": true}}, {"type": "Feature", "geometry": {"type": "Point", "coordinates": [630302.6, 5219637.99]}, "properties": {"type": "gap", "gap_m": 6.8, "vineyard_id": "V62", "row_id": "V62-R05", "reachable": true, "id": "T2283", "x": 630302.6, "y": 5219637.99, "order": 360, "visited": true}}, {"type": "Feature", "geometry": {"type": "Point", "coordinates": [630295.27, 5219631.0]}, "properties": {"type": "gap", "gap_m": 27.2, "vineyard_id": "V62", "row_id": "V62-R08", "reachable": true, "id": "T2284", "x": 630295.27, "y": 5219631.0, "order": 363, "visited": true}}, {"type": "Feature", "geometry": {"type": "Point", "coordinates": [630294.93, 5219629.06]}, "properties": {"type": "gap", "gap_m": 29.4, "vineyard_id": "V62", "row_id": "V62-R09", "reachable": true, "id": "T2285", "x": 630294.93, "y": 5219629.06, "order": 363, "visited": true}}, {"type": "Feature", "geometry": {"type": "Point", "coordinates": [630296.74, 5219625.02]}, "properties": {"type": "gap", "gap_m": 27.8, "vineyard_id": "V62", "row_id": "V62-R10", "reachable": true, "id": "T2286", "x": 630296.74, "y": 5219625.02, "order": 364, "visited": true}}, {"type": "Feature", "geometry": {"type": "Point", "coordinates": [630296.78, 5219622.63]}, "properties": {"type": "gap", "gap_m": 26.4, "vineyard_id": "V62", "row_id": "V62-R11", "reachable": true, "id": "T2287", "x": 630296.78, "y": 5219622.63, "order": 365, "visited": true}}, {"type": "Feature", "geometry": {"type": "Point", "coordinates": [630299.0, 5219619.49]}, "properties": {"type": "gap", "gap_m": 28.7, "vineyard_id": "V62", "row_id": "V62-R12", "reachable": true, "id": "T2288", "x": 630299.0, "y": 5219619.49, "order": 366, "visited": true}}, {"type": "Feature", "geometry": {"type": "Point", "coordinates": [630278.03, 5219618.92]}, "properties": {"type": "gap", "gap_m": 7.5, "vineyard_id": "V62", "row_id": "V62-R13", "reachable": true, "id": "T2289", "x": 630278.03, "y": 5219618.92, "order": null, "visited": true}}, {"type": "Feature", "geometry": {"type": "Point", "coordinates": [630299.95, 5219616.94]}, "properties": {"type": "gap", "gap_m": 29.1, "vineyard_id": "V62", "row_id": "V62-R13", "reachable": true, "id": "T2290", "x": 630299.95, "y": 5219616.94, "order": 367, "visited": true}}, {"type": "Feature", "geometry": {"type": "Point", "coordinates": [630278.48, 5219617.07]}, "properties": {"type": "gap", "gap_m": 7.8, "vineyard_id": "V62", "row_id": "V62-R14", "reachable": true, "id": "T2291", "x": 630278.48, "y": 5219617.07, "order": 352, "visited": true}}, {"type": "Feature", "geometry": {"type": "Point", "coordinates": [630300.71, 5219615.07]}, "properties": {"type": "gap", "gap_m": 29.3, "vineyard_id": "V62", "row_id": "V62-R14", "reachable": true, "id": "T2292", "x": 630300.71, "y": 5219615.07, "order": 359, "visited": true}}, {"type": "Feature", "geometry": {"type": "Point", "coordinates": [630278.52, 5219614.31]}, "properties": {"type": "gap", "gap_m": 9.8, "vineyard_id": "V62", "row_id": "V62-R15", "reachable": true, "id": "T2293", "x": 630278.52, "y": 5219614.31, "order": 353, "visited": true}}, {"type": "Feature", "geometry": {"type": "Point", "coordinates": [630300.87, 5219612.3]}, "properties": {"type": "gap", "gap_m": 28.2, "vineyard_id": "V62", "row_id": "V62-R15", "reachable": true, "id": "T2294", "x": 630300.87, "y": 5219612.3, "order": 358, "visited": true}}, {"type": "Feature", "geometry": {"type": "Point", "coordinates": [630280.1, 5219610.86]}, "properties": {"type": "gap", "gap_m": 9.5, "vineyard_id": "V62", "row_id": "V62-R16", "reachable": true, "id": "T2295", "x": 630280.1, "y": 5219610.86, "order": 354, "visited": true}}, {"type": "Feature", "geometry": {"type": "Point", "coordinates": [630302.48, 5219608.89]}, "properties": {"type": "gap", "gap_m": 29.1, "vineyard_id": "V62", "row_id": "V62-R16", "reachable": true, "id": "T2296", "x": 630302.48, "y": 5219608.89, "order": 357, "visited": true}}, {"type": "Feature", "geometry": {"type": "Point", "coordinates": [630281.22, 5219607.45]}, "properties": {"type": "gap", "gap_m": 8.6, "vineyard_id": "V62", "row_id": "V62-R17", "reachable": true, "id": "T2297", "x": 630281.22, "y": 5219607.45, "order": 355, "visited": true}}, {"type": "Feature", "geometry": {"type": "Point", "coordinates": [630302.89, 5219605.51]}, "properties": {"type": "gap", "gap_m": 28.2, "vineyard_id": "V62", "row_id": "V62-R17", "reachable": true, "id": "T2298", "x": 630302.89, "y": 5219605.51, "order": 356, "visited": true}}, {"type": "Feature", "geometry": {"type": "Point", "coordinates": [630283.14, 5219601.02]}, "properties": {"type": "gap", "gap_m": 9.4, "vineyard_id": "V62", "row_id": "V62-R18", "reachable": true, "id": "T2299", "x": 630283.14, "y": 5219601.02, "order": null, "visited": false}}, {"type": "Feature", "geometry": {"type": "Point", "coordinates": [630305.11, 5219599.07]}, "properties": {"type": "gap", "gap_m": 28.2, "vineyard_id": "V62", "row_id": "V62-R18", "reachable": true, "id": "T2300", "x": 630305.11, "y": 5219599.07, "order": null, "visited": false}}, {"type": "Feature", "geometry": {"type": "Point", "coordinates": [630324.73, 5219601.69]}, "properties": {"type": "gap", "gap_m": 4.5, "vineyard_id": "V62", "row_id": "V62-R19", "reachable": true, "id": "T2301", "x": 630324.73, "y": 5219601.69, "order": null, "visited": true}}, {"type": "Feature", "geometry": {"type": "Point", "coordinates": [630283.85, 5219598.1]}, "properties": {"type": "gap", "gap_m": 10.0, "vineyard_id": "V62", "row_id": "V62-R20", "reachable": true, "id": "T2302", "x": 630283.85, "y": 5219598.1, "order": 368, "visited": true}}, {"type": "Feature", "geometry": {"type": "Point", "coordinates": [630305.18, 5219596.23]}, "properties": {"type": "gap", "gap_m": 28.8, "vineyard_id": "V62", "row_id": "V62-R20", "reachable": true, "id": "T2303", "x": 630305.18, "y": 5219596.23, "order": null, "visited": true}}, {"type": "Feature", "geometry": {"type": "Point", "coordinates": [630285.29, 5219595.16]}, "properties": {"type": "gap", "gap_m": 8.9, "vineyard_id": "V62", "row_id": "V62-R21", "reachable": true, "id": "T2304", "x": 630285.29, "y": 5219595.16, "order": 369, "visited": true}}, {"type": "Feature", "geometry": {"type": "Point", "coordinates": [630306.34, 5219593.32]}, "properties": {"type": "gap", "gap_m": 28.3, "vineyard_id": "V62", "row_id": "V62-R21", "reachable": true, "id": "T2305", "x": 630306.34, "y": 5219593.32, "order": null, "visited": true}}, {"type": "Feature", "geometry": {"type": "Point", "coordinates": [630286.37, 5219591.96]}, "properties": {"type": "gap", "gap_m": 8.7, "vineyard_id": "V62", "row_id": "V62-R22", "reachable": true, "id": "T2306", "x": 630286.37, "y": 5219591.96, "order": null, "visited": false}}, {"type": "Feature", "geometry": {"type": "Point", "coordinates": [630308.22, 5219590.04]}, "properties": {"type": "gap", "gap_m": 29.0, "vineyard_id": "V62", "row_id": "V62-R22", "reachable": true, "id": "T2307", "x": 630308.22, "y": 5219590.04, "order": null, "visited": false}}, {"type": "Feature", "geometry": {"type": "Point", "coordinates": [630287.8, 5219588.12]}, "properties": {"type": "gap", "gap_m": 8.8, "vineyard_id": "V62", "row_id": "V62-R24", "reachable": true, "id": "T2308", "x": 630287.8, "y": 5219588.12, "order": null, "visited": false}}, {"type": "Feature", "geometry": {"type": "Point", "coordinates": [630328.49, 5219561.85]}, "properties": {"type": "gap", "gap_m": 4.0, "vineyard_id": "V62", "row_id": "V62-R31", "reachable": true, "id": "T2310", "x": 630328.49, "y": 5219561.85, "order": null, "visited": false}}, {"type": "Feature", "geometry": {"type": "Point", "coordinates": [630331.0, 5219560.29]}, "properties": {"type": "gap", "gap_m": 3.6, "vineyard_id": "V62", "row_id": "V62-R32", "reachable": true, "id": "T2311", "x": 630331.0, "y": 5219560.29, "order": null, "visited": false}}, {"type": "Feature", "geometry": {"type": "Point", "coordinates": [630244.78, 5219564.12]}, "properties": {"type": "gap", "gap_m": 5.3, "vineyard_id": "V62", "row_id": "V62-R33", "reachable": true, "id": "T2312", "x": 630244.78, "y": 5219564.12, "order": null, "visited": true}}, {"type": "Feature", "geometry": {"type": "Point", "coordinates": [630246.57, 5219567.39]}, "properties": {"type": "gap", "gap_m": 4.0, "vineyard_id": "V62", "row_id": "V62-R34", "reachable": true, "id": "T2313", "x": 630246.57, "y": 5219567.39, "order": null, "visited": false}}, {"type": "Feature", "geometry": {"type": "Point", "coordinates": [630248.06, 5219569.57]}, "properties": {"type": "gap", "gap_m": 3.4, "vineyard_id": "V62", "row_id": "V62-R35", "reachable": true, "id": "T2314", "x": 630248.06, "y": 5219569.57, "order": null, "visited": false}}, {"type": "Feature", "geometry": {"type": "Point", "coordinates": [630342.99, 5219554.01]}, "properties": {"type": "gap", "gap_m": 3.2, "vineyard_id": "V62", "row_id": "V62-R39", "reachable": true, "id": "T2315", "x": 630342.99, "y": 5219554.01, "order": null, "visited": true}}, {"type": "Feature", "geometry": {"type": "Point", "coordinates": [630341.5, 5219545.61]}, "properties": {"type": "gap", "gap_m": 8.0, "vineyard_id": "V62", "row_id": "V62-R41", "reachable": true, "id": "T2316", "x": 630341.5, "y": 5219545.61, "order": null, "visited": false}}, {"type": "Feature", "geometry": {"type": "Point", "coordinates": [630335.53, 5219543.8]}, "properties": {"type": "gap", "gap_m": 3.5, "vineyard_id": "V62", "row_id": "V62-R41", "reachable": true, "id": "T2317", "x": 630335.53, "y": 5219543.8, "order": null, "visited": false}}, {"type": "Feature", "geometry": {"type": "Point", "coordinates": [630339.91, 5219542.91]}, "properties": {"type": "gap", "gap_m": 8.5, "vineyard_id": "V62", "row_id": "V62-R42", "reachable": true, "id": "T2318", "x": 630339.91, "y": 5219542.91, "order": null, "visited": false}}, {"type": "Feature", "geometry": {"type": "Point", "coordinates": [630330.7, 5219540.09]}, "properties": {"type": "gap", "gap_m": 9.8, "vineyard_id": "V62", "row_id": "V62-R42", "reachable": true, "id": "T2319", "x": 630330.7, "y": 5219540.09, "order": null, "visited": false}}, {"type": "Feature", "geometry": {"type": "Point", "coordinates": [630306.6, 5219529.84]}, "properties": {"type": "gap", "gap_m": 9.0, "vineyard_id": "V62", "row_id": "V62-R44", "reachable": true, "id": "T2320", "x": 630306.6, "y": 5219529.84, "order": null, "visited": false}}, {"type": "Feature", "geometry": {"type": "Point", "coordinates": [630307.61, 5219527.48]}, "properties": {"type": "gap", "gap_m": 9.3, "vineyard_id": "V62", "row_id": "V62-R45", "reachable": true, "id": "T2321", "x": 630307.61, "y": 5219527.48, "order": null, "visited": true}}, {"type": "Feature", "geometry": {"type": "Point", "coordinates": [630315.86, 5219526.78]}, "properties": {"type": "gap", "gap_m": 4.8, "vineyard_id": "V62", "row_id": "V62-R45", "reachable": true, "id": "T2322", "x": 630315.86, "y": 5219526.78, "order": null, "visited": true}}, {"type": "Feature", "geometry": {"type": "Point", "coordinates": [630298.68, 5219525.46]}, "properties": {"type": "gap", "gap_m": 3.2, "vineyard_id": "V62", "row_id": "V62-R46", "reachable": true, "id": "T2323", "x": 630298.68, "y": 5219525.46, "order": 595, "visited": true}}, {"type": "Feature", "geometry": {"type": "Point", "coordinates": [630308.3, 5219524.65]}, "properties": {"type": "gap", "gap_m": 8.8, "vineyard_id": "V62", "row_id": "V62-R46", "reachable": true, "id": "T2324", "x": 630308.3, "y": 5219524.65, "order": 594, "visited": true}}, {"type": "Feature", "geometry": {"type": "Point", "coordinates": [630309.79, 5219518.23]}, "properties": {"type": "gap", "gap_m": 7.0, "vineyard_id": "V62", "row_id": "V62-R47", "reachable": true, "id": "T2325", "x": 630309.79, "y": 5219518.23, "order": null, "visited": false}}, {"type": "Feature", "geometry": {"type": "Point", "coordinates": [630309.83, 5219516.36]}, "properties": {"type": "gap", "gap_m": 6.0, "vineyard_id": "V62", "row_id": "V62-R48", "reachable": true, "id": "T2326", "x": 630309.83, "y": 5219516.36, "order": null, "visited": false}}, {"type": "Feature", "geometry": {"type": "Point", "coordinates": [630307.95, 5219513.45]}, "properties": {"type": "gap", "gap_m": 6.2, "vineyard_id": "V62", "row_id": "V62-R49", "reachable": true, "id": "T2327", "x": 630307.95, "y": 5219513.45, "order": null, "visited": false}}, {"type": "Feature", "geometry": {"type": "Point", "coordinates": [630369.26, 5219507.73]}, "properties": {"type": "gap", "gap_m": 4.8, "vineyard_id": "V62", "row_id": "V62-R53", "reachable": true, "id": "T2328", "x": 630369.26, "y": 5219507.73, "order": 428, "visited": true}}, {"type": "Feature", "geometry": {"type": "Point", "coordinates": [630363.33, 5219507.31]}, "properties": {"type": "gap", "gap_m": 4.0, "vineyard_id": "V62", "row_id": "V62-R53", "reachable": true, "id": "T2329", "x": 630363.33, "y": 5219507.31, "order": 427, "visited": true}}, {"type": "Feature", "geometry": {"type": "Point", "coordinates": [630346.8, 5219504.06]}, "properties": {"type": "gap", "gap_m": 11.9, "vineyard_id": "V62", "row_id": "V62-R54", "reachable": true, "id": "T2330", "x": 630346.8, "y": 5219504.06, "order": 420, "visited": true}}, {"type": "Feature", "geometry": {"type": "Point", "coordinates": [630336.18, 5219503.33]}, "properties": {"type": "gap", "gap_m": 8.4, "vineyard_id": "V62", "row_id": "V62-R54", "reachable": true, "id": "T2331", "x": 630336.18, "y": 5219503.33, "order": 422, "visited": true}}, {"type": "Feature", "geometry": {"type": "Point", "coordinates": [630342.7, 5219501.73]}, "properties": {"type": "gap", "gap_m": 20.9, "vineyard_id": "V62", "row_id": "V62-R56", "reachable": true, "id": "T2332", "x": 630342.7, "y": 5219501.73, "order": 421, "visited": true}}, {"type": "Feature", "geometry": {"type": "Point", "coordinates": [630342.76, 5219499.34]}, "properties": {"type": "gap", "gap_m": 25.1, "vineyard_id": "V62", "row_id": "V62-R57", "reachable": true, "id": "T2333", "x": 630342.76, "y": 5219499.34, "order": 423, "visited": true}}, {"type": "Feature", "geometry": {"type": "Point", "coordinates": [630327.29, 5219498.31]}, "properties": {"type": "gap", "gap_m": 5.0, "vineyard_id": "V62", "row_id": "V62-R57", "reachable": true, "id": "T2334", "x": 630327.29, "y": 5219498.31, "order": 425, "visited": true}}, {"type": "Feature", "geometry": {"type": "Point", "coordinates": [630311.92, 5219497.19]}, "properties": {"type": "gap", "gap_m": 16.6, "vineyard_id": "V62", "row_id": "V62-R58", "reachable": true, "id": "T2335", "x": 630311.92, "y": 5219497.19, "order": 426, "visited": true}}, {"type": "Feature", "geometry": {"type": "Point", "coordinates": [630339.89, 5219496.67]}, "properties": {"type": "gap", "gap_m": 31.5, "vineyard_id": "V62", "row_id": "V62-R59", "reachable": true, "id": "T2336", "x": 630339.89, "y": 5219496.67, "order": 424, "visited": true}}, {"type": "Feature", "geometry": {"type": "Point", "coordinates": [630304.45, 5219491.99]}, "properties": {"type": "gap", "gap_m": 8.2, "vineyard_id": "V62", "row_id": "V62-R62", "reachable": true, "id": "T2337", "x": 630304.45, "y": 5219491.99, "order": null, "visited": false}}, {"type": "Feature", "geometry": {"type": "Point", "coordinates": [630363.04, 5219493.63]}, "properties": {"type": "gap", "gap_m": 6.3, "vineyard_id": "V62", "row_id": "V62-R63", "reachable": true, "id": "T2338", "x": 630363.04, "y": 5219493.63, "order": 2, "visited": true}}, {"type": "Feature", "geometry": {"type": "Point", "coordinates": [630281.17, 5219492.34]}, "properties": {"type": "gap", "gap_m": 3.3, "vineyard_id": "V62", "row_id": "V62-R64", "reachable": true, "id": "T2339", "x": 630281.17, "y": 5219492.34, "order": null, "visited": true}}, {"type": "Feature", "geometry": {"type": "Point", "coordinates": [630303.04, 5219490.45]}, "properties": {"type": "gap", "gap_m": 6.9, "vineyard_id": "V62", "row_id": "V62-R64", "reachable": true, "id": "T2340", "x": 630303.04, "y": 5219490.45, "order": null, "visited": true}}, {"type": "Feature", "geometry": {"type": "Point", "coordinates": [630315.38, 5219489.38]}, "properties": {"type": "gap", "gap_m": 12.7, "vineyard_id": "V62", "row_id": "V62-R64", "reachable": true, "id": "T2341", "x": 630315.38, "y": 5219489.38, "order": null, "visited": true}}, {"type": "Feature", "geometry": {"type": "Point", "coordinates": [630363.24, 5219490.86]}, "properties": {"type": "gap", "gap_m": 5.4, "vineyard_id": "V62", "row_id": "V62-R65", "reachable": true, "id": "T2342", "x": 630363.24, "y": 5219490.86, "order": null, "visited": true}}, {"type": "Feature", "geometry": {"type": "Point", "coordinates": [630339.08, 5219489.19]}, "properties": {"type": "gap", "gap_m": 29.8, "vineyard_id": "V62", "row_id": "V62-R65", "reachable": true, "id": "T2343", "x": 630339.08, "y": 5219489.19, "order": null, "visited": true}}, {"type": "Feature", "geometry": {"type": "Point", "coordinates": [630301.0, 5219487.76]}, "properties": {"type": "gap", "gap_m": 7.3, "vineyard_id": "V62", "row_id": "V62-R66", "reachable": true, "id": "T2344", "x": 630301.0, "y": 5219487.76, "order": 1, "visited": true}}, {"type": "Feature", "geometry": {"type": "Point", "coordinates": [630314.61, 5219486.6]}, "properties": {"type": "gap", "gap_m": 11.0, "vineyard_id": "V62", "row_id": "V62-R66", "reachable": true, "id": "T2345", "x": 630314.61, "y": 5219486.6, "order": null, "visited": false}}, {"type": "Feature", "geometry": {"type": "Point", "coordinates": [630296.13, 5219474.07]}, "properties": {"type": "gap", "gap_m": 10.6, "vineyard_id": "V62", "row_id": "V62-R71", "reachable": true, "id": "T2346", "x": 630296.13, "y": 5219474.07, "order": null, "visited": false}}, {"type": "Feature", "geometry": {"type": "Point", "coordinates": [630288.33, 5219467.2]}, "properties": {"type": "gap", "gap_m": 8.0, "vineyard_id": "V62", "row_id": "V62-R71", "reachable": true, "id": "T2347", "x": 630288.33, "y": 5219467.2, "order": null, "visited": false}}, {"type": "Feature", "geometry": {"type": "Point", "coordinates": [630298.71, 5219464.59]}, "properties": {"type": "gap", "gap_m": 33.7, "vineyard_id": "V62", "row_id": "V62-R73", "reachable": true, "id": "T2348", "x": 630298.71, "y": 5219464.59, "order": 139, "visited": true}}, {"type": "Feature", "geometry": {"type": "Point", "coordinates": [630298.45, 5219460.48]}, "properties": {"type": "gap", "gap_m": 30.8, "vineyard_id": "V62", "row_id": "V62-R75", "reachable": true, "id": "T2349", "x": 630298.45, "y": 5219460.48, "order": 138, "visited": true}}, {"type": "Feature", "geometry": {"type": "Point", "coordinates": [630332.49, 5219443.56]}, "properties": {"type": "gap", "gap_m": 4.4, "vineyard_id": "V62", "row_id": "V62-R76", "reachable": true, "id": "T2350", "x": 630332.49, "y": 5219443.56, "order": 176, "visited": true}}, {"type": "Feature", "geometry": {"type": "Point", "coordinates": [630327.74, 5219439.59]}, "properties": {"type": "gap", "gap_m": 4.6, "vineyard_id": "V62", "row_id": "V62-R76", "reachable": true, "id": "T2351", "x": 630327.74, "y": 5219439.59, "order": 178, "visited": true}}, {"type": "Feature", "geometry": {"type": "Point", "coordinates": [630358.99, 5219478.36]}, "properties": {"type": "gap", "gap_m": 5.8, "vineyard_id": "V62", "row_id": "V62-R77", "reachable": true, "id": "T2352", "x": 630358.99, "y": 5219478.36, "order": 3, "visited": true}}, {"type": "Feature", "geometry": {"type": "Point", "coordinates": [630352.87, 5219473.28]}, "properties": {"type": "gap", "gap_m": 6.0, "vineyard_id": "V62", "row_id": "V62-R77", "reachable": true, "id": "T2353", "x": 630352.87, "y": 5219473.28, "order": 4, "visited": true}}, {"type": "Feature", "geometry": {"type": "Point", "coordinates": [630347.28, 5219468.63]}, "properties": {"type": "gap", "gap_m": 5.6, "vineyard_id": "V62", "row_id": "V62-R77", "reachable": true, "id": "T2354", "x": 630347.28, "y": 5219468.63, "order": 5, "visited": true}}, {"type": "Feature", "geometry": {"type": "Point", "coordinates": [630327.21, 5219451.96]}, "properties": {"type": "gap", "gap_m": 3.8, "vineyard_id": "V62", "row_id": "V62-R77", "reachable": true, "id": "T2355", "x": 630327.21, "y": 5219451.96, "order": null, "visited": true}}, {"type": "Feature", "geometry": {"type": "Point", "coordinates": [630322.51, 5219447.99]}, "properties": {"type": "gap", "gap_m": 7.0, "vineyard_id": "V62", "row_id": "V62-R77", "reachable": true, "id": "T2356", "x": 630322.51, "y": 5219447.99, "order": 7, "visited": true}}, {"type": "Feature", "geometry": {"type": "Point", "coordinates": [630309.89, 5219437.05]}, "properties": {"type": "gap", "gap_m": 3.4, "vineyard_id": "V62", "row_id": "V62-R77", "reachable": true, "id": "T2357", "x": 630309.89, "y": 5219437.05, "order": 9, "visited": true}}, {"type": "Feature", "geometry": {"type": "Point", "coordinates": [630360.83, 5219476.82]}, "properties": {"type": "gap", "gap_m": 4.3, "vineyard_id": "V62", "row_id": "V62-R78", "reachable": true, "id": "T2358", "x": 630360.83, "y": 5219476.82, "order": 184, "visited": true}}, {"type": "Feature", "geometry": {"type": "Point", "coordinates": [630357.52, 5219474.05]}, "properties": {"type": "gap", "gap_m": 3.2, "vineyard_id": "V62", "row_id": "V62-R78", "reachable": true, "id": "T2359", "x": 630357.52, "y": 5219474.05, "order": 183, "visited": true}}, {"type": "Feature", "geometry": {"type": "Point", "coordinates": [630348.15, 5219466.25]}, "properties": {"type": "gap", "gap_m": 4.8, "vineyard_id": "V62", "row_id": "V62-R78", "reachable": true, "id": "T2360", "x": 630348.15, "y": 5219466.25, "order": 187, "visited": true}}, {"type": "Feature", "geometry": {"type": "Point", "coordinates": [630326.26, 5219448.0]}, "properties": {"type": "gap", "gap_m": 3.3, "vineyard_id": "V62", "row_id": "V62-R78", "reachable": true, "id": "T2361", "x": 630326.26, "y": 5219448.0, "order": 6, "visited": true}}, {"type": "Feature", "geometry": {"type": "Point", "coordinates": [630323.05, 5219445.4]}, "properties": {"type": "gap", "gap_m": 3.9, "vineyard_id": "V62", "row_id": "V62-R78", "reachable": true, "id": "T2362", "x": 630323.05, "y": 5219445.4, "order": 8, "visited": true}}, {"type": "Feature", "geometry": {"type": "Point", "coordinates": [630311.15, 5219435.32]}, "properties": {"type": "gap", "gap_m": 4.5, "vineyard_id": "V62", "row_id": "V62-R78", "reachable": true, "id": "T2363", "x": 630311.15, "y": 5219435.32, "order": 9, "visited": true}}, {"type": "Feature", "geometry": {"type": "Point", "coordinates": [630364.87, 5219476.61]}, "properties": {"type": "gap", "gap_m": 3.8, "vineyard_id": "V62", "row_id": "V62-R79", "reachable": true, "id": "T2364", "x": 630364.87, "y": 5219476.61, "order": null, "visited": false}}, {"type": "Feature", "geometry": {"type": "Point", "coordinates": [630359.37, 5219472.03]}, "properties": {"type": "gap", "gap_m": 7.8, "vineyard_id": "V62", "row_id": "V62-R79", "reachable": true, "id": "T2365", "x": 630359.37, "y": 5219472.03, "order": 185, "visited": true}}, {"type": "Feature", "geometry": {"type": "Point", "coordinates": [630348.74, 5219463.19]}, "properties": {"type": "gap", "gap_m": 5.6, "vineyard_id": "V62", "row_id": "V62-R79", "reachable": true, "id": "T2366", "x": 630348.74, "y": 5219463.19, "order": 186, "visited": true}}, {"type": "Feature", "geometry": {"type": "Point", "coordinates": [630324.45, 5219442.99]}, "properties": {"type": "gap", "gap_m": 3.0, "vineyard_id": "V62", "row_id": "V62-R79", "reachable": true, "id": "T2367", "x": 630324.45, "y": 5219442.99, "order": 173, "visited": true}}, {"type": "Feature", "geometry": {"type": "Point", "coordinates": [630320.9, 5219440.28]}, "properties": {"type": "gap", "gap_m": 4.7, "vineyard_id": "V62", "row_id": "V62-R79", "reachable": true, "id": "T2368", "x": 630320.9, "y": 5219440.28, "order": 172, "visited": true}}, {"type": "Feature", "geometry": {"type": "Point", "coordinates": [630313.02, 5219433.74]}, "properties": {"type": "gap", "gap_m": 3.2, "vineyard_id": "V62", "row_id": "V62-R79", "reachable": true, "id": "T2369", "x": 630313.02, "y": 5219433.74, "order": 10, "visited": true}}, {"type": "Feature", "geometry": {"type": "Point", "coordinates": [630366.12, 5219474.8]}, "properties": {"type": "gap", "gap_m": 3.1, "vineyard_id": "V62", "row_id": "V62-R80", "reachable": true, "id": "T2370", "x": 630366.12, "y": 5219474.8, "order": null, "visited": false}}, {"type": "Feature", "geometry": {"type": "Point", "coordinates": [630360.37, 5219470.01]}, "properties": {"type": "gap", "gap_m": 10.7, "vineyard_id": "V62", "row_id": "V62-R80", "reachable": true, "id": "T2371", "x": 630360.37, "y": 5219470.01, "order": 185, "visited": true}}, {"type": "Feature", "geometry": {"type": "Point", "coordinates": [630333.33, 5219447.47]}, "properties": {"type": "gap", "gap_m": 8.1, "vineyard_id": "V62", "row_id": "V62-R80", "reachable": true, "id": "T2372", "x": 630333.33, "y": 5219447.47, "order": 174, "visited": true}}, {"type": "Feature", "geometry": {"type": "Point", "coordinates": [630327.66, 5219442.75]}, "properties": {"type": "gap", "gap_m": 3.7, "vineyard_id": "V62", "row_id": "V62-R80", "reachable": true, "id": "T2373", "x": 630327.66, "y": 5219442.75, "order": null, "visited": true}}, {"type": "Feature", "geometry": {"type": "Point", "coordinates": [630321.34, 5219437.57]}, "properties": {"type": "gap", "gap_m": 5.2, "vineyard_id": "V62", "row_id": "V62-R80", "reachable": true, "id": "T2374", "x": 630321.34, "y": 5219437.57, "order": 171, "visited": true}}, {"type": "Feature", "geometry": {"type": "Point", "coordinates": [630351.52, 5219456.19]}, "properties": {"type": "gap", "gap_m": 4.0, "vineyard_id": "V62", "row_id": "V62-R81", "reachable": true, "id": "T2375", "x": 630351.52, "y": 5219456.19, "order": 188, "visited": true}}, {"type": "Feature", "geometry": {"type": "Point", "coordinates": [630336.26, 5219443.42]}, "properties": {"type": "gap", "gap_m": 5.4, "vineyard_id": "V62", "row_id": "V62-R81", "reachable": true, "id": "T2376", "x": 630336.26, "y": 5219443.42, "order": 175, "visited": true}}, {"type": "Feature", "geometry": {"type": "Point", "coordinates": [630332.21, 5219440.03]}, "properties": {"type": "gap", "gap_m": 4.3, "vineyard_id": "V62", "row_id": "V62-R81", "reachable": true, "id": "T2377", "x": 630332.21, "y": 5219440.03, "order": 177, "visited": true}}, {"type": "Feature", "geometry": {"type": "Point", "coordinates": [630327.22, 5219435.85]}, "properties": {"type": "gap", "gap_m": 4.6, "vineyard_id": "V62", "row_id": "V62-R81", "reachable": true, "id": "T2378", "x": 630327.22, "y": 5219435.85, "order": 179, "visited": true}}, {"type": "Feature", "geometry": {"type": "Point", "coordinates": [630294.58, 5219453.05]}, "properties": {"type": "gap", "gap_m": 15.1, "vineyard_id": "V62", "row_id": "V62-R82", "reachable": true, "id": "T2379", "x": 630294.58, "y": 5219453.05, "order": 137, "visited": true}}, {"type": "Feature", "geometry": {"type": "Point", "coordinates": [630353.22, 5219454.2]}, "properties": {"type": "gap", "gap_m": 3.3, "vineyard_id": "V62", "row_id": "V62-R83", "reachable": true, "id": "T2380", "x": 630353.22, "y": 5219454.2, "order": 189, "visited": true}}, {"type": "Feature", "geometry": {"type": "Point", "coordinates": [630343.88, 5219446.43]}, "properties": {"type": "gap", "gap_m": 4.2, "vineyard_id": "V62", "row_id": "V62-R83", "reachable": true, "id": "T2381", "x": 630343.88, "y": 5219446.43, "order": 182, "visited": true}}, {"type": "Feature", "geometry": {"type": "Point", "coordinates": [630340.08, 5219443.27]}, "properties": {"type": "gap", "gap_m": 4.5, "vineyard_id": "V62", "row_id": "V62-R83", "reachable": true, "id": "T2382", "x": 630340.08, "y": 5219443.27, "order": 181, "visited": true}}, {"type": "Feature", "geometry": {"type": "Point", "coordinates": [630333.49, 5219437.79]}, "properties": {"type": "gap", "gap_m": 4.4, "vineyard_id": "V62", "row_id": "V62-R83", "reachable": true, "id": "T2383", "x": 630333.49, "y": 5219437.79, "order": 180, "visited": true}}, {"type": "Feature", "geometry": {"type": "Point", "coordinates": [630352.47, 5219423.81]}, "properties": {"type": "gap", "gap_m": 4.0, "vineyard_id": "V62", "row_id": "V62-R84", "reachable": true, "id": "T2384", "x": 630352.47, "y": 5219423.81, "order": 193, "visited": true}}, {"type": "Feature", "geometry": {"type": "Point", "coordinates": [630355.53, 5219420.31]}, "properties": {"type": "gap", "gap_m": 3.8, "vineyard_id": "V62", "row_id": "V62-R84", "reachable": true, "id": "T2385", "x": 630355.53, "y": 5219420.31, "order": 192, "visited": true}}, {"type": "Feature", "geometry": {"type": "Point", "coordinates": [630359.01, 5219416.3]}, "properties": {"type": "gap", "gap_m": 5.6, "vineyard_id": "V62", "row_id": "V62-R84", "reachable": true, "id": "T2386", "x": 630359.01, "y": 5219416.3, "order": 191, "visited": true}}, {"type": "Feature", "geometry": {"type": "Point", "coordinates": [630361.54, 5219408.86]}, "properties": {"type": "gap", "gap_m": 3.8, "vineyard_id": "V62", "row_id": "V62-R85", "reachable": true, "id": "T2387", "x": 630361.54, "y": 5219408.86, "order": null, "visited": true}}, {"type": "Feature", "geometry": {"type": "Point", "coordinates": [630351.87, 5219411.31]}, "properties": {"type": "gap", "gap_m": 4.3, "vineyard_id": "V62", "row_id": "V62-R87", "reachable": true, "id": "T2388", "x": 630351.87, "y": 5219411.31, "order": null, "visited": false}}, {"type": "Feature", "geometry": {"type": "Point", "coordinates": [630365.3, 5219395.78]}, "properties": {"type": "gap", "gap_m": 5.6, "vineyard_id": "V62", "row_id": "V62-R87", "reachable": true, "id": "T2389", "x": 630365.3, "y": 5219395.78, "order": 190, "visited": true}}, {"type": "Feature", "geometry": {"type": "Point", "coordinates": [630353.47, 5219405.31]}, "properties": {"type": "gap", "gap_m": 3.6, "vineyard_id": "V62", "row_id": "V62-R88", "reachable": true, "id": "T2390", "x": 630353.47, "y": 5219405.31, "order": null, "visited": true}}, {"type": "Feature", "geometry": {"type": "Point", "coordinates": [630367.76, 5219388.81]}, "properties": {"type": "gap", "gap_m": 3.3, "vineyard_id": "V62", "row_id": "V62-R88", "reachable": true, "id": "T2391", "x": 630367.76, "y": 5219388.81, "order": 39, "visited": true}}, {"type": "Feature", "geometry": {"type": "Point", "coordinates": [630334.24, 5219423.38]}, "properties": {"type": "gap", "gap_m": 4.8, "vineyard_id": "V62", "row_id": "V62-R90", "reachable": true, "id": "T2392", "x": 630334.24, "y": 5219423.38, "order": null, "visited": false}}, {"type": "Feature", "geometry": {"type": "Point", "coordinates": [630341.13, 5219415.45]}, "properties": {"type": "gap", "gap_m": 5.4, "vineyard_id": "V62", "row_id": "V62-R90", "reachable": true, "id": "T2393", "x": 630341.13, "y": 5219415.45, "order": null, "visited": false}}, {"type": "Feature", "geometry": {"type": "Point", "coordinates": [630347.77, 5219407.8]}, "properties": {"type": "gap", "gap_m": 7.1, "vineyard_id": "V62", "row_id": "V62-R90", "reachable": true, "id": "T2394", "x": 630347.77, "y": 5219407.8, "order": 38, "visited": true}}, {"type": "Feature", "geometry": {"type": "Point", "coordinates": [630333.49, 5219416.18]}, "properties": {"type": "gap", "gap_m": 3.7, "vineyard_id": "V62", "row_id": "V62-R92", "reachable": true, "id": "T2395", "x": 630333.49, "y": 5219416.18, "order": null, "visited": false}}, {"type": "Feature", "geometry": {"type": "Point", "coordinates": [630336.53, 5219412.68]}, "properties": {"type": "gap", "gap_m": 4.3, "vineyard_id": "V62", "row_id": "V62-R92", "reachable": true, "id": "T2396", "x": 630336.53, "y": 5219412.68, "order": null, "visited": false}}, {"type": "Feature", "geometry": {"type": "Point", "coordinates": [629961.98, 5219678.94]}, "properties": {"type": "gap", "gap_m": 4.5, "vineyard_id": "V63", "row_id": "V63-R001", "reachable": true, "id": "T2397", "x": 629961.98, "y": 5219678.94, "order": 843, "visited": true}}, {"type": "Feature", "geometry": {"type": "Point", "coordinates": [629956.89, 5219677.93]}, "properties": {"type": "gap", "gap_m": 4.1, "vineyard_id": "V63", "row_id": "V63-R001", "reachable": true, "id": "T2398", "x": 629956.89, "y": 5219677.93, "order": 844, "visited": true}}, {"type": "Feature", "geometry": {"type": "Point", "coordinates": [629951.39, 5219676.84]}, "properties": {"type": "gap", "gap_m": 5.0, "vineyard_id": "V63", "row_id": "V63-R001", "reachable": true, "id": "T2399", "x": 629951.39, "y": 5219676.84, "order": 845, "visited": true}}, {"type": "Feature", "geometry": {"type": "Point", "coordinates": [629924.54, 5219671.55]}, "properties": {"type": "gap", "gap_m": 5.0, "vineyard_id": "V63", "row_id": "V63-R001", "reachable": true, "id": "T2400", "x": 629924.54, "y": 5219671.55, "order": null, "visited": true}}, {"type": "Feature", "geometry": {"type": "Point", "coordinates": [629953.81, 5219675.12]}, "properties": {"type": "gap", "gap_m": 4.4, "vineyard_id": "V63", "row_id": "V63-R002", "reachable": true, "id": "T2401", "x": 629953.81, "y": 5219675.12, "order": 877, "visited": true}}, {"type": "Feature", "geometry": {"type": "Point", "coordinates": [629948.87, 5219674.16]}, "properties": {"type": "gap", "gap_m": 4.8, "vineyard_id": "V63", "row_id": "V63-R002", "reachable": true, "id": "T2402", "x": 629948.87, "y": 5219674.16, "order": 846, "visited": true}}, {"type": "Feature", "geometry": {"type": "Point", "coordinates": [629934.32, 5219671.32]}, "properties": {"type": "gap", "gap_m": 4.2, "vineyard_id": "V63", "row_id": "V63-R002", "reachable": true, "id": "T2403", "x": 629934.32, "y": 5219671.32, "order": 878, "visited": true}}, {"type": "Feature", "geometry": {"type": "Point", "coordinates": [629920.5, 5219668.62]}, "properties": {"type": "gap", "gap_m": 6.1, "vineyard_id": "V63", "row_id": "V63-R002", "reachable": true, "id": "T2404", "x": 629920.5, "y": 5219668.62, "order": null, "visited": true}}, {"type": "Feature", "geometry": {"type": "Point", "coordinates": [629954.95, 5219672.34]}, "properties": {"type": "gap", "gap_m": 4.5, "vineyard_id": "V63", "row_id": "V63-R003", "reachable": true, "id": "T2405", "x": 629954.95, "y": 5219672.34, "order": 876, "visited": true}}, {"type": "Feature", "geometry": {"type": "Point", "coordinates": [629946.52, 5219670.71]}, "properties": {"type": "gap", "gap_m": 11.8, "vineyard_id": "V63", "row_id": "V63-R003", "reachable": true, "id": "T2406", "x": 629946.52, "y": 5219670.71, "order": 875, "visited": true}}, {"type": "Feature", "geometry": {"type": "Point", "coordinates": [629917.29, 5219665.07]}, "properties": {"type": "gap", "gap_m": 6.1, "vineyard_id": "V63", "row_id": "V63-R003", "reachable": true, "id": "T2407", "x": 629917.29, "y": 5219665.07, "order": 879, "visited": true}}, {"type": "Feature", "geometry": {"type": "Point", "coordinates": [629949.7, 5219668.44]}, "properties": {"type": "gap", "gap_m": 13.5, "vineyard_id": "V63", "row_id": "V63-R004", "reachable": true, "id": "T2408", "x": 629949.7, "y": 5219668.44, "order": 873, "visited": true}}, {"type": "Feature", "geometry": {"type": "Point", "coordinates": [629940.54, 5219666.67]}, "properties": {"type": "gap", "gap_m": 4.1, "vineyard_id": "V63", "row_id": "V63-R004", "reachable": true, "id": "T2409", "x": 629940.54, "y": 5219666.67, "order": 874, "visited": true}}, {"type": "Feature", "geometry": {"type": "Point", "coordinates": [629950.89, 5219667.1]}, "properties": {"type": "gap", "gap_m": 8.5, "vineyard_id": "V63", "row_id": "V63-R005", "reachable": true, "id": "T2410", "x": 629950.89, "y": 5219667.1, "order": 873, "visited": true}}, {"type": "Feature", "geometry": {"type": "Point", "coordinates": [629940.94, 5219665.16]}, "properties": {"type": "gap", "gap_m": 10.7, "vineyard_id": "V63", "row_id": "V63-R005", "reachable": true, "id": "T2411", "x": 629940.94, "y": 5219665.16, "order": 872, "visited": true}}, {"type": "Feature", "geometry": {"type": "Point", "coordinates": [629930.64, 5219663.15]}, "properties": {"type": "gap", "gap_m": 5.2, "vineyard_id": "V63", "row_id": "V63-R005", "reachable": true, "id": "T2412", "x": 629930.64, "y": 5219663.15, "order": 870, "visited": true}}, {"type": "Feature", "geometry": {"type": "Point", "coordinates": [629940.2, 5219662.46]}, "properties": {"type": "gap", "gap_m": 21.8, "vineyard_id": "V63", "row_id": "V63-R006", "reachable": true, "id": "T2413", "x": 629940.2, "y": 5219662.46, "order": 871, "visited": true}}, {"type": "Feature", "geometry": {"type": "Point", "coordinates": [629937.21, 5219659.46]}, "properties": {"type": "gap", "gap_m": 15.1, "vineyard_id": "V63", "row_id": "V63-R007", "reachable": true, "id": "T2414", "x": 629937.21, "y": 5219659.46, "order": 869, "visited": true}}, {"type": "Feature", "geometry": {"type": "Point", "coordinates": [629942.76, 5219657.05]}, "properties": {"type": "gap", "gap_m": 4.7, "vineyard_id": "V63", "row_id": "V63-R008", "reachable": true, "id": "T2415", "x": 629942.76, "y": 5219657.05, "order": 868, "visited": true}}, {"type": "Feature", "geometry": {"type": "Point", "coordinates": [629937.7, 5219656.06]}, "properties": {"type": "gap", "gap_m": 4.4, "vineyard_id": "V63", "row_id": "V63-R008", "reachable": true, "id": "T2416", "x": 629937.7, "y": 5219656.06, "order": 867, "visited": true}}, {"type": "Feature", "geometry": {"type": "Point", "coordinates": [629929.79, 5219654.53]}, "properties": {"type": "gap", "gap_m": 9.8, "vineyard_id": "V63", "row_id": "V63-R008", "reachable": true, "id": "T2417", "x": 629929.79, "y": 5219654.53, "order": 866, "visited": true}}, {"type": "Feature", "geometry": {"type": "Point", "coordinates": [629946.73, 5219655.41]}, "properties": {"type": "gap", "gap_m": 3.0, "vineyard_id": "V63", "row_id": "V63-R009", "reachable": true, "id": "T2418", "x": 629946.73, "y": 5219655.41, "order": 862, "visited": true}}, {"type": "Feature", "geometry": {"type": "Point", "coordinates": [629936.12, 5219653.35]}, "properties": {"type": "gap", "gap_m": 7.9, "vineyard_id": "V63", "row_id": "V63-R009", "reachable": true, "id": "T2419", "x": 629936.12, "y": 5219653.35, "order": 863, "visited": true}}, {"type": "Feature", "geometry": {"type": "Point", "coordinates": [629926.9, 5219651.57]}, "properties": {"type": "gap", "gap_m": 9.2, "vineyard_id": "V63", "row_id": "V63-R009", "reachable": true, "id": "T2420", "x": 629926.9, "y": 5219651.57, "order": 865, "visited": true}}, {"type": "Feature", "geometry": {"type": "Point", "coordinates": [629946.84, 5219653.23]}, "properties": {"type": "gap", "gap_m": 3.0, "vineyard_id": "V63", "row_id": "V63-R010", "reachable": true, "id": "T2421", "x": 629946.84, "y": 5219653.23, "order": 862, "visited": true}}, {"type": "Feature", "geometry": {"type": "Point", "coordinates": [629932.45, 5219650.43]}, "properties": {"type": "gap", "gap_m": 6.3, "vineyard_id": "V63", "row_id": "V63-R010", "reachable": true, "id": "T2422", "x": 629932.45, "y": 5219650.43, "order": 864, "visited": true}}, {"type": "Feature", "geometry": {"type": "Point", "coordinates": [629926.77, 5219649.33]}, "properties": {"type": "gap", "gap_m": 4.1, "vineyard_id": "V63", "row_id": "V63-R010", "reachable": true, "id": "T2423", "x": 629926.77, "y": 5219649.33, "order": null, "visited": true}}, {"type": "Feature", "geometry": {"type": "Point", "coordinates": [629931.88, 5219647.49]}, "properties": {"type": "gap", "gap_m": 3.5, "vineyard_id": "V63", "row_id": "V63-R012", "reachable": true, "id": "T2424", "x": 629931.88, "y": 5219647.49, "order": null, "visited": false}}, {"type": "Feature", "geometry": {"type": "Point", "coordinates": [629926.43, 5219646.43]}, "properties": {"type": "gap", "gap_m": 6.3, "vineyard_id": "V63", "row_id": "V63-R012", "reachable": true, "id": "T2425", "x": 629926.43, "y": 5219646.43, "order": null, "visited": false}}, {"type": "Feature", "geometry": {"type": "Point", "coordinates": [629927.6, 5219644.61]}, "properties": {"type": "gap", "gap_m": 4.5, "vineyard_id": "V63", "row_id": "V63-R013", "reachable": true, "id": "T2426", "x": 629927.6, "y": 5219644.61, "order": null, "visited": false}}, {"type": "Feature", "geometry": {"type": "Point", "coordinates": [629946.63, 5219645.83]}, "properties": {"type": "gap", "gap_m": 4.8, "vineyard_id": "V63", "row_id": "V63-R014", "reachable": true, "id": "T2427", "x": 629946.63, "y": 5219645.83, "order": null, "visited": false}}, {"type": "Feature", "geometry": {"type": "Point", "coordinates": [629947.23, 5219642.92]}, "properties": {"type": "gap", "gap_m": 4.6, "vineyard_id": "V63", "row_id": "V63-R016", "reachable": true, "id": "T2428", "x": 629947.23, "y": 5219642.92, "order": null, "visited": false}}, {"type": "Feature", "geometry": {"type": "Point", "coordinates": [629978.57, 5219683.05]}, "properties": {"type": "gap", "gap_m": 5.9, "vineyard_id": "V63", "row_id": "V63-R019", "reachable": true, "id": "T2429", "x": 629978.57, "y": 5219683.05, "order": null, "visited": false}}, {"type": "Feature", "geometry": {"type": "Point", "coordinates": [629980.46, 5219681.01]}, "properties": {"type": "gap", "gap_m": 6.3, "vineyard_id": "V63", "row_id": "V63-R021", "reachable": true, "id": "T2430", "x": 629980.46, "y": 5219681.01, "order": null, "visited": false}}, {"type": "Feature", "geometry": {"type": "Point", "coordinates": [629950.42, 5219638.27]}, "properties": {"type": "gap", "gap_m": 3.3, "vineyard_id": "V63", "row_id": "V63-R022", "reachable": true, "id": "T2431", "x": 629950.42, "y": 5219638.27, "order": null, "visited": false}}, {"type": "Feature", "geometry": {"type": "Point", "coordinates": [629947.96, 5219635.74]}, "properties": {"type": "gap", "gap_m": 3.4, "vineyard_id": "V63", "row_id": "V63-R024", "reachable": true, "id": "T2432", "x": 629947.96, "y": 5219635.74, "order": null, "visited": false}}, {"type": "Feature", "geometry": {"type": "Point", "coordinates": [629996.49, 5219656.05]}, "properties": {"type": "gap", "gap_m": 4.3, "vineyard_id": "V63", "row_id": "V63-R030", "reachable": true, "id": "T2434", "x": 629996.49, "y": 5219656.05, "order": null, "visited": false}}, {"type": "Feature", "geometry": {"type": "Point", "coordinates": [630005.31, 5219653.71]}, "properties": {"type": "gap", "gap_m": 4.2, "vineyard_id": "V63", "row_id": "V63-R034", "reachable": true, "id": "T2435", "x": 630005.31, "y": 5219653.71, "order": 839, "visited": true}}, {"type": "Feature", "geometry": {"type": "Point", "coordinates": [629994.84, 5219641.65]}, "properties": {"type": "gap", "gap_m": 11.6, "vineyard_id": "V63", "row_id": "V63-R034", "reachable": true, "id": "T2436", "x": 629994.84, "y": 5219641.65, "order": 841, "visited": true}}, {"type": "Feature", "geometry": {"type": "Point", "coordinates": [629987.59, 5219633.3]}, "properties": {"type": "gap", "gap_m": 3.5, "vineyard_id": "V63", "row_id": "V63-R034", "reachable": true, "id": "T2437", "x": 629987.59, "y": 5219633.3, "order": null, "visited": true}}, {"type": "Feature", "geometry": {"type": "Point", "coordinates": [629980.27, 5219624.71]}, "properties": {"type": "gap", "gap_m": 4.7, "vineyard_id": "V63", "row_id": "V63-R034", "reachable": true, "id": "T2438", "x": 629980.27, "y": 5219624.71, "order": null, "visited": true}}, {"type": "Feature", "geometry": {"type": "Point", "coordinates": [630000.81, 5219645.24]}, "properties": {"type": "gap", "gap_m": 10.2, "vineyard_id": "V63", "row_id": "V63-R035", "reachable": true, "id": "T2439", "x": 630000.81, "y": 5219645.24, "order": 840, "visited": true}}, {"type": "Feature", "geometry": {"type": "Point", "coordinates": [629993.34, 5219636.59]}, "properties": {"type": "gap", "gap_m": 12.0, "vineyard_id": "V63", "row_id": "V63-R035", "reachable": true, "id": "T2440", "x": 629993.34, "y": 5219636.59, "order": 842, "visited": true}}, {"type": "Feature", "geometry": {"type": "Point", "coordinates": [629987.88, 5219629.65]}, "properties": {"type": "gap", "gap_m": 4.2, "vineyard_id": "V63", "row_id": "V63-R035", "reachable": true, "id": "T2441", "x": 629987.88, "y": 5219629.65, "order": null, "visited": true}}, {"type": "Feature", "geometry": {"type": "Point", "coordinates": [629984.76, 5219625.97]}, "properties": {"type": "gap", "gap_m": 4.1, "vineyard_id": "V63", "row_id": "V63-R035", "reachable": true, "id": "T2442", "x": 629984.76, "y": 5219625.97, "order": null, "visited": true}}, {"type": "Feature", "geometry": {"type": "Point", "coordinates": [629979.6, 5219619.88]}, "properties": {"type": "gap", "gap_m": 3.8, "vineyard_id": "V63", "row_id": "V63-R035", "reachable": true, "id": "T2443", "x": 629979.6, "y": 5219619.88, "order": null, "visited": true}}, {"type": "Feature", "geometry": {"type": "Point", "coordinates": [630010.15, 5219651.75]}, "properties": {"type": "gap", "gap_m": 3.3, "vineyard_id": "V63", "row_id": "V63-R036", "reachable": true, "id": "T2444", "x": 630010.15, "y": 5219651.75, "order": null, "visited": false}}, {"type": "Feature", "geometry": {"type": "Point", "coordinates": [629997.65, 5219637.42]}, "properties": {"type": "gap", "gap_m": 3.7, "vineyard_id": "V63", "row_id": "V63-R036", "reachable": true, "id": "T2445", "x": 629997.65, "y": 5219637.42, "order": null, "visited": false}}, {"type": "Feature", "geometry": {"type": "Point", "coordinates": [629993.28, 5219632.21]}, "properties": {"type": "gap", "gap_m": 8.6, "vineyard_id": "V63", "row_id": "V63-R036", "reachable": true, "id": "T2446", "x": 629993.28, "y": 5219632.21, "order": null, "visited": false}}, {"type": "Feature", "geometry": {"type": "Point", "coordinates": [629984.61, 5219622.11]}, "properties": {"type": "gap", "gap_m": 14.8, "vineyard_id": "V63", "row_id": "V63-R036", "reachable": true, "id": "T2447", "x": 629984.61, "y": 5219622.11, "order": null, "visited": false}}, {"type": "Feature", "geometry": {"type": "Point", "coordinates": [629978.44, 5219614.91]}, "properties": {"type": "gap", "gap_m": 3.1, "vineyard_id": "V63", "row_id": "V63-R036", "reachable": true, "id": "T2448", "x": 629978.44, "y": 5219614.91, "order": null, "visited": false}}, {"type": "Feature", "geometry": {"type": "Point", "coordinates": [630000.96, 5219630.86]}, "properties": {"type": "gap", "gap_m": 3.3, "vineyard_id": "V63", "row_id": "V63-R039", "reachable": true, "id": "T2449", "x": 630000.96, "y": 5219630.86, "order": null, "visited": false}}, {"type": "Feature", "geometry": {"type": "Point", "coordinates": [629995.69, 5219624.7]}, "properties": {"type": "gap", "gap_m": 5.5, "vineyard_id": "V63", "row_id": "V63-R039", "reachable": true, "id": "T2450", "x": 629995.69, "y": 5219624.7, "order": null, "visited": false}}, {"type": "Feature", "geometry": {"type": "Point", "coordinates": [629996.6, 5219621.81]}, "properties": {"type": "gap", "gap_m": 4.6, "vineyard_id": "V63", "row_id": "V63-R040", "reachable": true, "id": "T2451", "x": 629996.6, "y": 5219621.81, "order": null, "visited": false}}, {"type": "Feature", "geometry": {"type": "Point", "coordinates": [629990.77, 5219614.98]}, "properties": {"type": "gap", "gap_m": 4.7, "vineyard_id": "V63", "row_id": "V63-R040", "reachable": true, "id": "T2452", "x": 629990.77, "y": 5219614.98, "order": null, "visited": false}}, {"type": "Feature", "geometry": {"type": "Point", "coordinates": [630010.0, 5219633.67]}, "properties": {"type": "gap", "gap_m": 5.5, "vineyard_id": "V63", "row_id": "V63-R041", "reachable": true, "id": "T2453", "x": 630010.0, "y": 5219633.67, "order": null, "visited": false}}, {"type": "Feature", "geometry": {"type": "Point", "coordinates": [630006.12, 5219628.96]}, "properties": {"type": "gap", "gap_m": 5.9, "vineyard_id": "V63", "row_id": "V63-R041", "reachable": true, "id": "T2454", "x": 630006.12, "y": 5219628.96, "order": null, "visited": false}}, {"type": "Feature", "geometry": {"type": "Point", "coordinates": [630018.6, 5219647.68]}, "properties": {"type": "gap", "gap_m": 4.8, "vineyard_id": "V63", "row_id": "V63-R042", "reachable": true, "id": "T2455", "x": 630018.6, "y": 5219647.68, "order": null, "visited": false}}, {"type": "Feature", "geometry": {"type": "Point", "coordinates": [630024.7, 5219658.63]}, "properties": {"type": "gap", "gap_m": 4.3, "vineyard_id": "V63", "row_id": "V63-R044", "reachable": true, "id": "T2456", "x": 630024.7, "y": 5219658.63, "order": null, "visited": true}}, {"type": "Feature", "geometry": {"type": "Point", "coordinates": [630010.44, 5219630.05]}, "properties": {"type": "gap", "gap_m": 6.8, "vineyard_id": "V63", "row_id": "V63-R046", "reachable": true, "id": "T2457", "x": 630010.44, "y": 5219630.05, "order": null, "visited": false}}, {"type": "Feature", "geometry": {"type": "Point", "coordinates": [630006.46, 5219621.71]}, "properties": {"type": "gap", "gap_m": 3.0, "vineyard_id": "V63", "row_id": "V63-R048", "reachable": true, "id": "T2458", "x": 630006.46, "y": 5219621.71, "order": null, "visited": false}}, {"type": "Feature", "geometry": {"type": "Point", "coordinates": [630006.59, 5219617.48]}, "properties": {"type": "gap", "gap_m": 3.0, "vineyard_id": "V63", "row_id": "V63-R049", "reachable": true, "id": "T2459", "x": 630006.59, "y": 5219617.48, "order": null, "visited": false}}, {"type": "Feature", "geometry": {"type": "Point", "coordinates": [630010.68, 5219618.25]}, "properties": {"type": "gap", "gap_m": 4.8, "vineyard_id": "V63", "row_id": "V63-R050", "reachable": true, "id": "T2460", "x": 630010.68, "y": 5219618.25, "order": 836, "visited": true}}, {"type": "Feature", "geometry": {"type": "Point", "coordinates": [629991.13, 5219595.32]}, "properties": {"type": "gap", "gap_m": 3.2, "vineyard_id": "V63", "row_id": "V63-R050", "reachable": true, "id": "T2461", "x": 629991.13, "y": 5219595.32, "order": null, "visited": false}}, {"type": "Feature", "geometry": {"type": "Point", "coordinates": [630022.53, 5219629.3]}, "properties": {"type": "gap", "gap_m": 5.8, "vineyard_id": "V63", "row_id": "V63-R051", "reachable": true, "id": "T2462", "x": 630022.53, "y": 5219629.3, "order": 838, "visited": true}}, {"type": "Feature", "geometry": {"type": "Point", "coordinates": [630017.41, 5219622.97]}, "properties": {"type": "gap", "gap_m": 3.1, "vineyard_id": "V63", "row_id": "V63-R051", "reachable": true, "id": "T2463", "x": 630017.41, "y": 5219622.97, "order": null, "visited": true}}, {"type": "Feature", "geometry": {"type": "Point", "coordinates": [630013.86, 5219618.09]}, "properties": {"type": "gap", "gap_m": 4.8, "vineyard_id": "V63", "row_id": "V63-R051", "reachable": true, "id": "T2464", "x": 630013.86, "y": 5219618.09, "order": 837, "visited": true}}, {"type": "Feature", "geometry": {"type": "Point", "coordinates": [630009.36, 5219612.78]}, "properties": {"type": "gap", "gap_m": 5.1, "vineyard_id": "V63", "row_id": "V63-R051", "reachable": true, "id": "T2465", "x": 630009.36, "y": 5219612.78, "order": 835, "visited": true}}, {"type": "Feature", "geometry": {"type": "Point", "coordinates": [630022.77, 5219626.4]}, "properties": {"type": "gap", "gap_m": 9.7, "vineyard_id": "V63", "row_id": "V63-R052", "reachable": true, "id": "T2466", "x": 630022.77, "y": 5219626.4, "order": null, "visited": false}}, {"type": "Feature", "geometry": {"type": "Point", "coordinates": [630010.3, 5219608.91]}, "properties": {"type": "gap", "gap_m": 7.4, "vineyard_id": "V63", "row_id": "V63-R053", "reachable": true, "id": "T2467", "x": 630010.3, "y": 5219608.91, "order": 834, "visited": true}}, {"type": "Feature", "geometry": {"type": "Point", "coordinates": [630001.97, 5219599.22]}, "properties": {"type": "gap", "gap_m": 8.1, "vineyard_id": "V63", "row_id": "V63-R053", "reachable": true, "id": "T2468", "x": 630001.97, "y": 5219599.22, "order": null, "visited": false}}, {"type": "Feature", "geometry": {"type": "Point", "coordinates": [630026.75, 5219624.6]}, "properties": {"type": "gap", "gap_m": 23.2, "vineyard_id": "V63", "row_id": "V63-R055", "reachable": true, "id": "T2469", "x": 630026.75, "y": 5219624.6, "order": 831, "visited": true}}, {"type": "Feature", "geometry": {"type": "Point", "coordinates": [630014.8, 5219610.55]}, "properties": {"type": "gap", "gap_m": 11.4, "vineyard_id": "V63", "row_id": "V63-R055", "reachable": true, "id": "T2470", "x": 630014.8, "y": 5219610.55, "order": 833, "visited": true}}, {"type": "Feature", "geometry": {"type": "Point", "coordinates": [630009.18, 5219599.69]}, "properties": {"type": "gap", "gap_m": 5.8, "vineyard_id": "V63", "row_id": "V63-R056", "reachable": true, "id": "T2471", "x": 630009.18, "y": 5219599.69, "order": null, "visited": false}}, {"type": "Feature", "geometry": {"type": "Point", "coordinates": [630028.0, 5219620.09]}, "properties": {"type": "gap", "gap_m": 16.6, "vineyard_id": "V63", "row_id": "V63-R057", "reachable": true, "id": "T2472", "x": 630028.0, "y": 5219620.09, "order": null, "visited": true}}, {"type": "Feature", "geometry": {"type": "Point", "coordinates": [630019.88, 5219610.19]}, "properties": {"type": "gap", "gap_m": 7.5, "vineyard_id": "V63", "row_id": "V63-R057", "reachable": true, "id": "T2473", "x": 630019.88, "y": 5219610.19, "order": 832, "visited": true}}, {"type": "Feature", "geometry": {"type": "Point", "coordinates": [630036.53, 5219628.5]}, "properties": {"type": "gap", "gap_m": 5.7, "vineyard_id": "V63", "row_id": "V63-R058", "reachable": true, "id": "T2474", "x": 630036.53, "y": 5219628.5, "order": null, "visited": false}}, {"type": "Feature", "geometry": {"type": "Point", "coordinates": [630028.87, 5219619.17]}, "properties": {"type": "gap", "gap_m": 17.2, "vineyard_id": "V63", "row_id": "V63-R058", "reachable": true, "id": "T2475", "x": 630028.87, "y": 5219619.17, "order": null, "visited": false}}, {"type": "Feature", "geometry": {"type": "Point", "coordinates": [630019.5, 5219607.76]}, "properties": {"type": "gap", "gap_m": 11.1, "vineyard_id": "V63", "row_id": "V63-R058", "reachable": true, "id": "T2476", "x": 630019.5, "y": 5219607.76, "order": null, "visited": false}}, {"type": "Feature", "geometry": {"type": "Point", "coordinates": [630012.78, 5219595.86]}, "properties": {"type": "gap", "gap_m": 3.1, "vineyard_id": "V63", "row_id": "V63-R059", "reachable": true, "id": "T2477", "x": 630012.78, "y": 5219595.86, "order": null, "visited": false}}, {"type": "Feature", "geometry": {"type": "Point", "coordinates": [630038.48, 5219624.42]}, "properties": {"type": "gap", "gap_m": 4.6, "vineyard_id": "V63", "row_id": "V63-R061", "reachable": true, "id": "T2478", "x": 630038.48, "y": 5219624.42, "order": null, "visited": false}}, {"type": "Feature", "geometry": {"type": "Point", "coordinates": [630027.82, 5219611.32]}, "properties": {"type": "gap", "gap_m": 18.7, "vineyard_id": "V63", "row_id": "V63-R061", "reachable": true, "id": "T2479", "x": 630027.82, "y": 5219611.32, "order": 790, "visited": true}}, {"type": "Feature", "geometry": {"type": "Point", "coordinates": [630044.75, 5219624.41]}, "properties": {"type": "gap", "gap_m": 3.3, "vineyard_id": "V63", "row_id": "V63-R064", "reachable": true, "id": "T2480", "x": 630044.75, "y": 5219624.41, "order": 791, "visited": true}}, {"type": "Feature", "geometry": {"type": "Point", "coordinates": [630041.98, 5219621.03]}, "properties": {"type": "gap", "gap_m": 3.9, "vineyard_id": "V63", "row_id": "V63-R064", "reachable": true, "id": "T2481", "x": 630041.98, "y": 5219621.03, "order": null, "visited": true}}, {"type": "Feature", "geometry": {"type": "Point", "coordinates": [630034.47, 5219611.88]}, "properties": {"type": "gap", "gap_m": 9.9, "vineyard_id": "V63", "row_id": "V63-R064", "reachable": true, "id": "T2482", "x": 630034.47, "y": 5219611.88, "order": 792, "visited": true}}, {"type": "Feature", "geometry": {"type": "Point", "coordinates": [630028.41, 5219604.5]}, "properties": {"type": "gap", "gap_m": 7.3, "vineyard_id": "V63", "row_id": "V63-R064", "reachable": true, "id": "T2483", "x": 630028.41, "y": 5219604.5, "order": 794, "visited": true}}, {"type": "Feature", "geometry": {"type": "Point", "coordinates": [630021.05, 5219595.53]}, "properties": {"type": "gap", "gap_m": 6.1, "vineyard_id": "V63", "row_id": "V63-R064", "reachable": true, "id": "T2484", "x": 630021.05, "y": 5219595.53, "order": 795, "visited": true}}, {"type": "Feature", "geometry": {"type": "Point", "coordinates": [630044.05, 5219619.52]}, "properties": {"type": "gap", "gap_m": 3.4, "vineyard_id": "V63", "row_id": "V63-R066", "reachable": true, "id": "T2485", "x": 630044.05, "y": 5219619.52, "order": null, "visited": false}}, {"type": "Feature", "geometry": {"type": "Point", "coordinates": [630034.99, 5219608.45]}, "properties": {"type": "gap", "gap_m": 18.7, "vineyard_id": "V63", "row_id": "V63-R066", "reachable": true, "id": "T2486", "x": 630034.99, "y": 5219608.45, "order": 793, "visited": true}}, {"type": "Feature", "geometry": {"type": "Point", "coordinates": [630025.32, 5219596.64]}, "properties": {"type": "gap", "gap_m": 5.0, "vineyard_id": "V63", "row_id": "V63-R066", "reachable": true, "id": "T2487", "x": 630025.32, "y": 5219596.64, "order": 796, "visited": true}}, {"type": "Feature", "geometry": {"type": "Point", "coordinates": [630044.43, 5219617.83]}, "properties": {"type": "gap", "gap_m": 4.6, "vineyard_id": "V63", "row_id": "V63-R067", "reachable": true, "id": "T2488", "x": 630044.43, "y": 5219617.83, "order": null, "visited": false}}, {"type": "Feature", "geometry": {"type": "Point", "coordinates": [630038.95, 5219611.14]}, "properties": {"type": "gap", "gap_m": 9.0, "vineyard_id": "V63", "row_id": "V63-R067", "reachable": true, "id": "T2489", "x": 630038.95, "y": 5219611.14, "order": 798, "visited": true}}, {"type": "Feature", "geometry": {"type": "Point", "coordinates": [630030.77, 5219601.16]}, "properties": {"type": "gap", "gap_m": 15.8, "vineyard_id": "V63", "row_id": "V63-R067", "reachable": true, "id": "T2490", "x": 630030.77, "y": 5219601.16, "order": 800, "visited": true}}, {"type": "Feature", "geometry": {"type": "Point", "coordinates": [630058.2, 5219629.19]}, "properties": {"type": "gap", "gap_m": 4.4, "vineyard_id": "V63", "row_id": "V63-R069", "reachable": true, "id": "T2491", "x": 630058.2, "y": 5219629.19, "order": 816, "visited": true}}, {"type": "Feature", "geometry": {"type": "Point", "coordinates": [630040.78, 5219607.93]}, "properties": {"type": "gap", "gap_m": 14.6, "vineyard_id": "V63", "row_id": "V63-R069", "reachable": true, "id": "T2492", "x": 630040.78, "y": 5219607.93, "order": 799, "visited": true}}, {"type": "Feature", "geometry": {"type": "Point", "coordinates": [630030.46, 5219595.33]}, "properties": {"type": "gap", "gap_m": 13.1, "vineyard_id": "V63", "row_id": "V63-R069", "reachable": true, "id": "T2493", "x": 630030.46, "y": 5219595.33, "order": 801, "visited": true}}, {"type": "Feature", "geometry": {"type": "Point", "coordinates": [630023.97, 5219587.4]}, "properties": {"type": "gap", "gap_m": 5.8, "vineyard_id": "V63", "row_id": "V63-R069", "reachable": true, "id": "T2494", "x": 630023.97, "y": 5219587.4, "order": 797, "visited": true}}, {"type": "Feature", "geometry": {"type": "Point", "coordinates": [630063.54, 5219632.89]}, "properties": {"type": "gap", "gap_m": 3.1, "vineyard_id": "V63", "row_id": "V63-R070", "reachable": true, "id": "T2495", "x": 630063.54, "y": 5219632.89, "order": 815, "visited": true}}, {"type": "Feature", "geometry": {"type": "Point", "coordinates": [630059.59, 5219628.05]}, "properties": {"type": "gap", "gap_m": 4.3, "vineyard_id": "V63", "row_id": "V63-R070", "reachable": true, "id": "T2496", "x": 630059.59, "y": 5219628.05, "order": 816, "visited": true}}, {"type": "Feature", "geometry": {"type": "Point", "coordinates": [630046.57, 5219612.11]}, "properties": {"type": "gap", "gap_m": 3.3, "vineyard_id": "V63", "row_id": "V63-R070", "reachable": true, "id": "T2497", "x": 630046.57, "y": 5219612.11, "order": 803, "visited": true}}, {"type": "Feature", "geometry": {"type": "Point", "coordinates": [630037.45, 5219600.94]}, "properties": {"type": "gap", "gap_m": 4.4, "vineyard_id": "V63", "row_id": "V63-R070", "reachable": true, "id": "T2498", "x": 630037.45, "y": 5219600.94, "order": 802, "visited": true}}, {"type": "Feature", "geometry": {"type": "Point", "coordinates": [630031.1, 5219593.16]}, "properties": {"type": "gap", "gap_m": 13.2, "vineyard_id": "V63", "row_id": "V63-R070", "reachable": true, "id": "T2499", "x": 630031.1, "y": 5219593.16, "order": 801, "visited": true}}, {"type": "Feature", "geometry": {"type": "Point", "coordinates": [630061.48, 5219627.36]}, "properties": {"type": "gap", "gap_m": 5.4, "vineyard_id": "V63", "row_id": "V63-R071", "reachable": true, "id": "T2500", "x": 630061.48, "y": 5219627.36, "order": 811, "visited": true}}, {"type": "Feature", "geometry": {"type": "Point", "coordinates": [630044.93, 5219607.1]}, "properties": {"type": "gap", "gap_m": 3.1, "vineyard_id": "V63", "row_id": "V63-R071", "reachable": true, "id": "T2501", "x": 630044.93, "y": 5219607.1, "order": 804, "visited": true}}, {"type": "Feature", "geometry": {"type": "Point", "coordinates": [630040.45, 5219601.62]}, "properties": {"type": "gap", "gap_m": 3.7, "vineyard_id": "V63", "row_id": "V63-R071", "reachable": true, "id": "T2502", "x": 630040.45, "y": 5219601.62, "order": 805, "visited": true}}, {"type": "Feature", "geometry": {"type": "Point", "coordinates": [630036.95, 5219597.33]}, "properties": {"type": "gap", "gap_m": 4.1, "vineyard_id": "V63", "row_id": "V63-R071", "reachable": true, "id": "T2503", "x": 630036.95, "y": 5219597.33, "order": 809, "visited": true}}, {"type": "Feature", "geometry": {"type": "Point", "coordinates": [630034.16, 5219593.92]}, "properties": {"type": "gap", "gap_m": 3.0, "vineyard_id": "V63", "row_id": "V63-R071", "reachable": true, "id": "T2504", "x": 630034.16, "y": 5219593.92, "order": 806, "visited": true}}, {"type": "Feature", "geometry": {"type": "Point", "coordinates": [630028.95, 5219587.55]}, "properties": {"type": "gap", "gap_m": 3.8, "vineyard_id": "V63", "row_id": "V63-R071", "reachable": true, "id": "T2505", "x": 630028.95, "y": 5219587.55, "order": 807, "visited": true}}, {"type": "Feature", "geometry": {"type": "Point", "coordinates": [630034.93, 5219591.12]}, "properties": {"type": "gap", "gap_m": 4.3, "vineyard_id": "V63", "row_id": "V63-R072", "reachable": true, "id": "T2506", "x": 630034.93, "y": 5219591.12, "order": 808, "visited": true}}, {"type": "Feature", "geometry": {"type": "Point", "coordinates": [630053.74, 5219608.19]}, "properties": {"type": "gap", "gap_m": 5.1, "vineyard_id": "V63", "row_id": "V63-R075", "reachable": true, "id": "T2507", "x": 630053.74, "y": 5219608.19, "order": 810, "visited": true}}, {"type": "Feature", "geometry": {"type": "Point", "coordinates": [630053.1, 5219604.68]}, "properties": {"type": "gap", "gap_m": 11.3, "vineyard_id": "V63", "row_id": "V63-R076", "reachable": true, "id": "T2508", "x": 630053.1, "y": 5219604.68, "order": null, "visited": false}}, {"type": "Feature", "geometry": {"type": "Point", "coordinates": [630044.42, 5219583.91]}, "properties": {"type": "gap", "gap_m": 22.8, "vineyard_id": "V63", "row_id": "V63-R081", "reachable": true, "id": "T2509", "x": 630044.42, "y": 5219583.91, "order": null, "visited": false}}, {"type": "Feature", "geometry": {"type": "Point", "coordinates": [630034.76, 5219571.42]}, "properties": {"type": "gap", "gap_m": 3.3, "vineyard_id": "V63", "row_id": "V63-R081", "reachable": true, "id": "T2510", "x": 630034.76, "y": 5219571.42, "order": null, "visited": false}}, {"type": "Feature", "geometry": {"type": "Point", "coordinates": [630055.44, 5219592.5]}, "properties": {"type": "gap", "gap_m": 6.1, "vineyard_id": "V63", "row_id": "V63-R082", "reachable": true, "id": "T2511", "x": 630055.44, "y": 5219592.5, "order": 740, "visited": true}}, {"type": "Feature", "geometry": {"type": "Point", "coordinates": [630048.27, 5219583.16]}, "properties": {"type": "gap", "gap_m": 16.5, "vineyard_id": "V63", "row_id": "V63-R082", "reachable": true, "id": "T2512", "x": 630048.27, "y": 5219583.16, "order": 742, "visited": true}}, {"type": "Feature", "geometry": {"type": "Point", "coordinates": [630040.1, 5219572.39]}, "properties": {"type": "gap", "gap_m": 8.7, "vineyard_id": "V63", "row_id": "V63-R082", "reachable": true, "id": "T2513", "x": 630040.1, "y": 5219572.39, "order": 743, "visited": true}}, {"type": "Feature", "geometry": {"type": "Point", "coordinates": [630024.22, 5219551.42]}, "properties": {"type": "gap", "gap_m": 5.7, "vineyard_id": "V63", "row_id": "V63-R082", "reachable": true, "id": "T2514", "x": 630024.22, "y": 5219551.42, "order": null, "visited": false}}, {"type": "Feature", "geometry": {"type": "Point", "coordinates": [630058.75, 5219588.98]}, "properties": {"type": "gap", "gap_m": 7.3, "vineyard_id": "V63", "row_id": "V63-R084", "reachable": true, "id": "T2515", "x": 630058.75, "y": 5219588.98, "order": 741, "visited": true}}, {"type": "Feature", "geometry": {"type": "Point", "coordinates": [630046.75, 5219574.75]}, "properties": {"type": "gap", "gap_m": 22.7, "vineyard_id": "V63", "row_id": "V63-R084", "reachable": true, "id": "T2516", "x": 630046.75, "y": 5219574.75, "order": 744, "visited": true}}, {"type": "Feature", "geometry": {"type": "Point", "coordinates": [630027.54, 5219550.23]}, "properties": {"type": "gap", "gap_m": 3.2, "vineyard_id": "V63", "row_id": "V63-R084", "reachable": true, "id": "T2517", "x": 630027.54, "y": 5219550.23, "order": 738, "visited": true}}, {"type": "Feature", "geometry": {"type": "Point", "coordinates": [630064.82, 5219593.23]}, "properties": {"type": "gap", "gap_m": 6.4, "vineyard_id": "V63", "row_id": "V63-R085", "reachable": true, "id": "T2518", "x": 630064.82, "y": 5219593.23, "order": 739, "visited": true}}, {"type": "Feature", "geometry": {"type": "Point", "coordinates": [630055.09, 5219581.38]}, "properties": {"type": "gap", "gap_m": 8.2, "vineyard_id": "V63", "row_id": "V63-R085", "reachable": true, "id": "T2519", "x": 630055.09, "y": 5219581.38, "order": 745, "visited": true}}, {"type": "Feature", "geometry": {"type": "Point", "coordinates": [630043.25, 5219566.08]}, "properties": {"type": "gap", "gap_m": 4.9, "vineyard_id": "V63", "row_id": "V63-R085", "reachable": true, "id": "T2520", "x": 630043.25, "y": 5219566.08, "order": null, "visited": false}}, {"type": "Feature", "geometry": {"type": "Point", "coordinates": [630029.84, 5219548.74]}, "properties": {"type": "gap", "gap_m": 3.9, "vineyard_id": "V63", "row_id": "V63-R085", "reachable": true, "id": "T2521", "x": 630029.84, "y": 5219548.74, "order": null, "visited": false}}, {"type": "Feature", "geometry": {"type": "Point", "coordinates": [630061.24, 5219584.51]}, "properties": {"type": "gap", "gap_m": 3.8, "vineyard_id": "V63", "row_id": "V63-R086", "reachable": true, "id": "T2522", "x": 630061.24, "y": 5219584.51, "order": 746, "visited": true}}, {"type": "Feature", "geometry": {"type": "Point", "coordinates": [630034.07, 5219545.88]}, "properties": {"type": "gap", "gap_m": 4.6, "vineyard_id": "V63", "row_id": "V63-R087", "reachable": true, "id": "T2523", "x": 630034.07, "y": 5219545.88, "order": null, "visited": false}}, {"type": "Feature", "geometry": {"type": "Point", "coordinates": [630114.81, 5219590.0]}, "properties": {"type": "gap", "gap_m": 5.3, "vineyard_id": "V63", "row_id": "V63-R098", "reachable": true, "id": "T2524", "x": 630114.81, "y": 5219590.0, "order": 762, "visited": true}}, {"type": "Feature", "geometry": {"type": "Point", "coordinates": [630095.0, 5219591.58]}, "properties": {"type": "gap", "gap_m": 3.1, "vineyard_id": "V63", "row_id": "V63-R100", "reachable": true, "id": "T2525", "x": 630095.0, "y": 5219591.58, "order": null, "visited": false}}, {"type": "Feature", "geometry": {"type": "Point", "coordinates": [630114.38, 5219586.79]}, "properties": {"type": "gap", "gap_m": 3.9, "vineyard_id": "V63", "row_id": "V63-R100", "reachable": true, "id": "T2526", "x": 630114.38, "y": 5219586.79, "order": null, "visited": true}}, {"type": "Feature", "geometry": {"type": "Point", "coordinates": [630087.09, 5219573.14]}, "properties": {"type": "gap", "gap_m": 15.5, "vineyard_id": "V63", "row_id": "V63-R106", "reachable": true, "id": "T2527", "x": 630087.09, "y": 5219573.14, "order": 750, "visited": true}}, {"type": "Feature", "geometry": {"type": "Point", "coordinates": [630092.16, 5219575.83]}, "properties": {"type": "gap", "gap_m": 3.6, "vineyard_id": "V63", "row_id": "V63-R107", "reachable": true, "id": "T2528", "x": 630092.16, "y": 5219575.83, "order": 751, "visited": true}}, {"type": "Feature", "geometry": {"type": "Point", "coordinates": [630087.65, 5219570.01]}, "properties": {"type": "gap", "gap_m": 10.1, "vineyard_id": "V63", "row_id": "V63-R107", "reachable": true, "id": "T2529", "x": 630087.65, "y": 5219570.01, "order": 752, "visited": true}}, {"type": "Feature", "geometry": {"type": "Point", "coordinates": [630075.07, 5219553.78]}, "properties": {"type": "gap", "gap_m": 3.9, "vineyard_id": "V63", "row_id": "V63-R107", "reachable": true, "id": "T2530", "x": 630075.07, "y": 5219553.78, "order": 749, "visited": true}}, {"type": "Feature", "geometry": {"type": "Point", "coordinates": [630071.59, 5219549.28]}, "properties": {"type": "gap", "gap_m": 3.1, "vineyard_id": "V63", "row_id": "V63-R107", "reachable": true, "id": "T2531", "x": 630071.59, "y": 5219549.28, "order": 747, "visited": true}}, {"type": "Feature", "geometry": {"type": "Point", "coordinates": [630090.07, 5219568.78]}, "properties": {"type": "gap", "gap_m": 11.8, "vineyard_id": "V63", "row_id": "V63-R108", "reachable": true, "id": "T2532", "x": 630090.07, "y": 5219568.78, "order": 753, "visited": true}}, {"type": "Feature", "geometry": {"type": "Point", "coordinates": [630078.42, 5219553.77]}, "properties": {"type": "gap", "gap_m": 3.7, "vineyard_id": "V63", "row_id": "V63-R108", "reachable": true, "id": "T2533", "x": 630078.42, "y": 5219553.77, "order": 748, "visited": true}}, {"type": "Feature", "geometry": {"type": "Point", "coordinates": [630073.57, 5219547.52]}, "properties": {"type": "gap", "gap_m": 9.1, "vineyard_id": "V63", "row_id": "V63-R108", "reachable": true, "id": "T2534", "x": 630073.57, "y": 5219547.52, "order": 756, "visited": true}}, {"type": "Feature", "geometry": {"type": "Point", "coordinates": [630092.81, 5219568.3]}, "properties": {"type": "gap", "gap_m": 12.8, "vineyard_id": "V63", "row_id": "V63-R109", "reachable": true, "id": "T2535", "x": 630092.81, "y": 5219568.3, "order": 754, "visited": true}}, {"type": "Feature", "geometry": {"type": "Point", "coordinates": [630087.34, 5219561.27]}, "properties": {"type": "gap", "gap_m": 4.1, "vineyard_id": "V63", "row_id": "V63-R109", "reachable": true, "id": "T2536", "x": 630087.34, "y": 5219561.27, "order": null, "visited": true}}, {"type": "Feature", "geometry": {"type": "Point", "coordinates": [630082.82, 5219555.47]}, "properties": {"type": "gap", "gap_m": 4.4, "vineyard_id": "V63", "row_id": "V63-R109", "reachable": true, "id": "T2537", "x": 630082.82, "y": 5219555.47, "order": 755, "visited": true}}, {"type": "Feature", "geometry": {"type": "Point", "coordinates": [630077.28, 5219548.35]}, "properties": {"type": "gap", "gap_m": 3.5, "vineyard_id": "V63", "row_id": "V63-R109", "reachable": true, "id": "T2538", "x": 630077.28, "y": 5219548.35, "order": null, "visited": true}}, {"type": "Feature", "geometry": {"type": "Point", "coordinates": [630090.33, 5219561.18]}, "properties": {"type": "gap", "gap_m": 26.7, "vineyard_id": "V63", "row_id": "V63-R110", "reachable": true, "id": "T2539", "x": 630090.33, "y": 5219561.18, "order": 758, "visited": true}}, {"type": "Feature", "geometry": {"type": "Point", "coordinates": [630079.98, 5219547.9]}, "properties": {"type": "gap", "gap_m": 5.8, "vineyard_id": "V63", "row_id": "V63-R110", "reachable": true, "id": "T2540", "x": 630079.98, "y": 5219547.9, "order": 757, "visited": true}}, {"type": "Feature", "geometry": {"type": "Point", "coordinates": [630089.11, 5219555.45]}, "properties": {"type": "gap", "gap_m": 35.5, "vineyard_id": "V63", "row_id": "V63-R111", "reachable": true, "id": "T2541", "x": 630089.11, "y": 5219555.45, "order": 759, "visited": true}}, {"type": "Feature", "geometry": {"type": "Point", "coordinates": [630097.88, 5219562.56]}, "properties": {"type": "gap", "gap_m": 7.4, "vineyard_id": "V63", "row_id": "V63-R112", "reachable": true, "id": "T2542", "x": 630097.88, "y": 5219562.56, "order": 760, "visited": true}}, {"type": "Feature", "geometry": {"type": "Point", "coordinates": [630087.16, 5219548.79]}, "properties": {"type": "gap", "gap_m": 4.2, "vineyard_id": "V63", "row_id": "V63-R112", "reachable": true, "id": "T2543", "x": 630087.16, "y": 5219548.79, "order": null, "visited": false}}, {"type": "Feature", "geometry": {"type": "Point", "coordinates": [630081.75, 5219541.85]}, "properties": {"type": "gap", "gap_m": 3.0, "vineyard_id": "V63", "row_id": "V63-R112", "reachable": true, "id": "T2544", "x": 630081.75, "y": 5219541.85, "order": null, "visited": false}}, {"type": "Feature", "geometry": {"type": "Point", "coordinates": [630105.2, 5219567.56]}, "properties": {"type": "gap", "gap_m": 5.0, "vineyard_id": "V63", "row_id": "V63-R114", "reachable": true, "id": "T2545", "x": 630105.2, "y": 5219567.56, "order": 761, "visited": true}}, {"type": "Feature", "geometry": {"type": "Point", "coordinates": [630114.85, 5219565.57]}, "properties": {"type": "gap", "gap_m": 5.1, "vineyard_id": "V63", "row_id": "V63-R116", "reachable": true, "id": "T2546", "x": 630114.85, "y": 5219565.57, "order": null, "visited": false}}, {"type": "Feature", "geometry": {"type": "Point", "coordinates": [630109.58, 5219537.63]}, "properties": {"type": "gap", "gap_m": 10.2, "vineyard_id": "V63", "row_id": "V63-R121", "reachable": true, "id": "T2547", "x": 630109.58, "y": 5219537.63, "order": null, "visited": false}}, {"type": "Feature", "geometry": {"type": "Point", "coordinates": [630108.5, 5219519.06]}, "properties": {"type": "gap", "gap_m": 5.2, "vineyard_id": "V63", "row_id": "V63-R124", "reachable": true, "id": "T2548", "x": 630108.5, "y": 5219519.06, "order": null, "visited": false}}, {"type": "Feature", "geometry": {"type": "Point", "coordinates": [630120.49, 5219523.28]}, "properties": {"type": "gap", "gap_m": 5.8, "vineyard_id": "V63", "row_id": "V63-R127", "reachable": true, "id": "T2549", "x": 630120.49, "y": 5219523.28, "order": 720, "visited": true}}, {"type": "Feature", "geometry": {"type": "Point", "coordinates": [630139.85, 5219552.44]}, "properties": {"type": "gap", "gap_m": 3.4, "vineyard_id": "V63", "row_id": "V63-R128", "reachable": true, "id": "T2550", "x": 630139.85, "y": 5219552.44, "order": 652, "visited": true}}, {"type": "Feature", "geometry": {"type": "Point", "coordinates": [630132.74, 5219551.83]}, "properties": {"type": "gap", "gap_m": 4.7, "vineyard_id": "V63", "row_id": "V63-R128", "reachable": true, "id": "T2551", "x": 630132.74, "y": 5219551.83, "order": 654, "visited": true}}, {"type": "Feature", "geometry": {"type": "Point", "coordinates": [630124.26, 5219551.11]}, "properties": {"type": "gap", "gap_m": 3.4, "vineyard_id": "V63", "row_id": "V63-R128", "reachable": true, "id": "T2552", "x": 630124.26, "y": 5219551.11, "order": 656, "visited": true}}, {"type": "Feature", "geometry": {"type": "Point", "coordinates": [630142.73, 5219550.02]}, "properties": {"type": "gap", "gap_m": 3.8, "vineyard_id": "V63", "row_id": "V63-R129", "reachable": true, "id": "T2553", "x": 630142.73, "y": 5219550.02, "order": 653, "visited": true}}, {"type": "Feature", "geometry": {"type": "Point", "coordinates": [630137.77, 5219549.57]}, "properties": {"type": "gap", "gap_m": 4.6, "vineyard_id": "V63", "row_id": "V63-R129", "reachable": true, "id": "T2554", "x": 630137.77, "y": 5219549.57, "order": 661, "visited": true}}, {"type": "Feature", "geometry": {"type": "Point", "coordinates": [630125.43, 5219548.46]}, "properties": {"type": "gap", "gap_m": 3.5, "vineyard_id": "V63", "row_id": "V63-R129", "reachable": true, "id": "T2555", "x": 630125.43, "y": 5219548.46, "order": 655, "visited": true}}, {"type": "Feature", "geometry": {"type": "Point", "coordinates": [630121.61, 5219548.12]}, "properties": {"type": "gap", "gap_m": 3.1, "vineyard_id": "V63", "row_id": "V63-R129", "reachable": true, "id": "T2556", "x": 630121.61, "y": 5219548.12, "order": 657, "visited": true}}, {"type": "Feature", "geometry": {"type": "Point", "coordinates": [630143.14, 5219547.47]}, "properties": {"type": "gap", "gap_m": 9.1, "vineyard_id": "V63", "row_id": "V63-R131", "reachable": true, "id": "T2557", "x": 630143.14, "y": 5219547.47, "order": 660, "visited": true}}, {"type": "Feature", "geometry": {"type": "Point", "coordinates": [630135.69, 5219546.81]}, "properties": {"type": "gap", "gap_m": 3.4, "vineyard_id": "V63", "row_id": "V63-R131", "reachable": true, "id": "T2558", "x": 630135.69, "y": 5219546.81, "order": 662, "visited": true}}, {"type": "Feature", "geometry": {"type": "Point", "coordinates": [630131.86, 5219546.47]}, "properties": {"type": "gap", "gap_m": 3.4, "vineyard_id": "V63", "row_id": "V63-R131", "reachable": true, "id": "T2559", "x": 630131.86, "y": 5219546.47, "order": 659, "visited": true}}, {"type": "Feature", "geometry": {"type": "Point", "coordinates": [630123.49, 5219545.73]}, "properties": {"type": "gap", "gap_m": 3.3, "vineyard_id": "V63", "row_id": "V63-R131", "reachable": true, "id": "T2560", "x": 630123.49, "y": 5219545.73, "order": 658, "visited": true}}, {"type": "Feature", "geometry": {"type": "Point", "coordinates": [630124.3, 5219527.93]}, "properties": {"type": "gap", "gap_m": 5.9, "vineyard_id": "V63", "row_id": "V63-R132", "reachable": true, "id": "T2561", "x": 630124.3, "y": 5219527.93, "order": 721, "visited": true}}, {"type": "Feature", "geometry": {"type": "Point", "coordinates": [630122.76, 5219521.12]}, "properties": {"type": "gap", "gap_m": 6.4, "vineyard_id": "V63", "row_id": "V63-R132", "reachable": true, "id": "T2562", "x": 630122.76, "y": 5219521.12, "order": 716, "visited": true}}, {"type": "Feature", "geometry": {"type": "Point", "coordinates": [630121.28, 5219514.56]}, "properties": {"type": "gap", "gap_m": 5.5, "vineyard_id": "V63", "row_id": "V63-R132", "reachable": true, "id": "T2563", "x": 630121.28, "y": 5219514.56, "order": 719, "visited": true}}, {"type": "Feature", "geometry": {"type": "Point", "coordinates": [630119.84, 5219508.15]}, "properties": {"type": "gap", "gap_m": 5.9, "vineyard_id": "V63", "row_id": "V63-R132", "reachable": true, "id": "T2564", "x": 630119.84, "y": 5219508.15, "order": 718, "visited": true}}, {"type": "Feature", "geometry": {"type": "Point", "coordinates": [630145.63, 5219545.09]}, "properties": {"type": "gap", "gap_m": 9.1, "vineyard_id": "V63", "row_id": "V63-R133", "reachable": true, "id": "T2565", "x": 630145.63, "y": 5219545.09, "order": null, "visited": false}}, {"type": "Feature", "geometry": {"type": "Point", "coordinates": [630135.97, 5219544.24]}, "properties": {"type": "gap", "gap_m": 8.7, "vineyard_id": "V63", "row_id": "V63-R133", "reachable": true, "id": "T2566", "x": 630135.97, "y": 5219544.24, "order": 662, "visited": true}}, {"type": "Feature", "geometry": {"type": "Point", "coordinates": [630142.99, 5219542.72]}, "properties": {"type": "gap", "gap_m": 18.2, "vineyard_id": "V63", "row_id": "V63-R135", "reachable": true, "id": "T2567", "x": 630142.99, "y": 5219542.72, "order": 664, "visited": true}}, {"type": "Feature", "geometry": {"type": "Point", "coordinates": [630131.4, 5219541.73]}, "properties": {"type": "gap", "gap_m": 4.3, "vineyard_id": "V63", "row_id": "V63-R135", "reachable": true, "id": "T2568", "x": 630131.4, "y": 5219541.73, "order": 663, "visited": true}}, {"type": "Feature", "geometry": {"type": "Point", "coordinates": [630167.33, 5219542.57]}, "properties": {"type": "gap", "gap_m": 3.1, "vineyard_id": "V63", "row_id": "V63-R136", "reachable": true, "id": "T2569", "x": 630167.33, "y": 5219542.57, "order": 669, "visited": true}}, {"type": "Feature", "geometry": {"type": "Point", "coordinates": [630137.16, 5219539.96]}, "properties": {"type": "gap", "gap_m": 34.8, "vineyard_id": "V63", "row_id": "V63-R136", "reachable": true, "id": "T2570", "x": 630137.16, "y": 5219539.96, "order": 665, "visited": true}}, {"type": "Feature", "geometry": {"type": "Point", "coordinates": [630165.88, 5219539.98]}, "properties": {"type": "gap", "gap_m": 3.6, "vineyard_id": "V63", "row_id": "V63-R138", "reachable": true, "id": "T2571", "x": 630165.88, "y": 5219539.98, "order": 668, "visited": true}}, {"type": "Feature", "geometry": {"type": "Point", "coordinates": [630145.65, 5219538.22]}, "properties": {"type": "gap", "gap_m": 6.5, "vineyard_id": "V63", "row_id": "V63-R138", "reachable": true, "id": "T2572", "x": 630145.65, "y": 5219538.22, "order": 667, "visited": true}}, {"type": "Feature", "geometry": {"type": "Point", "coordinates": [630137.62, 5219537.53]}, "properties": {"type": "gap", "gap_m": 7.8, "vineyard_id": "V63", "row_id": "V63-R138", "reachable": true, "id": "T2573", "x": 630137.62, "y": 5219537.53, "order": 666, "visited": true}}, {"type": "Feature", "geometry": {"type": "Point", "coordinates": [630129.48, 5219536.82]}, "properties": {"type": "gap", "gap_m": 7.3, "vineyard_id": "V63", "row_id": "V63-R138", "reachable": true, "id": "T2574", "x": 630129.48, "y": 5219536.82, "order": null, "visited": false}}, {"type": "Feature", "geometry": {"type": "Point", "coordinates": [630143.14, 5219535.58]}, "properties": {"type": "gap", "gap_m": 14.0, "vineyard_id": "V63", "row_id": "V63-R139", "reachable": true, "id": "T2575", "x": 630143.14, "y": 5219535.58, "order": 711, "visited": true}}, {"type": "Feature", "geometry": {"type": "Point", "coordinates": [630131.85, 5219534.6]}, "properties": {"type": "gap", "gap_m": 7.6, "vineyard_id": "V63", "row_id": "V63-R139", "reachable": true, "id": "T2576", "x": 630131.85, "y": 5219534.6, "order": 714, "visited": true}}, {"type": "Feature", "geometry": {"type": "Point", "coordinates": [630125.24, 5219534.03]}, "properties": {"type": "gap", "gap_m": 4.1, "vineyard_id": "V63", "row_id": "V63-R139", "reachable": true, "id": "T2577", "x": 630125.24, "y": 5219534.03, "order": null, "visited": true}}, {"type": "Feature", "geometry": {"type": "Point", "coordinates": [630127.95, 5219528.02]}, "properties": {"type": "gap", "gap_m": 6.0, "vineyard_id": "V63", "row_id": "V63-R140", "reachable": true, "id": "T2578", "x": 630127.95, "y": 5219528.02, "order": 715, "visited": true}}, {"type": "Feature", "geometry": {"type": "Point", "coordinates": [630126.32, 5219520.83]}, "properties": {"type": "gap", "gap_m": 5.4, "vineyard_id": "V63", "row_id": "V63-R140", "reachable": true, "id": "T2579", "x": 630126.32, "y": 5219520.83, "order": 722, "visited": true}}, {"type": "Feature", "geometry": {"type": "Point", "coordinates": [630124.87, 5219514.44]}, "properties": {"type": "gap", "gap_m": 5.7, "vineyard_id": "V63", "row_id": "V63-R140", "reachable": true, "id": "T2580", "x": 630124.87, "y": 5219514.44, "order": 724, "visited": true}}, {"type": "Feature", "geometry": {"type": "Point", "coordinates": [630123.34, 5219507.7]}, "properties": {"type": "gap", "gap_m": 5.8, "vineyard_id": "V63", "row_id": "V63-R140", "reachable": true, "id": "T2581", "x": 630123.34, "y": 5219507.7, "order": 717, "visited": true}}, {"type": "Feature", "geometry": {"type": "Point", "coordinates": [630122.13, 5219502.37]}, "properties": {"type": "gap", "gap_m": 3.4, "vineyard_id": "V63", "row_id": "V63-R140", "reachable": true, "id": "T2582", "x": 630122.13, "y": 5219502.37, "order": null, "visited": false}}, {"type": "Feature", "geometry": {"type": "Point", "coordinates": [630130.58, 5219524.07]}, "properties": {"type": "gap", "gap_m": 12.4, "vineyard_id": "V63", "row_id": "V63-R142", "reachable": true, "id": "T2583", "x": 630130.58, "y": 5219524.07, "order": 712, "visited": true}}, {"type": "Feature", "geometry": {"type": "Point", "coordinates": [630128.33, 5219514.2]}, "properties": {"type": "gap", "gap_m": 5.5, "vineyard_id": "V63", "row_id": "V63-R142", "reachable": true, "id": "T2584", "x": 630128.33, "y": 5219514.2, "order": 723, "visited": true}}, {"type": "Feature", "geometry": {"type": "Point", "coordinates": [630125.78, 5219503.04]}, "properties": {"type": "gap", "gap_m": 4.4, "vineyard_id": "V63", "row_id": "V63-R142", "reachable": true, "id": "T2585", "x": 630125.78, "y": 5219503.04, "order": null, "visited": true}}, {"type": "Feature", "geometry": {"type": "Point", "coordinates": [630124.38, 5219496.92]}, "properties": {"type": "gap", "gap_m": 3.8, "vineyard_id": "V63", "row_id": "V63-R142", "reachable": true, "id": "T2586", "x": 630124.38, "y": 5219496.92, "order": null, "visited": true}}, {"type": "Feature", "geometry": {"type": "Point", "coordinates": [630134.79, 5219526.74]}, "properties": {"type": "gap", "gap_m": 6.2, "vineyard_id": "V63", "row_id": "V63-R143", "reachable": true, "id": "T2587", "x": 630134.79, "y": 5219526.74, "order": 710, "visited": true}}, {"type": "Feature", "geometry": {"type": "Point", "coordinates": [630133.24, 5219520.06]}, "properties": {"type": "gap", "gap_m": 6.2, "vineyard_id": "V63", "row_id": "V63-R143", "reachable": true, "id": "T2588", "x": 630133.24, "y": 5219520.06, "order": 713, "visited": true}}, {"type": "Feature", "geometry": {"type": "Point", "coordinates": [630131.66, 5219513.23]}, "properties": {"type": "gap", "gap_m": 6.7, "vineyard_id": "V63", "row_id": "V63-R143", "reachable": true, "id": "T2589", "x": 630131.66, "y": 5219513.23, "order": 709, "visited": true}}, {"type": "Feature", "geometry": {"type": "Point", "coordinates": [630129.04, 5219501.91]}, "properties": {"type": "gap", "gap_m": 4.9, "vineyard_id": "V63", "row_id": "V63-R143", "reachable": true, "id": "T2590", "x": 630129.04, "y": 5219501.91, "order": 706, "visited": true}}, {"type": "Feature", "geometry": {"type": "Point", "coordinates": [630125.42, 5219486.24]}, "properties": {"type": "gap", "gap_m": 4.4, "vineyard_id": "V63", "row_id": "V63-R143", "reachable": true, "id": "T2591", "x": 630125.42, "y": 5219486.24, "order": null, "visited": false}}, {"type": "Feature", "geometry": {"type": "Point", "coordinates": [630137.13, 5219521.16]}, "properties": {"type": "gap", "gap_m": 15.9, "vineyard_id": "V63", "row_id": "V63-R144", "reachable": true, "id": "T2592", "x": 630137.13, "y": 5219521.16, "order": 705, "visited": true}}, {"type": "Feature", "geometry": {"type": "Point", "coordinates": [630134.22, 5219508.54]}, "properties": {"type": "gap", "gap_m": 8.6, "vineyard_id": "V63", "row_id": "V63-R144", "reachable": true, "id": "T2593", "x": 630134.22, "y": 5219508.54, "order": 708, "visited": true}}, {"type": "Feature", "geometry": {"type": "Point", "coordinates": [630132.44, 5219500.87]}, "properties": {"type": "gap", "gap_m": 5.7, "vineyard_id": "V63", "row_id": "V63-R144", "reachable": true, "id": "T2594", "x": 630132.44, "y": 5219500.87, "order": 707, "visited": true}}, {"type": "Feature", "geometry": {"type": "Point", "coordinates": [630130.72, 5219493.42]}, "properties": {"type": "gap", "gap_m": 3.6, "vineyard_id": "V63", "row_id": "V63-R144", "reachable": true, "id": "T2595", "x": 630130.72, "y": 5219493.42, "order": null, "visited": false}}, {"type": "Feature", "geometry": {"type": "Point", "coordinates": [630161.9, 5219534.39]}, "properties": {"type": "gap", "gap_m": 3.4, "vineyard_id": "V63", "row_id": "V63-R145", "reachable": true, "id": "T2596", "x": 630161.9, "y": 5219534.39, "order": 675, "visited": true}}, {"type": "Feature", "geometry": {"type": "Point", "coordinates": [630141.16, 5219524.66]}, "properties": {"type": "gap", "gap_m": 6.1, "vineyard_id": "V63", "row_id": "V63-R147", "reachable": true, "id": "T2597", "x": 630141.16, "y": 5219524.66, "order": 704, "visited": true}}, {"type": "Feature", "geometry": {"type": "Point", "coordinates": [630139.03, 5219515.43]}, "properties": {"type": "gap", "gap_m": 4.4, "vineyard_id": "V63", "row_id": "V63-R147", "reachable": true, "id": "T2598", "x": 630139.03, "y": 5219515.43, "order": 702, "visited": true}}, {"type": "Feature", "geometry": {"type": "Point", "coordinates": [630137.02, 5219506.7]}, "properties": {"type": "gap", "gap_m": 7.8, "vineyard_id": "V63", "row_id": "V63-R147", "reachable": true, "id": "T2599", "x": 630137.02, "y": 5219506.7, "order": 701, "visited": true}}, {"type": "Feature", "geometry": {"type": "Point", "coordinates": [630135.23, 5219498.96]}, "properties": {"type": "gap", "gap_m": 6.0, "vineyard_id": "V63", "row_id": "V63-R147", "reachable": true, "id": "T2600", "x": 630135.23, "y": 5219498.96, "order": null, "visited": true}}, {"type": "Feature", "geometry": {"type": "Point", "coordinates": [630133.82, 5219492.87]}, "properties": {"type": "gap", "gap_m": 4.6, "vineyard_id": "V63", "row_id": "V63-R147", "reachable": true, "id": "T2601", "x": 630133.82, "y": 5219492.87, "order": 700, "visited": true}}, {"type": "Feature", "geometry": {"type": "Point", "coordinates": [630146.46, 5219529.63]}, "properties": {"type": "gap", "gap_m": 4.2, "vineyard_id": "V63", "row_id": "V63-R149", "reachable": true, "id": "T2602", "x": 630146.46, "y": 5219529.63, "order": 703, "visited": true}}, {"type": "Feature", "geometry": {"type": "Point", "coordinates": [630140.83, 5219505.12]}, "properties": {"type": "gap", "gap_m": 3.8, "vineyard_id": "V63", "row_id": "V63-R149", "reachable": true, "id": "T2603", "x": 630140.83, "y": 5219505.12, "order": 697, "visited": true}}, {"type": "Feature", "geometry": {"type": "Point", "coordinates": [630139.89, 5219501.01]}, "properties": {"type": "gap", "gap_m": 3.4, "vineyard_id": "V63", "row_id": "V63-R149", "reachable": true, "id": "T2604", "x": 630139.89, "y": 5219501.01, "order": 698, "visited": true}}, {"type": "Feature", "geometry": {"type": "Point", "coordinates": [630138.13, 5219493.36]}, "properties": {"type": "gap", "gap_m": 11.2, "vineyard_id": "V63", "row_id": "V63-R149", "reachable": true, "id": "T2605", "x": 630138.13, "y": 5219493.36, "order": 699, "visited": true}}, {"type": "Feature", "geometry": {"type": "Point", "coordinates": [630136.25, 5219485.17]}, "properties": {"type": "gap", "gap_m": 3.2, "vineyard_id": "V63", "row_id": "V63-R149", "reachable": true, "id": "T2606", "x": 630136.25, "y": 5219485.17, "order": null, "visited": false}}, {"type": "Feature", "geometry": {"type": "Point", "coordinates": [630145.34, 5219508.53]}, "properties": {"type": "gap", "gap_m": 12.1, "vineyard_id": "V63", "row_id": "V63-R151", "reachable": true, "id": "T2607", "x": 630145.34, "y": 5219508.53, "order": 696, "visited": true}}, {"type": "Feature", "geometry": {"type": "Point", "coordinates": [630142.28, 5219495.1]}, "properties": {"type": "gap", "gap_m": 11.7, "vineyard_id": "V63", "row_id": "V63-R151", "reachable": true, "id": "T2608", "x": 630142.28, "y": 5219495.1, "order": 694, "visited": true}}, {"type": "Feature", "geometry": {"type": "Point", "coordinates": [630149.02, 5219510.96]}, "properties": {"type": "gap", "gap_m": 5.3, "vineyard_id": "V63", "row_id": "V63-R152", "reachable": true, "id": "T2609", "x": 630149.02, "y": 5219510.96, "order": 692, "visited": true}}, {"type": "Feature", "geometry": {"type": "Point", "coordinates": [630147.21, 5219503.03]}, "properties": {"type": "gap", "gap_m": 9.8, "vineyard_id": "V63", "row_id": "V63-R152", "reachable": true, "id": "T2610", "x": 630147.21, "y": 5219503.03, "order": 695, "visited": true}}, {"type": "Feature", "geometry": {"type": "Point", "coordinates": [630151.51, 5219505.79]}, "properties": {"type": "gap", "gap_m": 12.0, "vineyard_id": "V63", "row_id": "V63-R153", "reachable": true, "id": "T2611", "x": 630151.51, "y": 5219505.79, "order": 691, "visited": true}}, {"type": "Feature", "geometry": {"type": "Point", "coordinates": [630146.97, 5219485.77]}, "properties": {"type": "gap", "gap_m": 5.6, "vineyard_id": "V63", "row_id": "V63-R153", "reachable": true, "id": "T2612", "x": 630146.97, "y": 5219485.77, "order": 693, "visited": true}}, {"type": "Feature", "geometry": {"type": "Point", "coordinates": [630159.92, 5219527.1]}, "properties": {"type": "gap", "gap_m": 3.1, "vineyard_id": "V63", "row_id": "V63-R155", "reachable": true, "id": "T2613", "x": 630159.92, "y": 5219527.1, "order": null, "visited": false}}, {"type": "Feature", "geometry": {"type": "Point", "coordinates": [630156.67, 5219512.76]}, "properties": {"type": "gap", "gap_m": 3.3, "vineyard_id": "V63", "row_id": "V63-R155", "reachable": true, "id": "T2614", "x": 630156.67, "y": 5219512.76, "order": 687, "visited": true}}, {"type": "Feature", "geometry": {"type": "Point", "coordinates": [630155.52, 5219507.68]}, "properties": {"type": "gap", "gap_m": 3.9, "vineyard_id": "V63", "row_id": "V63-R155", "reachable": true, "id": "T2615", "x": 630155.52, "y": 5219507.68, "order": 688, "visited": true}}, {"type": "Feature", "geometry": {"type": "Point", "coordinates": [630153.22, 5219497.55]}, "properties": {"type": "gap", "gap_m": 15.4, "vineyard_id": "V63", "row_id": "V63-R155", "reachable": true, "id": "T2616", "x": 630153.22, "y": 5219497.55, "order": 690, "visited": true}}, {"type": "Feature", "geometry": {"type": "Point", "coordinates": [630160.48, 5219512.2]}, "properties": {"type": "gap", "gap_m": 8.9, "vineyard_id": "V63", "row_id": "V63-R156", "reachable": true, "id": "T2617", "x": 630160.48, "y": 5219512.2, "order": 686, "visited": true}}, {"type": "Feature", "geometry": {"type": "Point", "coordinates": [630157.44, 5219498.91]}, "properties": {"type": "gap", "gap_m": 8.1, "vineyard_id": "V63", "row_id": "V63-R156", "reachable": true, "id": "T2618", "x": 630157.44, "y": 5219498.91, "order": 689, "visited": true}}, {"type": "Feature", "geometry": {"type": "Point", "coordinates": [630165.19, 5219519.13]}, "properties": {"type": "gap", "gap_m": 3.7, "vineyard_id": "V63", "row_id": "V63-R157", "reachable": true, "id": "T2619", "x": 630165.19, "y": 5219519.13, "order": 676, "visited": true}}, {"type": "Feature", "geometry": {"type": "Point", "coordinates": [630164.15, 5219514.57]}, "properties": {"type": "gap", "gap_m": 3.9, "vineyard_id": "V63", "row_id": "V63-R157", "reachable": true, "id": "T2620", "x": 630164.15, "y": 5219514.57, "order": 678, "visited": true}}, {"type": "Feature", "geometry": {"type": "Point", "coordinates": [630163.22, 5219510.5]}, "properties": {"type": "gap", "gap_m": 3.8, "vineyard_id": "V63", "row_id": "V63-R157", "reachable": true, "id": "T2621", "x": 630163.22, "y": 5219510.5, "order": 685, "visited": true}}, {"type": "Feature", "geometry": {"type": "Point", "coordinates": [630161.55, 5219503.17]}, "properties": {"type": "gap", "gap_m": 8.3, "vineyard_id": "V63", "row_id": "V63-R157", "reachable": true, "id": "T2622", "x": 630161.55, "y": 5219503.17, "order": 679, "visited": true}}, {"type": "Feature", "geometry": {"type": "Point", "coordinates": [630158.43, 5219489.48]}, "properties": {"type": "gap", "gap_m": 4.7, "vineyard_id": "V63", "row_id": "V63-R157", "reachable": true, "id": "T2623", "x": 630158.43, "y": 5219489.48, "order": 684, "visited": true}}, {"type": "Feature", "geometry": {"type": "Point", "coordinates": [630170.9, 5219514.31]}, "properties": {"type": "gap", "gap_m": 7.7, "vineyard_id": "V63", "row_id": "V63-R158", "reachable": true, "id": "T2624", "x": 630170.9, "y": 5219514.31, "order": null, "visited": false}}, {"type": "Feature", "geometry": {"type": "Point", "coordinates": [630166.78, 5219513.42]}, "properties": {"type": "gap", "gap_m": 8.0, "vineyard_id": "V63", "row_id": "V63-R159", "reachable": true, "id": "T2625", "x": 630166.78, "y": 5219513.42, "order": 677, "visited": true}}, {"type": "Feature", "geometry": {"type": "Point", "coordinates": [630162.0, 5219492.22]}, "properties": {"type": "gap", "gap_m": 9.5, "vineyard_id": "V63", "row_id": "V63-R159", "reachable": true, "id": "T2626", "x": 630162.0, "y": 5219492.22, "order": 680, "visited": true}}, {"type": "Feature", "geometry": {"type": "Point", "coordinates": [630173.23, 5219516.33]}, "properties": {"type": "gap", "gap_m": 4.0, "vineyard_id": "V63", "row_id": "V63-R160", "reachable": true, "id": "T2627", "x": 630173.23, "y": 5219516.33, "order": null, "visited": false}}, {"type": "Feature", "geometry": {"type": "Point", "coordinates": [630171.52, 5219501.93]}, "properties": {"type": "gap", "gap_m": 7.1, "vineyard_id": "V63", "row_id": "V63-R160", "reachable": true, "id": "T2628", "x": 630171.52, "y": 5219501.93, "order": 465, "visited": true}}, {"type": "Feature", "geometry": {"type": "Point", "coordinates": [630174.65, 5219501.89]}, "properties": {"type": "gap", "gap_m": 6.1, "vineyard_id": "V63", "row_id": "V63-R161", "reachable": true, "id": "T2629", "x": 630174.65, "y": 5219501.89, "order": 464, "visited": true}}, {"type": "Feature", "geometry": {"type": "Point", "coordinates": [630166.09, 5219494.6]}, "properties": {"type": "gap", "gap_m": 5.2, "vineyard_id": "V63", "row_id": "V63-R162", "reachable": true, "id": "T2630", "x": 630166.09, "y": 5219494.6, "order": 466, "visited": true}}, {"type": "Feature", "geometry": {"type": "Point", "coordinates": [630164.78, 5219488.83]}, "properties": {"type": "gap", "gap_m": 3.6, "vineyard_id": "V63", "row_id": "V63-R162", "reachable": true, "id": "T2631", "x": 630164.78, "y": 5219488.83, "order": null, "visited": true}}, {"type": "Feature", "geometry": {"type": "Point", "coordinates": [630178.54, 5219515.55]}, "properties": {"type": "gap", "gap_m": 6.4, "vineyard_id": "V63", "row_id": "V63-R163", "reachable": true, "id": "T2632", "x": 630178.54, "y": 5219515.55, "order": 463, "visited": true}}, {"type": "Feature", "geometry": {"type": "Point", "coordinates": [630175.23, 5219488.26]}, "properties": {"type": "gap", "gap_m": 7.1, "vineyard_id": "V63", "row_id": "V63-R163", "reachable": true, "id": "T2633", "x": 630175.23, "y": 5219488.26, "order": null, "visited": true}}, {"type": "Feature", "geometry": {"type": "Point", "coordinates": [630179.22, 5219499.77]}, "properties": {"type": "gap", "gap_m": 4.1, "vineyard_id": "V63", "row_id": "V63-R164", "reachable": true, "id": "T2634", "x": 630179.22, "y": 5219499.77, "order": null, "visited": true}}, {"type": "Feature", "geometry": {"type": "Point", "coordinates": [630177.92, 5219489.09]}, "properties": {"type": "gap", "gap_m": 3.1, "vineyard_id": "V63", "row_id": "V63-R164", "reachable": true, "id": "T2635", "x": 630177.92, "y": 5219489.09, "order": null, "visited": true}}, {"type": "Feature", "geometry": {"type": "Point", "coordinates": [630167.75, 5219486.43]}, "properties": {"type": "gap", "gap_m": 6.7, "vineyard_id": "V63", "row_id": "V63-R165", "reachable": true, "id": "T2636", "x": 630167.75, "y": 5219486.43, "order": 467, "visited": true}}, {"type": "Feature", "geometry": {"type": "Point", "coordinates": [630183.66, 5219491.62]}, "properties": {"type": "gap", "gap_m": 4.0, "vineyard_id": "V63", "row_id": "V63-R167", "reachable": true, "id": "T2637", "x": 630183.66, "y": 5219491.62, "order": null, "visited": false}}, {"type": "Feature", "geometry": {"type": "Point", "coordinates": [630192.18, 5219527.06]}, "properties": {"type": "gap", "gap_m": 10.3, "vineyard_id": "V63", "row_id": "V63-R169", "reachable": true, "id": "T2638", "x": 630192.18, "y": 5219527.06, "order": 455, "visited": true}}, {"type": "Feature", "geometry": {"type": "Point", "coordinates": [630189.45, 5219504.53]}, "properties": {"type": "gap", "gap_m": 3.1, "vineyard_id": "V63", "row_id": "V63-R169", "reachable": true, "id": "T2639", "x": 630189.45, "y": 5219504.53, "order": null, "visited": false}}, {"type": "Feature", "geometry": {"type": "Point", "coordinates": [630195.4, 5219524.49]}, "properties": {"type": "gap", "gap_m": 10.3, "vineyard_id": "V63", "row_id": "V63-R171", "reachable": true, "id": "T2640", "x": 630195.4, "y": 5219524.49, "order": 456, "visited": true}}, {"type": "Feature", "geometry": {"type": "Point", "coordinates": [630192.99, 5219504.36]}, "properties": {"type": "gap", "gap_m": 6.4, "vineyard_id": "V63", "row_id": "V63-R171", "reachable": true, "id": "T2641", "x": 630192.99, "y": 5219504.36, "order": 458, "visited": true}}, {"type": "Feature", "geometry": {"type": "Point", "coordinates": [630191.35, 5219490.58]}, "properties": {"type": "gap", "gap_m": 7.7, "vineyard_id": "V63", "row_id": "V63-R171", "reachable": true, "id": "T2642", "x": 630191.35, "y": 5219490.58, "order": 459, "visited": true}}, {"type": "Feature", "geometry": {"type": "Point", "coordinates": [630190.62, 5219484.54]}, "properties": {"type": "gap", "gap_m": 3.4, "vineyard_id": "V63", "row_id": "V63-R171", "reachable": true, "id": "T2643", "x": 630190.62, "y": 5219484.54, "order": null, "visited": true}}, {"type": "Feature", "geometry": {"type": "Point", "coordinates": [630174.46, 5219479.91]}, "properties": {"type": "gap", "gap_m": 4.3, "vineyard_id": "V63", "row_id": "V63-R172", "reachable": true, "id": "T2644", "x": 630174.46, "y": 5219479.91, "order": 462, "visited": true}}, {"type": "Feature", "geometry": {"type": "Point", "coordinates": [630197.69, 5219522.5]}, "properties": {"type": "gap", "gap_m": 7.5, "vineyard_id": "V63", "row_id": "V63-R173", "reachable": true, "id": "T2645", "x": 630197.69, "y": 5219522.5, "order": 457, "visited": true}}, {"type": "Feature", "geometry": {"type": "Point", "coordinates": [630193.87, 5219490.84]}, "properties": {"type": "gap", "gap_m": 4.0, "vineyard_id": "V63", "row_id": "V63-R173", "reachable": true, "id": "T2646", "x": 630193.87, "y": 5219490.84, "order": null, "visited": false}}, {"type": "Feature", "geometry": {"type": "Point", "coordinates": [630197.21, 5219499.74]}, "properties": {"type": "gap", "gap_m": 3.4, "vineyard_id": "V63", "row_id": "V63-R174", "reachable": true, "id": "T2647", "x": 630197.21, "y": 5219499.74, "order": null, "visited": true}}, {"type": "Feature", "geometry": {"type": "Point", "coordinates": [630175.48, 5219478.15]}, "properties": {"type": "gap", "gap_m": 7.8, "vineyard_id": "V63", "row_id": "V63-R175", "reachable": true, "id": "T2648", "x": 630175.48, "y": 5219478.15, "order": 462, "visited": true}}, {"type": "Feature", "geometry": {"type": "Point", "coordinates": [630198.23, 5219487.28]}, "properties": {"type": "gap", "gap_m": 9.0, "vineyard_id": "V63", "row_id": "V63-R176", "reachable": true, "id": "T2649", "x": 630198.23, "y": 5219487.28, "order": 570, "visited": true}}, {"type": "Feature", "geometry": {"type": "Point", "coordinates": [630180.36, 5219479.55]}, "properties": {"type": "gap", "gap_m": 4.0, "vineyard_id": "V63", "row_id": "V63-R177", "reachable": true, "id": "T2650", "x": 630180.36, "y": 5219479.55, "order": null, "visited": false}}, {"type": "Feature", "geometry": {"type": "Point", "coordinates": [630173.86, 5219473.77]}, "properties": {"type": "gap", "gap_m": 4.3, "vineyard_id": "V63", "row_id": "V63-R177", "reachable": true, "id": "T2651", "x": 630173.86, "y": 5219473.77, "order": 461, "visited": true}}, {"type": "Feature", "geometry": {"type": "Point", "coordinates": [630201.96, 5219495.73]}, "properties": {"type": "gap", "gap_m": 4.3, "vineyard_id": "V63", "row_id": "V63-R178", "reachable": true, "id": "T2652", "x": 630201.96, "y": 5219495.73, "order": null, "visited": false}}, {"type": "Feature", "geometry": {"type": "Point", "coordinates": [630175.75, 5219472.92]}, "properties": {"type": "gap", "gap_m": 7.9, "vineyard_id": "V63", "row_id": "V63-R179", "reachable": true, "id": "T2653", "x": 630175.75, "y": 5219472.92, "order": 461, "visited": true}}, {"type": "Feature", "geometry": {"type": "Point", "coordinates": [630175.92, 5219469.87]}, "properties": {"type": "gap", "gap_m": 11.1, "vineyard_id": "V63", "row_id": "V63-R180", "reachable": true, "id": "T2654", "x": 630175.92, "y": 5219469.87, "order": 460, "visited": true}}, {"type": "Feature", "geometry": {"type": "Point", "coordinates": [630177.35, 5219467.67]}, "properties": {"type": "gap", "gap_m": 3.0, "vineyard_id": "V63", "row_id": "V63-R181", "reachable": true, "id": "T2655", "x": 630177.35, "y": 5219467.67, "order": null, "visited": false}}, {"type": "Feature", "geometry": {"type": "Point", "coordinates": [630190.61, 5219475.26]}, "properties": {"type": "gap", "gap_m": 4.2, "vineyard_id": "V63", "row_id": "V63-R182", "reachable": true, "id": "T2656", "x": 630190.61, "y": 5219475.26, "order": null, "visited": false}}, {"type": "Feature", "geometry": {"type": "Point", "coordinates": [630196.81, 5219478.34]}, "properties": {"type": "gap", "gap_m": 4.5, "vineyard_id": "V63", "row_id": "V63-R183", "reachable": true, "id": "T2657", "x": 630196.81, "y": 5219478.34, "order": null, "visited": false}}, {"type": "Feature", "geometry": {"type": "Point", "coordinates": [630190.5, 5219472.74]}, "properties": {"type": "gap", "gap_m": 3.4, "vineyard_id": "V63", "row_id": "V63-R183", "reachable": true, "id": "T2658", "x": 630190.5, "y": 5219472.74, "order": null, "visited": true}}, {"type": "Feature", "geometry": {"type": "Point", "coordinates": [630191.21, 5219471.04]}, "properties": {"type": "gap", "gap_m": 9.0, "vineyard_id": "V63", "row_id": "V63-R184", "reachable": true, "id": "T2659", "x": 630191.21, "y": 5219471.04, "order": null, "visited": true}}, {"type": "Feature", "geometry": {"type": "Point", "coordinates": [630203.62, 5219479.76]}, "properties": {"type": "gap", "gap_m": 4.3, "vineyard_id": "V63", "row_id": "V63-R185", "reachable": true, "id": "T2660", "x": 630203.62, "y": 5219479.76, "order": null, "visited": false}}, {"type": "Feature", "geometry": {"type": "Point", "coordinates": [630198.95, 5219475.63]}, "properties": {"type": "gap", "gap_m": 3.6, "vineyard_id": "V63", "row_id": "V63-R185", "reachable": true, "id": "T2661", "x": 630198.95, "y": 5219475.63, "order": 568, "visited": true}}, {"type": "Feature", "geometry": {"type": "Point", "coordinates": [630194.78, 5219471.93]}, "properties": {"type": "gap", "gap_m": 3.1, "vineyard_id": "V63", "row_id": "V63-R185", "reachable": true, "id": "T2662", "x": 630194.78, "y": 5219471.93, "order": null, "visited": true}}, {"type": "Feature", "geometry": {"type": "Point", "coordinates": [630186.39, 5219464.49]}, "properties": {"type": "gap", "gap_m": 6.1, "vineyard_id": "V63", "row_id": "V63-R185", "reachable": true, "id": "T2663", "x": 630186.39, "y": 5219464.49, "order": 569, "visited": true}}, {"type": "Feature", "geometry": {"type": "Point", "coordinates": [630199.91, 5219474.06]}, "properties": {"type": "gap", "gap_m": 3.8, "vineyard_id": "V63", "row_id": "V63-R186", "reachable": true, "id": "T2664", "x": 630199.91, "y": 5219474.06, "order": 568, "visited": true}}, {"type": "Feature", "geometry": {"type": "Point", "coordinates": [630192.22, 5219467.23]}, "properties": {"type": "gap", "gap_m": 3.4, "vineyard_id": "V63", "row_id": "V63-R186", "reachable": true, "id": "T2665", "x": 630192.22, "y": 5219467.23, "order": 567, "visited": true}}, {"type": "Feature", "geometry": {"type": "Point", "coordinates": [630188.36, 5219463.8]}, "properties": {"type": "gap", "gap_m": 5.6, "vineyard_id": "V63", "row_id": "V63-R186", "reachable": true, "id": "T2666", "x": 630188.36, "y": 5219463.8, "order": 569, "visited": true}}, {"type": "Feature", "geometry": {"type": "Point", "coordinates": [630200.61, 5219472.1]}, "properties": {"type": "gap", "gap_m": 3.2, "vineyard_id": "V63", "row_id": "V63-R187", "reachable": true, "id": "T2667", "x": 630200.61, "y": 5219472.1, "order": null, "visited": false}}, {"type": "Feature", "geometry": {"type": "Point", "coordinates": [630192.0, 5219464.48]}, "properties": {"type": "gap", "gap_m": 5.9, "vineyard_id": "V63", "row_id": "V63-R187", "reachable": true, "id": "T2668", "x": 630192.0, "y": 5219464.48, "order": 566, "visited": true}}, {"type": "Feature", "geometry": {"type": "Point", "coordinates": [630187.27, 5219460.28]}, "properties": {"type": "gap", "gap_m": 5.7, "vineyard_id": "V63", "row_id": "V63-R187", "reachable": true, "id": "T2669", "x": 630187.27, "y": 5219460.28, "order": null, "visited": false}}, {"type": "Feature", "geometry": {"type": "Point", "coordinates": [630208.75, 5219476.53]}, "properties": {"type": "gap", "gap_m": 4.0, "vineyard_id": "V63", "row_id": "V63-R188", "reachable": true, "id": "T2670", "x": 630208.75, "y": 5219476.53, "order": null, "visited": false}}, {"type": "Feature", "geometry": {"type": "Point", "coordinates": [630190.03, 5219459.94]}, "properties": {"type": "gap", "gap_m": 10.0, "vineyard_id": "V63", "row_id": "V63-R188", "reachable": true, "id": "T2671", "x": 630190.03, "y": 5219459.94, "order": 565, "visited": true}}, {"type": "Feature", "geometry": {"type": "Point", "coordinates": [630193.64, 5219460.01]}, "properties": {"type": "gap", "gap_m": 4.5, "vineyard_id": "V63", "row_id": "V63-R189", "reachable": true, "id": "T2672", "x": 630193.64, "y": 5219460.01, "order": null, "visited": false}}, {"type": "Feature", "geometry": {"type": "Point", "coordinates": [630181.4, 5219449.14]}, "properties": {"type": "gap", "gap_m": 3.5, "vineyard_id": "V63", "row_id": "V63-R189", "reachable": true, "id": "T2673", "x": 630181.4, "y": 5219449.14, "order": null, "visited": true}}, {"type": "Feature", "geometry": {"type": "Point", "coordinates": [630201.26, 5219463.65]}, "properties": {"type": "gap", "gap_m": 7.1, "vineyard_id": "V63", "row_id": "V63-R190", "reachable": true, "id": "T2674", "x": 630201.26, "y": 5219463.65, "order": null, "visited": false}}, {"type": "Feature", "geometry": {"type": "Point", "coordinates": [630196.12, 5219456.55]}, "properties": {"type": "gap", "gap_m": 4.2, "vineyard_id": "V63", "row_id": "V63-R191", "reachable": true, "id": "T2675", "x": 630196.12, "y": 5219456.55, "order": null, "visited": false}}, {"type": "Feature", "geometry": {"type": "Point", "coordinates": [630191.23, 5219449.0]}, "properties": {"type": "gap", "gap_m": 3.5, "vineyard_id": "V63", "row_id": "V63-R192", "reachable": true, "id": "T2676", "x": 630191.23, "y": 5219449.0, "order": null, "visited": false}}, {"type": "Feature", "geometry": {"type": "Point", "coordinates": [630216.89, 5219462.24]}, "properties": {"type": "gap", "gap_m": 3.2, "vineyard_id": "V63", "row_id": "V63-R196", "reachable": true, "id": "T2677", "x": 630216.89, "y": 5219462.24, "order": null, "visited": true}}, {"type": "Feature", "geometry": {"type": "Point", "coordinates": [630201.56, 5219440.93]}, "properties": {"type": "gap", "gap_m": 3.4, "vineyard_id": "V63", "row_id": "V63-R198", "reachable": true, "id": "T2678", "x": 630201.56, "y": 5219440.93, "order": null, "visited": false}}, {"type": "Feature", "geometry": {"type": "Point", "coordinates": [630216.96, 5219451.3]}, "properties": {"type": "gap", "gap_m": 4.6, "vineyard_id": "V63", "row_id": "V63-R199", "reachable": true, "id": "T2679", "x": 630216.96, "y": 5219451.3, "order": null, "visited": false}}, {"type": "Feature", "geometry": {"type": "Point", "coordinates": [630209.56, 5219444.75]}, "properties": {"type": "gap", "gap_m": 4.7, "vineyard_id": "V63", "row_id": "V63-R199", "reachable": true, "id": "T2680", "x": 630209.56, "y": 5219444.75, "order": null, "visited": false}}, {"type": "Feature", "geometry": {"type": "Point", "coordinates": [630173.16, 5219426.16]}, "properties": {"type": "gap", "gap_m": 5.7, "vineyard_id": "V63", "row_id": "V63-R200", "reachable": true, "id": "T2681", "x": 630173.16, "y": 5219426.16, "order": 476, "visited": true}}, {"type": "Feature", "geometry": {"type": "Point", "coordinates": [630205.58, 5219421.06]}, "properties": {"type": "gap", "gap_m": 3.3, "vineyard_id": "V63", "row_id": "V63-R200", "reachable": true, "id": "T2682", "x": 630205.58, "y": 5219421.06, "order": null, "visited": false}}, {"type": "Feature", "geometry": {"type": "Point", "coordinates": [630214.37, 5219447.17]}, "properties": {"type": "gap", "gap_m": 5.1, "vineyard_id": "V63", "row_id": "V63-R201", "reachable": true, "id": "T2683", "x": 630214.37, "y": 5219447.17, "order": 498, "visited": true}}, {"type": "Feature", "geometry": {"type": "Point", "coordinates": [630210.99, 5219444.16]}, "properties": {"type": "gap", "gap_m": 3.0, "vineyard_id": "V63", "row_id": "V63-R201", "reachable": true, "id": "T2684", "x": 630210.99, "y": 5219444.16, "order": 497, "visited": true}}, {"type": "Feature", "geometry": {"type": "Point", "coordinates": [630213.06, 5219423.97]}, "properties": {"type": "gap", "gap_m": 7.8, "vineyard_id": "V63", "row_id": "V63-R202", "reachable": true, "id": "T2685", "x": 630213.06, "y": 5219423.97, "order": 478, "visited": true}}, {"type": "Feature", "geometry": {"type": "Point", "coordinates": [630210.94, 5219440.79]}, "properties": {"type": "gap", "gap_m": 5.0, "vineyard_id": "V63", "row_id": "V63-R203", "reachable": true, "id": "T2686", "x": 630210.94, "y": 5219440.79, "order": 495, "visited": true}}, {"type": "Feature", "geometry": {"type": "Point", "coordinates": [630174.87, 5219422.36]}, "properties": {"type": "gap", "gap_m": 7.3, "vineyard_id": "V63", "row_id": "V63-R204", "reachable": true, "id": "T2687", "x": 630174.87, "y": 5219422.36, "order": null, "visited": false}}, {"type": "Feature", "geometry": {"type": "Point", "coordinates": [630174.72, 5219420.56]}, "properties": {"type": "gap", "gap_m": 4.3, "vineyard_id": "V63", "row_id": "V63-R205", "reachable": true, "id": "T2688", "x": 630174.72, "y": 5219420.56, "order": null, "visited": false}}, {"type": "Feature", "geometry": {"type": "Point", "coordinates": [630214.12, 5219414.32]}, "properties": {"type": "gap", "gap_m": 3.9, "vineyard_id": "V63", "row_id": "V63-R205", "reachable": true, "id": "T2689", "x": 630214.12, "y": 5219414.32, "order": 502, "visited": true}}, {"type": "Feature", "geometry": {"type": "Point", "coordinates": [630200.89, 5219428.37]}, "properties": {"type": "gap", "gap_m": 3.2, "vineyard_id": "V63", "row_id": "V63-R206", "reachable": true, "id": "T2690", "x": 630200.89, "y": 5219428.37, "order": 477, "visited": true}}, {"type": "Feature", "geometry": {"type": "Point", "coordinates": [630214.54, 5219426.3]}, "properties": {"type": "gap", "gap_m": 5.5, "vineyard_id": "V63", "row_id": "V63-R206", "reachable": true, "id": "T2691", "x": 630214.54, "y": 5219426.3, "order": 479, "visited": true}}, {"type": "Feature", "geometry": {"type": "Point", "coordinates": [630209.13, 5219434.57]}, "properties": {"type": "gap", "gap_m": 3.3, "vineyard_id": "V63", "row_id": "V63-R207", "reachable": true, "id": "T2692", "x": 630209.13, "y": 5219434.57, "order": 496, "visited": true}}, {"type": "Feature", "geometry": {"type": "Point", "coordinates": [630216.09, 5219436.79]}, "properties": {"type": "gap", "gap_m": 3.6, "vineyard_id": "V63", "row_id": "V63-R208", "reachable": true, "id": "T2693", "x": 630216.09, "y": 5219436.79, "order": null, "visited": false}}, {"type": "Feature", "geometry": {"type": "Point", "coordinates": [630215.61, 5219433.22]}, "properties": {"type": "gap", "gap_m": 3.5, "vineyard_id": "V63", "row_id": "V63-R209", "reachable": true, "id": "T2694", "x": 630215.61, "y": 5219433.22, "order": 483, "visited": true}}, {"type": "Feature", "geometry": {"type": "Point", "coordinates": [630236.98, 5219470.13]}, "properties": {"type": "gap", "gap_m": 3.3, "vineyard_id": "V63", "row_id": "V63-R212", "reachable": true, "id": "T2695", "x": 630236.98, "y": 5219470.13, "order": null, "visited": false}}, {"type": "Feature", "geometry": {"type": "Point", "coordinates": [630254.81, 5219462.76]}, "properties": {"type": "gap", "gap_m": 3.9, "vineyard_id": "V63", "row_id": "V63-R212", "reachable": true, "id": "T2696", "x": 630254.81, "y": 5219462.76, "order": null, "visited": false}}, {"type": "Feature", "geometry": {"type": "Point", "coordinates": [630239.16, 5219466.45]}, "properties": {"type": "gap", "gap_m": 6.0, "vineyard_id": "V63", "row_id": "V63-R215", "reachable": true, "id": "T2697", "x": 630239.16, "y": 5219466.45, "order": null, "visited": false}}, {"type": "Feature", "geometry": {"type": "Point", "coordinates": [630227.81, 5219467.71]}, "properties": {"type": "gap", "gap_m": 3.2, "vineyard_id": "V63", "row_id": "V63-R217", "reachable": true, "id": "T2698", "x": 630227.81, "y": 5219467.71, "order": null, "visited": false}}, {"type": "Feature", "geometry": {"type": "Point", "coordinates": [630242.32, 5219456.94]}, "properties": {"type": "gap", "gap_m": 5.6, "vineyard_id": "V63", "row_id": "V63-R220", "reachable": true, "id": "T2699", "x": 630242.32, "y": 5219456.94, "order": 135, "visited": true}}, {"type": "Feature", "geometry": {"type": "Point", "coordinates": [630227.26, 5219435.96]}, "properties": {"type": "gap", "gap_m": 3.4, "vineyard_id": "V63", "row_id": "V63-R221", "reachable": true, "id": "T2700", "x": 630227.26, "y": 5219435.96, "order": 482, "visited": true}}, {"type": "Feature", "geometry": {"type": "Point", "coordinates": [630235.9, 5219432.38]}, "properties": {"type": "gap", "gap_m": 4.7, "vineyard_id": "V63", "row_id": "V63-R221", "reachable": true, "id": "T2701", "x": 630235.9, "y": 5219432.38, "order": 481, "visited": true}}, {"type": "Feature", "geometry": {"type": "Point", "coordinates": [630224.03, 5219461.72]}, "properties": {"type": "gap", "gap_m": 3.5, "vineyard_id": "V63", "row_id": "V63-R223", "reachable": true, "id": "T2702", "x": 630224.03, "y": 5219461.72, "order": 134, "visited": true}}, {"type": "Feature", "geometry": {"type": "Point", "coordinates": [630239.31, 5219455.4]}, "properties": {"type": "gap", "gap_m": 3.1, "vineyard_id": "V63", "row_id": "V63-R223", "reachable": true, "id": "T2703", "x": 630239.31, "y": 5219455.4, "order": null, "visited": true}}, {"type": "Feature", "geometry": {"type": "Point", "coordinates": [630244.23, 5219453.37]}, "properties": {"type": "gap", "gap_m": 6.5, "vineyard_id": "V63", "row_id": "V63-R223", "reachable": true, "id": "T2704", "x": 630244.23, "y": 5219453.37, "order": 136, "visited": true}}, {"type": "Feature", "geometry": {"type": "Point", "coordinates": [630227.81, 5219438.68]}, "properties": {"type": "gap", "gap_m": 10.7, "vineyard_id": "V63", "row_id": "V63-R224", "reachable": true, "id": "T2705", "x": 630227.81, "y": 5219438.68, "order": 484, "visited": true}}, {"type": "Feature", "geometry": {"type": "Point", "coordinates": [630238.52, 5219434.25]}, "properties": {"type": "gap", "gap_m": 4.0, "vineyard_id": "V63", "row_id": "V63-R224", "reachable": true, "id": "T2706", "x": 630238.52, "y": 5219434.25, "order": 485, "visited": true}}, {"type": "Feature", "geometry": {"type": "Point", "coordinates": [630226.4, 5219424.29]}, "properties": {"type": "gap", "gap_m": 3.7, "vineyard_id": "V63", "row_id": "V63-R225", "reachable": true, "id": "T2707", "x": 630226.4, "y": 5219424.29, "order": null, "visited": false}}, {"type": "Feature", "geometry": {"type": "Point", "coordinates": [630230.28, 5219440.52]}, "properties": {"type": "gap", "gap_m": 10.6, "vineyard_id": "V63", "row_id": "V63-R226", "reachable": true, "id": "T2708", "x": 630230.28, "y": 5219440.52, "order": 493, "visited": true}}, {"type": "Feature", "geometry": {"type": "Point", "coordinates": [630245.74, 5219434.2]}, "properties": {"type": "gap", "gap_m": 5.5, "vineyard_id": "V63", "row_id": "V63-R226", "reachable": true, "id": "T2709", "x": 630245.74, "y": 5219434.2, "order": 491, "visited": true}}, {"type": "Feature", "geometry": {"type": "Point", "coordinates": [630236.27, 5219450.48]}, "properties": {"type": "gap", "gap_m": 12.3, "vineyard_id": "V63", "row_id": "V63-R227", "reachable": true, "id": "T2710", "x": 630236.27, "y": 5219450.48, "order": 132, "visited": true}}, {"type": "Feature", "geometry": {"type": "Point", "coordinates": [630244.61, 5219447.04]}, "properties": {"type": "gap", "gap_m": 4.1, "vineyard_id": "V63", "row_id": "V63-R227", "reachable": true, "id": "T2711", "x": 630244.61, "y": 5219447.04, "order": 131, "visited": true}}, {"type": "Feature", "geometry": {"type": "Point", "coordinates": [630227.76, 5219444.44]}, "properties": {"type": "gap", "gap_m": 8.2, "vineyard_id": "V63", "row_id": "V63-R228", "reachable": true, "id": "T2712", "x": 630227.76, "y": 5219444.44, "order": 494, "visited": true}}, {"type": "Feature", "geometry": {"type": "Point", "coordinates": [630234.79, 5219441.55]}, "properties": {"type": "gap", "gap_m": 5.6, "vineyard_id": "V63", "row_id": "V63-R228", "reachable": true, "id": "T2713", "x": 630234.79, "y": 5219441.55, "order": 501, "visited": true}}, {"type": "Feature", "geometry": {"type": "Point", "coordinates": [630245.29, 5219437.23]}, "properties": {"type": "gap", "gap_m": 6.7, "vineyard_id": "V63", "row_id": "V63-R228", "reachable": true, "id": "T2714", "x": 630245.29, "y": 5219437.23, "order": 492, "visited": true}}, {"type": "Feature", "geometry": {"type": "Point", "coordinates": [630256.27, 5219432.7]}, "properties": {"type": "gap", "gap_m": 4.3, "vineyard_id": "V63", "row_id": "V63-R228", "reachable": true, "id": "T2715", "x": 630256.27, "y": 5219432.7, "order": null, "visited": false}}, {"type": "Feature", "geometry": {"type": "Point", "coordinates": [630229.88, 5219424.56]}, "properties": {"type": "gap", "gap_m": 5.1, "vineyard_id": "V63", "row_id": "V63-R229", "reachable": true, "id": "T2716", "x": 630229.88, "y": 5219424.56, "order": 480, "visited": true}}, {"type": "Feature", "geometry": {"type": "Point", "coordinates": [630232.75, 5219444.99]}, "properties": {"type": "gap", "gap_m": 13.4, "vineyard_id": "V63", "row_id": "V63-R230", "reachable": true, "id": "T2717", "x": 630232.75, "y": 5219444.99, "order": 500, "visited": true}}, {"type": "Feature", "geometry": {"type": "Point", "coordinates": [630245.17, 5219439.88]}, "properties": {"type": "gap", "gap_m": 6.8, "vineyard_id": "V63", "row_id": "V63-R230", "reachable": true, "id": "T2718", "x": 630245.17, "y": 5219439.88, "order": null, "visited": false}}, {"type": "Feature", "geometry": {"type": "Point", "coordinates": [630225.8, 5219450.8]}, "properties": {"type": "gap", "gap_m": 3.2, "vineyard_id": "V63", "row_id": "V63-R231", "reachable": true, "id": "T2719", "x": 630225.8, "y": 5219450.8, "order": 499, "visited": true}}, {"type": "Feature", "geometry": {"type": "Point", "coordinates": [630233.63, 5219447.58]}, "properties": {"type": "gap", "gap_m": 12.4, "vineyard_id": "V63", "row_id": "V63-R231", "reachable": true, "id": "T2720", "x": 630233.63, "y": 5219447.58, "order": 133, "visited": true}}, {"type": "Feature", "geometry": {"type": "Point", "coordinates": [630261.51, 5219436.1]}, "properties": {"type": "gap", "gap_m": 3.2, "vineyard_id": "V63", "row_id": "V63-R231", "reachable": true, "id": "T2721", "x": 630261.51, "y": 5219436.1, "order": 130, "visited": true}}, {"type": "Feature", "geometry": {"type": "Point", "coordinates": [630231.58, 5219422.38]}, "properties": {"type": "gap", "gap_m": 4.0, "vineyard_id": "V63", "row_id": "V63-R232", "reachable": true, "id": "T2722", "x": 630231.58, "y": 5219422.38, "order": null, "visited": true}}, {"type": "Feature", "geometry": {"type": "Point", "coordinates": [630224.43, 5219408.59]}, "properties": {"type": "gap", "gap_m": 7.8, "vineyard_id": "V63", "row_id": "V63-R233", "reachable": true, "id": "T2723", "x": 630224.43, "y": 5219408.59, "order": 503, "visited": true}}, {"type": "Feature", "geometry": {"type": "Point", "coordinates": [630226.74, 5219408.02]}, "properties": {"type": "gap", "gap_m": 5.9, "vineyard_id": "V63", "row_id": "V63-R234", "reachable": true, "id": "T2724", "x": 630226.74, "y": 5219408.02, "order": null, "visited": false}}, {"type": "Feature", "geometry": {"type": "Point", "coordinates": [630242.43, 5219426.47]}, "properties": {"type": "gap", "gap_m": 5.3, "vineyard_id": "V63", "row_id": "V63-R235", "reachable": true, "id": "T2725", "x": 630242.43, "y": 5219426.47, "order": 486, "visited": true}}, {"type": "Feature", "geometry": {"type": "Point", "coordinates": [630238.0, 5219420.23]}, "properties": {"type": "gap", "gap_m": 3.6, "vineyard_id": "V63", "row_id": "V63-R235", "reachable": true, "id": "T2726", "x": 630238.0, "y": 5219420.23, "order": 487, "visited": true}}, {"type": "Feature", "geometry": {"type": "Point", "coordinates": [630231.09, 5219410.51]}, "properties": {"type": "gap", "gap_m": 5.7, "vineyard_id": "V63", "row_id": "V63-R235", "reachable": true, "id": "T2727", "x": 630231.09, "y": 5219410.51, "order": 488, "visited": true}}, {"type": "Feature", "geometry": {"type": "Point", "coordinates": [630245.28, 5219426.19]}, "properties": {"type": "gap", "gap_m": 4.4, "vineyard_id": "V63", "row_id": "V63-R236", "reachable": true, "id": "T2728", "x": 630245.28, "y": 5219426.19, "order": 490, "visited": true}}, {"type": "Feature", "geometry": {"type": "Point", "coordinates": [630234.07, 5219410.42]}, "properties": {"type": "gap", "gap_m": 5.3, "vineyard_id": "V63", "row_id": "V63-R236", "reachable": true, "id": "T2729", "x": 630234.07, "y": 5219410.42, "order": 489, "visited": true}}, {"type": "Feature", "geometry": {"type": "Point", "coordinates": [630246.84, 5219424.84]}, "properties": {"type": "gap", "gap_m": 4.2, "vineyard_id": "V63", "row_id": "V63-R237", "reachable": true, "id": "T2730", "x": 630246.84, "y": 5219424.84, "order": 490, "visited": true}}, {"type": "Feature", "geometry": {"type": "Point", "coordinates": [630255.56, 5219424.66]}, "properties": {"type": "gap", "gap_m": 9.1, "vineyard_id": "V63", "row_id": "V63-R239", "reachable": true, "id": "T2731", "x": 630255.56, "y": 5219424.66, "order": null, "visited": true}}, {"type": "Feature", "geometry": {"type": "Point", "coordinates": [630256.6, 5219422.1]}, "properties": {"type": "gap", "gap_m": 3.0, "vineyard_id": "V63", "row_id": "V63-R240", "reachable": true, "id": "T2732", "x": 630256.6, "y": 5219422.1, "order": null, "visited": true}}, {"type": "Feature", "geometry": {"type": "Point", "coordinates": [630254.01, 5219418.46]}, "properties": {"type": "gap", "gap_m": 3.7, "vineyard_id": "V63", "row_id": "V63-R240", "reachable": true, "id": "T2733", "x": 630254.01, "y": 5219418.46, "order": 129, "visited": true}}, {"type": "Feature", "geometry": {"type": "Point", "coordinates": [630258.57, 5219418.52]}, "properties": {"type": "gap", "gap_m": 6.8, "vineyard_id": "V63", "row_id": "V63-R241", "reachable": true, "id": "T2734", "x": 630258.57, "y": 5219418.52, "order": null, "visited": false}}, {"type": "Feature", "geometry": {"type": "Point", "coordinates": [630264.2, 5219422.64]}, "properties": {"type": "gap", "gap_m": 4.4, "vineyard_id": "V63", "row_id": "V63-R242", "reachable": true, "id": "T2735", "x": 630264.2, "y": 5219422.64, "order": null, "visited": false}}, {"type": "Feature", "geometry": {"type": "Point", "coordinates": [630260.52, 5219417.48]}, "properties": {"type": "gap", "gap_m": 4.7, "vineyard_id": "V63", "row_id": "V63-R242", "reachable": true, "id": "T2736", "x": 630260.52, "y": 5219417.48, "order": null, "visited": false}}, {"type": "Feature", "geometry": {"type": "Point", "coordinates": [630257.68, 5219413.49]}, "properties": {"type": "gap", "gap_m": 3.4, "vineyard_id": "V63", "row_id": "V63-R242", "reachable": true, "id": "T2737", "x": 630257.68, "y": 5219413.49, "order": null, "visited": false}}, {"type": "Feature", "geometry": {"type": "Point", "coordinates": [630234.88, 5219381.5]}, "properties": {"type": "gap", "gap_m": 3.1, "vineyard_id": "V63", "row_id": "V63-R242", "reachable": true, "id": "T2738", "x": 630234.88, "y": 5219381.5, "order": 128, "visited": true}}, {"type": "Feature", "geometry": {"type": "Point", "coordinates": [630263.06, 5219416.91]}, "properties": {"type": "gap", "gap_m": 4.0, "vineyard_id": "V63", "row_id": "V63-R243", "reachable": true, "id": "T2739", "x": 630263.06, "y": 5219416.91, "order": null, "visited": false}}, {"type": "Feature", "geometry": {"type": "Point", "coordinates": [630259.52, 5219411.93]}, "properties": {"type": "gap", "gap_m": 4.9, "vineyard_id": "V63", "row_id": "V63-R243", "reachable": true, "id": "T2740", "x": 630259.52, "y": 5219411.93, "order": null, "visited": false}}, {"type": "Feature", "geometry": {"type": "Point", "coordinates": [630283.39, 5219439.6]}, "properties": {"type": "gap", "gap_m": 3.7, "vineyard_id": "V63", "row_id": "V63-R244", "reachable": true, "id": "T2741", "x": 630283.39, "y": 5219439.6, "order": 140, "visited": true}}, {"type": "Feature", "geometry": {"type": "Point", "coordinates": [630268.4, 5219419.53]}, "properties": {"type": "gap", "gap_m": 3.1, "vineyard_id": "V63", "row_id": "V63-R245", "reachable": true, "id": "T2742", "x": 630268.4, "y": 5219419.53, "order": null, "visited": false}}, {"type": "Feature", "geometry": {"type": "Point", "coordinates": [630286.26, 5219437.21]}, "properties": {"type": "gap", "gap_m": 3.9, "vineyard_id": "V63", "row_id": "V63-R247", "reachable": true, "id": "T2743", "x": 630286.26, "y": 5219437.21, "order": 141, "visited": true}}, {"type": "Feature", "geometry": {"type": "Point", "coordinates": [630280.75, 5219432.38]}, "properties": {"type": "gap", "gap_m": 3.4, "vineyard_id": "V63", "row_id": "V63-R247", "reachable": true, "id": "T2744", "x": 630280.75, "y": 5219432.38, "order": null, "visited": true}}, {"type": "Feature", "geometry": {"type": "Point", "coordinates": [630289.59, 5219436.73]}, "properties": {"type": "gap", "gap_m": 3.4, "vineyard_id": "V63", "row_id": "V63-R248", "reachable": true, "id": "T2745", "x": 630289.59, "y": 5219436.73, "order": 142, "visited": true}}, {"type": "Feature", "geometry": {"type": "Point", "coordinates": [630285.64, 5219433.26]}, "properties": {"type": "gap", "gap_m": 6.2, "vineyard_id": "V63", "row_id": "V63-R248", "reachable": true, "id": "T2746", "x": 630285.64, "y": 5219433.26, "order": 143, "visited": true}}, {"type": "Feature", "geometry": {"type": "Point", "coordinates": [630268.45, 5219404.21]}, "properties": {"type": "gap", "gap_m": 4.4, "vineyard_id": "V63", "row_id": "V63-R251", "reachable": true, "id": "T2748", "x": 630268.45, "y": 5219404.21, "order": null, "visited": false}}, {"type": "Feature", "geometry": {"type": "Point", "coordinates": [630278.39, 5219421.45]}, "properties": {"type": "gap", "gap_m": 3.0, "vineyard_id": "V63", "row_id": "V63-R255", "reachable": true, "id": "T2749", "x": 630278.39, "y": 5219421.45, "order": null, "visited": true}}, {"type": "Feature", "geometry": {"type": "Point", "coordinates": [630276.21, 5219403.72]}, "properties": {"type": "gap", "gap_m": 4.3, "vineyard_id": "V63", "row_id": "V63-R255", "reachable": true, "id": "T2750", "x": 630276.21, "y": 5219403.72, "order": null, "visited": false}}, {"type": "Feature", "geometry": {"type": "Point", "coordinates": [630275.57, 5219398.48]}, "properties": {"type": "gap", "gap_m": 3.4, "vineyard_id": "V63", "row_id": "V63-R255", "reachable": true, "id": "T2751", "x": 630275.57, "y": 5219398.48, "order": null, "visited": false}}, {"type": "Feature", "geometry": {"type": "Point", "coordinates": [630274.88, 5219392.87]}, "properties": {"type": "gap", "gap_m": 3.7, "vineyard_id": "V63", "row_id": "V63-R255", "reachable": true, "id": "T2752", "x": 630274.88, "y": 5219392.87, "order": null, "visited": false}}, {"type": "Feature", "geometry": {"type": "Point", "coordinates": [630281.72, 5219424.28]}, "properties": {"type": "gap", "gap_m": 11.1, "vineyard_id": "V63", "row_id": "V63-R257", "reachable": true, "id": "T2753", "x": 630281.72, "y": 5219424.28, "order": null, "visited": true}}, {"type": "Feature", "geometry": {"type": "Point", "coordinates": [630279.67, 5219407.33]}, "properties": {"type": "gap", "gap_m": 11.3, "vineyard_id": "V63", "row_id": "V63-R257", "reachable": true, "id": "T2754", "x": 630279.67, "y": 5219407.33, "order": null, "visited": true}}, {"type": "Feature", "geometry": {"type": "Point", "coordinates": [630277.89, 5219392.67]}, "properties": {"type": "gap", "gap_m": 5.1, "vineyard_id": "V63", "row_id": "V63-R257", "reachable": true, "id": "T2755", "x": 630277.89, "y": 5219392.67, "order": null, "visited": false}}, {"type": "Feature", "geometry": {"type": "Point", "coordinates": [630268.28, 5219390.22]}, "properties": {"type": "gap", "gap_m": 3.0, "vineyard_id": "V63", "row_id": "V63-R259", "reachable": true, "id": "T2756", "x": 630268.28, "y": 5219390.22, "order": null, "visited": false}}, {"type": "Feature", "geometry": {"type": "Point", "coordinates": [630285.02, 5219415.88]}, "properties": {"type": "gap", "gap_m": 3.4, "vineyard_id": "V63", "row_id": "V63-R261", "reachable": true, "id": "T2757", "x": 630285.02, "y": 5219415.88, "order": null, "visited": false}}, {"type": "Feature", "geometry": {"type": "Point", "coordinates": [630283.21, 5219400.84]}, "properties": {"type": "gap", "gap_m": 16.5, "vineyard_id": "V63", "row_id": "V63-R261", "reachable": true, "id": "T2758", "x": 630283.21, "y": 5219400.84, "order": null, "visited": true}}, {"type": "Feature", "geometry": {"type": "Point", "coordinates": [630281.14, 5219383.66]}, "properties": {"type": "gap", "gap_m": 4.6, "vineyard_id": "V63", "row_id": "V63-R261", "reachable": true, "id": "T2759", "x": 630281.14, "y": 5219383.66, "order": 145, "visited": true}}, {"type": "Feature", "geometry": {"type": "Point", "coordinates": [630287.95, 5219418.82]}, "properties": {"type": "gap", "gap_m": 11.1, "vineyard_id": "V63", "row_id": "V63-R262", "reachable": true, "id": "T2760", "x": 630287.95, "y": 5219418.82, "order": null, "visited": false}}, {"type": "Feature", "geometry": {"type": "Point", "coordinates": [630286.86, 5219410.15]}, "properties": {"type": "gap", "gap_m": 4.6, "vineyard_id": "V63", "row_id": "V63-R262", "reachable": true, "id": "T2761", "x": 630286.86, "y": 5219410.15, "order": null, "visited": false}}, {"type": "Feature", "geometry": {"type": "Point", "coordinates": [630286.2, 5219404.89]}, "properties": {"type": "gap", "gap_m": 4.0, "vineyard_id": "V63", "row_id": "V63-R262", "reachable": true, "id": "T2762", "x": 630286.2, "y": 5219404.89, "order": 144, "visited": true}}, {"type": "Feature", "geometry": {"type": "Point", "coordinates": [630285.46, 5219398.92]}, "properties": {"type": "gap", "gap_m": 3.6, "vineyard_id": "V63", "row_id": "V63-R262", "reachable": true, "id": "T2763", "x": 630285.46, "y": 5219398.92, "order": null, "visited": true}}, {"type": "Feature", "geometry": {"type": "Point", "coordinates": [630284.06, 5219387.75]}, "properties": {"type": "gap", "gap_m": 6.4, "vineyard_id": "V63", "row_id": "V63-R262", "reachable": true, "id": "T2764", "x": 630284.06, "y": 5219387.75, "order": 146, "visited": true}}, {"type": "Feature", "geometry": {"type": "Point", "coordinates": [630291.05, 5219422.68]}, "properties": {"type": "gap", "gap_m": 8.8, "vineyard_id": "V63", "row_id": "V63-R264", "reachable": true, "id": "T2765", "x": 630291.05, "y": 5219422.68, "order": null, "visited": false}}, {"type": "Feature", "geometry": {"type": "Point", "coordinates": [630290.09, 5219414.77]}, "properties": {"type": "gap", "gap_m": 3.7, "vineyard_id": "V63", "row_id": "V63-R264", "reachable": true, "id": "T2766", "x": 630290.09, "y": 5219414.77, "order": 149, "visited": true}}, {"type": "Feature", "geometry": {"type": "Point", "coordinates": [630289.52, 5219410.11]}, "properties": {"type": "gap", "gap_m": 4.6, "vineyard_id": "V63", "row_id": "V63-R264", "reachable": true, "id": "T2767", "x": 630289.52, "y": 5219410.11, "order": 148, "visited": true}}, {"type": "Feature", "geometry": {"type": "Point", "coordinates": [630288.81, 5219404.29]}, "properties": {"type": "gap", "gap_m": 3.0, "vineyard_id": "V63", "row_id": "V63-R264", "reachable": true, "id": "T2768", "x": 630288.81, "y": 5219404.29, "order": 147, "visited": true}}, {"type": "Feature", "geometry": {"type": "Point", "coordinates": [630287.46, 5219393.21]}, "properties": {"type": "gap", "gap_m": 4.3, "vineyard_id": "V63", "row_id": "V63-R264", "reachable": true, "id": "T2769", "x": 630287.46, "y": 5219393.21, "order": null, "visited": true}}, {"type": "Feature", "geometry": {"type": "Point", "coordinates": [630293.71, 5219423.65]}, "properties": {"type": "gap", "gap_m": 3.9, "vineyard_id": "V63", "row_id": "V63-R266", "reachable": true, "id": "T2770", "x": 630293.71, "y": 5219423.65, "order": null, "visited": false}}, {"type": "Feature", "geometry": {"type": "Point", "coordinates": [630293.18, 5219419.27]}, "properties": {"type": "gap", "gap_m": 3.2, "vineyard_id": "V63", "row_id": "V63-R266", "reachable": true, "id": "T2771", "x": 630293.18, "y": 5219419.27, "order": 150, "visited": true}}, {"type": "Feature", "geometry": {"type": "Point", "coordinates": [630291.82, 5219408.2]}, "properties": {"type": "gap", "gap_m": 3.4, "vineyard_id": "V63", "row_id": "V63-R266", "reachable": true, "id": "T2772", "x": 630291.82, "y": 5219408.2, "order": null, "visited": true}}, {"type": "Feature", "geometry": {"type": "Point", "coordinates": [630291.21, 5219403.27]}, "properties": {"type": "gap", "gap_m": 4.4, "vineyard_id": "V63", "row_id": "V63-R266", "reachable": true, "id": "T2773", "x": 630291.21, "y": 5219403.27, "order": 151, "visited": true}}, {"type": "Feature", "geometry": {"type": "Point", "coordinates": [630290.54, 5219397.75]}, "properties": {"type": "gap", "gap_m": 4.0, "vineyard_id": "V63", "row_id": "V63-R266", "reachable": true, "id": "T2774", "x": 630290.54, "y": 5219397.75, "order": null, "visited": true}}, {"type": "Feature", "geometry": {"type": "Point", "coordinates": [630296.63, 5219428.03]}, "properties": {"type": "gap", "gap_m": 3.5, "vineyard_id": "V63", "row_id": "V63-R267", "reachable": true, "id": "T2775", "x": 630296.63, "y": 5219428.03, "order": null, "visited": false}}, {"type": "Feature", "geometry": {"type": "Point", "coordinates": [630296.02, 5219422.94]}, "properties": {"type": "gap", "gap_m": 3.3, "vineyard_id": "V63", "row_id": "V63-R267", "reachable": true, "id": "T2776", "x": 630296.02, "y": 5219422.94, "order": null, "visited": false}}, {"type": "Feature", "geometry": {"type": "Point", "coordinates": [630295.38, 5219417.7]}, "properties": {"type": "gap", "gap_m": 3.5, "vineyard_id": "V63", "row_id": "V63-R267", "reachable": true, "id": "T2777", "x": 630295.38, "y": 5219417.7, "order": null, "visited": false}}, {"type": "Feature", "geometry": {"type": "Point", "coordinates": [630294.7, 5219412.15]}, "properties": {"type": "gap", "gap_m": 4.1, "vineyard_id": "V63", "row_id": "V63-R267", "reachable": true, "id": "T2778", "x": 630294.7, "y": 5219412.15, "order": null, "visited": false}}, {"type": "Feature", "geometry": {"type": "Point", "coordinates": [630294.14, 5219407.53]}, "properties": {"type": "gap", "gap_m": 3.9, "vineyard_id": "V63", "row_id": "V63-R267", "reachable": true, "id": "T2779", "x": 630294.14, "y": 5219407.53, "order": null, "visited": false}}, {"type": "Feature", "geometry": {"type": "Point", "coordinates": [630293.37, 5219401.19]}, "properties": {"type": "gap", "gap_m": 5.9, "vineyard_id": "V63", "row_id": "V63-R267", "reachable": true, "id": "T2780", "x": 630293.37, "y": 5219401.19, "order": null, "visited": true}}, {"type": "Feature", "geometry": {"type": "Point", "coordinates": [630300.63, 5219425.17]}, "properties": {"type": "gap", "gap_m": 3.5, "vineyard_id": "V63", "row_id": "V63-R269", "reachable": true, "id": "T2781", "x": 630300.63, "y": 5219425.17, "order": null, "visited": false}}, {"type": "Feature", "geometry": {"type": "Point", "coordinates": [630299.91, 5219419.47]}, "properties": {"type": "gap", "gap_m": 4.1, "vineyard_id": "V63", "row_id": "V63-R269", "reachable": true, "id": "T2782", "x": 630299.91, "y": 5219419.47, "order": 157, "visited": true}}, {"type": "Feature", "geometry": {"type": "Point", "coordinates": [630299.27, 5219414.44]}, "properties": {"type": "gap", "gap_m": 3.9, "vineyard_id": "V63", "row_id": "V63-R269", "reachable": true, "id": "T2783", "x": 630299.27, "y": 5219414.44, "order": 156, "visited": true}}, {"type": "Feature", "geometry": {"type": "Point", "coordinates": [630298.44, 5219407.96]}, "properties": {"type": "gap", "gap_m": 6.4, "vineyard_id": "V63", "row_id": "V63-R269", "reachable": true, "id": "T2784", "x": 630298.44, "y": 5219407.96, "order": 155, "visited": true}}, {"type": "Feature", "geometry": {"type": "Point", "coordinates": [630297.62, 5219401.49]}, "properties": {"type": "gap", "gap_m": 4.5, "vineyard_id": "V63", "row_id": "V63-R269", "reachable": true, "id": "T2785", "x": 630297.62, "y": 5219401.49, "order": null, "visited": true}}, {"type": "Feature", "geometry": {"type": "Point", "coordinates": [630296.76, 5219394.72]}, "properties": {"type": "gap", "gap_m": 5.4, "vineyard_id": "V63", "row_id": "V63-R269", "reachable": true, "id": "T2786", "x": 630296.76, "y": 5219394.72, "order": 152, "visited": true}}, {"type": "Feature", "geometry": {"type": "Point", "coordinates": [630295.08, 5219381.55]}, "properties": {"type": "gap", "gap_m": 3.5, "vineyard_id": "V63", "row_id": "V63-R269", "reachable": true, "id": "T2787", "x": 630295.08, "y": 5219381.55, "order": null, "visited": false}}, {"type": "Feature", "geometry": {"type": "Point", "coordinates": [630302.54, 5219418.97]}, "properties": {"type": "gap", "gap_m": 3.9, "vineyard_id": "V63", "row_id": "V63-R272", "reachable": true, "id": "T2788", "x": 630302.54, "y": 5219418.97, "order": null, "visited": true}}, {"type": "Feature", "geometry": {"type": "Point", "coordinates": [630301.76, 5219412.6]}, "properties": {"type": "gap", "gap_m": 6.4, "vineyard_id": "V63", "row_id": "V63-R272", "reachable": true, "id": "T2789", "x": 630301.76, "y": 5219412.6, "order": 158, "visited": true}}, {"type": "Feature", "geometry": {"type": "Point", "coordinates": [630300.93, 5219405.88]}, "properties": {"type": "gap", "gap_m": 4.5, "vineyard_id": "V63", "row_id": "V63-R272", "reachable": true, "id": "T2790", "x": 630300.93, "y": 5219405.88, "order": 154, "visited": true}}, {"type": "Feature", "geometry": {"type": "Point", "coordinates": [630300.17, 5219399.7]}, "properties": {"type": "gap", "gap_m": 4.9, "vineyard_id": "V63", "row_id": "V63-R272", "reachable": true, "id": "T2791", "x": 630300.17, "y": 5219399.7, "order": 153, "visited": true}}, {"type": "Feature", "geometry": {"type": "Point", "coordinates": [630299.35, 5219392.95]}, "properties": {"type": "gap", "gap_m": 4.5, "vineyard_id": "V63", "row_id": "V63-R272", "reachable": true, "id": "T2792", "x": 630299.35, "y": 5219392.95, "order": null, "visited": false}}, {"type": "Feature", "geometry": {"type": "Point", "coordinates": [630298.68, 5219387.5]}, "properties": {"type": "gap", "gap_m": 3.8, "vineyard_id": "V63", "row_id": "V63-R272", "reachable": true, "id": "T2793", "x": 630298.68, "y": 5219387.5, "order": null, "visited": false}}, {"type": "Feature", "geometry": {"type": "Point", "coordinates": [630306.05, 5219427.04]}, "properties": {"type": "gap", "gap_m": 3.2, "vineyard_id": "V63", "row_id": "V63-R273", "reachable": true, "id": "T2794", "x": 630306.05, "y": 5219427.04, "order": 11, "visited": true}}, {"type": "Feature", "geometry": {"type": "Point", "coordinates": [630304.79, 5219416.51]}, "properties": {"type": "gap", "gap_m": 6.0, "vineyard_id": "V63", "row_id": "V63-R273", "reachable": true, "id": "T2795", "x": 630304.79, "y": 5219416.51, "order": 12, "visited": true}}, {"type": "Feature", "geometry": {"type": "Point", "coordinates": [630304.03, 5219410.26]}, "properties": {"type": "gap", "gap_m": 4.7, "vineyard_id": "V63", "row_id": "V63-R273", "reachable": true, "id": "T2796", "x": 630304.03, "y": 5219410.26, "order": 159, "visited": true}}, {"type": "Feature", "geometry": {"type": "Point", "coordinates": [630303.3, 5219404.11]}, "properties": {"type": "gap", "gap_m": 4.7, "vineyard_id": "V63", "row_id": "V63-R273", "reachable": true, "id": "T2797", "x": 630303.3, "y": 5219404.11, "order": 160, "visited": true}}, {"type": "Feature", "geometry": {"type": "Point", "coordinates": [630302.54, 5219397.85]}, "properties": {"type": "gap", "gap_m": 4.9, "vineyard_id": "V63", "row_id": "V63-R273", "reachable": true, "id": "T2798", "x": 630302.54, "y": 5219397.85, "order": 162, "visited": true}}, {"type": "Feature", "geometry": {"type": "Point", "coordinates": [630301.87, 5219392.24]}, "properties": {"type": "gap", "gap_m": 4.9, "vineyard_id": "V63", "row_id": "V63-R273", "reachable": true, "id": "T2799", "x": 630301.87, "y": 5219392.24, "order": null, "visited": true}}, {"type": "Feature", "geometry": {"type": "Point", "coordinates": [630309.09, 5219422.82]}, "properties": {"type": "gap", "gap_m": 5.4, "vineyard_id": "V63", "row_id": "V63-R274", "reachable": true, "id": "T2800", "x": 630309.09, "y": 5219422.82, "order": 170, "visited": true}}, {"type": "Feature", "geometry": {"type": "Point", "coordinates": [630308.2, 5219415.68]}, "properties": {"type": "gap", "gap_m": 4.7, "vineyard_id": "V63", "row_id": "V63-R274", "reachable": true, "id": "T2801", "x": 630308.2, "y": 5219415.68, "order": 13, "visited": true}}, {"type": "Feature", "geometry": {"type": "Point", "coordinates": [630307.52, 5219410.25]}, "properties": {"type": "gap", "gap_m": 4.9, "vineyard_id": "V63", "row_id": "V63-R274", "reachable": true, "id": "T2802", "x": 630307.52, "y": 5219410.25, "order": 169, "visited": true}}, {"type": "Feature", "geometry": {"type": "Point", "coordinates": [630306.69, 5219403.57]}, "properties": {"type": "gap", "gap_m": 4.1, "vineyard_id": "V63", "row_id": "V63-R274", "reachable": true, "id": "T2803", "x": 630306.69, "y": 5219403.57, "order": 161, "visited": true}}, {"type": "Feature", "geometry": {"type": "Point", "coordinates": [630305.85, 5219396.87]}, "properties": {"type": "gap", "gap_m": 7.9, "vineyard_id": "V63", "row_id": "V63-R274", "reachable": true, "id": "T2804", "x": 630305.85, "y": 5219396.87, "order": 167, "visited": true}}, {"type": "Feature", "geometry": {"type": "Point", "coordinates": [630304.83, 5219388.69]}, "properties": {"type": "gap", "gap_m": 4.7, "vineyard_id": "V63", "row_id": "V63-R274", "reachable": true, "id": "T2805", "x": 630304.83, "y": 5219388.69, "order": 165, "visited": true}}, {"type": "Feature", "geometry": {"type": "Point", "coordinates": [630304.18, 5219383.51]}, "properties": {"type": "gap", "gap_m": 4.1, "vineyard_id": "V63", "row_id": "V63-R274", "reachable": true, "id": "T2806", "x": 630304.18, "y": 5219383.51, "order": 163, "visited": true}}, {"type": "Feature", "geometry": {"type": "Point", "coordinates": [630311.0, 5219414.22]}, "properties": {"type": "gap", "gap_m": 4.9, "vineyard_id": "V63", "row_id": "V63-R275", "reachable": true, "id": "T2807", "x": 630311.0, "y": 5219414.22, "order": null, "visited": true}}, {"type": "Feature", "geometry": {"type": "Point", "coordinates": [630310.3, 5219408.49]}, "properties": {"type": "gap", "gap_m": 5.5, "vineyard_id": "V63", "row_id": "V63-R275", "reachable": true, "id": "T2808", "x": 630310.3, "y": 5219408.49, "order": 14, "visited": true}}, {"type": "Feature", "geometry": {"type": "Point", "coordinates": [630309.4, 5219401.21]}, "properties": {"type": "gap", "gap_m": 7.0, "vineyard_id": "V63", "row_id": "V63-R275", "reachable": true, "id": "T2809", "x": 630309.4, "y": 5219401.21, "order": 168, "visited": true}}, {"type": "Feature", "geometry": {"type": "Point", "coordinates": [630308.6, 5219394.71]}, "properties": {"type": "gap", "gap_m": 4.2, "vineyard_id": "V63", "row_id": "V63-R275", "reachable": true, "id": "T2810", "x": 630308.6, "y": 5219394.71, "order": null, "visited": true}}, {"type": "Feature", "geometry": {"type": "Point", "coordinates": [630307.86, 5219388.68]}, "properties": {"type": "gap", "gap_m": 4.6, "vineyard_id": "V63", "row_id": "V63-R275", "reachable": true, "id": "T2811", "x": 630307.86, "y": 5219388.68, "order": 166, "visited": true}}, {"type": "Feature", "geometry": {"type": "Point", "coordinates": [630307.24, 5219383.62]}, "properties": {"type": "gap", "gap_m": 3.5, "vineyard_id": "V63", "row_id": "V63-R275", "reachable": true, "id": "T2812", "x": 630307.24, "y": 5219383.62, "order": 164, "visited": true}}, {"type": "Feature", "geometry": {"type": "Point", "coordinates": [630313.06, 5219416.63]}, "properties": {"type": "gap", "gap_m": 4.1, "vineyard_id": "V63", "row_id": "V63-R276", "reachable": true, "id": "T2813", "x": 630313.06, "y": 5219416.63, "order": 16, "visited": true}}, {"type": "Feature", "geometry": {"type": "Point", "coordinates": [630312.49, 5219412.03]}, "properties": {"type": "gap", "gap_m": 4.2, "vineyard_id": "V63", "row_id": "V63-R276", "reachable": true, "id": "T2814", "x": 630312.49, "y": 5219412.03, "order": null, "visited": true}}, {"type": "Feature", "geometry": {"type": "Point", "coordinates": [630311.59, 5219404.67]}, "properties": {"type": "gap", "gap_m": 6.7, "vineyard_id": "V63", "row_id": "V63-R276", "reachable": true, "id": "T2815", "x": 630311.59, "y": 5219404.67, "order": 15, "visited": true}}, {"type": "Feature", "geometry": {"type": "Point", "coordinates": [630310.82, 5219398.43]}, "properties": {"type": "gap", "gap_m": 4.4, "vineyard_id": "V63", "row_id": "V63-R276", "reachable": true, "id": "T2816", "x": 630310.82, "y": 5219398.43, "order": null, "visited": false}}, {"type": "Feature", "geometry": {"type": "Point", "coordinates": [630310.06, 5219392.24]}, "properties": {"type": "gap", "gap_m": 4.2, "vineyard_id": "V63", "row_id": "V63-R276", "reachable": true, "id": "T2817", "x": 630310.06, "y": 5219392.24, "order": null, "visited": false}}, {"type": "Feature", "geometry": {"type": "Point", "coordinates": [630314.6, 5219414.75]}, "properties": {"type": "gap", "gap_m": 3.1, "vineyard_id": "V63", "row_id": "V63-R277", "reachable": true, "id": "T2818", "x": 630314.6, "y": 5219414.75, "order": 17, "visited": true}}, {"type": "Feature", "geometry": {"type": "Point", "coordinates": [630313.8, 5219408.2]}, "properties": {"type": "gap", "gap_m": 7.5, "vineyard_id": "V63", "row_id": "V63-R277", "reachable": true, "id": "T2819", "x": 630313.8, "y": 5219408.2, "order": 18, "visited": true}}, {"type": "Feature", "geometry": {"type": "Point", "coordinates": [630312.98, 5219401.51]}, "properties": {"type": "gap", "gap_m": 4.0, "vineyard_id": "V63", "row_id": "V63-R277", "reachable": true, "id": "T2820", "x": 630312.98, "y": 5219401.51, "order": null, "visited": true}}, {"type": "Feature", "geometry": {"type": "Point", "coordinates": [630312.28, 5219395.78]}, "properties": {"type": "gap", "gap_m": 4.5, "vineyard_id": "V63", "row_id": "V63-R277", "reachable": true, "id": "T2821", "x": 630312.28, "y": 5219395.78, "order": 20, "visited": true}}, {"type": "Feature", "geometry": {"type": "Point", "coordinates": [630316.03, 5219409.01]}, "properties": {"type": "gap", "gap_m": 11.4, "vineyard_id": "V63", "row_id": "V63-R279", "reachable": true, "id": "T2822", "x": 630316.03, "y": 5219409.01, "order": 18, "visited": true}}, {"type": "Feature", "geometry": {"type": "Point", "coordinates": [630314.91, 5219399.83]}, "properties": {"type": "gap", "gap_m": 4.9, "vineyard_id": "V63", "row_id": "V63-R279", "reachable": true, "id": "T2823", "x": 630314.91, "y": 5219399.83, "order": 19, "visited": true}}, {"type": "Feature", "geometry": {"type": "Point", "coordinates": [630314.21, 5219394.03]}, "properties": {"type": "gap", "gap_m": 3.9, "vineyard_id": "V63", "row_id": "V63-R279", "reachable": true, "id": "T2824", "x": 630314.21, "y": 5219394.03, "order": 21, "visited": true}}, {"type": "Feature", "geometry": {"type": "Point", "coordinates": [630318.93, 5219405.75]}, "properties": {"type": "gap", "gap_m": 4.4, "vineyard_id": "V63", "row_id": "V63-R281", "reachable": true, "id": "T2825", "x": 630318.93, "y": 5219405.75, "order": null, "visited": true}}, {"type": "Feature", "geometry": {"type": "Point", "coordinates": [630317.95, 5219397.82]}, "properties": {"type": "gap", "gap_m": 9.8, "vineyard_id": "V63", "row_id": "V63-R281", "reachable": true, "id": "T2826", "x": 630317.95, "y": 5219397.82, "order": 22, "visited": true}}, {"type": "Feature", "geometry": {"type": "Point", "coordinates": [630321.55, 5219409.3]}, "properties": {"type": "gap", "gap_m": 3.3, "vineyard_id": "V63", "row_id": "V63-R282", "reachable": true, "id": "T2827", "x": 630321.55, "y": 5219409.3, "order": 24, "visited": true}}, {"type": "Feature", "geometry": {"type": "Point", "coordinates": [630320.67, 5219401.99]}, "properties": {"type": "gap", "gap_m": 10.1, "vineyard_id": "V63", "row_id": "V63-R282", "reachable": true, "id": "T2828", "x": 630320.67, "y": 5219401.99, "order": 23, "visited": true}}, {"type": "Feature", "geometry": {"type": "Point", "coordinates": [630319.6, 5219393.12]}, "properties": {"type": "gap", "gap_m": 6.1, "vineyard_id": "V63", "row_id": "V63-R282", "reachable": true, "id": "T2829", "x": 630319.6, "y": 5219393.12, "order": 28, "visited": true}}, {"type": "Feature", "geometry": {"type": "Point", "coordinates": [630276.98, 5219342.7]}, "properties": {"type": "gap", "gap_m": 4.5, "vineyard_id": "V63", "row_id": "V63-R283", "reachable": true, "id": "T2830", "x": 630276.98, "y": 5219342.7, "order": null, "visited": false}}, {"type": "Feature", "geometry": {"type": "Point", "coordinates": [630276.23, 5219336.92]}, "properties": {"type": "gap", "gap_m": 4.0, "vineyard_id": "V63", "row_id": "V63-R284", "reachable": true, "id": "T2831", "x": 630276.23, "y": 5219336.92, "order": null, "visited": false}}, {"type": "Feature", "geometry": {"type": "Point", "coordinates": [630277.23, 5219333.88]}, "properties": {"type": "gap", "gap_m": 3.2, "vineyard_id": "V63", "row_id": "V63-R285", "reachable": true, "id": "T2832", "x": 630277.23, "y": 5219333.88, "order": null, "visited": false}}, {"type": "Feature", "geometry": {"type": "Point", "coordinates": [630326.3, 5219383.83]}, "properties": {"type": "gap", "gap_m": 6.3, "vineyard_id": "V63", "row_id": "V63-R291", "reachable": true, "id": "T2833", "x": 630326.3, "y": 5219383.83, "order": null, "visited": false}}, {"type": "Feature", "geometry": {"type": "Point", "coordinates": [630327.37, 5219391.88]}, "properties": {"type": "gap", "gap_m": 8.0, "vineyard_id": "V63", "row_id": "V63-R293", "reachable": true, "id": "T2834", "x": 630327.37, "y": 5219391.88, "order": 29, "visited": true}}, {"type": "Feature", "geometry": {"type": "Point", "coordinates": [630332.59, 5219385.75]}, "properties": {"type": "gap", "gap_m": 6.8, "vineyard_id": "V63", "row_id": "V63-R293", "reachable": true, "id": "T2835", "x": 630332.59, "y": 5219385.75, "order": 30, "visited": true}}, {"type": "Feature", "geometry": {"type": "Point", "coordinates": [630328.7, 5219393.92]}, "properties": {"type": "gap", "gap_m": 3.0, "vineyard_id": "V63", "row_id": "V63-R294", "reachable": true, "id": "T2836", "x": 630328.7, "y": 5219393.92, "order": 29, "visited": true}}, {"type": "Feature", "geometry": {"type": "Point", "coordinates": [630331.51, 5219390.72]}, "properties": {"type": "gap", "gap_m": 4.3, "vineyard_id": "V63", "row_id": "V63-R294", "reachable": true, "id": "T2837", "x": 630331.51, "y": 5219390.72, "order": null, "visited": true}}, {"type": "Feature", "geometry": {"type": "Point", "coordinates": [630336.4, 5219385.14]}, "properties": {"type": "gap", "gap_m": 4.0, "vineyard_id": "V63", "row_id": "V63-R294", "reachable": true, "id": "T2838", "x": 630336.4, "y": 5219385.14, "order": 31, "visited": true}}, {"type": "Feature", "geometry": {"type": "Point", "coordinates": [630329.2, 5219396.76]}, "properties": {"type": "gap", "gap_m": 10.6, "vineyard_id": "V63", "row_id": "V63-R295", "reachable": true, "id": "T2839", "x": 630329.2, "y": 5219396.76, "order": 27, "visited": true}}, {"type": "Feature", "geometry": {"type": "Point", "coordinates": [630331.28, 5219397.81]}, "properties": {"type": "gap", "gap_m": 7.8, "vineyard_id": "V63", "row_id": "V63-R296", "reachable": true, "id": "T2840", "x": 630331.28, "y": 5219397.81, "order": 27, "visited": true}}, {"type": "Feature", "geometry": {"type": "Point", "coordinates": [630335.7, 5219392.74]}, "properties": {"type": "gap", "gap_m": 4.5, "vineyard_id": "V63", "row_id": "V63-R296", "reachable": true, "id": "T2841", "x": 630335.7, "y": 5219392.74, "order": 26, "visited": true}}, {"type": "Feature", "geometry": {"type": "Point", "coordinates": [630330.15, 5219402.74]}, "properties": {"type": "gap", "gap_m": 7.0, "vineyard_id": "V63", "row_id": "V63-R297", "reachable": true, "id": "T2842", "x": 630330.15, "y": 5219402.74, "order": 25, "visited": true}}, {"type": "Feature", "geometry": {"type": "Point", "coordinates": [630339.1, 5219392.47]}, "properties": {"type": "gap", "gap_m": 5.2, "vineyard_id": "V63", "row_id": "V63-R297", "reachable": true, "id": "T2843", "x": 630339.1, "y": 5219392.47, "order": null, "visited": false}}, {"type": "Feature", "geometry": {"type": "Point", "coordinates": [630312.67, 5219360.45]}, "properties": {"type": "gap", "gap_m": 3.3, "vineyard_id": "V63", "row_id": "V63-R300", "reachable": true, "id": "T2844", "x": 630312.67, "y": 5219360.45, "order": null, "visited": false}}, {"type": "Feature", "geometry": {"type": "Point", "coordinates": [630313.8, 5219357.58]}, "properties": {"type": "gap", "gap_m": 8.8, "vineyard_id": "V63", "row_id": "V63-R302", "reachable": true, "id": "T2845", "x": 630313.8, "y": 5219357.58, "order": null, "visited": false}}, {"type": "Feature", "geometry": {"type": "Point", "coordinates": [630327.98, 5219369.55]}, "properties": {"type": "gap", "gap_m": 10.4, "vineyard_id": "V63", "row_id": "V63-R304", "reachable": true, "id": "T2846", "x": 630327.98, "y": 5219369.55, "order": 32, "visited": true}}, {"type": "Feature", "geometry": {"type": "Point", "coordinates": [630306.37, 5219336.74]}, "properties": {"type": "gap", "gap_m": 5.6, "vineyard_id": "V63", "row_id": "V63-R305", "reachable": true, "id": "T2847", "x": 630306.37, "y": 5219336.74, "order": null, "visited": false}}, {"type": "Feature", "geometry": {"type": "Point", "coordinates": [630330.21, 5219368.12]}, "properties": {"type": "gap", "gap_m": 13.8, "vineyard_id": "V63", "row_id": "V63-R306", "reachable": true, "id": "T2848", "x": 630330.21, "y": 5219368.12, "order": 33, "visited": true}}, {"type": "Feature", "geometry": {"type": "Point", "coordinates": [630332.31, 5219365.79]}, "properties": {"type": "gap", "gap_m": 16.4, "vineyard_id": "V63", "row_id": "V63-R308", "reachable": true, "id": "T2849", "x": 630332.31, "y": 5219365.79, "order": 34, "visited": true}}, {"type": "Feature", "geometry": {"type": "Point", "coordinates": [630338.73, 5219369.57]}, "properties": {"type": "gap", "gap_m": 5.1, "vineyard_id": "V63", "row_id": "V63-R310", "reachable": true, "id": "T2850", "x": 630338.73, "y": 5219369.57, "order": 37, "visited": true}}, {"type": "Feature", "geometry": {"type": "Point", "coordinates": [630333.03, 5219362.52]}, "properties": {"type": "gap", "gap_m": 6.3, "vineyard_id": "V63", "row_id": "V63-R310", "reachable": true, "id": "T2851", "x": 630333.03, "y": 5219362.52, "order": 35, "visited": true}}, {"type": "Feature", "geometry": {"type": "Point", "coordinates": [630339.44, 5219366.41]}, "properties": {"type": "gap", "gap_m": 11.9, "vineyard_id": "V63", "row_id": "V63-R312", "reachable": true, "id": "T2852", "x": 630339.44, "y": 5219366.41, "order": 36, "visited": true}}, {"type": "Feature", "geometry": {"type": "Point", "coordinates": [630345.4, 5219370.05]}, "properties": {"type": "gap", "gap_m": 16.0, "vineyard_id": "V63", "row_id": "V63-R313", "reachable": true, "id": "T2853", "x": 630345.4, "y": 5219370.05, "order": null, "visited": true}}, {"type": "Feature", "geometry": {"type": "Point", "coordinates": [630330.31, 5219351.8]}, "properties": {"type": "gap", "gap_m": 12.8, "vineyard_id": "V63", "row_id": "V63-R313", "reachable": true, "id": "T2854", "x": 630330.31, "y": 5219351.8, "order": null, "visited": false}}, {"type": "Feature", "geometry": {"type": "Point", "coordinates": [630371.64, 5219375.58]}, "properties": {"type": "gap", "gap_m": 4.3, "vineyard_id": "V63", "row_id": "V63-R316", "reachable": true, "id": "T2855", "x": 630371.64, "y": 5219375.58, "order": null, "visited": false}}, {"type": "Feature", "geometry": {"type": "Point", "coordinates": [630372.85, 5219373.27]}, "properties": {"type": "gap", "gap_m": 3.2, "vineyard_id": "V63", "row_id": "V63-R317", "reachable": true, "id": "T2856", "x": 630372.85, "y": 5219373.27, "order": null, "visited": false}}, {"type": "Feature", "geometry": {"type": "Point", "coordinates": [630366.49, 5219355.75]}, "properties": {"type": "gap", "gap_m": 3.4, "vineyard_id": "V63", "row_id": "V63-R319", "reachable": true, "id": "T2857", "x": 630366.49, "y": 5219355.75, "order": null, "visited": false}}, {"type": "Feature", "geometry": {"type": "Point", "coordinates": [630367.54, 5219353.14]}, "properties": {"type": "gap", "gap_m": 3.1, "vineyard_id": "V63", "row_id": "V63-R320", "reachable": true, "id": "T2858", "x": 630367.54, "y": 5219353.14, "order": null, "visited": false}}, {"type": "Feature", "geometry": {"type": "Point", "coordinates": [630364.86, 5219346.54]}, "properties": {"type": "gap", "gap_m": 3.5, "vineyard_id": "V63", "row_id": "V63-R321", "reachable": true, "id": "T2859", "x": 630364.86, "y": 5219346.54, "order": null, "visited": false}}, {"type": "Feature", "geometry": {"type": "Point", "coordinates": [630361.44, 5219335.33]}, "properties": {"type": "gap", "gap_m": 19.1, "vineyard_id": "V63", "row_id": "V63-R324", "reachable": true, "id": "T2860", "x": 630361.44, "y": 5219335.33, "order": null, "visited": false}}, {"type": "Feature", "geometry": {"type": "Point", "coordinates": [630375.72, 5219347.55]}, "properties": {"type": "gap", "gap_m": 3.0, "vineyard_id": "V63", "row_id": "V63-R325", "reachable": true, "id": "T2861", "x": 630375.72, "y": 5219347.55, "order": null, "visited": true}}, {"type": "Feature", "geometry": {"type": "Point", "coordinates": [630362.5, 5219333.4]}, "properties": {"type": "gap", "gap_m": 21.4, "vineyard_id": "V63", "row_id": "V63-R326", "reachable": true, "id": "T2862", "x": 630362.5, "y": 5219333.4, "order": null, "visited": false}}, {"type": "Feature", "geometry": {"type": "Point", "coordinates": [630360.94, 5219327.03]}, "properties": {"type": "gap", "gap_m": 36.0, "vineyard_id": "V63", "row_id": "V63-R327", "reachable": true, "id": "T2863", "x": 630360.94, "y": 5219327.03, "order": null, "visited": true}}, {"type": "Feature", "geometry": {"type": "Point", "coordinates": [630246.46, 5219539.92]}, "properties": {"type": "gap", "gap_m": 4.7, "vineyard_id": "V64", "row_id": "V64-R01", "reachable": true, "id": "T2864", "x": 630246.46, "y": 5219539.92, "order": 597, "visited": true}}, {"type": "Feature", "geometry": {"type": "Point", "coordinates": [630243.67, 5219546.5]}, "properties": {"type": "gap", "gap_m": 4.5, "vineyard_id": "V64", "row_id": "V64-R02", "reachable": true, "id": "T2865", "x": 630243.67, "y": 5219546.5, "order": 598, "visited": true}}, {"type": "Feature", "geometry": {"type": "Point", "coordinates": [630244.87, 5219539.01]}, "properties": {"type": "gap", "gap_m": 6.1, "vineyard_id": "V64", "row_id": "V64-R02", "reachable": true, "id": "T2866", "x": 630244.87, "y": 5219539.01, "order": 597, "visited": true}}, {"type": "Feature", "geometry": {"type": "Point", "coordinates": [630241.58, 5219546.41]}, "properties": {"type": "gap", "gap_m": 3.4, "vineyard_id": "V64", "row_id": "V64-R03", "reachable": true, "id": "T2867", "x": 630241.58, "y": 5219546.41, "order": 598, "visited": true}}, {"type": "Feature", "geometry": {"type": "Point", "coordinates": [630229.89, 5219567.15]}, "properties": {"type": "gap", "gap_m": 22.9, "vineyard_id": "V64", "row_id": "V64-R07", "reachable": true, "id": "T2869", "x": 630229.89, "y": 5219567.15, "order": 599, "visited": true}}, {"type": "Feature", "geometry": {"type": "Point", "coordinates": [630226.69, 5219571.2]}, "properties": {"type": "gap", "gap_m": 21.7, "vineyard_id": "V64", "row_id": "V64-R08", "reachable": true, "id": "T2870", "x": 630226.69, "y": 5219571.2, "order": 600, "visited": true}}, {"type": "Feature", "geometry": {"type": "Point", "coordinates": [630267.21, 5219529.06]}, "properties": {"type": "gap", "gap_m": 5.3, "vineyard_id": "V64", "row_id": "V64-R09", "reachable": true, "id": "T2871", "x": 630267.21, "y": 5219529.06, "order": 596, "visited": true}}, {"type": "Feature", "geometry": {"type": "Point", "coordinates": [630263.36, 5219522.89]}, "properties": {"type": "gap", "gap_m": 3.1, "vineyard_id": "V64", "row_id": "V64-R12", "reachable": true, "id": "T2872", "x": 630263.36, "y": 5219522.89, "order": null, "visited": false}}, {"type": "Feature", "geometry": {"type": "Point", "coordinates": [630269.09, 5219522.4]}, "properties": {"type": "gap", "gap_m": 3.1, "vineyard_id": "V64", "row_id": "V64-R12", "reachable": true, "id": "T2873", "x": 630269.09, "y": 5219522.4, "order": null, "visited": false}}, {"type": "Feature", "geometry": {"type": "Point", "coordinates": [630265.11, 5219520.71]}, "properties": {"type": "gap", "gap_m": 3.8, "vineyard_id": "V64", "row_id": "V64-R13", "reachable": true, "id": "T2874", "x": 630265.11, "y": 5219520.71, "order": null, "visited": false}}, {"type": "Feature", "geometry": {"type": "Point", "coordinates": [630228.28, 5219512.43]}, "properties": {"type": "gap", "gap_m": 3.9, "vineyard_id": "V64", "row_id": "V64-R18", "reachable": true, "id": "T2875", "x": 630228.28, "y": 5219512.43, "order": null, "visited": false}}, {"type": "Feature", "geometry": {"type": "Point", "coordinates": [630249.63, 5219501.18]}, "properties": {"type": "gap", "gap_m": 3.3, "vineyard_id": "V64", "row_id": "V64-R21", "reachable": true, "id": "T2876", "x": 630249.63, "y": 5219501.18, "order": null, "visited": false}}, {"type": "Feature", "geometry": {"type": "Point", "coordinates": [630249.47, 5219498.65]}, "properties": {"type": "gap", "gap_m": 6.7, "vineyard_id": "V64", "row_id": "V64-R22", "reachable": true, "id": "T2877", "x": 630249.47, "y": 5219498.65, "order": null, "visited": false}}, {"type": "Feature", "geometry": {"type": "Point", "coordinates": [630247.14, 5219496.86]}, "properties": {"type": "gap", "gap_m": 5.0, "vineyard_id": "V64", "row_id": "V64-R23", "reachable": true, "id": "T2878", "x": 630247.14, "y": 5219496.86, "order": null, "visited": false}}, {"type": "Feature", "geometry": {"type": "Point", "coordinates": [630206.23, 5219493.05]}, "properties": {"type": "gap", "gap_m": 5.9, "vineyard_id": "V64", "row_id": "V64-R24", "reachable": true, "id": "T2879", "x": 630206.23, "y": 5219493.05, "order": null, "visited": false}}, {"type": "Feature", "geometry": {"type": "Point", "coordinates": [630205.31, 5219485.42]}, "properties": {"type": "gap", "gap_m": 3.5, "vineyard_id": "V64", "row_id": "V64-R24", "reachable": true, "id": "T2880", "x": 630205.31, "y": 5219485.42, "order": null, "visited": false}}, {"type": "Feature", "geometry": {"type": "Point", "coordinates": [630251.41, 5219494.19]}, "properties": {"type": "gap", "gap_m": 4.3, "vineyard_id": "V64", "row_id": "V64-R25", "reachable": true, "id": "T2881", "x": 630251.41, "y": 5219494.19, "order": null, "visited": true}}, {"type": "Feature", "geometry": {"type": "Point", "coordinates": [630231.53, 5219493.51]}, "properties": {"type": "gap", "gap_m": 3.8, "vineyard_id": "V64", "row_id": "V64-R27", "reachable": true, "id": "T2882", "x": 630231.53, "y": 5219493.51, "order": null, "visited": true}}, {"type": "Feature", "geometry": {"type": "Point", "coordinates": [630245.87, 5219492.29]}, "properties": {"type": "gap", "gap_m": 4.8, "vineyard_id": "V64", "row_id": "V64-R27", "reachable": true, "id": "T2883", "x": 630245.87, "y": 5219492.29, "order": null, "visited": true}}, {"type": "Feature", "geometry": {"type": "Point", "coordinates": [630252.29, 5219491.75]}, "properties": {"type": "gap", "gap_m": 3.4, "vineyard_id": "V64", "row_id": "V64-R27", "reachable": true, "id": "T2884", "x": 630252.29, "y": 5219491.75, "order": null, "visited": true}}, {"type": "Feature", "geometry": {"type": "Point", "coordinates": [630263.92, 5219487.22]}, "properties": {"type": "gap", "gap_m": 3.3, "vineyard_id": "V64", "row_id": "V64-R28", "reachable": true, "id": "T2885", "x": 630263.92, "y": 5219487.22, "order": null, "visited": false}}, {"type": "Feature", "geometry": {"type": "Point", "coordinates": [630236.01, 5219488.28]}, "properties": {"type": "gap", "gap_m": 5.4, "vineyard_id": "V64", "row_id": "V64-R29", "reachable": true, "id": "T2886", "x": 630236.01, "y": 5219488.28, "order": null, "visited": false}}, {"type": "Feature", "geometry": {"type": "Point", "coordinates": [630252.71, 5219486.83]}, "properties": {"type": "gap", "gap_m": 5.2, "vineyard_id": "V64", "row_id": "V64-R29", "reachable": true, "id": "T2887", "x": 630252.71, "y": 5219486.83, "order": null, "visited": false}}, {"type": "Feature", "geometry": {"type": "Point", "coordinates": [630261.06, 5219480.72]}, "properties": {"type": "gap", "gap_m": 3.8, "vineyard_id": "V64", "row_id": "V64-R30", "reachable": true, "id": "T2888", "x": 630261.06, "y": 5219480.72, "order": null, "visited": false}}, {"type": "Feature", "geometry": {"type": "Point", "coordinates": [630255.66, 5219477.15]}, "properties": {"type": "gap", "gap_m": 5.4, "vineyard_id": "V64", "row_id": "V64-R32", "reachable": true, "id": "T2889", "x": 630255.66, "y": 5219477.15, "order": null, "visited": false}}, {"type": "Feature", "geometry": {"type": "Point", "coordinates": [630247.58, 5219477.16]}, "properties": {"type": "gap", "gap_m": 3.7, "vineyard_id": "V64", "row_id": "V64-R33", "reachable": true, "id": "T2890", "x": 630247.58, "y": 5219477.16, "order": null, "visited": false}}, {"type": "Feature", "geometry": {"type": "Point", "coordinates": [630413.06, 5219478.95]}, "properties": {"type": "gap", "gap_m": 3.2, "vineyard_id": "V65", "row_id": "V65-R04", "reachable": true, "id": "T2891", "x": 630413.06, "y": 5219478.95, "order": 254, "visited": true}}, {"type": "Feature", "geometry": {"type": "Point", "coordinates": [630397.98, 5219524.02]}, "properties": {"type": "gap", "gap_m": 5.0, "vineyard_id": "V65", "row_id": "V65-R05", "reachable": true, "id": "T2892", "x": 630397.98, "y": 5219524.02, "order": 215, "visited": true}}, {"type": "Feature", "geometry": {"type": "Point", "coordinates": [630399.09, 5219514.95]}, "properties": {"type": "gap", "gap_m": 12.0, "vineyard_id": "V65", "row_id": "V65-R05", "reachable": true, "id": "T2893", "x": 630399.09, "y": 5219514.95, "order": 216, "visited": true}}, {"type": "Feature", "geometry": {"type": "Point", "coordinates": [630400.08, 5219506.81]}, "properties": {"type": "gap", "gap_m": 3.1, "vineyard_id": "V65", "row_id": "V65-R05", "reachable": true, "id": "T2894", "x": 630400.08, "y": 5219506.81, "order": 217, "visited": true}}, {"type": "Feature", "geometry": {"type": "Point", "coordinates": [630402.2, 5219489.49]}, "properties": {"type": "gap", "gap_m": 3.2, "vineyard_id": "V65", "row_id": "V65-R05", "reachable": true, "id": "T2895", "x": 630402.2, "y": 5219489.49, "order": null, "visited": false}}, {"type": "Feature", "geometry": {"type": "Point", "coordinates": [630397.93, 5219510.35]}, "properties": {"type": "gap", "gap_m": 5.2, "vineyard_id": "V65", "row_id": "V65-R08", "reachable": true, "id": "T2896", "x": 630397.93, "y": 5219510.35, "order": 232, "visited": true}}, {"type": "Feature", "geometry": {"type": "Point", "coordinates": [630408.29, 5219459.43]}, "properties": {"type": "gap", "gap_m": 4.5, "vineyard_id": "V65", "row_id": "V65-R09", "reachable": true, "id": "T2897", "x": 630408.29, "y": 5219459.43, "order": 225, "visited": true}}, {"type": "Feature", "geometry": {"type": "Point", "coordinates": [630397.18, 5219501.0]}, "properties": {"type": "gap", "gap_m": 3.7, "vineyard_id": "V65", "row_id": "V65-R10", "reachable": true, "id": "T2898", "x": 630397.18, "y": 5219501.0, "order": 233, "visited": true}}, {"type": "Feature", "geometry": {"type": "Point", "coordinates": [630398.28, 5219492.01]}, "properties": {"type": "gap", "gap_m": 4.3, "vineyard_id": "V65", "row_id": "V65-R10", "reachable": true, "id": "T2899", "x": 630398.28, "y": 5219492.01, "order": 231, "visited": true}}, {"type": "Feature", "geometry": {"type": "Point", "coordinates": [630407.17, 5219469.22]}, "properties": {"type": "gap", "gap_m": 4.4, "vineyard_id": "V65", "row_id": "V65-R11", "reachable": true, "id": "T2900", "x": 630407.17, "y": 5219469.22, "order": 223, "visited": true}}, {"type": "Feature", "geometry": {"type": "Point", "coordinates": [630406.68, 5219460.65]}, "properties": {"type": "gap", "gap_m": 7.6, "vineyard_id": "V65", "row_id": "V65-R11", "reachable": true, "id": "T2901", "x": 630406.68, "y": 5219460.65, "order": 225, "visited": true}}, {"type": "Feature", "geometry": {"type": "Point", "coordinates": [630406.23, 5219452.84]}, "properties": {"type": "gap", "gap_m": 4.0, "vineyard_id": "V65", "row_id": "V65-R11", "reachable": true, "id": "T2902", "x": 630406.23, "y": 5219452.84, "order": null, "visited": false}}, {"type": "Feature", "geometry": {"type": "Point", "coordinates": [630404.52, 5219460.12]}, "properties": {"type": "gap", "gap_m": 10.2, "vineyard_id": "V65", "row_id": "V65-R12", "reachable": true, "id": "T2903", "x": 630404.52, "y": 5219460.12, "order": 224, "visited": true}}, {"type": "Feature", "geometry": {"type": "Point", "coordinates": [630403.13, 5219436.09]}, "properties": {"type": "gap", "gap_m": 3.2, "vineyard_id": "V65", "row_id": "V65-R12", "reachable": true, "id": "T2904", "x": 630403.13, "y": 5219436.09, "order": null, "visited": false}}, {"type": "Feature", "geometry": {"type": "Point", "coordinates": [630390.64, 5219528.03]}, "properties": {"type": "gap", "gap_m": 6.3, "vineyard_id": "V65", "row_id": "V65-R13", "reachable": true, "id": "T2905", "x": 630390.64, "y": 5219528.03, "order": 237, "visited": true}}, {"type": "Feature", "geometry": {"type": "Point", "coordinates": [630391.85, 5219518.18]}, "properties": {"type": "gap", "gap_m": 9.7, "vineyard_id": "V65", "row_id": "V65-R13", "reachable": true, "id": "T2906", "x": 630391.85, "y": 5219518.18, "order": 236, "visited": true}}, {"type": "Feature", "geometry": {"type": "Point", "coordinates": [630393.01, 5219508.67]}, "properties": {"type": "gap", "gap_m": 3.3, "vineyard_id": "V65", "row_id": "V65-R13", "reachable": true, "id": "T2907", "x": 630393.01, "y": 5219508.67, "order": 235, "visited": true}}, {"type": "Feature", "geometry": {"type": "Point", "coordinates": [630393.81, 5219502.06]}, "properties": {"type": "gap", "gap_m": 4.2, "vineyard_id": "V65", "row_id": "V65-R13", "reachable": true, "id": "T2908", "x": 630393.81, "y": 5219502.06, "order": 234, "visited": true}}, {"type": "Feature", "geometry": {"type": "Point", "coordinates": [630389.62, 5219525.91]}, "properties": {"type": "gap", "gap_m": 3.2, "vineyard_id": "V65", "row_id": "V65-R14", "reachable": true, "id": "T2909", "x": 630389.62, "y": 5219525.91, "order": null, "visited": false}}, {"type": "Feature", "geometry": {"type": "Point", "coordinates": [630391.25, 5219512.7]}, "properties": {"type": "gap", "gap_m": 14.4, "vineyard_id": "V65", "row_id": "V65-R14", "reachable": true, "id": "T2910", "x": 630391.25, "y": 5219512.7, "order": 212, "visited": true}}, {"type": "Feature", "geometry": {"type": "Point", "coordinates": [630403.05, 5219474.26]}, "properties": {"type": "gap", "gap_m": 4.9, "vineyard_id": "V65", "row_id": "V65-R15", "reachable": true, "id": "T2911", "x": 630403.05, "y": 5219474.26, "order": 227, "visited": true}}, {"type": "Feature", "geometry": {"type": "Point", "coordinates": [630402.35, 5219462.46]}, "properties": {"type": "gap", "gap_m": 16.3, "vineyard_id": "V65", "row_id": "V65-R15", "reachable": true, "id": "T2912", "x": 630402.35, "y": 5219462.46, "order": 228, "visited": true}}, {"type": "Feature", "geometry": {"type": "Point", "coordinates": [630410.17, 5219416.25]}, "properties": {"type": "gap", "gap_m": 3.3, "vineyard_id": "V65", "row_id": "V65-R16", "reachable": true, "id": "T2913", "x": 630410.17, "y": 5219416.25, "order": null, "visited": false}}, {"type": "Feature", "geometry": {"type": "Point", "coordinates": [630389.3, 5219514.47]}, "properties": {"type": "gap", "gap_m": 9.0, "vineyard_id": "V65", "row_id": "V65-R17", "reachable": true, "id": "T2914", "x": 630389.3, "y": 5219514.47, "order": 211, "visited": true}}, {"type": "Feature", "geometry": {"type": "Point", "coordinates": [630392.21, 5219490.87]}, "properties": {"type": "gap", "gap_m": 4.0, "vineyard_id": "V65", "row_id": "V65-R17", "reachable": true, "id": "T2915", "x": 630392.21, "y": 5219490.87, "order": null, "visited": false}}, {"type": "Feature", "geometry": {"type": "Point", "coordinates": [630400.1, 5219461.44]}, "properties": {"type": "gap", "gap_m": 23.5, "vineyard_id": "V65", "row_id": "V65-R18", "reachable": true, "id": "T2916", "x": 630400.1, "y": 5219461.44, "order": 229, "visited": true}}, {"type": "Feature", "geometry": {"type": "Point", "coordinates": [630384.98, 5219530.64]}, "properties": {"type": "gap", "gap_m": 3.5, "vineyard_id": "V65", "row_id": "V65-R20", "reachable": true, "id": "T2917", "x": 630384.98, "y": 5219530.64, "order": 205, "visited": true}}, {"type": "Feature", "geometry": {"type": "Point", "coordinates": [630385.56, 5219525.94]}, "properties": {"type": "gap", "gap_m": 4.3, "vineyard_id": "V65", "row_id": "V65-R20", "reachable": true, "id": "T2918", "x": 630385.56, "y": 5219525.94, "order": 214, "visited": true}}, {"type": "Feature", "geometry": {"type": "Point", "coordinates": [630386.79, 5219516.07]}, "properties": {"type": "gap", "gap_m": 5.7, "vineyard_id": "V65", "row_id": "V65-R20", "reachable": true, "id": "T2919", "x": 630386.79, "y": 5219516.07, "order": 210, "visited": true}}, {"type": "Feature", "geometry": {"type": "Point", "coordinates": [630387.6, 5219509.53]}, "properties": {"type": "gap", "gap_m": 6.5, "vineyard_id": "V65", "row_id": "V65-R20", "reachable": true, "id": "T2920", "x": 630387.6, "y": 5219509.53, "order": 213, "visited": true}}, {"type": "Feature", "geometry": {"type": "Point", "coordinates": [630388.56, 5219501.74]}, "properties": {"type": "gap", "gap_m": 8.1, "vineyard_id": "V65", "row_id": "V65-R20", "reachable": true, "id": "T2921", "x": 630388.56, "y": 5219501.74, "order": 209, "visited": true}}, {"type": "Feature", "geometry": {"type": "Point", "coordinates": [630389.87, 5219491.15]}, "properties": {"type": "gap", "gap_m": 3.5, "vineyard_id": "V65", "row_id": "V65-R20", "reachable": true, "id": "T2922", "x": 630389.87, "y": 5219491.15, "order": null, "visited": false}}, {"type": "Feature", "geometry": {"type": "Point", "coordinates": [630397.57, 5219460.85]}, "properties": {"type": "gap", "gap_m": 16.0, "vineyard_id": "V65", "row_id": "V65-R21", "reachable": true, "id": "T2923", "x": 630397.57, "y": 5219460.85, "order": 230, "visited": true}}, {"type": "Feature", "geometry": {"type": "Point", "coordinates": [630396.67, 5219445.17]}, "properties": {"type": "gap", "gap_m": 5.3, "vineyard_id": "V65", "row_id": "V65-R21", "reachable": true, "id": "T2924", "x": 630396.67, "y": 5219445.17, "order": null, "visited": false}}, {"type": "Feature", "geometry": {"type": "Point", "coordinates": [630383.23, 5219529.55]}, "properties": {"type": "gap", "gap_m": 3.0, "vineyard_id": "V65", "row_id": "V65-R22", "reachable": true, "id": "T2925", "x": 630383.23, "y": 5219529.55, "order": 205, "visited": true}}, {"type": "Feature", "geometry": {"type": "Point", "coordinates": [630384.76, 5219517.1]}, "properties": {"type": "gap", "gap_m": 3.9, "vineyard_id": "V65", "row_id": "V65-R22", "reachable": true, "id": "T2926", "x": 630384.76, "y": 5219517.1, "order": 210, "visited": true}}, {"type": "Feature", "geometry": {"type": "Point", "coordinates": [630386.64, 5219501.79]}, "properties": {"type": "gap", "gap_m": 6.2, "vineyard_id": "V65", "row_id": "V65-R22", "reachable": true, "id": "T2927", "x": 630386.64, "y": 5219501.79, "order": 209, "visited": true}}, {"type": "Feature", "geometry": {"type": "Point", "coordinates": [630388.06, 5219490.21]}, "properties": {"type": "gap", "gap_m": 3.2, "vineyard_id": "V65", "row_id": "V65-R22", "reachable": true, "id": "T2928", "x": 630388.06, "y": 5219490.21, "order": null, "visited": true}}, {"type": "Feature", "geometry": {"type": "Point", "coordinates": [630387.92, 5219427.68]}, "properties": {"type": "gap", "gap_m": 4.5, "vineyard_id": "V65", "row_id": "V65-R24", "reachable": true, "id": "T2929", "x": 630387.92, "y": 5219427.68, "order": null, "visited": true}}, {"type": "Feature", "geometry": {"type": "Point", "coordinates": [630421.62, 5219398.31]}, "properties": {"type": "gap", "gap_m": 3.5, "vineyard_id": "V65", "row_id": "V65-R24", "reachable": true, "id": "T2930", "x": 630421.62, "y": 5219398.31, "order": null, "visited": false}}, {"type": "Feature", "geometry": {"type": "Point", "coordinates": [630395.59, 5219464.17]}, "properties": {"type": "gap", "gap_m": 14.8, "vineyard_id": "V65", "row_id": "V65-R25", "reachable": true, "id": "T2931", "x": 630395.59, "y": 5219464.17, "order": null, "visited": false}}, {"type": "Feature", "geometry": {"type": "Point", "coordinates": [630394.46, 5219445.69]}, "properties": {"type": "gap", "gap_m": 3.5, "vineyard_id": "V65", "row_id": "V65-R25", "reachable": true, "id": "T2932", "x": 630394.46, "y": 5219445.69, "order": null, "visited": false}}, {"type": "Feature", "geometry": {"type": "Point", "coordinates": [630383.38, 5219512.84]}, "properties": {"type": "gap", "gap_m": 6.5, "vineyard_id": "V65", "row_id": "V65-R26", "reachable": true, "id": "T2933", "x": 630383.38, "y": 5219512.84, "order": 207, "visited": true}}, {"type": "Feature", "geometry": {"type": "Point", "coordinates": [630384.06, 5219507.28]}, "properties": {"type": "gap", "gap_m": 3.1, "vineyard_id": "V65", "row_id": "V65-R26", "reachable": true, "id": "T2934", "x": 630384.06, "y": 5219507.28, "order": 208, "visited": true}}, {"type": "Feature", "geometry": {"type": "Point", "coordinates": [630384.89, 5219500.42]}, "properties": {"type": "gap", "gap_m": 3.9, "vineyard_id": "V65", "row_id": "V65-R26", "reachable": true, "id": "T2935", "x": 630384.89, "y": 5219500.42, "order": 201, "visited": true}}, {"type": "Feature", "geometry": {"type": "Point", "coordinates": [630380.62, 5219516.12]}, "properties": {"type": "gap", "gap_m": 9.6, "vineyard_id": "V65", "row_id": "V65-R28", "reachable": true, "id": "T2936", "x": 630380.62, "y": 5219516.12, "order": 206, "visited": true}}, {"type": "Feature", "geometry": {"type": "Point", "coordinates": [630382.01, 5219504.81]}, "properties": {"type": "gap", "gap_m": 7.5, "vineyard_id": "V65", "row_id": "V65-R28", "reachable": true, "id": "T2937", "x": 630382.01, "y": 5219504.81, "order": 202, "visited": true}}, {"type": "Feature", "geometry": {"type": "Point", "coordinates": [630391.13, 5219458.55]}, "properties": {"type": "gap", "gap_m": 21.0, "vineyard_id": "V65", "row_id": "V65-R29", "reachable": true, "id": "T2938", "x": 630391.13, "y": 5219458.55, "order": null, "visited": false}}, {"type": "Feature", "geometry": {"type": "Point", "coordinates": [630398.33, 5219413.95]}, "properties": {"type": "gap", "gap_m": 3.7, "vineyard_id": "V65", "row_id": "V65-R30", "reachable": true, "id": "T2939", "x": 630398.33, "y": 5219413.95, "order": null, "visited": true}}, {"type": "Feature", "geometry": {"type": "Point", "coordinates": [630404.77, 5219408.35]}, "properties": {"type": "gap", "gap_m": 3.0, "vineyard_id": "V65", "row_id": "V65-R30", "reachable": true, "id": "T2940", "x": 630404.77, "y": 5219408.35, "order": null, "visited": false}}, {"type": "Feature", "geometry": {"type": "Point", "coordinates": [630417.5, 5219397.3]}, "properties": {"type": "gap", "gap_m": 5.0, "vineyard_id": "V65", "row_id": "V65-R30", "reachable": true, "id": "T2941", "x": 630417.5, "y": 5219397.3, "order": null, "visited": false}}, {"type": "Feature", "geometry": {"type": "Point", "coordinates": [630377.84, 5219523.45]}, "properties": {"type": "gap", "gap_m": 3.4, "vineyard_id": "V65", "row_id": "V65-R31", "reachable": true, "id": "T2942", "x": 630377.84, "y": 5219523.45, "order": 204, "visited": true}}, {"type": "Feature", "geometry": {"type": "Point", "coordinates": [630378.66, 5219516.52]}, "properties": {"type": "gap", "gap_m": 4.5, "vineyard_id": "V65", "row_id": "V65-R31", "reachable": true, "id": "T2943", "x": 630378.66, "y": 5219516.52, "order": 203, "visited": true}}, {"type": "Feature", "geometry": {"type": "Point", "coordinates": [630380.11, 5219504.37]}, "properties": {"type": "gap", "gap_m": 4.4, "vineyard_id": "V65", "row_id": "V65-R31", "reachable": true, "id": "T2944", "x": 630380.11, "y": 5219504.37, "order": 202, "visited": true}}, {"type": "Feature", "geometry": {"type": "Point", "coordinates": [630381.86, 5219489.56]}, "properties": {"type": "gap", "gap_m": 4.1, "vineyard_id": "V65", "row_id": "V65-R31", "reachable": true, "id": "T2945", "x": 630381.86, "y": 5219489.56, "order": null, "visited": false}}, {"type": "Feature", "geometry": {"type": "Point", "coordinates": [630389.65, 5219455.12]}, "properties": {"type": "gap", "gap_m": 9.7, "vineyard_id": "V65", "row_id": "V65-R32", "reachable": true, "id": "T2946", "x": 630389.65, "y": 5219455.12, "order": null, "visited": false}}, {"type": "Feature", "geometry": {"type": "Point", "coordinates": [630355.1, 5219623.92]}, "properties": {"type": "gap", "gap_m": 3.5, "vineyard_id": "V65", "row_id": "V65-R33", "reachable": true, "id": "T2947", "x": 630355.1, "y": 5219623.92, "order": null, "visited": false}}, {"type": "Feature", "geometry": {"type": "Point", "coordinates": [630356.14, 5219617.33]}, "properties": {"type": "gap", "gap_m": 4.7, "vineyard_id": "V65", "row_id": "V65-R33", "reachable": true, "id": "T2948", "x": 630356.14, "y": 5219617.33, "order": null, "visited": false}}, {"type": "Feature", "geometry": {"type": "Point", "coordinates": [630357.36, 5219609.6]}, "properties": {"type": "gap", "gap_m": 4.5, "vineyard_id": "V65", "row_id": "V65-R33", "reachable": true, "id": "T2949", "x": 630357.36, "y": 5219609.6, "order": null, "visited": false}}, {"type": "Feature", "geometry": {"type": "Point", "coordinates": [630388.15, 5219457.26]}, "properties": {"type": "gap", "gap_m": 13.9, "vineyard_id": "V65", "row_id": "V65-R34", "reachable": true, "id": "T2950", "x": 630388.15, "y": 5219457.26, "order": 199, "visited": true}}, {"type": "Feature", "geometry": {"type": "Point", "coordinates": [630354.76, 5219615.96]}, "properties": {"type": "gap", "gap_m": 4.9, "vineyard_id": "V65", "row_id": "V65-R35", "reachable": true, "id": "T2951", "x": 630354.76, "y": 5219615.96, "order": null, "visited": false}}, {"type": "Feature", "geometry": {"type": "Point", "coordinates": [630393.0, 5219413.88]}, "properties": {"type": "gap", "gap_m": 3.5, "vineyard_id": "V65", "row_id": "V65-R36", "reachable": true, "id": "T2952", "x": 630393.0, "y": 5219413.88, "order": null, "visited": true}}, {"type": "Feature", "geometry": {"type": "Point", "coordinates": [630414.19, 5219395.5]}, "properties": {"type": "gap", "gap_m": 6.2, "vineyard_id": "V65", "row_id": "V65-R36", "reachable": true, "id": "T2953", "x": 630414.19, "y": 5219395.5, "order": null, "visited": false}}, {"type": "Feature", "geometry": {"type": "Point", "coordinates": [630386.65, 5219469.77]}, "properties": {"type": "gap", "gap_m": 20.7, "vineyard_id": "V65", "row_id": "V65-R37", "reachable": true, "id": "T2954", "x": 630386.65, "y": 5219469.77, "order": 200, "visited": true}}, {"type": "Feature", "geometry": {"type": "Point", "coordinates": [630385.88, 5219456.6]}, "properties": {"type": "gap", "gap_m": 4.5, "vineyard_id": "V65", "row_id": "V65-R37", "reachable": true, "id": "T2955", "x": 630385.88, "y": 5219456.6, "order": 199, "visited": true}}, {"type": "Feature", "geometry": {"type": "Point", "coordinates": [630385.59, 5219451.66]}, "properties": {"type": "gap", "gap_m": 3.9, "vineyard_id": "V65", "row_id": "V65-R37", "reachable": true, "id": "T2956", "x": 630385.59, "y": 5219451.66, "order": null, "visited": true}}, {"type": "Feature", "geometry": {"type": "Point", "coordinates": [630376.68, 5219499.05]}, "properties": {"type": "gap", "gap_m": 8.7, "vineyard_id": "V65", "row_id": "V65-R38", "reachable": true, "id": "T2957", "x": 630376.68, "y": 5219499.05, "order": null, "visited": false}}, {"type": "Feature", "geometry": {"type": "Point", "coordinates": [630353.78, 5219605.57]}, "properties": {"type": "gap", "gap_m": 3.7, "vineyard_id": "V65", "row_id": "V65-R40", "reachable": true, "id": "T2958", "x": 630353.78, "y": 5219605.57, "order": null, "visited": false}}, {"type": "Feature", "geometry": {"type": "Point", "coordinates": [630354.76, 5219599.39]}, "properties": {"type": "gap", "gap_m": 3.6, "vineyard_id": "V65", "row_id": "V65-R40", "reachable": true, "id": "T2959", "x": 630354.76, "y": 5219599.39, "order": null, "visited": false}}, {"type": "Feature", "geometry": {"type": "Point", "coordinates": [630386.72, 5219414.65]}, "properties": {"type": "gap", "gap_m": 5.4, "vineyard_id": "V65", "row_id": "V65-R41", "reachable": true, "id": "T2960", "x": 630386.72, "y": 5219414.65, "order": 197, "visited": true}}, {"type": "Feature", "geometry": {"type": "Point", "coordinates": [630375.07, 5219498.21]}, "properties": {"type": "gap", "gap_m": 3.2, "vineyard_id": "V65", "row_id": "V65-R42", "reachable": true, "id": "T2961", "x": 630375.07, "y": 5219498.21, "order": null, "visited": false}}, {"type": "Feature", "geometry": {"type": "Point", "coordinates": [630347.92, 5219622.42]}, "properties": {"type": "gap", "gap_m": 3.2, "vineyard_id": "V65", "row_id": "V65-R43", "reachable": true, "id": "T2962", "x": 630347.92, "y": 5219622.42, "order": null, "visited": false}}, {"type": "Feature", "geometry": {"type": "Point", "coordinates": [630353.07, 5219590.45]}, "properties": {"type": "gap", "gap_m": 3.3, "vineyard_id": "V65", "row_id": "V65-R43", "reachable": true, "id": "T2963", "x": 630353.07, "y": 5219590.45, "order": null, "visited": false}}, {"type": "Feature", "geometry": {"type": "Point", "coordinates": [630384.11, 5219413.04]}, "properties": {"type": "gap", "gap_m": 5.6, "vineyard_id": "V65", "row_id": "V65-R44", "reachable": true, "id": "T2964", "x": 630384.11, "y": 5219413.04, "order": 198, "visited": true}}, {"type": "Feature", "geometry": {"type": "Point", "coordinates": [630389.06, 5219408.73]}, "properties": {"type": "gap", "gap_m": 5.6, "vineyard_id": "V65", "row_id": "V65-R44", "reachable": true, "id": "T2965", "x": 630389.06, "y": 5219408.73, "order": null, "visited": false}}, {"type": "Feature", "geometry": {"type": "Point", "coordinates": [630405.48, 5219394.46]}, "properties": {"type": "gap", "gap_m": 5.9, "vineyard_id": "V65", "row_id": "V65-R44", "reachable": true, "id": "T2966", "x": 630405.48, "y": 5219394.46, "order": null, "visited": false}}, {"type": "Feature", "geometry": {"type": "Point", "coordinates": [630385.3, 5219407.97]}, "properties": {"type": "gap", "gap_m": 3.4, "vineyard_id": "V65", "row_id": "V65-R48", "reachable": true, "id": "T2967", "x": 630385.3, "y": 5219407.97, "order": null, "visited": false}}, {"type": "Feature", "geometry": {"type": "Point", "coordinates": [630402.79, 5219392.75]}, "properties": {"type": "gap", "gap_m": 4.5, "vineyard_id": "V65", "row_id": "V65-R48", "reachable": true, "id": "T2968", "x": 630402.79, "y": 5219392.75, "order": null, "visited": false}}, {"type": "Feature", "geometry": {"type": "Point", "coordinates": [630344.62, 5219623.09]}, "properties": {"type": "gap", "gap_m": 4.6, "vineyard_id": "V65", "row_id": "V65-R49", "reachable": true, "id": "T2969", "x": 630344.62, "y": 5219623.09, "order": null, "visited": false}}, {"type": "Feature", "geometry": {"type": "Point", "coordinates": [630346.43, 5219611.82]}, "properties": {"type": "gap", "gap_m": 4.5, "vineyard_id": "V65", "row_id": "V65-R49", "reachable": true, "id": "T2970", "x": 630346.43, "y": 5219611.82, "order": null, "visited": false}}, {"type": "Feature", "geometry": {"type": "Point", "coordinates": [630343.19, 5219623.28]}, "properties": {"type": "gap", "gap_m": 6.4, "vineyard_id": "V65", "row_id": "V65-R51", "reachable": true, "id": "T2971", "x": 630343.19, "y": 5219623.28, "order": 383, "visited": true}}, {"type": "Feature", "geometry": {"type": "Point", "coordinates": [630344.76, 5219613.1]}, "properties": {"type": "gap", "gap_m": 6.7, "vineyard_id": "V65", "row_id": "V65-R51", "reachable": true, "id": "T2972", "x": 630344.76, "y": 5219613.1, "order": 384, "visited": true}}, {"type": "Feature", "geometry": {"type": "Point", "coordinates": [630347.23, 5219597.16]}, "properties": {"type": "gap", "gap_m": 3.6, "vineyard_id": "V65", "row_id": "V65-R51", "reachable": true, "id": "T2973", "x": 630347.23, "y": 5219597.16, "order": 385, "visited": true}}, {"type": "Feature", "geometry": {"type": "Point", "coordinates": [630348.74, 5219587.37]}, "properties": {"type": "gap", "gap_m": 4.7, "vineyard_id": "V65", "row_id": "V65-R51", "reachable": true, "id": "T2974", "x": 630348.74, "y": 5219587.37, "order": 386, "visited": true}}, {"type": "Feature", "geometry": {"type": "Point", "coordinates": [630369.22, 5219539.69]}, "properties": {"type": "gap", "gap_m": 3.8, "vineyard_id": "V65", "row_id": "V65-R52", "reachable": true, "id": "T2975", "x": 630369.22, "y": 5219539.69, "order": null, "visited": true}}, {"type": "Feature", "geometry": {"type": "Point", "coordinates": [630363.5, 5219537.99]}, "properties": {"type": "gap", "gap_m": 3.5, "vineyard_id": "V65", "row_id": "V65-R52", "reachable": true, "id": "T2976", "x": 630363.5, "y": 5219537.99, "order": 407, "visited": true}}, {"type": "Feature", "geometry": {"type": "Point", "coordinates": [630377.66, 5219410.75]}, "properties": {"type": "gap", "gap_m": 5.0, "vineyard_id": "V65", "row_id": "V65-R53", "reachable": true, "id": "T2977", "x": 630377.66, "y": 5219410.75, "order": null, "visited": false}}, {"type": "Feature", "geometry": {"type": "Point", "coordinates": [630376.18, 5219458.14]}, "properties": {"type": "gap", "gap_m": 14.6, "vineyard_id": "V65", "row_id": "V65-R54", "reachable": true, "id": "T2978", "x": 630376.18, "y": 5219458.14, "order": 196, "visited": true}}, {"type": "Feature", "geometry": {"type": "Point", "coordinates": [630371.4, 5219545.27]}, "properties": {"type": "gap", "gap_m": 4.4, "vineyard_id": "V65", "row_id": "V65-R55", "reachable": true, "id": "T2979", "x": 630371.4, "y": 5219545.27, "order": 409, "visited": true}}, {"type": "Feature", "geometry": {"type": "Point", "coordinates": [630393.03, 5219394.48]}, "properties": {"type": "gap", "gap_m": 6.1, "vineyard_id": "V65", "row_id": "V65-R56", "reachable": true, "id": "T2980", "x": 630393.03, "y": 5219394.48, "order": null, "visited": false}}, {"type": "Feature", "geometry": {"type": "Point", "coordinates": [630346.44, 5219589.42]}, "properties": {"type": "gap", "gap_m": 5.2, "vineyard_id": "V65", "row_id": "V65-R57", "reachable": true, "id": "T2981", "x": 630346.44, "y": 5219589.42, "order": 388, "visited": true}}, {"type": "Feature", "geometry": {"type": "Point", "coordinates": [630367.08, 5219541.5]}, "properties": {"type": "gap", "gap_m": 6.7, "vineyard_id": "V65", "row_id": "V65-R58", "reachable": true, "id": "T2982", "x": 630367.08, "y": 5219541.5, "order": 408, "visited": true}}, {"type": "Feature", "geometry": {"type": "Point", "coordinates": [630390.81, 5219392.65]}, "properties": {"type": "gap", "gap_m": 6.2, "vineyard_id": "V65", "row_id": "V65-R59", "reachable": true, "id": "T2983", "x": 630390.81, "y": 5219392.65, "order": null, "visited": false}}, {"type": "Feature", "geometry": {"type": "Point", "coordinates": [630338.44, 5219623.69]}, "properties": {"type": "gap", "gap_m": 6.1, "vineyard_id": "V65", "row_id": "V65-R60", "reachable": true, "id": "T2984", "x": 630338.44, "y": 5219623.69, "order": 382, "visited": true}}, {"type": "Feature", "geometry": {"type": "Point", "coordinates": [630340.82, 5219608.45]}, "properties": {"type": "gap", "gap_m": 3.2, "vineyard_id": "V65", "row_id": "V65-R60", "reachable": true, "id": "T2985", "x": 630340.82, "y": 5219608.45, "order": 391, "visited": true}}, {"type": "Feature", "geometry": {"type": "Point", "coordinates": [630342.12, 5219600.15]}, "properties": {"type": "gap", "gap_m": 3.9, "vineyard_id": "V65", "row_id": "V65-R60", "reachable": true, "id": "T2986", "x": 630342.12, "y": 5219600.15, "order": 390, "visited": true}}, {"type": "Feature", "geometry": {"type": "Point", "coordinates": [630342.89, 5219595.25]}, "properties": {"type": "gap", "gap_m": 5.0, "vineyard_id": "V65", "row_id": "V65-R60", "reachable": true, "id": "T2987", "x": 630342.89, "y": 5219595.25, "order": 389, "visited": true}}, {"type": "Feature", "geometry": {"type": "Point", "coordinates": [630376.49, 5219400.85]}, "properties": {"type": "gap", "gap_m": 3.8, "vineyard_id": "V65", "row_id": "V65-R61", "reachable": true, "id": "T2988", "x": 630376.49, "y": 5219400.85, "order": null, "visited": false}}, {"type": "Feature", "geometry": {"type": "Point", "coordinates": [630367.83, 5219484.52]}, "properties": {"type": "gap", "gap_m": 3.3, "vineyard_id": "V65", "row_id": "V65-R63", "reachable": true, "id": "T2989", "x": 630367.83, "y": 5219484.52, "order": null, "visited": false}}, {"type": "Feature", "geometry": {"type": "Point", "coordinates": [630334.8, 5219624.52]}, "properties": {"type": "gap", "gap_m": 3.2, "vineyard_id": "V65", "row_id": "V65-R64", "reachable": true, "id": "T2990", "x": 630334.8, "y": 5219624.52, "order": 381, "visited": true}}, {"type": "Feature", "geometry": {"type": "Point", "coordinates": [630336.18, 5219615.75]}, "properties": {"type": "gap", "gap_m": 11.4, "vineyard_id": "V65", "row_id": "V65-R64", "reachable": true, "id": "T2991", "x": 630336.18, "y": 5219615.75, "order": 379, "visited": true}}, {"type": "Feature", "geometry": {"type": "Point", "coordinates": [630339.27, 5219596.11]}, "properties": {"type": "gap", "gap_m": 3.8, "vineyard_id": "V65", "row_id": "V65-R64", "reachable": true, "id": "T2992", "x": 630339.27, "y": 5219596.11, "order": 392, "visited": true}}, {"type": "Feature", "geometry": {"type": "Point", "coordinates": [630340.16, 5219590.48]}, "properties": {"type": "gap", "gap_m": 5.3, "vineyard_id": "V65", "row_id": "V65-R64", "reachable": true, "id": "T2993", "x": 630340.16, "y": 5219590.48, "order": 393, "visited": true}}, {"type": "Feature", "geometry": {"type": "Point", "coordinates": [630379.31, 5219394.53]}, "properties": {"type": "gap", "gap_m": 10.1, "vineyard_id": "V65", "row_id": "V65-R66", "reachable": true, "id": "T2994", "x": 630379.31, "y": 5219394.53, "order": null, "visited": false}}, {"type": "Feature", "geometry": {"type": "Point", "coordinates": [630346.47, 5219520.46]}, "properties": {"type": "gap", "gap_m": 8.2, "vineyard_id": "V65", "row_id": "V65-R67", "reachable": true, "id": "T2995", "x": 630346.47, "y": 5219520.46, "order": 415, "visited": true}}, {"type": "Feature", "geometry": {"type": "Point", "coordinates": [630332.31, 5219627.44]}, "properties": {"type": "gap", "gap_m": 8.1, "vineyard_id": "V65", "row_id": "V65-R68", "reachable": true, "id": "T2996", "x": 630332.31, "y": 5219627.44, "order": 380, "visited": true}}, {"type": "Feature", "geometry": {"type": "Point", "coordinates": [630334.39, 5219614.15]}, "properties": {"type": "gap", "gap_m": 16.0, "vineyard_id": "V65", "row_id": "V65-R68", "reachable": true, "id": "T2997", "x": 630334.39, "y": 5219614.15, "order": 378, "visited": true}}, {"type": "Feature", "geometry": {"type": "Point", "coordinates": [630337.06, 5219597.09]}, "properties": {"type": "gap", "gap_m": 4.2, "vineyard_id": "V65", "row_id": "V65-R68", "reachable": true, "id": "T2998", "x": 630337.06, "y": 5219597.09, "order": 395, "visited": true}}, {"type": "Feature", "geometry": {"type": "Point", "coordinates": [630337.85, 5219592.03]}, "properties": {"type": "gap", "gap_m": 3.5, "vineyard_id": "V65", "row_id": "V65-R68", "reachable": true, "id": "T2999", "x": 630337.85, "y": 5219592.03, "order": 394, "visited": true}}, {"type": "Feature", "geometry": {"type": "Point", "coordinates": [630338.68, 5219586.76]}, "properties": {"type": "gap", "gap_m": 4.4, "vineyard_id": "V65", "row_id": "V65-R68", "reachable": true, "id": "T3000", "x": 630338.68, "y": 5219586.76, "order": null, "visited": true}}, {"type": "Feature", "geometry": {"type": "Point", "coordinates": [630357.94, 5219531.09]}, "properties": {"type": "gap", "gap_m": 5.1, "vineyard_id": "V65", "row_id": "V65-R69", "reachable": true, "id": "T3001", "x": 630357.94, "y": 5219531.09, "order": 411, "visited": true}}, {"type": "Feature", "geometry": {"type": "Point", "coordinates": [630347.98, 5219530.41]}, "properties": {"type": "gap", "gap_m": 3.2, "vineyard_id": "V65", "row_id": "V65-R69", "reachable": true, "id": "T3002", "x": 630347.98, "y": 5219530.41, "order": null, "visited": true}}, {"type": "Feature", "geometry": {"type": "Point", "coordinates": [630371.89, 5219548.81]}, "properties": {"type": "gap", "gap_m": 3.4, "vineyard_id": "V65", "row_id": "V65-R70", "reachable": true, "id": "T3003", "x": 630371.89, "y": 5219548.81, "order": 398, "visited": true}}, {"type": "Feature", "geometry": {"type": "Point", "coordinates": [630365.54, 5219546.86]}, "properties": {"type": "gap", "gap_m": 7.9, "vineyard_id": "V65", "row_id": "V65-R70", "reachable": true, "id": "T3004", "x": 630365.54, "y": 5219546.86, "order": 397, "visited": true}}, {"type": "Feature", "geometry": {"type": "Point", "coordinates": [630354.23, 5219543.38]}, "properties": {"type": "gap", "gap_m": 5.5, "vineyard_id": "V65", "row_id": "V65-R70", "reachable": true, "id": "T3005", "x": 630354.23, "y": 5219543.38, "order": 396, "visited": true}}, {"type": "Feature", "geometry": {"type": "Point", "coordinates": [630336.23, 5219537.85]}, "properties": {"type": "gap", "gap_m": 12.9, "vineyard_id": "V65", "row_id": "V65-R70", "reachable": true, "id": "T3006", "x": 630336.23, "y": 5219537.85, "order": null, "visited": false}}, {"type": "Feature", "geometry": {"type": "Point", "coordinates": [630357.26, 5219528.02]}, "properties": {"type": "gap", "gap_m": 5.9, "vineyard_id": "V65", "row_id": "V65-R71", "reachable": true, "id": "T3007", "x": 630357.26, "y": 5219528.02, "order": 412, "visited": true}}, {"type": "Feature", "geometry": {"type": "Point", "coordinates": [630346.15, 5219527.23]}, "properties": {"type": "gap", "gap_m": 7.0, "vineyard_id": "V65", "row_id": "V65-R71", "reachable": true, "id": "T3008", "x": 630346.15, "y": 5219527.23, "order": 413, "visited": true}}, {"type": "Feature", "geometry": {"type": "Point", "coordinates": [630377.88, 5219391.8]}, "properties": {"type": "gap", "gap_m": 3.8, "vineyard_id": "V65", "row_id": "V65-R72", "reachable": true, "id": "T3009", "x": 630377.88, "y": 5219391.8, "order": null, "visited": false}}, {"type": "Feature", "geometry": {"type": "Point", "coordinates": [630366.98, 5219524.19]}, "properties": {"type": "gap", "gap_m": 8.1, "vineyard_id": "V65", "row_id": "V65-R73", "reachable": true, "id": "T3010", "x": 630366.98, "y": 5219524.19, "order": 418, "visited": true}}, {"type": "Feature", "geometry": {"type": "Point", "coordinates": [630346.84, 5219522.72]}, "properties": {"type": "gap", "gap_m": 6.8, "vineyard_id": "V65", "row_id": "V65-R73", "reachable": true, "id": "T3011", "x": 630346.84, "y": 5219522.72, "order": 414, "visited": true}}, {"type": "Feature", "geometry": {"type": "Point", "coordinates": [630330.25, 5219626.81]}, "properties": {"type": "gap", "gap_m": 6.9, "vineyard_id": "V65", "row_id": "V65-R74", "reachable": true, "id": "T3012", "x": 630330.25, "y": 5219626.81, "order": 376, "visited": true}}, {"type": "Feature", "geometry": {"type": "Point", "coordinates": [630331.77, 5219617.19]}, "properties": {"type": "gap", "gap_m": 8.9, "vineyard_id": "V65", "row_id": "V65-R74", "reachable": true, "id": "T3013", "x": 630331.77, "y": 5219617.19, "order": 377, "visited": true}}, {"type": "Feature", "geometry": {"type": "Point", "coordinates": [630333.81, 5219604.29]}, "properties": {"type": "gap", "gap_m": 4.7, "vineyard_id": "V65", "row_id": "V65-R74", "reachable": true, "id": "T3014", "x": 630333.81, "y": 5219604.29, "order": 374, "visited": true}}, {"type": "Feature", "geometry": {"type": "Point", "coordinates": [630335.08, 5219596.24]}, "properties": {"type": "gap", "gap_m": 5.3, "vineyard_id": "V65", "row_id": "V65-R74", "reachable": true, "id": "T3015", "x": 630335.08, "y": 5219596.24, "order": 395, "visited": true}}, {"type": "Feature", "geometry": {"type": "Point", "coordinates": [630344.41, 5219581.88]}, "properties": {"type": "gap", "gap_m": 3.8, "vineyard_id": "V65", "row_id": "V65-R76", "reachable": true, "id": "T3016", "x": 630344.41, "y": 5219581.88, "order": 387, "visited": true}}, {"type": "Feature", "geometry": {"type": "Point", "coordinates": [630339.16, 5219580.27]}, "properties": {"type": "gap", "gap_m": 3.9, "vineyard_id": "V65", "row_id": "V65-R76", "reachable": true, "id": "T3017", "x": 630339.16, "y": 5219580.27, "order": null, "visited": false}}, {"type": "Feature", "geometry": {"type": "Point", "coordinates": [630329.01, 5219619.54]}, "properties": {"type": "gap", "gap_m": 11.4, "vineyard_id": "V65", "row_id": "V65-R77", "reachable": true, "id": "T3018", "x": 630329.01, "y": 5219619.54, "order": 375, "visited": true}}, {"type": "Feature", "geometry": {"type": "Point", "coordinates": [630331.97, 5219600.88]}, "properties": {"type": "gap", "gap_m": 6.4, "vineyard_id": "V65", "row_id": "V65-R77", "reachable": true, "id": "T3019", "x": 630331.97, "y": 5219600.88, "order": 373, "visited": true}}, {"type": "Feature", "geometry": {"type": "Point", "coordinates": [630371.88, 5219442.29]}, "properties": {"type": "gap", "gap_m": 3.1, "vineyard_id": "V65", "row_id": "V65-R78", "reachable": true, "id": "T3020", "x": 630371.88, "y": 5219442.29, "order": null, "visited": false}}, {"type": "Feature", "geometry": {"type": "Point", "coordinates": [630361.54, 5219519.07]}, "properties": {"type": "gap", "gap_m": 3.5, "vineyard_id": "V65", "row_id": "V65-R79", "reachable": true, "id": "T3021", "x": 630361.54, "y": 5219519.07, "order": 417, "visited": true}}, {"type": "Feature", "geometry": {"type": "Point", "coordinates": [630345.86, 5219518.0]}, "properties": {"type": "gap", "gap_m": 9.7, "vineyard_id": "V65", "row_id": "V65-R79", "reachable": true, "id": "T3022", "x": 630345.86, "y": 5219518.0, "order": null, "visited": true}}, {"type": "Feature", "geometry": {"type": "Point", "coordinates": [630332.98, 5219517.11]}, "properties": {"type": "gap", "gap_m": 3.0, "vineyard_id": "V65", "row_id": "V65-R79", "reachable": true, "id": "T3023", "x": 630332.98, "y": 5219517.11, "order": 416, "visited": true}}, {"type": "Feature", "geometry": {"type": "Point", "coordinates": [630345.49, 5219516.48]}, "properties": {"type": "gap", "gap_m": 10.8, "vineyard_id": "V65", "row_id": "V65-R80", "reachable": true, "id": "T3024", "x": 630345.49, "y": 5219516.48, "order": null, "visited": false}}, {"type": "Feature", "geometry": {"type": "Point", "coordinates": [630343.51, 5219508.12]}, "properties": {"type": "gap", "gap_m": 18.3, "vineyard_id": "V65", "row_id": "V65-R83", "reachable": true, "id": "T3027", "x": 630343.51, "y": 5219508.12, "order": 419, "visited": true}}, {"type": "Feature", "geometry": {"type": "Point", "coordinates": [630329.7, 5219598.9]}, "properties": {"type": "gap", "gap_m": 4.4, "vineyard_id": "V65", "row_id": "V65-R84", "reachable": true, "id": "T3028", "x": 630329.7, "y": 5219598.9, "order": 372, "visited": true}}, {"type": "Feature", "geometry": {"type": "Point", "coordinates": [630330.84, 5219591.86]}, "properties": {"type": "gap", "gap_m": 7.4, "vineyard_id": "V65", "row_id": "V65-R84", "reachable": true, "id": "T3029", "x": 630330.84, "y": 5219591.86, "order": 371, "visited": true}}, {"type": "Feature", "geometry": {"type": "Point", "coordinates": [630368.05, 5219447.73]}, "properties": {"type": "gap", "gap_m": 15.2, "vineyard_id": "V65", "row_id": "V65-R87", "reachable": true, "id": "T3030", "x": 630368.05, "y": 5219447.73, "order": 195, "visited": true}}, {"type": "Feature", "geometry": {"type": "Point", "coordinates": [630328.48, 5219590.51]}, "properties": {"type": "gap", "gap_m": 6.2, "vineyard_id": "V65", "row_id": "V65-R88", "reachable": true, "id": "T3031", "x": 630328.48, "y": 5219590.51, "order": 370, "visited": true}}, {"type": "Feature", "geometry": {"type": "Point", "coordinates": [630364.91, 5219449.0]}, "properties": {"type": "gap", "gap_m": 15.9, "vineyard_id": "V65", "row_id": "V65-R89", "reachable": true, "id": "T3032", "x": 630364.91, "y": 5219449.0, "order": 194, "visited": true}}, {"type": "Feature", "geometry": {"type": "Point", "coordinates": [630357.8, 5219421.93]}, "properties": {"type": "gap", "gap_m": 4.0, "vineyard_id": "V65", "row_id": "V65-R90", "reachable": true, "id": "T3033", "x": 630357.8, "y": 5219421.93, "order": null, "visited": false}}, {"type": "Feature", "geometry": {"type": "Point", "coordinates": [630402.16, 5219555.64]}, "properties": {"type": "gap", "gap_m": 12.5, "vineyard_id": "V66", "row_id": "V66-R004", "reachable": true, "id": "T3034", "x": 630402.16, "y": 5219555.64, "order": 402, "visited": true}}, {"type": "Feature", "geometry": {"type": "Point", "coordinates": [630405.17, 5219553.55]}, "properties": {"type": "gap", "gap_m": 21.9, "vineyard_id": "V66", "row_id": "V66-R005", "reachable": true, "id": "T3035", "x": 630405.17, "y": 5219553.55, "order": null, "visited": true}}, {"type": "Feature", "geometry": {"type": "Point", "coordinates": [630381.1, 5219550.62]}, "properties": {"type": "gap", "gap_m": 5.7, "vineyard_id": "V66", "row_id": "V66-R005", "reachable": true, "id": "T3036", "x": 630381.1, "y": 5219550.62, "order": 400, "visited": true}}, {"type": "Feature", "geometry": {"type": "Point", "coordinates": [630405.8, 5219551.88]}, "properties": {"type": "gap", "gap_m": 22.2, "vineyard_id": "V66", "row_id": "V66-R006", "reachable": true, "id": "T3037", "x": 630405.8, "y": 5219551.88, "order": null, "visited": true}}, {"type": "Feature", "geometry": {"type": "Point", "coordinates": [630385.96, 5219549.46]}, "properties": {"type": "gap", "gap_m": 4.5, "vineyard_id": "V66", "row_id": "V66-R006", "reachable": true, "id": "T3038", "x": 630385.96, "y": 5219549.46, "order": 401, "visited": true}}, {"type": "Feature", "geometry": {"type": "Point", "coordinates": [630378.83, 5219548.59]}, "properties": {"type": "gap", "gap_m": 6.4, "vineyard_id": "V66", "row_id": "V66-R006", "reachable": true, "id": "T3039", "x": 630378.83, "y": 5219548.59, "order": 399, "visited": true}}, {"type": "Feature", "geometry": {"type": "Point", "coordinates": [630405.11, 5219548.76]}, "properties": {"type": "gap", "gap_m": 20.4, "vineyard_id": "V66", "row_id": "V66-R007", "reachable": true, "id": "T3040", "x": 630405.11, "y": 5219548.76, "order": 403, "visited": true}}, {"type": "Feature", "geometry": {"type": "Point", "coordinates": [630401.87, 5219545.51]}, "properties": {"type": "gap", "gap_m": 4.6, "vineyard_id": "V66", "row_id": "V66-R008", "reachable": true, "id": "T3041", "x": 630401.87, "y": 5219545.51, "order": 404, "visited": true}}, {"type": "Feature", "geometry": {"type": "Point", "coordinates": [630397.01, 5219544.92]}, "properties": {"type": "gap", "gap_m": 3.9, "vineyard_id": "V66", "row_id": "V66-R008", "reachable": true, "id": "T3042", "x": 630397.01, "y": 5219544.92, "order": null, "visited": true}}, {"type": "Feature", "geometry": {"type": "Point", "coordinates": [630378.8, 5219542.74]}, "properties": {"type": "gap", "gap_m": 5.8, "vineyard_id": "V66", "row_id": "V66-R008", "reachable": true, "id": "T3043", "x": 630378.8, "y": 5219542.74, "order": 410, "visited": true}}, {"type": "Feature", "geometry": {"type": "Point", "coordinates": [630403.03, 5219543.18]}, "properties": {"type": "gap", "gap_m": 9.1, "vineyard_id": "V66", "row_id": "V66-R009", "reachable": true, "id": "T3044", "x": 630403.03, "y": 5219543.18, "order": 405, "visited": true}}, {"type": "Feature", "geometry": {"type": "Point", "coordinates": [630413.31, 5219541.84]}, "properties": {"type": "gap", "gap_m": 13.3, "vineyard_id": "V66", "row_id": "V66-R010", "reachable": true, "id": "T3045", "x": 630413.31, "y": 5219541.84, "order": 239, "visited": true}}, {"type": "Feature", "geometry": {"type": "Point", "coordinates": [630401.43, 5219540.4]}, "properties": {"type": "gap", "gap_m": 3.1, "vineyard_id": "V66", "row_id": "V66-R010", "reachable": true, "id": "T3046", "x": 630401.43, "y": 5219540.4, "order": 406, "visited": true}}, {"type": "Feature", "geometry": {"type": "Point", "coordinates": [630380.17, 5219537.83]}, "properties": {"type": "gap", "gap_m": 4.7, "vineyard_id": "V66", "row_id": "V66-R010", "reachable": true, "id": "T3047", "x": 630380.17, "y": 5219537.83, "order": null, "visited": false}}, {"type": "Feature", "geometry": {"type": "Point", "coordinates": [630410.78, 5219538.6]}, "properties": {"type": "gap", "gap_m": 3.9, "vineyard_id": "V66", "row_id": "V66-R011", "reachable": true, "id": "T3048", "x": 630410.78, "y": 5219538.6, "order": 240, "visited": true}}, {"type": "Feature", "geometry": {"type": "Point", "coordinates": [630405.82, 5219538.01]}, "properties": {"type": "gap", "gap_m": 4.0, "vineyard_id": "V66", "row_id": "V66-R011", "reachable": true, "id": "T3049", "x": 630405.82, "y": 5219538.01, "order": 238, "visited": true}}, {"type": "Feature", "geometry": {"type": "Point", "coordinates": [630405.77, 5219560.13]}, "properties": {"type": "gap", "gap_m": 29.4, "vineyard_id": "V66", "row_id": "V66-R012", "reachable": true, "id": "T3050", "x": 630405.77, "y": 5219560.13, "order": null, "visited": false}}, {"type": "Feature", "geometry": {"type": "Point", "coordinates": [630399.98, 5219525.07]}, "properties": {"type": "gap", "gap_m": 3.2, "vineyard_id": "V66", "row_id": "V66-R014", "reachable": true, "id": "T3051", "x": 630399.98, "y": 5219525.07, "order": 215, "visited": true}}, {"type": "Feature", "geometry": {"type": "Point", "coordinates": [630401.8, 5219510.09]}, "properties": {"type": "gap", "gap_m": 5.1, "vineyard_id": "V66", "row_id": "V66-R014", "reachable": true, "id": "T3052", "x": 630401.8, "y": 5219510.09, "order": 218, "visited": true}}, {"type": "Feature", "geometry": {"type": "Point", "coordinates": [630404.52, 5219487.73]}, "properties": {"type": "gap", "gap_m": 7.8, "vineyard_id": "V66", "row_id": "V66-R014", "reachable": true, "id": "T3053", "x": 630404.52, "y": 5219487.73, "order": 226, "visited": true}}, {"type": "Feature", "geometry": {"type": "Point", "coordinates": [630402.07, 5219525.82]}, "properties": {"type": "gap", "gap_m": 5.9, "vineyard_id": "V66", "row_id": "V66-R015", "reachable": true, "id": "T3054", "x": 630402.07, "y": 5219525.82, "order": 220, "visited": true}}, {"type": "Feature", "geometry": {"type": "Point", "coordinates": [630403.0, 5219518.31]}, "properties": {"type": "gap", "gap_m": 7.1, "vineyard_id": "V66", "row_id": "V66-R015", "reachable": true, "id": "T3055", "x": 630403.0, "y": 5219518.31, "order": 219, "visited": true}}, {"type": "Feature", "geometry": {"type": "Point", "coordinates": [630404.11, 5219509.33]}, "properties": {"type": "gap", "gap_m": 4.8, "vineyard_id": "V66", "row_id": "V66-R015", "reachable": true, "id": "T3056", "x": 630404.11, "y": 5219509.33, "order": 218, "visited": true}}, {"type": "Feature", "geometry": {"type": "Point", "coordinates": [630404.77, 5219504.01]}, "properties": {"type": "gap", "gap_m": 3.0, "vineyard_id": "V66", "row_id": "V66-R015", "reachable": true, "id": "T3057", "x": 630404.77, "y": 5219504.01, "order": 222, "visited": true}}, {"type": "Feature", "geometry": {"type": "Point", "coordinates": [630404.89, 5219527.64]}, "properties": {"type": "gap", "gap_m": 3.5, "vineyard_id": "V66", "row_id": "V66-R017", "reachable": true, "id": "T3058", "x": 630404.89, "y": 5219527.64, "order": 221, "visited": true}}, {"type": "Feature", "geometry": {"type": "Point", "coordinates": [630408.04, 5219502.07]}, "properties": {"type": "gap", "gap_m": 4.5, "vineyard_id": "V66", "row_id": "V66-R017", "reachable": true, "id": "T3059", "x": 630408.04, "y": 5219502.07, "order": null, "visited": true}}, {"type": "Feature", "geometry": {"type": "Point", "coordinates": [630409.52, 5219489.98]}, "properties": {"type": "gap", "gap_m": 3.4, "vineyard_id": "V66", "row_id": "V66-R017", "reachable": true, "id": "T3060", "x": 630409.52, "y": 5219489.98, "order": null, "visited": true}}, {"type": "Feature", "geometry": {"type": "Point", "coordinates": [630407.26, 5219527.08]}, "properties": {"type": "gap", "gap_m": 7.8, "vineyard_id": "V66", "row_id": "V66-R018", "reachable": true, "id": "T3061", "x": 630407.26, "y": 5219527.08, "order": 252, "visited": true}}, {"type": "Feature", "geometry": {"type": "Point", "coordinates": [630410.13, 5219503.66]}, "properties": {"type": "gap", "gap_m": 8.2, "vineyard_id": "V66", "row_id": "V66-R018", "reachable": true, "id": "T3062", "x": 630410.13, "y": 5219503.66, "order": 256, "visited": true}}, {"type": "Feature", "geometry": {"type": "Point", "coordinates": [630411.91, 5219489.12]}, "properties": {"type": "gap", "gap_m": 7.4, "vineyard_id": "V66", "row_id": "V66-R018", "reachable": true, "id": "T3063", "x": 630411.91, "y": 5219489.12, "order": 253, "visited": true}}, {"type": "Feature", "geometry": {"type": "Point", "coordinates": [630412.54, 5219504.09]}, "properties": {"type": "gap", "gap_m": 7.4, "vineyard_id": "V66", "row_id": "V66-R019", "reachable": true, "id": "T3064", "x": 630412.54, "y": 5219504.09, "order": 257, "visited": true}}, {"type": "Feature", "geometry": {"type": "Point", "coordinates": [630414.46, 5219488.12]}, "properties": {"type": "gap", "gap_m": 11.3, "vineyard_id": "V66", "row_id": "V66-R019", "reachable": true, "id": "T3065", "x": 630414.46, "y": 5219488.12, "order": 255, "visited": true}}, {"type": "Feature", "geometry": {"type": "Point", "coordinates": [630416.61, 5219498.32]}, "properties": {"type": "gap", "gap_m": 3.6, "vineyard_id": "V66", "row_id": "V66-R020", "reachable": true, "id": "T3066", "x": 630416.61, "y": 5219498.32, "order": null, "visited": true}}, {"type": "Feature", "geometry": {"type": "Point", "coordinates": [630419.36, 5219495.01]}, "properties": {"type": "gap", "gap_m": 5.6, "vineyard_id": "V66", "row_id": "V66-R022", "reachable": true, "id": "T3067", "x": 630419.36, "y": 5219495.01, "order": 258, "visited": true}}, {"type": "Feature", "geometry": {"type": "Point", "coordinates": [630419.92, 5219490.37]}, "properties": {"type": "gap", "gap_m": 3.0, "vineyard_id": "V66", "row_id": "V66-R022", "reachable": true, "id": "T3068", "x": 630419.92, "y": 5219490.37, "order": null, "visited": false}}, {"type": "Feature", "geometry": {"type": "Point", "coordinates": [630427.98, 5219558.07]}, "properties": {"type": "gap", "gap_m": 8.2, "vineyard_id": "V66", "row_id": "V66-R023", "reachable": true, "id": "T3069", "x": 630427.98, "y": 5219558.07, "order": null, "visited": false}}, {"type": "Feature", "geometry": {"type": "Point", "coordinates": [630430.57, 5219559.48]}, "properties": {"type": "gap", "gap_m": 8.9, "vineyard_id": "V66", "row_id": "V66-R024", "reachable": true, "id": "T3070", "x": 630430.57, "y": 5219559.48, "order": 242, "visited": true}}, {"type": "Feature", "geometry": {"type": "Point", "coordinates": [630421.42, 5219504.06]}, "properties": {"type": "gap", "gap_m": 4.3, "vineyard_id": "V66", "row_id": "V66-R025", "reachable": true, "id": "T3071", "x": 630421.42, "y": 5219504.06, "order": null, "visited": false}}, {"type": "Feature", "geometry": {"type": "Point", "coordinates": [630424.15, 5219527.17]}, "properties": {"type": "gap", "gap_m": 7.6, "vineyard_id": "V66", "row_id": "V66-R026", "reachable": true, "id": "T3072", "x": 630424.15, "y": 5219527.17, "order": 251, "visited": true}}, {"type": "Feature", "geometry": {"type": "Point", "coordinates": [630421.59, 5219524.61]}, "properties": {"type": "gap", "gap_m": 3.2, "vineyard_id": "V66", "row_id": "V66-R027", "reachable": true, "id": "T3073", "x": 630421.59, "y": 5219524.61, "order": 250, "visited": true}}, {"type": "Feature", "geometry": {"type": "Point", "coordinates": [630432.88, 5219557.08]}, "properties": {"type": "gap", "gap_m": 12.2, "vineyard_id": "V66", "row_id": "V66-R028", "reachable": true, "id": "T3074", "x": 630432.88, "y": 5219557.08, "order": 241, "visited": true}}, {"type": "Feature", "geometry": {"type": "Point", "coordinates": [630430.28, 5219547.36]}, "properties": {"type": "gap", "gap_m": 4.7, "vineyard_id": "V66", "row_id": "V66-R028", "reachable": true, "id": "T3075", "x": 630430.28, "y": 5219547.36, "order": null, "visited": true}}, {"type": "Feature", "geometry": {"type": "Point", "coordinates": [630428.65, 5219541.26]}, "properties": {"type": "gap", "gap_m": 4.6, "vineyard_id": "V66", "row_id": "V66-R028", "reachable": true, "id": "T3076", "x": 630428.65, "y": 5219541.26, "order": null, "visited": true}}, {"type": "Feature", "geometry": {"type": "Point", "coordinates": [630436.15, 5219559.47]}, "properties": {"type": "gap", "gap_m": 9.4, "vineyard_id": "V66", "row_id": "V66-R030", "reachable": true, "id": "T3077", "x": 630436.15, "y": 5219559.47, "order": 244, "visited": true}}, {"type": "Feature", "geometry": {"type": "Point", "coordinates": [630432.75, 5219546.82]}, "properties": {"type": "gap", "gap_m": 12.3, "vineyard_id": "V66", "row_id": "V66-R030", "reachable": true, "id": "T3078", "x": 630432.75, "y": 5219546.82, "order": 245, "visited": true}}, {"type": "Feature", "geometry": {"type": "Point", "coordinates": [630438.43, 5219560.44]}, "properties": {"type": "gap", "gap_m": 8.7, "vineyard_id": "V66", "row_id": "V66-R032", "reachable": true, "id": "T3079", "x": 630438.43, "y": 5219560.44, "order": 243, "visited": true}}, {"type": "Feature", "geometry": {"type": "Point", "coordinates": [630434.55, 5219545.82]}, "properties": {"type": "gap", "gap_m": 7.2, "vineyard_id": "V66", "row_id": "V66-R032", "reachable": true, "id": "T3080", "x": 630434.55, "y": 5219545.82, "order": 245, "visited": true}}, {"type": "Feature", "geometry": {"type": "Point", "coordinates": [630432.21, 5219537.0]}, "properties": {"type": "gap", "gap_m": 7.0, "vineyard_id": "V66", "row_id": "V66-R032", "reachable": true, "id": "T3081", "x": 630432.21, "y": 5219537.0, "order": 246, "visited": true}}, {"type": "Feature", "geometry": {"type": "Point", "coordinates": [630424.04, 5219491.22]}, "properties": {"type": "gap", "gap_m": 23.8, "vineyard_id": "V66", "row_id": "V66-R033", "reachable": true, "id": "T3082", "x": 630424.04, "y": 5219491.22, "order": 259, "visited": true}}, {"type": "Feature", "geometry": {"type": "Point", "coordinates": [630419.41, 5219445.53]}, "properties": {"type": "gap", "gap_m": 3.8, "vineyard_id": "V66", "row_id": "V66-R034", "reachable": true, "id": "T3083", "x": 630419.41, "y": 5219445.53, "order": null, "visited": false}}, {"type": "Feature", "geometry": {"type": "Point", "coordinates": [630428.3, 5219493.72]}, "properties": {"type": "gap", "gap_m": 10.3, "vineyard_id": "V66", "row_id": "V66-R035", "reachable": true, "id": "T3084", "x": 630428.3, "y": 5219493.72, "order": 261, "visited": true}}, {"type": "Feature", "geometry": {"type": "Point", "coordinates": [630441.29, 5219562.07]}, "properties": {"type": "gap", "gap_m": 7.9, "vineyard_id": "V66", "row_id": "V66-R036", "reachable": true, "id": "T3085", "x": 630441.29, "y": 5219562.07, "order": 247, "visited": true}}, {"type": "Feature", "geometry": {"type": "Point", "coordinates": [630436.81, 5219545.38]}, "properties": {"type": "gap", "gap_m": 5.0, "vineyard_id": "V66", "row_id": "V66-R036", "reachable": true, "id": "T3086", "x": 630436.81, "y": 5219545.38, "order": 248, "visited": true}}, {"type": "Feature", "geometry": {"type": "Point", "coordinates": [630434.98, 5219538.59]}, "properties": {"type": "gap", "gap_m": 7.4, "vineyard_id": "V66", "row_id": "V66-R036", "reachable": true, "id": "T3087", "x": 630434.98, "y": 5219538.59, "order": 249, "visited": true}}, {"type": "Feature", "geometry": {"type": "Point", "coordinates": [630430.72, 5219491.45]}, "properties": {"type": "gap", "gap_m": 15.8, "vineyard_id": "V66", "row_id": "V66-R038", "reachable": true, "id": "T3088", "x": 630430.72, "y": 5219491.45, "order": 260, "visited": true}}, {"type": "Feature", "geometry": {"type": "Point", "coordinates": [630429.21, 5219479.25]}, "properties": {"type": "gap", "gap_m": 4.8, "vineyard_id": "V66", "row_id": "V66-R038", "reachable": true, "id": "T3089", "x": 630429.21, "y": 5219479.25, "order": null, "visited": true}}, {"type": "Feature", "geometry": {"type": "Point", "coordinates": [630426.12, 5219453.22]}, "properties": {"type": "gap", "gap_m": 3.1, "vineyard_id": "V66", "row_id": "V66-R038", "reachable": true, "id": "T3090", "x": 630426.12, "y": 5219453.22, "order": null, "visited": false}}, {"type": "Feature", "geometry": {"type": "Point", "coordinates": [630424.68, 5219463.88]}, "properties": {"type": "gap", "gap_m": 4.1, "vineyard_id": "V66", "row_id": "V66-R039", "reachable": true, "id": "T3091", "x": 630424.68, "y": 5219463.88, "order": null, "visited": false}}, {"type": "Feature", "geometry": {"type": "Point", "coordinates": [630445.41, 5219563.15]}, "properties": {"type": "gap", "gap_m": 6.7, "vineyard_id": "V66", "row_id": "V66-R040", "reachable": true, "id": "T3092", "x": 630445.41, "y": 5219563.15, "order": null, "visited": true}}, {"type": "Feature", "geometry": {"type": "Point", "coordinates": [630443.79, 5219557.12]}, "properties": {"type": "gap", "gap_m": 4.2, "vineyard_id": "V66", "row_id": "V66-R040", "reachable": true, "id": "T3093", "x": 630443.79, "y": 5219557.12, "order": null, "visited": true}}, {"type": "Feature", "geometry": {"type": "Point", "coordinates": [630441.95, 5219550.25]}, "properties": {"type": "gap", "gap_m": 7.8, "vineyard_id": "V66", "row_id": "V66-R040", "reachable": true, "id": "T3094", "x": 630441.95, "y": 5219550.25, "order": 267, "visited": true}}, {"type": "Feature", "geometry": {"type": "Point", "coordinates": [630439.2, 5219540.0]}, "properties": {"type": "gap", "gap_m": 7.5, "vineyard_id": "V66", "row_id": "V66-R040", "reachable": true, "id": "T3095", "x": 630439.2, "y": 5219540.0, "order": 266, "visited": true}}, {"type": "Feature", "geometry": {"type": "Point", "coordinates": [630449.4, 5219567.84]}, "properties": {"type": "gap", "gap_m": 9.8, "vineyard_id": "V66", "row_id": "V66-R041", "reachable": true, "id": "T3096", "x": 630449.4, "y": 5219567.84, "order": 268, "visited": true}}, {"type": "Feature", "geometry": {"type": "Point", "coordinates": [630446.01, 5219555.2]}, "properties": {"type": "gap", "gap_m": 13.5, "vineyard_id": "V66", "row_id": "V66-R041", "reachable": true, "id": "T3097", "x": 630446.01, "y": 5219555.2, "order": 269, "visited": true}}, {"type": "Feature", "geometry": {"type": "Point", "coordinates": [630442.13, 5219540.76]}, "properties": {"type": "gap", "gap_m": 6.7, "vineyard_id": "V66", "row_id": "V66-R041", "reachable": true, "id": "T3098", "x": 630442.13, "y": 5219540.76, "order": 265, "visited": true}}, {"type": "Feature", "geometry": {"type": "Point", "coordinates": [630440.13, 5219524.86]}, "properties": {"type": "gap", "gap_m": 6.7, "vineyard_id": "V66", "row_id": "V66-R042", "reachable": true, "id": "T3099", "x": 630440.13, "y": 5219524.86, "order": 263, "visited": true}}, {"type": "Feature", "geometry": {"type": "Point", "coordinates": [630436.94, 5219493.51]}, "properties": {"type": "gap", "gap_m": 12.8, "vineyard_id": "V66", "row_id": "V66-R042", "reachable": true, "id": "T3100", "x": 630436.94, "y": 5219493.51, "order": null, "visited": true}}, {"type": "Feature", "geometry": {"type": "Point", "coordinates": [630450.07, 5219564.1]}, "properties": {"type": "gap", "gap_m": 6.2, "vineyard_id": "V66", "row_id": "V66-R043", "reachable": true, "id": "T3101", "x": 630450.07, "y": 5219564.1, "order": null, "visited": false}}, {"type": "Feature", "geometry": {"type": "Point", "coordinates": [630447.62, 5219554.92]}, "properties": {"type": "gap", "gap_m": 4.5, "vineyard_id": "V66", "row_id": "V66-R043", "reachable": true, "id": "T3102", "x": 630447.62, "y": 5219554.92, "order": 269, "visited": true}}, {"type": "Feature", "geometry": {"type": "Point", "coordinates": [630445.93, 5219548.58]}, "properties": {"type": "gap", "gap_m": 5.7, "vineyard_id": "V66", "row_id": "V66-R043", "reachable": true, "id": "T3103", "x": 630445.93, "y": 5219548.58, "order": null, "visited": true}}, {"type": "Feature", "geometry": {"type": "Point", "coordinates": [630443.3, 5219538.67]}, "properties": {"type": "gap", "gap_m": 8.3, "vineyard_id": "V66", "row_id": "V66-R043", "reachable": true, "id": "T3104", "x": 630443.3, "y": 5219538.67, "order": 265, "visited": true}}, {"type": "Feature", "geometry": {"type": "Point", "coordinates": [630429.73, 5219454.83]}, "properties": {"type": "gap", "gap_m": 4.7, "vineyard_id": "V66", "row_id": "V66-R044", "reachable": true, "id": "T3105", "x": 630429.73, "y": 5219454.83, "order": null, "visited": false}}, {"type": "Feature", "geometry": {"type": "Point", "coordinates": [630442.71, 5219526.18]}, "properties": {"type": "gap", "gap_m": 8.0, "vineyard_id": "V66", "row_id": "V66-R046", "reachable": true, "id": "T3106", "x": 630442.71, "y": 5219526.18, "order": 264, "visited": true}}, {"type": "Feature", "geometry": {"type": "Point", "coordinates": [630439.78, 5219496.54]}, "properties": {"type": "gap", "gap_m": 9.3, "vineyard_id": "V66", "row_id": "V66-R046", "reachable": true, "id": "T3107", "x": 630439.78, "y": 5219496.54, "order": 262, "visited": true}}, {"type": "Feature", "geometry": {"type": "Point", "coordinates": [630438.91, 5219487.67]}, "properties": {"type": "gap", "gap_m": 6.8, "vineyard_id": "V66", "row_id": "V66-R046", "reachable": true, "id": "T3108", "x": 630438.91, "y": 5219487.67, "order": null, "visited": true}}, {"type": "Feature", "geometry": {"type": "Point", "coordinates": [630453.41, 5219565.86]}, "properties": {"type": "gap", "gap_m": 8.4, "vineyard_id": "V66", "row_id": "V66-R047", "reachable": true, "id": "T3109", "x": 630453.41, "y": 5219565.86, "order": null, "visited": false}}, {"type": "Feature", "geometry": {"type": "Point", "coordinates": [630450.07, 5219553.42]}, "properties": {"type": "gap", "gap_m": 4.2, "vineyard_id": "V66", "row_id": "V66-R047", "reachable": true, "id": "T3110", "x": 630450.07, "y": 5219553.42, "order": null, "visited": true}}, {"type": "Feature", "geometry": {"type": "Point", "coordinates": [630446.6, 5219540.49]}, "properties": {"type": "gap", "gap_m": 4.9, "vineyard_id": "V66", "row_id": "V66-R047", "reachable": true, "id": "T3111", "x": 630446.6, "y": 5219540.49, "order": null, "visited": false}}, {"type": "Feature", "geometry": {"type": "Point", "coordinates": [630452.86, 5219553.88]}, "properties": {"type": "gap", "gap_m": 5.8, "vineyard_id": "V66", "row_id": "V66-R050", "reachable": true, "id": "T3112", "x": 630452.86, "y": 5219553.88, "order": null, "visited": false}}, {"type": "Feature", "geometry": {"type": "Point", "coordinates": [630449.22, 5219540.27]}, "properties": {"type": "gap", "gap_m": 4.0, "vineyard_id": "V66", "row_id": "V66-R050", "reachable": true, "id": "T3113", "x": 630449.22, "y": 5219540.27, "order": null, "visited": true}}, {"type": "Feature", "geometry": {"type": "Point", "coordinates": [630447.47, 5219526.29]}, "properties": {"type": "gap", "gap_m": 4.7, "vineyard_id": "V66", "row_id": "V66-R052", "reachable": true, "id": "T3114", "x": 630447.47, "y": 5219526.29, "order": null, "visited": false}}, {"type": "Feature", "geometry": {"type": "Point", "coordinates": [630446.05, 5219512.13]}, "properties": {"type": "gap", "gap_m": 9.3, "vineyard_id": "V66", "row_id": "V66-R052", "reachable": true, "id": "T3115", "x": 630446.05, "y": 5219512.13, "order": null, "visited": false}}, {"type": "Feature", "geometry": {"type": "Point", "coordinates": [630444.88, 5219500.43]}, "properties": {"type": "gap", "gap_m": 5.5, "vineyard_id": "V66", "row_id": "V66-R052", "reachable": true, "id": "T3116", "x": 630444.88, "y": 5219500.43, "order": null, "visited": false}}, {"type": "Feature", "geometry": {"type": "Point", "coordinates": [630443.7, 5219488.64]}, "properties": {"type": "gap", "gap_m": 6.9, "vineyard_id": "V66", "row_id": "V66-R052", "reachable": true, "id": "T3117", "x": 630443.7, "y": 5219488.64, "order": null, "visited": false}}, {"type": "Feature", "geometry": {"type": "Point", "coordinates": [630437.98, 5219462.31]}, "properties": {"type": "gap", "gap_m": 4.0, "vineyard_id": "V66", "row_id": "V66-R053", "reachable": true, "id": "T3118", "x": 630437.98, "y": 5219462.31, "order": null, "visited": false}}, {"type": "Feature", "geometry": {"type": "Point", "coordinates": [630437.31, 5219456.8]}, "properties": {"type": "gap", "gap_m": 3.3, "vineyard_id": "V66", "row_id": "V66-R053", "reachable": true, "id": "T3119", "x": 630437.31, "y": 5219456.8, "order": null, "visited": false}}, {"type": "Feature", "geometry": {"type": "Point", "coordinates": [630435.72, 5219443.77]}, "properties": {"type": "gap", "gap_m": 3.4, "vineyard_id": "V66", "row_id": "V66-R053", "reachable": true, "id": "T3120", "x": 630435.72, "y": 5219443.77, "order": null, "visited": false}}, {"type": "Feature", "geometry": {"type": "Point", "coordinates": [630433.24, 5219426.62]}, "properties": {"type": "gap", "gap_m": 3.4, "vineyard_id": "V66", "row_id": "V66-R055", "reachable": true, "id": "T3121", "x": 630433.24, "y": 5219426.62, "order": null, "visited": false}}, {"type": "Feature", "geometry": {"type": "Point", "coordinates": [630457.58, 5219558.1]}, "properties": {"type": "gap", "gap_m": 12.9, "vineyard_id": "V66", "row_id": "V66-R056", "reachable": true, "id": "T3122", "x": 630457.58, "y": 5219558.1, "order": null, "visited": false}}, {"type": "Feature", "geometry": {"type": "Point", "coordinates": [630453.8, 5219543.95]}, "properties": {"type": "gap", "gap_m": 8.7, "vineyard_id": "V66", "row_id": "V66-R056", "reachable": true, "id": "T3123", "x": 630453.8, "y": 5219543.95, "order": null, "visited": false}}, {"type": "Feature", "geometry": {"type": "Point", "coordinates": [630450.16, 5219527.62]}, "properties": {"type": "gap", "gap_m": 9.1, "vineyard_id": "V66", "row_id": "V66-R057", "reachable": true, "id": "T3124", "x": 630450.16, "y": 5219527.62, "order": null, "visited": false}}, {"type": "Feature", "geometry": {"type": "Point", "coordinates": [630448.27, 5219509.42]}, "properties": {"type": "gap", "gap_m": 6.9, "vineyard_id": "V66", "row_id": "V66-R057", "reachable": true, "id": "T3125", "x": 630448.27, "y": 5219509.42, "order": 270, "visited": true}}, {"type": "Feature", "geometry": {"type": "Point", "coordinates": [630447.35, 5219500.54]}, "properties": {"type": "gap", "gap_m": 9.2, "vineyard_id": "V66", "row_id": "V66-R057", "reachable": true, "id": "T3126", "x": 630447.35, "y": 5219500.54, "order": 271, "visited": true}}, {"type": "Feature", "geometry": {"type": "Point", "coordinates": [630446.22, 5219489.68]}, "properties": {"type": "gap", "gap_m": 5.7, "vineyard_id": "V66", "row_id": "V66-R057", "reachable": true, "id": "T3127", "x": 630446.22, "y": 5219489.68, "order": 272, "visited": true}}, {"type": "Feature", "geometry": {"type": "Point", "coordinates": [630431.73, 5219412.62]}, "properties": {"type": "gap", "gap_m": 4.3, "vineyard_id": "V66", "row_id": "V66-R058", "reachable": true, "id": "T3128", "x": 630431.73, "y": 5219412.62, "order": null, "visited": false}}, {"type": "Feature", "geometry": {"type": "Point", "coordinates": [630461.24, 5219562.98]}, "properties": {"type": "gap", "gap_m": 3.4, "vineyard_id": "V66", "row_id": "V66-R060", "reachable": true, "id": "T3129", "x": 630461.24, "y": 5219562.98, "order": null, "visited": false}}, {"type": "Feature", "geometry": {"type": "Point", "coordinates": [630459.61, 5219556.9]}, "properties": {"type": "gap", "gap_m": 8.1, "vineyard_id": "V66", "row_id": "V66-R060", "reachable": true, "id": "T3130", "x": 630459.61, "y": 5219556.9, "order": null, "visited": false}}, {"type": "Feature", "geometry": {"type": "Point", "coordinates": [630456.27, 5219544.42]}, "properties": {"type": "gap", "gap_m": 5.3, "vineyard_id": "V66", "row_id": "V66-R060", "reachable": true, "id": "T3131", "x": 630456.27, "y": 5219544.42, "order": null, "visited": false}}, {"type": "Feature", "geometry": {"type": "Point", "coordinates": [630442.28, 5219427.72]}, "properties": {"type": "gap", "gap_m": 3.6, "vineyard_id": "V66", "row_id": "V66-R061", "reachable": true, "id": "T3132", "x": 630442.28, "y": 5219427.72, "order": null, "visited": true}}, {"type": "Feature", "geometry": {"type": "Point", "coordinates": [630435.81, 5219423.57]}, "properties": {"type": "gap", "gap_m": 5.0, "vineyard_id": "V66", "row_id": "V66-R061", "reachable": true, "id": "T3133", "x": 630435.81, "y": 5219423.57, "order": 280, "visited": true}}, {"type": "Feature", "geometry": {"type": "Point", "coordinates": [630451.08, 5219507.7]}, "properties": {"type": "gap", "gap_m": 4.5, "vineyard_id": "V66", "row_id": "V66-R063", "reachable": true, "id": "T3134", "x": 630451.08, "y": 5219507.7, "order": 274, "visited": true}}, {"type": "Feature", "geometry": {"type": "Point", "coordinates": [630450.3, 5219500.0]}, "properties": {"type": "gap", "gap_m": 9.1, "vineyard_id": "V66", "row_id": "V66-R063", "reachable": true, "id": "T3135", "x": 630450.3, "y": 5219500.0, "order": 273, "visited": true}}, {"type": "Feature", "geometry": {"type": "Point", "coordinates": [630449.11, 5219488.27]}, "properties": {"type": "gap", "gap_m": 9.8, "vineyard_id": "V66", "row_id": "V66-R063", "reachable": true, "id": "T3136", "x": 630449.11, "y": 5219488.27, "order": null, "visited": true}}, {"type": "Feature", "geometry": {"type": "Point", "coordinates": [630446.95, 5219471.04]}, "properties": {"type": "gap", "gap_m": 3.8, "vineyard_id": "V66", "row_id": "V66-R063", "reachable": true, "id": "T3137", "x": 630446.95, "y": 5219471.04, "order": 277, "visited": true}}, {"type": "Feature", "geometry": {"type": "Point", "coordinates": [630445.12, 5219456.07]}, "properties": {"type": "gap", "gap_m": 4.6, "vineyard_id": "V66", "row_id": "V66-R063", "reachable": true, "id": "T3138", "x": 630445.12, "y": 5219456.07, "order": 278, "visited": true}}, {"type": "Feature", "geometry": {"type": "Point", "coordinates": [630443.15, 5219439.91]}, "properties": {"type": "gap", "gap_m": 3.4, "vineyard_id": "V66", "row_id": "V66-R063", "reachable": true, "id": "T3139", "x": 630443.15, "y": 5219439.91, "order": 279, "visited": true}}, {"type": "Feature", "geometry": {"type": "Point", "coordinates": [630462.88, 5219559.51]}, "properties": {"type": "gap", "gap_m": 11.9, "vineyard_id": "V66", "row_id": "V66-R064", "reachable": true, "id": "T3140", "x": 630462.88, "y": 5219559.51, "order": null, "visited": false}}, {"type": "Feature", "geometry": {"type": "Point", "coordinates": [630458.85, 5219544.34]}, "properties": {"type": "gap", "gap_m": 3.6, "vineyard_id": "V66", "row_id": "V66-R064", "reachable": true, "id": "T3141", "x": 630458.85, "y": 5219544.34, "order": null, "visited": false}}, {"type": "Feature", "geometry": {"type": "Point", "coordinates": [630439.6, 5219423.69]}, "properties": {"type": "gap", "gap_m": 6.5, "vineyard_id": "V66", "row_id": "V66-R065", "reachable": true, "id": "T3142", "x": 630439.6, "y": 5219423.69, "order": null, "visited": true}}, {"type": "Feature", "geometry": {"type": "Point", "coordinates": [630436.26, 5219418.2]}, "properties": {"type": "gap", "gap_m": 16.3, "vineyard_id": "V66", "row_id": "V66-R066", "reachable": true, "id": "T3143", "x": 630436.26, "y": 5219418.2, "order": null, "visited": false}}, {"type": "Feature", "geometry": {"type": "Point", "coordinates": [630453.83, 5219514.47]}, "properties": {"type": "gap", "gap_m": 3.1, "vineyard_id": "V66", "row_id": "V66-R068", "reachable": true, "id": "T3144", "x": 630453.83, "y": 5219514.47, "order": 276, "visited": true}}, {"type": "Feature", "geometry": {"type": "Point", "coordinates": [630453.29, 5219509.1]}, "properties": {"type": "gap", "gap_m": 3.3, "vineyard_id": "V66", "row_id": "V66-R068", "reachable": true, "id": "T3145", "x": 630453.29, "y": 5219509.1, "order": 275, "visited": true}}, {"type": "Feature", "geometry": {"type": "Point", "coordinates": [630452.48, 5219500.98]}, "properties": {"type": "gap", "gap_m": 10.3, "vineyard_id": "V66", "row_id": "V66-R068", "reachable": true, "id": "T3146", "x": 630452.48, "y": 5219500.98, "order": 273, "visited": true}}, {"type": "Feature", "geometry": {"type": "Point", "coordinates": [630451.21, 5219488.32]}, "properties": {"type": "gap", "gap_m": 11.3, "vineyard_id": "V66", "row_id": "V66-R068", "reachable": true, "id": "T3147", "x": 630451.21, "y": 5219488.32, "order": null, "visited": true}}, {"type": "Feature", "geometry": {"type": "Point", "coordinates": [630449.35, 5219470.5]}, "properties": {"type": "gap", "gap_m": 4.3, "vineyard_id": "V66", "row_id": "V66-R068", "reachable": true, "id": "T3148", "x": 630449.35, "y": 5219470.5, "order": null, "visited": true}}, {"type": "Feature", "geometry": {"type": "Point", "coordinates": [630446.1, 5219444.17]}, "properties": {"type": "gap", "gap_m": 3.5, "vineyard_id": "V66", "row_id": "V66-R068", "reachable": true, "id": "T3149", "x": 630446.1, "y": 5219444.17, "order": null, "visited": true}}, {"type": "Feature", "geometry": {"type": "Point", "coordinates": [630466.02, 5219556.64]}, "properties": {"type": "gap", "gap_m": 8.3, "vineyard_id": "V66", "row_id": "V66-R069", "reachable": true, "id": "T3150", "x": 630466.02, "y": 5219556.64, "order": 286, "visited": true}}, {"type": "Feature", "geometry": {"type": "Point", "coordinates": [630462.5, 5219543.57]}, "properties": {"type": "gap", "gap_m": 3.0, "vineyard_id": "V66", "row_id": "V66-R069", "reachable": true, "id": "T3151", "x": 630462.5, "y": 5219543.57, "order": null, "visited": true}}, {"type": "Feature", "geometry": {"type": "Point", "coordinates": [630460.85, 5219537.44]}, "properties": {"type": "gap", "gap_m": 4.1, "vineyard_id": "V66", "row_id": "V66-R069", "reachable": true, "id": "T3152", "x": 630460.85, "y": 5219537.44, "order": 285, "visited": true}}, {"type": "Feature", "geometry": {"type": "Point", "coordinates": [630458.74, 5219524.99]}, "properties": {"type": "gap", "gap_m": 6.8, "vineyard_id": "V66", "row_id": "V66-R070", "reachable": true, "id": "T3153", "x": 630458.74, "y": 5219524.99, "order": 284, "visited": true}}, {"type": "Feature", "geometry": {"type": "Point", "coordinates": [630456.17, 5219499.74]}, "properties": {"type": "gap", "gap_m": 17.9, "vineyard_id": "V66", "row_id": "V66-R070", "reachable": true, "id": "T3154", "x": 630456.17, "y": 5219499.74, "order": 283, "visited": true}}, {"type": "Feature", "geometry": {"type": "Point", "coordinates": [630449.62, 5219445.9]}, "properties": {"type": "gap", "gap_m": 3.3, "vineyard_id": "V66", "row_id": "V66-R070", "reachable": true, "id": "T3155", "x": 630449.62, "y": 5219445.9, "order": null, "visited": true}}, {"type": "Feature", "geometry": {"type": "Point", "coordinates": [630472.9, 5219573.15]}, "properties": {"type": "gap", "gap_m": 17.0, "vineyard_id": "V66", "row_id": "V66-R071", "reachable": true, "id": "T3156", "x": 630472.9, "y": 5219573.15, "order": 287, "visited": true}}, {"type": "Feature", "geometry": {"type": "Point", "coordinates": [630469.18, 5219559.26]}, "properties": {"type": "gap", "gap_m": 7.2, "vineyard_id": "V66", "row_id": "V66-R071", "reachable": true, "id": "T3157", "x": 630469.18, "y": 5219559.26, "order": 289, "visited": true}}, {"type": "Feature", "geometry": {"type": "Point", "coordinates": [630464.11, 5219540.32]}, "properties": {"type": "gap", "gap_m": 10.6, "vineyard_id": "V66", "row_id": "V66-R071", "reachable": true, "id": "T3158", "x": 630464.11, "y": 5219540.32, "order": 291, "visited": true}}, {"type": "Feature", "geometry": {"type": "Point", "coordinates": [630461.16, 5219525.36]}, "properties": {"type": "gap", "gap_m": 6.0, "vineyard_id": "V66", "row_id": "V66-R072", "reachable": true, "id": "T3159", "x": 630461.16, "y": 5219525.36, "order": 284, "visited": true}}, {"type": "Feature", "geometry": {"type": "Point", "coordinates": [630458.62, 5219500.3]}, "properties": {"type": "gap", "gap_m": 6.8, "vineyard_id": "V66", "row_id": "V66-R072", "reachable": true, "id": "T3160", "x": 630458.62, "y": 5219500.3, "order": 283, "visited": true}}, {"type": "Feature", "geometry": {"type": "Point", "coordinates": [630457.89, 5219493.2]}, "properties": {"type": "gap", "gap_m": 6.1, "vineyard_id": "V66", "row_id": "V66-R072", "reachable": true, "id": "T3161", "x": 630457.89, "y": 5219493.2, "order": 282, "visited": true}}, {"type": "Feature", "geometry": {"type": "Point", "coordinates": [630455.98, 5219472.44]}, "properties": {"type": "gap", "gap_m": 5.1, "vineyard_id": "V66", "row_id": "V66-R072", "reachable": true, "id": "T3162", "x": 630455.98, "y": 5219472.44, "order": 281, "visited": true}}, {"type": "Feature", "geometry": {"type": "Point", "coordinates": [630451.51, 5219436.23]}, "properties": {"type": "gap", "gap_m": 5.2, "vineyard_id": "V66", "row_id": "V66-R072", "reachable": true, "id": "T3163", "x": 630451.51, "y": 5219436.23, "order": null, "visited": false}}, {"type": "Feature", "geometry": {"type": "Point", "coordinates": [630472.84, 5219563.73]}, "properties": {"type": "gap", "gap_m": 3.3, "vineyard_id": "V66", "row_id": "V66-R073", "reachable": true, "id": "T3164", "x": 630472.84, "y": 5219563.73, "order": 288, "visited": true}}, {"type": "Feature", "geometry": {"type": "Point", "coordinates": [630467.94, 5219545.24]}, "properties": {"type": "gap", "gap_m": 11.9, "vineyard_id": "V66", "row_id": "V66-R073", "reachable": true, "id": "T3165", "x": 630467.94, "y": 5219545.24, "order": 290, "visited": true}}, {"type": "Feature", "geometry": {"type": "Point", "coordinates": [630465.7, 5219536.8]}, "properties": {"type": "gap", "gap_m": 4.1, "vineyard_id": "V66", "row_id": "V66-R073", "reachable": true, "id": "T3166", "x": 630465.7, "y": 5219536.8, "order": 292, "visited": true}}, {"type": "Feature", "geometry": {"type": "Point", "coordinates": [630463.8, 5219524.63]}, "properties": {"type": "gap", "gap_m": 5.2, "vineyard_id": "V66", "row_id": "V66-R074", "reachable": true, "id": "T3167", "x": 630463.8, "y": 5219524.63, "order": 295, "visited": true}}, {"type": "Feature", "geometry": {"type": "Point", "coordinates": [630461.48, 5219501.9]}, "properties": {"type": "gap", "gap_m": 24.7, "vineyard_id": "V66", "row_id": "V66-R074", "reachable": true, "id": "T3168", "x": 630461.48, "y": 5219501.9, "order": 293, "visited": true}}, {"type": "Feature", "geometry": {"type": "Point", "coordinates": [630463.49, 5219500.81]}, "properties": {"type": "gap", "gap_m": 26.1, "vineyard_id": "V66", "row_id": "V66-R075", "reachable": true, "id": "T3169", "x": 630463.49, "y": 5219500.81, "order": 294, "visited": true}}, {"type": "Feature", "geometry": {"type": "Point", "coordinates": [630474.13, 5219556.0]}, "properties": {"type": "gap", "gap_m": 3.3, "vineyard_id": "V66", "row_id": "V66-R076", "reachable": true, "id": "T3170", "x": 630474.13, "y": 5219556.0, "order": 299, "visited": true}}, {"type": "Feature", "geometry": {"type": "Point", "coordinates": [630472.69, 5219550.62]}, "properties": {"type": "gap", "gap_m": 3.0, "vineyard_id": "V66", "row_id": "V66-R076", "reachable": true, "id": "T3171", "x": 630472.69, "y": 5219550.62, "order": 298, "visited": true}}, {"type": "Feature", "geometry": {"type": "Point", "coordinates": [630471.14, 5219544.83]}, "properties": {"type": "gap", "gap_m": 7.5, "vineyard_id": "V66", "row_id": "V66-R076", "reachable": true, "id": "T3172", "x": 630471.14, "y": 5219544.83, "order": 297, "visited": true}}, {"type": "Feature", "geometry": {"type": "Point", "coordinates": [630468.69, 5219535.66]}, "properties": {"type": "gap", "gap_m": 3.7, "vineyard_id": "V66", "row_id": "V66-R076", "reachable": true, "id": "T3173", "x": 630468.69, "y": 5219535.66, "order": 296, "visited": true}}, {"type": "Feature", "geometry": {"type": "Point", "coordinates": [630458.87, 5219473.12]}, "properties": {"type": "gap", "gap_m": 3.1, "vineyard_id": "V66", "row_id": "V66-R077", "reachable": true, "id": "T3174", "x": 630458.87, "y": 5219473.12, "order": null, "visited": false}}, {"type": "Feature", "geometry": {"type": "Point", "coordinates": [630456.63, 5219455.04]}, "properties": {"type": "gap", "gap_m": 3.4, "vineyard_id": "V66", "row_id": "V66-R077", "reachable": true, "id": "T3175", "x": 630456.63, "y": 5219455.04, "order": null, "visited": false}}, {"type": "Feature", "geometry": {"type": "Point", "coordinates": [630454.88, 5219440.83]}, "properties": {"type": "gap", "gap_m": 4.2, "vineyard_id": "V66", "row_id": "V66-R077", "reachable": true, "id": "T3176", "x": 630454.88, "y": 5219440.83, "order": null, "visited": false}}, {"type": "Feature", "geometry": {"type": "Point", "coordinates": [630466.24, 5219506.22]}, "properties": {"type": "gap", "gap_m": 10.2, "vineyard_id": "V66", "row_id": "V66-R078", "reachable": true, "id": "T3177", "x": 630466.24, "y": 5219506.22, "order": null, "visited": false}}, {"type": "Feature", "geometry": {"type": "Point", "coordinates": [630473.99, 5219546.64]}, "properties": {"type": "gap", "gap_m": 10.0, "vineyard_id": "V66", "row_id": "V66-R079", "reachable": true, "id": "T3178", "x": 630473.99, "y": 5219546.64, "order": 300, "visited": true}}, {"type": "Feature", "geometry": {"type": "Point", "coordinates": [630480.17, 5219579.35]}, "properties": {"type": "gap", "gap_m": 4.8, "vineyard_id": "V66", "row_id": "V66-R081", "reachable": true, "id": "T3179", "x": 630480.17, "y": 5219579.35, "order": null, "visited": false}}, {"type": "Feature", "geometry": {"type": "Point", "coordinates": [630478.6, 5219569.01]}, "properties": {"type": "gap", "gap_m": 3.5, "vineyard_id": "V66", "row_id": "V66-R081", "reachable": true, "id": "T3180", "x": 630478.6, "y": 5219569.01, "order": null, "visited": false}}, {"type": "Feature", "geometry": {"type": "Point", "coordinates": [630475.75, 5219544.98]}, "properties": {"type": "gap", "gap_m": 4.8, "vineyard_id": "V66", "row_id": "V66-R083", "reachable": true, "id": "T3181", "x": 630475.75, "y": 5219544.98, "order": 300, "visited": true}}, {"type": "Feature", "geometry": {"type": "Point", "coordinates": [630473.37, 5219536.35]}, "properties": {"type": "gap", "gap_m": 4.4, "vineyard_id": "V66", "row_id": "V66-R083", "reachable": true, "id": "T3182", "x": 630473.37, "y": 5219536.35, "order": 301, "visited": true}}, {"type": "Feature", "geometry": {"type": "Point", "coordinates": [630478.0, 5219579.98]}, "properties": {"type": "gap", "gap_m": 5.9, "vineyard_id": "V66", "row_id": "V66-R084", "reachable": true, "id": "T3183", "x": 630478.0, "y": 5219579.98, "order": null, "visited": false}}, {"type": "Feature", "geometry": {"type": "Point", "coordinates": [630474.67, 5219554.63]}, "properties": {"type": "gap", "gap_m": 43.9, "vineyard_id": "V66", "row_id": "V66-R084", "reachable": true, "id": "T3184", "x": 630474.67, "y": 5219554.63, "order": 299, "visited": true}}, {"type": "Feature", "geometry": {"type": "Point", "coordinates": [630469.39, 5219504.59]}, "properties": {"type": "gap", "gap_m": 18.4, "vineyard_id": "V66", "row_id": "V66-R084", "reachable": true, "id": "T3185", "x": 630469.39, "y": 5219504.59, "order": 302, "visited": true}}, {"type": "Feature", "geometry": {"type": "Point", "coordinates": [630482.42, 5219576.22]}, "properties": {"type": "gap", "gap_m": 3.1, "vineyard_id": "V66", "row_id": "V66-R086", "reachable": true, "id": "T3186", "x": 630482.42, "y": 5219576.22, "order": null, "visited": false}}, {"type": "Feature", "geometry": {"type": "Point", "coordinates": [630477.26, 5219542.8]}, "properties": {"type": "gap", "gap_m": 4.2, "vineyard_id": "V66", "row_id": "V66-R086", "reachable": true, "id": "T3187", "x": 630477.26, "y": 5219542.8, "order": null, "visited": false}}, {"type": "Feature", "geometry": {"type": "Point", "coordinates": [630472.35, 5219512.4]}, "properties": {"type": "gap", "gap_m": 5.7, "vineyard_id": "V66", "row_id": "V66-R088", "reachable": true, "id": "T3188", "x": 630472.35, "y": 5219512.4, "order": 307, "visited": true}}, {"type": "Feature", "geometry": {"type": "Point", "coordinates": [630471.56, 5219504.62]}, "properties": {"type": "gap", "gap_m": 8.6, "vineyard_id": "V66", "row_id": "V66-R088", "reachable": true, "id": "T3189", "x": 630471.56, "y": 5219504.62, "order": 305, "visited": true}}, {"type": "Feature", "geometry": {"type": "Point", "coordinates": [630470.84, 5219497.64]}, "properties": {"type": "gap", "gap_m": 3.9, "vineyard_id": "V66", "row_id": "V66-R088", "reachable": true, "id": "T3190", "x": 630470.84, "y": 5219497.64, "order": 304, "visited": true}}, {"type": "Feature", "geometry": {"type": "Point", "coordinates": [630484.17, 5219573.18]}, "properties": {"type": "gap", "gap_m": 8.0, "vineyard_id": "V66", "row_id": "V66-R089", "reachable": true, "id": "T3191", "x": 630484.17, "y": 5219573.18, "order": 329, "visited": true}}, {"type": "Feature", "geometry": {"type": "Point", "coordinates": [630478.24, 5219535.61]}, "properties": {"type": "gap", "gap_m": 4.8, "vineyard_id": "V66", "row_id": "V66-R089", "reachable": true, "id": "T3192", "x": 630478.24, "y": 5219535.61, "order": null, "visited": false}}, {"type": "Feature", "geometry": {"type": "Point", "coordinates": [630477.45, 5219530.6]}, "properties": {"type": "gap", "gap_m": 4.5, "vineyard_id": "V66", "row_id": "V66-R089", "reachable": true, "id": "T3193", "x": 630477.45, "y": 5219530.6, "order": 308, "visited": true}}, {"type": "Feature", "geometry": {"type": "Point", "coordinates": [630474.68, 5219507.01]}, "properties": {"type": "gap", "gap_m": 17.8, "vineyard_id": "V66", "row_id": "V66-R089", "reachable": true, "id": "T3194", "x": 630474.68, "y": 5219507.01, "order": 306, "visited": true}}, {"type": "Feature", "geometry": {"type": "Point", "coordinates": [630473.44, 5219494.42]}, "properties": {"type": "gap", "gap_m": 6.5, "vineyard_id": "V66", "row_id": "V66-R089", "reachable": true, "id": "T3195", "x": 630473.44, "y": 5219494.42, "order": 303, "visited": true}}, {"type": "Feature", "geometry": {"type": "Point", "coordinates": [630465.38, 5219457.82]}, "properties": {"type": "gap", "gap_m": 4.2, "vineyard_id": "V66", "row_id": "V66-R090", "reachable": true, "id": "T3196", "x": 630465.38, "y": 5219457.82, "order": null, "visited": false}}, {"type": "Feature", "geometry": {"type": "Point", "coordinates": [630464.78, 5219452.93]}, "properties": {"type": "gap", "gap_m": 3.1, "vineyard_id": "V66", "row_id": "V66-R090", "reachable": true, "id": "T3197", "x": 630464.78, "y": 5219452.93, "order": null, "visited": false}}, {"type": "Feature", "geometry": {"type": "Point", "coordinates": [630463.84, 5219445.27]}, "properties": {"type": "gap", "gap_m": 3.7, "vineyard_id": "V66", "row_id": "V66-R090", "reachable": true, "id": "T3198", "x": 630463.84, "y": 5219445.27, "order": null, "visited": false}}, {"type": "Feature", "geometry": {"type": "Point", "coordinates": [630485.86, 5219570.07]}, "properties": {"type": "gap", "gap_m": 15.9, "vineyard_id": "V66", "row_id": "V66-R091", "reachable": true, "id": "T3199", "x": 630485.86, "y": 5219570.07, "order": null, "visited": false}}, {"type": "Feature", "geometry": {"type": "Point", "coordinates": [630488.42, 5219569.13]}, "properties": {"type": "gap", "gap_m": 20.8, "vineyard_id": "V66", "row_id": "V66-R093", "reachable": true, "id": "T3200", "x": 630488.42, "y": 5219569.13, "order": 328, "visited": true}}, {"type": "Feature", "geometry": {"type": "Point", "coordinates": [630490.67, 5219566.89]}, "properties": {"type": "gap", "gap_m": 25.3, "vineyard_id": "V66", "row_id": "V66-R094", "reachable": true, "id": "T3201", "x": 630490.67, "y": 5219566.89, "order": 327, "visited": true}}, {"type": "Feature", "geometry": {"type": "Point", "coordinates": [630481.61, 5219479.58]}, "properties": {"type": "gap", "gap_m": 5.6, "vineyard_id": "V66", "row_id": "V66-R103", "reachable": true, "id": "T3202", "x": 630481.61, "y": 5219479.58, "order": null, "visited": false}}, {"type": "Feature", "geometry": {"type": "Point", "coordinates": [630495.05, 5219476.61]}, "properties": {"type": "gap", "gap_m": 3.0, "vineyard_id": "V66", "row_id": "V66-R103", "reachable": true, "id": "T3203", "x": 630495.05, "y": 5219476.61, "order": null, "visited": false}}, {"type": "Feature", "geometry": {"type": "Point", "coordinates": [630487.43, 5219495.65]}, "properties": {"type": "gap", "gap_m": 6.2, "vineyard_id": "V66", "row_id": "V66-R104", "reachable": true, "id": "T3204", "x": 630487.43, "y": 5219495.65, "order": null, "visited": false}}, {"type": "Feature", "geometry": {"type": "Point", "coordinates": [630491.4, 5219497.67]}, "properties": {"type": "gap", "gap_m": 4.1, "vineyard_id": "V66", "row_id": "V66-R106", "reachable": true, "id": "T3205", "x": 630491.4, "y": 5219497.67, "order": null, "visited": false}}, {"type": "Feature", "geometry": {"type": "Point", "coordinates": [630487.23, 5219502.06]}, "properties": {"type": "gap", "gap_m": 7.0, "vineyard_id": "V66", "row_id": "V66-R107", "reachable": true, "id": "T3206", "x": 630487.23, "y": 5219502.06, "order": null, "visited": false}}, {"type": "Feature", "geometry": {"type": "Point", "coordinates": [630494.65, 5219500.11]}, "properties": {"type": "gap", "gap_m": 7.1, "vineyard_id": "V66", "row_id": "V66-R107", "reachable": true, "id": "T3207", "x": 630494.65, "y": 5219500.11, "order": null, "visited": false}}, {"type": "Feature", "geometry": {"type": "Point", "coordinates": [630480.75, 5219487.28]}, "properties": {"type": "gap", "gap_m": 4.1, "vineyard_id": "V66", "row_id": "V66-R109", "reachable": true, "id": "T3208", "x": 630480.75, "y": 5219487.28, "order": null, "visited": false}}, {"type": "Feature", "geometry": {"type": "Point", "coordinates": [630492.42, 5219484.19]}, "properties": {"type": "gap", "gap_m": 5.8, "vineyard_id": "V66", "row_id": "V66-R109", "reachable": true, "id": "T3209", "x": 630492.42, "y": 5219484.19, "order": null, "visited": false}}, {"type": "Feature", "geometry": {"type": "Point", "coordinates": [630493.85, 5219507.39]}, "properties": {"type": "gap", "gap_m": 3.3, "vineyard_id": "V66", "row_id": "V66-R112", "reachable": true, "id": "T3210", "x": 630493.85, "y": 5219507.39, "order": null, "visited": false}}, {"type": "Feature", "geometry": {"type": "Point", "coordinates": [630504.9, 5219504.4]}, "properties": {"type": "gap", "gap_m": 3.8, "vineyard_id": "V66", "row_id": "V66-R112", "reachable": true, "id": "T3211", "x": 630504.9, "y": 5219504.4, "order": null, "visited": false}}, {"type": "Feature", "geometry": {"type": "Point", "coordinates": [630485.05, 5219488.68]}, "properties": {"type": "gap", "gap_m": 5.7, "vineyard_id": "V66", "row_id": "V66-R113", "reachable": true, "id": "T3212", "x": 630485.05, "y": 5219488.68, "order": null, "visited": false}}, {"type": "Feature", "geometry": {"type": "Point", "coordinates": [630498.37, 5219485.08]}, "properties": {"type": "gap", "gap_m": 4.4, "vineyard_id": "V66", "row_id": "V66-R113", "reachable": true, "id": "T3213", "x": 630498.37, "y": 5219485.08, "order": null, "visited": false}}, {"type": "Feature", "geometry": {"type": "Point", "coordinates": [630483.53, 5219493.83]}, "properties": {"type": "gap", "gap_m": 5.0, "vineyard_id": "V66", "row_id": "V66-R114", "reachable": true, "id": "T3214", "x": 630483.53, "y": 5219493.83, "order": null, "visited": false}}, {"type": "Feature", "geometry": {"type": "Point", "coordinates": [630487.24, 5219511.85]}, "properties": {"type": "gap", "gap_m": 16.9, "vineyard_id": "V66", "row_id": "V66-R115", "reachable": true, "id": "T3215", "x": 630487.24, "y": 5219511.85, "order": null, "visited": false}}, {"type": "Feature", "geometry": {"type": "Point", "coordinates": [630504.37, 5219507.27]}, "properties": {"type": "gap", "gap_m": 3.5, "vineyard_id": "V66", "row_id": "V66-R115", "reachable": true, "id": "T3216", "x": 630504.37, "y": 5219507.27, "order": 312, "visited": true}}, {"type": "Feature", "geometry": {"type": "Point", "coordinates": [630495.44, 5219512.4]}, "properties": {"type": "gap", "gap_m": 24.0, "vineyard_id": "V66", "row_id": "V66-R116", "reachable": true, "id": "T3217", "x": 630495.44, "y": 5219512.4, "order": 311, "visited": true}}, {"type": "Feature", "geometry": {"type": "Point", "coordinates": [630509.49, 5219508.58]}, "properties": {"type": "gap", "gap_m": 4.0, "vineyard_id": "V66", "row_id": "V66-R116", "reachable": true, "id": "T3218", "x": 630509.49, "y": 5219508.58, "order": null, "visited": false}}, {"type": "Feature", "geometry": {"type": "Point", "coordinates": [630484.15, 5219518.91]}, "properties": {"type": "gap", "gap_m": 6.0, "vineyard_id": "V66", "row_id": "V66-R117", "reachable": true, "id": "T3219", "x": 630484.15, "y": 5219518.91, "order": 309, "visited": true}}, {"type": "Feature", "geometry": {"type": "Point", "coordinates": [630493.71, 5219516.34]}, "properties": {"type": "gap", "gap_m": 3.3, "vineyard_id": "V66", "row_id": "V66-R117", "reachable": true, "id": "T3220", "x": 630493.71, "y": 5219516.34, "order": 310, "visited": true}}, {"type": "Feature", "geometry": {"type": "Point", "coordinates": [630503.3, 5219513.76]}, "properties": {"type": "gap", "gap_m": 3.0, "vineyard_id": "V66", "row_id": "V66-R117", "reachable": true, "id": "T3221", "x": 630503.3, "y": 5219513.76, "order": 313, "visited": true}}, {"type": "Feature", "geometry": {"type": "Point", "coordinates": [630515.42, 5219510.5]}, "properties": {"type": "gap", "gap_m": 11.4, "vineyard_id": "V66", "row_id": "V66-R117", "reachable": true, "id": "T3222", "x": 630515.42, "y": 5219510.5, "order": 315, "visited": true}}, {"type": "Feature", "geometry": {"type": "Point", "coordinates": [630484.44, 5219521.63]}, "properties": {"type": "gap", "gap_m": 9.3, "vineyard_id": "V66", "row_id": "V66-R118", "reachable": true, "id": "T3223", "x": 630484.44, "y": 5219521.63, "order": 316, "visited": true}}, {"type": "Feature", "geometry": {"type": "Point", "coordinates": [630512.28, 5219514.12]}, "properties": {"type": "gap", "gap_m": 4.9, "vineyard_id": "V66", "row_id": "V66-R118", "reachable": true, "id": "T3224", "x": 630512.28, "y": 5219514.12, "order": 314, "visited": true}}, {"type": "Feature", "geometry": {"type": "Point", "coordinates": [630519.7, 5219512.11]}, "properties": {"type": "gap", "gap_m": 4.4, "vineyard_id": "V66", "row_id": "V66-R118", "reachable": true, "id": "T3225", "x": 630519.7, "y": 5219512.11, "order": null, "visited": false}}, {"type": "Feature", "geometry": {"type": "Point", "coordinates": [630019.19, 5219433.12]}, "properties": {"type": "gap", "gap_m": 5.1, "vineyard_id": "V67", "row_id": "V67-R04", "reachable": true, "id": "T3227", "x": 630019.19, "y": 5219433.12, "order": null, "visited": true}}, {"type": "Feature", "geometry": {"type": "Point", "coordinates": [630030.54, 5219431.89]}, "properties": {"type": "gap", "gap_m": 5.3, "vineyard_id": "V67", "row_id": "V67-R04", "reachable": true, "id": "T3228", "x": 630030.54, "y": 5219431.89, "order": 737, "visited": true}}, {"type": "Feature", "geometry": {"type": "Point", "coordinates": [630029.42, 5219426.45]}, "properties": {"type": "gap", "gap_m": 5.1, "vineyard_id": "V67", "row_id": "V67-R05", "reachable": true, "id": "T3229", "x": 630029.42, "y": 5219426.45, "order": null, "visited": false}}, {"type": "Feature", "geometry": {"type": "Point", "coordinates": [630031.48, 5219419.48]}, "properties": {"type": "gap", "gap_m": 4.9, "vineyard_id": "V67", "row_id": "V67-R06", "reachable": true, "id": "T3230", "x": 630031.48, "y": 5219419.48, "order": null, "visited": false}}, {"type": "Feature", "geometry": {"type": "Point", "coordinates": [630036.02, 5219414.85]}, "properties": {"type": "gap", "gap_m": 4.8, "vineyard_id": "V67", "row_id": "V67-R08", "reachable": true, "id": "T3231", "x": 630036.02, "y": 5219414.85, "order": null, "visited": false}}, {"type": "Feature", "geometry": {"type": "Point", "coordinates": [630039.92, 5219424.36]}, "properties": {"type": "gap", "gap_m": 7.9, "vineyard_id": "V67", "row_id": "V67-R09", "reachable": true, "id": "T3232", "x": 630039.92, "y": 5219424.36, "order": null, "visited": false}}, {"type": "Feature", "geometry": {"type": "Point", "coordinates": [630041.75, 5219423.8]}, "properties": {"type": "gap", "gap_m": 7.3, "vineyard_id": "V67", "row_id": "V67-R10", "reachable": true, "id": "T3233", "x": 630041.75, "y": 5219423.8, "order": null, "visited": false}}, {"type": "Feature", "geometry": {"type": "Point", "coordinates": [630046.08, 5219401.61]}, "properties": {"type": "gap", "gap_m": 7.2, "vineyard_id": "V67", "row_id": "V67-R12", "reachable": true, "id": "T3234", "x": 630046.08, "y": 5219401.61, "order": 728, "visited": true}}, {"type": "Feature", "geometry": {"type": "Point", "coordinates": [630053.33, 5219423.57]}, "properties": {"type": "gap", "gap_m": 3.1, "vineyard_id": "V67", "row_id": "V67-R14", "reachable": true, "id": "T3235", "x": 630053.33, "y": 5219423.57, "order": 729, "visited": true}}, {"type": "Feature", "geometry": {"type": "Point", "coordinates": [630052.9, 5219411.52]}, "properties": {"type": "gap", "gap_m": 7.6, "vineyard_id": "V67", "row_id": "V67-R14", "reachable": true, "id": "T3236", "x": 630052.9, "y": 5219411.52, "order": 730, "visited": true}}, {"type": "Feature", "geometry": {"type": "Point", "coordinates": [630052.65, 5219404.51]}, "properties": {"type": "gap", "gap_m": 4.5, "vineyard_id": "V67", "row_id": "V67-R14", "reachable": true, "id": "T3237", "x": 630052.65, "y": 5219404.51, "order": 731, "visited": true}}, {"type": "Feature", "geometry": {"type": "Point", "coordinates": [630056.65, 5219414.34]}, "properties": {"type": "gap", "gap_m": 8.7, "vineyard_id": "V67", "row_id": "V67-R15", "reachable": true, "id": "T3238", "x": 630056.65, "y": 5219414.34, "order": 732, "visited": true}}, {"type": "Feature", "geometry": {"type": "Point", "coordinates": [630056.33, 5219405.71]}, "properties": {"type": "gap", "gap_m": 4.2, "vineyard_id": "V67", "row_id": "V67-R15", "reachable": true, "id": "T3239", "x": 630056.33, "y": 5219405.71, "order": 733, "visited": true}}, {"type": "Feature", "geometry": {"type": "Point", "coordinates": [630058.72, 5219405.0]}, "properties": {"type": "gap", "gap_m": 7.4, "vineyard_id": "V67", "row_id": "V67-R16", "reachable": true, "id": "T3240", "x": 630058.72, "y": 5219405.0, "order": 733, "visited": true}}, {"type": "Feature", "geometry": {"type": "Point", "coordinates": [630060.46, 5219385.97]}, "properties": {"type": "gap", "gap_m": 4.1, "vineyard_id": "V67", "row_id": "V67-R17", "reachable": true, "id": "T3241", "x": 630060.46, "y": 5219385.97, "order": null, "visited": false}}, {"type": "Feature", "geometry": {"type": "Point", "coordinates": [630062.49, 5219397.93]}, "properties": {"type": "gap", "gap_m": 9.2, "vineyard_id": "V67", "row_id": "V67-R18", "reachable": true, "id": "T3242", "x": 630062.49, "y": 5219397.93, "order": 734, "visited": true}}, {"type": "Feature", "geometry": {"type": "Point", "coordinates": [630065.75, 5219399.14]}, "properties": {"type": "gap", "gap_m": 5.1, "vineyard_id": "V67", "row_id": "V67-R19", "reachable": true, "id": "T3243", "x": 630065.75, "y": 5219399.14, "order": 735, "visited": true}}, {"type": "Feature", "geometry": {"type": "Point", "coordinates": [630065.53, 5219393.33]}, "properties": {"type": "gap", "gap_m": 5.3, "vineyard_id": "V67", "row_id": "V67-R19", "reachable": true, "id": "T3244", "x": 630065.53, "y": 5219393.33, "order": null, "visited": false}}, {"type": "Feature", "geometry": {"type": "Point", "coordinates": [630074.77, 5219374.57]}, "properties": {"type": "gap", "gap_m": 3.1, "vineyard_id": "V67", "row_id": "V67-R23", "reachable": true, "id": "T3245", "x": 630074.77, "y": 5219374.57, "order": null, "visited": false}}, {"type": "Feature", "geometry": {"type": "Point", "coordinates": [630080.15, 5219373.4]}, "properties": {"type": "gap", "gap_m": 3.6, "vineyard_id": "V67", "row_id": "V67-R25", "reachable": true, "id": "T3246", "x": 630080.15, "y": 5219373.4, "order": null, "visited": false}}, {"type": "Feature", "geometry": {"type": "Point", "coordinates": [630083.74, 5219374.8]}, "properties": {"type": "gap", "gap_m": 7.4, "vineyard_id": "V67", "row_id": "V67-R26", "reachable": true, "id": "T3247", "x": 630083.74, "y": 5219374.8, "order": 555, "visited": true}}, {"type": "Feature", "geometry": {"type": "Point", "coordinates": [630084.41, 5219370.51]}, "properties": {"type": "gap", "gap_m": 5.9, "vineyard_id": "V67", "row_id": "V67-R27", "reachable": true, "id": "T3248", "x": 630084.41, "y": 5219370.51, "order": 554, "visited": true}}, {"type": "Feature", "geometry": {"type": "Point", "coordinates": [630091.19, 5219376.67]}, "properties": {"type": "gap", "gap_m": 4.7, "vineyard_id": "V67", "row_id": "V67-R28", "reachable": true, "id": "T3249", "x": 630091.19, "y": 5219376.67, "order": null, "visited": false}}, {"type": "Feature", "geometry": {"type": "Point", "coordinates": [630093.59, 5219374.26]}, "properties": {"type": "gap", "gap_m": 6.2, "vineyard_id": "V67", "row_id": "V67-R29", "reachable": true, "id": "T3250", "x": 630093.59, "y": 5219374.26, "order": 552, "visited": true}}, {"type": "Feature", "geometry": {"type": "Point", "coordinates": [630087.76, 5219364.22]}, "properties": {"type": "gap", "gap_m": 5.7, "vineyard_id": "V67", "row_id": "V67-R29", "reachable": true, "id": "T3251", "x": 630087.76, "y": 5219364.22, "order": 553, "visited": true}}, {"type": "Feature", "geometry": {"type": "Point", "coordinates": [630095.51, 5219372.73]}, "properties": {"type": "gap", "gap_m": 4.6, "vineyard_id": "V67", "row_id": "V67-R30", "reachable": true, "id": "T3252", "x": 630095.51, "y": 5219372.73, "order": null, "visited": true}}, {"type": "Feature", "geometry": {"type": "Point", "coordinates": [630091.41, 5219365.56]}, "properties": {"type": "gap", "gap_m": 10.5, "vineyard_id": "V67", "row_id": "V67-R30", "reachable": true, "id": "T3253", "x": 630091.41, "y": 5219365.56, "order": 551, "visited": true}}, {"type": "Feature", "geometry": {"type": "Point", "coordinates": [630093.52, 5219362.43]}, "properties": {"type": "gap", "gap_m": 9.5, "vineyard_id": "V67", "row_id": "V67-R31", "reachable": true, "id": "T3254", "x": 630093.52, "y": 5219362.43, "order": 550, "visited": true}}, {"type": "Feature", "geometry": {"type": "Point", "coordinates": [630099.26, 5219368.41]}, "properties": {"type": "gap", "gap_m": 3.7, "vineyard_id": "V67", "row_id": "V67-R32", "reachable": true, "id": "T3255", "x": 630099.26, "y": 5219368.41, "order": 548, "visited": true}}, {"type": "Feature", "geometry": {"type": "Point", "coordinates": [630097.06, 5219364.62]}, "properties": {"type": "gap", "gap_m": 4.1, "vineyard_id": "V67", "row_id": "V67-R32", "reachable": true, "id": "T3256", "x": 630097.06, "y": 5219364.62, "order": 549, "visited": true}}, {"type": "Feature", "geometry": {"type": "Point", "coordinates": [630100.43, 5219365.36]}, "properties": {"type": "gap", "gap_m": 11.3, "vineyard_id": "V67", "row_id": "V67-R33", "reachable": true, "id": "T3257", "x": 630100.43, "y": 5219365.36, "order": 547, "visited": true}}, {"type": "Feature", "geometry": {"type": "Point", "coordinates": [630005.99, 5219477.43]}, "properties": {"type": "gap", "gap_m": 4.0, "vineyard_id": "V68", "row_id": "V68-R007", "reachable": true, "id": "T3258", "x": 630005.99, "y": 5219477.43, "order": null, "visited": false}}, {"type": "Feature", "geometry": {"type": "Point", "coordinates": [630068.72, 5219496.41]}, "properties": {"type": "gap", "gap_m": 3.9, "vineyard_id": "V68", "row_id": "V68-R008", "reachable": true, "id": "T3259", "x": 630068.72, "y": 5219496.41, "order": null, "visited": false}}, {"type": "Feature", "geometry": {"type": "Point", "coordinates": [630040.84, 5219478.25]}, "properties": {"type": "gap", "gap_m": 3.8, "vineyard_id": "V68", "row_id": "V68-R012", "reachable": true, "id": "T3261", "x": 630040.84, "y": 5219478.25, "order": null, "visited": false}}, {"type": "Feature", "geometry": {"type": "Point", "coordinates": [630038.91, 5219443.24]}, "properties": {"type": "gap", "gap_m": 9.0, "vineyard_id": "V68", "row_id": "V68-R021", "reachable": true, "id": "T3264", "x": 630038.91, "y": 5219443.24, "order": 727, "visited": true}}, {"type": "Feature", "geometry": {"type": "Point", "coordinates": [630059.59, 5219435.69]}, "properties": {"type": "gap", "gap_m": 7.6, "vineyard_id": "V68", "row_id": "V68-R023", "reachable": true, "id": "T3265", "x": 630059.59, "y": 5219435.69, "order": 726, "visited": true}}, {"type": "Feature", "geometry": {"type": "Point", "coordinates": [630038.17, 5219434.34]}, "properties": {"type": "gap", "gap_m": 6.1, "vineyard_id": "V68", "row_id": "V68-R025", "reachable": true, "id": "T3266", "x": 630038.17, "y": 5219434.34, "order": 736, "visited": true}}, {"type": "Feature", "geometry": {"type": "Point", "coordinates": [630060.61, 5219431.88]}, "properties": {"type": "gap", "gap_m": 6.5, "vineyard_id": "V68", "row_id": "V68-R025", "reachable": true, "id": "T3267", "x": 630060.61, "y": 5219431.88, "order": null, "visited": true}}, {"type": "Feature", "geometry": {"type": "Point", "coordinates": [630097.77, 5219467.16]}, "properties": {"type": "gap", "gap_m": 3.6, "vineyard_id": "V68", "row_id": "V68-R027", "reachable": true, "id": "T3268", "x": 630097.77, "y": 5219467.16, "order": null, "visited": false}}, {"type": "Feature", "geometry": {"type": "Point", "coordinates": [630082.51, 5219448.11]}, "properties": {"type": "gap", "gap_m": 5.9, "vineyard_id": "V68", "row_id": "V68-R027", "reachable": true, "id": "T3269", "x": 630082.51, "y": 5219448.11, "order": 725, "visited": true}}, {"type": "Feature", "geometry": {"type": "Point", "coordinates": [630101.04, 5219451.83]}, "properties": {"type": "gap", "gap_m": 4.6, "vineyard_id": "V68", "row_id": "V68-R029", "reachable": true, "id": "T3270", "x": 630101.04, "y": 5219451.83, "order": null, "visited": false}}, {"type": "Feature", "geometry": {"type": "Point", "coordinates": [630094.44, 5219443.59]}, "properties": {"type": "gap", "gap_m": 5.0, "vineyard_id": "V68", "row_id": "V68-R029", "reachable": true, "id": "T3271", "x": 630094.44, "y": 5219443.59, "order": null, "visited": false}}, {"type": "Feature", "geometry": {"type": "Point", "coordinates": [630071.11, 5219421.01]}, "properties": {"type": "gap", "gap_m": 4.5, "vineyard_id": "V68", "row_id": "V68-R032", "reachable": true, "id": "T3272", "x": 630071.11, "y": 5219421.01, "order": null, "visited": false}}, {"type": "Feature", "geometry": {"type": "Point", "coordinates": [630103.48, 5219449.3]}, "properties": {"type": "gap", "gap_m": 7.0, "vineyard_id": "V68", "row_id": "V68-R033", "reachable": true, "id": "T3273", "x": 630103.48, "y": 5219449.3, "order": null, "visited": false}}, {"type": "Feature", "geometry": {"type": "Point", "coordinates": [630074.78, 5219420.81]}, "properties": {"type": "gap", "gap_m": 4.0, "vineyard_id": "V68", "row_id": "V68-R034", "reachable": true, "id": "T3274", "x": 630074.78, "y": 5219420.81, "order": null, "visited": false}}, {"type": "Feature", "geometry": {"type": "Point", "coordinates": [630130.9, 5219465.38]}, "properties": {"type": "gap", "gap_m": 3.0, "vineyard_id": "V68", "row_id": "V68-R037", "reachable": true, "id": "T3276", "x": 630130.9, "y": 5219465.38, "order": null, "visited": false}}, {"type": "Feature", "geometry": {"type": "Point", "coordinates": [630072.38, 5219391.18]}, "properties": {"type": "gap", "gap_m": 6.5, "vineyard_id": "V68", "row_id": "V68-R037", "reachable": true, "id": "T3278", "x": 630072.38, "y": 5219391.18, "order": null, "visited": false}}, {"type": "Feature", "geometry": {"type": "Point", "coordinates": [630131.56, 5219462.23]}, "properties": {"type": "gap", "gap_m": 4.7, "vineyard_id": "V68", "row_id": "V68-R039", "reachable": true, "id": "T3279", "x": 630131.56, "y": 5219462.23, "order": null, "visited": false}}, {"type": "Feature", "geometry": {"type": "Point", "coordinates": [630074.36, 5219389.47]}, "properties": {"type": "gap", "gap_m": 8.2, "vineyard_id": "V68", "row_id": "V68-R039", "reachable": true, "id": "T3280", "x": 630074.36, "y": 5219389.47, "order": 564, "visited": true}}, {"type": "Feature", "geometry": {"type": "Point", "coordinates": [630133.59, 5219460.08]}, "properties": {"type": "gap", "gap_m": 3.4, "vineyard_id": "V68", "row_id": "V68-R040", "reachable": true, "id": "T3281", "x": 630133.59, "y": 5219460.08, "order": null, "visited": false}}, {"type": "Feature", "geometry": {"type": "Point", "coordinates": [630076.26, 5219386.96]}, "properties": {"type": "gap", "gap_m": 5.8, "vineyard_id": "V68", "row_id": "V68-R040", "reachable": true, "id": "T3282", "x": 630076.26, "y": 5219386.96, "order": null, "visited": false}}, {"type": "Feature", "geometry": {"type": "Point", "coordinates": [630151.37, 5219478.44]}, "properties": {"type": "gap", "gap_m": 6.1, "vineyard_id": "V68", "row_id": "V68-R042", "reachable": true, "id": "T3283", "x": 630151.37, "y": 5219478.44, "order": 683, "visited": true}}, {"type": "Feature", "geometry": {"type": "Point", "coordinates": [630137.06, 5219459.8]}, "properties": {"type": "gap", "gap_m": 5.5, "vineyard_id": "V68", "row_id": "V68-R042", "reachable": true, "id": "T3284", "x": 630137.06, "y": 5219459.8, "order": 681, "visited": true}}, {"type": "Feature", "geometry": {"type": "Point", "coordinates": [630079.23, 5219385.66]}, "properties": {"type": "gap", "gap_m": 12.3, "vineyard_id": "V68", "row_id": "V68-R042", "reachable": true, "id": "T3285", "x": 630079.23, "y": 5219385.66, "order": null, "visited": false}}, {"type": "Feature", "geometry": {"type": "Point", "coordinates": [630139.42, 5219458.14]}, "properties": {"type": "gap", "gap_m": 5.1, "vineyard_id": "V68", "row_id": "V68-R044", "reachable": true, "id": "T3286", "x": 630139.42, "y": 5219458.14, "order": 682, "visited": true}}, {"type": "Feature", "geometry": {"type": "Point", "coordinates": [630092.44, 5219397.53]}, "properties": {"type": "gap", "gap_m": 3.1, "vineyard_id": "V68", "row_id": "V68-R044", "reachable": true, "id": "T3287", "x": 630092.44, "y": 5219397.53, "order": null, "visited": true}}, {"type": "Feature", "geometry": {"type": "Point", "coordinates": [630086.91, 5219390.48]}, "properties": {"type": "gap", "gap_m": 3.3, "vineyard_id": "V68", "row_id": "V68-R044", "reachable": true, "id": "T3288", "x": 630086.91, "y": 5219390.48, "order": null, "visited": false}}, {"type": "Feature", "geometry": {"type": "Point", "coordinates": [630119.88, 5219428.48]}, "properties": {"type": "gap", "gap_m": 5.3, "vineyard_id": "V68", "row_id": "V68-R045", "reachable": true, "id": "T3289", "x": 630119.88, "y": 5219428.48, "order": 468, "visited": true}}, {"type": "Feature", "geometry": {"type": "Point", "coordinates": [630084.42, 5219383.08]}, "properties": {"type": "gap", "gap_m": 5.0, "vineyard_id": "V68", "row_id": "V68-R045", "reachable": true, "id": "T3290", "x": 630084.42, "y": 5219383.08, "order": null, "visited": false}}, {"type": "Feature", "geometry": {"type": "Point", "coordinates": [630145.7, 5219439.21]}, "properties": {"type": "gap", "gap_m": 13.8, "vineyard_id": "V68", "row_id": "V68-R046", "reachable": true, "id": "T3291", "x": 630145.7, "y": 5219439.21, "order": 469, "visited": true}}, {"type": "Feature", "geometry": {"type": "Point", "coordinates": [630146.95, 5219436.53]}, "properties": {"type": "gap", "gap_m": 13.2, "vineyard_id": "V68", "row_id": "V68-R047", "reachable": true, "id": "T3292", "x": 630146.95, "y": 5219436.53, "order": 470, "visited": true}}, {"type": "Feature", "geometry": {"type": "Point", "coordinates": [630161.38, 5219471.58]}, "properties": {"type": "gap", "gap_m": 3.5, "vineyard_id": "V68", "row_id": "V68-R048", "reachable": true, "id": "T3293", "x": 630161.38, "y": 5219471.58, "order": null, "visited": false}}, {"type": "Feature", "geometry": {"type": "Point", "coordinates": [630123.12, 5219422.84]}, "properties": {"type": "gap", "gap_m": 20.1, "vineyard_id": "V68", "row_id": "V68-R048", "reachable": true, "id": "T3294", "x": 630123.12, "y": 5219422.84, "order": 473, "visited": true}}, {"type": "Feature", "geometry": {"type": "Point", "coordinates": [630111.6, 5219408.15]}, "properties": {"type": "gap", "gap_m": 3.1, "vineyard_id": "V68", "row_id": "V68-R048", "reachable": true, "id": "T3295", "x": 630111.6, "y": 5219408.15, "order": 558, "visited": true}}, {"type": "Feature", "geometry": {"type": "Point", "coordinates": [630106.86, 5219402.09]}, "properties": {"type": "gap", "gap_m": 4.8, "vineyard_id": "V68", "row_id": "V68-R048", "reachable": true, "id": "T3296", "x": 630106.86, "y": 5219402.09, "order": 557, "visited": true}}, {"type": "Feature", "geometry": {"type": "Point", "coordinates": [630102.38, 5219396.38]}, "properties": {"type": "gap", "gap_m": 7.0, "vineyard_id": "V68", "row_id": "V68-R048", "reachable": true, "id": "T3297", "x": 630102.38, "y": 5219396.38, "order": 556, "visited": true}}, {"type": "Feature", "geometry": {"type": "Point", "coordinates": [630164.15, 5219467.18]}, "properties": {"type": "gap", "gap_m": 3.0, "vineyard_id": "V68", "row_id": "V68-R050", "reachable": true, "id": "T3298", "x": 630164.15, "y": 5219467.18, "order": null, "visited": false}}, {"type": "Feature", "geometry": {"type": "Point", "coordinates": [630142.62, 5219429.15]}, "properties": {"type": "gap", "gap_m": 3.8, "vineyard_id": "V68", "row_id": "V68-R051", "reachable": true, "id": "T3300", "x": 630142.62, "y": 5219429.15, "order": 471, "visited": true}}, {"type": "Feature", "geometry": {"type": "Point", "coordinates": [630156.56, 5219436.69]}, "properties": {"type": "gap", "gap_m": 3.1, "vineyard_id": "V68", "row_id": "V68-R052", "reachable": true, "id": "T3301", "x": 630156.56, "y": 5219436.69, "order": null, "visited": false}}, {"type": "Feature", "geometry": {"type": "Point", "coordinates": [630146.62, 5219432.37]}, "properties": {"type": "gap", "gap_m": 3.0, "vineyard_id": "V68", "row_id": "V68-R053", "reachable": true, "id": "T3302", "x": 630146.62, "y": 5219432.37, "order": null, "visited": true}}, {"type": "Feature", "geometry": {"type": "Point", "coordinates": [630131.02, 5219412.96]}, "properties": {"type": "gap", "gap_m": 44.9, "vineyard_id": "V68", "row_id": "V68-R053", "reachable": true, "id": "T3303", "x": 630131.02, "y": 5219412.96, "order": 506, "visited": true}}, {"type": "Feature", "geometry": {"type": "Point", "coordinates": [630112.26, 5219389.18]}, "properties": {"type": "gap", "gap_m": 9.0, "vineyard_id": "V68", "row_id": "V68-R053", "reachable": true, "id": "T3304", "x": 630112.26, "y": 5219389.18, "order": 521, "visited": true}}, {"type": "Feature", "geometry": {"type": "Point", "coordinates": [630159.61, 5219428.88]}, "properties": {"type": "gap", "gap_m": 16.9, "vineyard_id": "V68", "row_id": "V68-R054", "reachable": true, "id": "T3305", "x": 630159.61, "y": 5219428.88, "order": 475, "visited": true}}, {"type": "Feature", "geometry": {"type": "Point", "coordinates": [630141.99, 5219426.82]}, "properties": {"type": "gap", "gap_m": 5.2, "vineyard_id": "V68", "row_id": "V68-R054", "reachable": true, "id": "T3306", "x": 630141.99, "y": 5219426.82, "order": 471, "visited": true}}, {"type": "Feature", "geometry": {"type": "Point", "coordinates": [630104.96, 5219404.52]}, "properties": {"type": "gap", "gap_m": 3.7, "vineyard_id": "V68", "row_id": "V68-R055", "reachable": true, "id": "T3307", "x": 630104.96, "y": 5219404.52, "order": null, "visited": true}}, {"type": "Feature", "geometry": {"type": "Point", "coordinates": [630153.55, 5219437.35]}, "properties": {"type": "gap", "gap_m": 6.8, "vineyard_id": "V68", "row_id": "V68-R056", "reachable": true, "id": "T3308", "x": 630153.55, "y": 5219437.35, "order": null, "visited": false}}, {"type": "Feature", "geometry": {"type": "Point", "coordinates": [630133.78, 5219411.64]}, "properties": {"type": "gap", "gap_m": 49.0, "vineyard_id": "V68", "row_id": "V68-R056", "reachable": true, "id": "T3309", "x": 630133.78, "y": 5219411.64, "order": 508, "visited": true}}, {"type": "Feature", "geometry": {"type": "Point", "coordinates": [630161.01, 5219432.63]}, "properties": {"type": "gap", "gap_m": 3.6, "vineyard_id": "V68", "row_id": "V68-R057", "reachable": true, "id": "T3310", "x": 630161.01, "y": 5219432.63, "order": null, "visited": true}}, {"type": "Feature", "geometry": {"type": "Point", "coordinates": [630156.41, 5219425.22]}, "properties": {"type": "gap", "gap_m": 23.0, "vineyard_id": "V68", "row_id": "V68-R058", "reachable": true, "id": "T3311", "x": 630156.41, "y": 5219425.22, "order": 474, "visited": true}}, {"type": "Feature", "geometry": {"type": "Point", "coordinates": [630136.5, 5219422.99]}, "properties": {"type": "gap", "gap_m": 5.4, "vineyard_id": "V68", "row_id": "V68-R058", "reachable": true, "id": "T3312", "x": 630136.5, "y": 5219422.99, "order": 472, "visited": true}}, {"type": "Feature", "geometry": {"type": "Point", "coordinates": [630166.52, 5219444.76]}, "properties": {"type": "gap", "gap_m": 3.2, "vineyard_id": "V68", "row_id": "V68-R060", "reachable": true, "id": "T3313", "x": 630166.52, "y": 5219444.76, "order": null, "visited": false}}, {"type": "Feature", "geometry": {"type": "Point", "coordinates": [630138.94, 5219409.26]}, "properties": {"type": "gap", "gap_m": 63.7, "vineyard_id": "V68", "row_id": "V68-R060", "reachable": true, "id": "T3314", "x": 630138.94, "y": 5219409.26, "order": 514, "visited": true}}, {"type": "Feature", "geometry": {"type": "Point", "coordinates": [630155.36, 5219421.81]}, "properties": {"type": "gap", "gap_m": 8.8, "vineyard_id": "V68", "row_id": "V68-R061", "reachable": true, "id": "T3315", "x": 630155.36, "y": 5219421.81, "order": null, "visited": true}}, {"type": "Feature", "geometry": {"type": "Point", "coordinates": [630146.84, 5219420.83]}, "properties": {"type": "gap", "gap_m": 7.4, "vineyard_id": "V68", "row_id": "V68-R061", "reachable": true, "id": "T3316", "x": 630146.84, "y": 5219420.83, "order": 563, "visited": true}}, {"type": "Feature", "geometry": {"type": "Point", "coordinates": [630133.32, 5219419.28]}, "properties": {"type": "gap", "gap_m": 4.1, "vineyard_id": "V68", "row_id": "V68-R061", "reachable": true, "id": "T3317", "x": 630133.32, "y": 5219419.28, "order": null, "visited": true}}, {"type": "Feature", "geometry": {"type": "Point", "coordinates": [630101.23, 5219390.71]}, "properties": {"type": "gap", "gap_m": 4.3, "vineyard_id": "V68", "row_id": "V68-R062", "reachable": true, "id": "T3318", "x": 630101.23, "y": 5219390.71, "order": null, "visited": false}}, {"type": "Feature", "geometry": {"type": "Point", "coordinates": [630159.96, 5219419.8]}, "properties": {"type": "gap", "gap_m": 5.4, "vineyard_id": "V68", "row_id": "V68-R064", "reachable": true, "id": "T3319", "x": 630159.96, "y": 5219419.8, "order": 561, "visited": true}}, {"type": "Feature", "geometry": {"type": "Point", "coordinates": [630150.52, 5219418.7]}, "properties": {"type": "gap", "gap_m": 12.0, "vineyard_id": "V68", "row_id": "V68-R064", "reachable": true, "id": "T3320", "x": 630150.52, "y": 5219418.7, "order": 562, "visited": true}}, {"type": "Feature", "geometry": {"type": "Point", "coordinates": [630141.38, 5219417.65]}, "properties": {"type": "gap", "gap_m": 5.4, "vineyard_id": "V68", "row_id": "V68-R064", "reachable": true, "id": "T3321", "x": 630141.38, "y": 5219417.65, "order": 560, "visited": true}}, {"type": "Feature", "geometry": {"type": "Point", "coordinates": [630160.37, 5219417.68]}, "properties": {"type": "gap", "gap_m": 3.5, "vineyard_id": "V68", "row_id": "V68-R065", "reachable": true, "id": "T3322", "x": 630160.37, "y": 5219417.68, "order": 561, "visited": true}}, {"type": "Feature", "geometry": {"type": "Point", "coordinates": [630151.2, 5219416.62]}, "properties": {"type": "gap", "gap_m": 9.1, "vineyard_id": "V68", "row_id": "V68-R065", "reachable": true, "id": "T3323", "x": 630151.2, "y": 5219416.62, "order": 504, "visited": true}}, {"type": "Feature", "geometry": {"type": "Point", "coordinates": [630141.11, 5219415.44]}, "properties": {"type": "gap", "gap_m": 8.1, "vineyard_id": "V68", "row_id": "V68-R065", "reachable": true, "id": "T3324", "x": 630141.11, "y": 5219415.44, "order": 560, "visited": true}}, {"type": "Feature", "geometry": {"type": "Point", "coordinates": [630130.08, 5219414.16]}, "properties": {"type": "gap", "gap_m": 3.7, "vineyard_id": "V68", "row_id": "V68-R065", "reachable": true, "id": "T3325", "x": 630130.08, "y": 5219414.16, "order": 506, "visited": true}}, {"type": "Feature", "geometry": {"type": "Point", "coordinates": [630124.79, 5219413.54]}, "properties": {"type": "gap", "gap_m": 5.6, "vineyard_id": "V68", "row_id": "V68-R065", "reachable": true, "id": "T3326", "x": 630124.79, "y": 5219413.54, "order": 559, "visited": true}}, {"type": "Feature", "geometry": {"type": "Point", "coordinates": [630108.0, 5219392.44]}, "properties": {"type": "gap", "gap_m": 13.6, "vineyard_id": "V68", "row_id": "V68-R067", "reachable": true, "id": "T3327", "x": 630108.0, "y": 5219392.44, "order": 519, "visited": true}}, {"type": "Feature", "geometry": {"type": "Point", "coordinates": [630146.86, 5219413.22]}, "properties": {"type": "gap", "gap_m": 4.8, "vineyard_id": "V68", "row_id": "V68-R068", "reachable": true, "id": "T3328", "x": 630146.86, "y": 5219413.22, "order": 505, "visited": true}}, {"type": "Feature", "geometry": {"type": "Point", "coordinates": [630139.33, 5219412.34]}, "properties": {"type": "gap", "gap_m": 8.2, "vineyard_id": "V68", "row_id": "V68-R068", "reachable": true, "id": "T3329", "x": 630139.33, "y": 5219412.34, "order": 509, "visited": true}}, {"type": "Feature", "geometry": {"type": "Point", "coordinates": [630131.01, 5219411.36]}, "properties": {"type": "gap", "gap_m": 3.3, "vineyard_id": "V68", "row_id": "V68-R068", "reachable": true, "id": "T3330", "x": 630131.01, "y": 5219411.36, "order": 507, "visited": true}}, {"type": "Feature", "geometry": {"type": "Point", "coordinates": [630124.14, 5219410.56]}, "properties": {"type": "gap", "gap_m": 9.4, "vineyard_id": "V68", "row_id": "V68-R068", "reachable": true, "id": "T3331", "x": 630124.14, "y": 5219410.56, "order": 510, "visited": true}}, {"type": "Feature", "geometry": {"type": "Point", "coordinates": [630110.45, 5219391.59]}, "properties": {"type": "gap", "gap_m": 15.6, "vineyard_id": "V68", "row_id": "V68-R069", "reachable": true, "id": "T3332", "x": 630110.45, "y": 5219391.59, "order": 520, "visited": true}}, {"type": "Feature", "geometry": {"type": "Point", "coordinates": [630149.06, 5219411.08]}, "properties": {"type": "gap", "gap_m": 3.3, "vineyard_id": "V68", "row_id": "V68-R070", "reachable": true, "id": "T3333", "x": 630149.06, "y": 5219411.08, "order": 516, "visited": true}}, {"type": "Feature", "geometry": {"type": "Point", "coordinates": [630140.75, 5219410.13]}, "properties": {"type": "gap", "gap_m": 11.2, "vineyard_id": "V68", "row_id": "V68-R070", "reachable": true, "id": "T3334", "x": 630140.75, "y": 5219410.13, "order": 515, "visited": true}}, {"type": "Feature", "geometry": {"type": "Point", "coordinates": [630122.04, 5219407.99]}, "properties": {"type": "gap", "gap_m": 4.7, "vineyard_id": "V68", "row_id": "V68-R070", "reachable": true, "id": "T3335", "x": 630122.04, "y": 5219407.99, "order": 511, "visited": true}}, {"type": "Feature", "geometry": {"type": "Point", "coordinates": [630160.25, 5219409.55]}, "properties": {"type": "gap", "gap_m": 5.9, "vineyard_id": "V68", "row_id": "V68-R071", "reachable": true, "id": "T3336", "x": 630160.25, "y": 5219409.55, "order": 517, "visited": true}}, {"type": "Feature", "geometry": {"type": "Point", "coordinates": [630146.98, 5219407.99]}, "properties": {"type": "gap", "gap_m": 3.1, "vineyard_id": "V68", "row_id": "V68-R071", "reachable": true, "id": "T3337", "x": 630146.98, "y": 5219407.99, "order": 518, "visited": true}}, {"type": "Feature", "geometry": {"type": "Point", "coordinates": [630137.69, 5219406.89]}, "properties": {"type": "gap", "gap_m": 7.8, "vineyard_id": "V68", "row_id": "V68-R071", "reachable": true, "id": "T3338", "x": 630137.69, "y": 5219406.89, "order": 513, "visited": true}}, {"type": "Feature", "geometry": {"type": "Point", "coordinates": [630125.32, 5219405.43]}, "properties": {"type": "gap", "gap_m": 6.1, "vineyard_id": "V68", "row_id": "V68-R071", "reachable": true, "id": "T3339", "x": 630125.32, "y": 5219405.43, "order": 512, "visited": true}}, {"type": "Feature", "geometry": {"type": "Point", "coordinates": [630162.34, 5219405.6]}, "properties": {"type": "gap", "gap_m": 4.1, "vineyard_id": "V68", "row_id": "V68-R072", "reachable": true, "id": "T3340", "x": 630162.34, "y": 5219405.6, "order": null, "visited": false}}, {"type": "Feature", "geometry": {"type": "Point", "coordinates": [630156.67, 5219404.94]}, "properties": {"type": "gap", "gap_m": 6.5, "vineyard_id": "V68", "row_id": "V68-R072", "reachable": true, "id": "T3341", "x": 630156.67, "y": 5219404.94, "order": null, "visited": false}}, {"type": "Feature", "geometry": {"type": "Point", "coordinates": [630122.7, 5219401.03]}, "properties": {"type": "gap", "gap_m": 6.9, "vineyard_id": "V68", "row_id": "V68-R072", "reachable": true, "id": "T3342", "x": 630122.7, "y": 5219401.03, "order": 522, "visited": true}}, {"type": "Feature", "geometry": {"type": "Point", "coordinates": [630142.5, 5219401.74]}, "properties": {"type": "gap", "gap_m": 6.3, "vineyard_id": "V68", "row_id": "V68-R074", "reachable": true, "id": "T3343", "x": 630142.5, "y": 5219401.74, "order": null, "visited": false}}, {"type": "Feature", "geometry": {"type": "Point", "coordinates": [630126.63, 5219399.91]}, "properties": {"type": "gap", "gap_m": 4.7, "vineyard_id": "V68", "row_id": "V68-R074", "reachable": true, "id": "T3344", "x": 630126.63, "y": 5219399.91, "order": null, "visited": true}}, {"type": "Feature", "geometry": {"type": "Point", "coordinates": [630156.04, 5219401.09]}, "properties": {"type": "gap", "gap_m": 14.3, "vineyard_id": "V68", "row_id": "V68-R075", "reachable": true, "id": "T3345", "x": 630156.04, "y": 5219401.09, "order": 524, "visited": true}}, {"type": "Feature", "geometry": {"type": "Point", "coordinates": [630127.28, 5219397.72]}, "properties": {"type": "gap", "gap_m": 9.5, "vineyard_id": "V68", "row_id": "V68-R075", "reachable": true, "id": "T3346", "x": 630127.28, "y": 5219397.72, "order": null, "visited": true}}, {"type": "Feature", "geometry": {"type": "Point", "coordinates": [630158.18, 5219398.9]}, "properties": {"type": "gap", "gap_m": 5.9, "vineyard_id": "V68", "row_id": "V68-R076", "reachable": true, "id": "T3347", "x": 630158.18, "y": 5219398.9, "order": 523, "visited": true}}, {"type": "Feature", "geometry": {"type": "Point", "coordinates": [630142.25, 5219397.06]}, "properties": {"type": "gap", "gap_m": 7.5, "vineyard_id": "V68", "row_id": "V68-R076", "reachable": true, "id": "T3348", "x": 630142.25, "y": 5219397.06, "order": 525, "visited": true}}, {"type": "Feature", "geometry": {"type": "Point", "coordinates": [630127.22, 5219395.32]}, "properties": {"type": "gap", "gap_m": 4.6, "vineyard_id": "V68", "row_id": "V68-R076", "reachable": true, "id": "T3349", "x": 630127.22, "y": 5219395.32, "order": null, "visited": true}}, {"type": "Feature", "geometry": {"type": "Point", "coordinates": [630166.77, 5219397.59]}, "properties": {"type": "gap", "gap_m": 4.0, "vineyard_id": "V68", "row_id": "V68-R078", "reachable": true, "id": "T3350", "x": 630166.77, "y": 5219397.59, "order": 536, "visited": true}}, {"type": "Feature", "geometry": {"type": "Point", "coordinates": [630152.74, 5219395.96]}, "properties": {"type": "gap", "gap_m": 5.9, "vineyard_id": "V68", "row_id": "V68-R078", "reachable": true, "id": "T3351", "x": 630152.74, "y": 5219395.96, "order": null, "visited": true}}, {"type": "Feature", "geometry": {"type": "Point", "coordinates": [630139.1, 5219394.38]}, "properties": {"type": "gap", "gap_m": 7.0, "vineyard_id": "V68", "row_id": "V68-R078", "reachable": true, "id": "T3352", "x": 630139.1, "y": 5219394.38, "order": 540, "visited": true}}, {"type": "Feature", "geometry": {"type": "Point", "coordinates": [630128.23, 5219393.12]}, "properties": {"type": "gap", "gap_m": 6.4, "vineyard_id": "V68", "row_id": "V68-R078", "reachable": true, "id": "T3353", "x": 630128.23, "y": 5219393.12, "order": 543, "visited": true}}, {"type": "Feature", "geometry": {"type": "Point", "coordinates": [630162.42, 5219394.76]}, "properties": {"type": "gap", "gap_m": 5.7, "vineyard_id": "V68", "row_id": "V68-R079", "reachable": true, "id": "T3354", "x": 630162.42, "y": 5219394.76, "order": 537, "visited": true}}, {"type": "Feature", "geometry": {"type": "Point", "coordinates": [630154.28, 5219393.8]}, "properties": {"type": "gap", "gap_m": 6.1, "vineyard_id": "V68", "row_id": "V68-R079", "reachable": true, "id": "T3355", "x": 630154.28, "y": 5219393.8, "order": 538, "visited": true}}, {"type": "Feature", "geometry": {"type": "Point", "coordinates": [630147.48, 5219393.0]}, "properties": {"type": "gap", "gap_m": 5.2, "vineyard_id": "V68", "row_id": "V68-R079", "reachable": true, "id": "T3356", "x": 630147.48, "y": 5219393.0, "order": 539, "visited": true}}, {"type": "Feature", "geometry": {"type": "Point", "coordinates": [630138.23, 5219391.91]}, "properties": {"type": "gap", "gap_m": 7.6, "vineyard_id": "V68", "row_id": "V68-R079", "reachable": true, "id": "T3357", "x": 630138.23, "y": 5219391.91, "order": 541, "visited": true}}, {"type": "Feature", "geometry": {"type": "Point", "coordinates": [630130.61, 5219391.01]}, "properties": {"type": "gap", "gap_m": 4.5, "vineyard_id": "V68", "row_id": "V68-R079", "reachable": true, "id": "T3358", "x": 630130.61, "y": 5219391.01, "order": 542, "visited": true}}, {"type": "Feature", "geometry": {"type": "Point", "coordinates": [630163.05, 5219391.46]}, "properties": {"type": "gap", "gap_m": 4.1, "vineyard_id": "V68", "row_id": "V68-R080", "reachable": true, "id": "T3359", "x": 630163.05, "y": 5219391.46, "order": null, "visited": false}}, {"type": "Feature", "geometry": {"type": "Point", "coordinates": [630157.96, 5219390.87]}, "properties": {"type": "gap", "gap_m": 5.1, "vineyard_id": "V68", "row_id": "V68-R080", "reachable": true, "id": "T3360", "x": 630157.96, "y": 5219390.87, "order": null, "visited": false}}, {"type": "Feature", "geometry": {"type": "Point", "coordinates": [630151.21, 5219390.08]}, "properties": {"type": "gap", "gap_m": 6.4, "vineyard_id": "V68", "row_id": "V68-R080", "reachable": true, "id": "T3361", "x": 630151.21, "y": 5219390.08, "order": null, "visited": false}}, {"type": "Feature", "geometry": {"type": "Point", "coordinates": [630139.96, 5219388.77]}, "properties": {"type": "gap", "gap_m": 8.0, "vineyard_id": "V68", "row_id": "V68-R080", "reachable": true, "id": "T3362", "x": 630139.96, "y": 5219388.77, "order": 526, "visited": true}}, {"type": "Feature", "geometry": {"type": "Point", "coordinates": [630102.05, 5219363.9]}, "properties": {"type": "gap", "gap_m": 9.8, "vineyard_id": "V68", "row_id": "V68-R081", "reachable": true, "id": "T3363", "x": 630102.05, "y": 5219363.9, "order": 546, "visited": true}}, {"type": "Feature", "geometry": {"type": "Point", "coordinates": [630126.71, 5219377.58]}, "properties": {"type": "gap", "gap_m": 4.5, "vineyard_id": "V68", "row_id": "V68-R082", "reachable": true, "id": "T3364", "x": 630126.71, "y": 5219377.58, "order": null, "visited": false}}, {"type": "Feature", "geometry": {"type": "Point", "coordinates": [630158.28, 5219388.37]}, "properties": {"type": "gap", "gap_m": 7.9, "vineyard_id": "V68", "row_id": "V68-R083", "reachable": true, "id": "T3365", "x": 630158.28, "y": 5219388.37, "order": 529, "visited": true}}, {"type": "Feature", "geometry": {"type": "Point", "coordinates": [630151.13, 5219387.54]}, "properties": {"type": "gap", "gap_m": 4.0, "vineyard_id": "V68", "row_id": "V68-R083", "reachable": true, "id": "T3366", "x": 630151.13, "y": 5219387.54, "order": null, "visited": true}}, {"type": "Feature", "geometry": {"type": "Point", "coordinates": [630158.11, 5219386.09]}, "properties": {"type": "gap", "gap_m": 10.6, "vineyard_id": "V68", "row_id": "V68-R084", "reachable": true, "id": "T3367", "x": 630158.11, "y": 5219386.09, "order": 529, "visited": true}}, {"type": "Feature", "geometry": {"type": "Point", "coordinates": [630149.88, 5219385.15]}, "properties": {"type": "gap", "gap_m": 4.7, "vineyard_id": "V68", "row_id": "V68-R084", "reachable": true, "id": "T3368", "x": 630149.88, "y": 5219385.15, "order": 528, "visited": true}}, {"type": "Feature", "geometry": {"type": "Point", "coordinates": [630143.63, 5219384.44]}, "properties": {"type": "gap", "gap_m": 6.9, "vineyard_id": "V68", "row_id": "V68-R084", "reachable": true, "id": "T3369", "x": 630143.63, "y": 5219384.44, "order": 527, "visited": true}}, {"type": "Feature", "geometry": {"type": "Point", "coordinates": [630134.41, 5219383.39]}, "properties": {"type": "gap", "gap_m": 3.6, "vineyard_id": "V68", "row_id": "V68-R084", "reachable": true, "id": "T3370", "x": 630134.41, "y": 5219383.39, "order": null, "visited": false}}, {"type": "Feature", "geometry": {"type": "Point", "coordinates": [630173.28, 5219418.28]}, "properties": {"type": "gap", "gap_m": 4.5, "vineyard_id": "V68", "row_id": "V68-R085", "reachable": true, "id": "T3371", "x": 630173.28, "y": 5219418.28, "order": null, "visited": false}}, {"type": "Feature", "geometry": {"type": "Point", "coordinates": [630159.01, 5219382.52]}, "properties": {"type": "gap", "gap_m": 13.7, "vineyard_id": "V68", "row_id": "V68-R086", "reachable": true, "id": "T3372", "x": 630159.01, "y": 5219382.52, "order": 66, "visited": true}}, {"type": "Feature", "geometry": {"type": "Point", "coordinates": [630149.82, 5219381.47]}, "properties": {"type": "gap", "gap_m": 3.5, "vineyard_id": "V68", "row_id": "V68-R086", "reachable": true, "id": "T3373", "x": 630149.82, "y": 5219381.47, "order": null, "visited": true}}, {"type": "Feature", "geometry": {"type": "Point", "coordinates": [630144.17, 5219380.82]}, "properties": {"type": "gap", "gap_m": 6.1, "vineyard_id": "V68", "row_id": "V68-R086", "reachable": true, "id": "T3374", "x": 630144.17, "y": 5219380.82, "order": null, "visited": false}}, {"type": "Feature", "geometry": {"type": "Point", "coordinates": [630128.74, 5219379.06]}, "properties": {"type": "gap", "gap_m": 4.6, "vineyard_id": "V68", "row_id": "V68-R086", "reachable": true, "id": "T3375", "x": 630128.74, "y": 5219379.06, "order": null, "visited": false}}, {"type": "Feature", "geometry": {"type": "Point", "coordinates": [630176.02, 5219414.59]}, "properties": {"type": "gap", "gap_m": 3.6, "vineyard_id": "V68", "row_id": "V68-R087", "reachable": true, "id": "T3376", "x": 630176.02, "y": 5219414.59, "order": null, "visited": true}}, {"type": "Feature", "geometry": {"type": "Point", "coordinates": [630217.35, 5219408.03]}, "properties": {"type": "gap", "gap_m": 3.9, "vineyard_id": "V68", "row_id": "V68-R087", "reachable": true, "id": "T3377", "x": 630217.35, "y": 5219408.03, "order": null, "visited": true}}, {"type": "Feature", "geometry": {"type": "Point", "coordinates": [630142.29, 5219376.33]}, "properties": {"type": "gap", "gap_m": 3.3, "vineyard_id": "V68", "row_id": "V68-R088", "reachable": true, "id": "T3378", "x": 630142.29, "y": 5219376.33, "order": null, "visited": true}}, {"type": "Feature", "geometry": {"type": "Point", "coordinates": [630134.66, 5219375.09]}, "properties": {"type": "gap", "gap_m": 3.2, "vineyard_id": "V68", "row_id": "V68-R088", "reachable": true, "id": "T3379", "x": 630134.66, "y": 5219375.09, "order": null, "visited": true}}, {"type": "Feature", "geometry": {"type": "Point", "coordinates": [630131.0, 5219374.49]}, "properties": {"type": "gap", "gap_m": 3.2, "vineyard_id": "V68", "row_id": "V68-R088", "reachable": true, "id": "T3380", "x": 630131.0, "y": 5219374.49, "order": null, "visited": true}}, {"type": "Feature", "geometry": {"type": "Point", "coordinates": [630186.99, 5219410.02]}, "properties": {"type": "gap", "gap_m": 3.5, "vineyard_id": "V68", "row_id": "V68-R089", "reachable": true, "id": "T3381", "x": 630186.99, "y": 5219410.02, "order": null, "visited": false}}, {"type": "Feature", "geometry": {"type": "Point", "coordinates": [630140.85, 5219373.83]}, "properties": {"type": "gap", "gap_m": 4.7, "vineyard_id": "V68", "row_id": "V68-R090", "reachable": true, "id": "T3382", "x": 630140.85, "y": 5219373.83, "order": null, "visited": true}}, {"type": "Feature", "geometry": {"type": "Point", "coordinates": [630182.72, 5219407.38]}, "properties": {"type": "gap", "gap_m": 3.7, "vineyard_id": "V68", "row_id": "V68-R091", "reachable": true, "id": "T3383", "x": 630182.72, "y": 5219407.38, "order": null, "visited": false}}, {"type": "Feature", "geometry": {"type": "Point", "coordinates": [630138.91, 5219371.78]}, "properties": {"type": "gap", "gap_m": 3.1, "vineyard_id": "V68", "row_id": "V68-R092", "reachable": true, "id": "T3384", "x": 630138.91, "y": 5219371.78, "order": null, "visited": false}}, {"type": "Feature", "geometry": {"type": "Point", "coordinates": [630135.02, 5219371.15]}, "properties": {"type": "gap", "gap_m": 3.4, "vineyard_id": "V68", "row_id": "V68-R092", "reachable": true, "id": "T3385", "x": 630135.02, "y": 5219371.15, "order": null, "visited": false}}, {"type": "Feature", "geometry": {"type": "Point", "coordinates": [630124.79, 5219369.48]}, "properties": {"type": "gap", "gap_m": 3.0, "vineyard_id": "V68", "row_id": "V68-R092", "reachable": true, "id": "T3386", "x": 630124.79, "y": 5219369.48, "order": null, "visited": false}}, {"type": "Feature", "geometry": {"type": "Point", "coordinates": [630145.26, 5219370.52]}, "properties": {"type": "gap", "gap_m": 3.9, "vineyard_id": "V68", "row_id": "V68-R093", "reachable": true, "id": "T3387", "x": 630145.26, "y": 5219370.52, "order": null, "visited": false}}, {"type": "Feature", "geometry": {"type": "Point", "coordinates": [630128.5, 5219367.76]}, "properties": {"type": "gap", "gap_m": 4.5, "vineyard_id": "V68", "row_id": "V68-R093", "reachable": true, "id": "T3388", "x": 630128.5, "y": 5219367.76, "order": null, "visited": false}}, {"type": "Feature", "geometry": {"type": "Point", "coordinates": [630166.38, 5219367.45]}, "properties": {"type": "gap", "gap_m": 3.7, "vineyard_id": "V68", "row_id": "V68-R098", "reachable": true, "id": "T3389", "x": 630166.38, "y": 5219367.45, "order": null, "visited": false}}, {"type": "Feature", "geometry": {"type": "Point", "coordinates": [630182.46, 5219395.89]}, "properties": {"type": "gap", "gap_m": 3.7, "vineyard_id": "V68", "row_id": "V68-R100", "reachable": true, "id": "T3390", "x": 630182.46, "y": 5219395.89, "order": 535, "visited": true}}, {"type": "Feature", "geometry": {"type": "Point", "coordinates": [630155.05, 5219361.2]}, "properties": {"type": "gap", "gap_m": 3.9, "vineyard_id": "V68", "row_id": "V68-R103", "reachable": true, "id": "T3391", "x": 630155.05, "y": 5219361.2, "order": null, "visited": false}}, {"type": "Feature", "geometry": {"type": "Point", "coordinates": [630174.36, 5219381.42]}, "properties": {"type": "gap", "gap_m": 3.0, "vineyard_id": "V68", "row_id": "V68-R104", "reachable": true, "id": "T3392", "x": 630174.36, "y": 5219381.42, "order": null, "visited": true}}, {"type": "Feature", "geometry": {"type": "Point", "coordinates": [630183.56, 5219380.03]}, "properties": {"type": "gap", "gap_m": 3.1, "vineyard_id": "V68", "row_id": "V68-R104", "reachable": true, "id": "T3393", "x": 630183.56, "y": 5219380.03, "order": null, "visited": true}}, {"type": "Feature", "geometry": {"type": "Point", "coordinates": [630184.51, 5219392.18]}, "properties": {"type": "gap", "gap_m": 6.7, "vineyard_id": "V68", "row_id": "V68-R105", "reachable": true, "id": "T3394", "x": 630184.51, "y": 5219392.18, "order": 534, "visited": true}}, {"type": "Feature", "geometry": {"type": "Point", "coordinates": [630160.93, 5219359.51]}, "properties": {"type": "gap", "gap_m": 4.6, "vineyard_id": "V68", "row_id": "V68-R106", "reachable": true, "id": "T3395", "x": 630160.93, "y": 5219359.51, "order": null, "visited": false}}, {"type": "Feature", "geometry": {"type": "Point", "coordinates": [630155.85, 5219358.68]}, "properties": {"type": "gap", "gap_m": 4.6, "vineyard_id": "V68", "row_id": "V68-R106", "reachable": true, "id": "T3396", "x": 630155.85, "y": 5219358.68, "order": null, "visited": false}}, {"type": "Feature", "geometry": {"type": "Point", "coordinates": [630180.17, 5219389.58]}, "properties": {"type": "gap", "gap_m": 7.0, "vineyard_id": "V68", "row_id": "V68-R107", "reachable": true, "id": "T3397", "x": 630180.17, "y": 5219389.58, "order": 533, "visited": true}}, {"type": "Feature", "geometry": {"type": "Point", "coordinates": [630190.55, 5219387.94]}, "properties": {"type": "gap", "gap_m": 3.4, "vineyard_id": "V68", "row_id": "V68-R107", "reachable": true, "id": "T3398", "x": 630190.55, "y": 5219387.94, "order": 532, "visited": true}}, {"type": "Feature", "geometry": {"type": "Point", "coordinates": [630178.43, 5219383.61]}, "properties": {"type": "gap", "gap_m": 3.8, "vineyard_id": "V68", "row_id": "V68-R108", "reachable": true, "id": "T3399", "x": 630178.43, "y": 5219383.61, "order": null, "visited": true}}, {"type": "Feature", "geometry": {"type": "Point", "coordinates": [630182.96, 5219382.91]}, "properties": {"type": "gap", "gap_m": 3.2, "vineyard_id": "V68", "row_id": "V68-R108", "reachable": true, "id": "T3400", "x": 630182.96, "y": 5219382.91, "order": null, "visited": true}}, {"type": "Feature", "geometry": {"type": "Point", "coordinates": [630187.1, 5219382.27]}, "properties": {"type": "gap", "gap_m": 3.3, "vineyard_id": "V68", "row_id": "V68-R108", "reachable": true, "id": "T3401", "x": 630187.1, "y": 5219382.27, "order": null, "visited": true}}, {"type": "Feature", "geometry": {"type": "Point", "coordinates": [630164.17, 5219357.3]}, "properties": {"type": "gap", "gap_m": 4.5, "vineyard_id": "V68", "row_id": "V68-R109", "reachable": true, "id": "T3402", "x": 630164.17, "y": 5219357.3, "order": null, "visited": false}}, {"type": "Feature", "geometry": {"type": "Point", "coordinates": [630152.12, 5219355.32]}, "properties": {"type": "gap", "gap_m": 3.6, "vineyard_id": "V68", "row_id": "V68-R109", "reachable": true, "id": "T3403", "x": 630152.12, "y": 5219355.32, "order": null, "visited": false}}, {"type": "Feature", "geometry": {"type": "Point", "coordinates": [630163.16, 5219355.42]}, "properties": {"type": "gap", "gap_m": 3.5, "vineyard_id": "V68", "row_id": "V68-R110", "reachable": true, "id": "T3404", "x": 630163.16, "y": 5219355.42, "order": null, "visited": false}}, {"type": "Feature", "geometry": {"type": "Point", "coordinates": [630151.3, 5219353.49]}, "properties": {"type": "gap", "gap_m": 3.8, "vineyard_id": "V68", "row_id": "V68-R110", "reachable": true, "id": "T3405", "x": 630151.3, "y": 5219353.49, "order": null, "visited": false}}, {"type": "Feature", "geometry": {"type": "Point", "coordinates": [630176.56, 5219386.97]}, "properties": {"type": "gap", "gap_m": 5.5, "vineyard_id": "V68", "row_id": "V68-R111", "reachable": true, "id": "T3406", "x": 630176.56, "y": 5219386.97, "order": 530, "visited": true}}, {"type": "Feature", "geometry": {"type": "Point", "coordinates": [630186.28, 5219385.42]}, "properties": {"type": "gap", "gap_m": 13.0, "vineyard_id": "V68", "row_id": "V68-R111", "reachable": true, "id": "T3407", "x": 630186.28, "y": 5219385.42, "order": 531, "visited": true}}, {"type": "Feature", "geometry": {"type": "Point", "coordinates": [630165.31, 5219352.17]}, "properties": {"type": "gap", "gap_m": 7.7, "vineyard_id": "V68", "row_id": "V68-R112", "reachable": true, "id": "T3408", "x": 630165.31, "y": 5219352.17, "order": 61, "visited": true}}, {"type": "Feature", "geometry": {"type": "Point", "coordinates": [630155.11, 5219350.49]}, "properties": {"type": "gap", "gap_m": 6.2, "vineyard_id": "V68", "row_id": "V68-R112", "reachable": true, "id": "T3409", "x": 630155.11, "y": 5219350.49, "order": 62, "visited": true}}, {"type": "Feature", "geometry": {"type": "Point", "coordinates": [630129.19, 5219346.22]}, "properties": {"type": "gap", "gap_m": 7.1, "vineyard_id": "V68", "row_id": "V68-R112", "reachable": true, "id": "T3410", "x": 630129.19, "y": 5219346.22, "order": null, "visited": true}}, {"type": "Feature", "geometry": {"type": "Point", "coordinates": [630170.82, 5219357.94]}, "properties": {"type": "gap", "gap_m": 3.2, "vineyard_id": "V68", "row_id": "V68-R113", "reachable": true, "id": "T3411", "x": 630170.82, "y": 5219357.94, "order": 69, "visited": true}}, {"type": "Feature", "geometry": {"type": "Point", "coordinates": [630170.28, 5219348.83]}, "properties": {"type": "gap", "gap_m": 11.3, "vineyard_id": "V68", "row_id": "V68-R113", "reachable": true, "id": "T3412", "x": 630170.28, "y": 5219348.83, "order": 60, "visited": true}}, {"type": "Feature", "geometry": {"type": "Point", "coordinates": [630172.52, 5219346.65]}, "properties": {"type": "gap", "gap_m": 12.4, "vineyard_id": "V68", "row_id": "V68-R114", "reachable": true, "id": "T3413", "x": 630172.52, "y": 5219346.65, "order": 74, "visited": true}}, {"type": "Feature", "geometry": {"type": "Point", "coordinates": [630171.82, 5219335.47]}, "properties": {"type": "gap", "gap_m": 6.0, "vineyard_id": "V68", "row_id": "V68-R114", "reachable": true, "id": "T3414", "x": 630171.82, "y": 5219335.47, "order": 75, "visited": true}}, {"type": "Feature", "geometry": {"type": "Point", "coordinates": [630174.46, 5219352.99]}, "properties": {"type": "gap", "gap_m": 8.8, "vineyard_id": "V68", "row_id": "V68-R115", "reachable": true, "id": "T3415", "x": 630174.46, "y": 5219352.99, "order": 70, "visited": true}}, {"type": "Feature", "geometry": {"type": "Point", "coordinates": [630173.9, 5219344.08]}, "properties": {"type": "gap", "gap_m": 7.8, "vineyard_id": "V68", "row_id": "V68-R115", "reachable": true, "id": "T3416", "x": 630173.9, "y": 5219344.08, "order": 73, "visited": true}}, {"type": "Feature", "geometry": {"type": "Point", "coordinates": [630173.27, 5219333.95]}, "properties": {"type": "gap", "gap_m": 6.6, "vineyard_id": "V68", "row_id": "V68-R115", "reachable": true, "id": "T3417", "x": 630173.27, "y": 5219333.95, "order": 72, "visited": true}}, {"type": "Feature", "geometry": {"type": "Point", "coordinates": [630177.27, 5219357.71]}, "properties": {"type": "gap", "gap_m": 3.6, "vineyard_id": "V68", "row_id": "V68-R116", "reachable": true, "id": "T3418", "x": 630177.27, "y": 5219357.71, "order": null, "visited": false}}, {"type": "Feature", "geometry": {"type": "Point", "coordinates": [630176.42, 5219344.11]}, "properties": {"type": "gap", "gap_m": 7.3, "vineyard_id": "V68", "row_id": "V68-R116", "reachable": true, "id": "T3419", "x": 630176.42, "y": 5219344.11, "order": 71, "visited": true}}, {"type": "Feature", "geometry": {"type": "Point", "coordinates": [630181.01, 5219364.15]}, "properties": {"type": "gap", "gap_m": 4.7, "vineyard_id": "V68", "row_id": "V68-R117", "reachable": true, "id": "T3420", "x": 630181.01, "y": 5219364.15, "order": null, "visited": false}}, {"type": "Feature", "geometry": {"type": "Point", "coordinates": [630188.39, 5219357.3]}, "properties": {"type": "gap", "gap_m": 3.5, "vineyard_id": "V68", "row_id": "V68-R120", "reachable": true, "id": "T3421", "x": 630188.39, "y": 5219357.3, "order": null, "visited": false}}, {"type": "Feature", "geometry": {"type": "Point", "coordinates": [630190.23, 5219350.62]}, "properties": {"type": "gap", "gap_m": 4.2, "vineyard_id": "V68", "row_id": "V68-R121", "reachable": true, "id": "T3422", "x": 630190.23, "y": 5219350.62, "order": null, "visited": true}}, {"type": "Feature", "geometry": {"type": "Point", "coordinates": [630191.16, 5219334.92]}, "properties": {"type": "gap", "gap_m": 11.1, "vineyard_id": "V68", "row_id": "V68-R122", "reachable": true, "id": "T3423", "x": 630191.16, "y": 5219334.92, "order": 67, "visited": true}}, {"type": "Feature", "geometry": {"type": "Point", "coordinates": [630194.58, 5219358.6]}, "properties": {"type": "gap", "gap_m": 3.7, "vineyard_id": "V68", "row_id": "V68-R123", "reachable": true, "id": "T3424", "x": 630194.58, "y": 5219358.6, "order": null, "visited": false}}, {"type": "Feature", "geometry": {"type": "Point", "coordinates": [630213.26, 5219363.25]}, "properties": {"type": "gap", "gap_m": 11.0, "vineyard_id": "V68", "row_id": "V68-R126", "reachable": true, "id": "T3427", "x": 630213.26, "y": 5219363.25, "order": 68, "visited": true}}, {"type": "Feature", "geometry": {"type": "Point", "coordinates": [630209.79, 5219344.3]}, "properties": {"type": "gap", "gap_m": 3.9, "vineyard_id": "V68", "row_id": "V68-R127", "reachable": true, "id": "T3428", "x": 630209.79, "y": 5219344.3, "order": null, "visited": false}}, {"type": "Feature", "geometry": {"type": "Point", "coordinates": [630226.45, 5219359.66]}, "properties": {"type": "gap", "gap_m": 31.6, "vineyard_id": "V68", "row_id": "V68-R130", "reachable": true, "id": "T3430", "x": 630226.45, "y": 5219359.66, "order": 126, "visited": true}}, {"type": "Feature", "geometry": {"type": "Point", "coordinates": [630227.99, 5219341.11]}, "properties": {"type": "gap", "gap_m": 4.3, "vineyard_id": "V68", "row_id": "V68-R130", "reachable": true, "id": "T3431", "x": 630227.99, "y": 5219341.11, "order": 125, "visited": true}}, {"type": "Feature", "geometry": {"type": "Point", "coordinates": [630228.37, 5219336.46]}, "properties": {"type": "gap", "gap_m": 3.9, "vineyard_id": "V68", "row_id": "V68-R130", "reachable": true, "id": "T3432", "x": 630228.37, "y": 5219336.46, "order": 123, "visited": true}}, {"type": "Feature", "geometry": {"type": "Point", "coordinates": [630231.19, 5219340.89]}, "properties": {"type": "gap", "gap_m": 3.8, "vineyard_id": "V68", "row_id": "V68-R132", "reachable": true, "id": "T3436", "x": 630231.19, "y": 5219340.89, "order": 124, "visited": true}}, {"type": "Feature", "geometry": {"type": "Point", "coordinates": [630231.78, 5219333.75]}, "properties": {"type": "gap", "gap_m": 8.9, "vineyard_id": "V68", "row_id": "V68-R132", "reachable": true, "id": "T3437", "x": 630231.78, "y": 5219333.75, "order": 122, "visited": true}}, {"type": "Feature", "geometry": {"type": "Point", "coordinates": [630231.06, 5219362.21]}, "properties": {"type": "gap", "gap_m": 32.2, "vineyard_id": "V68", "row_id": "V68-R133", "reachable": true, "id": "T3438", "x": 630231.06, "y": 5219362.21, "order": null, "visited": false}}, {"type": "Feature", "geometry": {"type": "Point", "coordinates": [630232.67, 5219343.45]}, "properties": {"type": "gap", "gap_m": 4.0, "vineyard_id": "V68", "row_id": "V68-R133", "reachable": true, "id": "T3439", "x": 630232.67, "y": 5219343.45, "order": null, "visited": false}}, {"type": "Feature", "geometry": {"type": "Point", "coordinates": [630233.28, 5219336.32]}, "properties": {"type": "gap", "gap_m": 8.7, "vineyard_id": "V68", "row_id": "V68-R133", "reachable": true, "id": "T3440", "x": 630233.28, "y": 5219336.32, "order": 121, "visited": true}}, {"type": "Feature", "geometry": {"type": "Point", "coordinates": [630235.25, 5219344.51]}, "properties": {"type": "gap", "gap_m": 9.0, "vineyard_id": "V68", "row_id": "V68-R134", "reachable": true, "id": "T3441", "x": 630235.25, "y": 5219344.51, "order": null, "visited": true}}, {"type": "Feature", "geometry": {"type": "Point", "coordinates": [630235.88, 5219337.31]}, "properties": {"type": "gap", "gap_m": 4.2, "vineyard_id": "V68", "row_id": "V68-R134", "reachable": true, "id": "T3442", "x": 630235.88, "y": 5219337.31, "order": 119, "visited": true}}, {"type": "Feature", "geometry": {"type": "Point", "coordinates": [630236.26, 5219332.84]}, "properties": {"type": "gap", "gap_m": 3.3, "vineyard_id": "V68", "row_id": "V68-R134", "reachable": true, "id": "T3443", "x": 630236.26, "y": 5219332.84, "order": 120, "visited": true}}, {"type": "Feature", "geometry": {"type": "Point", "coordinates": [630235.73, 5219375.94]}, "properties": {"type": "gap", "gap_m": 3.8, "vineyard_id": "V68", "row_id": "V68-R135", "reachable": true, "id": "T3444", "x": 630235.73, "y": 5219375.94, "order": 127, "visited": true}}, {"type": "Feature", "geometry": {"type": "Point", "coordinates": [630236.71, 5219363.72]}, "properties": {"type": "gap", "gap_m": 19.7, "vineyard_id": "V68", "row_id": "V68-R135", "reachable": true, "id": "T3445", "x": 630236.71, "y": 5219363.72, "order": 116, "visited": true}}, {"type": "Feature", "geometry": {"type": "Point", "coordinates": [630237.72, 5219351.24]}, "properties": {"type": "gap", "gap_m": 3.4, "vineyard_id": "V68", "row_id": "V68-R135", "reachable": true, "id": "T3446", "x": 630237.72, "y": 5219351.24, "order": 117, "visited": true}}, {"type": "Feature", "geometry": {"type": "Point", "coordinates": [630238.11, 5219346.45]}, "properties": {"type": "gap", "gap_m": 3.8, "vineyard_id": "V68", "row_id": "V68-R135", "reachable": true, "id": "T3447", "x": 630238.11, "y": 5219346.45, "order": 118, "visited": true}}, {"type": "Feature", "geometry": {"type": "Point", "coordinates": [630238.52, 5219341.33]}, "properties": {"type": "gap", "gap_m": 4.3, "vineyard_id": "V68", "row_id": "V68-R135", "reachable": true, "id": "T3448", "x": 630238.52, "y": 5219341.33, "order": null, "visited": true}}, {"type": "Feature", "geometry": {"type": "Point", "coordinates": [630238.88, 5219336.8]}, "properties": {"type": "gap", "gap_m": 3.4, "vineyard_id": "V68", "row_id": "V68-R135", "reachable": true, "id": "T3449", "x": 630238.88, "y": 5219336.8, "order": null, "visited": true}}, {"type": "Feature", "geometry": {"type": "Point", "coordinates": [630241.02, 5219367.04]}, "properties": {"type": "gap", "gap_m": 13.2, "vineyard_id": "V68", "row_id": "V68-R136", "reachable": true, "id": "T3450", "x": 630241.02, "y": 5219367.04, "order": null, "visited": true}}, {"type": "Feature", "geometry": {"type": "Point", "coordinates": [630242.0, 5219355.13]}, "properties": {"type": "gap", "gap_m": 9.2, "vineyard_id": "V68", "row_id": "V68-R136", "reachable": true, "id": "T3451", "x": 630242.0, "y": 5219355.13, "order": 113, "visited": true}}, {"type": "Feature", "geometry": {"type": "Point", "coordinates": [630242.63, 5219347.57]}, "properties": {"type": "gap", "gap_m": 4.7, "vineyard_id": "V68", "row_id": "V68-R136", "reachable": true, "id": "T3452", "x": 630242.63, "y": 5219347.57, "order": 112, "visited": true}}, {"type": "Feature", "geometry": {"type": "Point", "coordinates": [630243.01, 5219343.02]}, "properties": {"type": "gap", "gap_m": 3.1, "vineyard_id": "V68", "row_id": "V68-R136", "reachable": true, "id": "T3453", "x": 630243.01, "y": 5219343.02, "order": 111, "visited": true}}, {"type": "Feature", "geometry": {"type": "Point", "coordinates": [630243.36, 5219338.76]}, "properties": {"type": "gap", "gap_m": 3.3, "vineyard_id": "V68", "row_id": "V68-R136", "reachable": true, "id": "T3454", "x": 630243.36, "y": 5219338.76, "order": null, "visited": false}}, {"type": "Feature", "geometry": {"type": "Point", "coordinates": [630243.7, 5219334.68]}, "properties": {"type": "gap", "gap_m": 3.6, "vineyard_id": "V68", "row_id": "V68-R136", "reachable": true, "id": "T3455", "x": 630243.7, "y": 5219334.68, "order": null, "visited": false}}, {"type": "Feature", "geometry": {"type": "Point", "coordinates": [630243.74, 5219367.83]}, "properties": {"type": "gap", "gap_m": 7.0, "vineyard_id": "V68", "row_id": "V68-R137", "reachable": true, "id": "T3456", "x": 630243.74, "y": 5219367.83, "order": 115, "visited": true}}, {"type": "Feature", "geometry": {"type": "Point", "coordinates": [630244.28, 5219361.33]}, "properties": {"type": "gap", "gap_m": 3.6, "vineyard_id": "V68", "row_id": "V68-R137", "reachable": true, "id": "T3457", "x": 630244.28, "y": 5219361.33, "order": 107, "visited": true}}, {"type": "Feature", "geometry": {"type": "Point", "coordinates": [630244.68, 5219356.61]}, "properties": {"type": "gap", "gap_m": 4.4, "vineyard_id": "V68", "row_id": "V68-R137", "reachable": true, "id": "T3458", "x": 630244.68, "y": 5219356.61, "order": 114, "visited": true}}, {"type": "Feature", "geometry": {"type": "Point", "coordinates": [630245.1, 5219351.57]}, "properties": {"type": "gap", "gap_m": 3.5, "vineyard_id": "V68", "row_id": "V68-R137", "reachable": true, "id": "T3459", "x": 630245.1, "y": 5219351.57, "order": 108, "visited": true}}, {"type": "Feature", "geometry": {"type": "Point", "coordinates": [630245.52, 5219346.69]}, "properties": {"type": "gap", "gap_m": 3.0, "vineyard_id": "V68", "row_id": "V68-R137", "reachable": true, "id": "T3460", "x": 630245.52, "y": 5219346.69, "order": 109, "visited": true}}, {"type": "Feature", "geometry": {"type": "Point", "coordinates": [630246.03, 5219340.6]}, "properties": {"type": "gap", "gap_m": 7.2, "vineyard_id": "V68", "row_id": "V68-R137", "reachable": true, "id": "T3461", "x": 630246.03, "y": 5219340.6, "order": 110, "visited": true}}, {"type": "Feature", "geometry": {"type": "Point", "coordinates": [630246.02, 5219370.13]}, "properties": {"type": "gap", "gap_m": 4.7, "vineyard_id": "V68", "row_id": "V68-R138", "reachable": true, "id": "T3462", "x": 630246.02, "y": 5219370.13, "order": 105, "visited": true}}, {"type": "Feature", "geometry": {"type": "Point", "coordinates": [630246.44, 5219364.99]}, "properties": {"type": "gap", "gap_m": 3.2, "vineyard_id": "V68", "row_id": "V68-R138", "reachable": true, "id": "T3463", "x": 630246.44, "y": 5219364.99, "order": 106, "visited": true}}, {"type": "Feature", "geometry": {"type": "Point", "coordinates": [630247.05, 5219357.63]}, "properties": {"type": "gap", "gap_m": 9.0, "vineyard_id": "V68", "row_id": "V68-R138", "reachable": true, "id": "T3464", "x": 630247.05, "y": 5219357.63, "order": 104, "visited": true}}, {"type": "Feature", "geometry": {"type": "Point", "coordinates": [630247.62, 5219350.69]}, "properties": {"type": "gap", "gap_m": 3.6, "vineyard_id": "V68", "row_id": "V68-R138", "reachable": true, "id": "T3465", "x": 630247.62, "y": 5219350.69, "order": 103, "visited": true}}, {"type": "Feature", "geometry": {"type": "Point", "coordinates": [630248.16, 5219344.06]}, "properties": {"type": "gap", "gap_m": 7.9, "vineyard_id": "V68", "row_id": "V68-R138", "reachable": true, "id": "T3466", "x": 630248.16, "y": 5219344.06, "order": 101, "visited": true}}, {"type": "Feature", "geometry": {"type": "Point", "coordinates": [630248.66, 5219338.05]}, "properties": {"type": "gap", "gap_m": 3.2, "vineyard_id": "V68", "row_id": "V68-R138", "reachable": true, "id": "T3467", "x": 630248.66, "y": 5219338.05, "order": null, "visited": false}}, {"type": "Feature", "geometry": {"type": "Point", "coordinates": [630248.13, 5219367.54]}, "properties": {"type": "gap", "gap_m": 14.4, "vineyard_id": "V68", "row_id": "V68-R139", "reachable": true, "id": "T3468", "x": 630248.13, "y": 5219367.54, "order": 95, "visited": true}}, {"type": "Feature", "geometry": {"type": "Point", "coordinates": [630249.11, 5219355.36]}, "properties": {"type": "gap", "gap_m": 8.0, "vineyard_id": "V68", "row_id": "V68-R139", "reachable": true, "id": "T3469", "x": 630249.11, "y": 5219355.36, "order": 97, "visited": true}}, {"type": "Feature", "geometry": {"type": "Point", "coordinates": [630249.64, 5219348.82]}, "properties": {"type": "gap", "gap_m": 3.4, "vineyard_id": "V68", "row_id": "V68-R139", "reachable": true, "id": "T3470", "x": 630249.64, "y": 5219348.82, "order": 102, "visited": true}}, {"type": "Feature", "geometry": {"type": "Point", "coordinates": [630249.98, 5219344.66]}, "properties": {"type": "gap", "gap_m": 3.1, "vineyard_id": "V68", "row_id": "V68-R139", "reachable": true, "id": "T3471", "x": 630249.98, "y": 5219344.66, "order": 101, "visited": true}}, {"type": "Feature", "geometry": {"type": "Point", "coordinates": [630250.32, 5219340.43]}, "properties": {"type": "gap", "gap_m": 3.4, "vineyard_id": "V68", "row_id": "V68-R139", "reachable": true, "id": "T3472", "x": 630250.32, "y": 5219340.43, "order": 99, "visited": true}}, {"type": "Feature", "geometry": {"type": "Point", "coordinates": [630250.84, 5219333.99]}, "properties": {"type": "gap", "gap_m": 7.5, "vineyard_id": "V68", "row_id": "V68-R139", "reachable": true, "id": "T3473", "x": 630250.84, "y": 5219333.99, "order": 98, "visited": true}}, {"type": "Feature", "geometry": {"type": "Point", "coordinates": [630250.4, 5219365.68]}, "properties": {"type": "gap", "gap_m": 14.2, "vineyard_id": "V68", "row_id": "V68-R140", "reachable": true, "id": "T3474", "x": 630250.4, "y": 5219365.68, "order": 96, "visited": true}}, {"type": "Feature", "geometry": {"type": "Point", "coordinates": [630251.38, 5219353.83]}, "properties": {"type": "gap", "gap_m": 8.1, "vineyard_id": "V68", "row_id": "V68-R140", "reachable": true, "id": "T3475", "x": 630251.38, "y": 5219353.83, "order": 94, "visited": true}}, {"type": "Feature", "geometry": {"type": "Point", "coordinates": [630252.23, 5219343.46]}, "properties": {"type": "gap", "gap_m": 11.7, "vineyard_id": "V68", "row_id": "V68-R140", "reachable": true, "id": "T3476", "x": 630252.23, "y": 5219343.46, "order": 100, "visited": true}}, {"type": "Feature", "geometry": {"type": "Point", "coordinates": [630252.94, 5219334.84]}, "properties": {"type": "gap", "gap_m": 4.1, "vineyard_id": "V68", "row_id": "V68-R140", "reachable": true, "id": "T3477", "x": 630252.94, "y": 5219334.84, "order": 98, "visited": true}}, {"type": "Feature", "geometry": {"type": "Point", "coordinates": [630252.85, 5219365.98]}, "properties": {"type": "gap", "gap_m": 7.9, "vineyard_id": "V68", "row_id": "V68-R141", "reachable": true, "id": "T3478", "x": 630252.85, "y": 5219365.98, "order": null, "visited": true}}, {"type": "Feature", "geometry": {"type": "Point", "coordinates": [630253.53, 5219357.55]}, "properties": {"type": "gap", "gap_m": 7.9, "vineyard_id": "V68", "row_id": "V68-R141", "reachable": true, "id": "T3479", "x": 630253.53, "y": 5219357.55, "order": null, "visited": true}}, {"type": "Feature", "geometry": {"type": "Point", "coordinates": [630254.08, 5219350.72]}, "properties": {"type": "gap", "gap_m": 3.9, "vineyard_id": "V68", "row_id": "V68-R141", "reachable": true, "id": "T3480", "x": 630254.08, "y": 5219350.72, "order": null, "visited": true}}, {"type": "Feature", "geometry": {"type": "Point", "coordinates": [630254.4, 5219346.71]}, "properties": {"type": "gap", "gap_m": 3.4, "vineyard_id": "V68", "row_id": "V68-R141", "reachable": true, "id": "T3481", "x": 630254.4, "y": 5219346.71, "order": 93, "visited": true}}, {"type": "Feature", "geometry": {"type": "Point", "coordinates": [630254.73, 5219342.58]}, "properties": {"type": "gap", "gap_m": 3.7, "vineyard_id": "V68", "row_id": "V68-R141", "reachable": true, "id": "T3482", "x": 630254.73, "y": 5219342.58, "order": 92, "visited": true}}, {"type": "Feature", "geometry": {"type": "Point", "coordinates": [630255.26, 5219336.07]}, "properties": {"type": "gap", "gap_m": 8.2, "vineyard_id": "V68", "row_id": "V68-R141", "reachable": true, "id": "T3483", "x": 630255.26, "y": 5219336.07, "order": 91, "visited": true}}, {"type": "Feature", "geometry": {"type": "Point", "coordinates": [630255.58, 5219353.04]}, "properties": {"type": "gap", "gap_m": 28.1, "vineyard_id": "V68", "row_id": "V68-R142", "reachable": true, "id": "T3484", "x": 630255.58, "y": 5219353.04, "order": 89, "visited": true}}, {"type": "Feature", "geometry": {"type": "Point", "coordinates": [630257.22, 5219376.04]}, "properties": {"type": "gap", "gap_m": 3.9, "vineyard_id": "V68", "row_id": "V68-R143", "reachable": true, "id": "T3485", "x": 630257.22, "y": 5219376.04, "order": null, "visited": true}}, {"type": "Feature", "geometry": {"type": "Point", "coordinates": [630258.7, 5219358.21]}, "properties": {"type": "gap", "gap_m": 12.0, "vineyard_id": "V68", "row_id": "V68-R143", "reachable": true, "id": "T3486", "x": 630258.7, "y": 5219358.21, "order": 88, "visited": true}}, {"type": "Feature", "geometry": {"type": "Point", "coordinates": [630259.96, 5219343.08]}, "properties": {"type": "gap", "gap_m": 16.4, "vineyard_id": "V68", "row_id": "V68-R143", "reachable": true, "id": "T3487", "x": 630259.96, "y": 5219343.08, "order": 90, "visited": true}}, {"type": "Feature", "geometry": {"type": "Point", "coordinates": [630203.29, 5219317.82]}, "properties": {"type": "gap", "gap_m": 19.5, "vineyard_id": "V68", "row_id": "V68-R144", "reachable": true, "id": "T3488", "x": 630203.29, "y": 5219317.82, "order": null, "visited": false}}, {"type": "Feature", "geometry": {"type": "Point", "coordinates": [630213.35, 5219310.03]}, "properties": {"type": "gap", "gap_m": 5.2, "vineyard_id": "V68", "row_id": "V68-R144", "reachable": true, "id": "T3489", "x": 630213.35, "y": 5219310.03, "order": null, "visited": false}}, {"type": "Feature", "geometry": {"type": "Point", "coordinates": [630261.06, 5219359.38]}, "properties": {"type": "gap", "gap_m": 7.2, "vineyard_id": "V68", "row_id": "V68-R145", "reachable": true, "id": "T3490", "x": 630261.06, "y": 5219359.38, "order": null, "visited": false}}, {"type": "Feature", "geometry": {"type": "Point", "coordinates": [630262.13, 5219346.7]}, "properties": {"type": "gap", "gap_m": 16.5, "vineyard_id": "V68", "row_id": "V68-R145", "reachable": true, "id": "T3491", "x": 630262.13, "y": 5219346.7, "order": null, "visited": false}}, {"type": "Feature", "geometry": {"type": "Point", "coordinates": [630263.04, 5219335.93]}, "properties": {"type": "gap", "gap_m": 3.9, "vineyard_id": "V68", "row_id": "V68-R145", "reachable": true, "id": "T3492", "x": 630263.04, "y": 5219335.93, "order": null, "visited": false}}, {"type": "Feature", "geometry": {"type": "Point", "coordinates": [630263.39, 5219331.89]}, "properties": {"type": "gap", "gap_m": 3.3, "vineyard_id": "V68", "row_id": "V68-R145", "reachable": true, "id": "T3493", "x": 630263.39, "y": 5219331.89, "order": null, "visited": false}}, {"type": "Feature", "geometry": {"type": "Point", "coordinates": [630263.25, 5219357.32]}, "properties": {"type": "gap", "gap_m": 7.0, "vineyard_id": "V68", "row_id": "V68-R146", "reachable": true, "id": "T3494", "x": 630263.25, "y": 5219357.32, "order": null, "visited": false}}, {"type": "Feature", "geometry": {"type": "Point", "coordinates": [630264.09, 5219347.19]}, "properties": {"type": "gap", "gap_m": 12.6, "vineyard_id": "V68", "row_id": "V68-R146", "reachable": true, "id": "T3495", "x": 630264.09, "y": 5219347.19, "order": null, "visited": false}}, {"type": "Feature", "geometry": {"type": "Point", "coordinates": [630264.82, 5219338.45]}, "properties": {"type": "gap", "gap_m": 3.8, "vineyard_id": "V68", "row_id": "V68-R146", "reachable": true, "id": "T3496", "x": 630264.82, "y": 5219338.45, "order": null, "visited": false}}, {"type": "Feature", "geometry": {"type": "Point", "coordinates": [630268.29, 5219348.73]}, "properties": {"type": "gap", "gap_m": 19.0, "vineyard_id": "V68", "row_id": "V68-R147", "reachable": true, "id": "T3497", "x": 630268.29, "y": 5219348.73, "order": null, "visited": true}}, {"type": "Feature", "geometry": {"type": "Point", "coordinates": [630270.11, 5219353.38]}, "properties": {"type": "gap", "gap_m": 7.0, "vineyard_id": "V68", "row_id": "V68-R148", "reachable": true, "id": "T3498", "x": 630270.11, "y": 5219353.38, "order": null, "visited": true}}, {"type": "Feature", "geometry": {"type": "Point", "coordinates": [630270.72, 5219345.7]}, "properties": {"type": "gap", "gap_m": 7.2, "vineyard_id": "V68", "row_id": "V68-R148", "reachable": true, "id": "T3499", "x": 630270.72, "y": 5219345.7, "order": null, "visited": true}}, {"type": "Feature", "geometry": {"type": "Point", "coordinates": [630203.51, 5219315.8]}, "properties": {"type": "gap", "gap_m": 27.7, "vineyard_id": "V68", "row_id": "V68-R149", "reachable": true, "id": "T3500", "x": 630203.51, "y": 5219315.8, "order": null, "visited": false}}, {"type": "Feature", "geometry": {"type": "Point", "coordinates": [630220.21, 5219299.02]}, "properties": {"type": "gap", "gap_m": 71.4, "vineyard_id": "V68", "row_id": "V68-R150", "reachable": true, "id": "T3502", "x": 630220.21, "y": 5219299.02, "order": null, "visited": false}}, {"type": "Feature", "geometry": {"type": "Point", "coordinates": [630197.44, 5219308.89]}, "properties": {"type": "gap", "gap_m": 19.2, "vineyard_id": "V68", "row_id": "V68-R151", "reachable": true, "id": "T3503", "x": 630197.44, "y": 5219308.89, "order": null, "visited": false}}, {"type": "Feature", "geometry": {"type": "Point", "coordinates": [630207.56, 5219301.05]}, "properties": {"type": "gap", "gap_m": 5.6, "vineyard_id": "V68", "row_id": "V68-R151", "reachable": true, "id": "T3504", "x": 630207.56, "y": 5219301.05, "order": null, "visited": false}}, {"type": "Feature", "geometry": {"type": "Point", "coordinates": [630202.22, 5219302.81]}, "properties": {"type": "gap", "gap_m": 38.7, "vineyard_id": "V68", "row_id": "V68-R152", "reachable": true, "id": "T3506", "x": 630202.22, "y": 5219302.81, "order": null, "visited": false}}, {"type": "Feature", "geometry": {"type": "Point", "coordinates": [630285.54, 5219327.9]}, "properties": {"type": "gap", "gap_m": 8.8, "vineyard_id": "V68", "row_id": "V68-R153", "reachable": true, "id": "T3508", "x": 630285.54, "y": 5219327.9, "order": null, "visited": false}}, {"type": "Feature", "geometry": {"type": "Point", "coordinates": [630188.22, 5219310.91]}, "properties": {"type": "gap", "gap_m": 29.9, "vineyard_id": "V68", "row_id": "V68-R154", "reachable": true, "id": "T3509", "x": 630188.22, "y": 5219310.91, "order": null, "visited": false}}, {"type": "Feature", "geometry": {"type": "Point", "coordinates": [630226.35, 5219281.19]}, "properties": {"type": "gap", "gap_m": 14.1, "vineyard_id": "V68", "row_id": "V68-R154", "reachable": true, "id": "T3510", "x": 630226.35, "y": 5219281.19, "order": null, "visited": true}}, {"type": "Feature", "geometry": {"type": "Point", "coordinates": [630283.57, 5219325.34]}, "properties": {"type": "gap", "gap_m": 5.1, "vineyard_id": "V68", "row_id": "V68-R155", "reachable": true, "id": "T3511", "x": 630283.57, "y": 5219325.34, "order": null, "visited": true}}, {"type": "Feature", "geometry": {"type": "Point", "coordinates": [630278.84, 5219322.67]}, "properties": {"type": "gap", "gap_m": 5.2, "vineyard_id": "V68", "row_id": "V68-R156", "reachable": true, "id": "T3512", "x": 630278.84, "y": 5219322.67, "order": null, "visited": false}}, {"type": "Feature", "geometry": {"type": "Point", "coordinates": [630299.1, 5219320.22]}, "properties": {"type": "gap", "gap_m": 5.2, "vineyard_id": "V68", "row_id": "V68-R157", "reachable": true, "id": "T3513", "x": 630299.1, "y": 5219320.22, "order": 87, "visited": true}}, {"type": "Feature", "geometry": {"type": "Point", "coordinates": [630300.77, 5219317.52]}, "properties": {"type": "gap", "gap_m": 11.6, "vineyard_id": "V68", "row_id": "V68-R158", "reachable": true, "id": "T3514", "x": 630300.77, "y": 5219317.52, "order": 86, "visited": true}}, {"type": "Feature", "geometry": {"type": "Point", "coordinates": [630295.72, 5219314.64]}, "properties": {"type": "gap", "gap_m": 5.5, "vineyard_id": "V68", "row_id": "V68-R159", "reachable": true, "id": "T3515", "x": 630295.72, "y": 5219314.64, "order": 84, "visited": true}}, {"type": "Feature", "geometry": {"type": "Point", "coordinates": [630304.21, 5219314.79]}, "properties": {"type": "gap", "gap_m": 9.1, "vineyard_id": "V68", "row_id": "V68-R159", "reachable": true, "id": "T3516", "x": 630304.21, "y": 5219314.79, "order": 85, "visited": true}}, {"type": "Feature", "geometry": {"type": "Point", "coordinates": [630294.72, 5219311.9]}, "properties": {"type": "gap", "gap_m": 4.8, "vineyard_id": "V68", "row_id": "V68-R160", "reachable": true, "id": "T3517", "x": 630294.72, "y": 5219311.9, "order": 83, "visited": true}}, {"type": "Feature", "geometry": {"type": "Point", "coordinates": [630301.75, 5219312.02]}, "properties": {"type": "gap", "gap_m": 7.9, "vineyard_id": "V68", "row_id": "V68-R160", "reachable": true, "id": "T3518", "x": 630301.75, "y": 5219312.02, "order": 82, "visited": true}}, {"type": "Feature", "geometry": {"type": "Point", "coordinates": [630296.14, 5219310.06]}, "properties": {"type": "gap", "gap_m": 10.4, "vineyard_id": "V68", "row_id": "V68-R161", "reachable": true, "id": "T3519", "x": 630296.14, "y": 5219310.06, "order": 81, "visited": true}}, {"type": "Feature", "geometry": {"type": "Point", "coordinates": [630297.29, 5219307.46]}, "properties": {"type": "gap", "gap_m": 4.8, "vineyard_id": "V68", "row_id": "V68-R162", "reachable": true, "id": "T3520", "x": 630297.29, "y": 5219307.46, "order": null, "visited": true}}, {"type": "Feature", "geometry": {"type": "Point", "coordinates": [630302.36, 5219307.55]}, "properties": {"type": "gap", "gap_m": 4.4, "vineyard_id": "V68", "row_id": "V68-R162", "reachable": true, "id": "T3521", "x": 630302.36, "y": 5219307.55, "order": null, "visited": false}}, {"type": "Feature", "geometry": {"type": "Point", "coordinates": [630294.09, 5219305.04]}, "properties": {"type": "gap", "gap_m": 7.8, "vineyard_id": "V68", "row_id": "V68-R163", "reachable": true, "id": "T3522", "x": 630294.09, "y": 5219305.04, "order": 79, "visited": true}}, {"type": "Feature", "geometry": {"type": "Point", "coordinates": [630291.89, 5219301.75]}, "properties": {"type": "gap", "gap_m": 7.8, "vineyard_id": "V68", "row_id": "V68-R164", "reachable": true, "id": "T3523", "x": 630291.89, "y": 5219301.75, "order": 80, "visited": true}}, {"type": "Feature", "geometry": {"type": "Point", "coordinates": [630293.54, 5219298.78]}, "properties": {"type": "gap", "gap_m": 9.2, "vineyard_id": "V68", "row_id": "V68-R165", "reachable": true, "id": "T3524", "x": 630293.54, "y": 5219298.78, "order": 78, "visited": true}}, {"type": "Feature", "geometry": {"type": "Point", "coordinates": [630281.79, 5219295.58]}, "properties": {"type": "gap", "gap_m": 3.0, "vineyard_id": "V68", "row_id": "V68-R166", "reachable": true, "id": "T3525", "x": 630281.79, "y": 5219295.58, "order": null, "visited": false}}, {"type": "Feature", "geometry": {"type": "Point", "coordinates": [630287.99, 5219295.68]}, "properties": {"type": "gap", "gap_m": 7.6, "vineyard_id": "V68", "row_id": "V68-R166", "reachable": true, "id": "T3526", "x": 630287.99, "y": 5219295.68, "order": 76, "visited": true}}, {"type": "Feature", "geometry": {"type": "Point", "coordinates": [630294.55, 5219295.79]}, "properties": {"type": "gap", "gap_m": 3.7, "vineyard_id": "V68", "row_id": "V68-R166", "reachable": true, "id": "T3527", "x": 630294.55, "y": 5219295.79, "order": 77, "visited": true}}, {"type": "Feature", "geometry": {"type": "Point", "coordinates": [630284.05, 5219293.14]}, "properties": {"type": "gap", "gap_m": 11.1, "vineyard_id": "V68", "row_id": "V68-R167", "reachable": true, "id": "T3528", "x": 630284.05, "y": 5219293.14, "order": null, "visited": false}}, {"type": "Feature", "geometry": {"type": "Point", "coordinates": [630283.55, 5219288.89]}, "properties": {"type": "gap", "gap_m": 7.7, "vineyard_id": "V68", "row_id": "V68-R173", "reachable": true, "id": "T3529", "x": 630283.55, "y": 5219288.89, "order": null, "visited": false}}, {"type": "Feature", "geometry": {"type": "Point", "coordinates": [630280.16, 5219286.16]}, "properties": {"type": "gap", "gap_m": 11.2, "vineyard_id": "V68", "row_id": "V68-R174", "reachable": true, "id": "T3530", "x": 630280.16, "y": 5219286.16, "order": null, "visited": false}}, {"type": "Feature", "geometry": {"type": "Point", "coordinates": [630279.96, 5219283.97]}, "properties": {"type": "gap", "gap_m": 14.0, "vineyard_id": "V68", "row_id": "V68-R176", "reachable": true, "id": "T3531", "x": 630279.96, "y": 5219283.97, "order": null, "visited": false}}, {"type": "Feature", "geometry": {"type": "Point", "coordinates": [630279.21, 5219280.26]}, "properties": {"type": "gap", "gap_m": 4.3, "vineyard_id": "V68", "row_id": "V68-R178", "reachable": true, "id": "T3532", "x": 630279.21, "y": 5219280.26, "order": null, "visited": false}}, {"type": "Feature", "geometry": {"type": "Point", "coordinates": [630292.07, 5219280.51]}, "properties": {"type": "gap", "gap_m": 4.6, "vineyard_id": "V68", "row_id": "V68-R178", "reachable": true, "id": "T3533", "x": 630292.07, "y": 5219280.51, "order": null, "visited": true}}, {"type": "Feature", "geometry": {"type": "Point", "coordinates": [630316.88, 5219280.98]}, "properties": {"type": "gap", "gap_m": 3.8, "vineyard_id": "V68", "row_id": "V68-R178", "reachable": true, "id": "T3534", "x": 630316.88, "y": 5219280.98, "order": null, "visited": true}}, {"type": "Feature", "geometry": {"type": "Point", "coordinates": [630277.1, 5219276.97]}, "properties": {"type": "gap", "gap_m": 3.8, "vineyard_id": "V68", "row_id": "V68-R179", "reachable": true, "id": "T3535", "x": 630277.1, "y": 5219276.97, "order": null, "visited": false}}, {"type": "Feature", "geometry": {"type": "Point", "coordinates": [630308.66, 5219277.27]}, "properties": {"type": "gap", "gap_m": 5.4, "vineyard_id": "V68", "row_id": "V68-R179", "reachable": true, "id": "T3536", "x": 630308.66, "y": 5219277.27, "order": null, "visited": false}}, {"type": "Feature", "geometry": {"type": "Point", "coordinates": [630316.29, 5219277.34]}, "properties": {"type": "gap", "gap_m": 6.1, "vineyard_id": "V68", "row_id": "V68-R179", "reachable": true, "id": "T3537", "x": 630316.29, "y": 5219277.34, "order": null, "visited": false}}, {"type": "Feature", "geometry": {"type": "Point", "coordinates": [630103.26, 5219362.06]}, "properties": {"type": "gap", "gap_m": 13.7, "vineyard_id": "V69", "row_id": "V69-R01", "reachable": true, "id": "T3538", "x": 630103.26, "y": 5219362.06, "order": 546, "visited": true}}, {"type": "Feature", "geometry": {"type": "Point", "coordinates": [630104.29, 5219359.71]}, "properties": {"type": "gap", "gap_m": 9.9, "vineyard_id": "V69", "row_id": "V69-R02", "reachable": true, "id": "T3539", "x": 630104.29, "y": 5219359.71, "order": 545, "visited": true}}, {"type": "Feature", "geometry": {"type": "Point", "coordinates": [630100.38, 5219352.92]}, "properties": {"type": "gap", "gap_m": 3.1, "vineyard_id": "V69", "row_id": "V69-R02", "reachable": true, "id": "T3540", "x": 630100.38, "y": 5219352.92, "order": 544, "visited": true}}, {"type": "Feature", "geometry": {"type": "Point", "coordinates": [630110.2, 5219360.67]}, "properties": {"type": "gap", "gap_m": 7.1, "vineyard_id": "V69", "row_id": "V69-R03", "reachable": true, "id": "T3541", "x": 630110.2, "y": 5219360.67, "order": null, "visited": false}}, {"type": "Feature", "geometry": {"type": "Point", "coordinates": [630101.56, 5219345.62]}, "properties": {"type": "gap", "gap_m": 4.1, "vineyard_id": "V69", "row_id": "V69-R03", "reachable": true, "id": "T3542", "x": 630101.56, "y": 5219345.62, "order": null, "visited": false}}, {"type": "Feature", "geometry": {"type": "Point", "coordinates": [630105.95, 5219347.45]}, "properties": {"type": "gap", "gap_m": 3.0, "vineyard_id": "V69", "row_id": "V69-R04", "reachable": true, "id": "T3543", "x": 630105.95, "y": 5219347.45, "order": null, "visited": false}}, {"type": "Feature", "geometry": {"type": "Point", "coordinates": [630101.82, 5219340.24]}, "properties": {"type": "gap", "gap_m": 8.0, "vineyard_id": "V69", "row_id": "V69-R04", "reachable": true, "id": "T3544", "x": 630101.82, "y": 5219340.24, "order": null, "visited": false}}, {"type": "Feature", "geometry": {"type": "Point", "coordinates": [630115.02, 5219358.33]}, "properties": {"type": "gap", "gap_m": 4.5, "vineyard_id": "V69", "row_id": "V69-R05", "reachable": true, "id": "T3545", "x": 630115.02, "y": 5219358.33, "order": 65, "visited": true}}, {"type": "Feature", "geometry": {"type": "Point", "coordinates": [630111.58, 5219352.36]}, "properties": {"type": "gap", "gap_m": 7.9, "vineyard_id": "V69", "row_id": "V69-R05", "reachable": true, "id": "T3546", "x": 630111.58, "y": 5219352.36, "order": 64, "visited": true}}, {"type": "Feature", "geometry": {"type": "Point", "coordinates": [630107.15, 5219344.64]}, "properties": {"type": "gap", "gap_m": 3.2, "vineyard_id": "V69", "row_id": "V69-R05", "reachable": true, "id": "T3547", "x": 630107.15, "y": 5219344.64, "order": null, "visited": false}}, {"type": "Feature", "geometry": {"type": "Point", "coordinates": [630106.21, 5219338.52]}, "properties": {"type": "gap", "gap_m": 5.8, "vineyard_id": "V69", "row_id": "V69-R06", "reachable": true, "id": "T3548", "x": 630106.21, "y": 5219338.52, "order": null, "visited": false}}, {"type": "Feature", "geometry": {"type": "Point", "coordinates": [630108.19, 5219337.22]}, "properties": {"type": "gap", "gap_m": 5.4, "vineyard_id": "V69", "row_id": "V69-R07", "reachable": true, "id": "T3549", "x": 630108.19, "y": 5219337.22, "order": null, "visited": false}}, {"type": "Feature", "geometry": {"type": "Point", "coordinates": [630116.54, 5219347.26]}, "properties": {"type": "gap", "gap_m": 3.2, "vineyard_id": "V69", "row_id": "V69-R08", "reachable": true, "id": "T3550", "x": 630116.54, "y": 5219347.26, "order": null, "visited": false}}, {"type": "Feature", "geometry": {"type": "Point", "coordinates": [630155.14, 5219348.46]}, "properties": {"type": "gap", "gap_m": 5.7, "vineyard_id": "V69", "row_id": "V69-R11", "reachable": true, "id": "T3551", "x": 630155.14, "y": 5219348.46, "order": 62, "visited": true}}, {"type": "Feature", "geometry": {"type": "Point", "coordinates": [630131.23, 5219344.54]}, "properties": {"type": "gap", "gap_m": 6.5, "vineyard_id": "V69", "row_id": "V69-R11", "reachable": true, "id": "T3552", "x": 630131.23, "y": 5219344.54, "order": 63, "visited": true}}, {"type": "Feature", "geometry": {"type": "Point", "coordinates": [630165.54, 5219348.06]}, "properties": {"type": "gap", "gap_m": 3.5, "vineyard_id": "V69", "row_id": "V69-R12", "reachable": true, "id": "T3553", "x": 630165.54, "y": 5219348.06, "order": null, "visited": false}}, {"type": "Feature", "geometry": {"type": "Point", "coordinates": [630128.39, 5219342.01]}, "properties": {"type": "gap", "gap_m": 3.0, "vineyard_id": "V69", "row_id": "V69-R12", "reachable": true, "id": "T3554", "x": 630128.39, "y": 5219342.01, "order": null, "visited": false}}, {"type": "Feature", "geometry": {"type": "Point", "coordinates": [630133.53, 5219340.94]}, "properties": {"type": "gap", "gap_m": 4.3, "vineyard_id": "V69", "row_id": "V69-R14", "reachable": true, "id": "T3555", "x": 630133.53, "y": 5219340.94, "order": null, "visited": false}}, {"type": "Feature", "geometry": {"type": "Point", "coordinates": [630128.56, 5219340.13]}, "properties": {"type": "gap", "gap_m": 4.6, "vineyard_id": "V69", "row_id": "V69-R14", "reachable": true, "id": "T3556", "x": 630128.56, "y": 5219340.13, "order": null, "visited": false}}, {"type": "Feature", "geometry": {"type": "Point", "coordinates": [630175.56, 5219318.67]}, "properties": {"type": "gap", "gap_m": 3.0, "vineyard_id": "V69", "row_id": "V69-R22", "reachable": true, "id": "T3557", "x": 630175.56, "y": 5219318.67, "order": null, "visited": true}}, {"type": "Feature", "geometry": {"type": "Point", "coordinates": [630181.87, 5219302.82]}, "properties": {"type": "gap", "gap_m": 3.6, "vineyard_id": "V70", "row_id": "V70-R03", "reachable": true, "id": "T3558", "x": 630181.87, "y": 5219302.82, "order": null, "visited": false}}, {"type": "Feature", "geometry": {"type": "Point", "coordinates": [630210.65, 5219271.25]}, "properties": {"type": "gap", "gap_m": 3.1, "vineyard_id": "V70", "row_id": "V70-R06", "reachable": true, "id": "T3559", "x": 630210.65, "y": 5219271.25, "order": null, "visited": false}}, {"type": "Feature", "geometry": {"type": "Point", "coordinates": [630211.2, 5219263.77]}, "properties": {"type": "gap", "gap_m": 3.6, "vineyard_id": "V70", "row_id": "V70-R08", "reachable": true, "id": "T3560", "x": 630211.2, "y": 5219263.77, "order": null, "visited": false}}, {"type": "Feature", "geometry": {"type": "Point", "coordinates": [630175.28, 5219288.51]}, "properties": {"type": "gap", "gap_m": 3.2, "vineyard_id": "V70", "row_id": "V70-R09", "reachable": true, "id": "T3561", "x": 630175.28, "y": 5219288.51, "order": null, "visited": false}}, {"type": "Feature", "geometry": {"type": "Point", "coordinates": [630180.6, 5219284.41]}, "properties": {"type": "gap", "gap_m": 3.1, "vineyard_id": "V70", "row_id": "V70-R09", "reachable": true, "id": "T3562", "x": 630180.6, "y": 5219284.41, "order": null, "visited": false}}, {"type": "Feature", "geometry": {"type": "Point", "coordinates": [630195.7, 5219272.6]}, "properties": {"type": "gap", "gap_m": 3.2, "vineyard_id": "V70", "row_id": "V70-R09", "reachable": true, "id": "T3563", "x": 630195.7, "y": 5219272.6, "order": null, "visited": false}}, {"type": "Feature", "geometry": {"type": "Point", "coordinates": [630200.66, 5219268.74]}, "properties": {"type": "gap", "gap_m": 7.0, "vineyard_id": "V70", "row_id": "V70-R09", "reachable": true, "id": "T3564", "x": 630200.66, "y": 5219268.74, "order": null, "visited": false}}, {"type": "Feature", "geometry": {"type": "Point", "coordinates": [630213.27, 5219258.93]}, "properties": {"type": "gap", "gap_m": 4.9, "vineyard_id": "V70", "row_id": "V70-R09", "reachable": true, "id": "T3565", "x": 630213.27, "y": 5219258.93, "order": null, "visited": false}}, {"type": "Feature", "geometry": {"type": "Point", "coordinates": [630177.75, 5219283.29]}, "properties": {"type": "gap", "gap_m": 5.9, "vineyard_id": "V70", "row_id": "V70-R10", "reachable": true, "id": "T3566", "x": 630177.75, "y": 5219283.29, "order": null, "visited": false}}, {"type": "Feature", "geometry": {"type": "Point", "coordinates": [630188.09, 5219275.21]}, "properties": {"type": "gap", "gap_m": 3.5, "vineyard_id": "V70", "row_id": "V70-R10", "reachable": true, "id": "T3567", "x": 630188.09, "y": 5219275.21, "order": 59, "visited": true}}, {"type": "Feature", "geometry": {"type": "Point", "coordinates": [630198.67, 5219266.93]}, "properties": {"type": "gap", "gap_m": 8.5, "vineyard_id": "V70", "row_id": "V70-R10", "reachable": true, "id": "T3568", "x": 630198.67, "y": 5219266.93, "order": null, "visited": true}}, {"type": "Feature", "geometry": {"type": "Point", "coordinates": [630211.45, 5219256.93]}, "properties": {"type": "gap", "gap_m": 5.4, "vineyard_id": "V70", "row_id": "V70-R10", "reachable": true, "id": "T3569", "x": 630211.45, "y": 5219256.93, "order": null, "visited": true}}, {"type": "Feature", "geometry": {"type": "Point", "coordinates": [630192.33, 5219268.35]}, "properties": {"type": "gap", "gap_m": 5.2, "vineyard_id": "V70", "row_id": "V70-R11", "reachable": true, "id": "T3570", "x": 630192.33, "y": 5219268.35, "order": 58, "visited": true}}, {"type": "Feature", "geometry": {"type": "Point", "coordinates": [630206.21, 5219257.4]}, "properties": {"type": "gap", "gap_m": 3.6, "vineyard_id": "V70", "row_id": "V70-R11", "reachable": true, "id": "T3571", "x": 630206.21, "y": 5219257.4, "order": null, "visited": true}}, {"type": "Feature", "geometry": {"type": "Point", "coordinates": [630212.18, 5219252.7]}, "properties": {"type": "gap", "gap_m": 4.8, "vineyard_id": "V70", "row_id": "V70-R11", "reachable": true, "id": "T3572", "x": 630212.18, "y": 5219252.7, "order": null, "visited": false}}, {"type": "Feature", "geometry": {"type": "Point", "coordinates": [630189.84, 5219266.78]}, "properties": {"type": "gap", "gap_m": 5.4, "vineyard_id": "V70", "row_id": "V70-R12", "reachable": true, "id": "T3573", "x": 630189.84, "y": 5219266.78, "order": null, "visited": false}}, {"type": "Feature", "geometry": {"type": "Point", "coordinates": [630198.18, 5219256.79]}, "properties": {"type": "gap", "gap_m": 4.0, "vineyard_id": "V70", "row_id": "V70-R13", "reachable": true, "id": "T3574", "x": 630198.18, "y": 5219256.79, "order": null, "visited": true}}, {"type": "Feature", "geometry": {"type": "Point", "coordinates": [630192.37, 5219257.64]}, "properties": {"type": "gap", "gap_m": 3.0, "vineyard_id": "V70", "row_id": "V70-R14", "reachable": true, "id": "T3575", "x": 630192.37, "y": 5219257.64, "order": null, "visited": true}}, {"type": "Feature", "geometry": {"type": "Point", "coordinates": [630178.0, 5219265.34]}, "properties": {"type": "gap", "gap_m": 12.9, "vineyard_id": "V70", "row_id": "V70-R15", "reachable": true, "id": "T3576", "x": 630178.0, "y": 5219265.34, "order": 52, "visited": true}}, {"type": "Feature", "geometry": {"type": "Point", "coordinates": [630188.93, 5219256.81]}, "properties": {"type": "gap", "gap_m": 7.6, "vineyard_id": "V70", "row_id": "V70-R15", "reachable": true, "id": "T3577", "x": 630188.93, "y": 5219256.81, "order": 53, "visited": true}}, {"type": "Feature", "geometry": {"type": "Point", "coordinates": [630194.04, 5219252.82]}, "properties": {"type": "gap", "gap_m": 3.2, "vineyard_id": "V70", "row_id": "V70-R15", "reachable": true, "id": "T3578", "x": 630194.04, "y": 5219252.82, "order": null, "visited": true}}, {"type": "Feature", "geometry": {"type": "Point", "coordinates": [630197.08, 5219250.44]}, "properties": {"type": "gap", "gap_m": 3.1, "vineyard_id": "V70", "row_id": "V70-R15", "reachable": true, "id": "T3579", "x": 630197.08, "y": 5219250.44, "order": 54, "visited": true}}, {"type": "Feature", "geometry": {"type": "Point", "coordinates": [630202.43, 5219246.27]}, "properties": {"type": "gap", "gap_m": 5.0, "vineyard_id": "V70", "row_id": "V70-R15", "reachable": true, "id": "T3580", "x": 630202.43, "y": 5219246.27, "order": 55, "visited": true}}, {"type": "Feature", "geometry": {"type": "Point", "coordinates": [630207.09, 5219242.63]}, "properties": {"type": "gap", "gap_m": 3.0, "vineyard_id": "V70", "row_id": "V70-R15", "reachable": true, "id": "T3581", "x": 630207.09, "y": 5219242.63, "order": 56, "visited": true}}, {"type": "Feature", "geometry": {"type": "Point", "coordinates": [630213.91, 5219237.3]}, "properties": {"type": "gap", "gap_m": 5.3, "vineyard_id": "V70", "row_id": "V70-R15", "reachable": true, "id": "T3582", "x": 630213.91, "y": 5219237.3, "order": 57, "visited": true}}, {"type": "Feature", "geometry": {"type": "Point", "coordinates": [630167.53, 5219270.39]}, "properties": {"type": "gap", "gap_m": 7.9, "vineyard_id": "V70", "row_id": "V70-R16", "reachable": true, "id": "T3583", "x": 630167.53, "y": 5219270.39, "order": null, "visited": false}}, {"type": "Feature", "geometry": {"type": "Point", "coordinates": [630173.35, 5219265.69]}, "properties": {"type": "gap", "gap_m": 5.8, "vineyard_id": "V70", "row_id": "V70-R16", "reachable": true, "id": "T3584", "x": 630173.35, "y": 5219265.69, "order": 51, "visited": true}}, {"type": "Feature", "geometry": {"type": "Point", "coordinates": [630177.3, 5219262.59]}, "properties": {"type": "gap", "gap_m": 3.3, "vineyard_id": "V70", "row_id": "V70-R16", "reachable": true, "id": "T3585", "x": 630177.3, "y": 5219262.59, "order": 50, "visited": true}}, {"type": "Feature", "geometry": {"type": "Point", "coordinates": [630180.19, 5219260.32]}, "properties": {"type": "gap", "gap_m": 3.1, "vineyard_id": "V70", "row_id": "V70-R16", "reachable": true, "id": "T3586", "x": 630180.19, "y": 5219260.32, "order": 49, "visited": true}}, {"type": "Feature", "geometry": {"type": "Point", "coordinates": [630185.13, 5219256.45]}, "properties": {"type": "gap", "gap_m": 8.2, "vineyard_id": "V70", "row_id": "V70-R16", "reachable": true, "id": "T3587", "x": 630185.13, "y": 5219256.45, "order": 48, "visited": true}}, {"type": "Feature", "geometry": {"type": "Point", "coordinates": [630190.9, 5219251.92]}, "properties": {"type": "gap", "gap_m": 3.4, "vineyard_id": "V70", "row_id": "V70-R16", "reachable": true, "id": "T3588", "x": 630190.9, "y": 5219251.92, "order": null, "visited": false}}, {"type": "Feature", "geometry": {"type": "Point", "coordinates": [630202.6, 5219242.75]}, "properties": {"type": "gap", "gap_m": 3.8, "vineyard_id": "V70", "row_id": "V70-R16", "reachable": true, "id": "T3589", "x": 630202.6, "y": 5219242.75, "order": null, "visited": false}}, {"type": "Feature", "geometry": {"type": "Point", "coordinates": [630179.47, 5219257.43]}, "properties": {"type": "gap", "gap_m": 3.2, "vineyard_id": "V70", "row_id": "V70-R17", "reachable": true, "id": "T3590", "x": 630179.47, "y": 5219257.43, "order": 47, "visited": true}}, {"type": "Feature", "geometry": {"type": "Point", "coordinates": [630187.4, 5219251.23]}, "properties": {"type": "gap", "gap_m": 6.6, "vineyard_id": "V70", "row_id": "V70-R17", "reachable": true, "id": "T3591", "x": 630187.4, "y": 5219251.23, "order": 46, "visited": true}}, {"type": "Feature", "geometry": {"type": "Point", "coordinates": [630201.15, 5219240.47]}, "properties": {"type": "gap", "gap_m": 3.9, "vineyard_id": "V70", "row_id": "V70-R17", "reachable": true, "id": "T3592", "x": 630201.15, "y": 5219240.47, "order": null, "visited": true}}, {"type": "Feature", "geometry": {"type": "Point", "coordinates": [630206.76, 5219236.08]}, "properties": {"type": "gap", "gap_m": 3.8, "vineyard_id": "V70", "row_id": "V70-R17", "reachable": true, "id": "T3593", "x": 630206.76, "y": 5219236.08, "order": null, "visited": true}}, {"type": "Feature", "geometry": {"type": "Point", "coordinates": [630160.07, 5219269.31]}, "properties": {"type": "gap", "gap_m": 5.2, "vineyard_id": "V70", "row_id": "V70-R18", "reachable": true, "id": "T3594", "x": 630160.07, "y": 5219269.31, "order": null, "visited": false}}, {"type": "Feature", "geometry": {"type": "Point", "coordinates": [630212.26, 5219228.34]}, "properties": {"type": "gap", "gap_m": 3.0, "vineyard_id": "V70", "row_id": "V70-R18", "reachable": true, "id": "T3595", "x": 630212.26, "y": 5219228.34, "order": null, "visited": false}}, {"type": "Feature", "geometry": {"type": "Point", "coordinates": [630216.37, 5219224.79]}, "properties": {"type": "gap", "gap_m": 5.6, "vineyard_id": "V70", "row_id": "V70-R18", "reachable": true, "id": "T3596", "x": 630216.37, "y": 5219224.79, "order": null, "visited": false}}, {"type": "Feature", "geometry": {"type": "Point", "coordinates": [630168.69, 5219258.66]}, "properties": {"type": "gap", "gap_m": 10.8, "vineyard_id": "V70", "row_id": "V70-R19", "reachable": true, "id": "T3597", "x": 630168.69, "y": 5219258.66, "order": null, "visited": false}}, {"type": "Feature", "geometry": {"type": "Point", "coordinates": [630178.87, 5219250.75]}, "properties": {"type": "gap", "gap_m": 4.3, "vineyard_id": "V70", "row_id": "V70-R19", "reachable": true, "id": "T3598", "x": 630178.87, "y": 5219250.75, "order": 44, "visited": true}}, {"type": "Feature", "geometry": {"type": "Point", "coordinates": [630182.76, 5219247.73]}, "properties": {"type": "gap", "gap_m": 4.7, "vineyard_id": "V70", "row_id": "V70-R19", "reachable": true, "id": "T3599", "x": 630182.76, "y": 5219247.73, "order": null, "visited": true}}, {"type": "Feature", "geometry": {"type": "Point", "coordinates": [630187.26, 5219244.25]}, "properties": {"type": "gap", "gap_m": 3.9, "vineyard_id": "V70", "row_id": "V70-R19", "reachable": true, "id": "T3600", "x": 630187.26, "y": 5219244.25, "order": 45, "visited": true}}, {"type": "Feature", "geometry": {"type": "Point", "coordinates": [630203.64, 5219228.01]}, "properties": {"type": "gap", "gap_m": 4.5, "vineyard_id": "V70", "row_id": "V70-R20", "reachable": true, "id": "T3601", "x": 630203.64, "y": 5219228.01, "order": 40, "visited": true}}, {"type": "Feature", "geometry": {"type": "Point", "coordinates": [630173.99, 5219247.67]}, "properties": {"type": "gap", "gap_m": 9.7, "vineyard_id": "V70", "row_id": "V70-R21", "reachable": true, "id": "T3602", "x": 630173.99, "y": 5219247.67, "order": 43, "visited": true}}, {"type": "Feature", "geometry": {"type": "Point", "coordinates": [630180.39, 5219242.67]}, "properties": {"type": "gap", "gap_m": 5.6, "vineyard_id": "V70", "row_id": "V70-R21", "reachable": true, "id": "T3603", "x": 630180.39, "y": 5219242.67, "order": 42, "visited": true}}, {"type": "Feature", "geometry": {"type": "Point", "coordinates": [630187.55, 5219237.08]}, "properties": {"type": "gap", "gap_m": 4.5, "vineyard_id": "V70", "row_id": "V70-R21", "reachable": true, "id": "T3604", "x": 630187.55, "y": 5219237.08, "order": null, "visited": true}}, {"type": "Feature", "geometry": {"type": "Point", "coordinates": [630196.7, 5219229.94]}, "properties": {"type": "gap", "gap_m": 10.2, "vineyard_id": "V70", "row_id": "V70-R21", "reachable": true, "id": "T3605", "x": 630196.7, "y": 5219229.94, "order": 41, "visited": true}}, {"type": "Feature", "geometry": {"type": "Point", "coordinates": [630166.64, 5219250.9]}, "properties": {"type": "gap", "gap_m": 8.4, "vineyard_id": "V70", "row_id": "V70-R22", "reachable": true, "id": "T3606", "x": 630166.64, "y": 5219250.9, "order": null, "visited": false}}, {"type": "Feature", "geometry": {"type": "Point", "coordinates": [630186.12, 5219234.65]}, "properties": {"type": "gap", "gap_m": 4.9, "vineyard_id": "V70", "row_id": "V70-R22", "reachable": true, "id": "T3607", "x": 630186.12, "y": 5219234.65, "order": null, "visited": true}}, {"type": "Feature", "geometry": {"type": "Point", "coordinates": [630180.07, 5219236.51]}, "properties": {"type": "gap", "gap_m": 4.1, "vineyard_id": "V70", "row_id": "V70-R23", "reachable": true, "id": "T3608", "x": 630180.07, "y": 5219236.51, "order": null, "visited": false}}, {"type": "Feature", "geometry": {"type": "Point", "coordinates": [630184.3, 5219233.05]}, "properties": {"type": "gap", "gap_m": 5.7, "vineyard_id": "V70", "row_id": "V70-R23", "reachable": true, "id": "T3609", "x": 630184.3, "y": 5219233.05, "order": null, "visited": false}}, {"type": "Feature", "geometry": {"type": "Point", "coordinates": [630190.64, 5219227.88]}, "properties": {"type": "gap", "gap_m": 3.6, "vineyard_id": "V70", "row_id": "V70-R23", "reachable": true, "id": "T3610", "x": 630190.64, "y": 5219227.88, "order": null, "visited": false}}]}