{"type": "FeatureCollection", "features": [{"type": "Feature", "properties": {"vineyard_id": "V02", "tile": "siret3_r006_c004.tif", "area_m2": 0.56}, "geometry": {"type": "Polygon", "coordinates": [[[629245.8, 5220915.2], [629245.8250000001, 5220914.9], [629246.05, 5220914.65], [629246.05, 5220914.3], [629246.2250000001, 5220914.15], [629246.3500000001, 5220913.65], [629246.5, 5220913.600000001], [629246.65, 5220913.725000001], [629246.65, 5220913.9], [629246.4750000001, 5220914.45], [629246.3500000001, 5220914.475000001], [629246.375, 5220914.775], [629246.125, 5220915.100000001], [629245.8, 5220915.2]]]}}, {"type": "Feature", "properties": {"vineyard_id": "V02", "tile": "siret3_r006_c004.tif", "area_m2": 0.857}, "geometry": {"type": "Polygon", "coordinates": [[[629246.8250000001, 5220913.725000001], [629246.8250000001, 5220913.525], [629246.9500000001, 5220913.5], [629246.9500000001, 5220913.15], [629247.0750000001, 5220913.075], [629246.9750000001, 5220912.55], [629247.1000000001, 5220912.125], [629247.3, 5220911.825], [629247.25, 5220911.475000001], [629247.5750000001, 5220911.275], [629247.8500000001, 5220910.275], [629247.9750000001, 5220910.2], [629247.9750000001, 5220910.4], [629247.9, 5220910.425], [629247.9, 5220910.525], [629247.9750000001, 5220910.55], [629247.9750000001, 5220910.9], [629247.775, 5220911.05], [629247.775, 5220911.275], [629247.5750000001, 5220911.325], [629247.5750000001, 5220911.7], [629247.7250000001, 5220911.875], [629247.65, 5220912.05], [629247.425, 5220912.100000001], [629247.4500000001, 5220912.475000001], [629247.3, 5220912.625], [629247.0750000001, 5220913.4], [629246.925, 5220913.7], [629246.8250000001, 5220913.725000001]]]}}, {"type": "Feature", "properties": {"vineyard_id": "V02", "tile": "siret3_r006_c004.tif", "area_m2": 0.677}, "geometry": {"type": "Polygon", "coordinates": [[[629243.25, 5220915.2], [629243.25, 5220914.975000001], [629243.4750000001, 5220914.775], [629243.5, 5220914.65], [629243.4750000001, 5220914.525], [629243.3250000001, 5220914.525], [629243.4, 5220914.350000001], [629243.5750000001, 5220914.25], [629243.75, 5220913.9], [629243.75, 5220913.65], [629243.875, 5220913.475000001], [629244.15, 5220913.45], [629244.2000000001, 5220913.575], [629244.0750000001, 5220913.725000001], [629244.0750000001, 5220913.850000001], [629244.175, 5220914.0], [629244.1000000001, 5220914.100000001], [629243.925, 5220914.125], [629243.8500000001, 5220914.25], [629243.875, 5220914.75], [629243.8, 5220914.925], [629243.5, 5220915.2], [629243.25, 5220915.2]]]}}, {"type": "Feature", "properties": {"vineyard_id": "V02", "tile": "siret3_r006_c004.tif", "area_m2": 0.474}, "geometry": {"type": "Polygon", "coordinates": [[[629244.125, 5220913.125], [629244.1000000001, 5220912.975000001], [629244.4, 5220912.7], [629244.4, 5220912.05], [629244.8250000001, 5220911.55], [629244.9500000001, 5220911.625], [629245.0, 5220911.850000001], [629244.875, 5220912.075], [629244.675, 5220912.2], [629244.625, 5220912.775], [629244.3500000001, 5220913.075], [629244.125, 5220913.125]]]}}, {"type": "Feature", "properties": {"vineyard_id": "V02", "tile": "siret3_r006_c004.tif", "area_m2": 0.448}, "geometry": {"type": "Polygon", "coordinates": [[[629245.375, 5220910.375], [629245.2250000001, 5220910.25], [629245.275, 5220909.875], [629245.425, 5220909.75], [629245.4500000001, 5220909.475000001], [629245.4750000001, 5220909.45], [629245.525, 5220909.45], [629245.6000000001, 5220909.4], [629245.675, 5220909.4], [629245.7000000001, 5220909.375], [629245.7000000001, 5220909.45], [629245.7250000001, 5220909.475000001], [629245.875, 5220909.475000001], [629245.9500000001, 5220909.575], [629245.875, 5220909.975000001], [629245.775, 5220910.15], [629245.375, 5220910.375]]]}}, {"type": "Feature", "properties": {"vineyard_id": "V02", "tile": "siret3_r006_c004.tif", "area_m2": 0.85}, "geometry": {"type": "Polygon", "coordinates": [[[629246.55, 5220907.600000001], [629246.4, 5220907.45], [629246.4500000001, 5220907.15], [629246.625, 5220906.975000001], [629246.65, 5220906.75], [629246.8500000001, 5220906.600000001], [629246.8250000001, 5220906.4], [629246.925, 5220906.175], [629247.175, 5220905.975000001], [629247.2250000001, 5220905.625], [629247.425, 5220905.525], [629247.6000000001, 5220905.725000001], [629247.5750000001, 5220905.8], [629247.425, 5220905.825], [629247.4500000001, 5220906.225000001], [629247.275, 5220906.3], [629247.275, 5220906.65], [629246.925, 5220907.275], [629246.65, 5220907.600000001], [629246.55, 5220907.600000001]]]}}, {"type": "Feature", "properties": {"vineyard_id": "V02", "tile": "siret3_r006_c004.tif", "area_m2": 0.677}, "geometry": {"type": "Polygon", "coordinates": [[[629242.15, 5220911.575], [629242.025, 5220911.475000001], [629242.025, 5220911.375], [629242.0750000001, 5220911.2], [629242.25, 5220911.05], [629242.2250000001, 5220910.600000001], [629242.425, 5220910.475000001], [629242.425, 5220910.325], [629242.55, 5220910.15], [629242.55, 5220909.75], [629242.9750000001, 5220909.5], [629243.05, 5220909.75], [629242.8, 5220909.925], [629242.7250000001, 5220910.600000001], [629242.425, 5220911.175], [629242.4750000001, 5220911.375], [629242.3500000001, 5220911.55], [629242.15, 5220911.575]]]}}, {"type": "Feature", "properties": {"vineyard_id": "V02", "tile": "siret3_r006_c004.tif", "area_m2": 0.632}, "geometry": {"type": "Polygon", "coordinates": [[[629242.9750000001, 5220909.350000001], [629242.8250000001, 5220909.15], [629242.8500000001, 5220909.05], [629242.9750000001, 5220908.975000001], [629243.025, 5220908.725000001], [629243.2000000001, 5220908.600000001], [629243.2000000001, 5220908.3], [629243.375, 5220908.05], [629243.4, 5220907.850000001], [629243.525, 5220907.75], [629243.525, 5220907.625], [629243.625, 5220907.5], [629243.775, 5220907.525], [629243.9, 5220907.625], [629243.925, 5220907.875], [629243.7000000001, 5220907.975000001], [629243.6000000001, 5220908.55], [629243.15, 5220909.0], [629243.125, 5220909.3], [629242.9750000001, 5220909.350000001]]]}}, {"type": "Feature", "properties": {"vineyard_id": "V02", "tile": "siret3_r006_c004.tif", "area_m2": 0.835}, "geometry": {"type": "Polygon", "coordinates": [[[629243.9750000001, 5220907.05], [629243.925, 5220906.925], [629244.05, 5220906.675], [629244.025, 5220906.5], [629244.3, 5220906.4], [629244.3, 5220906.15], [629244.4750000001, 5220905.975000001], [629244.425, 5220905.75], [629244.675, 5220905.675], [629244.675, 5220905.525], [629244.5, 5220905.475000001], [629244.4750000001, 5220905.350000001], [629244.775, 5220905.2], [629244.7000000001, 5220904.850000001], [629245.0750000001, 5220904.725000001], [629245.125, 5220904.95], [629245.0, 5220905.525], [629244.9, 5220905.75], [629244.8, 5220905.775], [629244.75, 5220906.125], [629244.5750000001, 5220906.25], [629244.6000000001, 5220906.45], [629244.375, 5220906.600000001], [629244.375, 5220906.9], [629244.125, 5220907.05], [629243.9750000001, 5220907.05]]]}}, {"type": "Feature", "properties": {"vineyard_id": "V02", "tile": "siret3_r006_c004.tif", "area_m2": 0.958}, "geometry": {"type": "Polygon", "coordinates": [[[629245.65, 5220903.375], [629245.55, 5220903.325], [629245.4750000001, 5220903.05], [629245.675, 5220902.825], [629245.675, 5220902.65], [629245.8, 5220902.425], [629245.9, 5220902.4], [629246.0750000001, 5220901.775], [629246.4500000001, 5220901.075], [629246.4, 5220900.850000001], [629246.55, 5220900.775], [629246.6000000001, 5220900.55], [629246.8, 5220900.4], [629246.8250000001, 5220900.05], [629247.125, 5220899.95], [629247.175, 5220900.2], [629247.0, 5220900.375], [629247.025, 5220900.7], [629246.8250000001, 5220900.7], [629246.625, 5220901.0], [629246.6000000001, 5220901.375], [629246.375, 5220901.5], [629246.275, 5220902.3], [629245.875, 5220902.775], [629245.8250000001, 5220903.3], [629245.65, 5220903.375]]]}}, {"type": "Feature", "properties": {"vineyard_id": "V02", "tile": "siret3_r006_c004.tif", "area_m2": 0.631}, "geometry": {"type": "Polygon", "coordinates": [[[629237.625, 5220915.125], [629237.525, 5220914.825], [629237.9500000001, 5220914.275], [629237.9500000001, 5220914.175], [629237.775, 5220914.0], [629237.8, 5220913.9], [629238.0750000001, 5220913.725000001], [629238.2000000001, 5220913.5], [629238.15, 5220913.225000001], [629238.3500000001, 5220913.125], [629238.525, 5220913.325], [629238.5, 5220913.575], [629238.275, 5220913.875], [629238.275, 5220914.175], [629237.9750000001, 5220914.575], [629237.9, 5220914.9], [629237.7250000001, 5220915.125], [629237.625, 5220915.125]]]}}, {"type": "Feature", "properties": {"vineyard_id": "V02", "tile": "siret3_r006_c004.tif", "area_m2": 1.507}, "geometry": {"type": "Polygon", "coordinates": [[[629238.625, 5220913.025], [629238.375, 5220912.95], [629238.3250000001, 5220912.850000001], [629238.4750000001, 5220912.7], [629238.625, 5220912.675], [629238.625, 5220912.15], [629238.8, 5220911.975000001], [629238.775, 5220911.7], [629238.9750000001, 5220911.600000001], [629238.9, 5220911.225000001], [629239.0750000001, 5220910.850000001], [629239.425, 5220910.75], [629239.3500000001, 5220910.425], [629239.55, 5220910.05], [629239.525, 5220909.775], [629239.6000000001, 5220909.600000001], [629239.675, 5220909.475000001], [629239.8250000001, 5220909.425], [629239.775, 5220909.2], [629239.9500000001, 5220909.175], [629240.15, 5220908.825], [629240.4500000001, 5220908.7], [629240.4750000001, 5220908.850000001], [629240.3250000001, 5220908.925], [629240.175, 5220909.275], [629239.875, 5220909.325], [629239.875, 5220909.9], [629239.7000000001, 5220910.875], [629239.55, 5220911.225000001], [629239.3250000001, 5220911.4], [629239.0, 5220912.05], [629238.9750000001, 5220912.5], [629238.775, 5220912.65], [629238.8, 5220912.9], [629238.625, 5220913.025]]]}}, {"type": "Feature", "properties": {"vineyard_id": "V02", "tile": "siret3_r006_c004.tif", "area_m2": 1.102}, "geometry": {"type": "Polygon", "coordinates": [[[629240.6000000001, 5220908.375], [629240.5, 5220908.3], [629240.5, 5220908.075], [629240.4, 5220908.025], [629240.375, 5220907.8], [629240.625, 5220907.575], [629240.675, 5220907.325], [629240.9750000001, 5220907.075], [629240.9500000001, 5220906.95], [629241.1000000001, 5220906.55], [629241.2000000001, 5220906.5], [629241.2000000001, 5220906.225000001], [629241.375, 5220906.0], [629241.3500000001, 5220905.55], [629241.6000000001, 5220904.975000001], [629241.775, 5220904.975000001], [629241.775, 5220905.425], [629241.8500000001, 5220905.625], [629241.65, 5220905.75], [629241.7000000001, 5220905.975000001], [629241.65, 5220906.125], [629241.5, 5220906.225000001], [629241.4, 5220906.775], [629241.2000000001, 5220906.925], [629241.2250000001, 5220907.175], [629241.125, 5220907.2], [629241.025, 5220907.375], [629240.9750000001, 5220907.725000001], [629240.75, 5220907.8], [629240.775, 5220908.15], [629240.6000000001, 5220908.375]]]}}, {"type": "Feature", "properties": {"vineyard_id": "V02", "tile": "siret3_r006_c004.tif", "area_m2": 0.256}, "geometry": {"type": "Polygon", "coordinates": [[[629242.375, 5220903.975000001], [629242.275, 5220903.850000001], [629242.3250000001, 5220903.525], [629242.525, 5220903.15], [629242.75, 5220903.100000001], [629242.8500000001, 5220903.175], [629242.775, 5220903.45], [629242.6000000001, 5220903.525], [629242.6000000001, 5220903.8], [629242.375, 5220903.975000001]]]}}, {"type": "Feature", "properties": {"vineyard_id": "V02", "tile": "siret3_r006_c004.tif", "area_m2": 1.543}, "geometry": {"type": "Polygon", "coordinates": [[[629242.8, 5220902.875], [629242.775, 5220902.7], [629242.925, 5220902.600000001], [629242.875, 5220902.425], [629243.025, 5220902.125], [629242.9750000001, 5220901.775], [629243.125, 5220901.65], [629243.175, 5220901.425], [629243.425, 5220901.3], [629243.625, 5220900.725000001], [629243.55, 5220900.425], [629243.7000000001, 5220900.175], [629243.8500000001, 5220900.15], [629243.8500000001, 5220899.975000001], [629244.0750000001, 5220899.625], [629244.125, 5220899.25], [629244.275, 5220899.225000001], [629244.25, 5220899.075], [629244.4, 5220898.725000001], [629244.625, 5220898.600000001], [629244.5, 5220898.225000001], [629244.75, 5220897.975000001], [629244.8250000001, 5220897.600000001], [629245.0750000001, 5220897.65], [629245.1000000001, 5220897.9], [629244.775, 5220898.3], [629244.8250000001, 5220898.45], [629244.675, 5220898.5], [629244.7000000001, 5220898.625], [629244.875, 5220898.65], [629244.7000000001, 5220898.725000001], [629244.7000000001, 5220899.100000001], [629244.4750000001, 5220899.25], [629244.1000000001, 5220900.325], [629243.8500000001, 5220900.3], [629243.9, 5220900.825], [629243.7250000001, 5220901.05], [629243.7250000001, 5220901.2], [629243.5750000001, 5220901.275], [629243.5750000001, 5220901.575], [629243.4750000001, 5220901.675], [629243.275, 5220901.7], [629243.3500000001, 5220902.0], [629243.2000000001, 5220902.5], [629242.9750000001, 5220902.525], [629242.9500000001, 5220902.775], [629242.8, 5220902.875]]]}}, {"type": "Feature", "properties": {"vineyard_id": "V02", "tile": "siret3_r006_c004.tif", "area_m2": 0.279}, "geometry": {"type": "Polygon", "coordinates": [[[629245.125, 5220897.575], [629245.1000000001, 5220897.350000001], [629244.9500000001, 5220897.275], [629244.9500000001, 5220897.175], [629245.3, 5220896.9], [629245.3250000001, 5220896.625], [629245.525, 5220896.525], [629245.65, 5220896.55], [629245.7250000001, 5220896.625], [629245.675, 5220896.775], [629245.4, 5220896.75], [629245.425, 5220897.325], [629245.125, 5220897.575]]]}}, {"type": "Feature", "properties": {"vineyard_id": "V02", "tile": "siret3_r006_c004.tif", "area_m2": 0.531}, "geometry": {"type": "Polygon", "coordinates": [[[629246.1000000001, 5220895.8], [629245.925, 5220895.7], [629245.925, 5220895.525], [629246.1000000001, 5220895.25], [629246.025, 5220894.975000001], [629246.3500000001, 5220894.9], [629246.3, 5220894.575], [629246.425, 5220894.425], [629246.425, 5220894.15], [629246.7250000001, 5220893.875], [629246.75, 5220894.425], [629246.65, 5220894.525], [629246.675, 5220894.675], [629246.5750000001, 5220894.850000001], [629246.375, 5220894.9], [629246.3250000001, 5220895.475000001], [629246.2000000001, 5220895.75], [629246.1000000001, 5220895.8]]]}}, {"type": "Feature", "properties": {"vineyard_id": "V02", "tile": "siret3_r006_c004.tif", "area_m2": 0.683}, "geometry": {"type": "Polygon", "coordinates": [[[629247.05, 5220893.175], [629246.9750000001, 5220893.0], [629247.0750000001, 5220892.875], [629247.1000000001, 5220892.65], [629247.275, 5220892.425], [629247.375, 5220892.075], [629247.3500000001, 5220891.75], [629247.525, 5220891.675], [629247.775, 5220891.4], [629247.7250000001, 5220891.025], [629247.8250000001, 5220890.975000001], [629247.8500000001, 5220890.8], [629247.775, 5220890.625], [629247.9, 5220890.45], [629247.9750000001, 5220890.475000001], [629247.9750000001, 5220890.625], [629247.9, 5220890.65], [629247.9, 5220890.75], [629247.9750000001, 5220890.775], [629247.9750000001, 5220891.375], [629247.8250000001, 5220891.45], [629247.8250000001, 5220891.875], [629247.675, 5220892.025], [629247.675, 5220892.350000001], [629247.5750000001, 5220892.575], [629247.3250000001, 5220892.725000001], [629247.2000000001, 5220892.925], [629247.2000000001, 5220893.125], [629247.05, 5220893.175]]]}}, {"type": "Feature", "properties": {"vineyard_id": "V02", "tile": "siret3_r006_c004.tif", "area_m2": 0.316}, "geometry": {"type": "Polygon", "coordinates": [[[629235.175, 5220914.575], [629235.0750000001, 5220914.5], [629235.1000000001, 5220914.325], [629235.4750000001, 5220913.675], [629235.7000000001, 5220913.625], [629235.75, 5220913.875], [629235.5750000001, 5220914.075], [629235.55, 5220914.275], [629235.3500000001, 5220914.55], [629235.175, 5220914.575]]]}}, {"type": "Feature", "properties": {"vineyard_id": "V02", "tile": "siret3_r006_c004.tif", "area_m2": 0.849}, "geometry": {"type": "Polygon", "coordinates": [[[629235.7250000001, 5220913.45], [629235.6000000001, 5220913.375], [629235.6000000001, 5220913.125], [629235.525, 5220913.100000001], [629235.5750000001, 5220912.925], [629235.7000000001, 5220912.825], [629235.7250000001, 5220912.675], [629235.9500000001, 5220912.525], [629235.9750000001, 5220912.275], [629236.0750000001, 5220912.2], [629236.0750000001, 5220912.100000001], [629235.9750000001, 5220912.05], [629236.2000000001, 5220912.0], [629236.375, 5220911.825], [629236.375, 5220911.425], [629236.55, 5220911.275], [629236.6000000001, 5220911.075], [629236.75, 5220911.025], [629236.8, 5220911.175], [629236.55, 5220912.100000001], [629236.275, 5220912.225000001], [629236.3500000001, 5220912.575], [629235.9750000001, 5220912.850000001], [629236.0750000001, 5220913.275], [629236.0, 5220913.4], [629235.7250000001, 5220913.45]]]}}, {"type": "Feature", "properties": {"vineyard_id": "V02", "tile": "siret3_r006_c004.tif", "area_m2": 0.324}, "geometry": {"type": "Polygon", "coordinates": [[[629237.4750000001, 5220908.975000001], [629237.425, 5220908.75], [629237.525, 5220908.625], [629237.525, 5220908.45], [629237.75, 5220908.175], [629237.9500000001, 5220908.2], [629238.1000000001, 5220908.425], [629237.9500000001, 5220908.8], [629237.8, 5220908.8], [629237.7000000001, 5220908.925], [629237.5, 5220908.9], [629237.4750000001, 5220908.975000001]]]}}, {"type": "Feature", "properties": {"vineyard_id": "V02", "tile": "siret3_r006_c004.tif", "area_m2": 0.58}, "geometry": {"type": "Polygon", "coordinates": [[[629236.9, 5220910.75], [629236.8250000001, 5220910.7], [629236.8, 5220910.350000001], [629236.925, 5220910.15], [629236.9750000001, 5220909.825], [629237.2250000001, 5220909.45], [629237.2250000001, 5220909.175], [629237.4500000001, 5220908.975000001], [629237.55, 5220909.15], [629237.5750000001, 5220909.45], [629237.3250000001, 5220909.850000001], [629237.3250000001, 5220910.175], [629237.0750000001, 5220910.625], [629236.9, 5220910.75]]]}}, {"type": "Feature", "properties": {"vineyard_id": "V02", "tile": "siret3_r006_c004.tif", "area_m2": 0.51}, "geometry": {"type": "Polygon", "coordinates": [[[629238.175, 5220907.7], [629238.0750000001, 5220907.625], [629238.0, 5220907.175], [629238.3, 5220906.8], [629238.3, 5220906.675], [629238.5750000001, 5220906.475000001], [629238.5750000001, 5220906.05], [629238.7250000001, 5220905.875], [629238.925, 5220905.875], [629238.9750000001, 5220906.100000001], [629238.9, 5220906.350000001], [629238.5, 5220906.775], [629238.375, 5220907.05], [629238.3, 5220907.600000001], [629238.175, 5220907.7]]]}}, {"type": "Feature", "properties": {"vineyard_id": "V02", "tile": "siret3_r006_c004.tif", "area_m2": 0.455}, "geometry": {"type": "Polygon", "coordinates": [[[629238.875, 5220905.600000001], [629238.775, 5220905.525], [629238.9, 5220905.0], [629239.125, 5220904.725000001], [629239.275, 5220904.675], [629239.3500000001, 5220904.350000001], [629239.5750000001, 5220904.350000001], [629239.7000000001, 5220904.475000001], [629239.675, 5220904.65], [629239.3, 5220904.925], [629239.25, 5220905.375], [629238.875, 5220905.600000001]]]}}, {"type": "Feature", "properties": {"vineyard_id": "V02", "tile": "siret3_r006_c004.tif", "area_m2": 0.303}, "geometry": {"type": "Polygon", "coordinates": [[[629239.525, 5220904.175], [629239.4750000001, 5220903.7], [629239.8250000001, 5220903.275], [629239.9500000001, 5220903.25], [629239.9500000001, 5220903.125], [629240.1000000001, 5220903.475000001], [629239.9750000001, 5220903.75], [629239.7250000001, 5220903.850000001], [629239.7000000001, 5220904.15], [629239.525, 5220904.175]]]}}, {"type": "Feature", "properties": {"vineyard_id": "V02", "tile": "siret3_r006_c004.tif", "area_m2": 0.36}, "geometry": {"type": "Polygon", "coordinates": [[[629240.5750000001, 5220901.925], [629240.425, 5220901.75], [629240.5, 5220901.375], [629240.875, 5220900.9], [629241.0, 5220900.9], [629241.1000000001, 5220901.0], [629240.9750000001, 5220901.175], [629241.0, 5220901.525], [629240.5750000001, 5220901.925]]]}}, {"type": "Feature", "properties": {"vineyard_id": "V02", "tile": "siret3_r006_c004.tif", "area_m2": 1.319}, "geometry": {"type": "Polygon", "coordinates": [[[629241.2250000001, 5220900.025], [629241.2000000001, 5220899.75], [629241.4, 5220899.600000001], [629241.3, 5220899.350000001], [629241.5, 5220899.175], [629241.75, 5220898.675], [629241.7000000001, 5220898.325], [629242.125, 5220897.850000001], [629242.1000000001, 5220897.4], [629242.3, 5220897.2], [629242.3500000001, 5220896.95], [629242.4500000001, 5220896.925], [629242.5750000001, 5220896.5], [629242.775, 5220896.4], [629242.775, 5220896.600000001], [629242.875, 5220896.775], [629242.8500000001, 5220897.100000001], [629242.4750000001, 5220897.45], [629242.375, 5220897.975000001], [629242.25, 5220898.05], [629242.275, 5220898.4], [629242.2250000001, 5220898.525], [629242.025, 5220898.65], [629241.9750000001, 5220898.925], [629241.675, 5220899.5], [629241.7250000001, 5220899.775], [629241.5750000001, 5220899.9], [629241.275, 5220899.875], [629241.2250000001, 5220900.025]]]}}, {"type": "Feature", "properties": {"vineyard_id": "V02", "tile": "siret3_r006_c004.tif", "area_m2": 1.426}, "geometry": {"type": "Polygon", "coordinates": [[[629243.175, 5220895.675], [629243.0, 5220895.225000001], [629243.175, 5220895.075], [629243.2000000001, 5220894.875], [629243.4500000001, 5220894.575], [629243.4500000001, 5220894.275], [629243.625, 5220894.075], [629243.6000000001, 5220893.825], [629243.7250000001, 5220893.725000001], [629243.775, 5220893.375], [629244.1000000001, 5220893.350000001], [629244.15, 5220892.65], [629244.375, 5220892.275], [629244.3250000001, 5220892.05], [629244.425, 5220891.95], [629244.4500000001, 5220891.75], [629244.675, 5220891.675], [629244.7250000001, 5220891.425], [629244.9, 5220891.125], [629244.9750000001, 5220891.125], [629245.05, 5220891.375], [629244.875, 5220891.725000001], [629244.875, 5220891.9], [629244.8, 5220892.0], [629244.5750000001, 5220892.05], [629244.625, 5220892.525], [629244.4750000001, 5220892.825], [629244.4750000001, 5220893.100000001], [629244.3, 5220893.225000001], [629244.25, 5220893.45], [629244.0750000001, 5220893.475000001], [629244.1000000001, 5220893.775], [629243.925, 5220894.100000001], [629243.775, 5220894.15], [629243.775, 5220894.575], [629243.5, 5220894.95], [629243.5, 5220895.100000001], [629243.3500000001, 5220895.25], [629243.3250000001, 5220895.475000001], [629243.175, 5220895.675]]]}}, {"type": "Feature", "properties": {"vineyard_id": "V02", "tile": "siret3_r006_c004.tif", "area_m2": 0.698}, "geometry": {"type": "Polygon", "coordinates": [[[629245.925, 5220889.125], [629245.675, 5220889.025], [629245.675, 5220888.95], [629245.9, 5220888.775], [629245.9750000001, 5220888.525], [629245.9750000001, 5220888.350000001], [629245.9, 5220888.3], [629245.9750000001, 5220888.125], [629246.25, 5220888.025], [629246.375, 5220887.75], [629246.5750000001, 5220887.65], [629246.5750000001, 5220887.5], [629246.4750000001, 5220887.375], [629246.5, 5220887.15], [629246.675, 5220887.075], [629246.775, 5220887.125], [629246.8500000001, 5220887.375], [629246.775, 5220887.75], [629246.525, 5220888.05], [629246.4500000001, 5220888.5], [629246.125, 5220888.725000001], [629245.925, 5220889.125]]]}}, {"type": "Feature", "properties": {"vineyard_id": "V02", "tile": "siret3_r006_c004.tif", "area_m2": 0.223}, "geometry": {"type": "Polygon", "coordinates": [[[629246.925, 5220886.975000001], [629246.7250000001, 5220886.875], [629246.8, 5220886.65], [629246.9500000001, 5220886.525], [629246.9500000001, 5220886.350000001], [629247.15, 5220886.2], [629247.275, 5220886.2], [629247.3500000001, 5220886.325], [629247.175, 5220886.45], [629247.125, 5220886.850000001], [629246.925, 5220886.975000001]]]}}, {"type": "Feature", "properties": {"vineyard_id": "V02", "tile": "siret3_r006_c004.tif", "area_m2": 0.298}, "geometry": {"type": "Polygon", "coordinates": [[[629247.4500000001, 5220885.325], [629247.3500000001, 5220885.125], [629247.375, 5220885.0], [629247.7000000001, 5220884.875], [629247.7000000001, 5220884.4], [629247.8250000001, 5220884.25], [629247.9750000001, 5220884.275], [629247.9750000001, 5220884.925], [629247.75, 5220885.025], [629247.6000000001, 5220885.275], [629247.4500000001, 5220885.325]]]}}, {"type": "Feature", "properties": {"vineyard_id": "V02", "tile": "siret3_r006_c004.tif", "area_m2": 0.337}, "geometry": {"type": "Polygon", "coordinates": [[[629232.175, 5220915.2], [629232.175, 5220914.975000001], [629232.5750000001, 5220914.45], [629232.5750000001, 5220914.25], [629232.425, 5220914.075], [629232.55, 5220913.925], [629232.7000000001, 5220914.100000001], [629232.875, 5220914.15], [629232.9, 5220914.25], [629232.775, 5220914.625], [629232.65, 5220914.7], [629232.3250000001, 5220915.2], [629232.175, 5220915.2]]]}}, {"type": "Feature", "properties": {"vineyard_id": "V02", "tile": "siret3_r006_c004.tif", "area_m2": 0.871}, "geometry": {"type": "Polygon", "coordinates": [[[629233.275, 5220912.7], [629233.175, 5220912.525], [629233.025, 5220912.5], [629233.05, 5220912.425], [629233.5, 5220911.350000001], [629233.65, 5220911.275], [629233.7250000001, 5220911.125], [629233.8500000001, 5220911.125], [629234.0750000001, 5220911.350000001], [629233.9750000001, 5220911.75], [629233.6000000001, 5220912.65], [629233.275, 5220912.7]]]}}, {"type": "Feature", "properties": {"vineyard_id": "V02", "tile": "siret3_r006_c004.tif", "area_m2": 1.256}, "geometry": {"type": "Polygon", "coordinates": [[[629234.1000000001, 5220910.575], [629234.0, 5220910.5], [629233.9750000001, 5220910.3], [629234.1000000001, 5220910.125], [629234.125, 5220909.850000001], [629234.55, 5220908.850000001], [629234.675, 5220908.8], [629234.65, 5220908.600000001], [629234.7000000001, 5220908.475000001], [629234.8250000001, 5220908.425], [629234.8250000001, 5220908.175], [629235.0, 5220907.75], [629235.175, 5220907.65], [629235.25, 5220907.8], [629235.175, 5220908.075], [629235.425, 5220908.125], [629235.4500000001, 5220908.225000001], [629235.3500000001, 5220908.4], [629235.175, 5220908.475000001], [629235.175, 5220908.575], [629234.9500000001, 5220908.675], [629234.9750000001, 5220909.350000001], [629234.775, 5220909.825], [629234.375, 5220910.0], [629234.375, 5220910.225000001], [629234.1000000001, 5220910.575]]]}}, {"type": "Feature", "properties": {"vineyard_id": "V02", "tile": "siret3_r006_c004.tif", "area_m2": 0.528}, "geometry": {"type": "Polygon", "coordinates": [[[629235.4, 5220907.5], [629235.2000000001, 5220907.275], [629235.4750000001, 5220906.975000001], [629235.4750000001, 5220906.625], [629235.625, 5220906.5], [629235.8250000001, 5220906.5], [629235.8250000001, 5220906.325], [629235.675, 5220906.3], [629235.675, 5220906.15], [629235.9, 5220906.225000001], [629235.9500000001, 5220906.15], [629236.15, 5220906.125], [629236.25, 5220906.225000001], [629236.2250000001, 5220906.3], [629236.1000000001, 5220906.3], [629235.8, 5220906.575], [629235.925, 5220906.95], [629235.8250000001, 5220907.325], [629235.4, 5220907.5]]]}}, {"type": "Feature", "properties": {"vineyard_id": "V02", "tile": "siret3_r006_c004.tif", "area_m2": 0.409}, "geometry": {"type": "Polygon", "coordinates": [[[629237.9500000001, 5220901.4], [629237.8, 5220901.175], [629238.0750000001, 5220901.075], [629238.0, 5220900.65], [629238.125, 5220900.45], [629238.4, 5220900.425], [629238.5750000001, 5220900.5], [629238.625, 5220900.600000001], [629238.4, 5220901.15], [629238.2000000001, 5220901.125], [629238.15, 5220901.325], [629237.9500000001, 5220901.4]]]}}, {"type": "Feature", "properties": {"vineyard_id": "V02", "tile": "siret3_r006_c004.tif", "area_m2": 2.575}, "geometry": {"type": "Polygon", "coordinates": [[[629240.05, 5220896.75], [629239.7000000001, 5220896.8], [629239.75, 5220896.675], [629239.925, 5220896.600000001], [629240.25, 5220896.05], [629240.25, 5220895.925], [629240.025, 5220895.875], [629240.0, 5220895.775], [629240.275, 5220895.375], [629240.25, 5220895.175], [629240.3250000001, 5220895.0], [629240.625, 5220894.95], [629240.6000000001, 5220894.825], [629240.425, 5220894.8], [629240.4500000001, 5220894.7], [629240.5750000001, 5220894.4], [629240.775, 5220894.325], [629240.7000000001, 5220894.100000001], [629240.8, 5220893.875], [629241.125, 5220893.525], [629241.0750000001, 5220893.2], [629241.2000000001, 5220893.075], [629241.275, 5220892.725000001], [629241.6000000001, 5220892.375], [629241.6000000001, 5220892.075], [629241.775, 5220891.925], [629241.75, 5220891.75], [629241.8500000001, 5220891.65], [629241.9, 5220891.25], [629241.9750000001, 5220891.125], [629242.1000000001, 5220891.15], [629242.25, 5220891.225000001], [629242.4, 5220891.575], [629242.2250000001, 5220891.825], [629242.1000000001, 5220892.275], [629241.8250000001, 5220892.45], [629241.8250000001, 5220892.55], [629241.9500000001, 5220892.65], [629241.8250000001, 5220892.725000001], [629241.7250000001, 5220893.175], [629241.525, 5220893.325], [629241.5750000001, 5220893.55], [629241.3500000001, 5220894.075], [629241.025, 5220894.275], [629241.1000000001, 5220894.475000001], [629240.925, 5220894.55], [629240.925, 5220894.7], [629241.0750000001, 5220894.75], [629240.9500000001, 5220895.05], [629240.7000000001, 5220895.025], [629240.7000000001, 5220895.125], [629240.8500000001, 5220895.275], [629240.675, 5220895.4], [629240.625, 5220895.825], [629240.4, 5220895.925], [629240.425, 5220896.225000001], [629240.2250000001, 5220896.575], [629240.05, 5220896.75]]]}}, {"type": "Feature", "properties": {"vineyard_id": "V02", "tile": "siret3_r006_c004.tif", "area_m2": 0.46}, "geometry": {"type": "Polygon", "coordinates": [[[629242.8, 5220889.175], [629243.275, 5220887.95], [629243.5, 5220887.95], [629243.5750000001, 5220888.05], [629243.5, 5220888.15], [629243.525, 5220888.45], [629243.3, 5220888.675], [629243.3, 5220888.8], [629243.4750000001, 5220888.850000001], [629243.4750000001, 5220889.0], [629242.8, 5220889.175]]]}}, {"type": "Feature", "properties": {"vineyard_id": "V02", "tile": "siret3_r006_c004.tif", "area_m2": 0.572}, "geometry": {"type": "Polygon", "coordinates": [[[629243.7000000001, 5220887.7], [629243.425, 5220887.575], [629243.525, 5220887.350000001], [629243.775, 5220887.175], [629243.675, 5220886.975000001], [629243.75, 5220886.8], [629244.0, 5220886.7], [629243.925, 5220886.375], [629244.025, 5220886.25], [629244.3250000001, 5220886.325], [629244.4750000001, 5220886.55], [629244.4500000001, 5220886.65], [629244.275, 5220886.625], [629244.15, 5220886.9], [629243.9, 5220887.075], [629243.925, 5220887.225000001], [629244.125, 5220887.225000001], [629244.025, 5220887.600000001], [629243.7000000001, 5220887.7]]]}}, {"type": "Feature", "properties": {"vineyard_id": "V02", "tile": "siret3_r006_c004.tif", "area_m2": 0.44}, "geometry": {"type": "Polygon", "coordinates": [[[629244.5750000001, 5220886.275], [629244.5, 5220886.100000001], [629244.175, 5220886.15], [629244.0750000001, 5220886.025], [629244.275, 5220885.75], [629244.3, 5220885.525], [629244.4500000001, 5220885.5], [629244.775, 5220885.2], [629244.925, 5220885.525], [629244.5750000001, 5220886.275]]]}}, {"type": "Feature", "properties": {"vineyard_id": "V02", "tile": "siret3_r006_c004.tif", "area_m2": 0.396}, "geometry": {"type": "Polygon", "coordinates": [[[629245.3250000001, 5220884.075], [629245.125, 5220883.975000001], [629245.025, 5220883.75], [629245.1000000001, 5220883.65], [629245.275, 5220883.65], [629245.4, 5220883.45], [629245.425, 5220883.225000001], [629245.25, 5220883.2], [629245.3250000001, 5220883.025], [629245.4500000001, 5220883.0], [629245.675, 5220883.075], [629245.75, 5220883.25], [629245.5750000001, 5220883.625], [629245.65, 5220883.775], [629245.5750000001, 5220883.95], [629245.3250000001, 5220884.075]]]}}, {"type": "Feature", "properties": {"vineyard_id": "V02", "tile": "siret3_r006_c004.tif", "area_m2": 0.426}, "geometry": {"type": "Polygon", "coordinates": [[[629246.0, 5220882.825], [629245.8, 5220882.65], [629245.875, 5220882.4], [629245.625, 5220882.325], [629245.925, 5220881.625], [629246.125, 5220881.7], [629246.125, 5220881.9], [629246.3250000001, 5220882.125], [629246.0, 5220882.825]]]}}, {"type": "Feature", "properties": {"vineyard_id": "V02", "tile": "siret3_r006_c004.tif", "area_m2": 0.365}, "geometry": {"type": "Polygon", "coordinates": [[[629247.375, 5220879.350000001], [629247.25, 5220879.125], [629247.1000000001, 5220879.075], [629247.1000000001, 5220878.975000001], [629247.2000000001, 5220878.65], [629247.3250000001, 5220878.625], [629247.4750000001, 5220878.375], [629247.625, 5220878.3], [629247.8, 5220878.45], [629247.675, 5220878.65], [629247.675, 5220878.8], [629247.5750000001, 5220878.875], [629247.5750000001, 5220879.100000001], [629247.375, 5220879.350000001]]]}}, {"type": "Feature", "properties": {"vineyard_id": "V02", "tile": "siret3_r006_c004.tif", "area_m2": 0.608}, "geometry": {"type": "Polygon", "coordinates": [[[629233.5, 5220904.7], [629233.4500000001, 5220904.600000001], [629233.525, 5220904.425], [629233.675, 5220904.375], [629233.8500000001, 5220904.175], [629233.8500000001, 5220904.075], [629233.7000000001, 5220904.025], [629233.8, 5220903.8], [629234.025, 5220903.725000001], [629234.025, 5220903.625], [629233.925, 5220903.575], [629234.0, 5220903.325], [629234.375, 5220903.325], [629234.55, 5220903.55], [629234.4750000001, 5220903.725000001], [629234.3, 5220903.775], [629234.3250000001, 5220904.075], [629234.05, 5220904.3], [629233.8500000001, 5220904.600000001], [629233.5, 5220904.7]]]}}, {"type": "Feature", "properties": {"vineyard_id": "V02", "tile": "siret3_r006_c004.tif", "area_m2": 0.349}, "geometry": {"type": "Polygon", "coordinates": [[[629234.3250000001, 5220903.075], [629234.175, 5220902.925], [629234.3250000001, 5220902.775], [629234.3, 5220902.625], [629234.5, 5220902.225000001], [629234.675, 5220902.175], [629234.875, 5220902.425], [629235.025, 5220902.425], [629235.0, 5220902.5], [629234.925, 5220902.65], [629234.9, 5220902.5], [629234.7000000001, 5220902.575], [629234.65, 5220903.0], [629234.3250000001, 5220903.075]]]}}, {"type": "Feature", "properties": {"vineyard_id": "V02", "tile": "siret3_r006_c004.tif", "area_m2": 0.731}, "geometry": {"type": "Polygon", "coordinates": [[[629235.4, 5220901.175], [629235.0750000001, 5220901.125], [629235.05, 5220900.9], [629235.2000000001, 5220900.825], [629235.2000000001, 5220900.575], [629235.3, 5220900.45], [629235.6000000001, 5220900.325], [629235.6000000001, 5220900.225000001], [629235.425, 5220900.100000001], [629235.525, 5220899.75], [629235.65, 5220899.7], [629235.7250000001, 5220899.475000001], [629236.025, 5220899.625], [629236.125, 5220899.625], [629236.275, 5220899.475000001], [629236.2000000001, 5220899.675], [629236.0, 5220899.7], [629235.9, 5220899.850000001], [629235.9, 5220900.05], [629235.775, 5220900.2], [629235.875, 5220900.45], [629235.675, 5220900.9], [629235.6000000001, 5220900.9], [629235.5750000001, 5220901.05], [629235.4, 5220901.175]]]}}, {"type": "Feature", "properties": {"vineyard_id": "V02", "tile": "siret3_r006_c004.tif", "area_m2": 0.377}, "geometry": {"type": "Polygon", "coordinates": [[[629236.4750000001, 5220898.125], [629236.3, 5220897.95], [629236.4, 5220897.725000001], [629236.775, 5220897.475000001], [629236.65, 5220897.175], [629236.8250000001, 5220897.100000001], [629237.0750000001, 5220897.275], [629237.0750000001, 5220897.4], [629236.9750000001, 5220897.5], [629237.025, 5220897.65], [629236.6000000001, 5220898.125], [629236.4750000001, 5220898.125]]]}}, {"type": "Feature", "properties": {"vineyard_id": "V02", "tile": "siret3_r006_c004.tif", "area_m2": 0.369}, "geometry": {"type": "Polygon", "coordinates": [[[629237.875, 5220895.100000001], [629237.6000000001, 5220894.9], [629237.7250000001, 5220894.65], [629237.9500000001, 5220894.625], [629237.9, 5220894.425], [629238.0, 5220894.225000001], [629238.2000000001, 5220894.225000001], [629238.275, 5220894.425], [629238.4750000001, 5220894.350000001], [629238.275, 5220894.825], [629238.1000000001, 5220894.775], [629238.025, 5220895.05], [629237.875, 5220895.100000001]]]}}, {"type": "Feature", "properties": {"vineyard_id": "V02", "tile": "siret3_r006_c004.tif", "area_m2": 0.404}, "geometry": {"type": "Polygon", "coordinates": [[[629238.75, 5220893.05], [629238.55, 5220892.775], [629238.5750000001, 5220892.625], [629238.8, 5220892.55], [629238.8, 5220892.25], [629238.9500000001, 5220892.05], [629238.9750000001, 5220891.75], [629239.3, 5220891.625], [629239.375, 5220891.775], [629239.25, 5220891.925], [629239.25, 5220892.075], [629239.4500000001, 5220892.100000001], [629239.3500000001, 5220892.3], [629239.3, 5220892.15], [629239.0750000001, 5220892.2], [629238.9, 5220892.600000001], [629238.9500000001, 5220892.975000001], [629238.75, 5220893.05]]]}}, {"type": "Feature", "properties": {"vineyard_id": "V02", "tile": "siret3_r006_c004.tif", "area_m2": 0.282}, "geometry": {"type": "Polygon", "coordinates": [[[629239.65, 5220891.100000001], [629239.4750000001, 5220891.0], [629239.5, 5220890.600000001], [629239.675, 5220890.5], [629239.675, 5220890.325], [629239.8, 5220890.175], [629239.9500000001, 5220890.175], [629240.0, 5220890.45], [629240.125, 5220890.5], [629240.05, 5220890.675], [629239.9500000001, 5220890.475000001], [629239.7000000001, 5220890.5], [629239.7250000001, 5220890.75], [629240.0, 5220890.8], [629239.925, 5220890.975000001], [629239.65, 5220891.100000001]]]}}, {"type": "Feature", "properties": {"vineyard_id": "V02", "tile": "siret3_r006_c004.tif", "area_m2": 0.252}, "geometry": {"type": "Polygon", "coordinates": [[[629240.4, 5220889.8], [629240.25, 5220889.600000001], [629240.275, 5220889.2], [629240.425, 5220889.100000001], [629240.3, 5220888.825], [629240.425, 5220888.625], [629240.55, 5220888.625], [629240.55, 5220889.05], [629240.625, 5220889.2], [629240.4, 5220889.8]]]}}, {"type": "Feature", "properties": {"vineyard_id": "V02", "tile": "siret3_r006_c004.tif", "area_m2": 0.409}, "geometry": {"type": "Polygon", "coordinates": [[[629240.875, 5220887.95], [629240.8, 5220887.875], [629240.8, 5220887.7], [629240.875, 5220887.625], [629240.8250000001, 5220887.375], [629241.025, 5220887.175], [629241.1000000001, 5220886.875], [629241.3, 5220886.825], [629241.3500000001, 5220887.0], [629241.25, 5220887.350000001], [629241.375, 5220887.375], [629241.525, 5220887.175], [629241.525, 5220887.25], [629241.275, 5220887.725000001], [629240.875, 5220887.95]]]}}, {"type": "Feature", "properties": {"vineyard_id": "V02", "tile": "siret3_r006_c004.tif", "area_m2": 0.317}, "geometry": {"type": "Polygon", "coordinates": [[[629242.5, 5220884.925], [629242.4, 5220884.850000001], [629242.5, 5220884.575], [629242.3500000001, 5220884.3], [629242.3250000001, 5220883.925], [629242.55, 5220883.625], [629242.65, 5220883.625], [629242.7250000001, 5220883.7], [629242.65, 5220883.850000001], [629242.65, 5220884.275], [629242.775, 5220884.325], [629242.5, 5220884.925]]]}}, {"type": "Feature", "properties": {"vineyard_id": "V02", "tile": "siret3_r006_c004.tif", "area_m2": 0.453}, "geometry": {"type": "Polygon", "coordinates": [[[629243.1000000001, 5220883.4], [629242.8, 5220883.2], [629242.75, 5220882.9], [629243.025, 5220882.65], [629243.1000000001, 5220882.475000001], [629243.0750000001, 5220882.175], [629243.3500000001, 5220882.025], [629243.425, 5220882.175], [629243.275, 5220882.425], [629243.3250000001, 5220883.025], [629243.175, 5220883.375], [629243.1000000001, 5220883.4]]]}}, {"type": "Feature", "properties": {"vineyard_id": "V02", "tile": "siret3_r006_c004.tif", "area_m2": 0.297}, "geometry": {"type": "Polygon", "coordinates": [[[629244.1000000001, 5220880.350000001], [629244.025, 5220880.25], [629244.1000000001, 5220879.875], [629244.3250000001, 5220879.525], [629244.4750000001, 5220879.475000001], [629244.6000000001, 5220879.7], [629244.7250000001, 5220879.75], [629244.7000000001, 5220879.825], [629244.65, 5220879.925], [629244.4, 5220880.0], [629244.275, 5220880.275], [629244.1000000001, 5220880.350000001]]]}}, {"type": "Feature", "properties": {"vineyard_id": "V02", "tile": "siret3_r006_c004.tif", "area_m2": 0.599}, "geometry": {"type": "Polygon", "coordinates": [[[629244.7000000001, 5220878.7], [629244.65, 5220878.5], [629244.8250000001, 5220878.375], [629245.025, 5220877.775], [629245.2000000001, 5220877.525], [629245.2250000001, 5220877.125], [629245.5750000001, 5220877.05], [629245.5750000001, 5220877.3], [629245.7250000001, 5220877.425], [629245.625, 5220877.625], [629245.525, 5220877.55], [629245.375, 5220877.575], [629245.3, 5220877.975000001], [629245.4500000001, 5220878.075], [629245.3, 5220878.4], [629245.125, 5220878.350000001], [629245.0, 5220878.425], [629244.875, 5220878.7], [629244.7000000001, 5220878.7]]]}}, {"type": "Feature", "properties": {"vineyard_id": "V02", "tile": "siret3_r006_c004.tif", "area_m2": 0.344}, "geometry": {"type": "Polygon", "coordinates": [[[629246.425, 5220875.425], [629246.3500000001, 5220875.350000001], [629246.125, 5220875.375], [629246.05, 5220875.25], [629246.275, 5220874.975000001], [629246.2250000001, 5220874.75], [629246.425, 5220874.375], [629246.5750000001, 5220874.425], [629246.7250000001, 5220874.65], [629246.625, 5220874.925], [629246.4500000001, 5220875.05], [629246.5, 5220875.350000001], [629246.425, 5220875.425]]]}}, {"type": "Feature", "properties": {"vineyard_id": "V02", "tile": "siret3_r006_c004.tif", "area_m2": 0.313}, "geometry": {"type": "Polygon", "coordinates": [[[629227.2000000001, 5220913.575], [629227.0, 5220913.225000001], [629227.025, 5220913.100000001], [629227.2250000001, 5220912.875], [629227.625, 5220912.625], [629227.65, 5220912.925], [629227.425, 5220913.075], [629227.4500000001, 5220913.45], [629227.3250000001, 5220913.575], [629227.2000000001, 5220913.575]]]}}, {"type": "Feature", "properties": {"vineyard_id": "V02", "tile": "siret3_r006_c004.tif", "area_m2": 0.776}, "geometry": {"type": "Polygon", "coordinates": [[[629230.425, 5220905.4], [629230.3250000001, 5220905.3], [629230.65, 5220904.775], [629230.7000000001, 5220904.55], [629231.175, 5220904.175], [629231.2000000001, 5220903.75], [629231.125, 5220903.575], [629231.3500000001, 5220903.375], [629231.5750000001, 5220903.425], [629231.5750000001, 5220903.55], [629231.4500000001, 5220903.65], [629231.525, 5220903.975000001], [629231.25, 5220904.625], [629231.1000000001, 5220904.8], [629231.0750000001, 5220905.0], [629230.9750000001, 5220905.100000001], [629230.75, 5220905.075], [629230.65, 5220905.3], [629230.55, 5220905.4], [629230.425, 5220905.4]]]}}, {"type": "Feature", "properties": {"vineyard_id": "V02", "tile": "siret3_r006_c004.tif", "area_m2": 0.248}, "geometry": {"type": "Polygon", "coordinates": [[[629232.75, 5220900.100000001], [629232.65, 5220900.025], [629232.675, 5220899.9], [629233.025, 5220899.675], [629232.925, 5220899.475000001], [629233.0, 5220899.25], [629233.25, 5220899.3], [629233.3250000001, 5220899.4], [629233.275, 5220899.55], [629233.15, 5220899.625], [629233.125, 5220899.975000001], [629232.75, 5220900.100000001]]]}}, {"type": "Feature", "properties": {"vineyard_id": "V02", "tile": "siret3_r006_c004.tif", "area_m2": 0.307}, "geometry": {"type": "Polygon", "coordinates": [[[629236.9, 5220890.8], [629236.8250000001, 5220890.725000001], [629236.775, 5220890.3], [629236.875, 5220889.95], [629237.0, 5220889.9], [629237.275, 5220890.025], [629237.3250000001, 5220890.225000001], [629237.2250000001, 5220890.425], [629237.0750000001, 5220890.45], [629237.0750000001, 5220890.625], [629236.9, 5220890.8]]]}}, {"type": "Feature", "properties": {"vineyard_id": "V02", "tile": "siret3_r006_c004.tif", "area_m2": 0.289}, "geometry": {"type": "Polygon", "coordinates": [[[629238.25, 5220887.475000001], [629238.1000000001, 5220887.375], [629238.3250000001, 5220887.075], [629238.2250000001, 5220886.825], [629238.375, 5220886.775], [629238.6000000001, 5220886.425], [629238.75, 5220886.325], [629238.9, 5220886.5], [629238.8250000001, 5220886.625], [629238.675, 5220886.675], [629238.425, 5220887.3], [629238.25, 5220887.475000001]]]}}, {"type": "Feature", "properties": {"vineyard_id": "V02", "tile": "siret3_r006_c004.tif", "area_m2": 0.222}, "geometry": {"type": "Polygon", "coordinates": [[[629240.425, 5220882.475000001], [629240.25, 5220882.2], [629240.3, 5220882.05], [629240.525, 5220881.775], [629240.875, 5220881.725000001], [629240.75, 5220882.100000001], [629240.4750000001, 5220882.225000001], [629240.525, 5220882.4], [629240.425, 5220882.475000001]]]}}, {"type": "Feature", "properties": {"vineyard_id": "V02", "tile": "siret3_r006_c004.tif", "area_m2": 0.213}, "geometry": {"type": "Polygon", "coordinates": [[[629241.8, 5220879.05], [629241.7000000001, 5220878.9], [629241.7250000001, 5220878.725000001], [629241.925, 5220878.625], [629241.875, 5220878.4], [629242.0, 5220878.3], [629242.15, 5220878.325], [629242.275, 5220878.475000001], [629242.2250000001, 5220878.625], [629242.025, 5220878.725000001], [629242.0, 5220878.975000001], [629241.8, 5220879.05]]]}}, {"type": "Feature", "properties": {"vineyard_id": "V02", "tile": "siret3_r006_c004.tif", "area_m2": 0.213}, "geometry": {"type": "Polygon", "coordinates": [[[629243.3250000001, 5220875.925], [629242.9750000001, 5220875.775], [629242.9500000001, 5220875.625], [629243.175, 5220875.45], [629243.25, 5220875.2], [629243.375, 5220875.15], [629243.525, 5220875.350000001], [629243.3, 5220875.625], [629243.4, 5220875.825], [629243.3250000001, 5220875.925]]]}}, {"type": "Feature", "properties": {"vineyard_id": "V02", "tile": "siret3_r006_c004.tif", "area_m2": 1.417}, "geometry": {"type": "Polygon", "coordinates": [[[629246.65, 5220867.2], [629246.4500000001, 5220867.100000001], [629247.375, 5220864.9], [629247.675, 5220864.925], [629247.8250000001, 5220864.850000001], [629247.9750000001, 5220864.95], [629247.9750000001, 5220865.125], [629247.8500000001, 5220865.25], [629247.125, 5220867.025], [629247.0, 5220867.125], [629246.7250000001, 5220867.125], [629246.65, 5220867.2]]]}}, {"type": "Feature", "properties": {"vineyard_id": "V02", "tile": "siret3_r006_c004.tif", "area_m2": 0.769}, "geometry": {"type": "Polygon", "coordinates": [[[629246.3250000001, 5220868.7], [629246.275, 5220868.525], [629246.0750000001, 5220868.55], [629245.9, 5220868.4], [629246.4500000001, 5220867.125], [629246.625, 5220867.2], [629246.6000000001, 5220867.325], [629246.875, 5220867.525], [629246.875, 5220867.600000001], [629246.4500000001, 5220868.625], [629246.3250000001, 5220868.7]]]}}, {"type": "Feature", "properties": {"vineyard_id": "V02", "tile": "siret3_r006_c004.tif", "area_m2": 0.277}, "geometry": {"type": "Polygon", "coordinates": [[[629225.3250000001, 5220911.025], [629225.275, 5220910.975000001], [629225.4500000001, 5220910.575], [629225.625, 5220910.525], [629225.7250000001, 5220910.3], [629225.9, 5220910.2], [629226.15, 5220910.25], [629226.175, 5220910.375], [629226.0750000001, 5220910.525], [629225.8, 5220910.55], [629225.5750000001, 5220910.95], [629225.3250000001, 5220911.025]]]}}, {"type": "Feature", "properties": {"vineyard_id": "V02", "tile": "siret3_r006_c004.tif", "area_m2": 0.342}, "geometry": {"type": "Polygon", "coordinates": [[[629226.15, 5220909.7], [629226.05, 5220909.55], [629226.1000000001, 5220909.075], [629226.3250000001, 5220908.825], [629226.5750000001, 5220908.825], [629226.525, 5220909.45], [629226.3250000001, 5220909.675], [629226.15, 5220909.7]]]}}, {"type": "Feature", "properties": {"vineyard_id": "V02", "tile": "siret3_r006_c004.tif", "area_m2": 0.501}, "geometry": {"type": "Polygon", "coordinates": [[[629231.625, 5220896.9], [629231.3250000001, 5220896.825], [629231.3, 5220896.725000001], [629231.7250000001, 5220896.45], [629231.9, 5220896.475000001], [629231.925, 5220896.125], [629231.75, 5220896.0], [629231.9, 5220895.875], [629231.8250000001, 5220895.475000001], [629231.875, 5220895.375], [629232.0, 5220895.350000001], [629232.15, 5220895.475000001], [629232.25, 5220895.725000001], [629232.175, 5220895.825], [629232.2000000001, 5220896.100000001], [629232.0, 5220896.575], [629231.625, 5220896.9]]]}}, {"type": "Feature", "properties": {"vineyard_id": "V02", "tile": "siret3_r006_c004.tif", "area_m2": 0.189}, "geometry": {"type": "Polygon", "coordinates": [[[629235.15, 5220888.2], [629235.025, 5220888.05], [629235.05, 5220887.925], [629235.3500000001, 5220887.725000001], [629235.525, 5220887.725000001], [629235.5750000001, 5220888.125], [629235.15, 5220888.2]]]}}, {"type": "Feature", "properties": {"vineyard_id": "V02", "tile": "siret3_r006_c004.tif", "area_m2": 0.328}, "geometry": {"type": "Polygon", "coordinates": [[[629236.525, 5220884.95], [629236.4500000001, 5220884.775], [629236.525, 5220884.425], [629236.925, 5220884.225000001], [629236.925, 5220884.125], [629236.8, 5220884.025], [629237.0, 5220883.925], [629237.0750000001, 5220884.100000001], [629237.2250000001, 5220884.2], [629237.2000000001, 5220884.275], [629237.05, 5220884.375], [629236.7250000001, 5220884.9], [629236.525, 5220884.95]]]}}, {"type": "Feature", "properties": {"vineyard_id": "V02", "tile": "siret3_r006_c004.tif", "area_m2": 0.228}, "geometry": {"type": "Polygon", "coordinates": [[[629237.8250000001, 5220881.8], [629237.7000000001, 5220881.575], [629237.8500000001, 5220881.425], [629237.875, 5220881.225000001], [629237.9750000001, 5220881.125], [629238.275, 5220881.100000001], [629238.3, 5220881.325], [629238.1000000001, 5220881.475000001], [629238.0750000001, 5220881.7], [629237.8250000001, 5220881.8]]]}}, {"type": "Feature", "properties": {"vineyard_id": "V02", "tile": "siret3_r006_c004.tif", "area_m2": 0.204}, "geometry": {"type": "Polygon", "coordinates": [[[629238.7250000001, 5220879.850000001], [629238.6000000001, 5220879.725000001], [629238.7000000001, 5220879.325], [629238.8250000001, 5220879.175], [629238.9500000001, 5220879.2], [629239.05, 5220879.375], [629239.025, 5220879.575], [629238.9500000001, 5220879.75], [629238.7250000001, 5220879.850000001]]]}}, {"type": "Feature", "properties": {"vineyard_id": "V02", "tile": "siret3_r006_c004.tif", "area_m2": 1.508}, "geometry": {"type": "Polygon", "coordinates": [[[629244.2000000001, 5220867.65], [629243.8, 5220867.125], [629244.65, 5220865.100000001], [629244.75, 5220864.9], [629245.3, 5220865.05], [629244.2000000001, 5220867.65]]]}}, {"type": "Feature", "properties": {"vineyard_id": "V02", "tile": "siret3_r006_c004.tif", "area_m2": 0.394}, "geometry": {"type": "Polygon", "coordinates": [[[629245.425, 5220864.8], [629245.275, 5220864.65], [629244.9, 5220864.55], [629245.1000000001, 5220864.025], [629245.75, 5220864.025], [629245.425, 5220864.8]]]}}, {"type": "Feature", "properties": {"vineyard_id": "V02", "tile": "siret3_r006_c004.tif", "area_m2": 1.135}, "geometry": {"type": "Polygon", "coordinates": [[[629221.025, 5220915.2], [629221.025, 5220915.125], [629221.15, 5220915.125], [629221.375, 5220914.850000001], [629221.3, 5220914.4], [629221.5, 5220914.2], [629221.55, 5220913.8], [629221.8250000001, 5220913.55], [629221.8500000001, 5220913.225000001], [629222.15, 5220912.9], [629222.375, 5220912.9], [629222.4750000001, 5220913.075], [629221.65, 5220915.025], [629221.4750000001, 5220915.2], [629221.025, 5220915.2]]]}}, {"type": "Feature", "properties": {"vineyard_id": "V02", "tile": "siret3_r006_c004.tif", "area_m2": 1.081}, "geometry": {"type": "Polygon", "coordinates": [[[629222.4750000001, 5220912.8], [629222.4, 5220912.575], [629222.125, 5220912.575], [629222.1000000001, 5220912.425], [629222.3, 5220912.0], [629222.5, 5220911.975000001], [629222.7000000001, 5220911.725000001], [629222.675, 5220911.475000001], [629222.525, 5220911.425], [629222.7000000001, 5220911.025], [629222.9500000001, 5220911.075], [629223.0, 5220910.75], [629222.875, 5220910.65], [629222.9, 5220910.575], [629223.3250000001, 5220910.45], [629223.3250000001, 5220910.55], [629223.5, 5220910.625], [629223.375, 5220910.925], [629223.175, 5220911.025], [629223.175, 5220911.4], [629222.675, 5220912.600000001], [629222.4750000001, 5220912.8]]]}}, {"type": "Feature", "properties": {"vineyard_id": "V02", "tile": "siret3_r006_c004.tif", "area_m2": 1.693}, "geometry": {"type": "Polygon", "coordinates": [[[629223.175, 5220909.9], [629223.2250000001, 5220909.75], [629223.375, 5220909.675], [629223.3250000001, 5220909.5], [629223.525, 5220909.100000001], [629223.7250000001, 5220908.975000001], [629223.8500000001, 5220908.275], [629223.9750000001, 5220908.275], [629224.0750000001, 5220908.15], [629224.0, 5220907.925], [629224.15, 5220907.9], [629224.0750000001, 5220907.725000001], [629224.4, 5220907.4], [629224.4500000001, 5220906.95], [629224.875, 5220906.625], [629224.8500000001, 5220906.325], [629225.0, 5220906.275], [629225.525, 5220905.775], [629224.8250000001, 5220907.45], [629224.675, 5220907.45], [629224.7250000001, 5220907.575], [629224.525, 5220907.850000001], [629224.5750000001, 5220908.0], [629224.4750000001, 5220908.025], [629224.525, 5220908.175], [629224.4500000001, 5220908.350000001], [629224.25, 5220908.575], [629224.1000000001, 5220908.625], [629224.15, 5220908.8], [629223.9750000001, 5220908.875], [629223.9750000001, 5220909.100000001], [629224.0750000001, 5220909.25], [629223.875, 5220909.475000001], [629223.8250000001, 5220909.75], [629223.3, 5220909.75], [629223.175, 5220909.9]]]}}, {"type": "Feature", "properties": {"vineyard_id": "V02", "tile": "siret3_r006_c004.tif", "area_m2": 0.577}, "geometry": {"type": "Polygon", "coordinates": [[[629225.5750000001, 5220905.625], [629225.55, 5220905.425], [629225.425, 5220905.350000001], [629225.5, 5220905.3], [629225.4500000001, 5220904.45], [629225.6000000001, 5220904.375], [629225.625, 5220904.175], [629225.9500000001, 5220904.175], [629226.0, 5220904.075], [629226.2000000001, 5220904.05], [629226.25, 5220903.95], [629226.3, 5220903.925], [629225.5750000001, 5220905.625]]]}}, {"type": "Feature", "properties": {"vineyard_id": "V02", "tile": "siret3_r006_c004.tif", "area_m2": 2.18}, "geometry": {"type": "Polygon", "coordinates": [[[629226.425, 5220903.625], [629226.4, 5220903.225000001], [629226.1000000001, 5220903.2], [629226.025, 5220903.05], [629227.9, 5220898.55], [629228.025, 5220898.475000001], [629228.125, 5220898.65], [629228.125, 5220899.025], [629228.3, 5220899.125], [629228.2000000001, 5220899.375], [629227.775, 5220899.65], [629227.875, 5220899.975000001], [629227.675, 5220900.05], [629227.675, 5220900.375], [629227.6000000001, 5220900.4], [629227.5750000001, 5220900.55], [629227.425, 5220900.525], [629227.125, 5220900.825], [629227.2000000001, 5220901.05], [629227.0750000001, 5220901.125], [629226.9500000001, 5220901.55], [629227.1000000001, 5220901.600000001], [629227.175, 5220901.45], [629227.3250000001, 5220901.475000001], [629227.175, 5220901.725000001], [629227.0, 5220901.675], [629226.875, 5220901.850000001], [629226.875, 5220902.0], [629227.025, 5220902.15], [629226.425, 5220903.625]]]}}, {"type": "Feature", "properties": {"vineyard_id": "V02", "tile": "siret3_r006_c004.tif", "area_m2": 0.2}, "geometry": {"type": "Polygon", "coordinates": [[[629228.3500000001, 5220898.675], [629228.2000000001, 5220898.225000001], [629228.4, 5220898.100000001], [629228.625, 5220898.100000001], [629228.65, 5220897.975000001], [629228.775, 5220897.975000001], [629228.5, 5220898.65], [629228.3500000001, 5220898.675]]]}}, {"type": "Feature", "properties": {"vineyard_id": "V02", "tile": "siret3_r006_c004.tif", "area_m2": 0.805}, "geometry": {"type": "Polygon", "coordinates": [[[629228.8, 5220897.9], [629228.8, 5220897.625], [629228.7250000001, 5220897.55], [629228.5750000001, 5220897.625], [629228.4, 5220897.625], [629228.3250000001, 5220897.55], [629228.775, 5220896.475000001], [629229.05, 5220896.2], [629229.0, 5220895.925], [629229.2000000001, 5220895.45], [629229.3, 5220895.425], [629229.2250000001, 5220895.975000001], [629229.125, 5220896.100000001], [629229.175, 5220896.375], [629229.425, 5220896.350000001], [629229.5, 5220896.025], [629229.6000000001, 5220896.025], [629229.3250000001, 5220896.675], [629229.275, 5220896.600000001], [629229.125, 5220896.600000001], [629229.025, 5220896.7], [629228.9, 5220897.15], [629228.925, 5220897.3], [629229.05, 5220897.350000001], [629228.8, 5220897.9]]]}}, {"type": "Feature", "properties": {"vineyard_id": "V02", "tile": "siret3_r006_c004.tif", "area_m2": 1.162}, "geometry": {"type": "Polygon", "coordinates": [[[629229.8, 5220895.55], [629229.55, 5220895.525], [629229.7000000001, 5220895.350000001], [629229.675, 5220895.225000001], [629229.4500000001, 5220895.3], [629229.3, 5220895.225000001], [629229.5, 5220894.875], [629229.8250000001, 5220893.95], [629230.0, 5220893.775], [629229.9750000001, 5220893.600000001], [629230.275, 5220892.875], [629230.55, 5220892.525], [629230.8, 5220892.5], [629230.9, 5220892.600000001], [629230.8250000001, 5220892.975000001], [629230.75, 5220893.075], [629230.75, 5220892.95], [629230.625, 5220892.925], [629230.5750000001, 5220893.100000001], [629230.275, 5220893.4], [629230.375, 5220893.600000001], [629230.2000000001, 5220893.850000001], [629230.2000000001, 5220894.075], [629230.4, 5220894.125], [629230.3250000001, 5220894.275], [629230.275, 5220894.2], [629230.0750000001, 5220894.25], [629230.1000000001, 5220894.725000001], [629230.0, 5220894.725000001], [629229.9500000001, 5220894.9], [629229.7000000001, 5220895.075], [629229.7000000001, 5220895.225000001], [629229.875, 5220895.375], [629229.8, 5220895.55]]]}}, {"type": "Feature", "properties": {"vineyard_id": "V02", "tile": "siret3_r006_c004.tif", "area_m2": 0.376}, "geometry": {"type": "Polygon", "coordinates": [[[629230.8500000001, 5220892.25], [629230.7000000001, 5220892.15], [629230.675, 5220892.0], [629231.0, 5220891.475000001], [629230.9750000001, 5220891.2], [629231.3250000001, 5220891.125], [629231.375, 5220891.600000001], [629231.175, 5220891.600000001], [629231.175, 5220891.825], [629231.05, 5220892.100000001], [629230.8500000001, 5220892.25]]]}}, {"type": "Feature", "properties": {"vineyard_id": "V02", "tile": "siret3_r006_c004.tif", "area_m2": 0.208}, "geometry": {"type": "Polygon", "coordinates": [[[629231.175, 5220890.95], [629231.275, 5220890.875], [629231.3, 5220890.45], [629231.4500000001, 5220890.225000001], [629231.5750000001, 5220890.2], [629231.625, 5220890.15], [629231.675, 5220890.15], [629231.5750000001, 5220890.3], [629231.5750000001, 5220890.4], [629231.675, 5220890.45], [629231.625, 5220890.75], [629231.4, 5220890.925], [629231.175, 5220890.95]]]}}, {"type": "Feature", "properties": {"vineyard_id": "V02", "tile": "siret3_r006_c004.tif", "area_m2": 0.354}, "geometry": {"type": "Polygon", "coordinates": [[[629232.125, 5220889.0], [629232.1000000001, 5220888.525], [629232.3250000001, 5220888.25], [629232.3, 5220888.05], [629232.4750000001, 5220887.95], [629232.875, 5220888.175], [629232.75, 5220888.4], [629232.4, 5220888.475000001], [629232.375, 5220888.9], [629232.125, 5220889.0]]]}}, {"type": "Feature", "properties": {"vineyard_id": "V02", "tile": "siret3_r006_c004.tif", "area_m2": 2.129}, "geometry": {"type": "Polygon", "coordinates": [[[629232.8250000001, 5220887.75], [629232.8250000001, 5220887.525], [629232.675, 5220887.325], [629232.8, 5220887.075], [629232.8, 5220886.875], [629233.05, 5220886.600000001], [629233.05, 5220886.325], [629233.175, 5220885.95], [629233.425, 5220885.875], [629233.4500000001, 5220885.55], [629233.875, 5220885.15], [629233.8, 5220884.925], [629233.925, 5220884.825], [629233.925, 5220884.4], [629234.05, 5220884.350000001], [629233.9750000001, 5220884.100000001], [629234.125, 5220884.025], [629234.15, 5220883.725000001], [629234.3250000001, 5220883.55], [629234.275, 5220883.325], [629234.4, 5220883.2], [629234.525, 5220882.725000001], [629234.675, 5220882.625], [629234.7000000001, 5220882.350000001], [629234.8250000001, 5220882.175], [629234.9750000001, 5220882.2], [629234.9500000001, 5220882.025], [629235.0750000001, 5220881.9], [629235.175, 5220881.975000001], [629235.1000000001, 5220882.850000001], [629234.875, 5220883.0], [629234.7250000001, 5220883.375], [629234.6000000001, 5220884.075], [629234.2000000001, 5220884.225000001], [629234.3, 5220884.4], [629234.125, 5220885.2], [629233.8250000001, 5220885.5], [629233.8250000001, 5220885.675], [629233.65, 5220885.8], [629233.675, 5220886.2], [629233.55, 5220886.25], [629233.5, 5220886.5], [629233.3, 5220886.625], [629233.125, 5220887.025], [629232.9750000001, 5220887.125], [629233.0, 5220887.55], [629233.125, 5220887.575], [629233.125, 5220887.600000001], [629232.9, 5220887.600000001], [629232.8250000001, 5220887.75]]]}}, {"type": "Feature", "properties": {"vineyard_id": "V02", "tile": "siret3_r006_c004.tif", "area_m2": 2.001}, "geometry": {"type": "Polygon", "coordinates": [[[629235.525, 5220881.15], [629235.3500000001, 5220881.100000001], [629235.25, 5220880.975000001], [629235.3500000001, 5220880.75], [629235.65, 5220880.5], [629235.7000000001, 5220880.25], [629235.625, 5220880.125], [629235.75, 5220880.100000001], [629235.7250000001, 5220879.850000001], [629235.9750000001, 5220879.600000001], [629236.0, 5220879.350000001], [629236.2000000001, 5220879.025], [629236.25, 5220878.625], [629236.5, 5220878.5], [629236.5, 5220878.375], [629236.4, 5220878.275], [629236.675, 5220877.925], [629236.7000000001, 5220877.525], [629236.8500000001, 5220877.375], [629236.8250000001, 5220877.225000001], [629237.2250000001, 5220876.25], [629237.425, 5220876.175], [629237.55, 5220876.25], [629237.6000000001, 5220876.475000001], [629237.5750000001, 5220876.95], [629237.4500000001, 5220877.25], [629237.3250000001, 5220877.125], [629237.2000000001, 5220877.125], [629237.0750000001, 5220877.350000001], [629237.0750000001, 5220877.600000001], [629237.275, 5220877.65], [629236.925, 5220878.025], [629236.875, 5220878.4], [629236.65, 5220878.55], [629236.675, 5220879.075], [629236.425, 5220879.350000001], [629236.25, 5220879.350000001], [629236.3, 5220879.775], [629235.9750000001, 5220880.2], [629235.9, 5220880.675], [629235.7250000001, 5220880.75], [629235.7000000001, 5220880.975000001], [629235.525, 5220881.15]]]}}, {"type": "Feature", "properties": {"vineyard_id": "V02", "tile": "siret3_r006_c004.tif", "area_m2": 0.467}, "geometry": {"type": "Polygon", "coordinates": [[[629237.5, 5220875.925], [629237.375, 5220875.9], [629237.5, 5220875.75], [629237.625, 5220875.3], [629237.775, 5220875.275], [629237.75, 5220875.025], [629237.8500000001, 5220874.775], [629237.9750000001, 5220874.725000001], [629238.2000000001, 5220875.175], [629238.2000000001, 5220875.350000001], [629238.0750000001, 5220875.475000001], [629238.125, 5220875.625], [629237.5, 5220875.925]]]}}, {"type": "Feature", "properties": {"vineyard_id": "V02", "tile": "siret3_r006_c004.tif", "area_m2": 0.616}, "geometry": {"type": "Polygon", "coordinates": [[[629240.25, 5220870.275], [629240.025, 5220869.65], [629240.1000000001, 5220869.375], [629240.3250000001, 5220868.9], [629240.8, 5220868.825], [629240.9, 5220869.0], [629240.7000000001, 5220869.125], [629240.65, 5220869.600000001], [629240.55, 5220869.8], [629240.375, 5220869.825], [629240.3500000001, 5220870.25], [629240.25, 5220870.275]]]}}, {"type": "Feature", "properties": {"vineyard_id": "V02", "tile": "siret3_r006_c004.tif", "area_m2": 0.473}, "geometry": {"type": "Polygon", "coordinates": [[[629239.9, 5220871.375], [629239.8, 5220871.175], [629239.675, 5220871.175], [629239.625, 5220871.350000001], [629239.525, 5220871.325], [629239.425, 5220871.05], [629239.625, 5220870.55], [629239.7250000001, 5220870.55], [629239.875, 5220870.350000001], [629240.125, 5220870.425], [629240.2250000001, 5220870.275], [629240.3, 5220870.3], [629240.275, 5220870.4], [629240.0750000001, 5220870.65], [629240.0750000001, 5220870.975000001], [629239.9, 5220871.375]]]}}, {"type": "Feature", "properties": {"vineyard_id": "V02", "tile": "siret3_r006_c004.tif", "area_m2": 1.446}, "geometry": {"type": "Polygon", "coordinates": [[[629238.5, 5220874.7], [629238.4500000001, 5220874.575], [629238.3500000001, 5220874.575], [629238.3, 5220874.4], [629238.2000000001, 5220874.4], [629238.125, 5220874.525], [629238.025, 5220874.45], [629238.0750000001, 5220874.275], [629238.275, 5220874.0], [629238.25, 5220873.8], [629238.3250000001, 5220873.625], [629238.4750000001, 5220873.525], [629238.525, 5220873.175], [629238.8, 5220872.675], [629238.875, 5220872.3], [629239.275, 5220871.350000001], [629239.5, 5220871.325], [629239.5750000001, 5220871.350000001], [629239.5, 5220871.425], [629239.4500000001, 5220871.775], [629239.625, 5220872.05], [629239.375, 5220872.100000001], [629239.275, 5220872.225000001], [629239.275, 5220872.45], [629239.4, 5220872.575], [629239.3250000001, 5220872.775], [629239.0750000001, 5220872.875], [629238.9500000001, 5220873.65], [629238.8250000001, 5220873.75], [629238.5750000001, 5220873.775], [629238.5750000001, 5220873.875], [629238.675, 5220873.925], [629238.675, 5220874.2], [629238.525, 5220874.3], [629238.5750000001, 5220874.55], [629238.5, 5220874.7]]]}}, {"type": "Feature", "properties": {"vineyard_id": "V02", "tile": "siret3_r006_c004.tif", "area_m2": 2.418}, "geometry": {"type": "Polygon", "coordinates": [[[629241.0750000001, 5220867.975000001], [629240.775, 5220867.925], [629240.9, 5220867.475000001], [629241.0750000001, 5220867.25], [629241.175, 5220866.8], [629241.5, 5220866.15], [629242.3250000001, 5220864.025], [629242.9, 5220864.025], [629242.9500000001, 5220864.100000001], [629241.425, 5220867.75], [629241.3500000001, 5220867.9], [629241.0750000001, 5220867.975000001]]]}}, {"type": "Feature", "properties": {"vineyard_id": "V02", "tile": "siret3_r006_c004.tif", "area_m2": 5.298}, "geometry": {"type": "Polygon", "coordinates": [[[629217.875, 5220915.2], [629218.125, 5220914.575], [629218.275, 5220914.475000001], [629218.25, 5220914.275], [629218.4500000001, 5220913.825], [629218.65, 5220913.75], [629218.6000000001, 5220913.45], [629218.875, 5220913.025], [629218.875, 5220912.8], [629219.4, 5220911.55], [629219.5750000001, 5220911.475000001], [629219.525, 5220911.25], [629219.9500000001, 5220910.25], [629220.125, 5220910.100000001], [629220.1000000001, 5220909.9], [629220.3500000001, 5220909.65], [629220.3, 5220909.425], [629220.375, 5220909.3], [629220.525, 5220909.3], [629220.55, 5220909.175], [629220.675, 5220909.125], [629220.675, 5220909.025], [629220.525, 5220908.925], [629220.675, 5220908.525], [629220.8, 5220908.425], [629220.775, 5220908.275], [629221.175, 5220907.325], [629221.2250000001, 5220907.25], [629221.425, 5220907.25], [629221.5, 5220906.95], [629221.7250000001, 5220906.725000001], [629221.65, 5220906.375], [629221.7250000001, 5220906.350000001], [629221.75, 5220905.975000001], [629222.0750000001, 5220905.850000001], [629222.2250000001, 5220905.875], [629222.3, 5220906.05], [629222.175, 5220906.275], [629222.15, 5220906.55], [629219.9500000001, 5220911.775], [629219.775, 5220911.925], [629219.8250000001, 5220912.075], [629219.75, 5220912.25], [629219.5750000001, 5220912.325], [629219.65, 5220912.475000001], [629219.55, 5220912.725000001], [629219.5, 5220912.8], [629219.425, 5220912.600000001], [629219.3, 5220912.600000001], [629219.2250000001, 5220912.725000001], [629219.2250000001, 5220912.975000001], [629219.4500000001, 5220912.95], [629219.275, 5220913.375], [629219.1000000001, 5220913.475000001], [629218.925, 5220914.2], [629218.7250000001, 5220914.675], [629218.65, 5220914.7], [629218.525, 5220915.2], [629218.125, 5220915.2], [629218.1000000001, 5220915.075], [629217.875, 5220915.2]]]}}, {"type": "Feature", "properties": {"vineyard_id": "V02", "tile": "siret3_r006_c004.tif", "area_m2": 5.245}, "geometry": {"type": "Polygon", "coordinates": [[[629222.25, 5220905.7], [629222.125, 5220905.45], [629222.275, 5220905.075], [629222.275, 5220904.8], [629222.525, 5220904.675], [629222.4750000001, 5220904.375], [629222.5750000001, 5220904.225000001], [629222.5750000001, 5220904.0], [629223.375, 5220902.100000001], [629223.5750000001, 5220902.125], [629223.7000000001, 5220901.9], [629223.625, 5220901.725000001], [629223.9750000001, 5220901.425], [629223.9750000001, 5220901.3], [629223.875, 5220901.275], [629223.875, 5220901.225000001], [629224.025, 5220901.275], [629224.1000000001, 5220901.15], [629224.125, 5220900.95], [629224.0, 5220900.850000001], [629224.125, 5220900.825], [629224.125, 5220900.675], [629224.2250000001, 5220900.600000001], [629224.2250000001, 5220900.425], [629224.15, 5220900.375], [629224.3, 5220900.2], [629224.25, 5220900.025], [629224.3500000001, 5220900.025], [629224.625, 5220899.8], [629224.525, 5220899.45], [629224.75, 5220899.350000001], [629224.675, 5220899.025], [629224.8250000001, 5220898.65], [629224.8, 5220898.925], [629224.9, 5220898.925], [629225.025, 5220898.725000001], [629225.0750000001, 5220898.3], [629225.2250000001, 5220898.100000001], [629225.2000000001, 5220897.825], [629225.4, 5220897.8], [629225.4500000001, 5220897.45], [629225.3500000001, 5220897.425], [629225.5, 5220897.05], [629225.8250000001, 5220897.05], [629226.0, 5220895.875], [629226.25, 5220895.8], [629226.3, 5220895.425], [629226.525, 5220895.275], [629226.525, 5220895.175], [629226.3500000001, 5220895.175], [629226.3500000001, 5220895.075], [629226.4500000001, 5220895.0], [629226.5750000001, 5220894.525], [629226.8500000001, 5220894.2], [629226.775, 5220894.025], [629226.875, 5220893.8], [629226.8500000001, 5220894.075], [629227.0750000001, 5220894.075], [629227.175, 5220894.175], [629227.2000000001, 5220894.4], [629226.925, 5220894.55], [629226.9750000001, 5220894.775], [629226.775, 5220895.025], [629226.7250000001, 5220895.575], [629226.5750000001, 5220895.825], [629226.5750000001, 5220896.025], [629226.2250000001, 5220896.3], [629226.2250000001, 5220896.575], [629225.9500000001, 5220897.025], [629225.925, 5220897.3], [629225.8, 5220897.4], [629225.8500000001, 5220897.75], [629225.55, 5220898.45], [629225.425, 5220898.525], [629225.3250000001, 5220898.975000001], [629225.125, 5220899.125], [629225.2000000001, 5220899.3], [629225.05, 5220899.5], [629225.05, 5220899.65], [629224.4750000001, 5220901.025], [629224.2250000001, 5220901.225000001], [629224.2250000001, 5220901.600000001], [629224.0750000001, 5220901.975000001], [629223.875, 5220902.0], [629223.7250000001, 5220902.25], [629223.7250000001, 5220902.8], [629223.275, 5220903.725000001], [629223.15, 5220904.175], [629223.025, 5220904.4], [629222.925, 5220904.425], [629222.925, 5220904.7], [629222.7000000001, 5220905.225000001], [629222.5750000001, 5220905.4], [629222.3250000001, 5220905.5], [629222.3500000001, 5220905.7], [629222.25, 5220905.7]]]}}, {"type": "Feature", "properties": {"vineyard_id": "V02", "tile": "siret3_r006_c004.tif", "area_m2": 1.592}, "geometry": {"type": "Polygon", "coordinates": [[[629227.7250000001, 5220892.4], [629227.65, 5220891.95], [629227.8250000001, 5220891.55], [629228.025, 5220891.4], [629227.9750000001, 5220891.175], [629228.175, 5220890.7], [629228.3, 5220890.65], [629228.275, 5220890.45], [629228.675, 5220889.5], [629228.75, 5220889.375], [629228.925, 5220889.325], [629228.9, 5220889.025], [629229.1000000001, 5220888.65], [629229.375, 5220888.575], [629229.375, 5220888.75], [629229.4500000001, 5220888.8], [629229.425, 5220888.975000001], [629229.4, 5220888.875], [629229.2250000001, 5220888.95], [629229.2000000001, 5220889.100000001], [629229.275, 5220889.2], [629229.15, 5220889.25], [629228.8250000001, 5220889.8], [629228.8250000001, 5220889.9], [629228.9750000001, 5220889.925], [629229.025, 5220890.075], [629228.9, 5220890.4], [629228.7000000001, 5220890.475000001], [629228.775, 5220890.775], [629228.5750000001, 5220890.975000001], [629228.525, 5220891.4], [629228.3250000001, 5220891.600000001], [629228.2000000001, 5220891.875], [629228.025, 5220891.850000001], [629227.8500000001, 5220892.375], [629227.7250000001, 5220892.4]]]}}, {"type": "Feature", "properties": {"vineyard_id": "V02", "tile": "siret3_r006_c004.tif", "area_m2": 2.562}, "geometry": {"type": "Polygon", "coordinates": [[[629229.375, 5220888.425], [629229.25, 5220888.350000001], [629229.2250000001, 5220888.225000001], [629229.3250000001, 5220888.125], [629229.5750000001, 5220888.175], [629229.675, 5220888.025], [629229.675, 5220887.9], [629229.4750000001, 5220887.75], [629229.4750000001, 5220887.625], [629229.5750000001, 5220887.575], [629229.6000000001, 5220887.3], [629230.2000000001, 5220885.875], [629230.25, 5220885.775], [629230.4, 5220885.75], [629230.4, 5220885.4], [629231.0, 5220883.975000001], [629231.15, 5220883.850000001], [629231.175, 5220883.975000001], [629231.4750000001, 5220884.025], [629231.4500000001, 5220883.825], [629231.175, 5220883.8], [629231.15, 5220883.625], [629231.675, 5220882.525], [629231.65, 5220882.8], [629231.875, 5220883.025], [629231.9500000001, 5220883.25], [629231.5750000001, 5220883.375], [629231.65, 5220883.55], [629231.625, 5220883.975000001], [629231.5, 5220884.075], [629231.5, 5220884.3], [629231.3250000001, 5220884.425], [629231.275, 5220884.625], [629231.175, 5220884.7], [629231.15, 5220885.0], [629230.9500000001, 5220884.925], [629230.775, 5220885.025], [629230.8500000001, 5220885.65], [629230.525, 5220885.9], [629230.525, 5220886.05], [629230.675, 5220886.125], [629230.55, 5220886.25], [629230.55, 5220886.575], [629230.4500000001, 5220886.5], [629230.425, 5220886.3], [629230.125, 5220886.45], [629230.125, 5220886.575], [629230.425, 5220886.775], [629229.9, 5220888.125], [629229.775, 5220888.275], [629229.375, 5220888.425]]]}}, {"type": "Feature", "properties": {"vineyard_id": "V02", "tile": "siret3_r006_c004.tif", "area_m2": 1.297}, "geometry": {"type": "Polygon", "coordinates": [[[629231.9750000001, 5220882.100000001], [629231.875, 5220881.95], [629232.0, 5220881.850000001], [629232.025, 5220881.55], [629232.25, 5220881.25], [629232.275, 5220881.025], [629232.5, 5220880.825], [629232.525, 5220880.350000001], [629232.775, 5220880.175], [629232.775, 5220880.05], [629233.025, 5220879.8], [629232.9500000001, 5220879.350000001], [629233.1000000001, 5220879.0], [629233.125, 5220879.225000001], [629233.5, 5220879.175], [629233.4750000001, 5220879.55], [629233.3250000001, 5220879.600000001], [629233.175, 5220880.225000001], [629233.025, 5220880.225000001], [629233.025, 5220880.7], [629232.7000000001, 5220880.975000001], [629232.75, 5220881.350000001], [629232.5750000001, 5220881.75], [629232.375, 5220881.675], [629232.375, 5220881.925], [629231.9750000001, 5220882.100000001]]]}}, {"type": "Feature", "properties": {"vineyard_id": "V02", "tile": "siret3_r006_c004.tif", "area_m2": 0.636}, "geometry": {"type": "Polygon", "coordinates": [[[629233.4500000001, 5220879.0], [629233.275, 5220878.925], [629233.275, 5220878.775], [629233.375, 5220878.7], [629233.3250000001, 5220878.45], [629233.5, 5220878.100000001], [629233.7250000001, 5220878.025], [629233.8500000001, 5220877.8], [629233.75, 5220877.475000001], [629234.125, 5220877.375], [629234.2250000001, 5220877.475000001], [629234.2250000001, 5220877.600000001], [629233.9750000001, 5220877.725000001], [629234.0750000001, 5220878.2], [629233.8250000001, 5220878.45], [629233.8250000001, 5220878.625], [629233.7000000001, 5220878.75], [629233.675, 5220878.95], [629233.4500000001, 5220879.0]]]}}, {"type": "Feature", "properties": {"vineyard_id": "V02", "tile": "siret3_r006_c004.tif", "area_m2": 0.395}, "geometry": {"type": "Polygon", "coordinates": [[[629234.15, 5220877.2], [629234.05, 5220877.025], [629234.3, 5220876.850000001], [629234.275, 5220876.2], [629234.4750000001, 5220876.025], [629234.875, 5220876.175], [629234.875, 5220876.25], [629234.7250000001, 5220876.325], [629234.75, 5220876.525], [629234.675, 5220876.55], [629234.625, 5220876.8], [629234.4500000001, 5220876.8], [629234.275, 5220877.175], [629234.15, 5220877.2]]]}}, {"type": "Feature", "properties": {"vineyard_id": "V02", "tile": "siret3_r006_c004.tif", "area_m2": 1.018}, "geometry": {"type": "Polygon", "coordinates": [[[629234.925, 5220875.600000001], [629234.925, 5220875.2], [629234.8250000001, 5220875.05], [629234.875, 5220874.775], [629235.175, 5220874.075], [629235.375, 5220874.0], [629235.4, 5220873.8], [629235.3250000001, 5220873.7], [629235.5, 5220873.3], [629235.775, 5220873.275], [629235.925, 5220873.475000001], [629235.9500000001, 5220873.75], [629235.675, 5220874.125], [629235.55, 5220874.675], [629235.175, 5220874.9], [629235.175, 5220875.025], [629235.275, 5220875.05], [629235.175, 5220875.15], [629235.175, 5220875.45], [629234.925, 5220875.600000001]]]}}, {"type": "Feature", "properties": {"vineyard_id": "V02", "tile": "siret3_r006_c004.tif", "area_m2": 0.527}, "geometry": {"type": "Polygon", "coordinates": [[[629235.925, 5220873.2], [629235.8, 5220873.0], [629235.675, 5220872.975000001], [629235.7250000001, 5220872.775], [629235.75, 5220872.850000001], [629235.875, 5220872.825], [629235.8500000001, 5220872.675], [629235.9750000001, 5220872.525], [629235.9750000001, 5220872.425], [629235.875, 5220872.4], [629236.125, 5220872.2], [629236.1000000001, 5220871.925], [629236.2250000001, 5220871.875], [629236.55, 5220872.225000001], [629236.3250000001, 5220872.55], [629236.3500000001, 5220872.775], [629236.275, 5220872.8], [629236.275, 5220872.975000001], [629236.0750000001, 5220873.2], [629235.925, 5220873.2]]]}}, {"type": "Feature", "properties": {"vineyard_id": "V02", "tile": "siret3_r006_c004.tif", "area_m2": 1.065}, "geometry": {"type": "Polygon", "coordinates": [[[629238.0750000001, 5220867.9], [629237.9500000001, 5220867.8], [629238.025, 5220867.65], [629237.9750000001, 5220867.4], [629238.4500000001, 5220866.4], [629238.5, 5220866.15], [629238.75, 5220865.95], [629238.8, 5220866.05], [629238.9, 5220866.05], [629238.9750000001, 5220865.9], [629239.05, 5220865.9], [629239.0, 5220866.175], [629239.1000000001, 5220866.25], [629238.55, 5220867.575], [629238.3250000001, 5220867.850000001], [629238.0750000001, 5220867.9]]]}}, {"type": "Feature", "properties": {"vineyard_id": "V02", "tile": "siret3_r006_c004.tif", "area_m2": 1.141}, "geometry": {"type": "Polygon", "coordinates": [[[629237.175, 5220870.5], [629236.9500000001, 5220870.2], [629236.925, 5220870.025], [629237.0750000001, 5220869.8], [629237.05, 5220869.625], [629237.3, 5220869.025], [629237.375, 5220869.05], [629237.425, 5220869.275], [629237.625, 5220869.275], [629237.7000000001, 5220869.2], [629237.7000000001, 5220869.05], [629237.525, 5220868.75], [629237.75, 5220868.600000001], [629237.65, 5220868.275], [629237.65, 5220868.2], [629237.775, 5220868.15], [629237.75, 5220867.975000001], [629237.9750000001, 5220867.975000001], [629238.0, 5220867.875], [629238.125, 5220867.925], [629238.1000000001, 5220868.25], [629238.175, 5220868.45], [629237.4, 5220870.3], [629237.275, 5220870.3], [629237.175, 5220870.5]]]}}, {"type": "Feature", "properties": {"vineyard_id": "V02", "tile": "siret3_r006_c004.tif", "area_m2": 0.332}, "geometry": {"type": "Polygon", "coordinates": [[[629236.425, 5220871.7], [629236.525, 5220871.325], [629236.7000000001, 5220871.100000001], [629236.625, 5220870.850000001], [629236.8500000001, 5220870.8], [629237.0750000001, 5220870.475000001], [629237.15, 5220870.5], [629237.175, 5220870.7], [629237.025, 5220871.0], [629236.925, 5220871.05], [629236.925, 5220871.25], [629236.8, 5220871.350000001], [629236.775, 5220871.5], [629236.5750000001, 5220871.7], [629236.425, 5220871.7]]]}}, {"type": "Feature", "properties": {"vineyard_id": "V02", "tile": "siret3_r006_c004.tif", "area_m2": 0.992}, "geometry": {"type": "Polygon", "coordinates": [[[629238.9750000001, 5220865.75], [629238.9500000001, 5220865.625], [629238.75, 5220865.575], [629239.25, 5220864.375], [629239.4, 5220864.325], [629239.4, 5220864.225000001], [629239.3250000001, 5220864.2], [629239.375, 5220864.025], [629240.025, 5220864.025], [629239.425, 5220865.475000001], [629238.9750000001, 5220865.75]]]}}, {"type": "Feature", "properties": {"vineyard_id": "V02", "tile": "siret3_r006_c004.tif", "area_m2": 0.969}, "geometry": {"type": "Polygon", "coordinates": [[[629215.4, 5220915.2], [629215.3, 5220915.025], [629215.65, 5220914.2], [629215.8500000001, 5220914.025], [629215.8250000001, 5220913.775], [629215.925, 5220913.55], [629216.15, 5220913.425], [629216.15, 5220913.325], [629216.025, 5220913.3], [629216.175, 5220912.925], [629216.4750000001, 5220912.8], [629216.525, 5220913.475000001], [629216.375, 5220913.600000001], [629216.275, 5220913.875], [629216.025, 5220914.100000001], [629216.05, 5220914.3], [629215.8250000001, 5220914.925], [629215.625, 5220915.2], [629215.4, 5220915.2]]]}}, {"type": "Feature", "properties": {"vineyard_id": "V02", "tile": "siret3_r006_c004.tif", "area_m2": 0.562}, "geometry": {"type": "Polygon", "coordinates": [[[629216.4750000001, 5220912.625], [629216.4, 5220912.575], [629216.4, 5220912.425], [629216.775, 5220912.125], [629216.775, 5220912.025], [629216.625, 5220911.925], [629216.8, 5220911.7], [629216.8250000001, 5220911.375], [629216.9750000001, 5220911.15], [629217.175, 5220911.075], [629217.3, 5220911.600000001], [629217.15, 5220911.775], [629217.0750000001, 5220912.325], [629216.9, 5220912.3], [629216.4750000001, 5220912.625]]]}}, {"type": "Feature", "properties": {"vineyard_id": "V02", "tile": "siret3_r006_c004.tif", "area_m2": 0.841}, "geometry": {"type": "Polygon", "coordinates": [[[629217.4750000001, 5220910.100000001], [629217.4750000001, 5220909.825], [629217.625, 5220909.625], [629217.65, 5220909.4], [629217.9750000001, 5220908.625], [629218.05, 5220908.475000001], [629218.175, 5220908.425], [629218.15, 5220908.225000001], [629218.25, 5220908.125], [629218.3, 5220907.850000001], [629218.3500000001, 5220907.775], [629218.525, 5220907.8], [629218.625, 5220907.975000001], [629218.5750000001, 5220908.3], [629218.4500000001, 5220908.600000001], [629218.275, 5220908.675], [629218.25, 5220909.025], [629218.1000000001, 5220909.125], [629218.15, 5220909.45], [629217.55, 5220910.100000001], [629217.4750000001, 5220910.100000001]]]}}, {"type": "Feature", "properties": {"vineyard_id": "V02", "tile": "siret3_r006_c004.tif", "area_m2": 1.486}, "geometry": {"type": "Polygon", "coordinates": [[[629218.5750000001, 5220907.7], [629218.4750000001, 5220907.55], [629218.65, 5220907.075], [629218.9750000001, 5220906.775], [629219.125, 5220906.25], [629219.3250000001, 5220906.100000001], [629219.4, 5220905.775], [629219.6000000001, 5220905.600000001], [629219.6000000001, 5220905.425], [629219.7250000001, 5220905.325], [629219.7000000001, 5220904.975000001], [629219.8250000001, 5220904.9], [629220.05, 5220904.45], [629220.0750000001, 5220903.925], [629220.25, 5220903.825], [629220.3250000001, 5220903.65], [629220.6000000001, 5220903.625], [629220.65, 5220903.775], [629220.15, 5220904.825], [629219.4750000001, 5220906.575], [629219.3, 5220906.9], [629219.025, 5220907.15], [629218.9500000001, 5220907.45], [629218.675, 5220907.7], [629218.5750000001, 5220907.7]]]}}, {"type": "Feature", "properties": {"vineyard_id": "V02", "tile": "siret3_r006_c004.tif", "area_m2": 0.33}, "geometry": {"type": "Polygon", "coordinates": [[[629220.75, 5220903.0], [629220.65, 5220902.850000001], [629220.8, 5220902.725000001], [629220.8250000001, 5220902.55], [629220.8, 5220902.425], [629220.7000000001, 5220902.4], [629220.7000000001, 5220902.15], [629220.9500000001, 5220901.875], [629221.0750000001, 5220901.850000001], [629221.175, 5220901.925], [629221.2000000001, 5220902.075], [629221.1000000001, 5220902.2], [629221.0, 5220902.825], [629220.75, 5220903.0]]]}}, {"type": "Feature", "properties": {"vineyard_id": "V02", "tile": "siret3_r006_c004.tif", "area_m2": 0.453}, "geometry": {"type": "Polygon", "coordinates": [[[629221.9750000001, 5220900.600000001], [629221.7250000001, 5220900.350000001], [629221.775, 5220900.125], [629221.9500000001, 5220900.075], [629221.9750000001, 5220899.625], [629221.8250000001, 5220899.475000001], [629222.0, 5220899.25], [629222.375, 5220899.225000001], [629222.5, 5220899.350000001], [629222.2000000001, 5220899.975000001], [629222.025, 5220900.075], [629222.0750000001, 5220900.375], [629221.9750000001, 5220900.600000001]]]}}, {"type": "Feature", "properties": {"vineyard_id": "V02", "tile": "siret3_r006_c004.tif", "area_m2": 0.234}, "geometry": {"type": "Polygon", "coordinates": [[[629222.625, 5220898.3], [629222.5, 5220898.225000001], [629222.875, 5220897.925], [629222.8, 5220897.600000001], [629223.1000000001, 5220897.475000001], [629223.175, 5220897.7], [629222.9750000001, 5220898.2], [629222.625, 5220898.3]]]}}, {"type": "Feature", "properties": {"vineyard_id": "V02", "tile": "siret3_r006_c004.tif", "area_m2": 0.192}, "geometry": {"type": "Polygon", "coordinates": [[[629223.625, 5220896.4], [629223.5, 5220896.225000001], [629223.5, 5220896.025], [629223.6000000001, 5220896.0], [629223.6000000001, 5220895.775], [629223.8250000001, 5220895.675], [629223.925, 5220895.725000001], [629223.8500000001, 5220895.875], [629223.875, 5220896.075], [629223.75, 5220896.375], [629223.625, 5220896.4]]]}}, {"type": "Feature", "properties": {"vineyard_id": "V02", "tile": "siret3_r006_c004.tif", "area_m2": 0.69}, "geometry": {"type": "Polygon", "coordinates": [[[629223.9, 5220895.15], [629223.8250000001, 5220895.05], [629223.925, 5220894.850000001], [629224.3250000001, 5220894.475000001], [629224.3250000001, 5220894.375], [629224.15, 5220894.275], [629224.1000000001, 5220894.05], [629224.525, 5220893.7], [629224.5, 5220893.375], [629224.5750000001, 5220893.3], [629224.775, 5220893.325], [629224.9, 5220893.625], [629224.5750000001, 5220894.4], [629224.4750000001, 5220894.45], [629224.4750000001, 5220894.65], [629224.0750000001, 5220895.15], [629223.9, 5220895.15]]]}}, {"type": "Feature", "properties": {"vineyard_id": "V02", "tile": "siret3_r006_c004.tif", "area_m2": 0.82}, "geometry": {"type": "Polygon", "coordinates": [[[629224.9500000001, 5220893.0], [629224.7000000001, 5220892.850000001], [629224.775, 5220892.850000001], [629224.8500000001, 5220892.7], [629224.8, 5220892.350000001], [629224.9750000001, 5220892.25], [629225.0750000001, 5220892.0], [629225.2250000001, 5220891.925], [629225.2250000001, 5220891.675], [629225.4, 5220891.575], [629225.3500000001, 5220891.025], [629225.525, 5220890.850000001], [629225.775, 5220890.825], [629225.9500000001, 5220891.125], [629225.8250000001, 5220891.25], [629225.8, 5220891.475000001], [629225.5750000001, 5220891.625], [629225.4500000001, 5220891.850000001], [629225.4750000001, 5220892.075], [629225.25, 5220892.375], [629225.15, 5220892.925], [629224.9500000001, 5220893.0]]]}}, {"type": "Feature", "properties": {"vineyard_id": "V02", "tile": "siret3_r006_c004.tif", "area_m2": 1.453}, "geometry": {"type": "Polygon", "coordinates": [[[629225.8, 5220890.275], [629225.75, 5220890.175], [629225.9750000001, 5220889.95], [629225.9750000001, 5220889.75], [629226.175, 5220889.600000001], [629226.2250000001, 5220889.225000001], [629226.55, 5220888.575], [629226.525, 5220888.375], [629226.75, 5220888.175], [629226.75, 5220888.05], [629226.6000000001, 5220888.025], [629226.75, 5220887.675], [629226.925, 5220887.625], [629227.025, 5220887.3], [629227.0, 5220887.075], [629227.375, 5220886.725000001], [629227.4, 5220886.45], [629227.5750000001, 5220886.350000001], [629227.5750000001, 5220886.125], [629227.625, 5220886.275], [629227.875, 5220886.3], [629227.9, 5220886.45], [629227.4500000001, 5220886.725000001], [629227.5, 5220887.0], [629227.4, 5220887.475000001], [629227.3, 5220887.65], [629227.025, 5220887.850000001], [629227.025, 5220887.95], [629227.175, 5220888.0], [629227.175, 5220888.2], [629226.775, 5220888.65], [629226.775, 5220888.975000001], [629226.625, 5220889.175], [629226.525, 5220889.600000001], [629226.4, 5220889.625], [629226.375, 5220889.850000001], [629226.1000000001, 5220889.975000001], [629226.025, 5220890.25], [629225.8, 5220890.275]]]}}, {"type": "Feature", "properties": {"vineyard_id": "V02", "tile": "siret3_r006_c004.tif", "area_m2": 0.815}, "geometry": {"type": "Polygon", "coordinates": [[[629228.5750000001, 5220883.9], [629228.425, 5220883.75], [629228.55, 5220883.600000001], [629228.55, 5220883.375], [629228.675, 5220883.075], [629228.875, 5220883.0], [629228.8, 5220882.825], [629228.8500000001, 5220882.675], [629229.2000000001, 5220882.475000001], [629229.2000000001, 5220882.225000001], [629229.5, 5220882.100000001], [629229.6000000001, 5220882.25], [629229.4, 5220882.475000001], [629229.425, 5220882.825], [629229.2000000001, 5220883.350000001], [629228.775, 5220883.825], [629228.5750000001, 5220883.9]]]}}, {"type": "Feature", "properties": {"vineyard_id": "V02", "tile": "siret3_r006_c004.tif", "area_m2": 0.515}, "geometry": {"type": "Polygon", "coordinates": [[[629229.925, 5220880.75], [629229.8, 5220880.575], [629229.9750000001, 5220880.475000001], [629229.9, 5220880.225000001], [629230.2000000001, 5220879.925], [629230.2000000001, 5220879.775], [629230.0750000001, 5220879.725000001], [629230.2000000001, 5220879.425], [629230.65, 5220879.275], [629230.675, 5220879.5], [629230.4500000001, 5220879.625], [629230.425, 5220880.25], [629230.3500000001, 5220880.3], [629230.3, 5220880.575], [629229.925, 5220880.75]]]}}, {"type": "Feature", "properties": {"vineyard_id": "V02", "tile": "siret3_r006_c004.tif", "area_m2": 1.683}, "geometry": {"type": "Polygon", "coordinates": [[[629230.7250000001, 5220878.875], [629230.625, 5220878.825], [629230.65, 5220878.350000001], [629230.8250000001, 5220878.225000001], [629230.8, 5220878.0], [629231.025, 5220877.875], [629231.0750000001, 5220877.600000001], [629231.0, 5220877.525], [629231.125, 5220877.225000001], [629231.375, 5220877.05], [629231.4500000001, 5220876.825], [629231.6000000001, 5220876.7], [629231.5750000001, 5220876.5], [629231.7000000001, 5220876.350000001], [629231.65, 5220876.2], [629231.8500000001, 5220876.075], [629231.875, 5220875.75], [629231.8, 5220875.625], [629232.0750000001, 5220875.325], [629232.1000000001, 5220874.975000001], [629232.275, 5220874.675], [629232.3250000001, 5220874.350000001], [629232.375, 5220874.275], [629232.6000000001, 5220874.325], [629232.8, 5220874.55], [629232.775, 5220874.825], [629232.375, 5220875.375], [629232.25, 5220875.9], [629232.0750000001, 5220876.0], [629232.1000000001, 5220876.2], [629231.875, 5220876.55], [629231.8250000001, 5220876.925], [629231.6000000001, 5220877.05], [629231.5750000001, 5220877.275], [629231.4750000001, 5220877.4], [629231.25, 5220877.425], [629231.3500000001, 5220877.825], [629231.2000000001, 5220878.0], [629231.025, 5220878.525], [629230.7250000001, 5220878.875]]]}}, {"type": "Feature", "properties": {"vineyard_id": "V02", "tile": "siret3_r006_c004.tif", "area_m2": 0.312}, "geometry": {"type": "Polygon", "coordinates": [[[629232.9750000001, 5220873.8], [629232.7000000001, 5220873.7], [629232.65, 5220873.575], [629232.875, 5220873.05], [629232.9750000001, 5220872.95], [629233.175, 5220872.925], [629233.2250000001, 5220873.025], [629233.0750000001, 5220873.325], [629233.2000000001, 5220873.475000001], [629233.0750000001, 5220873.75], [629232.9750000001, 5220873.8]]]}}, {"type": "Feature", "properties": {"vineyard_id": "V02", "tile": "siret3_r006_c004.tif", "area_m2": 1.316}, "geometry": {"type": "Polygon", "coordinates": [[[629233.925, 5220871.100000001], [629233.875, 5220870.65], [629234.2000000001, 5220870.225000001], [629234.2000000001, 5220869.925], [629234.425, 5220869.75], [629234.4750000001, 5220869.225000001], [629234.5750000001, 5220869.0], [629234.775, 5220868.850000001], [629234.775, 5220868.625], [629234.9, 5220868.475000001], [629234.8500000001, 5220868.325], [629235.125, 5220867.95], [629235.15, 5220867.600000001], [629235.2250000001, 5220867.5], [629235.4, 5220867.5], [629235.3, 5220867.25], [629235.425, 5220867.125], [629235.6000000001, 5220867.25], [629235.625, 5220867.4], [629235.5750000001, 5220867.675], [629235.4, 5220867.9], [629235.375, 5220868.225000001], [629235.4500000001, 5220868.425], [629235.2000000001, 5220868.425], [629235.125, 5220868.725000001], [629234.925, 5220868.850000001], [629234.675, 5220869.75], [629234.5, 5220870.05], [629234.4750000001, 5220870.325], [629234.3250000001, 5220870.5], [629234.3500000001, 5220870.8], [629234.125, 5220871.075], [629233.925, 5220871.100000001]]]}}, {"type": "Feature", "properties": {"vineyard_id": "V02", "tile": "siret3_r006_c004.tif", "area_m2": 0.473}, "geometry": {"type": "Polygon", "coordinates": [[[629233.4, 5220872.425], [629233.2250000001, 5220872.3], [629233.3250000001, 5220872.275], [629233.3500000001, 5220871.925], [629233.6000000001, 5220871.850000001], [629233.5750000001, 5220871.625], [629233.5, 5220871.575], [629233.55, 5220871.425], [629233.625, 5220871.275], [629233.925, 5220871.125], [629233.925, 5220871.2], [629234.125, 5220871.325], [629234.0, 5220871.4], [629234.0750000001, 5220871.600000001], [629233.9, 5220871.625], [629233.8, 5220871.775], [629233.8, 5220871.95], [629233.925, 5220872.075], [629233.875, 5220872.175], [629233.65, 5220872.175], [629233.5750000001, 5220872.325], [629233.4, 5220872.425]]]}}, {"type": "Feature", "properties": {"vineyard_id": "V02", "tile": "siret3_r006_c004.tif", "area_m2": 0.195}, "geometry": {"type": "Polygon", "coordinates": [[[629235.65, 5220866.45], [629236.0, 5220865.75], [629236.2250000001, 5220865.725000001], [629236.125, 5220865.95], [629236.15, 5220866.175], [629236.025, 5220866.375], [629235.65, 5220866.45]]]}}, {"type": "Feature", "properties": {"vineyard_id": "V02", "tile": "siret3_r006_c004.tif", "area_m2": 0.725}, "geometry": {"type": "Polygon", "coordinates": [[[629236.6000000001, 5220865.675], [629236.55, 5220865.3], [629236.4500000001, 5220865.3], [629236.2250000001, 5220865.55], [629236.1000000001, 5220865.425], [629236.125, 5220865.275], [629236.4, 5220864.725000001], [629236.625, 5220864.725000001], [629236.8500000001, 5220864.600000001], [629236.8500000001, 5220864.5], [629236.675, 5220864.325], [629236.65, 5220864.025], [629237.275, 5220864.025], [629236.6000000001, 5220865.675]]]}}, {"type": "Feature", "properties": {"vineyard_id": "V02", "tile": "siret3_r006_c004.tif", "area_m2": 0.226}, "geometry": {"type": "Polygon", "coordinates": [[[629212.8250000001, 5220915.2], [629212.55, 5220914.875], [629212.625, 5220914.675], [629212.8250000001, 5220914.575], [629213.1000000001, 5220914.675], [629213.1000000001, 5220914.8], [629212.9750000001, 5220914.95], [629213.025, 5220915.2], [629212.8250000001, 5220915.2]]]}}, {"type": "Feature", "properties": {"vineyard_id": "V02", "tile": "siret3_r006_c004.tif", "area_m2": 0.199}, "geometry": {"type": "Polygon", "coordinates": [[[629212.9750000001, 5220914.25], [629212.9, 5220914.15], [629213.2000000001, 5220913.9], [629213.2000000001, 5220913.725000001], [629213.425, 5220913.675], [629213.5750000001, 5220913.875], [629213.4500000001, 5220914.075], [629213.2250000001, 5220914.225000001], [629212.9750000001, 5220914.25]]]}}, {"type": "Feature", "properties": {"vineyard_id": "V02", "tile": "siret3_r006_c004.tif", "area_m2": 0.453}, "geometry": {"type": "Polygon", "coordinates": [[[629213.4, 5220913.475000001], [629213.3, 5220913.350000001], [629213.5, 5220912.825], [629213.7000000001, 5220912.65], [629213.8500000001, 5220912.275], [629214.1000000001, 5220912.25], [629214.2000000001, 5220912.425], [629214.125, 5220912.575], [629214.0, 5220912.625], [629213.9750000001, 5220912.9], [629213.8, 5220913.025], [629213.625, 5220913.45], [629213.4, 5220913.475000001]]]}}, {"type": "Feature", "properties": {"vineyard_id": "V02", "tile": "siret3_r006_c004.tif", "area_m2": 1.757}, "geometry": {"type": "Polygon", "coordinates": [[[629216.55, 5220905.75], [629216.4, 5220905.675], [629216.425, 5220905.600000001], [629216.7250000001, 5220904.9], [629217.0, 5220904.600000001], [629216.9500000001, 5220904.350000001], [629217.05, 5220904.125], [629217.2250000001, 5220903.975000001], [629217.275, 5220903.725000001], [629217.4, 5220903.65], [629217.425, 5220903.225000001], [629217.8500000001, 5220902.775], [629217.775, 5220902.425], [629217.9750000001, 5220902.3], [629218.05, 5220901.975000001], [629218.3250000001, 5220901.95], [629218.425, 5220902.05], [629218.4, 5220902.3], [629218.275, 5220902.475000001], [629218.25, 5220902.675], [629218.15, 5220902.75], [629218.125, 5220903.0], [629217.875, 5220903.225000001], [629217.775, 5220903.5], [629217.8250000001, 5220903.8], [629217.6000000001, 5220904.0], [629217.425, 5220904.600000001], [629217.3, 5220904.725000001], [629217.2250000001, 5220905.225000001], [629216.9, 5220905.600000001], [629216.55, 5220905.75]]]}}, {"type": "Feature", "properties": {"vineyard_id": "V02", "tile": "siret3_r006_c004.tif", "area_m2": 2.442}, "geometry": {"type": "Polygon", "coordinates": [[[629213.9500000001, 5220912.0], [629213.9, 5220911.75], [629214.025, 5220911.55], [629214.125, 5220911.525], [629214.25, 5220911.025], [629214.4500000001, 5220910.8], [629214.375, 5220910.475000001], [629214.4750000001, 5220910.4], [629214.65, 5220909.825], [629214.9, 5220909.75], [629215.175, 5220909.3], [629215.175, 5220909.175], [629215.05, 5220909.15], [629215.025, 5220909.025], [629215.1000000001, 5220908.825], [629215.275, 5220908.725000001], [629215.2250000001, 5220908.45], [629215.65, 5220907.975000001], [629215.65, 5220907.65], [629215.7250000001, 5220907.5], [629216.025, 5220907.275], [629215.9, 5220907.0], [629215.9500000001, 5220906.725000001], [629216.2000000001, 5220906.350000001], [629216.175, 5220906.2], [629216.3, 5220905.9], [629216.4750000001, 5220905.850000001], [629216.4, 5220905.7], [629216.525, 5220905.75], [629216.675, 5220905.95], [629216.6000000001, 5220906.25], [629216.7250000001, 5220906.425], [629216.5, 5220906.525], [629216.4750000001, 5220906.7], [629216.125, 5220907.2], [629216.15, 5220907.4], [629215.9750000001, 5220907.825], [629215.9750000001, 5220908.125], [629215.7250000001, 5220908.425], [629215.7000000001, 5220908.775], [629215.55, 5220908.775], [629215.425, 5220909.375], [629215.0, 5220910.2], [629214.925, 5220910.7], [629214.675, 5220910.9], [629214.7250000001, 5220911.175], [629214.4, 5220911.45], [629214.175, 5220911.875], [629213.9500000001, 5220912.0]]]}}, {"type": "Feature", "properties": {"vineyard_id": "V02", "tile": "siret3_r006_c004.tif", "area_m2": 0.937}, "geometry": {"type": "Polygon", "coordinates": [[[629219.7250000001, 5220898.2], [629219.625, 5220898.100000001], [629219.875, 5220897.8], [629219.8500000001, 5220897.575], [629219.9750000001, 5220897.350000001], [629220.1000000001, 5220897.275], [629220.025, 5220897.100000001], [629220.25, 5220896.875], [629220.425, 5220896.825], [629220.375, 5220896.55], [629220.5, 5220896.425], [629220.425, 5220896.15], [629220.6000000001, 5220896.05], [629220.6000000001, 5220895.825], [629220.7000000001, 5220895.625], [629221.0750000001, 5220895.575], [629221.15, 5220895.65], [629221.0750000001, 5220895.725000001], [629221.025, 5220896.075], [629220.8, 5220896.4], [629220.775, 5220896.8], [629220.5, 5220896.8], [629220.4750000001, 5220897.3], [629220.175, 5220897.375], [629220.2250000001, 5220897.600000001], [629220.0750000001, 5220897.975000001], [629219.7250000001, 5220898.2]]]}}, {"type": "Feature", "properties": {"vineyard_id": "V02", "tile": "siret3_r006_c004.tif", "area_m2": 1.103}, "geometry": {"type": "Polygon", "coordinates": [[[629218.5750000001, 5220901.025], [629218.425, 5220900.925], [629218.6000000001, 5220900.775], [629218.65, 5220900.425], [629218.8500000001, 5220900.3], [629218.875, 5220900.100000001], [629219.05, 5220899.9], [629219.0, 5220899.575], [629219.125, 5220899.4], [629219.15, 5220899.125], [629219.3, 5220899.075], [629219.3, 5220898.875], [629219.4750000001, 5220898.775], [629219.4500000001, 5220898.525], [629219.675, 5220898.325], [629220.0, 5220898.55], [629219.9750000001, 5220898.7], [629219.8, 5220899.025], [629219.7000000001, 5220898.95], [629219.4, 5220899.0], [629219.425, 5220899.125], [629219.675, 5220899.100000001], [629219.7000000001, 5220899.275], [629219.3, 5220899.8], [629219.3500000001, 5220900.05], [629219.175, 5220900.4], [629219.025, 5220900.525], [629219.025, 5220900.775], [629218.9, 5220900.925], [629218.5750000001, 5220901.025]]]}}, {"type": "Feature", "properties": {"vineyard_id": "V02", "tile": "siret3_r006_c004.tif", "area_m2": 0.202}, "geometry": {"type": "Polygon", "coordinates": [[[629221.125, 5220895.05], [629221.0750000001, 5220894.975000001], [629221.2250000001, 5220894.9], [629221.375, 5220894.475000001], [629221.375, 5220894.225000001], [629221.55, 5220894.15], [629221.7000000001, 5220894.5], [629221.5, 5220894.600000001], [629221.525, 5220894.875], [629221.125, 5220895.05]]]}}, {"type": "Feature", "properties": {"vineyard_id": "V02", "tile": "siret3_r006_c004.tif", "area_m2": 0.818}, "geometry": {"type": "Polygon", "coordinates": [[[629222.2250000001, 5220892.5], [629222.0750000001, 5220892.350000001], [629222.1000000001, 5220892.125], [629222.375, 5220891.875], [629222.4500000001, 5220891.5], [629222.675, 5220891.175], [629222.6000000001, 5220891.0], [629222.65, 5220890.8], [629223.175, 5220890.45], [629223.275, 5220890.775], [629223.15, 5220891.15], [629222.925, 5220891.475000001], [629222.875, 5220891.725000001], [629222.375, 5220892.175], [629222.375, 5220892.425], [629222.2250000001, 5220892.5]]]}}, {"type": "Feature", "properties": {"vineyard_id": "V02", "tile": "siret3_r006_c004.tif", "area_m2": 0.627}, "geometry": {"type": "Polygon", "coordinates": [[[629223.675, 5220889.55], [629223.625, 5220889.350000001], [629223.3500000001, 5220889.325], [629223.3250000001, 5220889.225000001], [629223.425, 5220889.125], [629223.4500000001, 5220888.925], [629223.5750000001, 5220888.825], [629223.6000000001, 5220888.55], [629223.9, 5220888.4], [629223.875, 5220888.025], [629224.15, 5220888.0], [629224.25, 5220888.175], [629224.2000000001, 5220888.375], [629224.0750000001, 5220888.45], [629224.15, 5220888.775], [629224.0, 5220889.125], [629223.7000000001, 5220889.3], [629223.775, 5220889.55], [629223.675, 5220889.55]]]}}, {"type": "Feature", "properties": {"vineyard_id": "V02", "tile": "siret3_r006_c004.tif", "area_m2": 0.491}, "geometry": {"type": "Polygon", "coordinates": [[[629224.3250000001, 5220887.9], [629224.0, 5220887.775], [629224.2000000001, 5220887.15], [629224.425, 5220886.975000001], [629224.55, 5220886.75], [629224.925, 5220886.600000001], [629224.9750000001, 5220886.8], [629224.775, 5220886.9], [629224.7000000001, 5220887.125], [629224.55, 5220887.25], [629224.5750000001, 5220887.45], [629224.4750000001, 5220887.725000001], [629224.3250000001, 5220887.9]]]}}, {"type": "Feature", "properties": {"vineyard_id": "V02", "tile": "siret3_r006_c004.tif", "area_m2": 0.477}, "geometry": {"type": "Polygon", "coordinates": [[[629224.9750000001, 5220885.9], [629224.8500000001, 5220885.725000001], [629225.1000000001, 5220885.600000001], [629225.0750000001, 5220885.2], [629225.375, 5220885.100000001], [629225.3250000001, 5220884.7], [629225.4, 5220884.575], [629225.625, 5220884.55], [629225.7250000001, 5220884.675], [629225.625, 5220884.9], [629225.625, 5220885.275], [629225.5, 5220885.325], [629225.3500000001, 5220885.75], [629225.175, 5220885.875], [629224.9750000001, 5220885.9]]]}}, {"type": "Feature", "properties": {"vineyard_id": "V02", "tile": "siret3_r006_c004.tif", "area_m2": 0.784}, "geometry": {"type": "Polygon", "coordinates": [[[629225.8500000001, 5220884.375], [629225.65, 5220884.3], [629225.675, 5220884.100000001], [629225.8250000001, 5220883.95], [629225.775, 5220883.425], [629225.8250000001, 5220883.325], [629226.0750000001, 5220883.25], [629225.9750000001, 5220882.9], [629226.0750000001, 5220882.675], [629226.2000000001, 5220882.65], [629226.175, 5220882.45], [629226.4750000001, 5220882.375], [629226.6000000001, 5220882.625], [629226.3500000001, 5220882.8], [629226.4500000001, 5220883.025], [629226.425, 5220883.175], [629226.3250000001, 5220883.225000001], [629226.3500000001, 5220883.5], [629226.125, 5220884.05], [629225.8500000001, 5220884.375]]]}}, {"type": "Feature", "properties": {"vineyard_id": "V02", "tile": "siret3_r006_c004.tif", "area_m2": 0.707}, "geometry": {"type": "Polygon", "coordinates": [[[629226.8, 5220881.8], [629226.65, 5220881.7], [629226.625, 5220881.55], [629226.9500000001, 5220881.4], [629227.0, 5220881.225000001], [629226.7000000001, 5220881.2], [629226.775, 5220881.0], [629227.3, 5220880.4], [629227.4, 5220880.2], [629227.375, 5220879.975000001], [629227.55, 5220879.975000001], [629227.7250000001, 5220880.275], [629227.675, 5220880.4], [629227.3500000001, 5220881.175], [629227.275, 5220881.2], [629227.2250000001, 5220881.100000001], [629227.025, 5220881.125], [629227.025, 5220881.225000001], [629227.175, 5220881.275], [629227.15, 5220881.575], [629226.8, 5220881.8]]]}}, {"type": "Feature", "properties": {"vineyard_id": "V02", "tile": "siret3_r006_c004.tif", "area_m2": 0.438}, "geometry": {"type": "Polygon", "coordinates": [[[629227.75, 5220879.4], [629227.65, 5220879.275], [629227.875, 5220879.075], [629227.875, 5220878.825], [629228.0, 5220878.725000001], [629227.9, 5220878.425], [629228.25, 5220878.100000001], [629228.4, 5220878.325], [629228.3500000001, 5220878.8], [629228.2250000001, 5220879.075], [629228.125, 5220879.175], [629227.9750000001, 5220879.175], [629227.925, 5220879.3], [629227.75, 5220879.4]]]}}, {"type": "Feature", "properties": {"vineyard_id": "V02", "tile": "siret3_r006_c004.tif", "area_m2": 0.661}, "geometry": {"type": "Polygon", "coordinates": [[[629228.4, 5220877.850000001], [629228.275, 5220877.775], [629228.2250000001, 5220877.575], [629228.4, 5220877.4], [629228.65, 5220877.325], [629228.6000000001, 5220877.15], [629228.75, 5220877.0], [629228.7000000001, 5220876.8], [629228.8, 5220876.5], [629229.05, 5220876.325], [629229.2250000001, 5220876.325], [629229.275, 5220876.600000001], [629228.925, 5220877.425], [629228.8, 5220877.45], [629228.775, 5220877.775], [629228.4, 5220877.850000001]]]}}, {"type": "Feature", "properties": {"vineyard_id": "V02", "tile": "siret3_r006_c004.tif", "area_m2": 0.231}, "geometry": {"type": "Polygon", "coordinates": [[[629229.3, 5220875.575], [629229.375, 5220875.3], [629229.3, 5220875.0], [629229.5, 5220874.725000001], [629229.65, 5220874.725000001], [629229.675, 5220875.3], [629229.55, 5220875.5], [629229.3, 5220875.575]]]}}, {"type": "Feature", "properties": {"vineyard_id": "V02", "tile": "siret3_r006_c004.tif", "area_m2": 0.707}, "geometry": {"type": "Polygon", "coordinates": [[[629230.8500000001, 5220871.825], [629230.7000000001, 5220871.675], [629230.8500000001, 5220871.325], [629231.175, 5220870.95], [629231.2250000001, 5220870.425], [629231.3250000001, 5220870.4], [629231.3500000001, 5220870.2], [629231.4750000001, 5220870.05], [629231.4750000001, 5220869.850000001], [629231.625, 5220869.75], [629231.7250000001, 5220869.775], [629231.775, 5220869.95], [629231.625, 5220870.025], [629231.675, 5220870.675], [629231.5, 5220870.825], [629231.425, 5220871.15], [629231.15, 5220871.5], [629231.025, 5220871.825], [629230.8500000001, 5220871.825]]]}}, {"type": "Feature", "properties": {"vineyard_id": "V02", "tile": "siret3_r006_c004.tif", "area_m2": 0.544}, "geometry": {"type": "Polygon", "coordinates": [[[629232.9, 5220867.025], [629232.675, 5220867.05], [629232.7000000001, 5220866.925], [629232.9, 5220866.45], [629233.025, 5220866.375], [629233.05, 5220866.2], [629233.2000000001, 5220866.100000001], [629233.15, 5220865.850000001], [629233.3250000001, 5220865.45], [629233.525, 5220865.425], [629233.525, 5220865.225000001], [629233.7250000001, 5220864.825], [629233.875, 5220865.225000001], [629233.775, 5220865.25], [629233.675, 5220865.7], [629233.5, 5220865.775], [629233.3500000001, 5220866.100000001], [629233.25, 5220866.125], [629233.275, 5220866.275], [629233.4750000001, 5220866.2], [629233.5, 5220866.3], [629233.3250000001, 5220866.350000001], [629233.0750000001, 5220866.600000001], [629232.8500000001, 5220866.625], [629232.9, 5220867.025]]]}}, {"type": "Feature", "properties": {"vineyard_id": "V02", "tile": "siret3_r006_c004.tif", "area_m2": 0.307}, "geometry": {"type": "Polygon", "coordinates": [[[629209.9, 5220915.2], [629209.8, 5220915.025], [629209.8500000001, 5220914.850000001], [629210.0, 5220914.775], [629210.2250000001, 5220914.425], [629210.425, 5220914.350000001], [629210.4750000001, 5220914.7], [629210.275, 5220914.875], [629210.25, 5220915.2], [629209.9, 5220915.2]]]}}, {"type": "Feature", "properties": {"vineyard_id": "V02", "tile": "siret3_r006_c004.tif", "area_m2": 0.325}, "geometry": {"type": "Polygon", "coordinates": [[[629210.375, 5220913.875], [629210.25, 5220913.75], [629210.4, 5220913.475000001], [629210.9750000001, 5220912.95], [629211.0750000001, 5220913.175], [629211.05, 5220913.350000001], [629210.9, 5220913.425], [629210.6000000001, 5220913.825], [629210.375, 5220913.875]]]}}, {"type": "Feature", "properties": {"vineyard_id": "V02", "tile": "siret3_r006_c004.tif", "area_m2": 0.747}, "geometry": {"type": "Polygon", "coordinates": [[[629210.8250000001, 5220912.775], [629210.8, 5220912.625], [629210.9750000001, 5220912.45], [629211.0, 5220912.15], [629211.175, 5220911.975000001], [629211.2250000001, 5220911.775], [629211.375, 5220911.675], [629211.3500000001, 5220911.5], [629211.4500000001, 5220911.425], [629211.375, 5220911.25], [629211.4, 5220911.025], [629211.5, 5220910.925], [629211.5750000001, 5220910.575], [629211.8500000001, 5220910.275], [629211.9750000001, 5220910.275], [629212.05, 5220910.375], [629211.9750000001, 5220910.55], [629211.6000000001, 5220910.850000001], [629211.6000000001, 5220911.025], [629211.75, 5220911.25], [629211.6000000001, 5220911.475000001], [629211.675, 5220911.850000001], [629211.425, 5220911.95], [629211.425, 5220912.2], [629211.25, 5220912.600000001], [629211.0, 5220912.775], [629210.8250000001, 5220912.775]]]}}, {"type": "Feature", "properties": {"vineyard_id": "V02", "tile": "siret3_r006_c004.tif", "area_m2": 0.373}, "geometry": {"type": "Polygon", "coordinates": [[[629213.2250000001, 5220907.7], [629213.025, 5220907.3], [629213.0750000001, 5220907.0], [629213.3, 5220906.75], [629213.625, 5220906.65], [629213.5750000001, 5220907.125], [629213.425, 5220907.350000001], [629213.425, 5220907.55], [629213.2250000001, 5220907.7]]]}}, {"type": "Feature", "properties": {"vineyard_id": "V02", "tile": "siret3_r006_c004.tif", "area_m2": 0.888}, "geometry": {"type": "Polygon", "coordinates": [[[629213.525, 5220906.45], [629213.425, 5220906.3], [629213.525, 5220906.05], [629213.9, 5220905.775], [629213.8500000001, 5220905.25], [629214.2000000001, 5220904.850000001], [629214.1000000001, 5220904.575], [629214.3250000001, 5220904.5], [629214.25, 5220904.325], [629214.3, 5220904.225000001], [629214.6000000001, 5220904.125], [629214.675, 5220904.45], [629214.5750000001, 5220904.600000001], [629214.6000000001, 5220904.850000001], [629214.4750000001, 5220905.175], [629214.3250000001, 5220905.325], [629214.3, 5220905.625], [629214.0750000001, 5220905.725000001], [629214.025, 5220905.975000001], [629213.675, 5220906.4], [629213.525, 5220906.45]]]}}, {"type": "Feature", "properties": {"vineyard_id": "V02", "tile": "siret3_r006_c004.tif", "area_m2": 1.046}, "geometry": {"type": "Polygon", "coordinates": [[[629215.3500000001, 5220902.325], [629215.2250000001, 5220901.95], [629215.6000000001, 5220901.4], [629215.5750000001, 5220901.225000001], [629216.0, 5220900.850000001], [629216.0, 5220900.525], [629216.0750000001, 5220900.475000001], [629216.0, 5220900.275], [629216.05, 5220900.05], [629216.25, 5220899.775], [629216.55, 5220899.675], [629216.65, 5220899.875], [629216.425, 5220900.100000001], [629216.5, 5220900.375], [629216.175, 5220901.125], [629216.0, 5220901.2], [629215.875, 5220901.375], [629215.875, 5220901.5], [629215.9750000001, 5220901.525], [629215.9750000001, 5220901.600000001], [629215.75, 5220901.875], [629215.65, 5220902.2], [629215.3500000001, 5220902.325]]]}}, {"type": "Feature", "properties": {"vineyard_id": "V02", "tile": "siret3_r006_c004.tif", "area_m2": 0.718}, "geometry": {"type": "Polygon", "coordinates": [[[629216.6000000001, 5220899.2], [629216.6000000001, 5220899.025], [629216.4500000001, 5220898.975000001], [629216.625, 5220898.675], [629216.875, 5220898.525], [629216.875, 5220898.375], [629216.75, 5220898.25], [629216.925, 5220897.850000001], [629217.125, 5220897.625], [629217.425, 5220897.625], [629217.55, 5220897.875], [629217.4500000001, 5220898.100000001], [629217.3250000001, 5220898.15], [629217.3250000001, 5220898.375], [629217.05, 5220898.625], [629216.875, 5220899.175], [629216.6000000001, 5220899.2]]]}}, {"type": "Feature", "properties": {"vineyard_id": "V02", "tile": "siret3_r006_c004.tif", "area_m2": 0.846}, "geometry": {"type": "Polygon", "coordinates": [[[629217.8, 5220897.25], [629217.75, 5220897.100000001], [629217.375, 5220897.075], [629217.4750000001, 5220896.975000001], [629217.4750000001, 5220896.850000001], [629217.375, 5220896.75], [629217.5750000001, 5220896.55], [629217.675, 5220896.275], [629217.925, 5220896.125], [629217.8, 5220895.825], [629217.9500000001, 5220895.75], [629218.15, 5220895.475000001], [629218.1000000001, 5220895.225000001], [629218.375, 5220894.9], [629218.5, 5220895.0], [629218.4750000001, 5220895.325], [629218.55, 5220895.5], [629218.375, 5220895.9], [629218.2250000001, 5220895.975000001], [629218.175, 5220896.225000001], [629217.9500000001, 5220896.3], [629217.875, 5220896.725000001], [629217.925, 5220896.975000001], [629217.8, 5220897.25]]]}}, {"type": "Feature", "properties": {"vineyard_id": "V02", "tile": "siret3_r006_c004.tif", "area_m2": 0.388}, "geometry": {"type": "Polygon", "coordinates": [[[629219.0750000001, 5220893.775], [629218.9500000001, 5220893.575], [629218.775, 5220893.5], [629218.925, 5220893.075], [629219.25, 5220893.075], [629219.4, 5220892.925], [629219.525, 5220892.95], [629219.5750000001, 5220893.05], [629219.3, 5220893.7], [629219.0750000001, 5220893.775]]]}}, {"type": "Feature", "properties": {"vineyard_id": "V02", "tile": "siret3_r006_c004.tif", "area_m2": 0.322}, "geometry": {"type": "Polygon", "coordinates": [[[629219.625, 5220892.100000001], [629219.5, 5220892.025], [629219.6000000001, 5220891.850000001], [629219.6000000001, 5220891.45], [629220.025, 5220891.15], [629220.2000000001, 5220891.15], [629220.25, 5220891.3], [629220.1000000001, 5220891.4], [629219.9750000001, 5220891.75], [629219.625, 5220892.100000001]]]}}, {"type": "Feature", "properties": {"vineyard_id": "V02", "tile": "siret3_r006_c004.tif", "area_m2": 0.647}, "geometry": {"type": "Polygon", "coordinates": [[[629220.9750000001, 5220888.600000001], [629220.9, 5220888.5], [629220.925, 5220888.325], [629221.125, 5220888.25], [629221.3500000001, 5220888.025], [629221.275, 5220887.600000001], [629221.5, 5220887.425], [629221.4750000001, 5220887.125], [629221.6000000001, 5220887.05], [629221.875, 5220887.100000001], [629221.9750000001, 5220887.325], [629221.8250000001, 5220887.5], [629221.5, 5220888.45], [629220.9750000001, 5220888.600000001]]]}}, {"type": "Feature", "properties": {"vineyard_id": "V02", "tile": "siret3_r006_c004.tif", "area_m2": 2.449}, "geometry": {"type": "Polygon", "coordinates": [[[629221.925, 5220886.8], [629221.775, 5220886.425], [629221.8500000001, 5220886.15], [629222.0, 5220886.05], [629222.05, 5220885.725000001], [629222.175, 5220885.55], [629222.4, 5220885.5], [629222.275, 5220885.075], [629222.6000000001, 5220884.925], [629222.55, 5220884.5], [629222.65, 5220884.4], [629222.65, 5220884.2], [629223.15, 5220883.600000001], [629223.0750000001, 5220883.350000001], [629223.175, 5220883.25], [629223.2000000001, 5220882.95], [629223.4, 5220882.875], [629223.55, 5220882.675], [629223.4500000001, 5220882.350000001], [629223.775, 5220882.075], [629223.8, 5220881.825], [629223.7250000001, 5220881.625], [629224.0, 5220881.5], [629224.125, 5220881.15], [629224.275, 5220881.025], [629224.2000000001, 5220880.850000001], [629224.25, 5220880.7], [629224.5750000001, 5220880.475000001], [629224.675, 5220880.575], [629224.675, 5220880.7], [629224.55, 5220881.2], [629224.4, 5220881.225000001], [629224.25, 5220881.525], [629224.025, 5220881.725000001], [629224.05, 5220881.850000001], [629224.275, 5220881.825], [629224.2250000001, 5220881.975000001], [629224.15, 5220882.15], [629224.025, 5220882.175], [629223.875, 5220882.675], [629223.675, 5220882.850000001], [629223.625, 5220883.2], [629223.3500000001, 5220883.225000001], [629223.425, 5220883.4], [629223.6000000001, 5220883.45], [629223.275, 5220884.05], [629223.0, 5220884.225000001], [629222.9750000001, 5220884.575], [629222.775, 5220884.75], [629222.8, 5220885.3], [629222.7250000001, 5220885.525], [629222.55, 5220885.7], [629222.5750000001, 5220885.9], [629222.4500000001, 5220886.2], [629222.275, 5220886.3], [629222.025, 5220886.75], [629221.925, 5220886.8]]]}}, {"type": "Feature", "properties": {"vineyard_id": "V02", "tile": "siret3_r006_c004.tif", "area_m2": 0.454}, "geometry": {"type": "Polygon", "coordinates": [[[629224.5750000001, 5220880.100000001], [629224.4500000001, 5220879.9], [629224.55, 5220879.65], [629224.775, 5220879.625], [629224.8, 5220879.175], [629225.025, 5220879.100000001], [629225.025, 5220878.7], [629225.25, 5220878.575], [629225.3250000001, 5220878.65], [629225.3, 5220878.975000001], [629225.275, 5220879.05], [629225.05, 5220879.125], [629225.1000000001, 5220879.325], [629224.9750000001, 5220879.8], [629224.75, 5220880.100000001], [629224.5750000001, 5220880.100000001]]]}}, {"type": "Feature", "properties": {"vineyard_id": "V02", "tile": "siret3_r006_c004.tif", "area_m2": 0.194}, "geometry": {"type": "Polygon", "coordinates": [[[629226.175, 5220876.5], [629225.925, 5220876.375], [629226.175, 5220875.850000001], [629226.3500000001, 5220875.825], [629226.425, 5220876.175], [629226.175, 5220876.5]]]}}, {"type": "Feature", "properties": {"vineyard_id": "V02", "tile": "siret3_r006_c004.tif", "area_m2": 0.3}, "geometry": {"type": "Polygon", "coordinates": [[[629226.65, 5220876.025], [629226.55, 5220875.675], [629226.275, 5220875.55], [629226.4750000001, 5220875.275], [629226.4750000001, 5220875.100000001], [629226.75, 5220875.025], [629226.875, 5220875.15], [629226.875, 5220875.5], [629226.675, 5220875.7], [629226.75, 5220875.95], [629226.65, 5220876.025]]]}}, {"type": "Feature", "properties": {"vineyard_id": "V02", "tile": "siret3_r006_c004.tif", "area_m2": 0.38}, "geometry": {"type": "Polygon", "coordinates": [[[629228.6000000001, 5220870.75], [629228.55, 5220870.675], [629228.675, 5220870.45], [629228.625, 5220870.0], [629228.8, 5220869.775], [629229.05, 5220869.75], [629229.175, 5220869.925], [629229.1000000001, 5220870.350000001], [629228.9750000001, 5220870.425], [629228.9, 5220870.625], [629228.6000000001, 5220870.75]]]}}, {"type": "Feature", "properties": {"vineyard_id": "V02", "tile": "siret3_r006_c004.tif", "area_m2": 1.266}, "geometry": {"type": "Polygon", "coordinates": [[[629227.4, 5220873.5], [629227.25, 5220873.225000001], [629227.5750000001, 5220872.65], [629227.6000000001, 5220872.4], [629227.75, 5220872.025], [629227.8250000001, 5220872.0], [629227.8250000001, 5220871.850000001], [629228.0, 5220871.7], [629227.9500000001, 5220871.55], [629228.05, 5220871.325], [629228.3, 5220871.275], [629228.275, 5220871.025], [629228.525, 5220870.725000001], [629228.6000000001, 5220870.775], [629228.6000000001, 5220871.4], [629228.425, 5220871.475000001], [629228.375, 5220871.775], [629228.4750000001, 5220871.825], [629228.4500000001, 5220871.9], [629228.3500000001, 5220872.100000001], [629228.2000000001, 5220872.125], [629228.2000000001, 5220872.25], [629228.0750000001, 5220872.4], [629228.1000000001, 5220872.725000001], [629227.925, 5220873.15], [629227.8, 5220873.175], [629227.55, 5220873.475000001], [629227.4, 5220873.5]]]}}, {"type": "Feature", "properties": {"vineyard_id": "V02", "tile": "siret3_r006_c004.tif", "area_m2": 0.228}, "geometry": {"type": "Polygon", "coordinates": [[[629229.9750000001, 5220867.5], [629229.9, 5220867.075], [629230.275, 5220866.65], [629230.4, 5220866.75], [629230.275, 5220867.275], [629229.9750000001, 5220867.5]]]}}, {"type": "Feature", "properties": {"vineyard_id": "V02", "tile": "siret3_r006_c004.tif", "area_m2": 0.466}, "geometry": {"type": "Polygon", "coordinates": [[[629229.375, 5220869.25], [629229.15, 5220868.850000001], [629229.3250000001, 5220868.725000001], [629229.3250000001, 5220868.350000001], [629229.4, 5220868.225000001], [629229.7000000001, 5220868.175], [629229.75, 5220867.925], [629229.65, 5220867.7], [629229.9750000001, 5220867.525], [629230.0, 5220867.8], [629229.8500000001, 5220867.975000001], [629229.9, 5220868.125], [629229.7250000001, 5220868.4], [629229.75, 5220868.65], [629229.4750000001, 5220868.775], [629229.525, 5220869.05], [629229.375, 5220869.25]]]}}, {"type": "Feature", "properties": {"vineyard_id": "V02", "tile": "siret3_r006_c004.tif", "area_m2": 0.345}, "geometry": {"type": "Polygon", "coordinates": [[[629230.7250000001, 5220865.95], [629230.625, 5220865.9], [629230.7250000001, 5220865.350000001], [629230.8, 5220865.2], [629230.9500000001, 5220865.125], [629230.9750000001, 5220865.0], [629231.125, 5220864.95], [629231.25, 5220865.225000001], [629231.0, 5220865.8], [629230.7250000001, 5220865.95]]]}}, {"type": "Feature", "properties": {"vineyard_id": "V02", "tile": "siret3_r006_c004.tif", "area_m2": 1.313}, "geometry": {"type": "Polygon", "coordinates": [[[629207.425, 5220913.425], [629207.5750000001, 5220913.075], [629207.775, 5220913.0], [629207.775, 5220912.600000001], [629207.8500000001, 5220912.425], [629208.125, 5220912.275], [629208.125, 5220912.025], [629208.05, 5220911.95], [629208.3, 5220911.5], [629208.3250000001, 5220911.3], [629208.525, 5220911.275], [629208.625, 5220910.95], [629208.8, 5220910.875], [629208.675, 5220910.575], [629208.7000000001, 5220910.425], [629208.875, 5220910.325], [629209.375, 5220910.25], [629209.175, 5220910.8], [629208.8250000001, 5220910.850000001], [629208.875, 5220911.05], [629209.0750000001, 5220911.025], [629208.925, 5220911.350000001], [629208.625, 5220911.55], [629208.65, 5220911.8], [629208.525, 5220912.175], [629208.25, 5220912.425], [629208.3, 5220912.675], [629208.175, 5220912.825], [629208.175, 5220913.100000001], [629207.875, 5220913.15], [629207.8250000001, 5220913.25], [629207.6000000001, 5220913.25], [629207.425, 5220913.425]]]}}, {"type": "Feature", "properties": {"vineyard_id": "V02", "tile": "siret3_r006_c004.tif", "area_m2": 0.346}, "geometry": {"type": "Polygon", "coordinates": [[[629209.5750000001, 5220908.55], [629209.525, 5220908.475000001], [629209.625, 5220908.225000001], [629210.175, 5220907.675], [629210.275, 5220907.675], [629210.375, 5220907.8], [629210.375, 5220907.975000001], [629209.9750000001, 5220908.45], [629209.75, 5220908.425], [629209.5750000001, 5220908.55]]]}}, {"type": "Feature", "properties": {"vineyard_id": "V02", "tile": "siret3_r006_c004.tif", "area_m2": 1.868}, "geometry": {"type": "Polygon", "coordinates": [[[629211.3, 5220905.15], [629211.2250000001, 5220905.075], [629211.2250000001, 5220904.8], [629211.3, 5220904.425], [629211.4750000001, 5220904.275], [629211.4750000001, 5220904.100000001], [629211.4, 5220904.05], [629211.625, 5220903.575], [629211.875, 5220903.4], [629211.875, 5220903.3], [629211.75, 5220903.225000001], [629211.875, 5220902.925], [629212.0, 5220902.850000001], [629212.0, 5220902.7], [629212.2000000001, 5220902.525], [629212.2000000001, 5220902.15], [629212.4, 5220901.975000001], [629212.4, 5220901.725000001], [629212.775, 5220901.425], [629212.7250000001, 5220901.25], [629212.8, 5220901.025], [629213.0750000001, 5220901.025], [629213.25, 5220901.2], [629213.15, 5220901.425], [629212.8250000001, 5220901.75], [629212.775, 5220902.325], [629212.4750000001, 5220902.875], [629212.425, 5220903.15], [629211.9, 5220903.975000001], [629211.8250000001, 5220904.375], [629211.7000000001, 5220904.600000001], [629211.3, 5220905.15]]]}}, {"type": "Feature", "properties": {"vineyard_id": "V02", "tile": "siret3_r006_c004.tif", "area_m2": 0.666}, "geometry": {"type": "Polygon", "coordinates": [[[629210.2250000001, 5220907.325], [629210.15, 5220907.225000001], [629210.2000000001, 5220907.100000001], [629210.5750000001, 5220906.65], [629210.55, 5220906.275], [629210.675, 5220906.05], [629210.8500000001, 5220905.925], [629210.8250000001, 5220905.725000001], [629211.05, 5220905.575], [629211.275, 5220905.15], [629211.425, 5220905.5], [629211.175, 5220906.100000001], [629210.9, 5220906.2], [629210.7250000001, 5220906.850000001], [629210.3250000001, 5220907.3], [629210.2250000001, 5220907.325]]]}}, {"type": "Feature", "properties": {"vineyard_id": "V02", "tile": "siret3_r006_c004.tif", "area_m2": 0.205}, "geometry": {"type": "Polygon", "coordinates": [[[629213.4500000001, 5220900.65], [629213.05, 5220900.525], [629212.9750000001, 5220900.325], [629213.1000000001, 5220900.125], [629213.3250000001, 5220900.15], [629213.5750000001, 5220900.4], [629213.4500000001, 5220900.65]]]}}, {"type": "Feature", "properties": {"vineyard_id": "V02", "tile": "siret3_r006_c004.tif", "area_m2": 0.996}, "geometry": {"type": "Polygon", "coordinates": [[[629213.3500000001, 5220900.0], [629213.3, 5220899.775], [629213.425, 5220899.45], [629213.65, 5220899.25], [629213.625, 5220898.850000001], [629213.7000000001, 5220898.625], [629213.9, 5220898.475000001], [629213.9, 5220898.25], [629214.175, 5220897.925], [629214.375, 5220897.825], [629214.675, 5220897.850000001], [629214.425, 5220898.425], [629214.2000000001, 5220898.575], [629213.9750000001, 5220899.075], [629214.0, 5220899.425], [629213.9, 5220899.675], [629213.5750000001, 5220899.975000001], [629213.3500000001, 5220900.0]]]}}, {"type": "Feature", "properties": {"vineyard_id": "V02", "tile": "siret3_r006_c004.tif", "area_m2": 0.223}, "geometry": {"type": "Polygon", "coordinates": [[[629214.4500000001, 5220897.65], [629214.625, 5220897.3], [629214.6000000001, 5220896.850000001], [629214.9500000001, 5220896.850000001], [629214.8250000001, 5220897.0], [629214.8250000001, 5220897.100000001], [629214.9500000001, 5220897.2], [629214.75, 5220897.65], [629214.4500000001, 5220897.65]]]}}, {"type": "Feature", "properties": {"vineyard_id": "V02", "tile": "siret3_r006_c004.tif", "area_m2": 1.099}, "geometry": {"type": "Polygon", "coordinates": [[[629215.3, 5220896.225000001], [629215.2000000001, 5220896.100000001], [629214.9500000001, 5220896.125], [629214.8, 5220896.025], [629214.875, 5220895.875], [629215.125, 5220895.8], [629215.025, 5220895.625], [629215.25, 5220895.175], [629215.3, 5220894.850000001], [629215.5750000001, 5220894.600000001], [629215.5, 5220894.375], [629215.65, 5220894.05], [629216.05, 5220893.95], [629216.2000000001, 5220894.025], [629216.175, 5220894.25], [629216.1000000001, 5220894.375], [629215.925, 5220894.45], [629215.9750000001, 5220894.7], [629215.675, 5220894.95], [629215.7250000001, 5220895.375], [629215.5, 5220895.9], [629215.375, 5220895.975000001], [629215.375, 5220896.2], [629215.3, 5220896.225000001]]]}}, {"type": "Feature", "properties": {"vineyard_id": "V02", "tile": "siret3_r006_c004.tif", "area_m2": 0.827}, "geometry": {"type": "Polygon", "coordinates": [[[629216.125, 5220893.5], [629216.025, 5220893.4], [629216.15, 5220893.275], [629216.15, 5220893.075], [629216.375, 5220892.8], [629216.4, 5220892.575], [629216.6000000001, 5220892.425], [629216.5750000001, 5220892.175], [629216.65, 5220891.95], [629216.875, 5220891.725000001], [629216.875, 5220891.575], [629217.125, 5220891.475000001], [629216.9750000001, 5220891.125], [629217.05, 5220891.025], [629217.275, 5220890.975000001], [629217.175, 5220890.725000001], [629217.3500000001, 5220890.65], [629217.55, 5220891.075], [629217.4750000001, 5220891.225000001], [629217.3, 5220891.25], [629217.15, 5220891.4], [629217.15, 5220891.5], [629217.3250000001, 5220891.600000001], [629216.925, 5220891.75], [629216.9750000001, 5220892.0], [629216.7250000001, 5220892.325], [629216.775, 5220892.9], [629216.7000000001, 5220893.075], [629216.4500000001, 5220893.225000001], [629216.275, 5220893.475000001], [629216.125, 5220893.5]]]}}, {"type": "Feature", "properties": {"vineyard_id": "V02", "tile": "siret3_r006_c004.tif", "area_m2": 0.486}, "geometry": {"type": "Polygon", "coordinates": [[[629220.125, 5220884.475000001], [629219.875, 5220884.175], [629220.125, 5220883.95], [629220.175, 5220883.575], [629220.3, 5220883.475000001], [629220.3, 5220883.325], [629220.525, 5220883.175], [629220.625, 5220883.225000001], [629220.625, 5220883.775], [629220.375, 5220884.275], [629220.125, 5220884.475000001]]]}}, {"type": "Feature", "properties": {"vineyard_id": "V02", "tile": "siret3_r006_c004.tif", "area_m2": 0.573}, "geometry": {"type": "Polygon", "coordinates": [[[629219.275, 5220886.025], [629219.2000000001, 5220885.825], [629219.3250000001, 5220885.7], [629219.3, 5220885.55], [629219.625, 5220885.15], [629219.675, 5220884.675], [629220.1000000001, 5220884.575], [629220.125, 5220884.5], [629220.2000000001, 5220884.775], [629220.025, 5220884.850000001], [629220.025, 5220884.95], [629220.125, 5220885.0], [629219.9, 5220885.525], [629219.7000000001, 5220885.7], [629219.525, 5220885.725000001], [629219.275, 5220886.025]]]}}, {"type": "Feature", "properties": {"vineyard_id": "V02", "tile": "siret3_r006_c004.tif", "area_m2": 0.346}, "geometry": {"type": "Polygon", "coordinates": [[[629220.7250000001, 5220882.850000001], [629220.65, 5220882.775], [629220.7000000001, 5220882.425], [629220.9, 5220882.325], [629220.875, 5220882.0], [629221.15, 5220881.675], [629221.275, 5220881.850000001], [629221.275, 5220882.0], [629221.2000000001, 5220882.05], [629221.1000000001, 5220882.55], [629220.9, 5220882.8], [629220.7250000001, 5220882.850000001]]]}}, {"type": "Feature", "properties": {"vineyard_id": "V02", "tile": "siret3_r006_c004.tif", "area_m2": 0.377}, "geometry": {"type": "Polygon", "coordinates": [[[629221.3250000001, 5220881.225000001], [629221.2000000001, 5220881.15], [629221.175, 5220881.025], [629221.2250000001, 5220880.9], [629221.3250000001, 5220880.875], [629221.425, 5220880.425], [629221.4750000001, 5220880.350000001], [629221.8250000001, 5220880.325], [629221.9, 5220880.4], [629221.75, 5220880.9], [629221.5750000001, 5220881.05], [629221.5750000001, 5220881.175], [629221.3250000001, 5220881.225000001]]]}}, {"type": "Feature", "properties": {"vineyard_id": "V02", "tile": "siret3_r006_c004.tif", "area_m2": 0.548}, "geometry": {"type": "Polygon", "coordinates": [[[629223.55, 5220876.600000001], [629223.4, 5220876.275], [629223.5750000001, 5220876.05], [629223.6000000001, 5220875.850000001], [629223.775, 5220875.8], [629223.75, 5220875.350000001], [629223.875, 5220875.0], [629224.0, 5220874.95], [629224.025, 5220874.850000001], [629224.15, 5220874.875], [629224.275, 5220875.225000001], [629223.9750000001, 5220875.725000001], [629223.9750000001, 5220875.925], [629223.8250000001, 5220876.100000001], [629223.75, 5220876.45], [629223.55, 5220876.600000001]]]}}, {"type": "Feature", "properties": {"vineyard_id": "V02", "tile": "siret3_r006_c004.tif", "area_m2": 0.223}, "geometry": {"type": "Polygon", "coordinates": [[[629223.125, 5220877.375], [629223.05, 5220877.3], [629223.05, 5220877.05], [629223.2000000001, 5220876.825], [629223.55, 5220876.625], [629223.65, 5220876.675], [629223.5, 5220877.05], [629223.4, 5220877.05], [629223.275, 5220877.3], [629223.125, 5220877.375]]]}}, {"type": "Feature", "properties": {"vineyard_id": "V02", "tile": "siret3_r006_c004.tif", "area_m2": 0.815}, "geometry": {"type": "Polygon", "coordinates": [[[629224.1000000001, 5220874.55], [629224.05, 5220874.325], [629224.425, 5220874.05], [629224.425, 5220873.75], [629224.3500000001, 5220873.625], [629224.4, 5220873.45], [629224.8, 5220873.175], [629224.775, 5220872.525], [629224.8500000001, 5220872.4], [629224.9750000001, 5220872.425], [629225.025, 5220872.8], [629225.2000000001, 5220873.05], [629225.0750000001, 5220873.15], [629225.05, 5220873.4], [629224.8250000001, 5220873.75], [629224.675, 5220874.275], [629224.4500000001, 5220874.5], [629224.1000000001, 5220874.55]]]}}, {"type": "Feature", "properties": {"vineyard_id": "V02", "tile": "siret3_r006_c004.tif", "area_m2": 0.483}, "geometry": {"type": "Polygon", "coordinates": [[[629226.525, 5220869.100000001], [629226.375, 5220868.95], [629226.675, 5220868.7], [629226.5750000001, 5220868.45], [629226.675, 5220868.275], [629226.6000000001, 5220868.225000001], [629226.8250000001, 5220868.15], [629226.8250000001, 5220867.975000001], [629227.0, 5220867.850000001], [629227.0, 5220867.725000001], [629227.175, 5220867.675], [629227.25, 5220868.125], [629227.0750000001, 5220868.25], [629227.0, 5220868.625], [629226.8250000001, 5220868.75], [629226.8, 5220869.05], [629226.525, 5220869.100000001]]]}}, {"type": "Feature", "properties": {"vineyard_id": "V02", "tile": "siret3_r006_c004.tif", "area_m2": 0.747}, "geometry": {"type": "Polygon", "coordinates": [[[629227.875, 5220865.9], [629227.875, 5220865.325], [629228.2000000001, 5220865.125], [629228.2000000001, 5220865.0], [629228.0750000001, 5220864.925], [629228.1000000001, 5220864.7], [629228.275, 5220864.65], [629228.4750000001, 5220864.4], [629228.5750000001, 5220864.025], [629228.9750000001, 5220864.025], [629228.925, 5220864.275], [629228.7250000001, 5220864.525], [629228.7000000001, 5220864.675], [629228.4750000001, 5220864.825], [629228.5750000001, 5220865.05], [629228.4750000001, 5220865.325], [629228.025, 5220865.875], [629227.875, 5220865.9]]]}}, {"type": "Feature", "properties": {"vineyard_id": "V02", "tile": "siret3_r006_c004.tif", "area_m2": 7.914}, "geometry": {"type": "Polygon", "coordinates": [[[629207.4750000001, 5220908.350000001], [629207.4, 5220908.125], [629207.1000000001, 5220908.175], [629207.025, 5220907.95], [629207.15, 5220907.65], [629207.3500000001, 5220907.5], [629207.275, 5220907.350000001], [629208.4500000001, 5220904.575], [629208.5750000001, 5220904.525], [629208.55, 5220904.350000001], [629208.7250000001, 5220904.325], [629208.675, 5220904.05], [629208.875, 5220903.575], [629209.175, 5220903.25], [629209.3, 5220902.575], [629209.9500000001, 5220901.175], [629210.05, 5220900.8], [629210.1000000001, 5220900.75], [629210.275, 5220900.850000001], [629210.375, 5220900.775], [629210.375, 5220900.675], [629210.275, 5220900.65], [629210.2250000001, 5220900.525], [629210.275, 5220900.275], [629210.375, 5220900.05], [629210.5, 5220899.975000001], [629210.4750000001, 5220899.8], [629210.75, 5220899.2], [629211.05, 5220899.100000001], [629211.05, 5220898.975000001], [629210.875, 5220898.9], [629210.9, 5220898.8], [629211.75, 5220896.8], [629212.0, 5220896.75], [629212.0, 5220896.525], [629212.125, 5220896.275], [629212.0, 5220896.25], [629211.9750000001, 5220896.325], [629211.9500000001, 5220896.325], [629212.2000000001, 5220895.725000001], [629212.4500000001, 5220895.600000001], [629212.4500000001, 5220895.5], [629212.3250000001, 5220895.45], [629212.55, 5220894.9], [629212.625, 5220894.9], [629212.7250000001, 5220895.025], [629212.625, 5220895.125], [629212.675, 5220895.275], [629212.9750000001, 5220895.175], [629213.0750000001, 5220895.175], [629213.05, 5220895.25], [629212.9, 5220895.425], [629212.875, 5220895.65], [629211.8, 5220898.2], [629211.675, 5220898.275], [629211.675, 5220898.5], [629207.925, 5220907.350000001], [629207.875, 5220907.425], [629207.7250000001, 5220907.4], [629207.675, 5220907.675], [629207.775, 5220907.7], [629207.4750000001, 5220908.350000001]]]}}, {"type": "Feature", "properties": {"vineyard_id": "V02", "tile": "siret3_r006_c004.tif", "area_m2": 3.883}, "geometry": {"type": "Polygon", "coordinates": [[[629203.9500000001, 5220915.2], [629204.5750000001, 5220913.725000001], [629204.775, 5220913.5], [629204.75, 5220913.325], [629204.925, 5220912.9], [629205.15, 5220912.65], [629205.2250000001, 5220912.2], [629206.875, 5220908.3], [629207.0750000001, 5220908.275], [629207.125, 5220908.375], [629207.25, 5220908.4], [629207.4500000001, 5220908.350000001], [629207.3, 5220908.8], [629207.3250000001, 5220908.55], [629207.2250000001, 5220908.45], [629207.0750000001, 5220908.475000001], [629207.05, 5220908.65], [629207.2000000001, 5220908.825], [629207.2250000001, 5220909.0], [629206.525, 5220910.65], [629206.3500000001, 5220910.725000001], [629206.4, 5220910.95], [629205.9750000001, 5220911.95], [629205.9, 5220912.075], [629205.75, 5220912.075], [629205.7000000001, 5220912.15], [629205.8, 5220912.350000001], [629205.425, 5220913.25], [629205.175, 5220913.25], [629205.15, 5220913.45], [629205.3250000001, 5220913.475000001], [629205.275, 5220913.600000001], [629205.125, 5220913.625], [629204.8, 5220913.975000001], [629204.875, 5220914.25], [629204.7250000001, 5220914.4], [629204.675, 5220914.65], [629204.8, 5220914.675], [629204.8250000001, 5220914.65], [629204.8250000001, 5220914.600000001], [629204.8500000001, 5220914.575], [629204.8500000001, 5220914.600000001], [629204.775, 5220914.775], [629204.7000000001, 5220914.7], [629204.55, 5220914.775], [629204.525, 5220915.100000001], [629204.625, 5220915.125], [629204.6000000001, 5220915.2], [629203.9500000001, 5220915.2]]]}}, {"type": "Feature", "properties": {"vineyard_id": "V02", "tile": "siret3_r006_c004.tif", "area_m2": 1.154}, "geometry": {"type": "Polygon", "coordinates": [[[629213.1000000001, 5220895.125], [629213.0750000001, 5220894.9], [629212.9500000001, 5220894.8], [629212.7000000001, 5220894.8], [629212.675, 5220894.625], [629213.3250000001, 5220893.075], [629213.4, 5220892.925], [629213.4750000001, 5220892.925], [629213.5750000001, 5220893.025], [629213.775, 5220893.0], [629213.9500000001, 5220893.125], [629213.4, 5220894.425], [629213.275, 5220894.575], [629213.1000000001, 5220895.125]]]}}, {"type": "Feature", "properties": {"vineyard_id": "V02", "tile": "siret3_r006_c004.tif", "area_m2": 2.45}, "geometry": {"type": "Polygon", "coordinates": [[[629223.125, 5220871.475000001], [629222.9500000001, 5220871.4], [629222.9500000001, 5220871.100000001], [629222.8, 5220870.95], [629222.9, 5220870.725000001], [629222.9, 5220870.475000001], [629223.275, 5220870.3], [629223.175, 5220869.825], [629223.3250000001, 5220869.475000001], [629223.625, 5220869.225000001], [629223.625, 5220869.075], [629223.775, 5220868.825], [629223.675, 5220868.65], [629223.775, 5220868.600000001], [629223.875, 5220868.2], [629224.0, 5220868.2], [629224.025, 5220868.075], [629224.2000000001, 5220867.925], [629224.15, 5220867.525], [629224.275, 5220867.25], [629224.5, 5220867.225000001], [629224.5, 5220867.075], [629224.4, 5220866.95], [629224.5750000001, 5220866.525], [629224.7000000001, 5220866.525], [629224.7000000001, 5220866.725000001], [629224.875, 5220866.8], [629225.0, 5220867.05], [629224.675, 5220867.8], [629224.4, 5220867.850000001], [629224.425, 5220867.975000001], [629224.6000000001, 5220867.975000001], [629224.5750000001, 5220868.05], [629223.125, 5220871.475000001]]]}}, {"type": "Feature", "properties": {"vineyard_id": "V02", "tile": "siret3_r006_c004.tif", "area_m2": 7.379}, "geometry": {"type": "Polygon", "coordinates": [[[629217.4500000001, 5220884.8], [629217.4500000001, 5220884.600000001], [629216.925, 5220884.575], [629218.1000000001, 5220881.825], [629218.375, 5220881.725000001], [629218.3250000001, 5220881.275], [629218.675, 5220880.525], [629218.8250000001, 5220880.425], [629218.75, 5220880.275], [629218.9500000001, 5220879.975000001], [629219.0750000001, 5220879.525], [629219.2000000001, 5220879.425], [629219.25, 5220879.100000001], [629219.625, 5220878.350000001], [629220.275, 5220876.675], [629220.4750000001, 5220876.575], [629220.4750000001, 5220876.2], [629221.3, 5220874.4], [629221.5, 5220873.775], [629221.7000000001, 5220873.625], [629221.65, 5220873.425], [629221.9, 5220873.175], [629221.875, 5220872.9], [629221.9500000001, 5220872.725000001], [629222.1000000001, 5220872.7], [629222.2000000001, 5220872.525], [629222.2000000001, 5220872.125], [629222.425, 5220871.600000001], [629222.5, 5220871.475000001], [629222.875, 5220871.575], [629222.9500000001, 5220871.425], [629223.05, 5220871.45], [629223.1000000001, 5220871.525], [629223.025, 5220871.7], [629222.925, 5220871.725000001], [629222.9, 5220872.0], [629222.5, 5220872.95], [629222.375, 5220872.975000001], [629222.425, 5220873.125], [629222.3500000001, 5220873.275], [629222.175, 5220873.375], [629222.2000000001, 5220873.65], [629221.175, 5220876.075], [629221.025, 5220876.2], [629221.05, 5220876.350000001], [629220.9, 5220876.725000001], [629220.6000000001, 5220876.675], [629220.55, 5220876.75], [629220.55, 5220876.9], [629220.775, 5220877.0], [629219.5750000001, 5220879.850000001], [629219.4500000001, 5220879.95], [629219.375, 5220880.325], [629219.3250000001, 5220880.425], [629219.3500000001, 5220880.175], [629219.2000000001, 5220880.15], [629218.9750000001, 5220880.75], [629218.7250000001, 5220880.850000001], [629218.75, 5220881.100000001], [629218.875, 5220881.125], [629219.05, 5220881.025], [629219.025, 5220881.15], [629218.8, 5220881.15], [629218.65, 5220881.3], [629218.675, 5220881.45], [629218.8500000001, 5220881.55], [629218.8250000001, 5220881.625], [629218.65, 5220881.95], [629218.525, 5220881.9], [629218.375, 5220882.05], [629218.375, 5220882.15], [629218.55, 5220882.275], [629218.3250000001, 5220882.8], [629218.2000000001, 5220882.825], [629218.2000000001, 5220883.100000001], [629217.4500000001, 5220884.8]]]}}, {"type": "Feature", "properties": {"vineyard_id": "V02", "tile": "siret3_r006_c004.tif", "area_m2": 0.388}, "geometry": {"type": "Polygon", "coordinates": [[[629217.025, 5220885.725000001], [629217.0, 5220885.475000001], [629216.55, 5220885.475000001], [629216.925, 5220884.600000001], [629217.0750000001, 5220884.75], [629217.0750000001, 5220885.075], [629217.25, 5220885.075], [629217.3250000001, 5220884.875], [629217.4500000001, 5220884.825], [629217.025, 5220885.725000001]]]}}, {"type": "Feature", "properties": {"vineyard_id": "V02", "tile": "siret3_r006_c004.tif", "area_m2": 4.26}, "geometry": {"type": "Polygon", "coordinates": [[[629213.5, 5220892.825], [629213.525, 5220892.600000001], [629214.775, 5220889.65], [629215.1000000001, 5220889.425], [629215.1000000001, 5220889.325], [629214.9500000001, 5220889.275], [629214.9750000001, 5220889.175], [629216.1000000001, 5220886.525], [629216.2250000001, 5220886.375], [629216.425, 5220885.775], [629217.0750000001, 5220885.75], [629215.9750000001, 5220888.350000001], [629215.8, 5220888.45], [629215.8500000001, 5220888.625], [629215.75, 5220888.875], [629215.5750000001, 5220888.975000001], [629215.625, 5220889.175], [629215.55, 5220889.350000001], [629215.3500000001, 5220889.45], [629215.3500000001, 5220889.600000001], [629215.425, 5220889.65], [629215.2000000001, 5220890.175], [629215.025, 5220890.175], [629215.0750000001, 5220890.475000001], [629215.025, 5220890.55], [629214.775, 5220890.575], [629214.775, 5220890.675], [629214.925, 5220890.725000001], [629214.925, 5220890.825], [629214.7250000001, 5220891.3], [629214.625, 5220891.325], [629214.65, 5220891.475000001], [629214.125, 5220892.7], [629214.0, 5220892.600000001], [629213.75, 5220892.600000001], [629213.65, 5220892.8], [629213.5, 5220892.825]]]}}, {"type": "Feature", "properties": {"vineyard_id": "V02", "tile": "siret3_r006_c004.tif", "area_m2": 1.277}, "geometry": {"type": "Polygon", "coordinates": [[[629225.025, 5220866.600000001], [629224.9, 5220866.525], [629224.8250000001, 5220866.175], [629224.925, 5220866.05], [629225.15, 5220866.025], [629225.2250000001, 5220865.850000001], [629224.925, 5220865.7], [629225.05, 5220865.425], [629225.275, 5220865.425], [629225.425, 5220865.100000001], [629225.5750000001, 5220865.025], [629225.5750000001, 5220864.925], [629225.3250000001, 5220864.75], [629225.625, 5220864.025], [629226.275, 5220864.025], [629225.2000000001, 5220866.575], [629225.025, 5220866.600000001]]]}}, {"type": "Feature", "properties": {"vineyard_id": "V02", "tile": "siret3_r006_c004.tif", "area_m2": 31.451}, "geometry": {"type": "Polygon", "coordinates": [[[629201.3250000001, 5220915.2], [629201.8250000001, 5220914.0], [629201.9500000001, 5220913.925], [629201.9500000001, 5220913.7], [629202.2250000001, 5220913.05], [629202.425, 5220913.025], [629202.5, 5220912.925], [629202.5, 5220912.525], [629202.65, 5220912.4], [629202.65, 5220912.25], [629202.5750000001, 5220912.225000001], [629202.75, 5220911.8], [629203.125, 5220911.350000001], [629203.05, 5220911.15], [629203.3250000001, 5220910.45], [629203.425, 5220910.325], [629203.6000000001, 5220910.275], [629203.6000000001, 5220910.125], [629203.4750000001, 5220910.100000001], [629203.5, 5220910.025], [629203.7000000001, 5220909.575], [629203.9750000001, 5220909.325], [629203.9, 5220909.075], [629204.0750000001, 5220908.8], [629204.15, 5220908.475000001], [629204.3500000001, 5220908.425], [629204.3500000001, 5220908.325], [629204.2250000001, 5220908.3], [629204.55, 5220907.525], [629204.7000000001, 5220907.45], [629204.65, 5220907.3], [629205.05, 5220906.350000001], [629205.2000000001, 5220906.25], [629205.175, 5220906.05], [629205.5, 5220905.275], [629205.625, 5220905.125], [629205.8250000001, 5220905.075], [629205.8, 5220904.95], [629205.65, 5220904.95], [629205.7000000001, 5220904.8], [629205.925, 5220904.275], [629206.0750000001, 5220904.225000001], [629206.175, 5220904.075], [629206.2250000001, 5220903.55], [629206.9750000001, 5220901.775], [629207.2000000001, 5220901.600000001], [629207.125, 5220901.45], [629207.175, 5220901.3], [629207.65, 5220900.175], [629207.8, 5220900.075], [629207.775, 5220899.875], [629212.125, 5220889.55], [629212.175, 5220889.475000001], [629212.375, 5220889.5], [629212.4750000001, 5220889.4], [629212.425, 5220889.225000001], [629212.3, 5220889.175], [629212.3250000001, 5220889.075], [629214.0750000001, 5220884.925], [629214.125, 5220884.825], [629214.25, 5220884.8], [629214.2250000001, 5220884.575], [629214.55, 5220883.8], [629214.675, 5220883.775], [629214.65, 5220883.575], [629214.925, 5220883.5], [629214.925, 5220883.4], [629214.775, 5220883.325], [629214.875, 5220883.025], [629218.1000000001, 5220875.375], [629218.3250000001, 5220875.375], [629218.2250000001, 5220875.075], [629220.3, 5220870.15], [629220.4, 5220870.05], [629220.675, 5220870.05], [629220.7000000001, 5220869.775], [629220.525, 5220869.625], [629220.675, 5220869.275], [629220.875, 5220869.100000001], [629220.875, 5220868.8], [629221.65, 5220866.95], [629221.9500000001, 5220866.475000001], [629221.925, 5220866.3], [629222.05, 5220866.0], [629222.4, 5220865.7], [629222.4, 5220865.55], [629222.275, 5220865.5], [629222.3250000001, 5220865.350000001], [629222.65, 5220865.2], [629222.6000000001, 5220865.05], [629222.4500000001, 5220865.05], [629222.775, 5220864.825], [629222.775, 5220864.725000001], [629222.625, 5220864.65], [629222.875, 5220864.025], [629223.525, 5220864.025], [629219.8, 5220872.875], [629219.75, 5220872.975000001], [629219.75, 5220872.775], [629219.625, 5220872.75], [629219.425, 5220872.975000001], [629219.425, 5220873.175], [629219.65, 5220873.225000001], [629217.65, 5220877.975000001], [629217.55, 5220878.075], [629217.4500000001, 5220878.45], [629217.3250000001, 5220878.600000001], [629217.25, 5220878.925], [629217.1000000001, 5220878.925], [629217.025, 5220879.100000001], [629216.8250000001, 5220879.2], [629216.8500000001, 5220879.325], [629217.1000000001, 5220879.275], [629217.0, 5220879.525], [629216.8250000001, 5220879.525], [629216.875, 5220879.675], [629216.7000000001, 5220879.850000001], [629216.775, 5220880.05], [629215.9500000001, 5220881.875], [629215.525, 5220883.025], [629215.3250000001, 5220883.25], [629214.9750000001, 5220883.375], [629215.0, 5220883.5], [629215.3250000001, 5220883.5], [629215.1000000001, 5220883.9], [629214.05, 5220886.525], [629213.9, 5220886.725000001], [629213.775, 5220887.175], [629213.6000000001, 5220887.375], [629213.625, 5220887.525], [629212.9750000001, 5220889.075], [629212.75, 5220889.2], [629212.75, 5220889.3], [629212.8500000001, 5220889.350000001], [629212.775, 5220889.55], [629209.875, 5220896.425], [629209.75, 5220896.525], [629209.75, 5220896.725000001], [629202.25, 5220914.525], [629202.0750000001, 5220914.925], [629201.9, 5220915.025], [629201.9750000001, 5220915.2], [629201.3250000001, 5220915.2]]]}}, {"type": "Feature", "properties": {"vineyard_id": "V02", "tile": "siret3_r006_c004.tif", "area_m2": 17.804}, "geometry": {"type": "Polygon", "coordinates": [[[629198.525, 5220915.2], [629198.75, 5220914.625], [629198.8500000001, 5220914.600000001], [629198.9750000001, 5220914.4], [629198.9750000001, 5220914.100000001], [629199.2250000001, 5220913.5], [629199.65, 5220912.925], [629199.55, 5220912.75], [629199.5750000001, 5220912.675], [629199.7250000001, 5220912.65], [629199.65, 5220912.5], [629199.7000000001, 5220912.375], [629200.025, 5220912.175], [629200.15, 5220912.0], [629200.1000000001, 5220911.625], [629200.4, 5220911.25], [629200.3250000001, 5220910.9], [629200.4750000001, 5220910.775], [629200.4750000001, 5220910.625], [629200.675, 5220910.575], [629200.775, 5220910.25], [629200.7250000001, 5220910.0], [629201.025, 5220909.65], [629201.0, 5220909.3], [629201.25, 5220908.925], [629201.2250000001, 5220908.8], [629201.4, 5220908.825], [629201.5, 5220908.600000001], [629201.65, 5220908.525], [629201.65, 5220908.425], [629201.4750000001, 5220908.275], [629201.625, 5220908.0], [629201.65, 5220907.75], [629201.9, 5220907.175], [629202.0, 5220907.100000001], [629202.0, 5220906.925], [629202.6000000001, 5220905.5], [629202.875, 5220905.3], [629202.875, 5220905.100000001], [629202.8, 5220905.025], [629203.025, 5220904.5], [629203.2000000001, 5220904.425], [629203.3500000001, 5220904.025], [629203.3500000001, 5220903.725000001], [629203.6000000001, 5220903.625], [629203.6000000001, 5220903.5], [629203.4750000001, 5220903.45], [629203.55, 5220903.25], [629203.9750000001, 5220902.875], [629203.9500000001, 5220902.75], [629203.75, 5220902.775], [629207.05, 5220894.95], [629207.3, 5220894.65], [629207.275, 5220894.425], [629207.4500000001, 5220894.15], [629207.4750000001, 5220893.95], [629208.4750000001, 5220891.575], [629208.525, 5220891.475000001], [629208.8, 5220891.4], [629208.8250000001, 5220891.025], [629208.7250000001, 5220891.0], [629208.75, 5220890.925], [629211.1000000001, 5220885.350000001], [629211.375, 5220885.0], [629211.8500000001, 5220884.675], [629212.0, 5220884.75], [629211.9500000001, 5220884.875], [629211.8500000001, 5220884.975000001], [629209.8500000001, 5220889.850000001], [629209.5750000001, 5220890.025], [629209.5750000001, 5220890.5], [629209.2250000001, 5220891.325], [629209.0750000001, 5220891.375], [629209.125, 5220891.55], [629208.9500000001, 5220891.975000001], [629208.8, 5220892.0], [629208.7000000001, 5220892.2], [629208.7250000001, 5220892.5], [629208.175, 5220893.825], [629208.15, 5220893.875], [629208.125, 5220893.8], [629208.0, 5220893.8], [629207.925, 5220893.9], [629207.925, 5220894.075], [629208.05, 5220894.100000001], [629207.9750000001, 5220894.3], [629207.8500000001, 5220894.325], [629207.7250000001, 5220894.600000001], [629207.7000000001, 5220894.95], [629206.8250000001, 5220897.025], [629206.75, 5220897.05], [629206.625, 5220897.5], [629203.7000000001, 5220904.3], [629203.5750000001, 5220904.725000001], [629203.4750000001, 5220904.825], [629203.4500000001, 5220905.025], [629201.675, 5220909.225000001], [629201.4500000001, 5220909.4], [629201.525, 5220909.575], [629201.2250000001, 5220910.275], [629201.1000000001, 5220910.375], [629201.0, 5220910.825], [629200.0750000001, 5220913.025], [629200.0, 5220913.125], [629199.8250000001, 5220913.15], [629199.8250000001, 5220913.25], [629199.9500000001, 5220913.3], [629199.625, 5220913.925], [629199.6000000001, 5220914.15], [629199.3, 5220914.75], [629199.175, 5220915.2], [629198.525, 5220915.2]]]}}, {"type": "Feature", "properties": {"vineyard_id": "V02", "tile": "siret3_r006_c004.tif", "area_m2": 4.218}, "geometry": {"type": "Polygon", "coordinates": [[[629212.4500000001, 5220882.375], [629212.375, 5220882.350000001], [629212.4500000001, 5220882.15], [629215.175, 5220875.825], [629215.425, 5220875.100000001], [629215.675, 5220874.975000001], [629215.625, 5220874.825], [629215.7250000001, 5220874.775], [629215.75, 5220874.45], [629215.9, 5220874.25], [629215.9, 5220873.975000001], [629216.125, 5220873.75], [629216.3, 5220873.725000001], [629216.55, 5220873.975000001], [629216.3250000001, 5220874.5], [629216.2000000001, 5220874.5], [629216.1000000001, 5220874.65], [629216.025, 5220875.175], [629215.8500000001, 5220875.2], [629215.875, 5220875.475000001], [629215.5750000001, 5220875.725000001], [629215.5750000001, 5220875.825], [629215.7250000001, 5220875.925], [629215.55, 5220876.275], [629215.3, 5220876.275], [629215.175, 5220876.75], [629214.9750000001, 5220876.775], [629214.9750000001, 5220876.925], [629215.0750000001, 5220877.05], [629214.675, 5220877.55], [629214.7250000001, 5220877.8], [629214.5750000001, 5220878.125], [629214.5750000001, 5220878.25], [629214.7250000001, 5220878.3], [629214.65, 5220878.475000001], [629214.4750000001, 5220878.475000001], [629214.425, 5220878.8], [629214.5, 5220878.825], [629214.2250000001, 5220879.475000001], [629214.0750000001, 5220879.575], [629214.05, 5220879.75], [629213.875, 5220879.825], [629213.875, 5220879.975000001], [629213.9750000001, 5220880.025], [629213.9, 5220880.25], [629213.775, 5220880.275], [629213.7000000001, 5220880.5], [629213.4500000001, 5220880.5], [629213.525, 5220880.675], [629213.7000000001, 5220880.725000001], [629213.65, 5220880.825], [629213.4750000001, 5220880.825], [629213.5750000001, 5220881.025], [629213.375, 5220881.325], [629213.1000000001, 5220882.15], [629212.9500000001, 5220882.125], [629212.8250000001, 5220882.225000001], [629212.55, 5220882.25], [629212.4500000001, 5220882.375]]]}}, {"type": "Feature", "properties": {"vineyard_id": "V02", "tile": "siret3_r006_c004.tif", "area_m2": 0.818}, "geometry": {"type": "Polygon", "coordinates": [[[629211.525, 5220884.65], [629211.425, 5220884.625], [629211.4500000001, 5220884.525], [629212.3250000001, 5220882.45], [629212.425, 5220882.375], [629212.375, 5220882.65], [629212.5, 5220882.725000001], [629212.8500000001, 5220882.725000001], [629212.8250000001, 5220882.8], [629212.7000000001, 5220883.075], [629212.4750000001, 5220882.925], [629212.3500000001, 5220882.95], [629212.4500000001, 5220883.350000001], [629212.375, 5220883.600000001], [629212.3, 5220883.600000001], [629212.175, 5220883.8], [629211.9750000001, 5220883.775], [629211.9, 5220884.05], [629211.925, 5220884.475000001], [629211.525, 5220884.65]]]}}, {"type": "Feature", "properties": {"vineyard_id": "V02", "tile": "siret3_r006_c004.tif", "area_m2": 4.812}, "geometry": {"type": "Polygon", "coordinates": [[[629216.65, 5220873.725000001], [629216.425, 5220873.5], [629216.4500000001, 5220873.225000001], [629216.3, 5220873.025], [629216.4, 5220872.925], [629216.4500000001, 5220873.025], [629216.5750000001, 5220873.0], [629216.8250000001, 5220872.100000001], [629217.1000000001, 5220871.600000001], [629217.0750000001, 5220871.475000001], [629216.9500000001, 5220871.5], [629216.9750000001, 5220871.425], [629217.2000000001, 5220871.275], [629217.2000000001, 5220871.125], [629217.525, 5220870.75], [629217.6000000001, 5220870.225000001], [629217.7000000001, 5220870.15], [629218.05, 5220869.350000001], [629218.0750000001, 5220869.025], [629218.25, 5220868.850000001], [629218.2250000001, 5220868.600000001], [629218.4, 5220868.4], [629218.525, 5220867.850000001], [629218.7000000001, 5220867.775], [629218.8, 5220867.625], [629218.8250000001, 5220867.325], [629218.925, 5220867.25], [629218.9, 5220866.925], [629219.375, 5220866.15], [629219.425, 5220865.8], [629219.5750000001, 5220865.600000001], [629219.625, 5220865.15], [629220.1000000001, 5220864.175], [629220.1000000001, 5220864.025], [629220.65, 5220864.025], [629220.5750000001, 5220864.125], [629220.6000000001, 5220864.375], [629220.125, 5220865.5], [629219.9750000001, 5220865.65], [629219.8500000001, 5220866.15], [629219.7000000001, 5220866.3], [629219.7000000001, 5220866.5], [629218.9750000001, 5220868.225000001], [629218.8, 5220868.375], [629218.775, 5220868.7], [629216.65, 5220873.725000001]]]}}, {"type": "Feature", "properties": {"vineyard_id": "V02", "tile": "siret3_r006_c004.tif", "area_m2": 5.324}, "geometry": {"type": "Polygon", "coordinates": [[[629209.3250000001, 5220884.350000001], [629209.025, 5220884.3], [629208.9750000001, 5220884.175], [629209.175, 5220883.725000001], [629209.7250000001, 5220883.075], [629209.7250000001, 5220882.725000001], [629210.05, 5220882.45], [629210.15, 5220881.875], [629209.9750000001, 5220881.825], [629210.025, 5220881.7], [629210.15, 5220881.675], [629210.175, 5220881.350000001], [629210.6000000001, 5220880.5], [629210.6000000001, 5220880.350000001], [629210.775, 5220880.25], [629210.75, 5220880.025], [629210.8500000001, 5220879.9], [629211.025, 5220879.850000001], [629211.0750000001, 5220879.575], [629211.175, 5220879.525], [629211.15, 5220879.4], [629211.025, 5220879.4], [629211.05, 5220879.3], [629211.15, 5220879.2], [629211.4750000001, 5220879.225000001], [629211.375, 5220879.025], [629211.4, 5220878.850000001], [629211.6000000001, 5220878.425], [629211.8, 5220878.3], [629211.9, 5220877.5], [629212.025, 5220877.350000001], [629212.125, 5220877.0], [629212.2250000001, 5220876.925], [629212.175, 5220876.65], [629212.25, 5220876.475000001], [629212.6000000001, 5220876.275], [629212.7000000001, 5220876.0], [629212.7000000001, 5220875.9], [629212.5750000001, 5220875.8], [629212.625, 5220875.625], [629212.8500000001, 5220875.4], [629212.8, 5220875.2], [629213.05, 5220874.675], [629213.3, 5220874.425], [629213.3250000001, 5220873.95], [629213.625, 5220873.7], [629213.8250000001, 5220873.3], [629213.8500000001, 5220872.875], [629214.175, 5220872.95], [629214.3500000001, 5220872.95], [629214.4, 5220872.875], [629214.425, 5220872.875], [629214.2250000001, 5220873.350000001], [629214.0, 5220873.525], [629214.025, 5220873.825], [629213.8500000001, 5220874.225000001], [629213.675, 5220874.375], [629213.6000000001, 5220874.575], [629213.65, 5220874.7], [629213.3250000001, 5220875.475000001], [629213.125, 5220875.7], [629212.9, 5220875.775], [629213.0, 5220876.15], [629212.75, 5220876.825], [629212.3500000001, 5220877.7], [629212.2250000001, 5220877.825], [629212.175, 5220878.175], [629211.75, 5220879.175], [629211.525, 5220879.225000001], [629211.5, 5220879.725000001], [629211.025, 5220880.8], [629210.8500000001, 5220881.0], [629210.875, 5220881.2], [629210.75, 5220881.2], [629210.7250000001, 5220881.350000001], [629210.6000000001, 5220881.45], [629210.6000000001, 5220881.55], [629210.7250000001, 5220881.575], [629210.5750000001, 5220881.625], [629210.5, 5220882.075], [629210.25, 5220882.45], [629210.275, 5220882.625], [629210.1000000001, 5220883.05], [629209.9750000001, 5220883.3], [629209.5750000001, 5220883.600000001], [629209.5750000001, 5220883.75], [629209.7250000001, 5220883.925], [629209.6000000001, 5220884.225000001], [629209.55, 5220884.325], [629209.6000000001, 5220883.975000001], [629209.4500000001, 5220883.95], [629209.3250000001, 5220884.350000001]]]}}, {"type": "Feature", "properties": {"vineyard_id": "V02", "tile": "siret3_r006_c004.tif", "area_m2": 0.832}, "geometry": {"type": "Polygon", "coordinates": [[[629208.75, 5220886.025], [629208.75, 5220885.850000001], [629208.5750000001, 5220885.825], [629208.5, 5220885.7], [629208.3250000001, 5220885.7], [629208.8250000001, 5220884.525], [629208.925, 5220884.5], [629209.025, 5220884.325], [629209.025, 5220884.425], [629209.25, 5220884.525], [629209.375, 5220884.75], [629208.875, 5220885.925], [629208.75, 5220886.025]]]}}, {"type": "Feature", "properties": {"vineyard_id": "V02", "tile": "siret3_r006_c004.tif", "area_m2": 15.186}, "geometry": {"type": "Polygon", "coordinates": [[[629196.8, 5220913.9], [629196.8, 5220912.675], [629196.875, 5220912.65], [629198.025, 5220909.9], [629198.125, 5220909.875], [629198.3500000001, 5220909.55], [629198.25, 5220909.375], [629198.375, 5220909.275], [629198.375, 5220909.075], [629199.1000000001, 5220907.375], [629199.25, 5220907.2], [629199.2250000001, 5220907.075], [629201.2250000001, 5220902.375], [629201.425, 5220902.45], [629201.4500000001, 5220902.225000001], [629201.5750000001, 5220902.225000001], [629201.7250000001, 5220902.0], [629201.7000000001, 5220901.825], [629201.8500000001, 5220901.475000001], [629201.65, 5220901.45], [629201.625, 5220901.575], [629201.6000000001, 5220901.5], [629203.175, 5220897.8], [629203.3250000001, 5220897.725000001], [629203.3, 5220897.5], [629203.4, 5220897.425], [629203.4500000001, 5220897.15], [629204.675, 5220894.275], [629204.9750000001, 5220894.0], [629204.9750000001, 5220893.825], [629205.175, 5220893.55], [629205.1000000001, 5220893.275], [629205.4750000001, 5220892.4], [629205.675, 5220892.325], [629205.625, 5220892.15], [629205.7250000001, 5220892.125], [629205.7250000001, 5220892.025], [629205.65, 5220892.0], [629205.9750000001, 5220891.375], [629206.025, 5220891.100000001], [629206.15, 5220891.025], [629206.3500000001, 5220890.5], [629206.65, 5220890.4], [629206.4750000001, 5220890.05], [629206.875, 5220889.100000001], [629207.05, 5220888.925], [629207.1000000001, 5220888.575], [629207.3, 5220888.4], [629207.25, 5220888.225000001], [629207.525, 5220887.575], [629207.75, 5220887.375], [629207.7250000001, 5220887.15], [629208.1000000001, 5220886.225000001], [629208.55, 5220886.15], [629208.675, 5220886.025], [629208.8, 5220886.05], [629208.65, 5220886.425], [629208.4750000001, 5220886.325], [629208.375, 5220886.65], [629208.1000000001, 5220886.725000001], [629208.1000000001, 5220886.875], [629208.375, 5220887.0], [629208.375, 5220887.100000001], [629208.25, 5220887.2], [629208.025, 5220887.2], [629208.175, 5220887.575], [629208.025, 5220887.825], [629208.05, 5220887.575], [629207.875, 5220887.575], [629207.8250000001, 5220887.875], [629207.65, 5220888.100000001], [629207.7000000001, 5220888.275], [629207.525, 5220888.45], [629207.4750000001, 5220888.675], [629207.3250000001, 5220888.850000001], [629207.3, 5220889.15], [629207.425, 5220889.175], [629207.525, 5220889.100000001], [629207.4500000001, 5220889.225000001], [629207.3250000001, 5220889.2], [629207.275, 5220889.275], [629207.2250000001, 5220889.600000001], [629207.3, 5220889.625], [629206.9750000001, 5220890.375], [629206.775, 5220890.475000001], [629206.7250000001, 5220890.8], [629206.625, 5220890.9], [629206.6000000001, 5220891.275], [629206.4750000001, 5220891.4], [629206.3250000001, 5220891.9], [629206.175, 5220892.025], [629206.125, 5220892.375], [629206.0, 5220892.425], [629206.025, 5220892.625], [629203.7250000001, 5220898.025], [629203.5750000001, 5220898.15], [629203.6000000001, 5220898.325], [629203.4500000001, 5220898.675], [629203.125, 5220898.775], [629203.125, 5220898.9], [629203.275, 5220899.075], [629203.1000000001, 5220899.5], [629202.9750000001, 5220899.45], [629202.7250000001, 5220899.600000001], [629202.7250000001, 5220899.8], [629202.925, 5220899.825], [629202.875, 5220900.025], [629202.675, 5220900.375], [629202.275, 5220900.575], [629202.3250000001, 5220900.725000001], [629202.5, 5220900.75], [629202.5, 5220900.9], [629202.3250000001, 5220901.05], [629202.375, 5220901.2], [629201.8, 5220902.55], [629201.675, 5220902.625], [629201.6000000001, 5220903.025], [629200.2000000001, 5220906.3], [629200.15, 5220906.4], [629199.9750000001, 5220906.4], [629199.9500000001, 5220906.9], [629199.675, 5220907.100000001], [629199.7250000001, 5220907.425], [629199.1000000001, 5220908.9], [629198.8, 5220909.075], [629198.8, 5220909.2], [629198.9500000001, 5220909.25], [629198.875, 5220909.275], [629198.775, 5220909.625], [629198.6000000001, 5220909.600000001], [629198.55, 5220909.675], [629198.5750000001, 5220909.8], [629198.7250000001, 5220909.775], [629198.375, 5220910.600000001], [629198.175, 5220910.875], [629198.1000000001, 5220911.225000001], [629197.9500000001, 5220911.175], [629197.875, 5220911.275], [629197.925, 5220911.65], [629197.8500000001, 5220911.775], [629197.375, 5220912.05], [629197.3500000001, 5220912.25], [629197.5750000001, 5220912.475000001], [629197.425, 5220912.775], [629197.0750000001, 5220913.075], [629197.0750000001, 5220913.425], [629196.925, 5220913.675], [629196.925, 5220913.850000001], [629196.8, 5220913.9]]]}}, {"type": "Feature", "properties": {"vineyard_id": "V02", "tile": "siret3_r006_c004.tif", "area_m2": 2.577}, "geometry": {"type": "Polygon", "coordinates": [[[629214.3500000001, 5220872.775], [629214.2000000001, 5220872.65], [629214.025, 5220872.65], [629213.9500000001, 5220872.475000001], [629214.175, 5220872.4], [629214.3, 5220872.2], [629214.3, 5220872.05], [629214.175, 5220871.95], [629214.275, 5220871.725000001], [629214.375, 5220871.725000001], [629214.5, 5220871.55], [629214.55, 5220871.075], [629214.8250000001, 5220870.425], [629214.925, 5220870.425], [629214.9500000001, 5220870.325], [629215.2000000001, 5220870.3], [629215.1000000001, 5220869.775], [629215.5, 5220869.375], [629215.4500000001, 5220869.25], [629215.75, 5220869.025], [629215.5750000001, 5220868.675], [629215.75, 5220868.25], [629215.8250000001, 5220868.225000001], [629215.9, 5220867.9], [629216.0750000001, 5220867.7], [629216.3, 5220867.775], [629216.4750000001, 5220867.725000001], [629216.4750000001, 5220867.175], [629216.5750000001, 5220867.175], [629216.7250000001, 5220867.275], [629216.75, 5220867.4], [629216.625, 5220867.5], [629216.6000000001, 5220867.725000001], [629216.4, 5220868.0], [629216.425, 5220868.175], [629216.0750000001, 5220869.0], [629215.9750000001, 5220869.025], [629215.9750000001, 5220869.15], [629215.8, 5220869.15], [629215.775, 5220869.25], [629215.675, 5220869.275], [629215.775, 5220869.7], [629215.375, 5220869.775], [629215.5, 5220870.0], [629215.425, 5220870.05], [629215.4750000001, 5220870.4], [629215.0, 5220871.525], [629214.875, 5220871.575], [629214.9, 5220871.75], [629214.525, 5220872.65], [629214.3500000001, 5220872.775]]]}}, {"type": "Feature", "properties": {"vineyard_id": "V02", "tile": "siret3_r006_c004.tif", "area_m2": 0.764}, "geometry": {"type": "Polygon", "coordinates": [[[629216.8250000001, 5220866.4], [629216.7000000001, 5220866.15], [629216.775, 5220866.025], [629216.925, 5220865.975000001], [629216.9500000001, 5220865.45], [629217.175, 5220864.925], [629217.3, 5220864.875], [629217.3, 5220864.625], [629217.525, 5220864.025], [629217.8250000001, 5220864.025], [629217.875, 5220864.15], [629217.675, 5220864.8], [629217.5750000001, 5220864.9], [629217.375, 5220864.9], [629217.4500000001, 5220865.100000001], [629217.4, 5220865.475000001], [629217.2000000001, 5220865.675], [629217.2000000001, 5220865.925], [629216.9500000001, 5220866.0], [629216.9500000001, 5220866.225000001], [629216.8250000001, 5220866.4]]]}}, {"type": "Feature", "properties": {"vineyard_id": "V02", "tile": "siret3_r006_c004.tif", "area_m2": 0.585}, "geometry": {"type": "Polygon", "coordinates": [[[629198.4750000001, 5220902.925], [629198.425, 5220902.75], [629198.5750000001, 5220902.525], [629198.6000000001, 5220902.225000001], [629198.8, 5220902.0], [629199.2250000001, 5220901.075], [629199.425, 5220900.875], [629199.525, 5220900.975000001], [629199.525, 5220901.125], [629199.3500000001, 5220901.575], [629199.25, 5220901.625], [629199.15, 5220901.975000001], [629198.8250000001, 5220902.425], [629198.7250000001, 5220902.825], [629198.5, 5220902.825], [629198.4750000001, 5220902.925]]]}}, {"type": "Feature", "properties": {"vineyard_id": "V02", "tile": "siret3_r006_c004.tif", "area_m2": 0.877}, "geometry": {"type": "Polygon", "coordinates": [[[629197.275, 5220905.475000001], [629197.125, 5220905.275], [629197.55, 5220904.275], [629197.7000000001, 5220904.100000001], [629197.775, 5220903.75], [629197.9500000001, 5220903.575], [629198.025, 5220903.65], [629198.175, 5220903.625], [629198.2250000001, 5220903.375], [629198.4750000001, 5220902.95], [629198.525, 5220903.45], [629198.275, 5220903.65], [629198.3, 5220904.0], [629197.875, 5220904.350000001], [629197.8500000001, 5220904.625], [629197.6000000001, 5220904.95], [629197.4750000001, 5220905.375], [629197.275, 5220905.475000001]]]}}, {"type": "Feature", "properties": {"vineyard_id": "V02", "tile": "siret3_r006_c004.tif", "area_m2": 0.799}, "geometry": {"type": "Polygon", "coordinates": [[[629199.9750000001, 5220898.95], [629199.875, 5220898.825], [629200.0, 5220898.7], [629200.05, 5220898.4], [629200.2000000001, 5220898.05], [629200.3, 5220898.0], [629200.3, 5220897.825], [629200.4750000001, 5220897.625], [629200.4750000001, 5220897.4], [629200.65, 5220897.125], [629200.775, 5220897.325], [629200.675, 5220897.475000001], [629200.675, 5220897.7], [629200.875, 5220897.825], [629200.9, 5220897.925], [629200.5750000001, 5220898.675], [629200.2250000001, 5220898.9], [629199.9750000001, 5220898.95]]]}}, {"type": "Feature", "properties": {"vineyard_id": "V02", "tile": "siret3_r006_c004.tif", "area_m2": 0.825}, "geometry": {"type": "Polygon", "coordinates": [[[629201.05, 5220896.7], [629200.8, 5220896.7], [629200.8250000001, 5220896.575], [629201.625, 5220894.7], [629201.7250000001, 5220894.825], [629201.875, 5220894.825], [629202.15, 5220894.375], [629202.175, 5220894.05], [629202.275, 5220893.925], [629202.4, 5220893.925], [629202.4750000001, 5220894.15], [629202.275, 5220894.575], [629202.15, 5220894.775], [629201.925, 5220894.925], [629201.9, 5220895.125], [629201.375, 5220895.725000001], [629201.425, 5220896.0], [629201.175, 5220896.350000001], [629201.05, 5220896.7]]]}}, {"type": "Feature", "properties": {"vineyard_id": "V02", "tile": "siret3_r006_c004.tif", "area_m2": 0.415}, "geometry": {"type": "Polygon", "coordinates": [[[629202.3250000001, 5220893.225000001], [629202.275, 5220893.175], [629202.5, 5220892.65], [629202.775, 5220892.425], [629202.775, 5220892.3], [629202.675, 5220892.25], [629202.9, 5220891.7], [629203.0, 5220891.7], [629203.025, 5220891.675], [629203.025, 5220891.775], [629203.1000000001, 5220892.0], [629202.9500000001, 5220892.2], [629203.0, 5220892.55], [629202.875, 5220892.825], [629202.65, 5220892.925], [629202.3250000001, 5220893.225000001]]]}}, {"type": "Feature", "properties": {"vineyard_id": "V02", "tile": "siret3_r006_c004.tif", "area_m2": 0.69}, "geometry": {"type": "Polygon", "coordinates": [[[629204.175, 5220890.175], [629203.625, 5220890.0], [629204.1000000001, 5220888.925], [629204.275, 5220888.775], [629204.775, 5220888.75], [629204.7000000001, 5220888.975000001], [629204.525, 5220889.0], [629204.375, 5220889.175], [629204.375, 5220889.4], [629204.4750000001, 5220889.525], [629204.3250000001, 5220889.875], [629204.25, 5220889.675], [629204.1000000001, 5220889.7], [629204.2250000001, 5220890.05], [629204.175, 5220890.175]]]}}, {"type": "Feature", "properties": {"vineyard_id": "V02", "tile": "siret3_r006_c004.tif", "area_m2": 1.615}, "geometry": {"type": "Polygon", "coordinates": [[[629205.3500000001, 5220887.4], [629205.3, 5220887.175], [629205.0750000001, 5220887.0], [629205.1000000001, 5220886.875], [629205.375, 5220886.8], [629205.3500000001, 5220886.600000001], [629205.775, 5220885.675], [629205.8, 5220885.425], [629205.925, 5220885.225000001], [629206.1000000001, 5220885.125], [629206.2000000001, 5220884.5], [629206.4, 5220884.325], [629206.6000000001, 5220883.625], [629206.9750000001, 5220883.0], [629207.025, 5220882.600000001], [629207.375, 5220882.175], [629207.4750000001, 5220881.925], [629207.7250000001, 5220881.775], [629207.4, 5220882.600000001], [629207.2000000001, 5220882.775], [629207.175, 5220883.175], [629206.7250000001, 5220884.225000001], [629206.525, 5220884.425], [629206.525, 5220884.7], [629206.025, 5220885.875], [629205.875, 5220886.05], [629205.75, 5220886.525], [629205.4, 5220886.825], [629205.5, 5220887.100000001], [629205.3500000001, 5220887.4]]]}}, {"type": "Feature", "properties": {"vineyard_id": "V02", "tile": "siret3_r006_c004.tif", "area_m2": 0.368}, "geometry": {"type": "Polygon", "coordinates": [[[629207.775, 5220881.325], [629207.7250000001, 5220881.25], [629207.925, 5220880.775], [629207.9750000001, 5220880.325], [629208.2250000001, 5220880.025], [629208.3250000001, 5220880.025], [629208.4, 5220880.2], [629208.25, 5220880.65], [629207.9750000001, 5220881.275], [629207.775, 5220881.325]]]}}, {"type": "Feature", "properties": {"vineyard_id": "V02", "tile": "siret3_r006_c004.tif", "area_m2": 0.508}, "geometry": {"type": "Polygon", "coordinates": [[[629208.55, 5220879.4], [629208.4750000001, 5220879.175], [629208.65, 5220879.0], [629208.7000000001, 5220878.675], [629208.8500000001, 5220878.55], [629208.8500000001, 5220878.425], [629208.7000000001, 5220878.275], [629209.0750000001, 5220878.125], [629209.2000000001, 5220877.45], [629209.375, 5220877.375], [629209.425, 5220877.600000001], [629209.3250000001, 5220878.05], [629209.0750000001, 5220878.15], [629209.0750000001, 5220878.675], [629208.7250000001, 5220879.350000001], [629208.55, 5220879.4]]]}}, {"type": "Feature", "properties": {"vineyard_id": "V02", "tile": "siret3_r006_c004.tif", "area_m2": 0.348}, "geometry": {"type": "Polygon", "coordinates": [[[629210.4500000001, 5220874.625], [629210.425, 5220874.475000001], [629210.5750000001, 5220874.4], [629210.55, 5220873.95], [629210.625, 5220873.850000001], [629210.625, 5220873.55], [629210.8250000001, 5220873.3], [629210.9750000001, 5220873.3], [629211.025, 5220873.5], [629210.9, 5220874.100000001], [629210.4500000001, 5220874.625]]]}}, {"type": "Feature", "properties": {"vineyard_id": "V02", "tile": "siret3_r006_c004.tif", "area_m2": 0.394}, "geometry": {"type": "Polygon", "coordinates": [[[629209.75, 5220876.5], [629209.775, 5220876.25], [629209.9750000001, 5220875.850000001], [629209.9750000001, 5220875.65], [629209.8500000001, 5220875.600000001], [629209.925, 5220875.25], [629210.0, 5220875.125], [629210.175, 5220875.05], [629210.425, 5220874.625], [629210.4500000001, 5220875.175], [629210.125, 5220875.525], [629210.05, 5220876.175], [629209.75, 5220876.5]]]}}, {"type": "Feature", "properties": {"vineyard_id": "V02", "tile": "siret3_r006_c004.tif", "area_m2": 0.499}, "geometry": {"type": "Polygon", "coordinates": [[[629211.55, 5220872.350000001], [629211.4, 5220872.25], [629211.375, 5220871.925], [629211.6000000001, 5220871.725000001], [629211.65, 5220871.2], [629211.8500000001, 5220870.875], [629211.8500000001, 5220870.675], [629212.175, 5220870.55], [629212.25, 5220870.65], [629212.0750000001, 5220870.9], [629212.0750000001, 5220871.2], [629211.8, 5220871.575], [629211.675, 5220872.2], [629211.55, 5220872.350000001]]]}}, {"type": "Feature", "properties": {"vineyard_id": "V02", "tile": "siret3_r006_c004.tif", "area_m2": 0.22}, "geometry": {"type": "Polygon", "coordinates": [[[629212.7250000001, 5220869.575], [629212.525, 5220869.65], [629212.5, 5220869.425], [629212.6000000001, 5220869.05], [629212.7250000001, 5220868.9], [629212.7250000001, 5220868.600000001], [629212.8, 5220868.475000001], [629212.9500000001, 5220868.5], [629213.0750000001, 5220868.425], [629213.15, 5220868.55], [629212.875, 5220868.575], [629212.8, 5220868.65], [629212.775, 5220868.9], [629212.875, 5220869.2], [629212.8, 5220869.25], [629212.7250000001, 5220869.575]]]}}, {"type": "Feature", "properties": {"vineyard_id": "V02", "tile": "siret3_r006_c004.tif", "area_m2": 1.237}, "geometry": {"type": "Polygon", "coordinates": [[[629213.425, 5220867.575], [629213.275, 5220867.45], [629213.3, 5220867.25], [629213.75, 5220866.55], [629213.8500000001, 5220866.05], [629214.0, 5220865.9], [629214.0750000001, 5220865.425], [629214.3250000001, 5220864.850000001], [629214.4750000001, 5220864.775], [629214.5, 5220864.425], [629214.7250000001, 5220864.025], [629215.0, 5220864.025], [629215.0750000001, 5220864.45], [629214.8250000001, 5220864.600000001], [629214.675, 5220864.875], [629214.55, 5220864.95], [629214.55, 5220865.575], [629214.3250000001, 5220865.775], [629214.275, 5220866.025], [629213.9750000001, 5220866.225000001], [629214.025, 5220866.775], [629213.8250000001, 5220866.95], [629213.7250000001, 5220867.25], [629213.425, 5220867.575]]]}}, {"type": "Feature", "properties": {"vineyard_id": "V02", "tile": "siret3_r006_c004.tif", "area_m2": 0.97}, "geometry": {"type": "Polygon", "coordinates": [[[629196.8, 5220901.3], [629196.8, 5220900.0], [629196.925, 5220899.925], [629196.925, 5220899.775], [629197.525, 5220898.375], [629197.65, 5220898.55], [629197.8250000001, 5220898.575], [629197.925, 5220898.325], [629198.0750000001, 5220898.2], [629198.15, 5220898.4], [629198.05, 5220898.625], [629197.5750000001, 5220898.9], [629197.4750000001, 5220899.25], [629197.25, 5220899.55], [629197.275, 5220899.775], [629197.5, 5220899.925], [629197.375, 5220900.225000001], [629196.925, 5220900.600000001], [629196.9500000001, 5220900.925], [629196.875, 5220901.025], [629196.875, 5220901.275], [629196.8, 5220901.3]]]}}, {"type": "Feature", "properties": {"vineyard_id": "V02", "tile": "siret3_r006_c004.tif", "area_m2": 0.649}, "geometry": {"type": "Polygon", "coordinates": [[[629198.125, 5220898.0], [629198.125, 5220897.5], [629198.3500000001, 5220897.025], [629198.2250000001, 5220896.725000001], [629198.525, 5220896.15], [629198.7000000001, 5220896.125], [629198.8250000001, 5220896.575], [629198.75, 5220896.975000001], [629198.6000000001, 5220897.325], [629198.4500000001, 5220897.4], [629198.3500000001, 5220897.8], [629198.125, 5220898.0]]]}}, {"type": "Feature", "properties": {"vineyard_id": "V02", "tile": "siret3_r006_c004.tif", "area_m2": 0.437}, "geometry": {"type": "Polygon", "coordinates": [[[629198.8, 5220895.9], [629198.7250000001, 5220895.575], [629198.8, 5220895.5], [629199.0, 5220895.5], [629199.1000000001, 5220895.350000001], [629199.0750000001, 5220895.075], [629199.4750000001, 5220894.625], [629199.65, 5220894.825], [629199.55, 5220895.125], [629199.25, 5220895.575], [629198.9, 5220895.9], [629198.8, 5220895.9]]]}}, {"type": "Feature", "properties": {"vineyard_id": "V02", "tile": "siret3_r006_c004.tif", "area_m2": 0.476}, "geometry": {"type": "Polygon", "coordinates": [[[629199.675, 5220893.850000001], [629199.6000000001, 5220893.575], [629199.7000000001, 5220893.45], [629199.75, 5220893.125], [629199.875, 5220893.100000001], [629199.9, 5220892.775], [629200.025, 5220892.625], [629200.3, 5220892.525], [629200.3250000001, 5220893.075], [629200.2250000001, 5220893.325], [629199.8500000001, 5220893.65], [629199.75, 5220893.850000001], [629199.675, 5220893.850000001]]]}}, {"type": "Feature", "properties": {"vineyard_id": "V02", "tile": "siret3_r006_c004.tif", "area_m2": 0.361}, "geometry": {"type": "Polygon", "coordinates": [[[629200.4, 5220892.3], [629200.4, 5220892.05], [629200.65, 5220891.9], [629200.65, 5220891.625], [629200.775, 5220891.5], [629200.875, 5220891.2], [629200.775, 5220890.725000001], [629200.925, 5220890.525], [629201.15, 5220891.225000001], [629201.1000000001, 5220891.425], [629200.875, 5220891.575], [629200.775, 5220891.925], [629200.625, 5220892.05], [629200.5750000001, 5220892.225000001], [629200.4, 5220892.3]]]}}, {"type": "Feature", "properties": {"vineyard_id": "V02", "tile": "siret3_r006_c004.tif", "area_m2": 0.391}, "geometry": {"type": "Polygon", "coordinates": [[[629201.0750000001, 5220890.475000001], [629200.9500000001, 5220890.4], [629201.175, 5220890.175], [629201.425, 5220889.525], [629201.625, 5220889.375], [629201.75, 5220889.4], [629201.8, 5220889.525], [629201.65, 5220889.775], [629201.65, 5220890.100000001], [629201.425, 5220890.375], [629201.0750000001, 5220890.475000001]]]}}, {"type": "Feature", "properties": {"vineyard_id": "V02", "tile": "siret3_r006_c004.tif", "area_m2": 1.772}, "geometry": {"type": "Polygon", "coordinates": [[[629201.8, 5220889.2], [629201.75, 5220889.025], [629202.1000000001, 5220888.3], [629202.2250000001, 5220887.600000001], [629202.5, 5220887.4], [629202.525, 5220887.0], [629202.8, 5220886.375], [629203.1000000001, 5220885.25], [629203.4500000001, 5220884.725000001], [629203.8500000001, 5220884.55], [629203.675, 5220885.275], [629203.4500000001, 5220885.525], [629203.375, 5220885.9], [629203.175, 5220886.025], [629203.05, 5220886.45], [629203.1000000001, 5220886.775], [629202.375, 5220888.475000001], [629202.2250000001, 5220888.575], [629201.9750000001, 5220889.125], [629201.8, 5220889.2]]]}}, {"type": "Feature", "properties": {"vineyard_id": "V02", "tile": "siret3_r006_c004.tif", "area_m2": 0.676}, "geometry": {"type": "Polygon", "coordinates": [[[629204.0, 5220884.15], [629203.925, 5220883.8], [629204.3, 5220882.7], [629204.4500000001, 5220882.575], [629204.6000000001, 5220882.125], [629204.7000000001, 5220882.125], [629204.775, 5220882.2], [629204.775, 5220882.55], [629204.8500000001, 5220882.65], [629204.775, 5220882.825], [629204.6000000001, 5220882.925], [629204.55, 5220883.350000001], [629204.2250000001, 5220883.675], [629204.125, 5220884.125], [629204.0, 5220884.15]]]}}, {"type": "Feature", "properties": {"vineyard_id": "V02", "tile": "siret3_r006_c004.tif", "area_m2": 1.487}, "geometry": {"type": "Polygon", "coordinates": [[[629204.925, 5220881.725000001], [629204.875, 5220881.3], [629205.025, 5220881.15], [629204.9500000001, 5220880.9], [629205.1000000001, 5220880.825], [629205.3250000001, 5220880.525], [629205.4750000001, 5220879.9], [629205.8, 5220879.275], [629205.8250000001, 5220878.850000001], [629206.0, 5220878.675], [629206.175, 5220878.2], [629206.4500000001, 5220878.0], [629206.375, 5220877.55], [629206.65, 5220876.9], [629206.7000000001, 5220876.825], [629206.9750000001, 5220876.825], [629206.925, 5220877.275], [629206.675, 5220877.425], [629206.675, 5220877.9], [629206.525, 5220878.100000001], [629206.4500000001, 5220878.5], [629206.275, 5220878.625], [629206.25, 5220878.9], [629206.0, 5220879.375], [629205.9750000001, 5220879.575], [629205.775, 5220879.850000001], [629205.75, 5220880.125], [629205.5750000001, 5220880.375], [629205.375, 5220881.100000001], [629205.2250000001, 5220881.25], [629205.2000000001, 5220881.475000001], [629204.925, 5220881.725000001]]]}}, {"type": "Feature", "properties": {"vineyard_id": "V02", "tile": "siret3_r006_c004.tif", "area_m2": 0.267}, "geometry": {"type": "Polygon", "coordinates": [[[629207.175, 5220876.375], [629207.0750000001, 5220875.9], [629207.275, 5220875.675], [629207.275, 5220875.525], [629207.5750000001, 5220875.350000001], [629207.65, 5220875.5], [629207.4750000001, 5220875.725000001], [629207.4750000001, 5220875.95], [629207.275, 5220876.350000001], [629207.175, 5220876.375]]]}}, {"type": "Feature", "properties": {"vineyard_id": "V02", "tile": "siret3_r006_c004.tif", "area_m2": 0.322}, "geometry": {"type": "Polygon", "coordinates": [[[629207.7250000001, 5220875.2], [629207.675, 5220875.025], [629207.775, 5220874.675], [629207.9, 5220874.600000001], [629207.875, 5220874.275], [629207.8, 5220874.2], [629208.3, 5220873.725000001], [629208.375, 5220873.8], [629208.375, 5220874.025], [629208.2250000001, 5220874.15], [629208.0750000001, 5220874.55], [629207.9, 5220874.675], [629207.875, 5220875.075], [629207.7250000001, 5220875.2]]]}}, {"type": "Feature", "properties": {"vineyard_id": "V02", "tile": "siret3_r006_c004.tif", "area_m2": 0.347}, "geometry": {"type": "Polygon", "coordinates": [[[629208.925, 5220872.275], [629208.9750000001, 5220871.625], [629209.1000000001, 5220871.45], [629209.1000000001, 5220871.3], [629209.175, 5220871.225000001], [629209.4, 5220871.225000001], [629209.4750000001, 5220871.5], [629209.3, 5220871.775], [629209.3, 5220871.975000001], [629209.125, 5220872.25], [629208.925, 5220872.275]]]}}, {"type": "Feature", "properties": {"vineyard_id": "V02", "tile": "siret3_r006_c004.tif", "area_m2": 1.287}, "geometry": {"type": "Polygon", "coordinates": [[[629209.525, 5220871.0], [629209.4500000001, 5220870.825], [629209.7000000001, 5220870.45], [629209.7000000001, 5220870.175], [629209.925, 5220869.65], [629209.9, 5220869.475000001], [629210.0, 5220869.325], [629210.025, 5220868.975000001], [629210.25, 5220868.825], [629210.375, 5220868.675], [629210.4, 5220868.425], [629210.6000000001, 5220868.3], [629210.5750000001, 5220868.0], [629210.75, 5220867.825], [629210.625, 5220867.575], [629210.8250000001, 5220867.45], [629210.8, 5220867.15], [629210.925, 5220867.15], [629211.125, 5220866.875], [629211.125, 5220866.725000001], [629211.2250000001, 5220866.600000001], [629211.2000000001, 5220866.375], [629211.425, 5220866.275], [629211.55, 5220866.3], [629211.5750000001, 5220866.4], [629211.4, 5220866.525], [629211.4500000001, 5220866.850000001], [629211.3, 5220866.9], [629211.0750000001, 5220867.225000001], [629210.8250000001, 5220867.3], [629210.8250000001, 5220867.4], [629211.025, 5220867.45], [629211.05, 5220867.55], [629210.775, 5220867.725000001], [629210.875, 5220868.125], [629210.5750000001, 5220868.55], [629210.4750000001, 5220868.95], [629210.3500000001, 5220869.100000001], [629210.3500000001, 5220869.3], [629210.4750000001, 5220869.425], [629210.3, 5220869.825], [629210.2000000001, 5220869.850000001], [629210.1000000001, 5220870.125], [629209.9500000001, 5220870.225000001], [629209.9750000001, 5220870.4], [629209.9, 5220870.425], [629209.8, 5220870.8], [629209.525, 5220871.0]]]}}, {"type": "Feature", "properties": {"vineyard_id": "V02", "tile": "siret3_r006_c004.tif", "area_m2": 0.451}, "geometry": {"type": "Polygon", "coordinates": [[[629211.775, 5220865.8], [629211.7000000001, 5220865.525], [629211.8250000001, 5220865.375], [629211.8, 5220865.225000001], [629211.925, 5220864.850000001], [629212.0750000001, 5220864.675], [629212.2250000001, 5220864.025], [629212.525, 5220864.025], [629212.3250000001, 5220864.775], [629212.0750000001, 5220865.075], [629212.1000000001, 5220865.275], [629211.9500000001, 5220865.375], [629211.925, 5220865.675], [629211.775, 5220865.8]]]}}, {"type": "Feature", "properties": {"vineyard_id": "V02", "tile": "siret3_r006_c004.tif", "area_m2": 0.279}, "geometry": {"type": "Polygon", "coordinates": [[[629197.8500000001, 5220892.95], [629197.775, 5220892.65], [629197.925, 5220892.25], [629198.025, 5220892.175], [629198.0, 5220891.8], [629198.125, 5220891.725000001], [629198.3250000001, 5220891.975000001], [629198.3250000001, 5220892.100000001], [629198.175, 5220892.25], [629197.9500000001, 5220892.9], [629197.8500000001, 5220892.95]]]}}, {"type": "Feature", "properties": {"vineyard_id": "V02", "tile": "siret3_r006_c004.tif", "area_m2": 0.342}, "geometry": {"type": "Polygon", "coordinates": [[[629198.65, 5220890.925], [629198.5750000001, 5220890.75], [629198.75, 5220889.9], [629199.2250000001, 5220889.675], [629199.2250000001, 5220889.925], [629198.9, 5220890.175], [629198.9, 5220890.725000001], [629198.775, 5220890.925], [629198.65, 5220890.925]]]}}, {"type": "Feature", "properties": {"vineyard_id": "V02", "tile": "siret3_r006_c004.tif", "area_m2": 0.904}, "geometry": {"type": "Polygon", "coordinates": [[[629199.275, 5220889.375], [629199.2000000001, 5220889.15], [629199.3500000001, 5220888.875], [629199.425, 5220888.100000001], [629199.65, 5220887.850000001], [629199.8, 5220887.3], [629200.05, 5220887.100000001], [629200.0750000001, 5220886.525], [629200.2000000001, 5220886.3], [629200.425, 5220886.175], [629200.5, 5220886.375], [629200.4, 5220886.775], [629200.275, 5220886.925], [629200.275, 5220887.350000001], [629200.0750000001, 5220887.45], [629199.775, 5220888.0], [629199.7250000001, 5220888.575], [629199.55, 5220888.825], [629199.4750000001, 5220889.15], [629199.275, 5220889.375]]]}}, {"type": "Feature", "properties": {"vineyard_id": "V02", "tile": "siret3_r006_c004.tif", "area_m2": 0.528}, "geometry": {"type": "Polygon", "coordinates": [[[629201.175, 5220884.4], [629201.0750000001, 5220884.25], [629201.2000000001, 5220883.9], [629201.3250000001, 5220883.775], [629201.4750000001, 5220883.15], [629201.775, 5220882.925], [629201.8250000001, 5220882.5], [629202.0, 5220882.475000001], [629202.0750000001, 5220882.625], [629201.9750000001, 5220882.75], [629201.9750000001, 5220882.9], [629201.875, 5220882.975000001], [629201.8500000001, 5220883.2], [629201.625, 5220883.375], [629201.675, 5220883.9], [629201.5750000001, 5220884.075], [629201.4, 5220884.15], [629201.175, 5220884.4]]]}}, {"type": "Feature", "properties": {"vineyard_id": "V02", "tile": "siret3_r006_c004.tif", "area_m2": 0.44}, "geometry": {"type": "Polygon", "coordinates": [[[629200.7000000001, 5220885.975000001], [629200.4750000001, 5220885.975000001], [629200.4, 5220885.75], [629200.425, 5220885.5], [629200.75, 5220884.725000001], [629201.15, 5220884.4], [629201.175, 5220884.65], [629200.9750000001, 5220885.100000001], [629200.9, 5220885.2], [629200.675, 5220885.25], [629200.7000000001, 5220885.975000001]]]}}, {"type": "Feature", "properties": {"vineyard_id": "V02", "tile": "siret3_r006_c004.tif", "area_m2": 0.644}, "geometry": {"type": "Polygon", "coordinates": [[[629202.0, 5220882.3], [629201.9750000001, 5220882.100000001], [629202.1000000001, 5220881.7], [629202.4500000001, 5220881.4], [629202.4750000001, 5220880.850000001], [629202.8250000001, 5220880.325], [629202.9500000001, 5220880.625], [629202.775, 5220881.2], [629202.6000000001, 5220881.350000001], [629202.625, 5220881.65], [629202.375, 5220882.175], [629202.0, 5220882.3]]]}}, {"type": "Feature", "properties": {"vineyard_id": "V02", "tile": "siret3_r006_c004.tif", "area_m2": 0.95}, "geometry": {"type": "Polygon", "coordinates": [[[629203.2000000001, 5220879.7], [629203.025, 5220879.55], [629203.25, 5220879.2], [629203.25, 5220878.75], [629203.525, 5220878.45], [629203.625, 5220877.775], [629204.025, 5220877.25], [629204.175, 5220876.725000001], [629204.4, 5220876.675], [629204.4750000001, 5220876.725000001], [629204.4750000001, 5220876.875], [629204.3500000001, 5220877.025], [629204.275, 5220877.4], [629204.0, 5220877.775], [629203.925, 5220878.125], [629203.5750000001, 5220878.9], [629203.5750000001, 5220879.100000001], [629203.275, 5220879.675], [629203.2000000001, 5220879.7]]]}}, {"type": "Feature", "properties": {"vineyard_id": "V02", "tile": "siret3_r006_c004.tif", "area_m2": 1.475}, "geometry": {"type": "Polygon", "coordinates": [[[629204.525, 5220876.4], [629204.4, 5220876.3], [629204.4, 5220876.0], [629204.5750000001, 5220875.850000001], [629204.625, 5220875.5], [629204.775, 5220875.350000001], [629204.875, 5220874.95], [629205.0750000001, 5220874.675], [629205.2000000001, 5220873.975000001], [629205.4750000001, 5220873.75], [629205.4750000001, 5220873.575], [629205.7000000001, 5220873.100000001], [629205.675, 5220872.9], [629205.8, 5220872.525], [629206.1000000001, 5220872.375], [629206.2000000001, 5220871.95], [629206.375, 5220871.825], [629206.4750000001, 5220871.925], [629206.375, 5220872.3], [629206.2250000001, 5220872.600000001], [629206.0, 5220872.675], [629206.0750000001, 5220873.100000001], [629205.425, 5220874.275], [629205.3250000001, 5220874.725000001], [629205.15, 5220875.0], [629205.15, 5220875.350000001], [629204.925, 5220875.675], [629204.9, 5220876.075], [629204.525, 5220876.4]]]}}, {"type": "Feature", "properties": {"vineyard_id": "V02", "tile": "siret3_r006_c004.tif", "area_m2": 0.572}, "geometry": {"type": "Polygon", "coordinates": [[[629207.025, 5220870.525], [629206.9, 5220870.475000001], [629206.9500000001, 5220870.275], [629206.8, 5220870.15], [629206.8250000001, 5220870.05], [629207.2000000001, 5220869.65], [629207.25, 5220869.3], [629207.4750000001, 5220869.075], [629207.5, 5220868.925], [629207.75, 5220868.825], [629207.775, 5220869.0], [629207.675, 5220869.100000001], [629207.7000000001, 5220869.45], [629207.4, 5220869.625], [629207.375, 5220870.15], [629207.025, 5220870.525]]]}}, {"type": "Feature", "properties": {"vineyard_id": "V02", "tile": "siret3_r006_c004.tif", "area_m2": 0.314}, "geometry": {"type": "Polygon", "coordinates": [[[629206.4750000001, 5220871.600000001], [629206.25, 5220871.45], [629206.275, 5220871.375], [629206.4, 5220871.225000001], [629206.6000000001, 5220871.175], [629206.675, 5220870.725000001], [629206.9500000001, 5220870.5], [629207.0, 5220870.575], [629206.925, 5220871.05], [629206.7000000001, 5220871.275], [629206.675, 5220871.575], [629206.4750000001, 5220871.600000001]]]}}, {"type": "Feature", "properties": {"vineyard_id": "V02", "tile": "siret3_r006_c004.tif", "area_m2": 0.261}, "geometry": {"type": "Polygon", "coordinates": [[[629207.925, 5220868.425], [629207.8500000001, 5220868.3], [629207.925, 5220868.175], [629207.8500000001, 5220867.625], [629208.125, 5220867.5], [629208.375, 5220867.25], [629208.4750000001, 5220867.350000001], [629208.4750000001, 5220867.475000001], [629208.025, 5220867.75], [629208.175, 5220868.05], [629208.025, 5220868.375], [629207.925, 5220868.425]]]}}, {"type": "Feature", "properties": {"vineyard_id": "V02", "tile": "siret3_r006_c004.tif", "area_m2": 0.373}, "geometry": {"type": "Polygon", "coordinates": [[[629208.4, 5220867.05], [629208.4500000001, 5220866.55], [629208.65, 5220866.3], [629208.65, 5220866.125], [629208.55, 5220866.05], [629208.6000000001, 5220865.95], [629209.025, 5220865.875], [629209.0750000001, 5220866.05], [629208.925, 5220866.5], [629208.675, 5220866.675], [629208.55, 5220867.025], [629208.4, 5220867.05]]]}}, {"type": "Feature", "properties": {"vineyard_id": "V02", "tile": "siret3_r006_c004.tif", "area_m2": 0.238}, "geometry": {"type": "Polygon", "coordinates": [[[629209.0750000001, 5220865.75], [629209.0, 5220865.675], [629209.025, 5220865.45], [629209.2250000001, 5220865.0], [629209.4750000001, 5220864.775], [629209.525, 5220864.850000001], [629209.4, 5220865.125], [629209.4, 5220865.375], [629209.275, 5220865.675], [629209.0750000001, 5220865.75]]]}}, {"type": "Feature", "properties": {"vineyard_id": "V02", "tile": "siret3_r006_c004.tif", "area_m2": 0.29}, "geometry": {"type": "Polygon", "coordinates": [[[629197.4750000001, 5220886.575], [629197.275, 5220886.625], [629197.175, 5220886.3], [629197.775, 5220885.325], [629197.8500000001, 5220885.55], [629197.8, 5220885.725000001], [629197.625, 5220885.925], [629197.5, 5220886.2], [629197.4750000001, 5220886.575]]]}}, {"type": "Feature", "properties": {"vineyard_id": "V02", "tile": "siret3_r006_c004.tif", "area_m2": 0.242}, "geometry": {"type": "Polygon", "coordinates": [[[629199.6000000001, 5220881.0], [629199.55, 5220880.825], [629199.7000000001, 5220880.275], [629199.875, 5220879.95], [629199.9750000001, 5220879.9], [629200.05, 5220880.0], [629199.9750000001, 5220880.350000001], [629199.875, 5220880.45], [629199.75, 5220880.95], [629199.6000000001, 5220881.0]]]}}, {"type": "Feature", "properties": {"vineyard_id": "V02", "tile": "siret3_r006_c004.tif", "area_m2": 0.19}, "geometry": {"type": "Polygon", "coordinates": [[[629200.275, 5220879.600000001], [629200.2000000001, 5220879.425], [629200.3250000001, 5220879.325], [629200.3, 5220878.925], [629200.4, 5220878.75], [629200.675, 5220878.7], [629200.75, 5220878.8], [629200.525, 5220878.9], [629200.4500000001, 5220879.025], [629200.525, 5220879.45], [629200.375, 5220879.600000001], [629200.275, 5220879.600000001]]]}}, {"type": "Feature", "properties": {"vineyard_id": "V02", "tile": "siret3_r006_c004.tif", "area_m2": 0.531}, "geometry": {"type": "Polygon", "coordinates": [[[629200.7250000001, 5220878.575], [629200.625, 5220878.475000001], [629200.625, 5220878.350000001], [629200.9750000001, 5220877.825], [629200.9500000001, 5220877.5], [629201.175, 5220877.275], [629201.175, 5220877.0], [629201.3, 5220876.9], [629201.275, 5220876.7], [629201.375, 5220876.4], [629201.55, 5220876.350000001], [629201.5750000001, 5220876.575], [629201.425, 5220876.925], [629201.3250000001, 5220877.575], [629201.0750000001, 5220877.975000001], [629201.025, 5220878.25], [629200.7250000001, 5220878.575]]]}}, {"type": "Feature", "properties": {"vineyard_id": "V02", "tile": "siret3_r006_c004.tif", "area_m2": 0.703}, "geometry": {"type": "Polygon", "coordinates": [[[629202.3250000001, 5220874.3], [629202.4500000001, 5220873.9], [629202.425, 5220873.625], [629202.7250000001, 5220873.275], [629202.775, 5220873.025], [629203.025, 5220872.625], [629203.05, 5220872.25], [629203.2000000001, 5220872.100000001], [629203.2000000001, 5220871.825], [629203.425, 5220871.55], [629203.525, 5220871.55], [629203.3500000001, 5220872.675], [629203.2250000001, 5220872.875], [629203.1000000001, 5220872.925], [629203.025, 5220873.2], [629202.65, 5220873.65], [629202.6000000001, 5220874.100000001], [629202.3250000001, 5220874.3]]]}}, {"type": "Feature", "properties": {"vineyard_id": "V02", "tile": "siret3_r006_c004.tif", "area_m2": 0.291}, "geometry": {"type": "Polygon", "coordinates": [[[629203.6000000001, 5220871.475000001], [629203.525, 5220871.25], [629203.6000000001, 5220871.025], [629203.8, 5220870.850000001], [629203.9, 5220870.325], [629204.0750000001, 5220870.25], [629204.175, 5220870.5], [629204.025, 5220870.725000001], [629204.0, 5220871.0], [629203.6000000001, 5220871.475000001]]]}}, {"type": "Feature", "properties": {"vineyard_id": "V02", "tile": "siret3_r006_c004.tif", "area_m2": 10.066}, "geometry": {"type": "Polygon", "coordinates": [[[629196.8, 5220882.05], [629196.8, 5220880.55], [629196.925, 5220880.525], [629196.875, 5220880.4], [629197.15, 5220879.875], [629197.675, 5220878.475000001], [629197.8500000001, 5220878.25], [629197.925, 5220877.875], [629198.0, 5220877.725000001], [629198.15, 5220877.65], [629198.175, 5220877.425], [629198.3, 5220877.350000001], [629198.25, 5220877.100000001], [629199.0, 5220875.3], [629199.2250000001, 5220875.100000001], [629199.175, 5220874.875], [629199.425, 5220874.45], [629199.425, 5220874.275], [629200.25, 5220872.3], [629200.425, 5220872.05], [629200.425, 5220871.9], [629200.675, 5220871.7], [629200.625, 5220871.4], [629200.7000000001, 5220871.225000001], [629200.925, 5220871.05], [629200.925, 5220870.725000001], [629201.2000000001, 5220870.175], [629201.25, 5220869.9], [629201.4750000001, 5220869.375], [629201.625, 5220869.350000001], [629201.625, 5220869.0], [629201.775, 5220868.925], [629201.8250000001, 5220868.75], [629202.0, 5220868.600000001], [629202.1000000001, 5220868.275], [629202.1000000001, 5220867.875], [629202.25, 5220867.5], [629202.4750000001, 5220867.475000001], [629202.4500000001, 5220867.025], [629203.4, 5220864.75], [629203.55, 5220864.575], [629203.7000000001, 5220864.025], [629204.2250000001, 5220864.025], [629204.175, 5220864.425], [629203.875, 5220864.4], [629203.875, 5220864.65], [629204.0, 5220864.725000001], [629203.9, 5220865.100000001], [629203.25, 5220866.65], [629203.125, 5220866.775], [629202.9, 5220867.45], [629202.6000000001, 5220867.625], [629202.675, 5220867.875], [629202.5750000001, 5220868.275], [629202.375, 5220868.600000001], [629202.25, 5220869.05], [629202.0750000001, 5220869.225000001], [629202.0750000001, 5220869.475000001], [629201.8250000001, 5220870.075], [629201.5750000001, 5220870.350000001], [629201.5750000001, 5220870.675], [629201.2000000001, 5220871.575], [629200.925, 5220871.975000001], [629200.8250000001, 5220872.475000001], [629200.675, 5220872.7], [629200.425, 5220873.425], [629200.25, 5220873.65], [629200.25, 5220873.850000001], [629199.75, 5220875.05], [629199.6000000001, 5220875.125], [629199.625, 5220875.350000001], [629198.625, 5220877.75], [629198.4500000001, 5220878.0], [629198.25, 5220878.65], [629198.05, 5220878.75], [629198.0750000001, 5220879.025], [629197.9, 5220879.225000001], [629197.9, 5220879.475000001], [629196.8, 5220882.05]]]}}, {"type": "Feature", "properties": {"vineyard_id": "V02", "tile": "siret3_r006_c004.tif", "area_m2": 6.374}, "geometry": {"type": "Polygon", "coordinates": [[[629196.8, 5220875.875], [629196.8, 5220874.7], [629196.925, 5220874.65], [629196.925, 5220874.55], [629196.8, 5220874.525], [629196.8, 5220874.225000001], [629196.875, 5220874.2], [629197.05, 5220873.725000001], [629197.25, 5220873.7], [629197.3, 5220873.475000001], [629197.175, 5220873.425], [629197.4, 5220872.9], [629197.5, 5220872.850000001], [629197.4750000001, 5220872.725000001], [629197.65, 5220872.425], [629197.675, 5220872.225000001], [629197.925, 5220872.100000001], [629197.8250000001, 5220871.925], [629197.925, 5220871.625], [629198.2000000001, 5220871.475000001], [629198.1000000001, 5220871.225000001], [629198.25, 5220871.15], [629198.3, 5220870.725000001], [629198.525, 5220870.2], [629198.7250000001, 5220869.95], [629198.8250000001, 5220870.125], [629198.9500000001, 5220870.100000001], [629199.0, 5220869.7], [629198.8500000001, 5220869.65], [629198.7000000001, 5220869.775], [629199.1000000001, 5220868.825], [629199.2000000001, 5220868.8], [629199.2000000001, 5220868.575], [629199.55, 5220867.725000001], [629199.6000000001, 5220867.625], [629199.75, 5220867.600000001], [629199.75, 5220867.25], [629200.025, 5220866.600000001], [629200.125, 5220866.55], [629200.175, 5220866.25], [629200.3, 5220866.15], [629200.3, 5220865.925], [629200.625, 5220865.15], [629200.775, 5220865.025], [629200.8, 5220864.725000001], [629201.0750000001, 5220864.025], [629201.7250000001, 5220864.025], [629200.875, 5220866.100000001], [629200.675, 5220866.275], [629200.625, 5220866.7], [629200.5, 5220867.0], [629200.375, 5220867.075], [629200.4, 5220867.225000001], [629200.25, 5220867.600000001], [629200.125, 5220867.625], [629200.1000000001, 5220867.95], [629199.8250000001, 5220868.350000001], [629199.75, 5220868.8], [629199.7000000001, 5220868.9], [629199.525, 5220868.925], [629199.55, 5220869.275], [629199.4750000001, 5220869.4], [629199.3500000001, 5220869.425], [629199.375, 5220869.7], [629198.925, 5220870.775], [629198.75, 5220870.975000001], [629198.775, 5220871.125], [629198.625, 5220871.5], [629198.4, 5220871.775], [629198.275, 5220872.25], [629198.0750000001, 5220872.45], [629197.9750000001, 5220873.05], [629197.55, 5220874.075], [629197.3500000001, 5220874.350000001], [629197.375, 5220874.5], [629197.05, 5220875.275], [629196.9750000001, 5220875.425], [629196.875, 5220875.45], [629196.8, 5220875.875]]]}}, {"type": "Feature", "properties": {"vineyard_id": "V02", "tile": "siret3_r006_c004.tif", "area_m2": 2.837}, "geometry": {"type": "Polygon", "coordinates": [[[629196.8, 5220869.15], [629196.8, 5220867.7], [629196.925, 5220867.575], [629198.3250000001, 5220864.025], [629198.9500000001, 5220864.025], [629197.275, 5220868.25], [629197.1000000001, 5220868.525], [629197.05, 5220868.8], [629196.9, 5220868.975000001], [629196.9, 5220869.100000001], [629196.8, 5220869.15]]]}}, {"type": "Feature", "properties": {"vineyard_id": "V01", "tile": "siret3_r021_c012.tif", "area_m2": 0.328}, "geometry": {"type": "Polygon", "coordinates": [[[629656.9500000001, 5220147.2], [629656.875, 5220147.0], [629656.925, 5220146.725000001], [629657.175, 5220146.7], [629657.225, 5220146.475000001], [629657.5750000001, 5220146.325], [629657.5750000001, 5220146.825], [629657.4500000001, 5220146.825], [629657.3, 5220147.075], [629657.05, 5220147.100000001], [629657.025, 5220147.2], [629656.9500000001, 5220147.2]]]}}, {"type": "Feature", "properties": {"vineyard_id": "V01", "tile": "siret3_r021_c012.tif", "area_m2": 1.304}, "geometry": {"type": "Polygon", "coordinates": [[[629655.1, 5220145.55], [629655.0750000001, 5220145.100000001], [629655.0, 5220145.0], [629655.05, 5220144.9], [629655.225, 5220144.775], [629655.3, 5220144.600000001], [629655.65, 5220144.5], [629655.65, 5220144.2], [629655.775, 5220144.125], [629655.8, 5220143.975000001], [629655.875, 5220143.9], [629656.1, 5220143.9], [629656.225, 5220143.625], [629656.425, 5220143.475000001], [629656.425, 5220143.25], [629656.65, 5220143.225000001], [629656.9, 5220142.95], [629657.025, 5220142.600000001], [629657.2000000001, 5220142.525], [629657.3, 5220142.7], [629657.2000000001, 5220142.8], [629657.125, 5220143.275], [629656.8, 5220143.425], [629656.775, 5220143.65], [629656.525, 5220143.825], [629656.55, 5220144.0], [629656.425, 5220144.15], [629655.975, 5220144.25], [629655.975, 5220144.475000001], [629655.875, 5220144.575], [629655.65, 5220144.575], [629655.65, 5220144.675], [629655.8, 5220144.825], [629655.775, 5220144.9], [629655.5, 5220145.100000001], [629655.5, 5220145.275], [629655.35, 5220145.375], [629655.275, 5220145.55], [629655.1, 5220145.55]]]}}, {"type": "Feature", "properties": {"vineyard_id": "V01", "tile": "siret3_r021_c012.tif", "area_m2": 0.391}, "geometry": {"type": "Polygon", "coordinates": [[[629654.275, 5220146.25], [629654.15, 5220146.15], [629654.15, 5220146.025], [629654.425, 5220145.7], [629654.5750000001, 5220145.625], [629654.8, 5220145.65], [629654.9500000001, 5220145.525], [629655.125, 5220145.575], [629655.125, 5220145.75], [629654.9500000001, 5220145.975000001], [629654.8, 5220145.975000001], [629654.775, 5220146.15], [629654.4, 5220146.15], [629654.275, 5220146.25]]]}}, {"type": "Feature", "properties": {"vineyard_id": "V01", "tile": "siret3_r021_c012.tif", "area_m2": 0.416}, "geometry": {"type": "Polygon", "coordinates": [[[629653.5, 5220147.2], [629653.475, 5220147.0], [629653.7000000001, 5220146.95], [629653.8250000001, 5220146.825], [629653.8250000001, 5220146.7], [629653.675, 5220146.600000001], [629654.125, 5220146.15], [629654.275, 5220146.275], [629654.15, 5220146.55], [629654.2000000001, 5220146.9], [629653.975, 5220147.2], [629653.5, 5220147.2]]]}}, {"type": "Feature", "properties": {"vineyard_id": "V01", "tile": "siret3_r021_c012.tif", "area_m2": 0.335}, "geometry": {"type": "Polygon", "coordinates": [[[629650.0, 5220147.2], [629649.925, 5220147.025], [629649.975, 5220146.775], [629650.375, 5220146.350000001], [629650.4500000001, 5220146.45], [629650.375, 5220146.725000001], [629650.525, 5220146.775], [629650.525, 5220147.0], [629650.425, 5220147.2], [629650.0, 5220147.2]]]}}, {"type": "Feature", "properties": {"vineyard_id": "V01", "tile": "siret3_r021_c012.tif", "area_m2": 0.662}, "geometry": {"type": "Polygon", "coordinates": [[[629651.1, 5220146.2], [629651.0, 5220146.0], [629650.9, 5220146.0], [629650.8, 5220146.125], [629650.65, 5220146.05], [629650.8, 5220145.725000001], [629651.2000000001, 5220145.4], [629651.2000000001, 5220145.175], [629651.425, 5220144.975000001], [629651.4500000001, 5220144.850000001], [629651.625, 5220144.925], [629651.675, 5220144.850000001], [629651.7000000001, 5220144.850000001], [629651.725, 5220144.825], [629651.75, 5220144.825], [629651.775, 5220144.8], [629651.775, 5220144.675], [629651.8250000001, 5220144.7], [629651.775, 5220144.850000001], [629651.875, 5220145.0], [629651.7000000001, 5220145.125], [629651.775, 5220145.4], [629651.6, 5220145.625], [629651.275, 5220145.65], [629651.375, 5220145.925], [629651.1, 5220146.2]]]}}, {"type": "Feature", "properties": {"vineyard_id": "V01", "tile": "siret3_r021_c012.tif", "area_m2": 0.274}, "geometry": {"type": "Polygon", "coordinates": [[[629652.3250000001, 5220144.425], [629652.3250000001, 5220144.275], [629652.15, 5220144.25], [629652.15, 5220144.05], [629652.4, 5220143.625], [629652.475, 5220143.625], [629652.6, 5220143.75], [629652.675, 5220144.075], [629652.525, 5220144.375], [629652.3250000001, 5220144.425]]]}}, {"type": "Feature", "properties": {"vineyard_id": "V01", "tile": "siret3_r021_c012.tif", "area_m2": 0.802}, "geometry": {"type": "Polygon", "coordinates": [[[629652.8, 5220143.725000001], [629652.775, 5220143.575], [629652.875, 5220143.375], [629653.025, 5220143.225000001], [629653.175, 5220143.2], [629653.175, 5220142.850000001], [629653.3, 5220142.75], [629653.25, 5220142.525], [629653.525, 5220142.175], [629653.675, 5220142.350000001], [629653.775, 5220142.350000001], [629653.85, 5220142.175], [629653.75, 5220142.025], [629653.925, 5220141.8], [629654.275, 5220141.625], [629654.35, 5220142.075], [629653.975, 5220142.2], [629654.025, 5220142.4], [629653.8, 5220142.525], [629653.5, 5220143.175], [629653.2000000001, 5220143.225000001], [629653.1, 5220143.600000001], [629652.975, 5220143.725000001], [629652.8, 5220143.725000001]]]}}, {"type": "Feature", "properties": {"vineyard_id": "V01", "tile": "siret3_r021_c012.tif", "area_m2": 0.752}, "geometry": {"type": "Polygon", "coordinates": [[[629654.775, 5220141.45], [629654.525, 5220141.425], [629654.375, 5220141.325], [629654.75, 5220140.875], [629654.8250000001, 5220140.600000001], [629655.0750000001, 5220140.45], [629655.0750000001, 5220140.325], [629655.4, 5220139.9], [629655.4, 5220139.75], [629655.5, 5220139.625], [629655.65, 5220139.625], [629655.75, 5220139.825], [629655.625, 5220140.075], [629655.375, 5220140.3], [629655.425, 5220140.675], [629654.775, 5220141.45]]]}}, {"type": "Feature", "properties": {"vineyard_id": "V01", "tile": "siret3_r021_c012.tif", "area_m2": 0.267}, "geometry": {"type": "Polygon", "coordinates": [[[629656.5, 5220138.8], [629656.425, 5220138.65], [629656.4500000001, 5220138.45], [629656.925, 5220137.925], [629657.0750000001, 5220137.925], [629657.15, 5220138.05], [629656.9, 5220138.275], [629656.975, 5220138.45], [629656.725, 5220138.55], [629656.625, 5220138.775], [629656.5, 5220138.8]]]}}, {"type": "Feature", "properties": {"vineyard_id": "V01", "tile": "siret3_r021_c012.tif", "area_m2": 0.295}, "geometry": {"type": "Polygon", "coordinates": [[[629647.125, 5220146.925], [629646.9, 5220146.75], [629646.75, 5220146.8], [629646.675, 5220146.65], [629646.975, 5220146.2], [629647.175, 5220146.2], [629647.3, 5220146.375], [629647.275, 5220146.75], [629647.125, 5220146.925]]]}}, {"type": "Feature", "properties": {"vineyard_id": "V01", "tile": "siret3_r021_c012.tif", "area_m2": 0.313}, "geometry": {"type": "Polygon", "coordinates": [[[629647.425, 5220146.05], [629647.125, 5220146.0], [629647.7000000001, 5220145.25], [629647.8250000001, 5220145.225000001], [629647.925, 5220145.325], [629647.8250000001, 5220145.725000001], [629647.725, 5220145.925], [629647.4500000001, 5220145.975000001], [629647.425, 5220146.05]]]}}, {"type": "Feature", "properties": {"vineyard_id": "V01", "tile": "siret3_r021_c012.tif", "area_m2": 0.366}, "geometry": {"type": "Polygon", "coordinates": [[[629649.05, 5220144.25], [629648.975, 5220144.175], [629648.725, 5220144.175], [629648.675, 5220144.0], [629648.925, 5220143.7], [629649.0750000001, 5220143.725000001], [629649.2000000001, 5220143.600000001], [629649.2000000001, 5220143.350000001], [629649.3250000001, 5220143.3], [629649.425, 5220143.45], [629649.275, 5220143.55], [629649.275, 5220143.65], [629649.4500000001, 5220143.825], [629649.55, 5220143.825], [629649.425, 5220143.850000001], [629649.425, 5220144.0], [629649.225, 5220144.225000001], [629649.05, 5220144.25]]]}}, {"type": "Feature", "properties": {"vineyard_id": "V01", "tile": "siret3_r021_c012.tif", "area_m2": 0.693}, "geometry": {"type": "Polygon", "coordinates": [[[629649.725, 5220143.325], [629649.725, 5220142.75], [629649.8250000001, 5220142.675], [629650.05, 5220142.775], [629650.175, 5220142.75], [629650.175, 5220142.525], [629650.3, 5220142.375], [629650.225, 5220142.05], [629650.4, 5220142.025], [629650.425, 5220141.9], [629650.7000000001, 5220141.65], [629650.8250000001, 5220141.600000001], [629651.0, 5220141.675], [629651.0750000001, 5220141.875], [629650.8250000001, 5220142.05], [629650.8250000001, 5220142.15], [629650.65, 5220142.125], [629650.675, 5220142.275], [629650.55, 5220142.55], [629650.4, 5220142.625], [629650.375, 5220142.775], [629650.1, 5220143.100000001], [629649.725, 5220143.325]]]}}, {"type": "Feature", "properties": {"vineyard_id": "V01", "tile": "siret3_r021_c012.tif", "area_m2": 0.362}, "geometry": {"type": "Polygon", "coordinates": [[[629650.9500000001, 5220141.475000001], [629650.925, 5220141.4], [629651.0750000001, 5220141.3], [629651.05, 5220140.95], [629651.3, 5220141.0], [629651.525, 5220140.65], [629651.725, 5220140.5], [629651.775, 5220140.175], [629651.975, 5220140.2], [629651.9500000001, 5220140.55], [629652.025, 5220140.65], [629651.775, 5220140.975000001], [629651.55, 5220140.9], [629651.475, 5220141.05], [629651.3, 5220141.075], [629651.2000000001, 5220141.325], [629651.05, 5220141.350000001], [629650.9500000001, 5220141.475000001]]]}}, {"type": "Feature", "properties": {"vineyard_id": "V01", "tile": "siret3_r021_c012.tif", "area_m2": 0.472}, "geometry": {"type": "Polygon", "coordinates": [[[629652.275, 5220140.3], [629652.1, 5220140.15], [629652.0750000001, 5220139.725000001], [629652.225, 5220139.675], [629652.25, 5220139.525], [629652.4500000001, 5220139.425], [629652.425, 5220139.25], [629652.875, 5220139.15], [629652.9500000001, 5220139.225000001], [629652.9500000001, 5220139.45], [629652.725, 5220139.725000001], [629652.4, 5220139.675], [629652.4, 5220139.775], [629652.5750000001, 5220139.925], [629652.275, 5220140.3]]]}}, {"type": "Feature", "properties": {"vineyard_id": "V01", "tile": "siret3_r021_c012.tif", "area_m2": 0.361}, "geometry": {"type": "Polygon", "coordinates": [[[629654.525, 5220137.425], [629654.4, 5220137.2], [629654.475, 5220137.025], [629654.3, 5220136.95], [629654.375, 5220136.65], [629654.475, 5220136.65], [629654.625, 5220136.425], [629654.8250000001, 5220136.425], [629654.9, 5220136.675], [629655.05, 5220136.75], [629654.725, 5220137.025], [629654.725, 5220137.15], [629654.525, 5220137.425]]]}}, {"type": "Feature", "properties": {"vineyard_id": "V01", "tile": "siret3_r021_c012.tif", "area_m2": 0.233}, "geometry": {"type": "Polygon", "coordinates": [[[629655.3, 5220136.125], [629655.1, 5220135.925], [629655.2000000001, 5220135.600000001], [629655.25, 5220135.55], [629655.4, 5220135.725000001], [629655.5, 5220135.725000001], [629655.525, 5220135.575], [629655.625, 5220135.55], [629655.725, 5220135.850000001], [629655.55, 5220136.075], [629655.3, 5220136.125]]]}}, {"type": "Feature", "properties": {"vineyard_id": "V01", "tile": "siret3_r021_c012.tif", "area_m2": 0.886}, "geometry": {"type": "Polygon", "coordinates": [[[629655.875, 5220135.600000001], [629655.7000000001, 5220135.375], [629655.525, 5220135.375], [629655.4500000001, 5220135.275], [629655.725, 5220134.975000001], [629656.0, 5220134.9], [629656.0, 5220134.575], [629656.2000000001, 5220134.325], [629656.3, 5220134.325], [629656.35, 5220134.425], [629656.55, 5220134.4], [629656.625, 5220134.025], [629656.5, 5220133.925], [629656.975, 5220133.3], [629657.125, 5220133.45], [629657.3, 5220133.45], [629657.375, 5220133.625], [629657.225, 5220133.775], [629656.975, 5220133.725000001], [629656.925, 5220134.275], [629656.8, 5220134.3], [629656.625, 5220134.5], [629656.3250000001, 5220134.5], [629656.25, 5220134.725000001], [629656.275, 5220135.025], [629656.225, 5220135.100000001], [629656.025, 5220135.125], [629656.0750000001, 5220135.425], [629655.875, 5220135.600000001]]]}}, {"type": "Feature", "properties": {"vineyard_id": "V01", "tile": "siret3_r021_c012.tif", "area_m2": 0.637}, "geometry": {"type": "Polygon", "coordinates": [[[629642.425, 5220147.2], [629642.9, 5220146.75], [629642.875, 5220146.55], [629643.125, 5220146.225000001], [629643.2000000001, 5220146.15], [629643.4, 5220146.2], [629643.4500000001, 5220145.925], [629643.6, 5220145.725000001], [629643.925, 5220145.575], [629643.775, 5220145.775], [629643.775, 5220145.9], [629643.975, 5220146.075], [629643.75, 5220146.15], [629643.5750000001, 5220146.5], [629643.4, 5220146.65], [629643.2000000001, 5220146.625], [629643.15, 5220146.725000001], [629642.975, 5220146.75], [629643.0, 5220147.2], [629642.425, 5220147.2]]]}}, {"type": "Feature", "properties": {"vineyard_id": "V01", "tile": "siret3_r021_c012.tif", "area_m2": 0.323}, "geometry": {"type": "Polygon", "coordinates": [[[629644.275, 5220145.4], [629644.125, 5220145.275], [629644.125, 5220144.925], [629644.4500000001, 5220144.625], [629644.5, 5220144.45], [629644.55, 5220144.600000001], [629644.775, 5220144.575], [629644.725, 5220144.850000001], [629644.85, 5220144.925], [629644.8, 5220145.025], [629644.725, 5220145.100000001], [629644.35, 5220145.100000001], [629644.275, 5220145.4]]]}}, {"type": "Feature", "properties": {"vineyard_id": "V01", "tile": "siret3_r021_c012.tif", "area_m2": 0.428}, "geometry": {"type": "Polygon", "coordinates": [[[629645.5750000001, 5220143.725000001], [629645.5, 5220143.475000001], [629645.675, 5220143.350000001], [629645.675, 5220143.05], [629646.025, 5220142.8], [629646.0, 5220142.625], [629646.15, 5220142.375], [629646.25, 5220142.350000001], [629646.375, 5220142.55], [629646.35, 5220142.775], [629646.1, 5220142.925], [629646.0, 5220143.475000001], [629645.5750000001, 5220143.725000001]]]}}, {"type": "Feature", "properties": {"vineyard_id": "V01", "tile": "siret3_r021_c012.tif", "area_m2": 0.281}, "geometry": {"type": "Polygon", "coordinates": [[[629646.5750000001, 5220142.275], [629646.525, 5220142.100000001], [629646.425, 5220142.05], [629646.625, 5220141.875], [629646.625, 5220141.725000001], [629646.9, 5220141.625], [629647.05, 5220141.45], [629647.15, 5220141.475000001], [629647.2000000001, 5220141.65], [629647.0750000001, 5220141.9], [629646.85, 5220142.0], [629646.75, 5220142.275], [629646.5750000001, 5220142.275]]]}}, {"type": "Feature", "properties": {"vineyard_id": "V01", "tile": "siret3_r021_c012.tif", "area_m2": 0.431}, "geometry": {"type": "Polygon", "coordinates": [[[629647.5750000001, 5220141.375], [629647.3250000001, 5220141.3], [629647.25, 5220141.0], [629647.3250000001, 5220140.8], [629647.425, 5220140.65], [629647.5750000001, 5220140.675], [629647.725, 5220140.475000001], [629647.975, 5220140.475000001], [629647.975, 5220140.9], [629647.5750000001, 5220141.375]]]}}, {"type": "Feature", "properties": {"vineyard_id": "V01", "tile": "siret3_r021_c012.tif", "area_m2": 0.298}, "geometry": {"type": "Polygon", "coordinates": [[[629648.375, 5220140.3], [629648.3250000001, 5220140.125], [629648.15, 5220140.05], [629648.2000000001, 5220139.65], [629648.375, 5220139.425], [629648.55, 5220139.575], [629648.875, 5220139.55], [629648.8250000001, 5220139.725000001], [629648.5750000001, 5220139.725000001], [629648.5750000001, 5220140.0], [629648.4500000001, 5220140.3], [629648.375, 5220140.3]]]}}, {"type": "Feature", "properties": {"vineyard_id": "V01", "tile": "siret3_r021_c012.tif", "area_m2": 0.339}, "geometry": {"type": "Polygon", "coordinates": [[[629648.9500000001, 5220139.325], [629648.8250000001, 5220139.175], [629648.8, 5220139.075], [629648.8250000001, 5220138.975000001], [629648.9, 5220139.075], [629649.1, 5220139.05], [629649.175, 5220138.850000001], [629649.425, 5220138.600000001], [629649.475, 5220138.375], [629649.9, 5220138.4], [629649.225, 5220139.25], [629648.9500000001, 5220139.325]]]}}, {"type": "Feature", "properties": {"vineyard_id": "V01", "tile": "siret3_r021_c012.tif", "area_m2": 1.285}, "geometry": {"type": "Polygon", "coordinates": [[[629651.875, 5220135.8], [629651.775, 5220135.7], [629651.8, 5220135.45], [629651.675, 5220135.350000001], [629651.725, 5220135.100000001], [629652.025, 5220135.025], [629652.05, 5220134.675], [629652.275, 5220134.375], [629652.475, 5220134.325], [629652.625, 5220134.125], [629652.6, 5220133.95], [629653.0750000001, 5220133.350000001], [629653.55, 5220133.4], [629653.55, 5220133.600000001], [629653.225, 5220133.850000001], [629653.225, 5220133.95], [629653.0750000001, 5220134.0], [629653.025, 5220134.375], [629652.525, 5220134.9], [629652.475, 5220135.075], [629652.3250000001, 5220135.100000001], [629652.3250000001, 5220135.25], [629651.875, 5220135.8]]]}}, {"type": "Feature", "properties": {"vineyard_id": "V01", "tile": "siret3_r021_c012.tif", "area_m2": 0.769}, "geometry": {"type": "Polygon", "coordinates": [[[629650.725, 5220137.2], [629650.725, 5220136.9], [629650.475, 5220136.850000001], [629650.5750000001, 5220136.575], [629650.675, 5220136.45], [629650.9500000001, 5220136.4], [629650.925, 5220136.225000001], [629651.3250000001, 5220135.675], [629651.425, 5220135.675], [629651.5, 5220135.850000001], [629651.725, 5220135.825], [629651.775, 5220135.725000001], [629651.9, 5220135.825], [629651.85, 5220135.9], [629651.55, 5220136.275], [629651.375, 5220136.325], [629651.3250000001, 5220136.575], [629651.125, 5220136.725000001], [629650.9, 5220137.125], [629650.725, 5220137.2]]]}}, {"type": "Feature", "properties": {"vineyard_id": "V01", "tile": "siret3_r021_c012.tif", "area_m2": 1.586}, "geometry": {"type": "Polygon", "coordinates": [[[629655.275, 5220131.325], [629655.0750000001, 5220131.325], [629655.05, 5220131.075], [629655.25, 5220130.725000001], [629655.425, 5220130.600000001], [629655.4, 5220130.350000001], [629655.675, 5220130.3], [629655.85, 5220130.125], [629656.025, 5220130.075], [629656.025, 5220129.925], [629655.875, 5220129.9], [629655.85, 5220129.75], [629656.2000000001, 5220129.5], [629656.2000000001, 5220129.350000001], [629656.3250000001, 5220129.25], [629656.35, 5220129.100000001], [629656.875, 5220128.45], [629657.0, 5220128.575], [629657.125, 5220128.55], [629657.175, 5220128.3], [629657.275, 5220128.225000001], [629657.25, 5220127.925], [629657.375, 5220127.825], [629657.5750000001, 5220127.975000001], [629657.5750000001, 5220128.4], [629657.4, 5220128.45], [629657.4, 5220128.625], [629657.25, 5220128.9], [629656.9, 5220129.225000001], [629656.85, 5220129.225000001], [629656.8, 5220129.25], [629656.85, 5220129.125], [629656.775, 5220129.075], [629656.525, 5220129.100000001], [629656.525, 5220129.275], [629656.675, 5220129.375], [629656.7000000001, 5220129.5], [629656.55, 5220129.65], [629656.5, 5220129.875], [629656.0750000001, 5220130.375], [629655.875, 5220130.375], [629655.75, 5220130.475000001], [629655.75, 5220130.575], [629655.875, 5220130.675], [629655.7000000001, 5220130.775], [629655.5750000001, 5220131.05], [629655.425, 5220131.05], [629655.275, 5220131.325]]]}}, {"type": "Feature", "properties": {"vineyard_id": "V01", "tile": "siret3_r021_c012.tif", "area_m2": 0.482}, "geometry": {"type": "Polygon", "coordinates": [[[629640.15, 5220146.5], [629640.0, 5220146.375], [629640.125, 5220146.0], [629640.125, 5220145.600000001], [629640.175, 5220145.525], [629640.225, 5220145.600000001], [629640.4, 5220145.600000001], [629640.475, 5220145.375], [629640.75, 5220145.350000001], [629640.8, 5220145.100000001], [629640.925, 5220145.100000001], [629641.0, 5220145.25], [629640.85, 5220145.625], [629640.725, 5220145.775], [629640.525, 5220145.65], [629640.4, 5220145.675], [629640.525, 5220146.05], [629640.15, 5220146.5]]]}}, {"type": "Feature", "properties": {"vineyard_id": "V01", "tile": "siret3_r021_c012.tif", "area_m2": 0.238}, "geometry": {"type": "Polygon", "coordinates": [[[629641.7000000001, 5220144.275], [629641.625, 5220144.2], [629641.7000000001, 5220143.9], [629641.525, 5220143.775], [629641.725, 5220143.5], [629642.025, 5220143.350000001], [629642.0750000001, 5220143.600000001], [629641.925, 5220143.65], [629641.85, 5220143.775], [629641.925, 5220143.975000001], [629641.9, 5220144.2], [629641.7000000001, 5220144.275]]]}}, {"type": "Feature", "properties": {"vineyard_id": "V01", "tile": "siret3_r021_c012.tif", "area_m2": 0.41}, "geometry": {"type": "Polygon", "coordinates": [[[629642.9500000001, 5220142.575], [629642.9, 5220142.3], [629642.7000000001, 5220142.225000001], [629642.85, 5220142.025], [629643.025, 5220142.0], [629643.2000000001, 5220141.850000001], [629643.5, 5220141.850000001], [629643.5, 5220141.65], [629643.625, 5220141.55], [629643.775, 5220141.625], [629643.8250000001, 5220141.725000001], [629643.7000000001, 5220141.875], [629643.5, 5220141.875], [629643.5750000001, 5220142.05], [629643.4500000001, 5220142.225000001], [629643.275, 5220142.25], [629643.175, 5220142.5], [629642.9500000001, 5220142.575]]]}}, {"type": "Feature", "properties": {"vineyard_id": "V01", "tile": "siret3_r021_c012.tif", "area_m2": 0.377}, "geometry": {"type": "Polygon", "coordinates": [[[629644.05, 5220141.2], [629644.0, 5220141.025], [629643.8250000001, 5220140.95], [629643.8250000001, 5220140.75], [629644.15, 5220140.325], [629644.425, 5220140.3], [629644.4500000001, 5220140.125], [629644.55, 5220140.100000001], [629644.65, 5220140.3], [629644.4500000001, 5220140.325], [629644.5, 5220140.600000001], [629644.275, 5220140.825], [629644.175, 5220141.15], [629644.05, 5220141.2]]]}}, {"type": "Feature", "properties": {"vineyard_id": "V01", "tile": "siret3_r021_c012.tif", "area_m2": 0.291}, "geometry": {"type": "Polygon", "coordinates": [[[629644.75, 5220140.0], [629644.65, 5220139.775], [629644.975, 5220139.600000001], [629644.975, 5220139.25], [629645.35, 5220139.125], [629645.55, 5220139.15], [629645.5750000001, 5220139.350000001], [629645.35, 5220139.375], [629645.1, 5220139.625], [629645.05, 5220139.9], [629644.75, 5220140.0]]]}}, {"type": "Feature", "properties": {"vineyard_id": "V01", "tile": "siret3_r021_c012.tif", "area_m2": 1.06}, "geometry": {"type": "Polygon", "coordinates": [[[629645.525, 5220139.0], [629645.4, 5220138.7], [629645.5750000001, 5220138.475000001], [629645.725, 5220138.475000001], [629645.775, 5220138.2], [629646.1, 5220137.775], [629646.25, 5220137.625], [629646.5, 5220137.600000001], [629646.425, 5220137.350000001], [629646.675, 5220137.025], [629646.85, 5220137.0], [629646.9500000001, 5220137.3], [629646.775, 5220137.4], [629646.775, 5220137.5], [629646.975, 5220137.600000001], [629646.6, 5220138.100000001], [629646.275, 5220138.3], [629646.2000000001, 5220138.625], [629645.975, 5220138.875], [629645.675, 5220138.75], [629645.65, 5220138.975000001], [629645.525, 5220139.0]]]}}, {"type": "Feature", "properties": {"vineyard_id": "V01", "tile": "siret3_r021_c012.tif", "area_m2": 0.328}, "geometry": {"type": "Polygon", "coordinates": [[[629647.1, 5220137.350000001], [629647.25, 5220136.75], [629647.5, 5220136.75], [629647.5, 5220136.5], [629647.6, 5220136.325], [629647.8, 5220136.25], [629647.9500000001, 5220135.975000001], [629648.125, 5220135.975000001], [629648.15, 5220136.075], [629647.3250000001, 5220137.15], [629647.175, 5220137.225000001], [629647.175, 5220137.350000001], [629647.1, 5220137.350000001]]]}}, {"type": "Feature", "properties": {"vineyard_id": "V01", "tile": "siret3_r021_c012.tif", "area_m2": 0.242}, "geometry": {"type": "Polygon", "coordinates": [[[629648.55, 5220135.55], [629648.475, 5220135.525], [629648.4500000001, 5220135.350000001], [629648.275, 5220135.275], [629648.3, 5220135.100000001], [629648.475, 5220134.850000001], [629648.925, 5220135.0], [629648.55, 5220135.55]]]}}, {"type": "Feature", "properties": {"vineyard_id": "V01", "tile": "siret3_r021_c012.tif", "area_m2": 0.647}, "geometry": {"type": "Polygon", "coordinates": [[[629650.0, 5220133.65], [629649.725, 5220133.575], [629649.6, 5220133.4], [629649.6, 5220133.25], [629649.75, 5220133.075], [629649.9500000001, 5220133.0], [629649.925, 5220132.775], [629650.125, 5220132.525], [629650.25, 5220132.5], [629650.225, 5220132.375], [629650.55, 5220131.975000001], [629650.675, 5220132.100000001], [629650.55, 5220132.225000001], [629650.5750000001, 5220132.475000001], [629650.425, 5220132.65], [629650.4, 5220132.825], [629650.225, 5220132.95], [629650.3, 5220133.25], [629650.0, 5220133.65]]]}}, {"type": "Feature", "properties": {"vineyard_id": "V01", "tile": "siret3_r021_c012.tif", "area_m2": 1.239}, "geometry": {"type": "Polygon", "coordinates": [[[629651.5750000001, 5220131.5], [629651.425, 5220131.375], [629651.475, 5220131.175], [629651.675, 5220131.05], [629651.875, 5220130.625], [629652.025, 5220130.65], [629652.125, 5220130.575], [629652.1, 5220130.425], [629651.8250000001, 5220130.4], [629651.85, 5220130.25], [629652.175, 5220130.15], [629652.25, 5220129.775], [629652.4, 5220129.675], [629652.425, 5220129.5], [629652.775, 5220129.3], [629652.775, 5220129.05], [629653.025, 5220128.725000001], [629653.3250000001, 5220128.7], [629653.55, 5220128.575], [629653.5750000001, 5220128.9], [629653.475, 5220129.05], [629653.0750000001, 5220129.375], [629653.0750000001, 5220129.5], [629653.15, 5220129.525], [629653.1, 5220129.600000001], [629652.7000000001, 5220129.825], [629652.675, 5220130.025], [629652.75, 5220130.05], [629652.5, 5220130.05], [629652.5, 5220130.375], [629652.4500000001, 5220130.225000001], [629652.275, 5220130.225000001], [629652.275, 5220130.350000001], [629652.375, 5220130.425], [629652.35, 5220130.575], [629652.0750000001, 5220130.925], [629651.775, 5220131.125], [629651.775, 5220131.325], [629651.5750000001, 5220131.5]]]}}, {"type": "Feature", "properties": {"vineyard_id": "V01", "tile": "siret3_r021_c012.tif", "area_m2": 0.429}, "geometry": {"type": "Polygon", "coordinates": [[[629653.375, 5220128.375], [629653.3250000001, 5220128.325], [629653.65, 5220128.075], [629653.675, 5220127.925], [629653.875, 5220127.95], [629654.0750000001, 5220127.725000001], [629654.175, 5220127.3], [629654.5750000001, 5220127.25], [629654.625, 5220127.425], [629654.3250000001, 5220127.525], [629654.3, 5220127.75], [629654.375, 5220127.925], [629654.175, 5220128.0], [629654.0750000001, 5220128.325], [629654.0, 5220128.350000001], [629653.9, 5220128.2], [629653.8, 5220128.2], [629653.725, 5220128.325], [629653.5, 5220128.3], [629653.375, 5220128.375]]]}}, {"type": "Feature", "properties": {"vineyard_id": "V01", "tile": "siret3_r021_c012.tif", "area_m2": 0.357}, "geometry": {"type": "Polygon", "coordinates": [[[629655.225, 5220126.425], [629655.175, 5220125.9], [629655.475, 5220125.675], [629655.55, 5220125.475000001], [629655.675, 5220125.5], [629655.85, 5220125.65], [629655.875, 5220125.875], [629655.65, 5220126.100000001], [629655.475, 5220126.125], [629655.425, 5220126.375], [629655.225, 5220126.425]]]}}, {"type": "Feature", "properties": {"vineyard_id": "V01", "tile": "siret3_r021_c012.tif", "area_m2": 0.291}, "geometry": {"type": "Polygon", "coordinates": [[[629657.025, 5220124.15], [629657.025, 5220123.825], [629657.3, 5220123.45], [629657.25, 5220123.2], [629657.5750000001, 5220123.225000001], [629657.5750000001, 5220123.475000001], [629657.475, 5220123.525], [629657.475, 5220123.675], [629657.375, 5220123.775], [629657.4, 5220123.975000001], [629657.25, 5220124.15], [629657.025, 5220124.15]]]}}, {"type": "Feature", "properties": {"vineyard_id": "V01", "tile": "siret3_r021_c012.tif", "area_m2": 0.593}, "geometry": {"type": "Polygon", "coordinates": [[[629655.925, 5220125.600000001], [629655.85, 5220125.100000001], [629656.025, 5220124.925], [629656.0750000001, 5220124.725000001], [629656.15, 5220124.725000001], [629656.175, 5220125.025], [629656.4500000001, 5220124.925], [629656.4500000001, 5220124.725000001], [629656.3, 5220124.475000001], [629656.4, 5220124.3], [629657.025, 5220124.175], [629656.9500000001, 5220124.375], [629656.5750000001, 5220124.475000001], [629656.6, 5220124.600000001], [629656.875, 5220124.65], [629656.425, 5220125.25], [629656.025, 5220125.600000001], [629655.925, 5220125.600000001]]]}}, {"type": "Feature", "properties": {"vineyard_id": "V01", "tile": "siret3_r021_c012.tif", "area_m2": 0.266}, "geometry": {"type": "Polygon", "coordinates": [[[629636.0, 5220147.125], [629635.75, 5220147.075], [629635.675, 5220146.925], [629635.9, 5220146.75], [629635.9, 5220146.575], [629636.0, 5220146.475000001], [629636.225, 5220146.425], [629636.375, 5220146.55], [629636.375, 5220146.7], [629636.175, 5220146.775], [629636.2000000001, 5220146.925], [629636.0, 5220147.125]]]}}, {"type": "Feature", "properties": {"vineyard_id": "V01", "tile": "siret3_r021_c012.tif", "area_m2": 0.423}, "geometry": {"type": "Polygon", "coordinates": [[[629637.0, 5220145.600000001], [629636.975, 5220145.5], [629636.725, 5220145.55], [629636.7000000001, 5220145.375], [629636.975, 5220145.2], [629636.975, 5220145.0], [629637.0750000001, 5220144.825], [629637.2000000001, 5220144.7], [629637.3250000001, 5220144.7], [629637.4500000001, 5220144.475000001], [629637.55, 5220144.475000001], [629637.55, 5220144.9], [629637.425, 5220145.100000001], [629637.425, 5220145.275], [629637.15, 5220145.3], [629637.175, 5220145.5], [629637.0, 5220145.600000001]]]}}, {"type": "Feature", "properties": {"vineyard_id": "V01", "tile": "siret3_r021_c012.tif", "area_m2": 0.913}, "geometry": {"type": "Polygon", "coordinates": [[[629638.175, 5220144.325], [629637.85, 5220143.975000001], [629637.9, 5220143.75], [629638.1, 5220143.600000001], [629638.15, 5220143.425], [629638.4, 5220143.425], [629638.35, 5220143.175], [629638.675, 5220142.875], [629638.75, 5220142.675], [629638.9500000001, 5220142.55], [629639.125, 5220142.65], [629639.35, 5220142.625], [629639.3250000001, 5220142.875], [629639.0, 5220143.125], [629638.975, 5220143.325], [629638.85, 5220143.475000001], [629638.6, 5220143.325], [629638.475, 5220143.350000001], [629638.475, 5220143.45], [629638.65, 5220143.525], [629638.7000000001, 5220143.675], [629638.5, 5220143.825], [629638.5, 5220143.95], [629638.175, 5220144.325]]]}}, {"type": "Feature", "properties": {"vineyard_id": "V01", "tile": "siret3_r021_c012.tif", "area_m2": 0.244}, "geometry": {"type": "Polygon", "coordinates": [[[629639.975, 5220142.0], [629639.675, 5220141.95], [629639.9, 5220141.65], [629639.875, 5220141.45], [629640.05, 5220141.375], [629640.125, 5220141.175], [629640.225, 5220141.125], [629640.3, 5220141.350000001], [629640.15, 5220141.8], [629639.975, 5220142.0]]]}}, {"type": "Feature", "properties": {"vineyard_id": "V01", "tile": "siret3_r021_c012.tif", "area_m2": 0.618}, "geometry": {"type": "Polygon", "coordinates": [[[629640.725, 5220140.95], [629640.7000000001, 5220140.775], [629640.85, 5220140.675], [629640.85, 5220140.575], [629640.8250000001, 5220140.45], [629640.675, 5220140.4], [629640.675, 5220140.25], [629640.925, 5220140.0], [629641.025, 5220139.7], [629641.2000000001, 5220139.675], [629641.225, 5220139.425], [629641.5750000001, 5220138.975000001], [629641.675, 5220139.05], [629641.675, 5220139.725000001], [629641.275, 5220139.775], [629641.275, 5220139.875], [629641.475, 5220139.975000001], [629641.275, 5220140.125], [629640.975, 5220140.175], [629641.05, 5220140.525], [629640.9, 5220140.825], [629640.725, 5220140.95]]]}}, {"type": "Feature", "properties": {"vineyard_id": "V01", "tile": "siret3_r021_c012.tif", "area_m2": 0.372}, "geometry": {"type": "Polygon", "coordinates": [[[629642.5750000001, 5220138.45], [629642.4500000001, 5220138.325], [629642.25, 5220138.350000001], [629642.175, 5220138.25], [629642.4, 5220138.100000001], [629642.4500000001, 5220137.825], [629642.725, 5220137.600000001], [629642.775, 5220137.45], [629643.025, 5220137.45], [629643.1, 5220137.65], [629642.85, 5220137.7], [629642.875, 5220137.925], [629643.025, 5220138.0], [629642.725, 5220138.100000001], [629642.65, 5220138.425], [629642.5750000001, 5220138.45]]]}}, {"type": "Feature", "properties": {"vineyard_id": "V01", "tile": "siret3_r021_c012.tif", "area_m2": 1.019}, "geometry": {"type": "Polygon", "coordinates": [[[629643.4, 5220137.375], [629643.25, 5220137.2], [629643.05, 5220137.2], [629643.0, 5220137.125], [629643.175, 5220136.9], [629643.4, 5220136.95], [629643.5, 5220136.625], [629643.875, 5220136.475000001], [629643.9, 5220136.175], [629643.8250000001, 5220136.05], [629643.975, 5220135.95], [629644.275, 5220136.0], [629644.525, 5220135.5], [629644.7000000001, 5220135.325], [629645.025, 5220135.350000001], [629645.025, 5220135.45], [629643.8, 5220137.05], [629643.5750000001, 5220137.325], [629643.4, 5220137.375]]]}}, {"type": "Feature", "properties": {"vineyard_id": "V01", "tile": "siret3_r021_c012.tif", "area_m2": 0.815}, "geometry": {"type": "Polygon", "coordinates": [[[629644.925, 5220135.025], [629644.8, 5220134.975000001], [629644.875, 5220134.675], [629645.0, 5220134.525], [629645.2000000001, 5220134.5], [629645.525, 5220133.850000001], [629645.65, 5220133.75], [629645.9500000001, 5220133.850000001], [629646.15, 5220133.600000001], [629646.15, 5220133.425], [629646.275, 5220133.350000001], [629646.2000000001, 5220132.95], [629646.275, 5220132.9], [629646.425, 5220133.075], [629646.6, 5220133.100000001], [629646.7000000001, 5220133.2], [629646.675, 5220133.3], [629646.1, 5220134.05], [629645.9500000001, 5220134.2], [629645.55, 5220134.25], [629645.55, 5220134.5], [629645.3250000001, 5220134.575], [629645.25, 5220134.8], [629645.05, 5220134.8], [629645.025, 5220134.95], [629644.925, 5220135.025]]]}}, {"type": "Feature", "properties": {"vineyard_id": "V01", "tile": "siret3_r021_c012.tif", "area_m2": 0.371}, "geometry": {"type": "Polygon", "coordinates": [[[629646.75, 5220132.8], [629646.7000000001, 5220132.600000001], [629646.8250000001, 5220132.350000001], [629647.0750000001, 5220132.325], [629647.225, 5220132.100000001], [629647.3, 5220131.75], [629647.4500000001, 5220131.7], [629647.675, 5220131.775], [629647.75, 5220131.9], [629647.425, 5220132.325], [629647.25, 5220132.45], [629647.0, 5220132.475000001], [629646.875, 5220132.75], [629646.75, 5220132.8]]]}}, {"type": "Feature", "properties": {"vineyard_id": "V01", "tile": "siret3_r021_c012.tif", "area_m2": 0.571}, "geometry": {"type": "Polygon", "coordinates": [[[629647.775, 5220131.575], [629647.625, 5220131.475000001], [629647.775, 5220131.25], [629647.7000000001, 5220131.0], [629647.75, 5220130.925], [629648.175, 5220130.425], [629648.55, 5220130.45], [629648.5750000001, 5220130.825], [629648.375, 5220130.975000001], [629648.15, 5220131.375], [629647.9, 5220131.4], [629647.775, 5220131.575]]]}}, {"type": "Feature", "properties": {"vineyard_id": "V01", "tile": "siret3_r021_c012.tif", "area_m2": 0.204}, "geometry": {"type": "Polygon", "coordinates": [[[629648.875, 5220130.225000001], [629648.725, 5220129.95], [629648.8, 5220129.775], [629649.05, 5220129.625], [629649.425, 5220129.55], [629649.275, 5220129.875], [629649.125, 5220130.0], [629648.875, 5220130.025], [629648.875, 5220130.225000001]]]}}, {"type": "Feature", "properties": {"vineyard_id": "V01", "tile": "siret3_r021_c012.tif", "area_m2": 0.799}, "geometry": {"type": "Polygon", "coordinates": [[[629649.9500000001, 5220128.95], [629649.75, 5220128.65], [629649.7000000001, 5220128.4], [629650.0750000001, 5220127.9], [629650.225, 5220127.9], [629650.2000000001, 5220127.75], [629650.5750000001, 5220127.25], [629650.65, 5220127.25], [629650.75, 5220127.375], [629650.75, 5220127.675], [629650.85, 5220127.8], [629650.65, 5220128.100000001], [629650.4, 5220128.125], [629650.475, 5220128.350000001], [629650.275, 5220128.45], [629650.25, 5220128.65], [629650.125, 5220128.65], [629650.05, 5220128.725000001], [629650.0750000001, 5220128.850000001], [629649.9500000001, 5220128.95]]]}}, {"type": "Feature", "properties": {"vineyard_id": "V01", "tile": "siret3_r021_c012.tif", "area_m2": 0.304}, "geometry": {"type": "Polygon", "coordinates": [[[629650.8250000001, 5220127.075], [629650.775, 5220127.0], [629651.4, 5220126.175], [629651.475, 5220126.125], [629651.675, 5220126.225000001], [629651.55, 5220126.625], [629651.2000000001, 5220126.725000001], [629651.125, 5220127.0], [629650.8250000001, 5220127.075]]]}}, {"type": "Feature", "properties": {"vineyard_id": "V01", "tile": "siret3_r021_c012.tif", "area_m2": 0.657}, "geometry": {"type": "Polygon", "coordinates": [[[629651.65, 5220126.0], [629651.5750000001, 5220125.95], [629652.225, 5220125.100000001], [629652.375, 5220125.0], [629652.55, 5220124.675], [629652.775, 5220124.600000001], [629652.6, 5220124.850000001], [629652.725, 5220125.4], [629652.65, 5220125.525], [629652.4, 5220125.675], [629652.275, 5220125.925], [629651.65, 5220126.0]]]}}, {"type": "Feature", "properties": {"vineyard_id": "V01", "tile": "siret3_r021_c012.tif", "area_m2": 0.998}, "geometry": {"type": "Polygon", "coordinates": [[[629653.925, 5220123.850000001], [629653.625, 5220123.625], [629653.625, 5220123.275], [629653.875, 5220122.975000001], [629654.025, 5220123.125], [629654.125, 5220123.125], [629654.275, 5220122.95], [629654.175, 5220122.675], [629654.3250000001, 5220122.375], [629654.8250000001, 5220121.775], [629655.1, 5220121.8], [629655.125, 5220121.95], [629654.925, 5220122.025], [629654.975, 5220122.275], [629654.8, 5220122.525], [629654.775, 5220122.75], [629654.5, 5220122.95], [629654.4500000001, 5220123.175], [629653.925, 5220123.850000001]]]}}, {"type": "Feature", "properties": {"vineyard_id": "V01", "tile": "siret3_r021_c012.tif", "area_m2": 0.328}, "geometry": {"type": "Polygon", "coordinates": [[[629656.125, 5220121.0], [629656.025, 5220120.925], [629656.025, 5220120.675], [629656.1, 5220120.625], [629656.025, 5220120.25], [629656.25, 5220120.175], [629656.25, 5220120.0], [629656.3250000001, 5220119.975000001], [629656.525, 5220120.15], [629656.6, 5220120.375], [629656.125, 5220121.0]]]}}, {"type": "Feature", "properties": {"vineyard_id": "V01", "tile": "siret3_r021_c012.tif", "area_m2": 0.294}, "geometry": {"type": "Polygon", "coordinates": [[[629655.375, 5220121.55], [629655.175, 5220121.350000001], [629655.3250000001, 5220121.075], [629655.625, 5220121.15], [629655.8250000001, 5220120.95], [629656.1, 5220121.0], [629655.9, 5220121.175], [629655.875, 5220121.325], [629655.7000000001, 5220121.525], [629655.375, 5220121.55]]]}}, {"type": "Feature", "properties": {"vineyard_id": "V01", "tile": "siret3_r021_c012.tif", "area_m2": 0.297}, "geometry": {"type": "Polygon", "coordinates": [[[629656.975, 5220119.875], [629656.9, 5220119.65], [629657.1, 5220119.5], [629657.15, 5220119.2], [629656.8250000001, 5220119.25], [629656.8, 5220119.175], [629657.025, 5220119.125], [629657.15, 5220118.925], [629657.4, 5220118.850000001], [629657.475, 5220118.7], [629657.5750000001, 5220118.600000001], [629657.5750000001, 5220118.925], [629657.4, 5220118.95], [629657.425, 5220119.3], [629656.975, 5220119.875]]]}}, {"type": "Feature", "properties": {"vineyard_id": "V01", "tile": "siret3_r021_c012.tif", "area_m2": 0.643}, "geometry": {"type": "Polygon", "coordinates": [[[629631.55, 5220147.2], [629631.6, 5220147.075], [629631.8, 5220147.05], [629631.8, 5220146.850000001], [629631.625, 5220146.75], [629631.7000000001, 5220146.625], [629631.85, 5220146.8], [629631.975, 5220146.8], [629632.2000000001, 5220146.475000001], [629632.225, 5220146.075], [629632.375, 5220146.025], [629632.425, 5220145.9], [629632.675, 5220145.775], [629632.8250000001, 5220145.575], [629632.9, 5220145.600000001], [629632.975, 5220145.850000001], [629632.8, 5220146.0], [629632.7000000001, 5220146.3], [629632.375, 5220146.725000001], [629632.175, 5220146.825], [629632.025, 5220147.2], [629631.55, 5220147.2]]]}}, {"type": "Feature", "properties": {"vineyard_id": "V01", "tile": "siret3_r021_c012.tif", "area_m2": 0.576}, "geometry": {"type": "Polygon", "coordinates": [[[629633.8250000001, 5220144.825], [629633.75, 5220144.65], [629633.8, 5220144.225000001], [629634.3, 5220143.825], [629634.3250000001, 5220143.375], [629634.525, 5220143.3], [629634.6, 5220143.125], [629634.775, 5220143.125], [629634.925, 5220143.45], [629634.275, 5220144.275], [629634.0, 5220144.325], [629633.8250000001, 5220144.825]]]}}, {"type": "Feature", "properties": {"vineyard_id": "V01", "tile": "siret3_r021_c012.tif", "area_m2": 0.258}, "geometry": {"type": "Polygon", "coordinates": [[[629634.8, 5220143.05], [629634.725, 5220142.875], [629634.85, 5220142.75], [629634.925, 5220142.475000001], [629635.15, 5220142.525], [629635.225, 5220142.45], [629635.5, 5220142.7], [629635.275, 5220142.975000001], [629635.05, 5220142.850000001], [629634.925, 5220143.025], [629634.8, 5220143.05]]]}}, {"type": "Feature", "properties": {"vineyard_id": "V01", "tile": "siret3_r021_c012.tif", "area_m2": 0.85}, "geometry": {"type": "Polygon", "coordinates": [[[629635.475, 5220142.275], [629635.425, 5220142.125], [629635.6, 5220142.025], [629635.65, 5220141.65], [629635.8250000001, 5220141.575], [629635.8, 5220141.350000001], [629636.05, 5220141.2], [629636.0750000001, 5220141.025], [629636.5, 5220140.45], [629636.775, 5220140.425], [629636.9, 5220140.225000001], [629637.1, 5220140.2], [629637.15, 5220140.325], [629636.925, 5220140.55], [629636.9500000001, 5220140.7], [629637.025, 5220140.725000001], [629636.925, 5220140.875], [629636.7000000001, 5220140.925], [629636.525, 5220141.100000001], [629636.225, 5220141.125], [629636.375, 5220141.575], [629636.3250000001, 5220141.5], [629636.175, 5220141.55], [629636.225, 5220141.775], [629636.15, 5220141.875], [629635.9, 5220141.7], [629635.775, 5220141.7], [629635.7000000001, 5220141.875], [629635.925, 5220141.975000001], [629635.925, 5220142.125], [629635.675, 5220142.15], [629635.475, 5220142.275]]]}}, {"type": "Feature", "properties": {"vineyard_id": "V01", "tile": "siret3_r021_c012.tif", "area_m2": 0.738}, "geometry": {"type": "Polygon", "coordinates": [[[629637.55, 5220139.65], [629637.425, 5220139.575], [629637.4, 5220139.3], [629637.8, 5220138.8], [629637.8250000001, 5220138.875], [629638.05, 5220138.8], [629638.1, 5220138.4], [629638.3, 5220138.225000001], [629638.775, 5220137.525], [629638.775, 5220137.8], [629638.625, 5220137.95], [629638.625, 5220138.15], [629638.375, 5220138.350000001], [629638.3250000001, 5220138.5], [629638.425, 5220138.95], [629638.175, 5220139.25], [629637.875, 5220139.350000001], [629637.75, 5220139.575], [629637.55, 5220139.65]]]}}, {"type": "Feature", "properties": {"vineyard_id": "V01", "tile": "siret3_r021_c012.tif", "area_m2": 0.296}, "geometry": {"type": "Polygon", "coordinates": [[[629639.475, 5220137.575], [629639.4, 5220137.4], [629639.2000000001, 5220137.375], [629639.05, 5220137.175], [629639.225, 5220136.975000001], [629639.375, 5220137.0], [629639.425, 5220136.8], [629639.625, 5220136.7], [629639.7000000001, 5220136.725000001], [629639.725, 5220136.875], [629639.625, 5220137.325], [629639.475, 5220137.475000001], [629639.475, 5220137.575]]]}}, {"type": "Feature", "properties": {"vineyard_id": "V01", "tile": "siret3_r021_c012.tif", "area_m2": 0.703}, "geometry": {"type": "Polygon", "coordinates": [[[629639.975, 5220136.75], [629639.75, 5220136.475000001], [629639.775, 5220136.25], [629640.025, 5220135.925], [629640.2000000001, 5220135.875], [629640.25, 5220135.725000001], [629640.4500000001, 5220135.65], [629640.65, 5220135.425], [629640.6, 5220135.2], [629640.675, 5220135.100000001], [629641.025, 5220135.225000001], [629640.9500000001, 5220135.7], [629640.475, 5220135.9], [629640.475, 5220136.2], [629640.275, 5220136.45], [629640.0, 5220136.600000001], [629639.975, 5220136.75]]]}}, {"type": "Feature", "properties": {"vineyard_id": "V01", "tile": "siret3_r021_c012.tif", "area_m2": 0.812}, "geometry": {"type": "Polygon", "coordinates": [[[629642.375, 5220133.825], [629642.05, 5220133.8], [629642.0, 5220133.7], [629642.0750000001, 5220133.625], [629642.425, 5220133.600000001], [629642.475, 5220133.0], [629642.375, 5220132.975000001], [629642.375, 5220132.9], [629643.15, 5220131.925], [629643.475, 5220131.925], [629643.4500000001, 5220131.8], [629643.25, 5220131.775], [629643.4500000001, 5220131.55], [629643.5750000001, 5220131.875], [629643.85, 5220131.9], [629643.8, 5220132.025], [629643.5750000001, 5220132.25], [629643.425, 5220132.275], [629643.3250000001, 5220132.65], [629643.225, 5220132.65], [629643.025, 5220132.325], [629642.9, 5220132.350000001], [629642.875, 5220132.625], [629642.675, 5220133.025], [629642.675, 5220133.275], [629642.75, 5220133.375], [629642.375, 5220133.825]]]}}, {"type": "Feature", "properties": {"vineyard_id": "V01", "tile": "siret3_r021_c012.tif", "area_m2": 0.531}, "geometry": {"type": "Polygon", "coordinates": [[[629644.375, 5220131.25], [629643.875, 5220131.05], [629643.875, 5220130.975000001], [629644.85, 5220129.75], [629644.975, 5220130.075], [629644.8, 5220130.125], [629644.625, 5220130.4], [629644.475, 5220130.425], [629644.625, 5220130.975000001], [629644.375, 5220131.25]]]}}, {"type": "Feature", "properties": {"vineyard_id": "V01", "tile": "siret3_r021_c012.tif", "area_m2": 0.572}, "geometry": {"type": "Polygon", "coordinates": [[[629645.5750000001, 5220129.725000001], [629645.5, 5220129.65], [629645.3250000001, 5220129.675], [629645.225, 5220129.575], [629645.3250000001, 5220129.25], [629645.475, 5220129.125], [629645.4500000001, 5220128.95], [629645.725, 5220128.725000001], [629646.025, 5220128.825], [629646.1, 5220128.65], [629646.55, 5220128.425], [629646.225, 5220128.925], [629646.0, 5220128.975000001], [629646.025, 5220129.175], [629645.875, 5220129.350000001], [629645.725, 5220129.375], [629645.725, 5220129.55], [629645.5750000001, 5220129.725000001]]]}}, {"type": "Feature", "properties": {"vineyard_id": "V01", "tile": "siret3_r021_c012.tif", "area_m2": 1.064}, "geometry": {"type": "Polygon", "coordinates": [[[629646.75, 5220128.15], [629646.7000000001, 5220128.0], [629646.525, 5220128.100000001], [629646.4, 5220128.075], [629646.4, 5220127.875], [629646.675, 5220127.775], [629646.65, 5220127.45], [629647.125, 5220127.175], [629647.175, 5220126.9], [629647.4, 5220126.55], [629648.125, 5220126.225000001], [629648.15, 5220126.025], [629648.0750000001, 5220125.850000001], [629648.175, 5220125.625], [629648.375, 5220125.675], [629648.4, 5220126.125], [629648.05, 5220126.55], [629647.85, 5220126.525], [629647.9, 5220126.75], [629647.8, 5220126.9], [629647.7000000001, 5220126.825], [629647.55, 5220126.875], [629647.425, 5220127.075], [629647.425, 5220127.375], [629646.8250000001, 5220128.15], [629646.75, 5220128.15]]]}}, {"type": "Feature", "properties": {"vineyard_id": "V01", "tile": "siret3_r021_c012.tif", "area_m2": 0.453}, "geometry": {"type": "Polygon", "coordinates": [[[629649.0, 5220125.350000001], [629648.9, 5220124.825], [629648.675, 5220124.8], [629648.875, 5220124.55], [629649.025, 5220124.5], [629649.0750000001, 5220124.3], [629649.4, 5220123.875], [629649.5, 5220124.05], [629649.3250000001, 5220124.325], [629649.375, 5220124.875], [629649.0, 5220125.350000001]]]}}, {"type": "Feature", "properties": {"vineyard_id": "V01", "tile": "siret3_r021_c012.tif", "area_m2": 0.702}, "geometry": {"type": "Polygon", "coordinates": [[[629650.9, 5220122.875], [629650.5750000001, 5220122.8], [629650.55, 5220122.65], [629650.875, 5220122.225000001], [629650.875, 5220121.975000001], [629651.15, 5220121.625], [629651.175, 5220121.75], [629651.0750000001, 5220121.925], [629651.375, 5220121.975000001], [629651.425, 5220121.775], [629651.65, 5220121.725000001], [629651.65, 5220121.475000001], [629651.75, 5220121.325], [629651.9500000001, 5220121.25], [629652.0, 5220121.45], [629651.8250000001, 5220121.725000001], [629651.2000000001, 5220122.525], [629650.975, 5220122.575], [629651.0, 5220122.775], [629650.9, 5220122.875]]]}}, {"type": "Feature", "properties": {"vineyard_id": "V01", "tile": "siret3_r021_c012.tif", "area_m2": 0.36}, "geometry": {"type": "Polygon", "coordinates": [[[629652.8250000001, 5220120.425], [629652.7000000001, 5220120.325], [629652.775, 5220120.025], [629652.625, 5220119.95], [629652.8, 5220119.600000001], [629652.9500000001, 5220119.625], [629653.0, 5220119.850000001], [629653.15, 5220119.8], [629653.1, 5220119.45], [629652.975, 5220119.325], [629653.0750000001, 5220119.225000001], [629653.3250000001, 5220119.375], [629653.4, 5220119.7], [629653.175, 5220119.9], [629653.1, 5220120.075], [629652.875, 5220120.225000001], [629652.8250000001, 5220120.425]]]}}, {"type": "Feature", "properties": {"vineyard_id": "V01", "tile": "siret3_r021_c012.tif", "area_m2": 0.338}, "geometry": {"type": "Polygon", "coordinates": [[[629654.4, 5220118.350000001], [629654.275, 5220118.025], [629654.425, 5220117.600000001], [629654.525, 5220117.55], [629654.5, 5220117.375], [629654.8250000001, 5220117.075], [629654.925, 5220117.2], [629654.675, 5220117.525], [629654.675, 5220117.675], [629654.8250000001, 5220117.850000001], [629654.4, 5220118.350000001]]]}}, {"type": "Feature", "properties": {"vineyard_id": "V01", "tile": "siret3_r021_c012.tif", "area_m2": 1.357}, "geometry": {"type": "Polygon", "coordinates": [[[629655.3, 5220117.225000001], [629655.225, 5220116.925], [629655.025, 5220116.9], [629654.9500000001, 5220116.75], [629655.0750000001, 5220116.625], [629655.25, 5220116.625], [629655.25, 5220116.45], [629655.35, 5220116.350000001], [629655.675, 5220116.4], [629655.675, 5220116.125], [629655.8250000001, 5220116.075], [629656.3250000001, 5220115.55], [629656.175, 5220115.2], [629656.225, 5220115.100000001], [629656.3250000001, 5220115.025], [629656.65, 5220115.100000001], [629656.8250000001, 5220114.75], [629656.9500000001, 5220114.675], [629656.9, 5220114.45], [629657.3, 5220114.225000001], [629657.3, 5220114.125], [629657.125, 5220114.05], [629657.35, 5220113.825], [629657.5750000001, 5220113.825], [629657.5750000001, 5220114.4], [629657.375, 5220114.575], [629657.2000000001, 5220114.575], [629657.1, 5220114.675], [629657.175, 5220114.850000001], [629656.5750000001, 5220115.600000001], [629656.375, 5220115.600000001], [629656.375, 5220115.875], [629655.9, 5220116.225000001], [629655.9500000001, 5220116.425], [629655.3, 5220117.225000001]]]}}, {"type": "Feature", "properties": {"vineyard_id": "V01", "tile": "siret3_r021_c012.tif", "area_m2": 1.113}, "geometry": {"type": "Polygon", "coordinates": [[[629627.75, 5220147.2], [629628.175, 5220146.675], [629628.8, 5220146.45], [629628.85, 5220145.975000001], [629629.1, 5220145.575], [629629.1, 5220145.45], [629629.3, 5220145.325], [629629.3250000001, 5220145.15], [629629.7000000001, 5220144.775], [629629.7000000001, 5220144.675], [629630.0, 5220144.3], [629630.0750000001, 5220144.475000001], [629630.0, 5220144.675], [629630.05, 5220144.95], [629629.8250000001, 5220145.025], [629629.6, 5220145.225000001], [629629.5750000001, 5220145.5], [629629.4, 5220145.55], [629629.375, 5220145.775], [629629.225, 5220145.850000001], [629629.25, 5220146.0], [629629.175, 5220146.025], [629629.125, 5220146.375], [629628.925, 5220146.475000001], [629628.7000000001, 5220146.9], [629628.55, 5220146.850000001], [629628.475, 5220146.925], [629628.475, 5220147.2], [629627.75, 5220147.2]]]}}, {"type": "Feature", "properties": {"vineyard_id": "V01", "tile": "siret3_r021_c012.tif", "area_m2": 0.546}, "geometry": {"type": "Polygon", "coordinates": [[[629630.4, 5220144.375], [629630.375, 5220144.05], [629630.675, 5220143.675], [629630.65, 5220143.45], [629630.775, 5220143.425], [629630.8250000001, 5220143.225000001], [629631.525, 5220142.325], [629631.725, 5220142.275], [629631.775, 5220142.4], [629631.525, 5220142.475000001], [629631.3, 5220142.925], [629631.3, 5220143.2], [629631.175, 5220143.5], [629630.975, 5220143.525], [629630.675, 5220143.925], [629630.5750000001, 5220144.3], [629630.4, 5220144.375]]]}}, {"type": "Feature", "properties": {"vineyard_id": "V01", "tile": "siret3_r021_c012.tif", "area_m2": 0.421}, "geometry": {"type": "Polygon", "coordinates": [[[629632.9500000001, 5220141.45], [629632.9500000001, 5220140.625], [629633.425, 5220139.925], [629633.525, 5220140.0], [629633.55, 5220140.2], [629633.35, 5220140.625], [629633.475, 5220140.775], [629633.35, 5220140.95], [629633.05, 5220140.95], [629633.0750000001, 5220141.075], [629633.225, 5220141.100000001], [629632.9500000001, 5220141.45]]]}}, {"type": "Feature", "properties": {"vineyard_id": "V01", "tile": "siret3_r021_c012.tif", "area_m2": 0.291}, "geometry": {"type": "Polygon", "coordinates": [[[629634.3250000001, 5220139.175], [629634.275, 5220139.05], [629634.5, 5220138.875], [629634.5, 5220138.775], [629634.25, 5220138.825], [629634.675, 5220138.3], [629634.75, 5220138.350000001], [629634.75, 5220138.600000001], [629634.975, 5220138.850000001], [629634.75, 5220139.025], [629634.3250000001, 5220139.175]]]}}, {"type": "Feature", "properties": {"vineyard_id": "V01", "tile": "siret3_r021_c012.tif", "area_m2": 0.343}, "geometry": {"type": "Polygon", "coordinates": [[[629636.4, 5220137.025], [629636.3, 5220136.9], [629635.975, 5220136.95], [629635.875, 5220136.8], [629636.0750000001, 5220136.675], [629636.0750000001, 5220136.475000001], [629636.225, 5220136.3], [629636.775, 5220136.475000001], [629636.7000000001, 5220136.625], [629636.55, 5220136.675], [629636.55, 5220136.825], [629636.4, 5220137.025]]]}}, {"type": "Feature", "properties": {"vineyard_id": "V01", "tile": "siret3_r021_c012.tif", "area_m2": 0.538}, "geometry": {"type": "Polygon", "coordinates": [[[629635.25, 5220138.25], [629635.15, 5220138.100000001], [629635.2000000001, 5220137.925], [629635.55, 5220137.925], [629635.525, 5220137.625], [629635.375, 5220137.600000001], [629635.3250000001, 5220137.675], [629635.275, 5220137.5], [629635.675, 5220137.0], [629635.9, 5220137.0], [629635.925, 5220136.925], [629636.0750000001, 5220137.325], [629636.05, 5220137.475000001], [629635.8250000001, 5220137.65], [629635.8, 5220137.8], [629635.5750000001, 5220137.975000001], [629635.425, 5220138.25], [629635.25, 5220138.25]]]}}, {"type": "Feature", "properties": {"vineyard_id": "V01", "tile": "siret3_r021_c012.tif", "area_m2": 0.29}, "geometry": {"type": "Polygon", "coordinates": [[[629636.775, 5220136.25], [629636.65, 5220136.15], [629636.675, 5220136.0], [629636.85, 5220135.825], [629636.775, 5220135.575], [629637.025, 5220135.3], [629637.125, 5220135.475000001], [629637.125, 5220136.075], [629637.0, 5220136.225000001], [629636.775, 5220136.25]]]}}, {"type": "Feature", "properties": {"vineyard_id": "V01", "tile": "siret3_r021_c012.tif", "area_m2": 0.419}, "geometry": {"type": "Polygon", "coordinates": [[[629637.5, 5220135.45], [629637.1, 5220135.175], [629637.375, 5220134.925], [629637.375, 5220134.8], [629637.5750000001, 5220134.55], [629637.625, 5220134.7], [629637.925, 5220134.675], [629638.0, 5220134.8], [629637.85, 5220134.975000001], [629637.875, 5220135.125], [629637.725, 5220135.325], [629637.625, 5220135.45], [629637.5, 5220135.45]]]}}, {"type": "Feature", "properties": {"vineyard_id": "V01", "tile": "siret3_r021_c012.tif", "area_m2": 0.371}, "geometry": {"type": "Polygon", "coordinates": [[[629637.975, 5220134.475000001], [629637.8250000001, 5220134.375], [629637.925, 5220134.275], [629638.2000000001, 5220134.225000001], [629638.25, 5220133.9], [629638.4, 5220133.75], [629638.4, 5220133.55], [629638.55, 5220133.5], [629638.675, 5220133.25], [629638.75, 5220133.25], [629638.8, 5220133.65], [629638.5750000001, 5220133.9], [629638.625, 5220134.05], [629638.375, 5220134.350000001], [629638.0, 5220134.4], [629637.975, 5220134.475000001]]]}}, {"type": "Feature", "properties": {"vineyard_id": "V01", "tile": "siret3_r021_c012.tif", "area_m2": 0.9}, "geometry": {"type": "Polygon", "coordinates": [[[629639.8250000001, 5220132.625], [629639.725, 5220132.55], [629639.3, 5220132.575], [629639.3250000001, 5220132.45], [629639.4500000001, 5220132.425], [629639.5750000001, 5220132.275], [629639.6, 5220131.95], [629639.925, 5220131.65], [629640.0750000001, 5220131.350000001], [629640.475, 5220131.225000001], [629640.4500000001, 5220130.850000001], [629640.5750000001, 5220130.7], [629640.9, 5220130.675], [629641.0, 5220130.55], [629641.175, 5220130.525], [629641.275, 5220130.65], [629641.225, 5220130.825], [629640.975, 5220130.775], [629640.775, 5220131.075], [629640.525, 5220131.225000001], [629640.55, 5220131.425], [629640.625, 5220131.475000001], [629640.175, 5220131.75], [629640.0750000001, 5220132.025], [629640.125, 5220132.2], [629639.8250000001, 5220132.625]]]}}, {"type": "Feature", "properties": {"vineyard_id": "V01", "tile": "siret3_r021_c012.tif", "area_m2": 0.292}, "geometry": {"type": "Polygon", "coordinates": [[[629641.15, 5220130.3], [629641.05, 5220130.225000001], [629641.05, 5220130.075], [629641.225, 5220129.850000001], [629641.375, 5220129.825], [629641.775, 5220129.5], [629642.15, 5220129.600000001], [629642.025, 5220129.75], [629641.9, 5220129.725000001], [629641.725, 5220129.95], [629641.475, 5220130.075], [629641.275, 5220130.025], [629641.15, 5220130.3]]]}}, {"type": "Feature", "properties": {"vineyard_id": "V01", "tile": "siret3_r021_c012.tif", "area_m2": 0.709}, "geometry": {"type": "Polygon", "coordinates": [[[629642.2000000001, 5220129.350000001], [629642.0, 5220129.275], [629642.0, 5220129.15], [629642.125, 5220128.9], [629642.35, 5220128.75], [629642.375, 5220128.375], [629642.5750000001, 5220128.25], [629642.625, 5220128.05], [629642.725, 5220127.925], [629642.9500000001, 5220127.875], [629643.2000000001, 5220127.925], [629643.25, 5220127.725000001], [629643.375, 5220127.7], [629643.375, 5220128.05], [629643.15, 5220128.225000001], [629642.975, 5220128.175], [629642.8250000001, 5220128.275], [629642.875, 5220128.7], [629642.8, 5220128.8], [629642.7000000001, 5220128.925], [629642.5750000001, 5220128.875], [629642.5, 5220129.05], [629642.25, 5220129.225000001], [629642.2000000001, 5220129.350000001]]]}}, {"type": "Feature", "properties": {"vineyard_id": "V01", "tile": "siret3_r021_c012.tif", "area_m2": 0.408}, "geometry": {"type": "Polygon", "coordinates": [[[629643.725, 5220127.575], [629643.55, 5220127.3], [629643.55, 5220127.025], [629643.6, 5220126.925], [629643.925, 5220126.8], [629643.925, 5220126.45], [629644.025, 5220126.25], [629644.175, 5220126.175], [629644.175, 5220127.025], [629643.875, 5220127.15], [629643.9, 5220127.375], [629643.725, 5220127.575]]]}}, {"type": "Feature", "properties": {"vineyard_id": "V01", "tile": "siret3_r021_c012.tif", "area_m2": 0.195}, "geometry": {"type": "Polygon", "coordinates": [[[629644.775, 5220126.225000001], [629644.675, 5220126.0], [629644.875, 5220125.850000001], [629644.9500000001, 5220125.525], [629644.9, 5220125.350000001], [629644.725, 5220125.350000001], [629644.9, 5220125.175], [629644.925, 5220125.350000001], [629645.125, 5220125.375], [629645.225, 5220125.600000001], [629644.775, 5220126.225000001]]]}}, {"type": "Feature", "properties": {"vineyard_id": "V01", "tile": "siret3_r021_c012.tif", "area_m2": 0.506}, "geometry": {"type": "Polygon", "coordinates": [[[629645.25, 5220125.225000001], [629645.0, 5220125.0], [629645.25, 5220124.850000001], [629645.25, 5220124.675], [629645.525, 5220124.5], [629645.775, 5220124.55], [629645.9500000001, 5220124.45], [629646.1, 5220124.3], [629646.1, 5220124.2], [629645.9500000001, 5220124.15], [629645.925, 5220124.025], [629646.1, 5220123.925], [629646.275, 5220123.925], [629646.425, 5220124.025], [629646.4500000001, 5220124.100000001], [629646.025, 5220124.65], [629645.925, 5220124.75], [629645.8, 5220124.600000001], [629645.7000000001, 5220124.600000001], [629645.675, 5220124.8], [629645.5750000001, 5220124.850000001], [629645.5750000001, 5220125.075], [629645.25, 5220125.225000001]]]}}, {"type": "Feature", "properties": {"vineyard_id": "V01", "tile": "siret3_r021_c012.tif", "area_m2": 0.26}, "geometry": {"type": "Polygon", "coordinates": [[[629648.7000000001, 5220120.9], [629648.65, 5220120.575], [629648.8, 5220120.325], [629648.9500000001, 5220120.275], [629649.125, 5220120.05], [629649.25, 5220120.075], [629649.3250000001, 5220120.225000001], [629649.1, 5220120.45], [629648.975, 5220120.775], [629648.7000000001, 5220120.9]]]}}, {"type": "Feature", "properties": {"vineyard_id": "V01", "tile": "siret3_r021_c012.tif", "area_m2": 1.331}, "geometry": {"type": "Polygon", "coordinates": [[[629646.65, 5220123.850000001], [629646.35, 5220123.55], [629646.425, 5220123.425], [629646.5750000001, 5220123.425], [629646.8, 5220123.15], [629646.975, 5220123.100000001], [629647.0, 5220122.95], [629646.875, 5220122.825], [629647.125, 5220122.600000001], [629647.275, 5220122.075], [629647.625, 5220121.7], [629647.875, 5220121.625], [629647.875, 5220121.5], [629647.775, 5220121.45], [629647.8250000001, 5220121.4], [629647.9, 5220121.525], [629648.1, 5220121.45], [629648.15, 5220121.25], [629648.025, 5220121.225000001], [629648.025, 5220121.125], [629648.225, 5220120.850000001], [629648.225, 5220121.0], [629648.375, 5220121.2], [629648.475, 5220121.2], [629648.675, 5220120.9], [629648.75, 5220121.15], [629647.875, 5220122.275], [629647.3250000001, 5220122.225000001], [629647.35, 5220122.425], [629647.5750000001, 5220122.475000001], [629647.6, 5220122.575], [629646.65, 5220123.850000001]]]}}, {"type": "Feature", "properties": {"vineyard_id": "V01", "tile": "siret3_r021_c012.tif", "area_m2": 0.647}, "geometry": {"type": "Polygon", "coordinates": [[[629649.525, 5220120.125], [629649.425, 5220119.775], [629649.625, 5220119.575], [629649.65, 5220119.350000001], [629649.775, 5220119.225000001], [629649.725, 5220119.025], [629649.875, 5220118.925], [629649.8250000001, 5220118.8], [629649.975, 5220118.600000001], [629650.05, 5220118.575], [629650.0750000001, 5220118.475000001], [629650.125, 5220118.45], [629650.1, 5220118.775], [629650.25, 5220118.8], [629650.875, 5220118.375], [629650.3250000001, 5220119.125], [629650.1, 5220119.15], [629650.125, 5220119.375], [629649.525, 5220120.125]]]}}, {"type": "Feature", "properties": {"vineyard_id": "V01", "tile": "siret3_r021_c012.tif", "area_m2": 0.421}, "geometry": {"type": "Polygon", "coordinates": [[[629651.1, 5220117.975000001], [629650.85, 5220117.975000001], [629650.85, 5220117.9], [629651.025, 5220117.725000001], [629651.025, 5220117.600000001], [629650.975, 5220117.525], [629650.85, 5220117.525], [629650.775, 5220117.625], [629650.75, 5220117.625], [629650.775, 5220117.575], [629650.975, 5220117.4], [629651.025, 5220117.25], [629651.3250000001, 5220117.275], [629651.5750000001, 5220117.05], [629651.775, 5220117.25], [629651.275, 5220117.9], [629651.15, 5220117.875], [629651.1, 5220117.975000001]]]}}, {"type": "Feature", "properties": {"vineyard_id": "V01", "tile": "siret3_r021_c012.tif", "area_m2": 0.205}, "geometry": {"type": "Polygon", "coordinates": [[[629652.05, 5220116.825], [629651.7000000001, 5220116.625], [629651.8, 5220116.425], [629651.975, 5220116.4], [629652.025, 5220116.175], [629652.275, 5220116.45], [629652.425, 5220116.425], [629652.05, 5220116.825]]]}}, {"type": "Feature", "properties": {"vineyard_id": "V01", "tile": "siret3_r021_c012.tif", "area_m2": 1.277}, "geometry": {"type": "Polygon", "coordinates": [[[629652.8250000001, 5220115.9], [629652.975, 5220115.275], [629652.8, 5220115.075], [629652.8, 5220114.975000001], [629653.0, 5220114.725000001], [629653.05, 5220114.925], [629653.3, 5220114.975000001], [629653.375, 5220114.925], [629653.375, 5220114.75], [629653.675, 5220114.675], [629653.725, 5220114.45], [629654.0, 5220114.275], [629653.975, 5220114.075], [629653.85, 5220114.0], [629653.85, 5220113.65], [629654.225, 5220113.675], [629654.3, 5220113.425], [629654.5750000001, 5220113.375], [629654.65, 5220113.125], [629654.4500000001, 5220113.0], [629654.775, 5220112.600000001], [629654.75, 5220112.475000001], [629654.8, 5220112.55], [629655.025, 5220112.475000001], [629655.3250000001, 5220112.5], [629655.475, 5220112.175], [629655.8250000001, 5220111.875], [629655.9, 5220111.95], [629655.4, 5220112.600000001], [629655.3, 5220112.7], [629655.0, 5220112.675], [629654.925, 5220112.850000001], [629654.75, 5220112.95], [629654.75, 5220113.125], [629655.05, 5220113.05], [629652.8250000001, 5220115.9]]]}}, {"type": "Feature", "properties": {"vineyard_id": "V01", "tile": "siret3_r021_c012.tif", "area_m2": 0.267}, "geometry": {"type": "Polygon", "coordinates": [[[629656.55, 5220111.075], [629656.5, 5220110.775], [629656.625, 5220110.575], [629656.625, 5220110.425], [629656.375, 5220110.375], [629656.6, 5220110.100000001], [629656.725, 5220110.075], [629656.975, 5220110.575], [629656.55, 5220111.075]]]}}, {"type": "Feature", "properties": {"vineyard_id": "V01", "tile": "siret3_r021_c012.tif", "area_m2": 0.196}, "geometry": {"type": "Polygon", "coordinates": [[[629657.0750000001, 5220110.4], [629657.3250000001, 5220109.875], [629657.425, 5220109.475000001], [629657.375, 5220109.25], [629657.5750000001, 5220109.075], [629657.5750000001, 5220109.850000001], [629657.0750000001, 5220110.4]]]}}, {"type": "Feature", "properties": {"vineyard_id": "V01", "tile": "siret3_r021_c012.tif", "area_m2": 0.344}, "geometry": {"type": "Polygon", "coordinates": [[[629623.25, 5220147.2], [629623.275, 5220147.175], [629623.3250000001, 5220147.0], [629623.55, 5220147.0], [629623.475, 5220146.725000001], [629623.7000000001, 5220146.55], [629623.85, 5220146.25], [629623.975, 5220146.225000001], [629624.125, 5220146.325], [629624.0750000001, 5220146.675], [629623.675, 5220146.850000001], [629623.675, 5220146.975000001], [629623.875, 5220147.2], [629623.25, 5220147.2]]]}}, {"type": "Feature", "properties": {"vineyard_id": "V01", "tile": "siret3_r021_c012.tif", "area_m2": 0.325}, "geometry": {"type": "Polygon", "coordinates": [[[629624.9500000001, 5220145.325], [629624.65, 5220145.275], [629624.85, 5220144.95], [629625.2000000001, 5220144.725000001], [629625.5750000001, 5220144.7], [629625.35, 5220145.100000001], [629625.35, 5220145.25], [629624.9500000001, 5220145.325]]]}}, {"type": "Feature", "properties": {"vineyard_id": "V01", "tile": "siret3_r021_c012.tif", "area_m2": 0.273}, "geometry": {"type": "Polygon", "coordinates": [[[629624.4, 5220146.275], [629624.225, 5220146.125], [629624.275, 5220145.725000001], [629624.5, 5220145.4], [629624.675, 5220145.3], [629624.75, 5220145.475000001], [629624.725, 5220145.675], [629624.525, 5220145.925], [629624.525, 5220146.15], [629624.4, 5220146.275]]]}}, {"type": "Feature", "properties": {"vineyard_id": "V01", "tile": "siret3_r021_c012.tif", "area_m2": 0.191}, "geometry": {"type": "Polygon", "coordinates": [[[629625.725, 5220144.55], [629625.55, 5220144.45], [629625.55, 5220144.275], [629625.675, 5220144.15], [629625.8, 5220144.15], [629625.925, 5220143.95], [629626.0750000001, 5220143.875], [629626.125, 5220144.05], [629625.9500000001, 5220144.5], [629625.9, 5220144.375], [629625.775, 5220144.375], [629625.725, 5220144.55]]]}}, {"type": "Feature", "properties": {"vineyard_id": "V01", "tile": "siret3_r021_c012.tif", "area_m2": 0.296}, "geometry": {"type": "Polygon", "coordinates": [[[629626.7000000001, 5220143.375], [629626.425, 5220143.05], [629626.425, 5220142.925], [629626.675, 5220142.775], [629627.025, 5220142.75], [629627.15, 5220142.850000001], [629627.125, 5220142.975000001], [629626.8, 5220143.375], [629626.7000000001, 5220143.375]]]}}, {"type": "Feature", "properties": {"vineyard_id": "V01", "tile": "siret3_r021_c012.tif", "area_m2": 0.955}, "geometry": {"type": "Polygon", "coordinates": [[[629628.3250000001, 5220141.15], [629628.225, 5220140.975000001], [629628.0, 5220141.100000001], [629627.9, 5220141.0], [629628.3250000001, 5220140.45], [629628.55, 5220140.425], [629628.65, 5220140.55], [629628.775, 5220140.525], [629628.7000000001, 5220140.3], [629628.775, 5220140.100000001], [629628.725, 5220139.95], [629629.025, 5220139.9], [629629.3250000001, 5220139.625], [629629.425, 5220139.5], [629629.425, 5220139.375], [629629.3, 5220139.3], [629629.375, 5220139.15], [629629.775, 5220139.350000001], [629629.775, 5220139.55], [629628.925, 5220140.65], [629628.8, 5220140.75], [629628.55, 5220140.75], [629628.525, 5220141.05], [629628.3250000001, 5220141.15]]]}}, {"type": "Feature", "properties": {"vineyard_id": "V01", "tile": "siret3_r021_c012.tif", "area_m2": 0.498}, "geometry": {"type": "Polygon", "coordinates": [[[629627.65, 5220142.275], [629627.5, 5220142.100000001], [629627.175, 5220142.175], [629627.05, 5220142.100000001], [629627.475, 5220141.55], [629627.6, 5220141.5], [629627.6, 5220141.4], [629627.875, 5220141.05], [629627.975, 5220141.125], [629627.925, 5220141.425], [629627.65, 5220141.475000001], [629627.625, 5220141.600000001], [629628.025, 5220141.625], [629628.025, 5220141.7], [629627.975, 5220141.875], [629627.65, 5220142.275]]]}}, {"type": "Feature", "properties": {"vineyard_id": "V01", "tile": "siret3_r021_c012.tif", "area_m2": 0.575}, "geometry": {"type": "Polygon", "coordinates": [[[629629.9, 5220139.05], [629629.8, 5220138.825], [629629.6, 5220138.9], [629629.6, 5220138.8], [629629.875, 5220138.525], [629630.1, 5220138.15], [629630.3, 5220138.05], [629630.3, 5220137.95], [629630.65, 5220137.95], [629630.625, 5220138.45], [629630.4, 5220138.725000001], [629630.175, 5220138.75], [629630.025, 5220139.05], [629629.9, 5220139.05]]]}}, {"type": "Feature", "properties": {"vineyard_id": "V01", "tile": "siret3_r021_c012.tif", "area_m2": 0.553}, "geometry": {"type": "Polygon", "coordinates": [[[629630.775, 5220137.75], [629630.725, 5220137.675], [629630.8, 5220137.475000001], [629631.0, 5220137.350000001], [629631.0, 5220137.225000001], [629630.875, 5220137.15], [629631.55, 5220136.275], [629631.675, 5220136.275], [629631.5750000001, 5220136.625], [629631.425, 5220136.65], [629631.425, 5220137.025], [629631.625, 5220137.15], [629631.475, 5220137.350000001], [629631.175, 5220137.5], [629631.15, 5220137.75], [629630.775, 5220137.75]]]}}, {"type": "Feature", "properties": {"vineyard_id": "V01", "tile": "siret3_r021_c012.tif", "area_m2": 0.561}, "geometry": {"type": "Polygon", "coordinates": [[[629632.125, 5220136.5], [629632.0750000001, 5220136.25], [629632.225, 5220136.15], [629632.425, 5220135.65], [629632.425, 5220135.15], [629632.55, 5220135.0], [629632.75, 5220134.975000001], [629632.8250000001, 5220134.850000001], [629632.925, 5220134.875], [629633.0750000001, 5220135.125], [629633.0, 5220135.375], [629632.125, 5220136.5]]]}}, {"type": "Feature", "properties": {"vineyard_id": "V01", "tile": "siret3_r021_c012.tif", "area_m2": 0.626}, "geometry": {"type": "Polygon", "coordinates": [[[629633.5750000001, 5220134.0], [629633.475, 5220133.8], [629633.75, 5220133.45], [629633.925, 5220133.65], [629634.05, 5220133.625], [629634.05, 5220133.475000001], [629634.175, 5220133.350000001], [629634.0750000001, 5220133.025], [629634.15, 5220132.925], [629634.375, 5220132.925], [629634.4, 5220132.600000001], [629634.5750000001, 5220132.45], [629634.675, 5220132.575], [629634.675, 5220133.15], [629634.5, 5220133.275], [629634.4500000001, 5220133.45], [629634.275, 5220133.5], [629634.3, 5220133.675], [629634.125, 5220133.9], [629633.8, 5220133.825], [629633.725, 5220134.0], [629633.5750000001, 5220134.0]]]}}, {"type": "Feature", "properties": {"vineyard_id": "V01", "tile": "siret3_r021_c012.tif", "area_m2": 0.317}, "geometry": {"type": "Polygon", "coordinates": [[[629633.15, 5220134.875], [629632.925, 5220134.65], [629632.9500000001, 5220134.475000001], [629633.3, 5220134.025], [629633.55, 5220134.0], [629633.5750000001, 5220134.2], [629633.475, 5220134.275], [629633.5, 5220134.600000001], [629633.3, 5220134.65], [629633.15, 5220134.875]]]}}, {"type": "Feature", "properties": {"vineyard_id": "V01", "tile": "siret3_r021_c012.tif", "area_m2": 0.688}, "geometry": {"type": "Polygon", "coordinates": [[[629635.9, 5220131.5], [629635.625, 5220131.425], [629635.6, 5220131.325], [629635.725, 5220131.05], [629636.025, 5220130.875], [629636.025, 5220130.525], [629636.3, 5220130.125], [629636.4, 5220130.125], [629636.5, 5220130.25], [629636.675, 5220130.3], [629636.725, 5220130.525], [629636.05, 5220131.425], [629635.9, 5220131.5]]]}}, {"type": "Feature", "properties": {"vineyard_id": "V01", "tile": "siret3_r021_c012.tif", "area_m2": 0.305}, "geometry": {"type": "Polygon", "coordinates": [[[629637.625, 5220128.625], [629637.525, 5220128.55], [629638.025, 5220128.025], [629638.15, 5220128.075], [629638.275, 5220127.95], [629638.5750000001, 5220128.100000001], [629638.475, 5220128.275], [629638.2000000001, 5220128.25], [629638.0750000001, 5220128.55], [629637.625, 5220128.625]]]}}, {"type": "Feature", "properties": {"vineyard_id": "V01", "tile": "siret3_r021_c012.tif", "area_m2": 0.465}, "geometry": {"type": "Polygon", "coordinates": [[[629638.725, 5220127.825], [629638.6, 5220127.15], [629638.85, 5220126.850000001], [629639.3250000001, 5220126.875], [629639.35, 5220127.15], [629638.85, 5220127.8], [629638.725, 5220127.825]]]}}, {"type": "Feature", "properties": {"vineyard_id": "V01", "tile": "siret3_r021_c012.tif", "area_m2": 0.583}, "geometry": {"type": "Polygon", "coordinates": [[[629640.475, 5220125.075], [629640.2000000001, 5220125.175], [629640.3, 5220124.95], [629640.55, 5220124.625], [629641.0, 5220124.375], [629640.925, 5220124.15], [629641.4, 5220123.65], [629641.5, 5220123.4], [629641.55, 5220123.425], [629641.5750000001, 5220124.15], [629641.5, 5220124.375], [629641.2000000001, 5220124.4], [629641.0750000001, 5220124.575], [629640.85, 5220124.55], [629640.775, 5220124.725000001], [629641.05, 5220124.775], [629640.8250000001, 5220124.8], [629640.775, 5220124.875], [629640.5750000001, 5220124.850000001], [629640.475, 5220125.075]]]}}, {"type": "Feature", "properties": {"vineyard_id": "V01", "tile": "siret3_r021_c012.tif", "area_m2": 0.367}, "geometry": {"type": "Polygon", "coordinates": [[[629642.525, 5220122.8], [629642.3, 5220122.7], [629642.275, 5220122.4], [629642.55, 5220122.05], [629642.775, 5220122.0], [629642.9, 5220122.2], [629642.9500000001, 5220122.5], [629642.8, 5220122.675], [629642.65, 5220122.675], [629642.525, 5220122.8]]]}}, {"type": "Feature", "properties": {"vineyard_id": "V01", "tile": "siret3_r021_c012.tif", "area_m2": 0.55}, "geometry": {"type": "Polygon", "coordinates": [[[629643.8250000001, 5220121.0], [629643.675, 5220120.9], [629643.75, 5220120.8], [629643.725, 5220120.625], [629643.875, 5220120.55], [629643.8250000001, 5220120.4], [629644.225, 5220119.875], [629644.3250000001, 5220119.9], [629644.625, 5220120.3], [629644.525, 5220120.325], [629644.4500000001, 5220120.55], [629644.275, 5220120.600000001], [629644.3, 5220120.75], [629644.1, 5220120.975000001], [629643.8250000001, 5220121.0]]]}}, {"type": "Feature", "properties": {"vineyard_id": "V01", "tile": "siret3_r021_c012.tif", "area_m2": 0.567}, "geometry": {"type": "Polygon", "coordinates": [[[629643.0750000001, 5220122.05], [629642.85, 5220121.65], [629643.25, 5220121.15], [629643.425, 5220121.15], [629643.5750000001, 5220120.925], [629643.7000000001, 5220120.925], [629643.8, 5220121.0], [629643.775, 5220121.425], [629643.475, 5220121.725000001], [629643.3250000001, 5220122.0], [629643.2000000001, 5220121.95], [629643.0750000001, 5220122.05]]]}}, {"type": "Feature", "properties": {"vineyard_id": "V01", "tile": "siret3_r021_c012.tif", "area_m2": 0.42}, "geometry": {"type": "Polygon", "coordinates": [[[629645.175, 5220118.95], [629645.025, 5220118.850000001], [629645.4, 5220118.350000001], [629645.875, 5220118.2], [629645.925, 5220118.425], [629646.05, 5220118.475000001], [629645.8250000001, 5220118.775], [629645.65, 5220118.8], [629645.5750000001, 5220118.9], [629645.175, 5220118.95]]]}}, {"type": "Feature", "properties": {"vineyard_id": "V01", "tile": "siret3_r021_c012.tif", "area_m2": 1.286}, "geometry": {"type": "Polygon", "coordinates": [[[629646.8, 5220116.8], [629646.675, 5220116.7], [629647.2000000001, 5220116.025], [629647.55, 5220115.725000001], [629647.625, 5220115.8], [629647.8, 5220115.775], [629647.925, 5220115.600000001], [629647.9500000001, 5220115.4], [629648.2000000001, 5220115.350000001], [629648.125, 5220115.075], [629647.9500000001, 5220115.075], [629648.2000000001, 5220114.725000001], [629648.375, 5220114.75], [629648.3250000001, 5220114.575], [629648.4500000001, 5220114.525], [629648.625, 5220114.275], [629648.925, 5220114.225000001], [629649.0750000001, 5220114.475000001], [629649.05, 5220114.600000001], [629648.475, 5220115.350000001], [629648.275, 5220115.475000001], [629648.275, 5220115.600000001], [629647.925, 5220115.95], [629647.9, 5220116.075], [629647.75, 5220116.125], [629647.75, 5220116.275], [629647.625, 5220116.4], [629647.4500000001, 5220116.3], [629647.175, 5220116.350000001], [629647.05, 5220116.675], [629646.8, 5220116.8]]]}}, {"type": "Feature", "properties": {"vineyard_id": "V01", "tile": "siret3_r021_c012.tif", "area_m2": 0.392}, "geometry": {"type": "Polygon", "coordinates": [[[629649.475, 5220114.025], [629649.35, 5220113.725000001], [629649.35, 5220113.600000001], [629649.4500000001, 5220113.5], [629649.4500000001, 5220113.2], [629649.8, 5220113.025], [629650.025, 5220113.05], [629650.125, 5220113.2], [629649.475, 5220114.025]]]}}, {"type": "Feature", "properties": {"vineyard_id": "V01", "tile": "siret3_r021_c012.tif", "area_m2": 0.454}, "geometry": {"type": "Polygon", "coordinates": [[[629650.225, 5220113.05], [629650.175, 5220112.625], [629650.375, 5220112.45], [629650.375, 5220112.175], [629650.675, 5220112.125], [629650.675, 5220111.825], [629650.775, 5220111.675], [629650.975, 5220111.625], [629651.175, 5220111.725000001], [629651.175, 5220111.825], [629651.05, 5220111.875], [629650.85, 5220112.275], [629650.7000000001, 5220112.375], [629650.675, 5220112.5], [629650.225, 5220113.05]]]}}, {"type": "Feature", "properties": {"vineyard_id": "V01", "tile": "siret3_r021_c012.tif", "area_m2": 0.594}, "geometry": {"type": "Polygon", "coordinates": [[[629651.1, 5220111.3], [629651.025, 5220111.075], [629651.35, 5220110.675], [629651.775, 5220110.725000001], [629651.8, 5220110.325], [629652.3250000001, 5220109.9], [629652.475, 5220109.95], [629652.5, 5220110.125], [629651.875, 5220110.925], [629651.4, 5220111.0], [629651.35, 5220111.175], [629651.1, 5220111.3]]]}}, {"type": "Feature", "properties": {"vineyard_id": "V01", "tile": "siret3_r021_c012.tif", "area_m2": 0.695}, "geometry": {"type": "Polygon", "coordinates": [[[629652.8, 5220109.75], [629652.65, 5220109.7], [629652.7000000001, 5220109.225000001], [629652.8250000001, 5220109.100000001], [629653.05, 5220109.2], [629653.2000000001, 5220109.2], [629653.25, 5220109.125], [629653.225, 5220108.975000001], [629652.875, 5220108.875], [629652.875, 5220108.725000001], [629653.25, 5220108.475000001], [629653.225, 5220108.3], [629653.3, 5220108.225000001], [629653.6, 5220108.275], [629653.85, 5220108.075], [629653.975, 5220108.100000001], [629654.0, 5220108.2], [629652.8, 5220109.75]]]}}, {"type": "Feature", "properties": {"vineyard_id": "V01", "tile": "siret3_r021_c012.tif", "area_m2": 0.968}, "geometry": {"type": "Polygon", "coordinates": [[[629654.275, 5220107.8], [629654.0, 5220107.600000001], [629654.125, 5220107.25], [629654.25, 5220107.125], [629654.25, 5220106.9], [629654.5750000001, 5220106.5], [629654.775, 5220106.425], [629655.0, 5220106.45], [629655.1, 5220105.925], [629655.35, 5220105.850000001], [629655.35, 5220105.475000001], [629655.625, 5220105.3], [629655.8, 5220105.3], [629655.625, 5220105.600000001], [629655.725, 5220105.95], [629655.6, 5220106.100000001], [629655.475, 5220106.125], [629655.5, 5220106.25], [629655.35, 5220106.45], [629654.9500000001, 5220106.5], [629654.875, 5220106.725000001], [629654.75, 5220106.65], [629654.6, 5220106.675], [629654.5750000001, 5220107.100000001], [629654.725, 5220107.25], [629654.275, 5220107.8]]]}}, {"type": "Feature", "properties": {"vineyard_id": "V01", "tile": "siret3_r021_c012.tif", "area_m2": 0.727}, "geometry": {"type": "Polygon", "coordinates": [[[629656.475, 5220104.125], [629656.5750000001, 5220103.9], [629656.8250000001, 5220103.925], [629656.875, 5220103.65], [629656.8, 5220103.600000001], [629657.0750000001, 5220103.25], [629657.2000000001, 5220103.225000001], [629657.3, 5220102.95], [629657.5750000001, 5220102.600000001], [629657.5750000001, 5220103.575], [629656.9500000001, 5220104.350000001], [629656.875, 5220104.350000001], [629656.775, 5220104.0], [629656.675, 5220104.0], [629656.625, 5220104.125], [629656.475, 5220104.125]]]}}, {"type": "Feature", "properties": {"vineyard_id": "V01", "tile": "siret3_r021_c012.tif", "area_m2": 0.516}, "geometry": {"type": "Polygon", "coordinates": [[[629618.8250000001, 5220147.2], [629618.8250000001, 5220147.075], [629619.05, 5220146.975000001], [629619.1, 5220146.825], [629619.275, 5220146.75], [629619.175, 5220146.475000001], [629619.35, 5220146.25], [629619.625, 5220146.075], [629619.625, 5220145.975000001], [629619.7000000001, 5220146.125], [629619.975, 5220146.25], [629619.925, 5220146.45], [629619.775, 5220146.5], [629619.65, 5220146.675], [629619.425, 5220146.75], [629619.375, 5220147.2], [629618.8250000001, 5220147.2]]]}}, {"type": "Feature", "properties": {"vineyard_id": "V01", "tile": "siret3_r021_c012.tif", "area_m2": 0.359}, "geometry": {"type": "Polygon", "coordinates": [[[629620.875, 5220145.0], [629620.7000000001, 5220144.65], [629620.7000000001, 5220144.475000001], [629621.025, 5220144.225000001], [629621.375, 5220144.325], [629621.375, 5220144.575], [629621.05, 5220144.975000001], [629620.875, 5220145.0]]]}}, {"type": "Feature", "properties": {"vineyard_id": "V01", "tile": "siret3_r021_c012.tif", "area_m2": 0.656}, "geometry": {"type": "Polygon", "coordinates": [[[629621.475, 5220144.175], [629621.3, 5220144.05], [629621.125, 5220144.05], [629621.3, 5220144.0], [629621.3, 5220143.7], [629621.5, 5220143.45], [629621.725, 5220143.625], [629621.85, 5220143.600000001], [629621.85, 5220143.375], [629621.65, 5220143.25], [629621.875, 5220142.95], [629622.05, 5220142.975000001], [629622.1, 5220143.25], [629622.275, 5220143.2], [629622.25, 5220142.975000001], [629622.375, 5220142.95], [629622.475, 5220143.15], [629621.725, 5220144.125], [629621.475, 5220144.175]]]}}, {"type": "Feature", "properties": {"vineyard_id": "V01", "tile": "siret3_r021_c012.tif", "area_m2": 0.351}, "geometry": {"type": "Polygon", "coordinates": [[[629622.525, 5220142.850000001], [629622.275, 5220142.7], [629622.3, 5220142.4], [629622.55, 5220142.15], [629622.9500000001, 5220142.275], [629622.975, 5220142.5], [629622.7000000001, 5220142.850000001], [629622.525, 5220142.850000001]]]}}, {"type": "Feature", "properties": {"vineyard_id": "V01", "tile": "siret3_r021_c012.tif", "area_m2": 0.677}, "geometry": {"type": "Polygon", "coordinates": [[[629623.3250000001, 5220142.0], [629623.225, 5220141.9], [629623.4, 5220141.75], [629623.375, 5220141.625], [629623.275, 5220141.625], [629623.175, 5220141.75], [629622.975, 5220141.725000001], [629622.9, 5220141.625], [629623.125, 5220141.325], [629623.5, 5220141.3], [629623.625, 5220141.175], [629623.625, 5220140.75], [629623.8250000001, 5220140.575], [629623.925, 5220140.5], [629624.25, 5220140.575], [629624.275, 5220140.8], [629624.125, 5220141.0], [629623.9, 5220141.025], [629623.9, 5220141.3], [629623.3250000001, 5220142.0]]]}}, {"type": "Feature", "properties": {"vineyard_id": "V01", "tile": "siret3_r021_c012.tif", "area_m2": 0.731}, "geometry": {"type": "Polygon", "coordinates": [[[629624.5750000001, 5220140.175], [629624.425, 5220140.05], [629624.625, 5220139.825], [629624.8, 5220139.775], [629624.8, 5220139.675], [629624.7000000001, 5220139.65], [629624.675, 5220139.375], [629625.475, 5220138.275], [629625.675, 5220138.175], [629625.5750000001, 5220138.3], [629625.625, 5220138.775], [629625.5750000001, 5220138.850000001], [629625.3250000001, 5220138.875], [629625.3250000001, 5220138.975000001], [629625.525, 5220139.175], [629625.3, 5220139.225000001], [629625.1, 5220139.45], [629625.0750000001, 5220139.775], [629624.8250000001, 5220139.975000001], [629624.75, 5220140.15], [629624.5750000001, 5220140.175]]]}}, {"type": "Feature", "properties": {"vineyard_id": "V01", "tile": "siret3_r021_c012.tif", "area_m2": 0.333}, "geometry": {"type": "Polygon", "coordinates": [[[629626.3, 5220137.9], [629625.9500000001, 5220137.675], [629626.4500000001, 5220137.025], [629626.5, 5220137.225000001], [629626.7000000001, 5220137.375], [629626.525, 5220137.825], [629626.3, 5220137.9]]]}}, {"type": "Feature", "properties": {"vineyard_id": "V01", "tile": "siret3_r021_c012.tif", "area_m2": 0.916}, "geometry": {"type": "Polygon", "coordinates": [[[629626.625, 5220136.9], [629626.6, 5220136.825], [629626.9500000001, 5220136.375], [629627.2000000001, 5220136.350000001], [629627.25, 5220135.975000001], [629628.25, 5220134.675], [629628.375, 5220134.65], [629628.5750000001, 5220134.925], [629628.275, 5220135.3], [629628.3250000001, 5220135.55], [629627.975, 5220135.725000001], [629627.775, 5220135.675], [629627.675, 5220135.825], [629627.5, 5220135.9], [629627.55, 5220136.275], [629627.425, 5220136.5], [629627.1, 5220136.425], [629627.025, 5220136.850000001], [629626.625, 5220136.9]]]}}, {"type": "Feature", "properties": {"vineyard_id": "V01", "tile": "siret3_r021_c012.tif", "area_m2": 0.264}, "geometry": {"type": "Polygon", "coordinates": [[[629630.125, 5220133.175], [629629.775, 5220132.975000001], [629629.5750000001, 5220132.975000001], [629629.725, 5220132.775], [629630.05, 5220132.75], [629630.05, 5220132.525], [629630.175, 5220132.45], [629630.475, 5220132.75], [629630.275, 5220132.8], [629630.225, 5220133.05], [629630.125, 5220133.175]]]}}, {"type": "Feature", "properties": {"vineyard_id": "V01", "tile": "siret3_r021_c012.tif", "area_m2": 0.615}, "geometry": {"type": "Polygon", "coordinates": [[[629630.55, 5220132.575], [629630.475, 5220132.350000001], [629630.2000000001, 5220132.275], [629630.175, 5220132.175], [629630.85, 5220131.325], [629631.05, 5220131.325], [629631.125, 5220131.375], [629631.1, 5220131.95], [629630.55, 5220132.575]]]}}, {"type": "Feature", "properties": {"vineyard_id": "V01", "tile": "siret3_r021_c012.tif", "area_m2": 0.622}, "geometry": {"type": "Polygon", "coordinates": [[[629631.525, 5220131.350000001], [629631.4, 5220131.25], [629631.5, 5220131.2], [629631.525, 5220131.0], [629631.425, 5220130.925], [629631.375, 5220130.725000001], [629631.6, 5220130.675], [629631.55, 5220130.425], [629631.975, 5220129.850000001], [629632.25, 5220130.075], [629632.275, 5220130.4], [629631.525, 5220131.350000001]]]}}, {"type": "Feature", "properties": {"vineyard_id": "V01", "tile": "siret3_r021_c012.tif", "area_m2": 0.831}, "geometry": {"type": "Polygon", "coordinates": [[[629632.25, 5220129.75], [629632.175, 5220129.575], [629633.025, 5220128.475000001], [629633.175, 5220128.4], [629633.35, 5220128.05], [629633.475, 5220127.975000001], [629633.475, 5220128.100000001], [629633.625, 5220128.125], [629633.775, 5220127.925], [629633.9, 5220127.95], [629633.9500000001, 5220128.25], [629633.625, 5220128.55], [629633.375, 5220128.5], [629633.3, 5220128.575], [629633.275, 5220128.8], [629633.375, 5220128.975000001], [629633.025, 5220129.45], [629632.925, 5220129.075], [629632.8, 5220129.05], [629632.65, 5220129.350000001], [629632.425, 5220129.425], [629632.375, 5220129.725000001], [629632.25, 5220129.75]]]}}, {"type": "Feature", "properties": {"vineyard_id": "V01", "tile": "siret3_r021_c012.tif", "area_m2": 0.304}, "geometry": {"type": "Polygon", "coordinates": [[[629634.1, 5220127.600000001], [629634.025, 5220127.45], [629633.85, 5220127.4], [629634.2000000001, 5220126.95], [629634.625, 5220127.125], [629634.425, 5220127.600000001], [629634.1, 5220127.600000001]]]}}, {"type": "Feature", "properties": {"vineyard_id": "V01", "tile": "siret3_r021_c012.tif", "area_m2": 0.622}, "geometry": {"type": "Polygon", "coordinates": [[[629634.5, 5220126.825], [629634.4500000001, 5220126.725000001], [629634.625, 5220126.600000001], [629634.5750000001, 5220126.475000001], [629634.775, 5220126.2], [629634.9500000001, 5220126.100000001], [629634.9500000001, 5220125.975000001], [629635.125, 5220125.75], [629635.125, 5220126.100000001], [629635.225, 5220126.100000001], [629635.375, 5220125.875], [629635.375, 5220125.7], [629635.275, 5220125.55], [629635.8250000001, 5220125.375], [629635.65, 5220125.600000001], [629635.725, 5220125.75], [629635.7000000001, 5220125.975000001], [629635.375, 5220126.4], [629635.0750000001, 5220126.425], [629635.05, 5220126.725000001], [629634.9500000001, 5220126.725000001], [629634.875, 5220126.475000001], [629634.75, 5220126.475000001], [629634.675, 5220126.525], [629634.725, 5220126.775], [629634.5, 5220126.825]]]}}, {"type": "Feature", "properties": {"vineyard_id": "V01", "tile": "siret3_r021_c012.tif", "area_m2": 0.492}, "geometry": {"type": "Polygon", "coordinates": [[[629636.7000000001, 5220124.625], [629636.1, 5220124.5], [629636.375, 5220124.125], [629636.525, 5220124.025], [629636.775, 5220124.025], [629636.8, 5220123.9], [629636.9500000001, 5220123.925], [629637.125, 5220123.625], [629637.375, 5220123.625], [629637.425, 5220123.725000001], [629637.225, 5220123.875], [629637.125, 5220124.125], [629636.9, 5220124.125], [629636.925, 5220124.375], [629636.7000000001, 5220124.625]]]}}, {"type": "Feature", "properties": {"vineyard_id": "V01", "tile": "siret3_r021_c012.tif", "area_m2": 0.267}, "geometry": {"type": "Polygon", "coordinates": [[[629636.125, 5220125.375], [629635.85, 5220125.325], [629635.875, 5220125.15], [629635.775, 5220125.025], [629635.775, 5220124.925], [629635.925, 5220124.875], [629636.1, 5220124.65], [629636.1, 5220124.525], [629636.375, 5220125.025], [629636.125, 5220125.375]]]}}, {"type": "Feature", "properties": {"vineyard_id": "V01", "tile": "siret3_r021_c012.tif", "area_m2": 0.898}, "geometry": {"type": "Polygon", "coordinates": [[[629637.3, 5220123.425], [629637.525, 5220123.350000001], [629637.525, 5220123.25], [629637.375, 5220123.15], [629637.35, 5220122.975000001], [629637.5750000001, 5220122.65], [629637.8250000001, 5220122.625], [629637.8, 5220122.275], [629637.9500000001, 5220122.2], [629638.0, 5220122.025], [629638.175, 5220121.925], [629638.25, 5220121.725000001], [629638.5750000001, 5220121.775], [629638.625, 5220122.175], [629637.725, 5220123.350000001], [629637.3, 5220123.425]]]}}, {"type": "Feature", "properties": {"vineyard_id": "V01", "tile": "siret3_r021_c012.tif", "area_m2": 0.434}, "geometry": {"type": "Polygon", "coordinates": [[[629639.6, 5220120.9], [629639.525, 5220120.825], [629639.5750000001, 5220120.425], [629639.85, 5220120.15], [629639.75, 5220119.95], [629639.9, 5220119.8], [629639.85, 5220119.625], [629639.975, 5220119.5], [629640.1, 5220119.675], [629640.375, 5220119.725000001], [629640.375, 5220119.875], [629640.275, 5220120.0], [629640.025, 5220120.05], [629640.125, 5220120.225000001], [629639.6, 5220120.9]]]}}, {"type": "Feature", "properties": {"vineyard_id": "V01", "tile": "siret3_r021_c012.tif", "area_m2": 0.835}, "geometry": {"type": "Polygon", "coordinates": [[[629642.025, 5220117.375], [629641.9500000001, 5220117.25], [629642.0, 5220116.825], [629642.1, 5220116.7], [629642.275, 5220116.65], [629642.425, 5220116.45], [629642.425, 5220116.275], [629643.175, 5220115.375], [629643.3250000001, 5220115.600000001], [629643.225, 5220115.725000001], [629643.025, 5220115.725000001], [629643.175, 5220116.0], [629642.9, 5220116.025], [629642.75, 5220116.3], [629642.75, 5220116.4], [629642.925, 5220116.600000001], [629642.5, 5220117.15], [629642.2000000001, 5220117.350000001], [629642.025, 5220117.375]]]}}, {"type": "Feature", "properties": {"vineyard_id": "V01", "tile": "siret3_r021_c012.tif", "area_m2": 0.412}, "geometry": {"type": "Polygon", "coordinates": [[[629643.6, 5220115.55], [629643.4, 5220115.125], [629643.625, 5220114.825], [629643.85, 5220114.8], [629643.8, 5220114.5], [629644.0750000001, 5220114.225000001], [629644.2000000001, 5220113.975000001], [629644.225, 5220114.25], [629643.9500000001, 5220114.65], [629644.0, 5220115.0], [629643.8250000001, 5220115.425], [629643.6, 5220115.55]]]}}, {"type": "Feature", "properties": {"vineyard_id": "V01", "tile": "siret3_r021_c012.tif", "area_m2": 0.316}, "geometry": {"type": "Polygon", "coordinates": [[[629644.375, 5220113.9], [629644.3250000001, 5220113.8], [629644.775, 5220113.225000001], [629644.9, 5220113.4], [629645.0750000001, 5220113.4], [629645.15, 5220113.5], [629645.175, 5220113.675], [629645.1, 5220113.775], [629644.375, 5220113.9]]]}}, {"type": "Feature", "properties": {"vineyard_id": "V01", "tile": "siret3_r021_c012.tif", "area_m2": 0.4}, "geometry": {"type": "Polygon", "coordinates": [[[629645.225, 5220113.05], [629645.0, 5220112.925], [629646.275, 5220111.275], [629646.475, 5220111.175], [629646.375, 5220111.4], [629646.0750000001, 5220111.625], [629646.0750000001, 5220111.875], [629645.975, 5220111.925], [629645.925, 5220112.15], [629645.75, 5220112.225000001], [629645.725, 5220112.375], [629645.525, 5220112.475000001], [629645.525, 5220112.7], [629645.35, 5220112.825], [629645.225, 5220113.05]]]}}, {"type": "Feature", "properties": {"vineyard_id": "V01", "tile": "siret3_r021_c012.tif", "area_m2": 0.46}, "geometry": {"type": "Polygon", "coordinates": [[[629647.0750000001, 5220111.125], [629646.9, 5220111.0], [629646.475, 5220111.025], [629646.875, 5220110.525], [629647.05, 5220110.5], [629647.1, 5220110.325], [629647.375, 5220110.275], [629647.625, 5220110.475000001], [629647.0750000001, 5220111.125]]]}}, {"type": "Feature", "properties": {"vineyard_id": "V01", "tile": "siret3_r021_c012.tif", "area_m2": 0.222}, "geometry": {"type": "Polygon", "coordinates": [[[629647.675, 5220110.175], [629647.275, 5220109.975000001], [629647.5750000001, 5220109.75], [629647.5750000001, 5220109.600000001], [629647.675, 5220109.475000001], [629647.8250000001, 5220109.65], [629647.875, 5220110.075], [629647.8250000001, 5220110.175], [629647.675, 5220110.175]]]}}, {"type": "Feature", "properties": {"vineyard_id": "V01", "tile": "siret3_r021_c012.tif", "area_m2": 0.332}, "geometry": {"type": "Polygon", "coordinates": [[[629648.4, 5220109.475000001], [629648.25, 5220109.375], [629648.225, 5220109.2], [629648.025, 5220109.275], [629647.975, 5220109.4], [629647.875, 5220109.325], [629647.875, 5220109.2], [629648.025, 5220109.0], [629648.475, 5220109.025], [629648.35, 5220108.575], [629648.8250000001, 5220108.825], [629648.4, 5220109.475000001]]]}}, {"type": "Feature", "properties": {"vineyard_id": "V01", "tile": "siret3_r021_c012.tif", "area_m2": 0.587}, "geometry": {"type": "Polygon", "coordinates": [[[629649.175, 5220108.425], [629648.65, 5220108.25], [629648.7000000001, 5220108.125], [629648.9, 5220108.100000001], [629648.875, 5220107.9], [629649.1, 5220107.600000001], [629649.375, 5220107.625], [629649.5750000001, 5220107.375], [629649.9500000001, 5220107.475000001], [629649.625, 5220107.9], [629649.425, 5220108.025], [629649.425, 5220108.15], [629649.175, 5220108.425]]]}}, {"type": "Feature", "properties": {"vineyard_id": "V01", "tile": "siret3_r021_c012.tif", "area_m2": 0.395}, "geometry": {"type": "Polygon", "coordinates": [[[629650.5, 5220106.65], [629650.375, 5220106.525], [629650.4, 5220106.275], [629650.9, 5220106.0], [629650.8, 5220105.475000001], [629650.9, 5220105.5], [629650.925, 5220105.600000001], [629651.05, 5220105.600000001], [629651.275, 5220105.425], [629651.35, 5220105.5], [629651.275, 5220105.75], [629650.625, 5220106.600000001], [629650.5, 5220106.65]]]}}, {"type": "Feature", "properties": {"vineyard_id": "V01", "tile": "siret3_r021_c012.tif", "area_m2": 0.67}, "geometry": {"type": "Polygon", "coordinates": [[[629651.5, 5220104.95], [629651.4500000001, 5220104.825], [629651.6, 5220104.625], [629651.925, 5220104.5], [629651.925, 5220104.225000001], [629651.8250000001, 5220104.100000001], [629652.025, 5220103.925], [629652.15, 5220103.675], [629652.425, 5220103.5], [629652.7000000001, 5220103.575], [629652.975, 5220103.525], [629652.8250000001, 5220103.725000001], [629652.65, 5220103.675], [629652.525, 5220103.75], [629652.475, 5220104.2], [629652.225, 5220104.525], [629652.025, 5220104.65], [629651.975, 5220104.8], [629651.775, 5220104.8], [629651.7000000001, 5220104.95], [629651.5, 5220104.95]]]}}, {"type": "Feature", "properties": {"vineyard_id": "V01", "tile": "siret3_r021_c012.tif", "area_m2": 1.537}, "geometry": {"type": "Polygon", "coordinates": [[[629654.75, 5220101.2], [629654.375, 5220101.15], [629654.475, 5220101.125], [629654.425, 5220100.7], [629654.675, 5220100.675], [629654.625, 5220100.45], [629654.9, 5220100.100000001], [629655.0750000001, 5220100.125], [629655.25, 5220100.0], [629655.4500000001, 5220099.975000001], [629655.4, 5220099.8], [629655.175, 5220099.725000001], [629655.85, 5220098.850000001], [629656.0, 5220098.8], [629656.0750000001, 5220098.55], [629656.175, 5220098.475000001], [629656.4, 5220098.5], [629656.4, 5220098.975000001], [629656.25, 5220099.100000001], [629656.225, 5220099.325], [629656.0750000001, 5220099.375], [629656.0750000001, 5220099.525], [629655.8250000001, 5220099.850000001], [629655.625, 5220099.975000001], [629655.5750000001, 5220100.175], [629654.975, 5220100.95], [629654.75, 5220101.2]]]}}, {"type": "Feature", "properties": {"vineyard_id": "V01", "tile": "siret3_r021_c012.tif", "area_m2": 0.372}, "geometry": {"type": "Polygon", "coordinates": [[[629653.925, 5220102.05], [629653.7000000001, 5220101.975000001], [629653.725, 5220101.775], [629653.85, 5220101.675], [629653.875, 5220101.475000001], [629654.05, 5220101.3], [629654.2000000001, 5220101.350000001], [629654.275, 5220101.125], [629654.35, 5220101.15], [629654.3250000001, 5220101.425], [629654.4500000001, 5220101.625], [629654.15, 5220102.0], [629653.925, 5220102.05]]]}}, {"type": "Feature", "properties": {"vineyard_id": "V01", "tile": "siret3_r021_c012.tif", "area_m2": 0.589}, "geometry": {"type": "Polygon", "coordinates": [[[629656.85, 5220098.5], [629656.775, 5220098.375], [629656.775, 5220098.05], [629656.9500000001, 5220098.0], [629657.05, 5220097.775], [629656.975, 5220097.600000001], [629656.8250000001, 5220097.575], [629657.0750000001, 5220097.350000001], [629657.0750000001, 5220097.25], [629657.25, 5220097.175], [629657.3, 5220097.025], [629657.4500000001, 5220096.975000001], [629657.5750000001, 5220097.075], [629657.5750000001, 5220097.625], [629656.85, 5220098.5]]]}}, {"type": "Feature", "properties": {"vineyard_id": "V01", "tile": "siret3_r021_c012.tif", "area_m2": 0.37}, "geometry": {"type": "Polygon", "coordinates": [[[629615.8250000001, 5220146.9], [629615.775, 5220146.8], [629615.9, 5220146.65], [629616.0750000001, 5220146.625], [629616.2000000001, 5220146.25], [629616.625, 5220145.7], [629616.525, 5220146.0], [629616.65, 5220146.15], [629616.5, 5220146.25], [629616.5750000001, 5220146.600000001], [629616.2000000001, 5220146.850000001], [629615.8250000001, 5220146.9]]]}}, {"type": "Feature", "properties": {"vineyard_id": "V01", "tile": "siret3_r021_c012.tif", "area_m2": 0.248}, "geometry": {"type": "Polygon", "coordinates": [[[629617.125, 5220145.600000001], [629617.025, 5220145.575], [629616.975, 5220145.375], [629617.2000000001, 5220145.325], [629617.425, 5220144.95], [629617.725, 5220144.95], [629617.75, 5220145.175], [629617.625, 5220145.375], [629617.2000000001, 5220145.5], [629617.125, 5220145.600000001]]]}}, {"type": "Feature", "properties": {"vineyard_id": "V01", "tile": "siret3_r021_c012.tif", "area_m2": 1.495}, "geometry": {"type": "Polygon", "coordinates": [[[629618.05, 5220144.7], [629617.875, 5220144.625], [629617.8, 5220144.5], [629617.8, 5220144.375], [629617.975, 5220144.3], [629617.925, 5220144.125], [629618.4500000001, 5220143.9], [629618.5, 5220143.350000001], [629619.1, 5220142.850000001], [629619.275, 5220142.5], [629619.4, 5220142.475000001], [629619.375, 5220142.175], [629619.5750000001, 5220142.025], [629619.625, 5220141.825], [629620.125, 5220141.475000001], [629620.3, 5220141.9], [629619.65, 5220142.7], [629619.3250000001, 5220142.825], [629619.225, 5220143.3], [629618.875, 5220143.75], [629618.5, 5220144.025], [629618.275, 5220144.525], [629618.05, 5220144.7]]]}}, {"type": "Feature", "properties": {"vineyard_id": "V01", "tile": "siret3_r021_c012.tif", "area_m2": 0.704}, "geometry": {"type": "Polygon", "coordinates": [[[629620.9500000001, 5220141.025], [629620.9, 5220140.925], [629620.65, 5220140.925], [629620.725, 5220140.55], [629621.025, 5220140.475000001], [629621.05, 5220140.375], [629621.2000000001, 5220140.325], [629621.275, 5220140.100000001], [629621.125, 5220139.95], [629621.125, 5220139.850000001], [629621.3250000001, 5220139.600000001], [629621.775, 5220139.475000001], [629621.925, 5220139.65], [629621.875, 5220139.825], [629620.9500000001, 5220141.025]]]}}, {"type": "Feature", "properties": {"vineyard_id": "V01", "tile": "siret3_r021_c012.tif", "area_m2": 0.655}, "geometry": {"type": "Polygon", "coordinates": [[[629623.875, 5220136.975000001], [629623.775, 5220136.95], [629623.75, 5220136.675], [629623.625, 5220136.625], [629623.65, 5220136.575], [629624.225, 5220135.825], [629624.5, 5220135.850000001], [629624.625, 5220135.75], [629624.625, 5220135.575], [629624.925, 5220135.5], [629624.975, 5220135.675], [629624.9, 5220135.925], [629624.8, 5220136.05], [629624.55, 5220136.100000001], [629624.4500000001, 5220136.3], [629624.3, 5220136.2], [629624.175, 5220136.225000001], [629624.25, 5220136.65], [629623.875, 5220136.975000001]]]}}, {"type": "Feature", "properties": {"vineyard_id": "V01", "tile": "siret3_r021_c012.tif", "area_m2": 0.293}, "geometry": {"type": "Polygon", "coordinates": [[[629627.425, 5220132.3], [629627.0, 5220132.4], [629626.975, 5220132.25], [629627.55, 5220131.525], [629627.675, 5220131.675], [629627.675, 5220131.875], [629627.425, 5220132.3]]]}}, {"type": "Feature", "properties": {"vineyard_id": "V01", "tile": "siret3_r021_c012.tif", "area_m2": 0.221}, "geometry": {"type": "Polygon", "coordinates": [[[629627.8250000001, 5220131.3], [629627.8250000001, 5220131.15], [629628.625, 5220130.125], [629628.55, 5220130.25], [629628.5750000001, 5220130.45], [629628.375, 5220130.675], [629628.375, 5220130.875], [629628.225, 5220130.9], [629628.025, 5220131.3], [629627.8250000001, 5220131.3]]]}}, {"type": "Feature", "properties": {"vineyard_id": "V01", "tile": "siret3_r021_c012.tif", "area_m2": 0.238}, "geometry": {"type": "Polygon", "coordinates": [[[629628.925, 5220130.375], [629628.8, 5220130.15], [629628.8250000001, 5220130.025], [629628.925, 5220130.0], [629628.9, 5220129.75], [629629.0750000001, 5220129.55], [629629.35, 5220130.125], [629628.925, 5220130.375]]]}}, {"type": "Feature", "properties": {"vineyard_id": "V01", "tile": "siret3_r021_c012.tif", "area_m2": 0.587}, "geometry": {"type": "Polygon", "coordinates": [[[629630.525, 5220128.325], [629630.3250000001, 5220127.925], [629630.475, 5220127.75], [629630.55, 5220127.925], [629630.8250000001, 5220127.875], [629630.8250000001, 5220127.775], [629630.675, 5220127.7], [629630.625, 5220127.55], [629630.75, 5220127.375], [629631.15, 5220127.25], [629631.275, 5220126.825], [629631.425, 5220126.8], [629631.375, 5220127.325], [629631.175, 5220127.65], [629630.975, 5220127.7], [629631.0750000001, 5220127.9], [629630.75, 5220128.325], [629630.525, 5220128.325]]]}}, {"type": "Feature", "properties": {"vineyard_id": "V01", "tile": "siret3_r021_c012.tif", "area_m2": 0.365}, "geometry": {"type": "Polygon", "coordinates": [[[629631.775, 5220126.975000001], [629631.85, 5220126.600000001], [629631.55, 5220126.575], [629631.725, 5220126.525], [629631.8, 5220126.375], [629632.0750000001, 5220126.225000001], [629632.175, 5220125.75], [629632.3250000001, 5220125.55], [629632.475, 5220125.75], [629632.425, 5220126.125], [629631.775, 5220126.975000001]]]}}, {"type": "Feature", "properties": {"vineyard_id": "V01", "tile": "siret3_r021_c012.tif", "area_m2": 1.036}, "geometry": {"type": "Polygon", "coordinates": [[[629633.0, 5220125.4], [629632.975, 5220124.95], [629633.1, 5220124.8], [629633.125, 5220124.425], [629633.375, 5220124.275], [629633.875, 5220123.65], [629633.9500000001, 5220123.425], [629634.225, 5220123.425], [629634.35, 5220123.325], [629634.4, 5220122.95], [629634.65, 5220122.7], [629635.025, 5220122.675], [629635.0, 5220122.8], [629634.3250000001, 5220123.675], [629634.15, 5220123.675], [629634.125, 5220123.775], [629633.9500000001, 5220123.875], [629633.925, 5220124.2], [629633.0, 5220125.4]]]}}, {"type": "Feature", "properties": {"vineyard_id": "V01", "tile": "siret3_r021_c012.tif", "area_m2": 0.411}, "geometry": {"type": "Polygon", "coordinates": [[[629635.225, 5220122.475000001], [629635.125, 5220122.175], [629635.175, 5220121.95], [629635.5, 5220121.775], [629635.475, 5220121.575], [629635.675, 5220121.475000001], [629635.7000000001, 5220121.175], [629635.85, 5220121.100000001], [629636.0750000001, 5220121.4], [629635.675, 5220121.825], [629635.675, 5220121.925], [629635.225, 5220122.475000001]]]}}, {"type": "Feature", "properties": {"vineyard_id": "V01", "tile": "siret3_r021_c012.tif", "area_m2": 0.568}, "geometry": {"type": "Polygon", "coordinates": [[[629637.225, 5220119.375], [629637.225, 5220118.975000001], [629637.4500000001, 5220118.65], [629637.675, 5220118.7], [629637.875, 5220118.5], [629637.875, 5220118.375], [629637.75, 5220118.25], [629638.375, 5220117.475000001], [629638.4, 5220117.575], [629638.675, 5220117.75], [629638.675, 5220117.850000001], [629638.5750000001, 5220117.850000001], [629638.375, 5220118.100000001], [629638.25, 5220117.95], [629638.125, 5220117.975000001], [629638.125, 5220118.375], [629638.0, 5220118.45], [629637.9, 5220118.7], [629637.925, 5220118.975000001], [629637.8, 5220119.100000001], [629637.55, 5220118.925], [629637.4, 5220118.95], [629637.225, 5220119.375]]]}}, {"type": "Feature", "properties": {"vineyard_id": "V01", "tile": "siret3_r021_c012.tif", "area_m2": 0.607}, "geometry": {"type": "Polygon", "coordinates": [[[629639.75, 5220115.8], [629639.75, 5220115.65], [629640.175, 5220115.100000001], [629640.375, 5220114.975000001], [629640.375, 5220114.850000001], [629640.6, 5220114.675], [629640.6, 5220114.55], [629640.9, 5220114.2], [629641.0, 5220114.45], [629640.975, 5220114.600000001], [629641.0750000001, 5220114.725000001], [629640.625, 5220115.05], [629640.5750000001, 5220115.475000001], [629640.1, 5220115.525], [629639.9, 5220115.75], [629639.75, 5220115.8]]]}}, {"type": "Feature", "properties": {"vineyard_id": "V01", "tile": "siret3_r021_c012.tif", "area_m2": 0.551}, "geometry": {"type": "Polygon", "coordinates": [[[629638.8, 5220117.600000001], [629638.625, 5220117.4], [629638.65, 5220117.100000001], [629638.9500000001, 5220116.8], [629639.025, 5220116.600000001], [629639.675, 5220115.75], [629639.675, 5220116.4], [629639.55, 5220116.5], [629639.3, 5220116.5], [629639.2000000001, 5220116.575], [629639.25, 5220116.95], [629639.0750000001, 5220117.075], [629638.9500000001, 5220117.525], [629638.8, 5220117.600000001]]]}}, {"type": "Feature", "properties": {"vineyard_id": "V01", "tile": "siret3_r021_c012.tif", "area_m2": 0.211}, "geometry": {"type": "Polygon", "coordinates": [[[629641.75, 5220113.2], [629641.675, 5220113.15], [629642.025, 5220112.725000001], [629642.4500000001, 5220112.65], [629642.4500000001, 5220112.775], [629642.2000000001, 5220113.075], [629641.75, 5220113.2]]]}}, {"type": "Feature", "properties": {"vineyard_id": "V01", "tile": "siret3_r021_c012.tif", "area_m2": 0.641}, "geometry": {"type": "Polygon", "coordinates": [[[629642.775, 5220112.65], [629642.75, 5220112.45], [629642.475, 5220112.575], [629642.5, 5220112.275], [629642.675, 5220112.025], [629642.9500000001, 5220111.850000001], [629642.925, 5220111.525], [629643.4500000001, 5220111.15], [629643.4500000001, 5220111.45], [629643.7000000001, 5220111.5], [629643.4500000001, 5220111.8], [629643.2000000001, 5220111.8], [629643.275, 5220112.05], [629643.025, 5220112.375], [629642.85, 5220112.45], [629642.775, 5220112.65]]]}}, {"type": "Feature", "properties": {"vineyard_id": "V01", "tile": "siret3_r021_c012.tif", "area_m2": 1.019}, "geometry": {"type": "Polygon", "coordinates": [[[629644.1, 5220110.975000001], [629644.025, 5220110.9], [629644.05, 5220110.7], [629644.4500000001, 5220110.350000001], [629644.4500000001, 5220110.225000001], [629644.15, 5220110.025], [629644.475, 5220109.975000001], [629644.5, 5220109.75], [629644.8250000001, 5220109.275], [629645.0750000001, 5220109.3], [629645.175, 5220109.225000001], [629645.225, 5220108.95], [629645.125, 5220108.850000001], [629645.2000000001, 5220108.8], [629645.275, 5220108.475000001], [629645.4500000001, 5220108.425], [629645.75, 5220108.525], [629645.85, 5220108.425], [629645.975, 5220108.45], [629645.9500000001, 5220108.575], [629645.475, 5220109.100000001], [629645.4500000001, 5220109.225000001], [629644.1, 5220110.975000001]]]}}, {"type": "Feature", "properties": {"vineyard_id": "V01", "tile": "siret3_r021_c012.tif", "area_m2": 1.643}, "geometry": {"type": "Polygon", "coordinates": [[[629646.175, 5220108.0], [629646.125, 5220107.575], [629646.275, 5220107.225000001], [629646.775, 5220106.925], [629646.75, 5220106.675], [629647.375, 5220106.125], [629647.275, 5220105.9], [629647.8250000001, 5220105.55], [629648.1, 5220105.5], [629648.05, 5220105.100000001], [629648.3, 5220104.8], [629648.625, 5220104.825], [629648.675, 5220104.975000001], [629648.6, 5220105.125], [629647.9500000001, 5220105.975000001], [629647.7000000001, 5220106.175], [629647.7000000001, 5220106.3], [629646.625, 5220107.7], [629646.475, 5220107.875], [629646.175, 5220108.0]]]}}, {"type": "Feature", "properties": {"vineyard_id": "V01", "tile": "siret3_r021_c012.tif", "area_m2": 0.274}, "geometry": {"type": "Polygon", "coordinates": [[[629648.8250000001, 5220104.525], [629648.675, 5220104.2], [629648.8250000001, 5220104.15], [629649.0750000001, 5220103.8], [629649.35, 5220103.850000001], [629649.4500000001, 5220103.95], [629649.375, 5220104.125], [629648.8250000001, 5220104.525]]]}}, {"type": "Feature", "properties": {"vineyard_id": "V01", "tile": "siret3_r021_c012.tif", "area_m2": 1.732}, "geometry": {"type": "Polygon", "coordinates": [[[629649.625, 5220103.4], [629649.35, 5220103.325], [629649.375, 5220103.15], [629649.5750000001, 5220103.0], [629649.5750000001, 5220102.9], [629649.85, 5220102.575], [629650.3250000001, 5220102.55], [629650.3, 5220102.4], [629650.125, 5220102.4], [629650.25, 5220102.100000001], [629650.425, 5220101.95], [629650.6, 5220101.95], [629650.675, 5220101.725000001], [629650.85, 5220101.65], [629650.9500000001, 5220101.4], [629650.9, 5220101.175], [629651.2000000001, 5220101.075], [629651.15, 5220100.850000001], [629651.175, 5220100.825], [629651.6, 5220100.825], [629651.625, 5220100.600000001], [629651.725, 5220100.5], [629651.725, 5220100.350000001], [629651.625, 5220100.225000001], [629651.9, 5220099.875], [629652.0750000001, 5220099.825], [629652.125, 5220100.15], [629652.025, 5220100.45], [629652.125, 5220100.475000001], [629652.125, 5220100.55], [629651.3, 5220101.525], [629651.3, 5220101.625], [629651.1, 5220101.625], [629650.9500000001, 5220101.775], [629650.925, 5220102.100000001], [629650.675, 5220102.3], [629650.625, 5220102.5], [629650.4, 5220102.65], [629650.375, 5220102.8], [629650.05, 5220103.25], [629649.625, 5220103.4]]]}}, {"type": "Feature", "properties": {"vineyard_id": "V01", "tile": "siret3_r021_c012.tif", "area_m2": 0.312}, "geometry": {"type": "Polygon", "coordinates": [[[629652.925, 5220099.075], [629652.925, 5220098.925], [629652.7000000001, 5220098.825], [629653.3, 5220098.05], [629653.475, 5220098.2], [629653.375, 5220098.4], [629653.175, 5220098.45], [629653.175, 5220098.55], [629653.425, 5220098.675], [629653.25, 5220098.75], [629653.025, 5220099.075], [629652.925, 5220099.075]]]}}, {"type": "Feature", "properties": {"vineyard_id": "V01", "tile": "siret3_r021_c012.tif", "area_m2": 0.435}, "geometry": {"type": "Polygon", "coordinates": [[[629612.65, 5220147.2], [629612.65, 5220146.850000001], [629612.55, 5220146.775], [629612.625, 5220146.575], [629612.8, 5220146.350000001], [629612.9500000001, 5220146.375], [629613.025, 5220146.3], [629613.05, 5220146.025], [629613.175, 5220145.875], [629613.275, 5220145.9], [629613.3250000001, 5220145.975000001], [629613.175, 5220146.2], [629613.175, 5220146.55], [629613.3, 5220146.65], [629613.125, 5220146.875], [629612.8, 5220147.0], [629612.725, 5220147.2], [629612.65, 5220147.2]]]}}, {"type": "Feature", "properties": {"vineyard_id": "V01", "tile": "siret3_r021_c012.tif", "area_m2": 0.766}, "geometry": {"type": "Polygon", "coordinates": [[[629613.65, 5220146.15], [629613.6, 5220145.825], [629613.4, 5220145.75], [629613.4500000001, 5220145.525], [629613.5750000001, 5220145.350000001], [629613.75, 5220145.3], [629613.8, 5220145.05], [629614.15, 5220144.725000001], [629614.275, 5220144.425], [629614.4500000001, 5220144.625], [629614.5750000001, 5220144.625], [629614.625, 5220144.325], [629614.8250000001, 5220144.275], [629615.0, 5220144.45], [629614.5750000001, 5220144.825], [629614.475, 5220145.05], [629613.875, 5220145.375], [629613.9500000001, 5220145.575], [629613.775, 5220146.05], [629613.65, 5220146.15]]]}}, {"type": "Feature", "properties": {"vineyard_id": "V01", "tile": "siret3_r021_c012.tif", "area_m2": 0.889}, "geometry": {"type": "Polygon", "coordinates": [[[629615.725, 5220143.475000001], [629615.5750000001, 5220143.350000001], [629615.6, 5220143.175], [629615.5, 5220143.05], [629615.5750000001, 5220142.725000001], [629616.05, 5220142.375], [629616.025, 5220142.15], [629616.375, 5220141.725000001], [629616.5, 5220141.7], [629616.5, 5220141.575], [629616.6, 5220141.475000001], [629616.675, 5220141.575], [629616.625, 5220141.75], [629616.7000000001, 5220142.225000001], [629616.3250000001, 5220142.7], [629616.175, 5220142.725000001], [629616.1, 5220142.975000001], [629615.975, 5220143.05], [629615.975, 5220143.175], [629615.85, 5220143.2], [629615.85, 5220143.325], [629615.725, 5220143.475000001]]]}}, {"type": "Feature", "properties": {"vineyard_id": "V01", "tile": "siret3_r021_c012.tif", "area_m2": 0.41}, "geometry": {"type": "Polygon", "coordinates": [[[629615.225, 5220144.15], [629614.8250000001, 5220144.075], [629614.925, 5220143.575], [629615.025, 5220143.45], [629615.225, 5220143.45], [629615.3250000001, 5220143.325], [629615.425, 5220143.525], [629615.55, 5220143.525], [629615.5750000001, 5220143.375], [629615.725, 5220143.5], [629615.225, 5220144.15]]]}}, {"type": "Feature", "properties": {"vineyard_id": "V01", "tile": "siret3_r021_c012.tif", "area_m2": 0.807}, "geometry": {"type": "Polygon", "coordinates": [[[629617.775, 5220140.8], [629617.875, 5220140.575], [629617.5750000001, 5220140.45], [629617.675, 5220140.225000001], [629617.65, 5220140.025], [629617.875, 5220139.775], [629618.3, 5220139.600000001], [629618.25, 5220139.25], [629618.375, 5220139.075], [629618.55, 5220139.025], [629618.55, 5220138.850000001], [629618.725, 5220138.7], [629618.725, 5220139.100000001], [629618.8250000001, 5220139.25], [629618.6, 5220139.5], [629618.375, 5220140.05], [629618.25, 5220140.100000001], [629618.225, 5220140.25], [629617.775, 5220140.8]]]}}, {"type": "Feature", "properties": {"vineyard_id": "V01", "tile": "siret3_r021_c012.tif", "area_m2": 0.276}, "geometry": {"type": "Polygon", "coordinates": [[[629620.625, 5220136.8], [629620.5, 5220136.600000001], [629620.7000000001, 5220136.375], [629620.7000000001, 5220136.05], [629620.925, 5220135.825], [629620.9500000001, 5220136.3], [629621.0750000001, 5220136.525], [629620.9, 5220136.75], [629620.625, 5220136.8]]]}}, {"type": "Feature", "properties": {"vineyard_id": "V01", "tile": "siret3_r021_c012.tif", "area_m2": 0.69}, "geometry": {"type": "Polygon", "coordinates": [[[629622.975, 5220133.8], [629622.8250000001, 5220133.55], [629622.925, 5220133.15], [629623.225, 5220132.825], [629623.375, 5220132.8], [629623.5750000001, 5220132.625], [629623.7000000001, 5220132.350000001], [629624.125, 5220132.325], [629624.125, 5220132.5], [629624.05, 5220132.575], [629623.9, 5220132.600000001], [629623.6, 5220132.825], [629623.675, 5220133.15], [629623.35, 5220133.575], [629623.15, 5220133.600000001], [629623.125, 5220133.725000001], [629623.2000000001, 5220133.75], [629622.975, 5220133.8]]]}}, {"type": "Feature", "properties": {"vineyard_id": "V01", "tile": "siret3_r021_c012.tif", "area_m2": 0.611}, "geometry": {"type": "Polygon", "coordinates": [[[629624.175, 5220132.275], [629624.1, 5220131.975000001], [629624.275, 5220131.875], [629624.275, 5220131.725000001], [629624.425, 5220131.525], [629624.4, 5220131.325], [629624.7000000001, 5220131.2], [629624.6, 5220130.975000001], [629624.925, 5220130.65], [629624.975, 5220130.5], [629625.175, 5220130.575], [629625.15, 5220131.05], [629624.875, 5220131.175], [629624.8, 5220131.675], [629624.4, 5220132.0], [629624.3250000001, 5220132.25], [629624.175, 5220132.275]]]}}, {"type": "Feature", "properties": {"vineyard_id": "V01", "tile": "siret3_r021_c012.tif", "area_m2": 0.397}, "geometry": {"type": "Polygon", "coordinates": [[[629625.55, 5220130.4], [629625.4500000001, 5220130.275], [629625.6, 5220130.15], [629625.6, 5220129.975000001], [629625.4500000001, 5220129.875], [629625.5750000001, 5220129.7], [629625.875, 5220129.75], [629626.025, 5220129.600000001], [629626.025, 5220129.375], [629626.125, 5220129.25], [629626.275, 5220129.75], [629625.9, 5220130.225000001], [629625.55, 5220130.4]]]}}, {"type": "Feature", "properties": {"vineyard_id": "V01", "tile": "siret3_r021_c012.tif", "area_m2": 0.868}, "geometry": {"type": "Polygon", "coordinates": [[[629626.6, 5220129.3], [629626.35, 5220129.2], [629626.1, 5220129.025], [629626.125, 5220128.975000001], [629626.225, 5220128.850000001], [629626.375, 5220128.825], [629626.375, 5220128.65], [629626.4500000001, 5220128.575], [629626.9, 5220128.375], [629626.9, 5220128.025], [629627.0, 5220128.0], [629627.0750000001, 5220127.775], [629627.4, 5220127.7], [629627.5, 5220127.5], [629627.6, 5220127.525], [629627.5750000001, 5220127.675], [629627.425, 5220127.775], [629627.475, 5220128.2], [629627.225, 5220128.425], [629627.225, 5220128.525], [629626.6, 5220129.3]]]}}, {"type": "Feature", "properties": {"vineyard_id": "V01", "tile": "siret3_r021_c012.tif", "area_m2": 0.205}, "geometry": {"type": "Polygon", "coordinates": [[[629628.0, 5220127.350000001], [629628.0, 5220126.9], [629627.85, 5220126.8], [629628.05, 5220126.75], [629628.125, 5220126.575], [629628.275, 5220126.55], [629628.375, 5220127.025], [629628.0, 5220127.350000001]]]}}, {"type": "Feature", "properties": {"vineyard_id": "V01", "tile": "siret3_r021_c012.tif", "area_m2": 0.404}, "geometry": {"type": "Polygon", "coordinates": [[[629628.9, 5220126.325], [629628.8, 5220125.925], [629628.625, 5220126.0], [629628.475, 5220125.925], [629628.775, 5220125.525], [629629.05, 5220125.350000001], [629629.35, 5220125.625], [629629.275, 5220125.850000001], [629628.9, 5220126.325]]]}}, {"type": "Feature", "properties": {"vineyard_id": "V01", "tile": "siret3_r021_c012.tif", "area_m2": 0.363}, "geometry": {"type": "Polygon", "coordinates": [[[629629.3, 5220125.275], [629629.225, 5220124.95], [629629.925, 5220124.025], [629630.05, 5220124.0], [629630.0750000001, 5220124.125], [629629.925, 5220124.275], [629629.8, 5220124.625], [629629.725, 5220124.7], [629629.525, 5220124.7], [629629.4500000001, 5220124.825], [629629.475, 5220124.975000001], [629629.65, 5220124.95], [629629.85, 5220125.025], [629629.85, 5220125.100000001], [629629.6, 5220125.275], [629629.3, 5220125.275]]]}}, {"type": "Feature", "properties": {"vineyard_id": "V01", "tile": "siret3_r021_c012.tif", "area_m2": 0.48}, "geometry": {"type": "Polygon", "coordinates": [[[629632.4, 5220121.775], [629632.25, 5220121.675], [629632.375, 5220121.45], [629632.375, 5220121.325], [629632.225, 5220121.175], [629632.25, 5220121.025], [629632.35, 5220120.95], [629632.675, 5220121.025], [629632.75, 5220120.825], [629632.5750000001, 5220120.775], [629632.5750000001, 5220120.575], [629632.7000000001, 5220120.425], [629633.0750000001, 5220120.45], [629632.875, 5220120.8], [629632.875, 5220120.925], [629632.975, 5220121.025], [629632.4, 5220121.775]]]}}, {"type": "Feature", "properties": {"vineyard_id": "V01", "tile": "siret3_r021_c012.tif", "area_m2": 0.486}, "geometry": {"type": "Polygon", "coordinates": [[[629631.35, 5220123.0], [629631.25, 5220122.9], [629631.3250000001, 5220122.375], [629631.425, 5220122.3], [629631.525, 5220122.425], [629631.65, 5220122.4], [629631.725, 5220122.125], [629631.7000000001, 5220121.75], [629631.8250000001, 5220121.725000001], [629631.925, 5220121.850000001], [629632.05, 5220121.850000001], [629632.225, 5220121.675], [629632.375, 5220121.775], [629632.0750000001, 5220122.2], [629631.875, 5220122.4], [629631.7000000001, 5220122.45], [629631.675, 5220122.725000001], [629631.35, 5220123.0]]]}}, {"type": "Feature", "properties": {"vineyard_id": "V01", "tile": "siret3_r021_c012.tif", "area_m2": 0.202}, "geometry": {"type": "Polygon", "coordinates": [[[629633.1, 5220120.4], [629633.125, 5220120.175], [629633.25, 5220120.125], [629633.25, 5220120.0], [629633.4500000001, 5220119.825], [629633.475, 5220119.625], [629633.775, 5220119.575], [629633.8, 5220119.65], [629633.975, 5220119.7], [629633.875, 5220119.850000001], [629633.625, 5220119.8], [629633.5, 5220119.925], [629633.5, 5220120.05], [629633.3, 5220120.2], [629633.25, 5220120.4], [629633.1, 5220120.4]]]}}, {"type": "Feature", "properties": {"vineyard_id": "V01", "tile": "siret3_r021_c012.tif", "area_m2": 0.502}, "geometry": {"type": "Polygon", "coordinates": [[[629634.175, 5220119.05], [629634.1, 5220118.875], [629634.15, 5220118.7], [629634.8, 5220118.0], [629634.875, 5220117.7], [629635.0750000001, 5220118.100000001], [629635.225, 5220118.100000001], [629635.125, 5220118.225000001], [629634.9, 5220118.25], [629634.85, 5220118.575], [629634.5750000001, 5220118.925], [629634.4, 5220118.925], [629634.175, 5220119.05]]]}}, {"type": "Feature", "properties": {"vineyard_id": "V01", "tile": "siret3_r021_c012.tif", "area_m2": 0.236}, "geometry": {"type": "Polygon", "coordinates": [[[629635.225, 5220117.425], [629635.175, 5220117.2], [629635.375, 5220116.925], [629635.725, 5220116.7], [629635.875, 5220116.775], [629635.775, 5220117.025], [629635.625, 5220117.175], [629635.5, 5220117.175], [629635.4, 5220117.4], [629635.225, 5220117.425]]]}}, {"type": "Feature", "properties": {"vineyard_id": "V01", "tile": "siret3_r021_c012.tif", "area_m2": 0.564}, "geometry": {"type": "Polygon", "coordinates": [[[629637.2000000001, 5220115.2], [629637.175, 5220115.05], [629636.975, 5220114.850000001], [629637.25, 5220114.5], [629637.475, 5220114.475000001], [629637.425, 5220114.25], [629637.525, 5220114.125], [629637.975, 5220113.95], [629638.025, 5220114.05], [629637.9500000001, 5220114.05], [629637.85, 5220114.225000001], [629637.85, 5220114.325], [629638.0, 5220114.4], [629637.9500000001, 5220114.55], [629637.725, 5220114.825], [629637.425, 5220114.925], [629637.375, 5220115.125], [629637.2000000001, 5220115.2]]]}}, {"type": "Feature", "properties": {"vineyard_id": "V01", "tile": "siret3_r021_c012.tif", "area_m2": 0.312}, "geometry": {"type": "Polygon", "coordinates": [[[629636.65, 5220115.95], [629636.675, 5220115.7], [629636.55, 5220115.675], [629636.425, 5220115.775], [629636.4500000001, 5220115.600000001], [629636.675, 5220115.475000001], [629636.725, 5220115.25], [629637.175, 5220115.2], [629637.25, 5220115.375], [629637.2000000001, 5220115.525], [629636.875, 5220115.75], [629636.8250000001, 5220115.925], [629636.65, 5220115.95]]]}}, {"type": "Feature", "properties": {"vineyard_id": "V01", "tile": "siret3_r021_c012.tif", "area_m2": 0.34}, "geometry": {"type": "Polygon", "coordinates": [[[629638.2000000001, 5220113.75], [629637.775, 5220113.8], [629638.0750000001, 5220113.425], [629638.4, 5220113.4], [629638.4, 5220113.25], [629638.25, 5220113.225000001], [629638.275, 5220113.15], [629638.3250000001, 5220113.225000001], [629638.725, 5220113.075], [629638.925, 5220113.075], [629638.975, 5220113.15], [629638.8250000001, 5220113.4], [629638.7000000001, 5220113.350000001], [629638.625, 5220113.425], [629638.675, 5220113.600000001], [629638.5, 5220113.55], [629638.2000000001, 5220113.75]]]}}, {"type": "Feature", "properties": {"vineyard_id": "V01", "tile": "siret3_r021_c012.tif", "area_m2": 0.776}, "geometry": {"type": "Polygon", "coordinates": [[[629639.35, 5220112.725000001], [629639.275, 5220112.375], [629639.125, 5220112.350000001], [629638.975, 5220112.600000001], [629638.925, 5220112.3], [629639.2000000001, 5220112.125], [629639.35, 5220111.875], [629639.6, 5220111.825], [629639.7000000001, 5220111.65], [629639.675, 5220111.325], [629640.15, 5220110.75], [629640.425, 5220110.75], [629640.25, 5220111.325], [629640.0750000001, 5220111.225000001], [629639.875, 5220111.525], [629639.925, 5220111.975000001], [629639.35, 5220112.725000001]]]}}, {"type": "Feature", "properties": {"vineyard_id": "V01", "tile": "siret3_r021_c012.tif", "area_m2": 0.852}, "geometry": {"type": "Polygon", "coordinates": [[[629640.9500000001, 5220110.625], [629640.8, 5220110.350000001], [629640.625, 5220110.425], [629640.425, 5220110.350000001], [629640.725, 5220109.975000001], [629641.05, 5220109.850000001], [629641.225, 5220109.525], [629641.175, 5220109.375], [629641.5, 5220108.95], [629641.5, 5220109.05], [629641.625, 5220109.125], [629641.925, 5220109.125], [629641.975, 5220109.3], [629641.475, 5220109.925], [629641.3250000001, 5220109.975000001], [629641.25, 5220110.25], [629640.9500000001, 5220110.625]]]}}, {"type": "Feature", "properties": {"vineyard_id": "V01", "tile": "siret3_r021_c012.tif", "area_m2": 0.463}, "geometry": {"type": "Polygon", "coordinates": [[[629642.675, 5220108.25], [629642.525, 5220108.125], [629642.6, 5220108.0], [629642.5750000001, 5220107.55], [629642.725, 5220107.350000001], [629642.9500000001, 5220107.25], [629643.175, 5220107.3], [629643.25, 5220107.350000001], [629643.2000000001, 5220107.7], [629642.8, 5220108.225000001], [629642.675, 5220108.25]]]}}, {"type": "Feature", "properties": {"vineyard_id": "V01", "tile": "siret3_r021_c012.tif", "area_m2": 0.315}, "geometry": {"type": "Polygon", "coordinates": [[[629641.675, 5220108.9], [629641.65, 5220108.75], [629641.725, 5220108.65], [629641.9, 5220108.625], [629641.9, 5220108.45], [629642.175, 5220108.100000001], [629642.275, 5220108.175], [629642.525, 5220108.15], [629642.65, 5220108.25], [629642.5, 5220108.325], [629642.475, 5220108.55], [629642.225, 5220108.675], [629642.05, 5220108.600000001], [629641.8250000001, 5220108.850000001], [629641.675, 5220108.9]]]}}, {"type": "Feature", "properties": {"vineyard_id": "V01", "tile": "siret3_r021_c012.tif", "area_m2": 2.393}, "geometry": {"type": "Polygon", "coordinates": [[[629643.625, 5220107.075], [629643.6, 5220106.7], [629643.8250000001, 5220106.5], [629643.8250000001, 5220106.4], [629643.525, 5220106.350000001], [629643.55, 5220106.275], [629643.85, 5220105.9], [629644.025, 5220105.850000001], [629644.025, 5220105.65], [629644.175, 5220105.475000001], [629644.3, 5220105.45], [629644.3250000001, 5220105.275], [629644.75, 5220104.850000001], [629644.8, 5220104.65], [629645.05, 5220104.5], [629645.125, 5220104.3], [629645.275, 5220104.25], [629645.4500000001, 5220104.0], [629645.4500000001, 5220103.8], [629645.6, 5220103.725000001], [629645.8250000001, 5220103.375], [629646.0, 5220103.25], [629646.1, 5220102.95], [629646.35, 5220102.625], [629646.5, 5220102.65], [629646.65, 5220102.475000001], [629646.65, 5220102.3], [629646.775, 5220102.075], [629646.925, 5220101.875], [629647.0, 5220101.9], [629647.025, 5220102.100000001], [629646.9, 5220102.5], [629647.0750000001, 5220102.65], [629646.925, 5220102.825], [629646.675, 5220102.925], [629646.725, 5220103.100000001], [629646.175, 5220103.825], [629645.975, 5220103.8], [629645.875, 5220104.0], [629645.625, 5220104.0], [629645.65, 5220104.25], [629645.5750000001, 5220104.425], [629645.7000000001, 5220104.45], [629645.5750000001, 5220104.475000001], [629645.4500000001, 5220104.775], [629645.4, 5220104.8], [629645.3250000001, 5220104.600000001], [629645.2000000001, 5220104.600000001], [629644.925, 5220105.0], [629644.65, 5220105.15], [629644.675, 5220105.350000001], [629644.775, 5220105.4], [629644.75, 5220105.675], [629644.625, 5220105.8], [629644.375, 5220105.8], [629644.375, 5220105.95], [629644.525, 5220105.975000001], [629643.625, 5220107.075]]]}}, {"type": "Feature", "properties": {"vineyard_id": "V01", "tile": "siret3_r021_c012.tif", "area_m2": 0.258}, "geometry": {"type": "Polygon", "coordinates": [[[629647.475, 5220102.05], [629647.4500000001, 5220101.850000001], [629647.5, 5220101.7], [629647.625, 5220101.675], [629647.625, 5220101.525], [629647.5, 5220101.5], [629647.475, 5220101.600000001], [629647.375, 5220101.600000001], [629647.375, 5220101.475000001], [629647.525, 5220101.350000001], [629647.525, 5220101.225000001], [629647.775, 5220101.15], [629648.025, 5220101.4], [629647.475, 5220102.05]]]}}, {"type": "Feature", "properties": {"vineyard_id": "V01", "tile": "siret3_r021_c012.tif", "area_m2": 0.74}, "geometry": {"type": "Polygon", "coordinates": [[[629648.375, 5220100.875], [629648.0, 5220100.825], [629647.875, 5220100.65], [629648.475, 5220099.925], [629648.525, 5220100.05], [629648.775, 5220100.025], [629648.7000000001, 5220099.575], [629648.9, 5220099.3], [629649.0750000001, 5220099.225000001], [629649.225, 5220099.45], [629648.975, 5220099.65], [629648.9500000001, 5220099.8], [629649.15, 5220099.875], [629649.025, 5220099.925], [629649.025, 5220100.100000001], [629648.8250000001, 5220100.375], [629648.725, 5220100.375], [629648.525, 5220100.625], [629648.4, 5220100.65], [629648.375, 5220100.875]]]}}, {"type": "Feature", "properties": {"vineyard_id": "V01", "tile": "siret3_r021_c012.tif", "area_m2": 0.856}, "geometry": {"type": "Polygon", "coordinates": [[[629650.2000000001, 5220098.350000001], [629650.125, 5220098.275], [629650.125, 5220097.725000001], [629650.225, 5220097.600000001], [629650.375, 5220097.625], [629650.425, 5220097.475000001], [629650.55, 5220097.425], [629650.475, 5220097.25], [629650.625, 5220097.05], [629650.775, 5220097.0], [629650.8, 5220096.825], [629651.0750000001, 5220096.55], [629651.225, 5220096.65], [629651.175, 5220096.825], [629651.275, 5220096.9], [629651.3, 5220097.100000001], [629650.975, 5220097.575], [629650.6, 5220097.65], [629650.625, 5220098.025], [629650.375, 5220098.350000001], [629650.2000000001, 5220098.350000001]]]}}, {"type": "Feature", "properties": {"vineyard_id": "V01", "tile": "siret3_r021_c012.tif", "area_m2": 0.344}, "geometry": {"type": "Polygon", "coordinates": [[[629649.4500000001, 5220098.95], [629649.425, 5220098.625], [629649.5750000001, 5220098.45], [629649.775, 5220098.475000001], [629650.0750000001, 5220098.3], [629650.225, 5220098.375], [629650.225, 5220098.55], [629649.925, 5220098.825], [629649.85, 5220099.0], [629649.4500000001, 5220098.95]]]}}, {"type": "Feature", "properties": {"vineyard_id": "V01", "tile": "siret3_r021_c012.tif", "area_m2": 0.223}, "geometry": {"type": "Polygon", "coordinates": [[[629651.625, 5220096.55], [629651.3250000001, 5220096.2], [629651.375, 5220096.025], [629652.025, 5220096.025], [629652.0, 5220096.175], [629651.875, 5220096.325], [629651.75, 5220096.350000001], [629651.625, 5220096.55]]]}}, {"type": "Feature", "properties": {"vineyard_id": "V01", "tile": "siret3_r021_c012.tif", "area_m2": 0.202}, "geometry": {"type": "Polygon", "coordinates": [[[629608.8250000001, 5220147.2], [629609.3, 5220146.575], [629609.55, 5220146.55], [629609.425, 5220146.675], [629609.3, 5220147.2], [629608.8250000001, 5220147.2]]]}}, {"type": "Feature", "properties": {"vineyard_id": "V01", "tile": "siret3_r021_c012.tif", "area_m2": 1.515}, "geometry": {"type": "Polygon", "coordinates": [[[629610.225, 5220146.3], [629609.9500000001, 5220146.275], [629610.0, 5220146.125], [629610.15, 5220145.875], [629610.425, 5220145.7], [629610.425, 5220145.100000001], [629610.75, 5220144.850000001], [629610.8250000001, 5220144.625], [629610.9500000001, 5220144.600000001], [629611.15, 5220144.15], [629611.6, 5220143.55], [629612.0, 5220143.350000001], [629612.0750000001, 5220143.5], [629612.0750000001, 5220143.9], [629611.925, 5220144.100000001], [629611.725, 5220144.15], [629611.725, 5220144.375], [629611.475, 5220144.675], [629611.3, 5220144.725000001], [629611.0750000001, 5220145.225000001], [629610.775, 5220145.525], [629610.4500000001, 5220146.05], [629610.225, 5220146.3]]]}}, {"type": "Feature", "properties": {"vineyard_id": "V01", "tile": "siret3_r021_c012.tif", "area_m2": 0.41}, "geometry": {"type": "Polygon", "coordinates": [[[629612.3250000001, 5220143.225000001], [629612.25, 5220143.2], [629612.2000000001, 5220142.975000001], [629612.25, 5220142.7], [629612.5750000001, 5220142.275], [629612.65, 5220142.425], [629613.0750000001, 5220142.55], [629612.7000000001, 5220142.975000001], [629612.3250000001, 5220143.225000001]]]}}, {"type": "Feature", "properties": {"vineyard_id": "V01", "tile": "siret3_r021_c012.tif", "area_m2": 0.61}, "geometry": {"type": "Polygon", "coordinates": [[[629613.875, 5220141.55], [629613.8250000001, 5220141.350000001], [629613.525, 5220141.350000001], [629613.4500000001, 5220141.15], [629613.5750000001, 5220141.075], [629613.6, 5220140.925], [629614.0750000001, 5220140.3], [629614.225, 5220140.175], [629614.425, 5220140.15], [629614.475, 5220140.3], [629614.375, 5220140.525], [629614.175, 5220140.55], [629614.25, 5220140.8], [629614.35, 5220140.825], [629614.3250000001, 5220140.95], [629614.125, 5220141.2], [629613.875, 5220141.350000001], [629613.875, 5220141.55]]]}}, {"type": "Feature", "properties": {"vineyard_id": "V01", "tile": "siret3_r021_c012.tif", "area_m2": 0.368}, "geometry": {"type": "Polygon", "coordinates": [[[629613.175, 5220142.2], [629613.05, 5220142.100000001], [629613.0750000001, 5220141.925], [629612.875, 5220141.875], [629613.0750000001, 5220141.625], [629613.55, 5220141.375], [629613.7000000001, 5220141.775], [629613.525, 5220141.975000001], [629613.375, 5220142.025], [629613.375, 5220142.2], [629613.175, 5220142.2]]]}}, {"type": "Feature", "properties": {"vineyard_id": "V01", "tile": "siret3_r021_c012.tif", "area_m2": 0.561}, "geometry": {"type": "Polygon", "coordinates": [[[629614.875, 5220140.025], [629614.725, 5220140.0], [629614.7000000001, 5220139.825], [629614.775, 5220139.675], [629615.175, 5220139.575], [629615.225, 5220139.15], [629615.35, 5220139.075], [629615.375, 5220138.875], [629615.65, 5220138.8], [629615.625, 5220138.55], [629615.775, 5220138.45], [629616.05, 5220138.575], [629616.1, 5220138.625], [629615.275, 5220139.625], [629615.15, 5220139.875], [629614.875, 5220140.025]]]}}, {"type": "Feature", "properties": {"vineyard_id": "V01", "tile": "siret3_r021_c012.tif", "area_m2": 0.446}, "geometry": {"type": "Polygon", "coordinates": [[[629616.125, 5220138.4], [629616.025, 5220138.3], [629615.85, 5220138.3], [629615.8, 5220138.15], [629616.225, 5220137.5], [629616.525, 5220137.625], [629616.525, 5220137.725000001], [629616.675, 5220137.850000001], [629616.35, 5220138.3], [629616.25, 5220138.4], [629616.125, 5220138.4]]]}}, {"type": "Feature", "properties": {"vineyard_id": "V01", "tile": "siret3_r021_c012.tif", "area_m2": 0.448}, "geometry": {"type": "Polygon", "coordinates": [[[629616.65, 5220137.375], [629616.625, 5220136.95], [629617.05, 5220136.4], [629617.225, 5220136.45], [629617.375, 5220136.3], [629617.4500000001, 5220136.475000001], [629617.425, 5220136.7], [629617.275, 5220136.825], [629617.225, 5220137.025], [629616.9500000001, 5220137.100000001], [629616.925, 5220137.3], [629616.65, 5220137.375]]]}}, {"type": "Feature", "properties": {"vineyard_id": "V01", "tile": "siret3_r021_c012.tif", "area_m2": 0.377}, "geometry": {"type": "Polygon", "coordinates": [[[629618.525, 5220135.025], [629618.4500000001, 5220134.975000001], [629618.4, 5220134.625], [629618.55, 5220134.425], [629618.8250000001, 5220134.425], [629618.9, 5220134.225000001], [629619.025, 5220134.175], [629619.125, 5220134.3], [629619.125, 5220134.600000001], [629618.85, 5220135.0], [629618.65, 5220134.9], [629618.525, 5220135.025]]]}}, {"type": "Feature", "properties": {"vineyard_id": "V01", "tile": "siret3_r021_c012.tif", "area_m2": 0.916}, "geometry": {"type": "Polygon", "coordinates": [[[629619.35, 5220134.275], [629619.2000000001, 5220134.125], [629619.175, 5220133.775], [629619.425, 5220133.7], [629619.525, 5220133.575], [629619.475, 5220133.275], [629619.6, 5220133.2], [629619.775, 5220132.850000001], [629619.925, 5220132.975000001], [629619.875, 5220133.175], [629620.05, 5220133.25], [629620.05, 5220133.025], [629620.275, 5220132.475000001], [629620.225, 5220132.225000001], [629620.4, 5220132.05], [629620.55, 5220132.100000001], [629620.725, 5220132.025], [629620.775, 5220132.175], [629620.6, 5220132.3], [629620.7000000001, 5220132.575], [629620.25, 5220133.175], [629620.0750000001, 5220133.25], [629620.0, 5220133.5], [629619.9, 5220133.5], [629619.875, 5220133.600000001], [629619.625, 5220133.725000001], [629619.625, 5220133.975000001], [629619.35, 5220134.275]]]}}, {"type": "Feature", "properties": {"vineyard_id": "V01", "tile": "siret3_r021_c012.tif", "area_m2": 1.74}, "geometry": {"type": "Polygon", "coordinates": [[[629621.725, 5220130.75], [629621.675, 5220130.600000001], [629621.75, 5220130.4], [629621.925, 5220130.3], [629621.975, 5220130.025], [629622.0750000001, 5220130.0], [629622.4, 5220129.625], [629622.4, 5220129.375], [629622.675, 5220129.350000001], [629622.725, 5220129.025], [629622.9, 5220129.05], [629623.0, 5220128.825], [629623.15, 5220128.825], [629623.15, 5220128.600000001], [629623.475, 5220128.625], [629623.6, 5220128.15], [629623.425, 5220128.025], [629623.525, 5220128.0], [629623.75, 5220127.65], [629623.9, 5220127.65], [629624.0750000001, 5220127.2], [629624.175, 5220127.2], [629624.4, 5220126.975000001], [629624.475, 5220127.0], [629624.55, 5220127.175], [629624.425, 5220127.325], [629624.475, 5220127.600000001], [629624.15, 5220127.8], [629624.15, 5220128.05], [629623.925, 5220128.175], [629623.9, 5220128.375], [629623.6, 5220128.775], [629623.425, 5220128.825], [629623.425, 5220128.975000001], [629623.3, 5220129.0], [629623.275, 5220129.2], [629623.0, 5220129.475000001], [629622.25, 5220130.55], [629622.15, 5220130.625], [629622.0, 5220130.45], [629621.9, 5220130.45], [629621.725, 5220130.75]]]}}, {"type": "Feature", "properties": {"vineyard_id": "V01", "tile": "siret3_r021_c012.tif", "area_m2": 0.274}, "geometry": {"type": "Polygon", "coordinates": [[[629625.35, 5220126.475000001], [629625.15, 5220126.4], [629625.2000000001, 5220126.225000001], [629625.0750000001, 5220126.100000001], [629625.0750000001, 5220125.850000001], [629625.275, 5220125.7], [629625.5750000001, 5220125.7], [629625.625, 5220125.8], [629625.4500000001, 5220126.100000001], [629625.475, 5220126.3], [629625.35, 5220126.475000001]]]}}, {"type": "Feature", "properties": {"vineyard_id": "V01", "tile": "siret3_r021_c012.tif", "area_m2": 0.284}, "geometry": {"type": "Polygon", "coordinates": [[[629627.175, 5220124.0], [629627.0750000001, 5220123.775], [629627.2000000001, 5220123.55], [629627.0750000001, 5220123.225000001], [629627.425, 5220123.025], [629627.55, 5220123.15], [629627.5, 5220123.375], [629627.6, 5220123.475000001], [629627.175, 5220124.0]]]}}, {"type": "Feature", "properties": {"vineyard_id": "V01", "tile": "siret3_r021_c012.tif", "area_m2": 0.513}, "geometry": {"type": "Polygon", "coordinates": [[[629625.8250000001, 5220125.15], [629625.8, 5220124.975000001], [629625.925, 5220124.9], [629626.05, 5220124.575], [629626.25, 5220124.350000001], [629626.5, 5220124.4], [629626.6, 5220124.175], [629626.8250000001, 5220123.95], [629626.975, 5220124.025], [629627.1, 5220123.975000001], [629627.15, 5220124.0], [629627.0750000001, 5220124.025], [629627.025, 5220124.225000001], [629626.775, 5220124.425], [629626.625, 5220124.8], [629626.35, 5220124.8], [629626.225, 5220124.975000001], [629626.05, 5220124.925], [629625.925, 5220125.15], [629625.8250000001, 5220125.15]]]}}, {"type": "Feature", "properties": {"vineyard_id": "V01", "tile": "siret3_r021_c012.tif", "area_m2": 1.67}, "geometry": {"type": "Polygon", "coordinates": [[[629628.6, 5220121.45], [629628.55, 5220121.3], [629628.6, 5220121.225000001], [629629.225, 5220120.5], [629629.425, 5220120.15], [629629.5750000001, 5220120.100000001], [629629.775, 5220119.875], [629629.775, 5220119.675], [629629.925, 5220119.575], [629630.1, 5220119.25], [629630.375, 5220119.225000001], [629630.35, 5220119.05], [629630.5, 5220118.825], [629630.65, 5220118.925], [629630.775, 5220118.9], [629630.75, 5220118.7], [629630.5750000001, 5220118.65], [629630.6, 5220118.600000001], [629630.8, 5220118.425], [629630.975, 5220118.5], [629631.025, 5220118.350000001], [629631.175, 5220118.325], [629631.425, 5220118.425], [629630.925, 5220119.15], [629630.75, 5220119.275], [629630.525, 5220119.675], [629630.375, 5220119.75], [629630.3, 5220119.975000001], [629630.0750000001, 5220120.15], [629630.05, 5220120.3], [629629.65, 5220120.2], [629629.5750000001, 5220120.5], [629629.3, 5220120.625], [629629.275, 5220120.95], [629629.475, 5220121.025], [629629.425, 5220121.125], [629629.0750000001, 5220121.45], [629628.6, 5220121.45]]]}}, {"type": "Feature", "properties": {"vineyard_id": "V01", "tile": "siret3_r021_c012.tif", "area_m2": 0.624}, "geometry": {"type": "Polygon", "coordinates": [[[629627.775, 5220122.975000001], [629627.625, 5220122.825], [629627.775, 5220122.675], [629627.675, 5220122.45], [629628.125, 5220121.850000001], [629628.5750000001, 5220121.45], [629628.675, 5220121.625], [629628.675, 5220121.975000001], [629628.55, 5220122.075], [629628.5, 5220122.325], [629628.3, 5220122.575], [629628.175, 5220122.4], [629627.9500000001, 5220122.4], [629627.85, 5220122.65], [629628.05, 5220122.9], [629627.775, 5220122.975000001]]]}}, {"type": "Feature", "properties": {"vineyard_id": "V01", "tile": "siret3_r021_c012.tif", "area_m2": 0.349}, "geometry": {"type": "Polygon", "coordinates": [[[629631.3, 5220117.9], [629631.225, 5220117.775], [629631.55, 5220117.375], [629631.8250000001, 5220117.425], [629632.0, 5220117.05], [629632.175, 5220117.100000001], [629632.2000000001, 5220117.475000001], [629631.925, 5220117.825], [629631.75, 5220117.7], [629631.475, 5220117.7], [629631.3, 5220117.9]]]}}, {"type": "Feature", "properties": {"vineyard_id": "V01", "tile": "siret3_r021_c012.tif", "area_m2": 0.816}, "geometry": {"type": "Polygon", "coordinates": [[[629632.875, 5220116.025], [629632.75, 5220115.925], [629632.9, 5220115.8], [629632.875, 5220115.625], [629633.05, 5220115.375], [629633.125, 5220115.3], [629633.4, 5220115.275], [629633.4500000001, 5220115.05], [629633.65, 5220114.95], [629633.65, 5220114.825], [629633.725, 5220114.75], [629633.9, 5220114.75], [629633.8250000001, 5220114.575], [629634.225, 5220114.275], [629634.3250000001, 5220114.375], [629634.3250000001, 5220114.525], [629634.2000000001, 5220114.65], [629634.225, 5220114.8], [629633.9500000001, 5220115.175], [629633.625, 5220115.3], [629633.625, 5220115.600000001], [629633.55, 5220115.7], [629633.5, 5220115.75], [629633.525, 5220115.625], [629633.375, 5220115.600000001], [629633.275, 5220116.0], [629632.875, 5220116.025]]]}}, {"type": "Feature", "properties": {"vineyard_id": "V01", "tile": "siret3_r021_c012.tif", "area_m2": 0.503}, "geometry": {"type": "Polygon", "coordinates": [[[629632.4500000001, 5220117.100000001], [629632.4, 5220116.875], [629631.9500000001, 5220116.825], [629632.55, 5220116.05], [629632.75, 5220115.95], [629632.875, 5220116.05], [629632.65, 5220116.05], [629632.625, 5220116.175], [629632.975, 5220116.25], [629632.975, 5220116.4], [629632.4500000001, 5220117.100000001]]]}}, {"type": "Feature", "properties": {"vineyard_id": "V01", "tile": "siret3_r021_c012.tif", "area_m2": 1.688}, "geometry": {"type": "Polygon", "coordinates": [[[629635.225, 5220113.5], [629635.05, 5220113.275], [629634.9, 5220113.275], [629634.675, 5220113.425], [629634.775, 5220113.3], [629634.75, 5220113.15], [629635.05, 5220112.75], [629635.225, 5220112.775], [629635.2000000001, 5220112.575], [629635.775, 5220111.8], [629636.0, 5220111.675], [629636.25, 5220111.675], [629636.5750000001, 5220111.325], [629636.5750000001, 5220111.225000001], [629636.425, 5220111.175], [629636.4, 5220110.975000001], [629636.85, 5220110.575], [629636.9500000001, 5220110.25], [629637.275, 5220109.825], [629637.4500000001, 5220109.75], [629637.475, 5220109.850000001], [629637.3, 5220110.3], [629637.025, 5220110.525], [629637.15, 5220110.975000001], [629636.925, 5220111.15], [629636.8250000001, 5220111.4], [629636.65, 5220111.45], [629636.65, 5220111.625], [629636.425, 5220111.925], [629636.3250000001, 5220111.95], [629636.275, 5220112.125], [629636.1, 5220112.2], [629636.025, 5220112.375], [629635.875, 5220112.325], [629635.8, 5220112.475000001], [629635.55, 5220112.575], [629635.625, 5220112.825], [629635.425, 5220112.975000001], [629635.475, 5220113.175], [629635.225, 5220113.5]]]}}, {"type": "Feature", "properties": {"vineyard_id": "V01", "tile": "siret3_r021_c012.tif", "area_m2": 0.441}, "geometry": {"type": "Polygon", "coordinates": [[[629637.8250000001, 5220109.925], [629637.6, 5220109.65], [629637.6, 5220109.4], [629637.925, 5220108.975000001], [629638.3250000001, 5220108.9], [629638.375, 5220109.100000001], [629638.175, 5220109.225000001], [629638.15, 5220109.65], [629637.8250000001, 5220109.925]]]}}, {"type": "Feature", "properties": {"vineyard_id": "V01", "tile": "siret3_r021_c012.tif", "area_m2": 0.211}, "geometry": {"type": "Polygon", "coordinates": [[[629638.4, 5220108.8], [629638.15, 5220108.675], [629638.65, 5220108.025], [629638.875, 5220108.125], [629638.925, 5220108.175], [629638.625, 5220108.325], [629638.5750000001, 5220108.65], [629638.4, 5220108.8]]]}}, {"type": "Feature", "properties": {"vineyard_id": "V01", "tile": "siret3_r021_c012.tif", "area_m2": 0.823}, "geometry": {"type": "Polygon", "coordinates": [[[629640.05, 5220106.45], [629640.025, 5220106.275], [629640.5, 5220106.100000001], [629640.5, 5220105.9], [629640.675, 5220105.75], [629640.675, 5220105.65], [629640.55, 5220105.55], [629640.85, 5220105.15], [629641.025, 5220105.175], [629641.125, 5220105.075], [629641.1, 5220104.825], [629641.25, 5220104.8], [629641.375, 5220104.65], [629641.925, 5220104.625], [629641.7000000001, 5220105.0], [629641.5750000001, 5220105.15], [629641.4500000001, 5220105.15], [629641.375, 5220105.3], [629641.0, 5220105.3], [629641.0, 5220105.4], [629641.175, 5220105.600000001], [629641.0750000001, 5220105.625], [629641.0750000001, 5220105.8], [629640.8250000001, 5220105.975000001], [629640.7000000001, 5220106.2], [629640.05, 5220106.45]]]}}, {"type": "Feature", "properties": {"vineyard_id": "V01", "tile": "siret3_r021_c012.tif", "area_m2": 0.267}, "geometry": {"type": "Polygon", "coordinates": [[[629643.4, 5220102.625], [629643.2000000001, 5220102.475000001], [629643.0750000001, 5220102.25], [629643.55, 5220101.850000001], [629643.725, 5220101.95], [629643.5750000001, 5220102.175], [629643.65, 5220102.425], [629643.4, 5220102.625]]]}}, {"type": "Feature", "properties": {"vineyard_id": "V01", "tile": "siret3_r021_c012.tif", "area_m2": 0.716}, "geometry": {"type": "Polygon", "coordinates": [[[629643.9500000001, 5220101.725000001], [629643.85, 5220101.475000001], [629643.925, 5220101.225000001], [629644.275, 5220100.875], [629644.3, 5220100.675], [629644.525, 5220100.575], [629644.4500000001, 5220100.425], [629644.525, 5220100.3], [629645.05, 5220099.825], [629645.175, 5220100.0], [629645.375, 5220100.025], [629645.125, 5220100.5], [629644.9, 5220100.4], [629644.725, 5220100.475000001], [629644.525, 5220100.95], [629644.4, 5220101.025], [629644.425, 5220101.175], [629644.225, 5220101.350000001], [629644.225, 5220101.65], [629643.9500000001, 5220101.725000001]]]}}, {"type": "Feature", "properties": {"vineyard_id": "V01", "tile": "siret3_r021_c012.tif", "area_m2": 0.79}, "geometry": {"type": "Polygon", "coordinates": [[[629645.775, 5220099.600000001], [629645.6, 5220099.45], [629645.5, 5220099.225000001], [629645.625, 5220098.9], [629646.05, 5220098.875], [629646.0, 5220098.475000001], [629646.125, 5220098.2], [629646.3, 5220098.025], [629646.65, 5220098.05], [629646.675, 5220098.15], [629646.875, 5220098.2], [629646.625, 5220098.5], [629646.475, 5220098.525], [629646.475, 5220098.725000001], [629645.775, 5220099.600000001]]]}}, {"type": "Feature", "properties": {"vineyard_id": "V01", "tile": "siret3_r021_c012.tif", "area_m2": 0.664}, "geometry": {"type": "Polygon", "coordinates": [[[629646.8, 5220097.5], [629646.8, 5220097.325], [629647.025, 5220097.075], [629647.175, 5220097.025], [629647.25, 5220096.725000001], [629647.55, 5220096.675], [629647.775, 5220096.4], [629647.75, 5220096.025], [629648.35, 5220096.025], [629648.25, 5220096.225000001], [629648.175, 5220096.225000001], [629648.15, 5220096.125], [629648.0, 5220096.15], [629648.0, 5220096.25], [629648.125, 5220096.3], [629648.0, 5220096.350000001], [629647.975, 5220096.75], [629647.725, 5220096.9], [629647.675, 5220097.15], [629647.425, 5220097.075], [629647.275, 5220097.5], [629647.1, 5220097.425], [629646.8, 5220097.5]]]}}, {"type": "Feature", "properties": {"vineyard_id": "V01", "tile": "siret3_r021_c012.tif", "area_m2": 0.493}, "geometry": {"type": "Polygon", "coordinates": [[[629606.4, 5220146.325], [629606.4, 5220146.0], [629606.625, 5220146.0], [629606.625, 5220145.725000001], [629606.925, 5220145.25], [629607.25, 5220145.3], [629607.3, 5220145.225000001], [629607.5, 5220145.225000001], [629607.55, 5220145.350000001], [629607.3250000001, 5220145.5], [629607.275, 5220145.75], [629607.175, 5220145.825], [629607.05, 5220145.8], [629606.925, 5220146.100000001], [629606.6, 5220146.025], [629606.6, 5220146.225000001], [629606.4, 5220146.325]]]}}, {"type": "Feature", "properties": {"vineyard_id": "V01", "tile": "siret3_r021_c012.tif", "area_m2": 0.683}, "geometry": {"type": "Polygon", "coordinates": [[[629608.35, 5220144.3], [629608.3250000001, 5220144.15], [629608.125, 5220144.025], [629608.275, 5220143.55], [629608.55, 5220143.475000001], [629608.5750000001, 5220143.100000001], [629608.9500000001, 5220143.0], [629609.225, 5220142.675], [629609.375, 5220142.7], [629609.425, 5220142.925], [629609.25, 5220143.075], [629609.025, 5220143.475000001], [629608.975, 5220143.375], [629608.85, 5220143.4], [629608.725, 5220143.875], [629608.35, 5220144.3]]]}}, {"type": "Feature", "properties": {"vineyard_id": "V01", "tile": "siret3_r021_c012.tif", "area_m2": 1.336}, "geometry": {"type": "Polygon", "coordinates": [[[629610.1, 5220141.9], [629609.85, 5220141.75], [629609.775, 5220141.600000001], [629609.8250000001, 5220141.45], [629610.0750000001, 5220141.125], [629610.4500000001, 5220141.075], [629610.4500000001, 5220140.775], [629610.65, 5220140.725000001], [629610.7000000001, 5220140.525], [629610.925, 5220140.4], [629610.8250000001, 5220140.2], [629610.875, 5220140.075], [629611.0750000001, 5220139.850000001], [629611.4500000001, 5220139.75], [629611.425, 5220139.525], [629611.525, 5220139.225000001], [629611.625, 5220139.125], [629612.125, 5220139.075], [629612.175, 5220139.2], [629612.1, 5220139.325], [629611.8250000001, 5220139.45], [629611.65, 5220139.8], [629611.7000000001, 5220139.975000001], [629611.6, 5220140.025], [629611.525, 5220139.850000001], [629611.4, 5220139.875], [629611.375, 5220140.175], [629611.0750000001, 5220140.725000001], [629611.025, 5220140.8], [629610.75, 5220140.825], [629610.625, 5220141.375], [629610.3250000001, 5220141.775], [629610.1, 5220141.9]]]}}, {"type": "Feature", "properties": {"vineyard_id": "V01", "tile": "siret3_r021_c012.tif", "area_m2": 0.691}, "geometry": {"type": "Polygon", "coordinates": [[[629612.65, 5220138.525], [629612.525, 5220138.475000001], [629612.5, 5220138.350000001], [629612.25, 5220138.275], [629612.475, 5220138.075], [629612.725, 5220138.100000001], [629612.8250000001, 5220137.825], [629613.0750000001, 5220137.775], [629613.05, 5220137.525], [629612.925, 5220137.4], [629613.225, 5220137.0], [629613.525, 5220136.975000001], [629613.55, 5220136.65], [629613.725, 5220136.625], [629613.85, 5220136.725000001], [629613.875, 5220136.725000001], [629613.8250000001, 5220136.775], [629613.8, 5220136.825], [629613.775, 5220137.25], [629613.5750000001, 5220137.425], [629613.525, 5220137.2], [629613.175, 5220137.350000001], [629613.125, 5220138.100000001], [629612.925, 5220138.350000001], [629612.65, 5220138.525]]]}}, {"type": "Feature", "properties": {"vineyard_id": "V01", "tile": "siret3_r021_c012.tif", "area_m2": 0.246}, "geometry": {"type": "Polygon", "coordinates": [[[629613.975, 5220136.5], [629613.65, 5220136.45], [629614.025, 5220135.975000001], [629614.475, 5220135.975000001], [629614.3, 5220136.4], [629614.0, 5220136.375], [629613.975, 5220136.5]]]}}, {"type": "Feature", "properties": {"vineyard_id": "V01", "tile": "siret3_r021_c012.tif", "area_m2": 0.335}, "geometry": {"type": "Polygon", "coordinates": [[[629617.125, 5220132.325], [629616.975, 5220132.100000001], [629617.375, 5220131.600000001], [629617.5750000001, 5220131.575], [629617.625, 5220131.7], [629617.875, 5220131.875], [629617.85, 5220131.925], [629617.625, 5220131.95], [629617.425, 5220132.25], [629617.125, 5220132.325]]]}}, {"type": "Feature", "properties": {"vineyard_id": "V01", "tile": "siret3_r021_c012.tif", "area_m2": 1.168}, "geometry": {"type": "Polygon", "coordinates": [[[629615.5750000001, 5220134.475000001], [629615.425, 5220134.425], [629615.5, 5220134.025], [629615.725, 5220133.75], [629615.975, 5220133.7], [629616.0, 5220133.375], [629616.2000000001, 5220133.2], [629616.525, 5220132.675], [629616.7000000001, 5220132.600000001], [629616.9, 5220132.325], [629617.0750000001, 5220132.3], [629617.2000000001, 5220132.775], [629617.025, 5220133.0], [629616.775, 5220133.15], [629616.775, 5220133.325], [629616.675, 5220133.45], [629616.5750000001, 5220133.25], [629616.425, 5220133.275], [629616.375, 5220133.850000001], [629615.9500000001, 5220134.4], [629615.875, 5220134.3], [629615.75, 5220134.3], [629615.5750000001, 5220134.475000001]]]}}, {"type": "Feature", "properties": {"vineyard_id": "V01", "tile": "siret3_r021_c012.tif", "area_m2": 0.284}, "geometry": {"type": "Polygon", "coordinates": [[[629619.375, 5220129.7], [629619.3250000001, 5220129.5], [629619.125, 5220129.275], [629619.4500000001, 5220128.925], [629619.725, 5220129.175], [629619.725, 5220129.45], [629619.55, 5220129.7], [629619.375, 5220129.7]]]}}, {"type": "Feature", "properties": {"vineyard_id": "V01", "tile": "siret3_r021_c012.tif", "area_m2": 1.244}, "geometry": {"type": "Polygon", "coordinates": [[[629620.9, 5220127.875], [629620.8250000001, 5220127.8], [629620.975, 5220127.55], [629620.975, 5220127.375], [629620.675, 5220127.25], [629620.775, 5220127.125], [629621.05, 5220127.2], [629621.0750000001, 5220127.075], [629620.9, 5220126.975000001], [629620.975, 5220126.850000001], [629621.35, 5220126.775], [629621.775, 5220126.475000001], [629621.75, 5220126.175], [629621.975, 5220126.05], [629621.975, 5220125.9], [629621.7000000001, 5220125.9], [629622.1, 5220125.4], [629622.4500000001, 5220125.25], [629622.525, 5220124.825], [629622.675, 5220124.725000001], [629622.775, 5220124.75], [629622.675, 5220125.025], [629622.675, 5220125.2], [629622.775, 5220125.25], [629622.775, 5220125.425], [629622.675, 5220125.45], [629622.7000000001, 5220125.575], [629622.6, 5220125.600000001], [629622.6, 5220125.7], [629621.525, 5220127.025], [629621.15, 5220127.600000001], [629620.975, 5220127.625], [629620.9, 5220127.875]]]}}, {"type": "Feature", "properties": {"vineyard_id": "V01", "tile": "siret3_r021_c012.tif", "area_m2": 0.368}, "geometry": {"type": "Polygon", "coordinates": [[[629620.225, 5220128.65], [629620.3, 5220128.425], [629620.15, 5220128.25], [629620.0, 5220128.275], [629619.975, 5220128.55], [629619.8, 5220128.425], [629619.85, 5220128.325], [629620.25, 5220127.850000001], [629620.7000000001, 5220127.95], [629620.8, 5220127.925], [629620.8250000001, 5220127.825], [629620.8250000001, 5220128.025], [629620.675, 5220128.2], [629620.525, 5220128.175], [629620.55, 5220128.375], [629620.35, 5220128.65], [629620.225, 5220128.65]]]}}, {"type": "Feature", "properties": {"vineyard_id": "V01", "tile": "siret3_r021_c012.tif", "area_m2": 1.149}, "geometry": {"type": "Polygon", "coordinates": [[[629623.725, 5220123.975000001], [629623.725, 5220123.4], [629624.05, 5220123.075], [629624.0750000001, 5220122.850000001], [629624.4, 5220122.575], [629624.55, 5220122.575], [629624.6, 5220122.425], [629624.75, 5220122.350000001], [629624.725, 5220122.15], [629624.875, 5220121.825], [629624.9500000001, 5220121.775], [629625.0750000001, 5220121.9], [629625.2000000001, 5220121.875], [629625.1, 5220121.55], [629625.25, 5220121.475000001], [629625.3, 5220121.65], [629625.55, 5220121.825], [629625.525, 5220121.875], [629625.15, 5220122.350000001], [629625.0, 5220122.325], [629624.875, 5220122.4], [629624.9500000001, 5220122.625], [629624.55, 5220123.15], [629624.375, 5220123.225000001], [629624.35, 5220123.4], [629624.15, 5220123.55], [629624.15, 5220123.675], [629623.925, 5220123.95], [629623.725, 5220123.975000001]]]}}, {"type": "Feature", "properties": {"vineyard_id": "V01", "tile": "siret3_r021_c012.tif", "area_m2": 0.839}, "geometry": {"type": "Polygon", "coordinates": [[[629626.125, 5220120.575], [629626.05, 5220120.4], [629626.0750000001, 5220120.175], [629626.375, 5220119.775], [629626.6, 5220119.65], [629626.5750000001, 5220119.525], [629626.7000000001, 5220119.350000001], [629626.9, 5220119.3], [629627.0, 5220119.075], [629627.0750000001, 5220119.075], [629627.175, 5220119.3], [629627.3, 5220119.325], [629627.3, 5220119.55], [629627.0750000001, 5220119.65], [629627.05, 5220119.875], [629626.775, 5220120.225000001], [629626.65, 5220120.25], [629626.5, 5220120.575], [629626.125, 5220120.575]]]}}, {"type": "Feature", "properties": {"vineyard_id": "V01", "tile": "siret3_r021_c012.tif", "area_m2": 0.405}, "geometry": {"type": "Polygon", "coordinates": [[[629625.875, 5220121.375], [629625.475, 5220121.3], [629625.425, 5220121.100000001], [629625.675, 5220120.7], [629626.0750000001, 5220120.55], [629626.2000000001, 5220120.825], [629626.175, 5220120.95], [629625.875, 5220121.375]]]}}, {"type": "Feature", "properties": {"vineyard_id": "V01", "tile": "siret3_r021_c012.tif", "area_m2": 0.466}, "geometry": {"type": "Polygon", "coordinates": [[[629627.525, 5220118.625], [629627.475, 5220118.425], [629628.0, 5220117.65], [629628.125, 5220117.600000001], [629628.3250000001, 5220117.725000001], [629628.225, 5220118.325], [629628.025, 5220118.600000001], [629627.85, 5220118.425], [629627.75, 5220118.425], [629627.525, 5220118.625]]]}}, {"type": "Feature", "properties": {"vineyard_id": "V01", "tile": "siret3_r021_c012.tif", "area_m2": 0.349}, "geometry": {"type": "Polygon", "coordinates": [[[629628.9500000001, 5220117.25], [629628.875, 5220117.05], [629628.675, 5220116.925], [629628.675, 5220116.825], [629629.025, 5220116.325], [629629.25, 5220116.350000001], [629629.4, 5220116.600000001], [629629.4, 5220116.8], [629629.2000000001, 5220117.025], [629629.0750000001, 5220116.850000001], [629628.975, 5220116.850000001], [629628.925, 5220117.05], [629629.05, 5220117.25], [629628.9500000001, 5220117.25]]]}}, {"type": "Feature", "properties": {"vineyard_id": "V01", "tile": "siret3_r021_c012.tif", "area_m2": 0.19}, "geometry": {"type": "Polygon", "coordinates": [[[629628.65, 5220117.55], [629628.375, 5220117.525], [629628.3, 5220117.45], [629628.275, 5220117.3], [629628.475, 5220117.025], [629628.55, 5220117.3], [629628.875, 5220117.2], [629628.925, 5220117.25], [629628.9, 5220117.45], [629628.65, 5220117.55]]]}}, {"type": "Feature", "properties": {"vineyard_id": "V01", "tile": "siret3_r021_c012.tif", "area_m2": 1.219}, "geometry": {"type": "Polygon", "coordinates": [[[629629.625, 5220115.75], [629629.5750000001, 5220115.600000001], [629629.75, 5220115.375], [629629.925, 5220115.375], [629629.975, 5220115.075], [629630.1, 5220114.9], [629630.525, 5220114.775], [629630.5, 5220114.375], [629630.9, 5220113.850000001], [629631.1, 5220113.725000001], [629631.3250000001, 5220113.3], [629631.55, 5220113.125], [629631.55, 5220113.0], [629631.725, 5220112.850000001], [629631.775, 5220112.975000001], [629631.5750000001, 5220113.225000001], [629631.5750000001, 5220113.475000001], [629631.2000000001, 5220113.725000001], [629631.2000000001, 5220113.925], [629631.1, 5220114.0], [629631.25, 5220114.375], [629631.175, 5220114.45], [629631.0, 5220114.425], [629630.85, 5220114.55], [629630.85, 5220114.65], [629631.0, 5220114.7], [629630.85, 5220114.9], [629630.8, 5220114.8], [629630.675, 5220114.825], [629630.675, 5220115.125], [629630.5, 5220115.350000001], [629630.3250000001, 5220115.4], [629630.225, 5220115.675], [629630.05, 5220115.75], [629629.625, 5220115.75]]]}}, {"type": "Feature", "properties": {"vineyard_id": "V01", "tile": "siret3_r021_c012.tif", "area_m2": 0.35}, "geometry": {"type": "Polygon", "coordinates": [[[629631.925, 5220112.8], [629631.875, 5220112.575], [629632.175, 5220112.225000001], [629632.85, 5220112.05], [629632.475, 5220112.775], [629632.4, 5220112.8], [629632.3, 5220112.725000001], [629632.275, 5220112.575], [629632.15, 5220112.55], [629631.925, 5220112.8]]]}}, {"type": "Feature", "properties": {"vineyard_id": "V01", "tile": "siret3_r021_c012.tif", "area_m2": 0.773}, "geometry": {"type": "Polygon", "coordinates": [[[629632.65, 5220111.875], [629632.65, 5220111.7], [629632.8, 5220111.600000001], [629632.775, 5220111.4], [629633.175, 5220110.875], [629633.55, 5220110.7], [629633.725, 5220110.45], [629633.85, 5220110.475000001], [629634.025, 5220110.725000001], [629633.5750000001, 5220111.275], [629633.4500000001, 5220111.175], [629633.3250000001, 5220111.2], [629633.3250000001, 5220111.425], [629633.425, 5220111.5], [629633.2000000001, 5220111.825], [629632.65, 5220111.875]]]}}, {"type": "Feature", "properties": {"vineyard_id": "V01", "tile": "siret3_r021_c012.tif", "area_m2": 0.425}, "geometry": {"type": "Polygon", "coordinates": [[[629637.6, 5220106.0], [629637.55, 5220105.875], [629637.225, 5220105.875], [629637.2000000001, 5220105.75], [629637.35, 5220105.600000001], [629637.475, 5220105.25], [629637.725, 5220105.100000001], [629638.025, 5220105.15], [629638.0750000001, 5220105.4], [629637.9500000001, 5220105.55], [629637.775, 5220105.600000001], [629637.8250000001, 5220105.75], [629637.6, 5220106.0]]]}}, {"type": "Feature", "properties": {"vineyard_id": "V01", "tile": "siret3_r021_c012.tif", "area_m2": 2.098}, "geometry": {"type": "Polygon", "coordinates": [[[629633.8250000001, 5220110.275], [629633.8, 5220110.15], [629633.9, 5220109.925], [629634.0, 5220109.8], [629634.15, 5220109.775], [629634.15, 5220109.625], [629634.25, 5220109.525], [629634.55, 5220109.4], [629634.55, 5220109.175], [629634.75, 5220108.95], [629634.9, 5220108.95], [629634.925, 5220108.75], [629635.125, 5220108.45], [629635.475, 5220108.375], [629635.475, 5220108.275], [629635.3250000001, 5220108.2], [629635.3250000001, 5220108.075], [629635.75, 5220107.5], [629635.975, 5220107.4], [629636.05, 5220107.5], [629636.175, 5220107.475000001], [629636.175, 5220106.975000001], [629636.3250000001, 5220106.75], [629636.4, 5220106.675], [629636.675, 5220106.75], [629636.775, 5220106.575], [629636.8, 5220106.15], [629636.925, 5220106.125], [629637.2000000001, 5220105.875], [629637.175, 5220106.075], [629637.3250000001, 5220106.125], [629637.4, 5220106.3], [629637.2000000001, 5220106.350000001], [629637.0750000001, 5220106.5], [629637.025, 5220106.8], [629636.85, 5220106.725000001], [629636.775, 5220106.875], [629636.5750000001, 5220106.875], [629636.625, 5220107.325], [629636.3250000001, 5220107.725000001], [629636.0, 5220107.825], [629636.1, 5220108.025], [629635.65, 5220108.55], [629635.4500000001, 5220108.55], [629635.275, 5220108.65], [629635.275, 5220108.925], [629635.175, 5220109.100000001], [629635.05, 5220109.2], [629634.975, 5220109.125], [629634.85, 5220109.15], [629634.925, 5220109.4], [629634.875, 5220109.575], [629634.75, 5220109.625], [629634.75, 5220109.775], [629634.5750000001, 5220110.025], [629634.475, 5220110.125], [629634.15, 5220110.025], [629633.975, 5220110.275], [629633.8250000001, 5220110.275]]]}}, {"type": "Feature", "properties": {"vineyard_id": "V01", "tile": "siret3_r021_c012.tif", "area_m2": 0.921}, "geometry": {"type": "Polygon", "coordinates": [[[629638.2000000001, 5220105.075], [629638.125, 5220105.05], [629638.125, 5220104.875], [629638.25, 5220104.8], [629638.25, 5220104.25], [629638.4, 5220104.15], [629638.425, 5220104.0], [629638.625, 5220103.850000001], [629638.775, 5220103.55], [629638.975, 5220103.5], [629639.0, 5220103.25], [629639.225, 5220102.95], [629639.4500000001, 5220102.925], [629639.525, 5220103.0], [629639.2000000001, 5220103.4], [629639.2000000001, 5220103.5], [629639.375, 5220103.675], [629639.0750000001, 5220103.75], [629639.0750000001, 5220103.9], [629639.225, 5220103.925], [629638.675, 5220104.55], [629638.525, 5220104.850000001], [629638.2000000001, 5220105.075]]]}}, {"type": "Feature", "properties": {"vineyard_id": "V01", "tile": "siret3_r021_c012.tif", "area_m2": 0.224}, "geometry": {"type": "Polygon", "coordinates": [[[629639.8250000001, 5220102.925], [629639.75, 5220102.525], [629640.0, 5220102.225000001], [629640.15, 5220102.25], [629640.175, 5220102.075], [629640.3, 5220102.025], [629640.275, 5220102.25], [629640.425, 5220102.350000001], [629640.3250000001, 5220102.475000001], [629640.175, 5220102.45], [629639.8250000001, 5220102.925]]]}}, {"type": "Feature", "properties": {"vineyard_id": "V01", "tile": "siret3_r021_c012.tif", "area_m2": 0.491}, "geometry": {"type": "Polygon", "coordinates": [[[629640.25, 5220101.850000001], [629640.2000000001, 5220101.675], [629640.4, 5220101.425], [629640.8, 5220101.4], [629640.775, 5220101.25], [629640.5750000001, 5220101.2], [629640.925, 5220100.725000001], [629641.0750000001, 5220100.625], [629641.3250000001, 5220100.65], [629641.375, 5220100.8], [629641.0750000001, 5220101.125], [629641.0750000001, 5220101.4], [629640.85, 5220101.4], [629640.625, 5220101.75], [629640.25, 5220101.850000001]]]}}, {"type": "Feature", "properties": {"vineyard_id": "V01", "tile": "siret3_r021_c012.tif", "area_m2": 1.324}, "geometry": {"type": "Polygon", "coordinates": [[[629641.625, 5220100.575], [629641.475, 5220100.5], [629641.3250000001, 5220100.2], [629641.65, 5220099.775], [629641.8250000001, 5220099.825], [629642.0, 5220099.7], [629642.0750000001, 5220099.575], [629642.025, 5220099.350000001], [629642.225, 5220099.2], [629642.3, 5220098.925], [629642.875, 5220098.2], [629643.05, 5220098.25], [629643.35, 5220098.525], [629642.725, 5220099.325], [629642.4500000001, 5220099.4], [629642.475, 5220099.675], [629642.35, 5220099.825], [629642.15, 5220099.850000001], [629642.0750000001, 5220100.2], [629641.9500000001, 5220100.350000001], [629641.8, 5220100.275], [629641.775, 5220100.5], [629641.625, 5220100.575]]]}}, {"type": "Feature", "properties": {"vineyard_id": "V01", "tile": "siret3_r021_c012.tif", "area_m2": 0.414}, "geometry": {"type": "Polygon", "coordinates": [[[629643.375, 5220098.175], [629643.225, 5220098.05], [629643.225, 5220097.875], [629643.4, 5220097.725000001], [629643.4, 5220097.5], [629643.675, 5220097.125], [629643.875, 5220097.275], [629643.8, 5220097.925], [629643.675, 5220098.100000001], [629643.375, 5220098.175]]]}}, {"type": "Feature", "properties": {"vineyard_id": "V01", "tile": "siret3_r021_c012.tif", "area_m2": 0.364}, "geometry": {"type": "Polygon", "coordinates": [[[629607.9500000001, 5220140.375], [629607.85, 5220140.25], [629607.625, 5220140.3], [629607.525, 5220140.2], [629607.7000000001, 5220140.05], [629607.725, 5220139.9], [629608.0, 5220139.525], [629608.175, 5220139.425], [629608.275, 5220139.475000001], [629608.275, 5220139.600000001], [629608.15, 5220139.75], [629608.225, 5220140.075], [629608.175, 5220140.225000001], [629607.9500000001, 5220140.375]]]}}, {"type": "Feature", "properties": {"vineyard_id": "V01", "tile": "siret3_r021_c012.tif", "area_m2": 0.745}, "geometry": {"type": "Polygon", "coordinates": [[[629608.65, 5220139.3], [629608.4, 5220139.350000001], [629608.3, 5220139.15], [629608.9, 5220138.350000001], [629609.2000000001, 5220138.025], [629609.55, 5220137.9], [629609.625, 5220137.75], [629609.875, 5220137.65], [629609.975, 5220137.725000001], [629609.975, 5220137.825], [629609.7000000001, 5220138.025], [629609.65, 5220138.225000001], [629609.475, 5220138.175], [629609.25, 5220138.350000001], [629609.225, 5220138.775], [629609.05, 5220138.95], [629608.75, 5220139.05], [629608.65, 5220139.3]]]}}, {"type": "Feature", "properties": {"vineyard_id": "V01", "tile": "siret3_r021_c012.tif", "area_m2": 0.68}, "geometry": {"type": "Polygon", "coordinates": [[[629610.4, 5220136.775], [629610.35, 5220136.600000001], [629610.675, 5220136.275], [629610.65, 5220136.075], [629610.925, 5220135.825], [629610.975, 5220135.625], [629611.025, 5220135.575], [629611.3, 5220135.65], [629611.475, 5220135.350000001], [629611.675, 5220135.350000001], [629611.725, 5220135.575], [629611.65, 5220135.725000001], [629611.425, 5220136.0], [629611.2000000001, 5220136.0], [629611.15, 5220136.175], [629610.975, 5220136.25], [629610.875, 5220136.625], [629610.725, 5220136.775], [629610.4, 5220136.775]]]}}, {"type": "Feature", "properties": {"vineyard_id": "V01", "tile": "siret3_r021_c012.tif", "area_m2": 0.294}, "geometry": {"type": "Polygon", "coordinates": [[[629611.8, 5220135.0], [629611.55, 5220134.875], [629612.0, 5220134.325], [629612.1, 5220134.325], [629612.15, 5220134.575], [629612.3, 5220134.65], [629612.35, 5220134.8], [629612.25, 5220134.9], [629611.8, 5220135.0]]]}}, {"type": "Feature", "properties": {"vineyard_id": "V01", "tile": "siret3_r021_c012.tif", "area_m2": 0.294}, "geometry": {"type": "Polygon", "coordinates": [[[629612.375, 5220134.4], [629612.25, 5220134.225000001], [629612.25, 5220133.975000001], [629612.675, 5220133.4], [629612.775, 5220133.375], [629612.875, 5220133.575], [629612.775, 5220133.625], [629612.775, 5220133.8], [629612.5750000001, 5220133.95], [629612.6, 5220134.275], [629612.375, 5220134.4]]]}}, {"type": "Feature", "properties": {"vineyard_id": "V01", "tile": "siret3_r021_c012.tif", "area_m2": 0.823}, "geometry": {"type": "Polygon", "coordinates": [[[629613.35, 5220132.95], [629613.25, 5220132.850000001], [629613.35, 5220132.525], [629613.525, 5220132.3], [629613.75, 5220132.225000001], [629613.8, 5220131.925], [629614.2000000001, 5220131.425], [629614.35, 5220131.5], [629614.4, 5220131.65], [629614.75, 5220131.65], [629614.225, 5220132.25], [629614.15, 5220132.45], [629613.975, 5220132.475000001], [629613.875, 5220132.8], [629613.675, 5220132.775], [629613.35, 5220132.95]]]}}, {"type": "Feature", "properties": {"vineyard_id": "V01", "tile": "siret3_r021_c012.tif", "area_m2": 0.407}, "geometry": {"type": "Polygon", "coordinates": [[[629615.55, 5220130.55], [629615.225, 5220130.425], [629615.3, 5220130.25], [629615.25, 5220130.025], [629615.675, 5220129.95], [629615.7000000001, 5220129.625], [629616.225, 5220129.725000001], [629615.925, 5220130.100000001], [629615.8, 5220130.125], [629615.675, 5220130.45], [629615.55, 5220130.55]]]}}, {"type": "Feature", "properties": {"vineyard_id": "V01", "tile": "siret3_r021_c012.tif", "area_m2": 0.688}, "geometry": {"type": "Polygon", "coordinates": [[[629616.275, 5220129.55], [629616.125, 5220129.4], [629616.275, 5220129.175], [629616.3250000001, 5220128.850000001], [629616.475, 5220128.725000001], [629616.4500000001, 5220128.45], [629616.75, 5220128.325], [629616.975, 5220128.125], [629617.1, 5220128.125], [629617.25, 5220127.9], [629617.425, 5220127.9], [629617.525, 5220127.7], [629617.7000000001, 5220127.7], [629617.75, 5220127.55], [629617.675, 5220127.325], [629618.0, 5220127.4], [629616.9500000001, 5220128.775], [629616.675, 5220128.8], [629616.5, 5220128.95], [629616.3, 5220129.325], [629616.275, 5220129.55]]]}}, {"type": "Feature", "properties": {"vineyard_id": "V01", "tile": "siret3_r021_c012.tif", "area_m2": 0.298}, "geometry": {"type": "Polygon", "coordinates": [[[629619.05, 5220126.025], [629618.7000000001, 5220126.425], [629618.8, 5220126.275], [629618.725, 5220125.975000001], [629618.8, 5220125.875], [629619.025, 5220125.850000001], [629618.9500000001, 5220125.55], [629619.125, 5220125.4], [629619.1, 5220125.0], [629619.175, 5220124.975000001], [629619.3250000001, 5220125.15], [629619.175, 5220125.325], [629619.2000000001, 5220125.5], [629619.35, 5220125.5], [629619.5, 5220125.375], [629619.525, 5220125.25], [629619.75, 5220125.100000001], [629619.2000000001, 5220125.825], [629619.05, 5220125.850000001], [629619.05, 5220126.025]]]}}, {"type": "Feature", "properties": {"vineyard_id": "V01", "tile": "siret3_r021_c012.tif", "area_m2": 0.343}, "geometry": {"type": "Polygon", "coordinates": [[[629621.8, 5220121.850000001], [629621.75, 5220121.625], [629621.9, 5220121.350000001], [629622.25, 5220121.275], [629622.4, 5220121.025], [629622.675, 5220121.05], [629622.725, 5220121.2], [629622.4, 5220121.5], [629622.4, 5220121.625], [629622.225, 5220121.850000001], [629622.15, 5220121.45], [629622.025, 5220121.475000001], [629622.025, 5220121.65], [629621.9, 5220121.850000001], [629621.8, 5220121.850000001]]]}}, {"type": "Feature", "properties": {"vineyard_id": "V01", "tile": "siret3_r021_c012.tif", "area_m2": 0.612}, "geometry": {"type": "Polygon", "coordinates": [[[629622.75, 5220120.725000001], [629622.65, 5220120.575], [629622.9, 5220120.15], [629623.125, 5220119.95], [629623.425, 5220119.875], [629623.3250000001, 5220119.5], [629623.5750000001, 5220119.4], [629623.7000000001, 5220119.225000001], [629623.8, 5220119.350000001], [629624.2000000001, 5220119.275], [629623.8250000001, 5220119.75], [629623.75, 5220119.675], [629623.5750000001, 5220119.725000001], [629623.625, 5220119.9], [629623.375, 5220120.025], [629623.35, 5220120.2], [629623.2000000001, 5220120.350000001], [629623.2000000001, 5220120.45], [629623.275, 5220120.475000001], [629623.175, 5220120.5], [629623.15, 5220120.65], [629623.0, 5220120.600000001], [629622.9, 5220120.725000001], [629622.75, 5220120.725000001]]]}}, {"type": "Feature", "properties": {"vineyard_id": "V01", "tile": "siret3_r021_c012.tif", "area_m2": 1.306}, "geometry": {"type": "Polygon", "coordinates": [[[629624.025, 5220119.0], [629623.8250000001, 5220118.9], [629623.85, 5220118.75], [629624.1, 5220118.600000001], [629624.0750000001, 5220118.45], [629624.5750000001, 5220117.925], [629624.6, 5220117.775], [629624.9, 5220117.375], [629625.2000000001, 5220117.15], [629625.2000000001, 5220116.975000001], [629625.3, 5220116.850000001], [629625.475, 5220116.850000001], [629625.525, 5220116.55], [629625.625, 5220116.425], [629625.675, 5220116.525], [629625.8, 5220116.5], [629625.85, 5220116.125], [629626.225, 5220116.025], [629626.4500000001, 5220116.325], [629626.025, 5220116.875], [629625.875, 5220116.925], [629625.85, 5220117.05], [629625.75, 5220117.05], [629625.625, 5220116.9], [629625.475, 5220116.925], [629625.3250000001, 5220117.45], [629625.0750000001, 5220117.725000001], [629624.875, 5220117.775], [629624.8250000001, 5220118.175], [629624.55, 5220118.375], [629624.425, 5220118.600000001], [629624.425, 5220118.7], [629624.4500000001, 5220118.725000001], [629624.55, 5220118.725000001], [629624.5750000001, 5220118.775], [629624.525, 5220118.825], [629624.425, 5220118.775], [629624.4, 5220118.65], [629624.3, 5220118.65], [629624.15, 5220118.975000001], [629624.025, 5220119.0]]]}}, {"type": "Feature", "properties": {"vineyard_id": "V01", "tile": "siret3_r021_c012.tif", "area_m2": 0.241}, "geometry": {"type": "Polygon", "coordinates": [[[629626.5, 5220116.175], [629626.425, 5220115.775], [629626.3, 5220115.575], [629626.475, 5220115.425], [629626.55, 5220115.475000001], [629626.5750000001, 5220115.7], [629626.7000000001, 5220115.725000001], [629626.775, 5220115.625], [629626.775, 5220115.350000001], [629626.875, 5220115.275], [629627.0, 5220115.350000001], [629627.025, 5220115.5], [629626.5, 5220116.175]]]}}, {"type": "Feature", "properties": {"vineyard_id": "V01", "tile": "siret3_r021_c012.tif", "area_m2": 0.666}, "geometry": {"type": "Polygon", "coordinates": [[[629627.525, 5220114.875], [629627.475, 5220114.725000001], [629627.3, 5220114.65], [629627.15, 5220114.425], [629627.375, 5220114.15], [629627.6, 5220114.100000001], [629627.85, 5220113.75], [629628.0750000001, 5220113.675], [629628.15, 5220113.375], [629628.4500000001, 5220113.45], [629628.5, 5220113.625], [629628.2000000001, 5220114.0], [629627.925, 5220114.075], [629627.9, 5220114.4], [629627.525, 5220114.875]]]}}, {"type": "Feature", "properties": {"vineyard_id": "V01", "tile": "siret3_r021_c012.tif", "area_m2": 0.357}, "geometry": {"type": "Polygon", "coordinates": [[[629629.375, 5220112.375], [629629.3, 5220112.25], [629629.05, 5220112.175], [629629.05, 5220112.0], [629629.2000000001, 5220111.875], [629629.3, 5220111.600000001], [629629.6, 5220111.625], [629629.8250000001, 5220111.850000001], [629629.5750000001, 5220112.225000001], [629629.375, 5220112.375]]]}}, {"type": "Feature", "properties": {"vineyard_id": "V01", "tile": "siret3_r021_c012.tif", "area_m2": 0.279}, "geometry": {"type": "Polygon", "coordinates": [[[629630.5750000001, 5220110.775], [629630.55, 5220110.55], [629630.7000000001, 5220110.2], [629631.1, 5220110.100000001], [629631.2000000001, 5220109.65], [629631.375, 5220109.600000001], [629631.35, 5220109.9], [629630.7000000001, 5220110.75], [629630.5750000001, 5220110.775]]]}}, {"type": "Feature", "properties": {"vineyard_id": "V01", "tile": "siret3_r021_c012.tif", "area_m2": 0.776}, "geometry": {"type": "Polygon", "coordinates": [[[629631.725, 5220109.375], [629631.725, 5220109.0], [629631.5, 5220108.95], [629631.5, 5220108.825], [629631.7000000001, 5220108.525], [629632.15, 5220108.3], [629632.15, 5220107.875], [629632.425, 5220107.55], [629632.5, 5220107.7], [629632.65, 5220107.725000001], [629632.725, 5220107.850000001], [629632.7000000001, 5220108.125], [629632.475, 5220108.425], [629632.3250000001, 5220108.45], [629632.3, 5220108.65], [629632.0750000001, 5220108.95], [629631.975, 5220108.975000001], [629631.725, 5220109.375]]]}}, {"type": "Feature", "properties": {"vineyard_id": "V01", "tile": "siret3_r021_c012.tif", "area_m2": 0.372}, "geometry": {"type": "Polygon", "coordinates": [[[629634.125, 5220106.2], [629633.925, 5220106.025], [629633.8, 5220106.075], [629633.7000000001, 5220106.0], [629633.775, 5220105.975000001], [629633.725, 5220105.8], [629634.1, 5220105.350000001], [629634.25, 5220105.3], [629634.4, 5220105.45], [629634.4, 5220105.725000001], [629634.125, 5220106.2]]]}}, {"type": "Feature", "properties": {"vineyard_id": "V01", "tile": "siret3_r021_c012.tif", "area_m2": 0.868}, "geometry": {"type": "Polygon", "coordinates": [[[629633.1, 5220107.575], [629632.775, 5220107.475000001], [629632.65, 5220107.25], [629632.85, 5220106.95], [629633.025, 5220106.850000001], [629633.025, 5220106.725000001], [629633.5, 5220106.100000001], [629633.675, 5220106.0], [629633.8, 5220106.100000001], [629633.775, 5220106.275], [629633.925, 5220106.525], [629633.5750000001, 5220106.975000001], [629633.35, 5220107.075], [629633.3250000001, 5220107.3], [629633.1, 5220107.575]]]}}, {"type": "Feature", "properties": {"vineyard_id": "V01", "tile": "siret3_r021_c012.tif", "area_m2": 0.296}, "geometry": {"type": "Polygon", "coordinates": [[[629634.65, 5220105.325], [629634.475, 5220105.175], [629634.375, 5220104.95], [629634.65, 5220104.600000001], [629634.9500000001, 5220104.600000001], [629635.05, 5220104.875], [629634.75, 5220105.100000001], [629634.75, 5220105.2], [629634.9, 5220105.225000001], [629634.875, 5220105.275], [629634.65, 5220105.325]]]}}, {"type": "Feature", "properties": {"vineyard_id": "V01", "tile": "siret3_r021_c012.tif", "area_m2": 0.282}, "geometry": {"type": "Polygon", "coordinates": [[[629635.3250000001, 5220104.575], [629635.125, 5220104.4], [629634.8250000001, 5220104.375], [629634.9500000001, 5220104.375], [629635.0750000001, 5220104.175], [629635.6, 5220104.025], [629635.625, 5220103.75], [629635.85, 5220103.825], [629635.85, 5220104.0], [629635.3250000001, 5220104.575]]]}}, {"type": "Feature", "properties": {"vineyard_id": "V01", "tile": "siret3_r021_c012.tif", "area_m2": 0.427}, "geometry": {"type": "Polygon", "coordinates": [[[629636.8, 5220102.45], [629636.725, 5220102.350000001], [629636.475, 5220102.325], [629636.475, 5220102.2], [629636.7000000001, 5220101.9], [629636.8250000001, 5220101.850000001], [629637.0, 5220101.600000001], [629637.725, 5220101.525], [629637.275, 5220101.9], [629637.175, 5220101.9], [629637.025, 5220102.05], [629636.975, 5220102.4], [629636.8, 5220102.45]]]}}, {"type": "Feature", "properties": {"vineyard_id": "V01", "tile": "siret3_r021_c012.tif", "area_m2": 0.508}, "geometry": {"type": "Polygon", "coordinates": [[[629637.525, 5220101.275], [629637.35, 5220101.05], [629637.9, 5220100.325], [629638.025, 5220100.175], [629638.175, 5220100.25], [629638.375, 5220100.175], [629638.375, 5220100.3], [629638.2000000001, 5220100.350000001], [629638.2000000001, 5220100.5], [629638.35, 5220100.65], [629638.25, 5220100.850000001], [629638.175, 5220100.925], [629638.025, 5220100.9], [629637.925, 5220101.075], [629637.675, 5220101.05], [629637.525, 5220101.275]]]}}, {"type": "Feature", "properties": {"vineyard_id": "V01", "tile": "siret3_r021_c012.tif", "area_m2": 1.316}, "geometry": {"type": "Polygon", "coordinates": [[[629638.7000000001, 5220099.425], [629638.8, 5220099.225000001], [629638.925, 5220099.225000001], [629639.15, 5220099.0], [629639.1, 5220098.850000001], [629639.25, 5220098.725000001], [629639.275, 5220098.525], [629639.5750000001, 5220098.525], [629639.6, 5220098.375], [629639.85, 5220098.25], [629639.85, 5220098.125], [629639.7000000001, 5220098.100000001], [629639.675, 5220098.0], [629640.55, 5220096.975000001], [629640.725, 5220096.625], [629640.85, 5220096.575], [629640.875, 5220096.425], [629641.15, 5220096.025], [629641.275, 5220096.025], [629641.2000000001, 5220096.275], [629640.875, 5220096.475000001], [629640.875, 5220096.600000001], [629641.0750000001, 5220096.775], [629640.9500000001, 5220096.825], [629640.8, 5220097.05], [629640.8, 5220097.2], [629640.9, 5220097.25], [629640.675, 5220097.350000001], [629640.625, 5220097.575], [629640.3250000001, 5220097.65], [629640.4, 5220097.975000001], [629640.275, 5220098.075], [629640.275, 5220098.2], [629640.125, 5220098.375], [629640.025, 5220098.375], [629639.975, 5220098.5], [629639.8, 5220098.5], [629639.725, 5220098.75], [629639.375, 5220098.725000001], [629639.4, 5220098.850000001], [629639.675, 5220098.975000001], [629639.5, 5220099.2], [629639.275, 5220099.350000001], [629639.0, 5220099.325], [629638.7000000001, 5220099.425]]]}}, {"type": "Feature", "properties": {"vineyard_id": "V01", "tile": "siret3_r021_c012.tif", "area_m2": 0.782}, "geometry": {"type": "Polygon", "coordinates": [[[629606.875, 5220136.8], [629606.8250000001, 5220136.675], [629606.9500000001, 5220136.45], [629607.0750000001, 5220136.3], [629607.35, 5220136.225000001], [629607.4500000001, 5220136.05], [629607.6, 5220135.975000001], [629607.75, 5220135.5], [629608.025, 5220135.3], [629608.0, 5220135.075], [629608.175, 5220134.95], [629608.375, 5220134.575], [629608.475, 5220134.55], [629608.525, 5220135.100000001], [629608.65, 5220135.175], [629608.5, 5220135.350000001], [629608.15, 5220135.325], [629607.9500000001, 5220135.575], [629607.925, 5220135.725000001], [629607.8250000001, 5220135.8], [629607.9500000001, 5220136.100000001], [629607.8250000001, 5220136.275], [629607.7000000001, 5220136.25], [629607.5750000001, 5220136.5], [629607.225, 5220136.525], [629606.875, 5220136.8]]]}}, {"type": "Feature", "properties": {"vineyard_id": "V01", "tile": "siret3_r021_c012.tif", "area_m2": 0.345}, "geometry": {"type": "Polygon", "coordinates": [[[629608.55, 5220134.475000001], [629608.625, 5220134.25], [629609.275, 5220133.4], [629609.475, 5220133.325], [629609.475, 5220133.575], [629609.275, 5220133.675], [629609.3, 5220133.825], [629609.15, 5220133.975000001], [629609.175, 5220134.175], [629608.9, 5220134.3], [629608.875, 5220134.4], [629608.55, 5220134.475000001]]]}}, {"type": "Feature", "properties": {"vineyard_id": "V01", "tile": "siret3_r021_c012.tif", "area_m2": 0.206}, "geometry": {"type": "Polygon", "coordinates": [[[629609.625, 5220133.3], [629609.525, 5220133.275], [629609.5, 5220133.100000001], [629610.2000000001, 5220132.2], [629610.0, 5220132.575], [629610.1, 5220132.95], [629609.775, 5220133.05], [629609.625, 5220133.3]]]}}, {"type": "Feature", "properties": {"vineyard_id": "V01", "tile": "siret3_r021_c012.tif", "area_m2": 0.584}, "geometry": {"type": "Polygon", "coordinates": [[[629612.5750000001, 5220129.825], [629612.4500000001, 5220129.75], [629612.225, 5220129.8], [629612.1, 5220129.7], [629612.55, 5220129.100000001], [629612.725, 5220129.100000001], [629612.8, 5220128.775], [629612.975, 5220128.575], [629613.275, 5220128.625], [629613.375, 5220128.775], [629613.275, 5220128.975000001], [629613.0750000001, 5220129.175], [629612.725, 5220129.225000001], [629612.775, 5220129.725000001], [629612.5750000001, 5220129.825]]]}}, {"type": "Feature", "properties": {"vineyard_id": "V01", "tile": "siret3_r021_c012.tif", "area_m2": 0.453}, "geometry": {"type": "Polygon", "coordinates": [[[629611.925, 5220130.75], [629611.7000000001, 5220130.600000001], [629611.4500000001, 5220130.55], [629611.6, 5220130.350000001], [629611.85, 5220130.275], [629611.8250000001, 5220130.05], [629612.1, 5220129.725000001], [629612.25, 5220129.825], [629612.1, 5220129.925], [629612.1, 5220130.025], [629612.3250000001, 5220130.05], [629612.475, 5220130.175], [629612.175, 5220130.575], [629611.925, 5220130.75]]]}}, {"type": "Feature", "properties": {"vineyard_id": "V01", "tile": "siret3_r021_c012.tif", "area_m2": 0.227}, "geometry": {"type": "Polygon", "coordinates": [[[629613.8250000001, 5220128.4], [629613.8250000001, 5220128.275], [629613.625, 5220128.175], [629613.875, 5220128.0], [629613.925, 5220127.775], [629613.8, 5220127.600000001], [629613.7000000001, 5220127.600000001], [629613.75, 5220127.525], [629613.8250000001, 5220127.625], [629614.0750000001, 5220127.55], [629614.275, 5220127.7], [629614.275, 5220127.8], [629613.8250000001, 5220128.4]]]}}, {"type": "Feature", "properties": {"vineyard_id": "V01", "tile": "siret3_r021_c012.tif", "area_m2": 0.346}, "geometry": {"type": "Polygon", "coordinates": [[[629614.8250000001, 5220127.025], [629614.675, 5220126.850000001], [629614.725, 5220126.55], [629615.175, 5220126.275], [629615.25, 5220126.025], [629615.425, 5220126.025], [629615.625, 5220125.850000001], [629615.675, 5220125.975000001], [629614.8250000001, 5220127.025]]]}}, {"type": "Feature", "properties": {"vineyard_id": "V01", "tile": "siret3_r021_c012.tif", "area_m2": 0.198}, "geometry": {"type": "Polygon", "coordinates": [[[629615.85, 5220125.75], [629615.675, 5220125.375], [629615.85, 5220125.075], [629616.05, 5220125.025], [629616.2000000001, 5220125.2], [629615.85, 5220125.75]]]}}, {"type": "Feature", "properties": {"vineyard_id": "V01", "tile": "siret3_r021_c012.tif", "area_m2": 0.35}, "geometry": {"type": "Polygon", "coordinates": [[[629617.025, 5220124.125], [629617.025, 5220123.850000001], [629617.375, 5220123.350000001], [629617.2000000001, 5220123.025], [629617.35, 5220122.8], [629617.425, 5220122.8], [629617.55, 5220123.025], [629617.9, 5220123.0], [629617.025, 5220124.125]]]}}, {"type": "Feature", "properties": {"vineyard_id": "V01", "tile": "siret3_r021_c012.tif", "area_m2": 0.854}, "geometry": {"type": "Polygon", "coordinates": [[[629618.15, 5220122.7], [629618.1, 5220122.5], [629618.275, 5220122.350000001], [629618.275, 5220122.225000001], [629617.975, 5220122.15], [629618.025, 5220121.975000001], [629618.425, 5220121.850000001], [629618.5, 5220121.65], [629618.425, 5220121.425], [629618.85, 5220121.15], [629618.8250000001, 5220120.875], [629619.3250000001, 5220120.7], [629619.5, 5220120.725000001], [629619.525, 5220120.925], [629619.05, 5220121.55], [629618.675, 5220121.625], [629618.725, 5220121.975000001], [629618.15, 5220122.7]]]}}, {"type": "Feature", "properties": {"vineyard_id": "V01", "tile": "siret3_r021_c012.tif", "area_m2": 1.538}, "geometry": {"type": "Polygon", "coordinates": [[[629619.75, 5220120.600000001], [629619.675, 5220120.575], [629619.625, 5220120.4], [629619.725, 5220120.15], [629620.0, 5220120.0], [629620.0, 5220119.850000001], [629619.85, 5220119.775], [629619.9, 5220119.625], [629620.15, 5220119.575], [629620.175, 5220119.350000001], [629620.4, 5220119.4], [629620.475, 5220119.325], [629620.4, 5220119.025], [629620.6, 5220119.0], [629620.675, 5220118.8], [629620.675, 5220118.675], [629620.5750000001, 5220118.575], [629620.8, 5220118.375], [629620.8, 5220118.275], [629621.175, 5220118.15], [629621.175, 5220117.95], [629621.1, 5220117.875], [629621.225, 5220117.725000001], [629621.4500000001, 5220117.8], [629621.625, 5220117.725000001], [629621.625, 5220117.625], [629621.425, 5220117.45], [629621.5750000001, 5220117.350000001], [629621.8250000001, 5220116.95], [629622.125, 5220117.45], [629622.0, 5220117.475000001], [629621.85, 5220117.875], [629621.375, 5220118.5], [629621.175, 5220118.55], [629621.05, 5220118.925], [629620.875, 5220119.100000001], [629620.625, 5220119.075], [629620.625, 5220119.175], [629620.775, 5220119.275], [629619.75, 5220120.600000001]]]}}, {"type": "Feature", "properties": {"vineyard_id": "V01", "tile": "siret3_r021_c012.tif", "area_m2": 0.225}, "geometry": {"type": "Polygon", "coordinates": [[[629622.4, 5220116.95], [629622.2000000001, 5220116.725000001], [629621.9, 5220116.825], [629622.225, 5220116.425], [629622.475, 5220116.4], [629622.725, 5220116.725000001], [629622.4, 5220116.95]]]}}, {"type": "Feature", "properties": {"vineyard_id": "V01", "tile": "siret3_r021_c012.tif", "area_m2": 0.207}, "geometry": {"type": "Polygon", "coordinates": [[[629622.9500000001, 5220116.275], [629622.625, 5220116.100000001], [629622.625, 5220115.875], [629622.875, 5220115.55], [629623.0, 5220115.600000001], [629622.9, 5220115.925], [629623.2000000001, 5220116.05], [629622.9500000001, 5220116.275]]]}}, {"type": "Feature", "properties": {"vineyard_id": "V01", "tile": "siret3_r021_c012.tif", "area_m2": 0.471}, "geometry": {"type": "Polygon", "coordinates": [[[629623.4500000001, 5220115.75], [629623.375, 5220115.625], [629623.425, 5220115.375], [629623.3250000001, 5220115.275], [629623.3, 5220115.05], [629623.675, 5220114.525], [629623.975, 5220114.5], [629624.025, 5220114.775], [629624.125, 5220114.875], [629624.025, 5220115.025], [629623.55, 5220115.225000001], [629623.55, 5220115.325], [629623.7000000001, 5220115.45], [629623.4500000001, 5220115.75]]]}}, {"type": "Feature", "properties": {"vineyard_id": "V01", "tile": "siret3_r021_c012.tif", "area_m2": 0.554}, "geometry": {"type": "Polygon", "coordinates": [[[629624.175, 5220114.5], [629624.025, 5220114.425], [629624.0750000001, 5220113.975000001], [629624.3, 5220113.9], [629624.275, 5220113.725000001], [629624.35, 5220113.625], [629624.525, 5220113.600000001], [629624.55, 5220113.425], [629624.8250000001, 5220113.100000001], [629624.9, 5220113.25], [629624.775, 5220113.475000001], [629624.8, 5220113.9], [629624.7000000001, 5220113.95], [629624.7000000001, 5220114.125], [629624.4500000001, 5220114.425], [629624.175, 5220114.5]]]}}, {"type": "Feature", "properties": {"vineyard_id": "V01", "tile": "siret3_r021_c012.tif", "area_m2": 0.732}, "geometry": {"type": "Polygon", "coordinates": [[[629625.7000000001, 5220112.8], [629625.6, 5220112.725000001], [629625.625, 5220112.45], [629625.35, 5220112.325], [629625.6, 5220112.2], [629625.675, 5220112.100000001], [629625.675, 5220111.875], [629626.15, 5220111.25], [629626.3250000001, 5220111.15], [629626.275, 5220111.425], [629626.55, 5220111.425], [629626.525, 5220111.575], [629626.375, 5220111.9], [629626.125, 5220112.025], [629626.175, 5220112.2], [629625.7000000001, 5220112.8]]]}}, {"type": "Feature", "properties": {"vineyard_id": "V01", "tile": "siret3_r021_c012.tif", "area_m2": 0.204}, "geometry": {"type": "Polygon", "coordinates": [[[629625.125, 5220113.125], [629624.975, 5220113.05], [629624.975, 5220112.8], [629625.125, 5220112.600000001], [629625.35, 5220112.65], [629625.4, 5220113.0], [629625.5750000001, 5220112.925], [629625.6, 5220112.75], [629625.7000000001, 5220112.825], [629625.55, 5220113.025], [629625.125, 5220113.125]]]}}, {"type": "Feature", "properties": {"vineyard_id": "V01", "tile": "siret3_r021_c012.tif", "area_m2": 0.775}, "geometry": {"type": "Polygon", "coordinates": [[[629626.8250000001, 5220111.05], [629626.8, 5220110.8], [629627.0, 5220110.600000001], [629626.975, 5220110.425], [629627.175, 5220110.3], [629627.1, 5220110.100000001], [629627.2000000001, 5220109.875], [629627.4500000001, 5220109.65], [629627.525, 5220109.825], [629627.65, 5220109.850000001], [629627.875, 5220109.5], [629627.8, 5220109.100000001], [629628.15, 5220109.125], [629628.35, 5220108.95], [629628.425, 5220109.100000001], [629628.3250000001, 5220109.125], [629628.275, 5220109.325], [629628.0750000001, 5220109.3], [629628.025, 5220109.7], [629627.725, 5220109.9], [629627.675, 5220110.175], [629627.3250000001, 5220110.525], [629627.225, 5220110.825], [629627.025, 5220111.05], [629626.8250000001, 5220111.05]]]}}, {"type": "Feature", "properties": {"vineyard_id": "V01", "tile": "siret3_r021_c012.tif", "area_m2": 0.798}, "geometry": {"type": "Polygon", "coordinates": [[[629628.9, 5220107.9], [629628.9500000001, 5220107.600000001], [629629.225, 5220107.5], [629629.15, 5220107.325], [629629.3, 5220107.125], [629629.4500000001, 5220107.100000001], [629629.4500000001, 5220106.925], [629629.675, 5220106.625], [629629.8250000001, 5220106.45], [629629.925, 5220106.55], [629630.05, 5220106.55], [629630.0750000001, 5220106.350000001], [629630.225, 5220106.25], [629630.2000000001, 5220106.075], [629630.375, 5220106.075], [629630.275, 5220106.225000001], [629630.375, 5220106.4], [629630.15, 5220106.8], [629630.15, 5220106.975000001], [629629.975, 5220107.2], [629629.85, 5220107.225000001], [629629.775, 5220107.475000001], [629629.7000000001, 5220107.375], [629629.475, 5220107.375], [629629.425, 5220107.825], [629629.2000000001, 5220107.850000001], [629629.175, 5220107.7], [629629.05, 5220107.675], [629628.9, 5220107.9]]]}}, {"type": "Feature", "properties": {"vineyard_id": "V01", "tile": "siret3_r021_c012.tif", "area_m2": 0.341}, "geometry": {"type": "Polygon", "coordinates": [[[629630.675, 5220106.15], [629630.3250000001, 5220105.775], [629630.65, 5220105.350000001], [629630.75, 5220105.5], [629630.9, 5220105.425], [629631.0750000001, 5220105.45], [629631.0750000001, 5220105.775], [629630.9, 5220105.825], [629630.8250000001, 5220106.05], [629630.675, 5220106.15]]]}}, {"type": "Feature", "properties": {"vineyard_id": "V01", "tile": "siret3_r021_c012.tif", "area_m2": 0.263}, "geometry": {"type": "Polygon", "coordinates": [[[629632.3250000001, 5220103.975000001], [629632.175, 5220103.65], [629632.025, 5220103.575], [629632.275, 5220103.225000001], [629632.7000000001, 5220103.375], [629632.5750000001, 5220103.7], [629632.3250000001, 5220103.975000001]]]}}, {"type": "Feature", "properties": {"vineyard_id": "V01", "tile": "siret3_r021_c012.tif", "area_m2": 0.194}, "geometry": {"type": "Polygon", "coordinates": [[[629632.775, 5220103.275], [629632.725, 5220103.175], [629632.85, 5220103.05], [629632.875, 5220102.850000001], [629632.75, 5220102.8], [629632.725, 5220102.625], [629632.925, 5220102.425], [629632.925, 5220102.775], [629633.175, 5220102.75], [629633.225, 5220102.850000001], [629632.925, 5220103.275], [629632.775, 5220103.275]]]}}, {"type": "Feature", "properties": {"vineyard_id": "V01", "tile": "siret3_r021_c012.tif", "area_m2": 1.462}, "geometry": {"type": "Polygon", "coordinates": [[[629633.525, 5220102.55], [629633.35, 5220102.475000001], [629633.3, 5220102.25], [629633.375, 5220102.0], [629633.3, 5220101.875], [629633.8, 5220101.225000001], [629634.0, 5220101.350000001], [629634.125, 5220101.325], [629634.275, 5220100.9], [629634.1, 5220100.825], [629634.65, 5220100.100000001], [629634.975, 5220100.075], [629635.1, 5220099.975000001], [629635.05, 5220099.775], [629634.925, 5220099.75], [629635.25, 5220099.4], [629635.275, 5220099.275], [629635.4, 5220099.175], [629635.625, 5220099.225000001], [629635.725, 5220099.325], [629635.725, 5220099.45], [629635.35, 5220099.825], [629635.4, 5220100.100000001], [629634.9500000001, 5220100.350000001], [629634.975, 5220100.65], [629634.675, 5220100.825], [629634.675, 5220101.025], [629634.425, 5220101.15], [629634.35, 5220101.375], [629634.175, 5220101.4], [629634.175, 5220101.525], [629634.05, 5220101.675], [629633.925, 5220101.55], [629633.675, 5220101.600000001], [629633.725, 5220102.25], [629633.625, 5220102.275], [629633.525, 5220102.55]]]}}, {"type": "Feature", "properties": {"vineyard_id": "V01", "tile": "siret3_r021_c012.tif", "area_m2": 0.291}, "geometry": {"type": "Polygon", "coordinates": [[[629635.7000000001, 5220098.95], [629635.6, 5220098.850000001], [629635.875, 5220098.5], [629635.9, 5220098.65], [629636.1, 5220098.600000001], [629636.05, 5220098.45], [629635.925, 5220098.45], [629636.0750000001, 5220098.275], [629636.175, 5220098.225000001], [629636.4500000001, 5220098.375], [629636.425, 5220098.55], [629636.175, 5220098.675], [629636.2000000001, 5220098.825], [629636.1, 5220098.95], [629635.9500000001, 5220098.95], [629635.9, 5220098.875], [629635.7000000001, 5220098.95]]]}}, {"type": "Feature", "properties": {"vineyard_id": "V01", "tile": "siret3_r021_c012.tif", "area_m2": 0.44}, "geometry": {"type": "Polygon", "coordinates": [[[629607.375, 5220131.025], [629607.3250000001, 5220130.95], [629607.475, 5220130.8], [629607.475, 5220130.675], [629608.025, 5220129.95], [629608.275, 5220129.825], [629608.3, 5220130.125], [629608.4500000001, 5220130.375], [629607.8250000001, 5220130.45], [629607.8250000001, 5220130.95], [629607.375, 5220131.025]]]}}, {"type": "Feature", "properties": {"vineyard_id": "V01", "tile": "siret3_r021_c012.tif", "area_m2": 0.564}, "geometry": {"type": "Polygon", "coordinates": [[[629610.525, 5220127.525], [629610.3, 5220127.375], [629610.475, 5220127.100000001], [629610.4500000001, 5220126.8], [629610.525, 5220126.7], [629610.8, 5220126.7], [629610.8, 5220126.325], [629610.9500000001, 5220126.25], [629611.025, 5220126.025], [629611.2000000001, 5220125.850000001], [629611.3, 5220125.850000001], [629611.375, 5220126.0], [629611.175, 5220126.175], [629611.175, 5220126.3], [629611.275, 5220126.4], [629610.875, 5220126.625], [629610.875, 5220126.75], [629611.0750000001, 5220126.850000001], [629611.0750000001, 5220126.925], [629610.525, 5220127.525]]]}}, {"type": "Feature", "properties": {"vineyard_id": "V01", "tile": "siret3_r021_c012.tif", "area_m2": 0.288}, "geometry": {"type": "Polygon", "coordinates": [[[629613.025, 5220124.325], [629612.875, 5220124.3], [629612.875, 5220124.225000001], [629613.0750000001, 5220124.100000001], [629613.0750000001, 5220124.0], [629612.775, 5220124.0], [629612.8, 5220123.850000001], [629612.975, 5220123.775], [629612.975, 5220123.575], [629613.175, 5220123.625], [629613.225, 5220123.525], [629613.4500000001, 5220123.525], [629613.525, 5220123.725000001], [629613.375, 5220123.75], [629613.3250000001, 5220124.0], [629613.025, 5220124.325]]]}}, {"type": "Feature", "properties": {"vineyard_id": "V01", "tile": "siret3_r021_c012.tif", "area_m2": 0.29}, "geometry": {"type": "Polygon", "coordinates": [[[629613.8250000001, 5220123.325], [629613.725, 5220123.225000001], [629613.475, 5220123.275], [629613.4, 5220123.0], [629613.525, 5220122.850000001], [629613.85, 5220122.7], [629613.925, 5220122.5], [629614.0, 5220122.5], [629613.9500000001, 5220122.9], [629614.125, 5220122.95], [629613.8250000001, 5220123.325]]]}}, {"type": "Feature", "properties": {"vineyard_id": "V01", "tile": "siret3_r021_c012.tif", "area_m2": 0.358}, "geometry": {"type": "Polygon", "coordinates": [[[629615.425, 5220120.850000001], [629615.35, 5220120.775], [629615.375, 5220120.65], [629615.6, 5220120.5], [629615.55, 5220120.325], [629615.675, 5220120.3], [629615.8250000001, 5220119.75], [629615.975, 5220119.65], [629616.0750000001, 5220119.725000001], [629616.0750000001, 5220120.275], [629615.85, 5220120.45], [629615.8, 5220120.7], [629615.6, 5220120.725000001], [629615.425, 5220120.850000001]]]}}, {"type": "Feature", "properties": {"vineyard_id": "V01", "tile": "siret3_r021_c012.tif", "area_m2": 0.248}, "geometry": {"type": "Polygon", "coordinates": [[[629615.15, 5220121.575], [629615.125, 5220121.45], [629614.8250000001, 5220121.225000001], [629615.025, 5220120.9], [629615.3250000001, 5220120.875], [629615.35, 5220120.8], [629615.425, 5220120.875], [629615.35, 5220120.9], [629615.35, 5220121.025], [629615.4500000001, 5220121.2], [629615.15, 5220121.575]]]}}, {"type": "Feature", "properties": {"vineyard_id": "V01", "tile": "siret3_r021_c012.tif", "area_m2": 0.636}, "geometry": {"type": "Polygon", "coordinates": [[[629617.025, 5220119.15], [629617.0, 5220118.9], [629616.65, 5220119.075], [629616.625, 5220118.825], [629617.1, 5220118.45], [629617.25, 5220118.425], [629617.25, 5220118.3], [629617.0750000001, 5220118.175], [629617.2000000001, 5220117.95], [629617.675, 5220117.775], [629617.75, 5220117.825], [629617.8, 5220118.125], [629617.025, 5220119.15]]]}}, {"type": "Feature", "properties": {"vineyard_id": "V01", "tile": "siret3_r021_c012.tif", "area_m2": 0.251}, "geometry": {"type": "Polygon", "coordinates": [[[629618.175, 5220117.3], [629617.975, 5220117.325], [629617.975, 5220117.25], [629618.025, 5220117.100000001], [629618.15, 5220117.05], [629618.175, 5220116.875], [629618.625, 5220116.5], [629618.875, 5220116.575], [629618.875, 5220116.7], [629618.675, 5220116.8], [629618.675, 5220116.925], [629618.5, 5220116.9], [629618.425, 5220117.0], [629618.275, 5220117.025], [629618.175, 5220117.3]]]}}, {"type": "Feature", "properties": {"vineyard_id": "V01", "tile": "siret3_r021_c012.tif", "area_m2": 0.757}, "geometry": {"type": "Polygon", "coordinates": [[[629618.625, 5220116.275], [629618.625, 5220116.125], [629618.725, 5220115.95], [629619.05, 5220115.575], [629619.275, 5220115.525], [629619.275, 5220115.275], [629619.5, 5220115.2], [629619.5, 5220114.975000001], [629619.725, 5220114.925], [629619.775, 5220114.600000001], [629619.9, 5220114.55], [629619.9, 5220114.45], [629620.175, 5220114.075], [629620.275, 5220114.425], [629619.975, 5220114.725000001], [629619.9500000001, 5220115.225000001], [629619.725, 5220115.2], [629619.675, 5220115.275], [629619.675, 5220115.45], [629619.8250000001, 5220115.475000001], [629619.8, 5220115.525], [629619.625, 5220115.575], [629619.625, 5220115.7], [629619.425, 5220116.0], [629619.3250000001, 5220115.875], [629619.35, 5220115.725000001], [629619.2000000001, 5220115.7], [629619.175, 5220115.875], [629618.975, 5220115.95], [629618.875, 5220116.15], [629618.625, 5220116.275]]]}}, {"type": "Feature", "properties": {"vineyard_id": "V01", "tile": "siret3_r021_c012.tif", "area_m2": 0.386}, "geometry": {"type": "Polygon", "coordinates": [[[629620.5, 5220114.45], [629620.4, 5220113.925], [629620.5, 5220113.625], [629620.775, 5220113.350000001], [629621.025, 5220113.925], [629620.8250000001, 5220114.175], [629620.7000000001, 5220114.2], [629620.675, 5220114.375], [629620.5, 5220114.45]]]}}, {"type": "Feature", "properties": {"vineyard_id": "V01", "tile": "siret3_r021_c012.tif", "area_m2": 1.513}, "geometry": {"type": "Polygon", "coordinates": [[[629621.275, 5220113.350000001], [629621.0750000001, 5220113.275], [629620.925, 5220113.075], [629621.2000000001, 5220112.850000001], [629621.25, 5220112.7], [629621.4500000001, 5220112.825], [629621.6, 5220112.775], [629621.65, 5220112.575], [629621.5, 5220112.45], [629621.5, 5220112.350000001], [629621.7000000001, 5220112.175], [629621.875, 5220112.15], [629621.875, 5220111.825], [629622.525, 5220111.0], [629622.725, 5220111.025], [629622.7000000001, 5220110.75], [629623.05, 5220110.325], [629623.0750000001, 5220110.65], [629623.275, 5220110.675], [629623.3250000001, 5220110.850000001], [629623.125, 5220110.975000001], [629623.175, 5220111.100000001], [629623.125, 5220111.15], [629623.1, 5220110.975000001], [629622.8, 5220111.05], [629622.8250000001, 5220111.175], [629622.975, 5220111.175], [629622.925, 5220111.3], [629623.0, 5220111.325], [629622.85, 5220111.425], [629622.85, 5220111.525], [629622.6, 5220111.850000001], [629622.35, 5220111.7], [629622.2000000001, 5220111.725000001], [629622.175, 5220111.925], [629622.4500000001, 5220112.05], [629622.225, 5220112.350000001], [629622.0750000001, 5220112.375], [629622.0750000001, 5220112.55], [629621.775, 5220112.850000001], [629621.5, 5220113.3], [629621.275, 5220113.350000001]]]}}, {"type": "Feature", "properties": {"vineyard_id": "V01", "tile": "siret3_r021_c012.tif", "area_m2": 0.368}, "geometry": {"type": "Polygon", "coordinates": [[[629624.925, 5220108.775], [629624.8, 5220108.625], [629624.8250000001, 5220108.425], [629624.925, 5220108.325], [629624.9, 5220108.2], [629624.725, 5220108.2], [629624.5750000001, 5220108.350000001], [629624.55, 5220108.65], [629624.4, 5220108.525], [629624.875, 5220107.9], [629625.2000000001, 5220107.850000001], [629625.4, 5220108.175], [629625.1, 5220108.45], [629625.05, 5220108.65], [629624.925, 5220108.775]]]}}, {"type": "Feature", "properties": {"vineyard_id": "V01", "tile": "siret3_r021_c012.tif", "area_m2": 0.615}, "geometry": {"type": "Polygon", "coordinates": [[[629623.8250000001, 5220110.225000001], [629623.725, 5220110.125], [629623.8, 5220109.875], [629623.775, 5220109.600000001], [629623.625, 5220109.625], [629623.5750000001, 5220110.025], [629623.4500000001, 5220110.0], [629623.375, 5220109.875], [629623.8250000001, 5220109.275], [629623.975, 5220109.275], [629624.025, 5220109.175], [629624.2000000001, 5220109.275], [629624.3250000001, 5220109.25], [629624.3250000001, 5220109.125], [629624.15, 5220108.850000001], [629624.375, 5220108.575], [629624.5, 5220108.675], [629624.375, 5220108.975000001], [629624.55, 5220109.0], [629624.675, 5220109.125], [629624.375, 5220109.525], [629624.125, 5220109.575], [629624.125, 5220109.725000001], [629623.975, 5220109.875], [629623.975, 5220110.05], [629623.8250000001, 5220110.225000001]]]}}, {"type": "Feature", "properties": {"vineyard_id": "V01", "tile": "siret3_r021_c012.tif", "area_m2": 0.33}, "geometry": {"type": "Polygon", "coordinates": [[[629626.3250000001, 5220106.3], [629626.2000000001, 5220106.175], [629626.675, 5220105.55], [629627.0750000001, 5220105.575], [629626.9500000001, 5220105.625], [629626.925, 5220106.2], [629626.5750000001, 5220106.100000001], [629626.4500000001, 5220106.275], [629626.3250000001, 5220106.3]]]}}, {"type": "Feature", "properties": {"vineyard_id": "V01", "tile": "siret3_r021_c012.tif", "area_m2": 0.78}, "geometry": {"type": "Polygon", "coordinates": [[[629627.4500000001, 5220105.175], [629627.35, 5220105.125], [629627.3, 5220104.95], [629627.4500000001, 5220104.825], [629627.5, 5220104.475000001], [629627.65, 5220104.4], [629627.65, 5220104.275], [629627.8250000001, 5220104.05], [629628.025, 5220104.075], [629628.15, 5220103.95], [629628.225, 5220104.025], [629628.35, 5220104.0], [629628.35, 5220103.875], [629628.2000000001, 5220103.725000001], [629628.0750000001, 5220103.75], [629628.275, 5220103.45], [629628.6, 5220103.625], [629628.625, 5220103.775], [629628.375, 5220104.0], [629628.375, 5220104.3], [629628.225, 5220104.475000001], [629628.0, 5220104.55], [629628.0, 5220104.65], [629628.0750000001, 5220104.675], [629628.025, 5220104.75], [629627.85, 5220104.725000001], [629627.9, 5220104.925], [629627.75, 5220105.100000001], [629627.4500000001, 5220105.175]]]}}, {"type": "Feature", "properties": {"vineyard_id": "V01", "tile": "siret3_r021_c012.tif", "area_m2": 1.223}, "geometry": {"type": "Polygon", "coordinates": [[[629628.85, 5220103.4], [629628.7000000001, 5220103.25], [629628.8250000001, 5220103.100000001], [629628.775, 5220102.8], [629628.975, 5220102.775], [629629.125, 5220102.575], [629629.425, 5220102.525], [629629.6, 5220102.125], [629629.775, 5220102.0], [629629.8, 5220101.475000001], [629630.15, 5220101.0], [629630.375, 5220101.025], [629630.4500000001, 5220100.850000001], [629630.625, 5220100.850000001], [629630.725, 5220100.7], [629630.925, 5220100.675], [629630.9500000001, 5220100.8], [629630.525, 5220101.275], [629630.475, 5220101.55], [629630.175, 5220101.95], [629629.8250000001, 5220102.4], [629629.4500000001, 5220102.725000001], [629629.35, 5220102.925], [629629.1, 5220102.975000001], [629629.1, 5220103.350000001], [629628.85, 5220103.4]]]}}, {"type": "Feature", "properties": {"vineyard_id": "V01", "tile": "siret3_r021_c012.tif", "area_m2": 0.551}, "geometry": {"type": "Polygon", "coordinates": [[[629631.425, 5220100.225000001], [629631.275, 5220100.100000001], [629631.125, 5220100.125], [629631.05, 5220099.975000001], [629631.3, 5220099.8], [629631.35, 5220099.425], [629631.625, 5220099.325], [629631.6, 5220099.125], [629631.75, 5220099.0], [629631.975, 5220099.125], [629631.9500000001, 5220099.350000001], [629632.1, 5220099.425], [629631.425, 5220100.225000001]]]}}, {"type": "Feature", "properties": {"vineyard_id": "V01", "tile": "siret3_r021_c012.tif", "area_m2": 0.637}, "geometry": {"type": "Polygon", "coordinates": [[[629632.375, 5220099.025], [629632.225, 5220098.9], [629632.0, 5220098.925], [629632.1, 5220098.45], [629632.425, 5220098.125], [629632.675, 5220098.2], [629632.65, 5220097.850000001], [629632.75, 5220097.600000001], [629633.15, 5220097.475000001], [629633.175, 5220097.675], [629632.975, 5220097.775], [629632.975, 5220097.9], [629632.75, 5220098.2], [629632.775, 5220098.325], [629632.925, 5220098.350000001], [629632.725, 5220098.525], [629632.675, 5220098.675], [629632.55, 5220098.725000001], [629632.525, 5220098.875], [629632.375, 5220099.025]]]}}, {"type": "Feature", "properties": {"vineyard_id": "V01", "tile": "siret3_r021_c012.tif", "area_m2": 0.252}, "geometry": {"type": "Polygon", "coordinates": [[[629607.275, 5220126.850000001], [629606.9, 5220126.850000001], [629606.9, 5220126.5], [629607.0750000001, 5220126.475000001], [629607.275, 5220126.125], [629607.4500000001, 5220126.125], [629607.475, 5220126.375], [629607.375, 5220126.45], [629607.275, 5220126.850000001]]]}}, {"type": "Feature", "properties": {"vineyard_id": "V01", "tile": "siret3_r021_c012.tif", "area_m2": 0.19}, "geometry": {"type": "Polygon", "coordinates": [[[629609.125, 5220124.175], [629609.05, 5220124.100000001], [629609.05, 5220123.95], [629609.175, 5220123.850000001], [629609.125, 5220123.600000001], [629609.2000000001, 5220123.5], [629609.35, 5220123.5], [629609.425, 5220123.375], [629609.55, 5220123.4], [629609.5750000001, 5220123.475000001], [629609.3250000001, 5220123.8], [629609.3250000001, 5220124.125], [629609.125, 5220124.175]]]}}, {"type": "Feature", "properties": {"vineyard_id": "V01", "tile": "siret3_r021_c012.tif", "area_m2": 0.554}, "geometry": {"type": "Polygon", "coordinates": [[[629610.875, 5220122.275], [629610.8250000001, 5220122.175], [629611.025, 5220121.9], [629611.025, 5220121.75], [629610.8, 5220121.425], [629610.975, 5220121.2], [629611.1, 5220121.175], [629611.1, 5220121.025], [629611.225, 5220120.850000001], [629611.425, 5220120.775], [629611.5, 5220121.025], [629611.725, 5220121.175], [629610.875, 5220122.275]]]}}, {"type": "Feature", "properties": {"vineyard_id": "V01", "tile": "siret3_r021_c012.tif", "area_m2": 0.309}, "geometry": {"type": "Polygon", "coordinates": [[[629611.7000000001, 5220120.350000001], [629611.65, 5220120.3], [629611.8, 5220120.100000001], [629611.975, 5220120.025], [629612.25, 5220119.7], [629612.675, 5220119.925], [629612.5, 5220120.15], [629612.2000000001, 5220120.3], [629611.875, 5220120.25], [629611.7000000001, 5220120.350000001]]]}}, {"type": "Feature", "properties": {"vineyard_id": "V01", "tile": "siret3_r021_c012.tif", "area_m2": 0.432}, "geometry": {"type": "Polygon", "coordinates": [[[629612.9500000001, 5220119.575], [629612.925, 5220119.425], [629612.5750000001, 5220119.475000001], [629612.525, 5220119.325], [629612.6, 5220119.100000001], [629613.0, 5220118.8], [629613.025, 5220118.600000001], [629613.225, 5220118.55], [629613.275, 5220118.9], [629613.375, 5220119.025], [629612.9500000001, 5220119.575]]]}}, {"type": "Feature", "properties": {"vineyard_id": "V01", "tile": "siret3_r021_c012.tif", "area_m2": 0.56}, "geometry": {"type": "Polygon", "coordinates": [[[629613.625, 5220118.675], [629613.55, 5220118.600000001], [629613.625, 5220118.2], [629613.5, 5220118.15], [629613.4500000001, 5220117.95], [629613.5750000001, 5220117.825], [629614.0, 5220117.7], [629614.0, 5220117.45], [629614.175, 5220117.2], [629614.475, 5220117.125], [629614.65, 5220117.350000001], [629614.55, 5220117.475000001], [629614.3250000001, 5220117.45], [629614.3250000001, 5220117.775], [629614.25, 5220117.875], [629614.1, 5220117.75], [629613.85, 5220117.875], [629613.85, 5220117.975000001], [629614.0, 5220118.025], [629614.025, 5220118.175], [629613.625, 5220118.675]]]}}, {"type": "Feature", "properties": {"vineyard_id": "V01", "tile": "siret3_r021_c012.tif", "area_m2": 0.624}, "geometry": {"type": "Polygon", "coordinates": [[[629614.8, 5220116.95], [629614.5750000001, 5220116.65], [629614.675, 5220116.350000001], [629615.0750000001, 5220115.850000001], [629615.3250000001, 5220115.875], [629615.4500000001, 5220115.725000001], [629615.5750000001, 5220115.7], [629615.5750000001, 5220115.975000001], [629615.675, 5220116.0], [629615.65, 5220116.05], [629615.0750000001, 5220116.75], [629614.975, 5220116.75], [629614.9500000001, 5220116.675], [629614.8, 5220116.725000001], [629614.8, 5220116.825], [629614.9500000001, 5220116.925], [629614.8, 5220116.95]]]}}, {"type": "Feature", "properties": {"vineyard_id": "V01", "tile": "siret3_r021_c012.tif", "area_m2": 0.225}, "geometry": {"type": "Polygon", "coordinates": [[[629615.875, 5220115.525], [629615.525, 5220115.4], [629615.5, 5220115.275], [629615.625, 5220115.125], [629615.9500000001, 5220115.0], [629616.175, 5220115.275], [629616.05, 5220115.45], [629615.875, 5220115.525]]]}}, {"type": "Feature", "properties": {"vineyard_id": "V01", "tile": "siret3_r021_c012.tif", "area_m2": 0.541}, "geometry": {"type": "Polygon", "coordinates": [[[629616.4, 5220114.95], [629616.4, 5220114.525], [629616.225, 5220114.425], [629616.425, 5220114.275], [629616.5, 5220113.975000001], [629616.8, 5220113.625], [629616.9, 5220113.725000001], [629617.175, 5220113.725000001], [629617.2000000001, 5220113.9], [629617.05, 5220114.05], [629617.0, 5220114.275], [629616.85, 5220114.375], [629616.775, 5220114.575], [629616.6, 5220114.625], [629616.5750000001, 5220114.8], [629616.4, 5220114.95]]]}}, {"type": "Feature", "properties": {"vineyard_id": "V01", "tile": "siret3_r021_c012.tif", "area_m2": 0.545}, "geometry": {"type": "Polygon", "coordinates": [[[629617.5750000001, 5220113.350000001], [629617.4, 5220113.225000001], [629617.4, 5220112.850000001], [629617.675, 5220112.425], [629617.875, 5220112.475000001], [629618.375, 5220112.350000001], [629618.4, 5220112.45], [629617.9500000001, 5220113.05], [629617.7000000001, 5220113.325], [629617.5750000001, 5220113.350000001]]]}}, {"type": "Feature", "properties": {"vineyard_id": "V01", "tile": "siret3_r021_c012.tif", "area_m2": 0.31}, "geometry": {"type": "Polygon", "coordinates": [[[629618.85, 5220111.825], [629618.775, 5220111.625], [629618.4, 5220111.625], [629618.425, 5220111.45], [629618.625, 5220111.350000001], [629618.6, 5220111.225000001], [629618.775, 5220111.025], [629619.0, 5220111.075], [629618.975, 5220111.3], [629619.2000000001, 5220111.4], [629618.85, 5220111.825]]]}}, {"type": "Feature", "properties": {"vineyard_id": "V01", "tile": "siret3_r021_c012.tif", "area_m2": 1.4}, "geometry": {"type": "Polygon", "coordinates": [[[629620.6, 5220109.475000001], [629620.4500000001, 5220109.275], [629620.15, 5220109.275], [629620.425, 5220109.2], [629620.4, 5220108.95], [629620.55, 5220108.675], [629620.75, 5220108.525], [629620.975, 5220108.5], [629621.0, 5220108.225000001], [629621.175, 5220108.05], [629621.3, 5220107.7], [629621.4500000001, 5220107.525], [629621.6, 5220107.5], [629621.65, 5220107.275], [629621.75, 5220107.175], [629621.775, 5220107.075], [629621.85, 5220107.0], [629621.85, 5220106.975000001], [629621.925, 5220106.9], [629621.925, 5220106.875], [629621.975, 5220106.825], [629621.9500000001, 5220107.0], [629622.2000000001, 5220107.05], [629622.3250000001, 5220107.025], [629622.4, 5220106.825], [629622.525, 5220106.825], [629622.4, 5220107.225000001], [629622.0750000001, 5220107.4], [629622.025, 5220107.725000001], [629621.9, 5220107.775], [629621.9, 5220107.875], [629621.625, 5220108.25], [629621.4500000001, 5220108.3], [629621.4500000001, 5220108.425], [629621.175, 5220108.55], [629621.2000000001, 5220108.8], [629620.9500000001, 5220108.975000001], [629620.975, 5220109.100000001], [629620.8, 5220109.225000001], [629620.725, 5220109.425], [629620.6, 5220109.475000001]]]}}, {"type": "Feature", "properties": {"vineyard_id": "V01", "tile": "siret3_r021_c012.tif", "area_m2": 0.514}, "geometry": {"type": "Polygon", "coordinates": [[[629619.175, 5220110.8], [629619.1, 5220110.675], [629619.15, 5220110.5], [629619.725, 5220109.75], [629619.875, 5220109.675], [629620.05, 5220109.325], [629620.225, 5220109.350000001], [629620.15, 5220109.525], [629620.2000000001, 5220109.975000001], [629620.0750000001, 5220110.0], [629619.975, 5220109.850000001], [629619.875, 5220109.850000001], [629619.775, 5220110.075], [629619.8, 5220110.2], [629619.55, 5220110.325], [629619.55, 5220110.45], [629619.7000000001, 5220110.55], [629619.675, 5220110.675], [629619.175, 5220110.8]]]}}, {"type": "Feature", "properties": {"vineyard_id": "V01", "tile": "siret3_r021_c012.tif", "area_m2": 0.489}, "geometry": {"type": "Polygon", "coordinates": [[[629623.025, 5220106.375], [629622.8, 5220106.025], [629622.6, 5220106.0], [629623.1, 5220105.375], [629623.275, 5220105.375], [629623.525, 5220105.475000001], [629623.5, 5220105.8], [629623.025, 5220106.375]]]}}, {"type": "Feature", "properties": {"vineyard_id": "V01", "tile": "siret3_r021_c012.tif", "area_m2": 0.317}, "geometry": {"type": "Polygon", "coordinates": [[[629623.625, 5220105.325], [629623.5750000001, 5220105.2], [629623.3, 5220105.100000001], [629623.6, 5220104.725000001], [629623.65, 5220104.8], [629623.85, 5220104.725000001], [629624.225, 5220104.775], [629623.9, 5220105.25], [629623.625, 5220105.325]]]}}, {"type": "Feature", "properties": {"vineyard_id": "V01", "tile": "siret3_r021_c012.tif", "area_m2": 1.622}, "geometry": {"type": "Polygon", "coordinates": [[[629624.375, 5220104.5], [629624.375, 5220104.3], [629624.125, 5220104.275], [629624.0750000001, 5220104.125], [629624.425, 5220104.125], [629624.475, 5220103.95], [629624.625, 5220103.875], [629624.5750000001, 5220103.525], [629624.75, 5220103.475000001], [629624.725, 5220103.25], [629624.975, 5220103.075], [629625.025, 5220102.825], [629625.4500000001, 5220102.275], [629625.6, 5220102.2], [629625.675, 5220101.975000001], [629625.875, 5220101.925], [629626.175, 5220101.625], [629626.4500000001, 5220101.525], [629626.4500000001, 5220101.325], [629626.5750000001, 5220101.225000001], [629626.8250000001, 5220101.325], [629626.8250000001, 5220100.925], [629627.175, 5220100.925], [629626.8250000001, 5220101.45], [629626.65, 5220101.4], [629626.475, 5220101.5], [629626.475, 5220101.600000001], [629626.625, 5220101.7], [629626.175, 5220102.3], [629626.0750000001, 5220102.15], [629625.9, 5220102.15], [629625.675, 5220102.375], [629625.75, 5220102.850000001], [629624.975, 5220103.875], [629624.9, 5220103.75], [629624.725, 5220103.825], [629624.8, 5220104.100000001], [629624.475, 5220104.5], [629624.375, 5220104.5]]]}}, {"type": "Feature", "properties": {"vineyard_id": "V01", "tile": "siret3_r021_c012.tif", "area_m2": 0.232}, "geometry": {"type": "Polygon", "coordinates": [[[629628.5750000001, 5220098.4], [629628.475, 5220098.325], [629628.725, 5220098.025], [629628.875, 5220098.05], [629629.3, 5220097.825], [629629.35, 5220097.9], [629629.225, 5220098.3], [629628.8250000001, 5220098.375], [629628.775, 5220098.225000001], [629628.65, 5220098.2], [629628.5750000001, 5220098.4]]]}}, {"type": "Feature", "properties": {"vineyard_id": "V01", "tile": "siret3_r021_c012.tif", "area_m2": 0.304}, "geometry": {"type": "Polygon", "coordinates": [[[629628.475, 5220099.275], [629628.3, 5220099.175], [629628.375, 5220099.100000001], [629628.35, 5220098.975000001], [629628.125, 5220098.975000001], [629628.05, 5220099.100000001], [629627.9500000001, 5220099.025], [629628.4500000001, 5220098.350000001], [629628.55, 5220098.4], [629628.425, 5220098.45], [629628.425, 5220098.575], [629628.625, 5220098.675], [629628.725, 5220098.975000001], [629628.475, 5220099.275]]]}}, {"type": "Feature", "properties": {"vineyard_id": "V01", "tile": "siret3_r021_c012.tif", "area_m2": 0.467}, "geometry": {"type": "Polygon", "coordinates": [[[629627.55, 5220100.5], [629627.475, 5220100.05], [629627.375, 5220099.975000001], [629627.35, 5220099.8], [629627.975, 5220099.05], [629628.05, 5220099.15], [629627.925, 5220099.25], [629627.925, 5220099.350000001], [629628.275, 5220099.45], [629628.3, 5220099.525], [629628.1, 5220099.775], [629627.8, 5220099.75], [629627.65, 5220099.95], [629627.65, 5220100.075], [629627.775, 5220100.2], [629627.55, 5220100.5]]]}}, {"type": "Feature", "properties": {"vineyard_id": "V01", "tile": "siret3_r021_c012.tif", "area_m2": 0.375}, "geometry": {"type": "Polygon", "coordinates": [[[629629.425, 5220097.475000001], [629629.125, 5220097.475000001], [629629.6, 5220096.95], [629629.6, 5220096.850000001], [629629.8250000001, 5220096.575], [629630.1, 5220096.600000001], [629630.525, 5220096.350000001], [629630.675, 5220096.4], [629630.275, 5220096.95], [629630.175, 5220096.7], [629629.9500000001, 5220096.75], [629629.675, 5220097.025], [629629.65, 5220097.2], [629629.425, 5220097.475000001]]]}}, {"type": "Feature", "properties": {"vineyard_id": "V01", "tile": "siret3_r021_c012.tif", "area_m2": 0.355}, "geometry": {"type": "Polygon", "coordinates": [[[629607.4, 5220121.825], [629607.3, 5220121.75], [629607.3, 5220121.625], [629607.375, 5220121.600000001], [629607.35, 5220121.375], [629607.6, 5220121.2], [629607.675, 5220120.9], [629607.8, 5220121.0], [629607.9500000001, 5220121.0], [629608.0750000001, 5220121.175], [629608.0750000001, 5220121.350000001], [629607.75, 5220121.65], [629607.5, 5220121.600000001], [629607.4, 5220121.825]]]}}, {"type": "Feature", "properties": {"vineyard_id": "V01", "tile": "siret3_r021_c012.tif", "area_m2": 0.375}, "geometry": {"type": "Polygon", "coordinates": [[[629606.75, 5220122.675], [629606.6, 5220122.625], [629606.5750000001, 5220122.4], [629606.775, 5220122.075], [629607.0750000001, 5220122.025], [629607.15, 5220121.775], [629607.375, 5220121.825], [629607.275, 5220121.875], [629607.3250000001, 5220122.325], [629607.2000000001, 5220122.5], [629607.0750000001, 5220122.625], [629606.925, 5220122.475000001], [629606.8250000001, 5220122.475000001], [629606.75, 5220122.675]]]}}, {"type": "Feature", "properties": {"vineyard_id": "V01", "tile": "siret3_r021_c012.tif", "area_m2": 0.211}, "geometry": {"type": "Polygon", "coordinates": [[[629608.225, 5220120.7], [629608.0750000001, 5220120.475000001], [629608.175, 5220120.325], [629608.5, 5220120.125], [629608.775, 5220120.275], [629608.7000000001, 5220120.475000001], [629608.5, 5220120.5], [629608.225, 5220120.7]]]}}, {"type": "Feature", "properties": {"vineyard_id": "V01", "tile": "siret3_r021_c012.tif", "area_m2": 0.219}, "geometry": {"type": "Polygon", "coordinates": [[[629609.85, 5220118.475000001], [629609.775, 5220118.2], [629609.875, 5220118.0], [629610.35, 5220118.0], [629610.525, 5220118.075], [629610.35, 5220118.325], [629610.1, 5220118.3], [629609.85, 5220118.475000001]]]}}, {"type": "Feature", "properties": {"vineyard_id": "V01", "tile": "siret3_r021_c012.tif", "area_m2": 0.324}, "geometry": {"type": "Polygon", "coordinates": [[[629611.9, 5220116.3], [629611.85, 5220116.05], [629611.9500000001, 5220115.725000001], [629611.7000000001, 5220115.65], [629611.9500000001, 5220115.4], [629612.3250000001, 5220115.325], [629612.375, 5220115.7], [629611.9, 5220116.3]]]}}, {"type": "Feature", "properties": {"vineyard_id": "V01", "tile": "siret3_r021_c012.tif", "area_m2": 0.566}, "geometry": {"type": "Polygon", "coordinates": [[[629610.425, 5220117.825], [629610.375, 5220117.725000001], [629610.6, 5220117.600000001], [629610.6, 5220117.425], [629610.8250000001, 5220117.350000001], [629610.8250000001, 5220117.100000001], [629610.925, 5220117.175], [629611.0750000001, 5220117.15], [629611.0750000001, 5220117.05], [629610.8, 5220116.825], [629611.0, 5220116.525], [629611.1, 5220116.425], [629611.3, 5220116.475000001], [629611.425, 5220116.625], [629611.55, 5220116.625], [629611.675, 5220116.4], [629611.9, 5220116.325], [629611.5750000001, 5220116.75], [629611.425, 5220116.775], [629611.425, 5220116.95], [629611.025, 5220117.475000001], [629610.775, 5220117.600000001], [629610.625, 5220117.575], [629610.6, 5220117.825], [629610.425, 5220117.825]]]}}, {"type": "Feature", "properties": {"vineyard_id": "V01", "tile": "siret3_r021_c012.tif", "area_m2": 1.375}, "geometry": {"type": "Polygon", "coordinates": [[[629614.475, 5220112.9], [629614.4500000001, 5220112.8], [629614.3, 5220112.875], [629614.175, 5220112.775], [629614.25, 5220112.275], [629614.475, 5220112.125], [629614.475, 5220112.025], [629614.65, 5220111.825], [629614.975, 5220111.8], [629614.9500000001, 5220111.625], [629614.775, 5220111.575], [629615.1, 5220111.475000001], [629615.0750000001, 5220111.225000001], [629615.175, 5220111.075], [629615.225, 5220111.05], [629615.3, 5220111.175], [629615.425, 5220111.15], [629615.375, 5220110.775], [629615.475, 5220110.65], [629615.5750000001, 5220110.65], [629615.75, 5220110.4], [629615.9500000001, 5220110.425], [629616.1, 5220110.575], [629616.125, 5220110.775], [629615.4, 5220111.725000001], [629615.25, 5220111.825], [629615.175, 5220112.025], [629615.0, 5220112.05], [629615.0, 5220112.25], [629614.475, 5220112.9]]]}}, {"type": "Feature", "properties": {"vineyard_id": "V01", "tile": "siret3_r021_c012.tif", "area_m2": 0.36}, "geometry": {"type": "Polygon", "coordinates": [[[629613.9, 5220113.600000001], [629613.875, 5220113.5], [629613.725, 5220113.5], [629613.5750000001, 5220113.425], [629613.5750000001, 5220113.350000001], [629613.75, 5220113.175], [629613.75, 5220112.925], [629613.875, 5220112.775], [629614.0, 5220112.9], [629614.175, 5220112.8], [629614.3250000001, 5220112.975000001], [629614.25, 5220113.225000001], [629613.975, 5220113.600000001], [629613.9, 5220113.600000001]]]}}, {"type": "Feature", "properties": {"vineyard_id": "V01", "tile": "siret3_r021_c012.tif", "area_m2": 1.095}, "geometry": {"type": "Polygon", "coordinates": [[[629616.5, 5220110.275], [629616.5, 5220110.100000001], [629616.225, 5220110.175], [629616.05, 5220110.05], [629615.925, 5220110.075], [629616.125, 5220110.0], [629616.125, 5220109.850000001], [629616.425, 5220109.4], [629617.375, 5220108.15], [629617.55, 5220108.100000001], [629617.625, 5220107.9], [629617.725, 5220107.825], [629617.85, 5220107.850000001], [629617.975, 5220107.7], [629618.375, 5220107.725000001], [629618.125, 5220108.125], [629617.9500000001, 5220108.05], [629617.275, 5220108.55], [629617.3, 5220108.850000001], [629617.375, 5220108.925], [629617.475, 5220108.925], [629617.525, 5220108.825], [629617.675, 5220108.725000001], [629617.425, 5220109.05], [629617.2000000001, 5220108.95], [629617.125, 5220109.025], [629617.125, 5220109.225000001], [629616.8250000001, 5220109.25], [629616.7000000001, 5220109.375], [629616.8, 5220109.600000001], [629616.625, 5220109.9], [629616.675, 5220110.05], [629616.5, 5220110.275]]]}}, {"type": "Feature", "properties": {"vineyard_id": "V01", "tile": "siret3_r021_c012.tif", "area_m2": 0.266}, "geometry": {"type": "Polygon", "coordinates": [[[629618.55, 5220106.9], [629618.4, 5220106.825], [629618.875, 5220106.2], [629618.9, 5220106.4], [629619.175, 5220106.625], [629619.175, 5220106.75], [629619.0750000001, 5220106.9], [629618.925, 5220106.8], [629618.55, 5220106.9]]]}}, {"type": "Feature", "properties": {"vineyard_id": "V01", "tile": "siret3_r021_c012.tif", "area_m2": 1.061}, "geometry": {"type": "Polygon", "coordinates": [[[629620.8, 5220103.825], [629620.8, 5220103.65], [629620.925, 5220103.600000001], [629620.925, 5220103.5], [629621.275, 5220103.025], [629621.4, 5220103.075], [629621.625, 5220103.0], [629621.625, 5220102.9], [629621.475, 5220102.850000001], [629621.475, 5220102.775], [629621.8250000001, 5220102.325], [629621.975, 5220102.3], [629622.0, 5220102.075], [629622.525, 5220101.4], [629622.6, 5220101.575], [629622.475, 5220101.775], [629622.475, 5220102.2], [629622.675, 5220102.175], [629622.0750000001, 5220102.8], [629621.875, 5220102.850000001], [629621.85, 5220103.0], [629621.975, 5220103.075], [629621.775, 5220103.15], [629621.8, 5220103.325], [629621.6, 5220103.575], [629621.5, 5220103.575], [629621.5, 5220103.425], [629621.0750000001, 5220103.45], [629621.025, 5220103.600000001], [629621.1, 5220103.725000001], [629620.8, 5220103.825]]]}}, {"type": "Feature", "properties": {"vineyard_id": "V01", "tile": "siret3_r021_c012.tif", "area_m2": 1.968}, "geometry": {"type": "Polygon", "coordinates": [[[629622.8, 5220101.425], [629622.775, 5220101.325], [629622.625, 5220101.275], [629622.9500000001, 5220100.825], [629623.175, 5220100.725000001], [629623.2000000001, 5220100.600000001], [629623.4, 5220100.5], [629623.475, 5220100.15], [629623.7000000001, 5220099.95], [629623.7000000001, 5220099.850000001], [629624.025, 5220099.425], [629624.175, 5220099.45], [629624.275, 5220099.2], [629624.4500000001, 5220099.3], [629624.5750000001, 5220099.275], [629624.6, 5220098.975000001], [629624.4500000001, 5220098.875], [629624.9500000001, 5220098.2], [629625.175, 5220098.3], [629625.275, 5220098.425], [629625.2000000001, 5220098.575], [629625.275, 5220098.75], [629625.15, 5220098.925], [629625.05, 5220098.95], [629624.975, 5220099.15], [629623.3, 5220101.350000001], [629622.8, 5220101.425]]]}}, {"type": "Feature", "properties": {"vineyard_id": "V01", "tile": "siret3_r021_c012.tif", "area_m2": 0.608}, "geometry": {"type": "Polygon", "coordinates": [[[629625.925, 5220097.8], [629625.975, 5220097.600000001], [629625.875, 5220097.525], [629625.5750000001, 5220097.625], [629625.475, 5220097.575], [629625.75, 5220097.15], [629625.9500000001, 5220097.0], [629626.225, 5220096.525], [629626.35, 5220096.5], [629626.4, 5220096.600000001], [629626.375, 5220096.725000001], [629626.275, 5220096.75], [629626.3, 5220096.875], [629626.4, 5220096.875], [629626.6, 5220096.675], [629626.725, 5220096.7], [629626.75, 5220096.8], [629626.4500000001, 5220097.2], [629626.125, 5220097.25], [629626.25, 5220097.475000001], [629626.025, 5220097.775], [629625.925, 5220097.8]]]}}, {"type": "Feature", "properties": {"vineyard_id": "V01", "tile": "siret3_r021_c012.tif", "area_m2": 0.2}, "geometry": {"type": "Polygon", "coordinates": [[[629626.925, 5220096.55], [629626.65, 5220096.45], [629626.7000000001, 5220096.350000001], [629626.9, 5220096.275], [629626.9, 5220096.175], [629626.6, 5220096.100000001], [629626.6, 5220096.025], [629627.35, 5220096.025], [629626.925, 5220096.55]]]}}, {"type": "Feature", "properties": {"vineyard_id": "V01", "tile": "siret3_r021_c012.tif", "area_m2": 2.544}, "geometry": {"type": "Polygon", "coordinates": [[[629606.525, 5220118.8], [629606.5, 5220118.7], [629606.4, 5220118.675], [629606.4, 5220118.025], [629606.6, 5220117.875], [629606.85, 5220118.15], [629607.0, 5220118.125], [629607.0, 5220118.025], [629606.7000000001, 5220117.675], [629607.1, 5220117.15], [629607.25, 5220117.175], [629607.5, 5220117.0], [629607.475, 5220116.825], [629608.0750000001, 5220116.525], [629608.0750000001, 5220116.350000001], [629608.5, 5220115.875], [629608.4, 5220115.625], [629608.475, 5220115.350000001], [629609.1, 5220114.55], [629609.3, 5220114.55], [629609.3, 5220114.425], [629609.2000000001, 5220114.4], [629609.375, 5220114.3], [629609.375, 5220114.175], [629609.8250000001, 5220113.575], [629609.875, 5220113.525], [629609.9500000001, 5220113.725000001], [629610.1, 5220113.75], [629609.975, 5220113.775], [629609.975, 5220113.925], [629610.0750000001, 5220113.95], [629610.0, 5220114.325], [629609.7000000001, 5220114.625], [629609.65, 5220114.5], [629609.525, 5220114.525], [629609.5750000001, 5220114.850000001], [629609.4500000001, 5220115.05], [629609.225, 5220115.225000001], [629609.2000000001, 5220115.375], [629608.5, 5220116.3], [629608.375, 5220116.325], [629608.3, 5220116.5], [629608.0750000001, 5220116.55], [629608.0750000001, 5220116.850000001], [629607.975, 5220116.975000001], [629607.775, 5220117.0], [629607.775, 5220117.25], [629607.675, 5220117.375], [629607.5, 5220117.425], [629607.5, 5220117.600000001], [629607.375, 5220117.775], [629607.05, 5220117.775], [629607.05, 5220118.2], [629606.775, 5220118.350000001], [629606.8250000001, 5220118.5], [629606.525, 5220118.8]]]}}, {"type": "Feature", "properties": {"vineyard_id": "V01", "tile": "siret3_r021_c012.tif", "area_m2": 2.936}, "geometry": {"type": "Polygon", "coordinates": [[[629611.275, 5220112.075], [629611.175, 5220112.0], [629611.175, 5220111.8], [629611.725, 5220111.075], [629612.125, 5220110.775], [629612.125, 5220110.55], [629612.525, 5220110.025], [629612.6, 5220110.100000001], [629612.725, 5220110.075], [629612.8, 5220109.675], [629613.0, 5220109.4], [629613.225, 5220109.175], [629613.4, 5220109.25], [629613.4500000001, 5220109.125], [629613.6, 5220109.100000001], [629613.6, 5220108.975000001], [629613.425, 5220108.850000001], [629613.925, 5220108.275], [629613.9500000001, 5220108.15], [629614.275, 5220107.9], [629614.3, 5220107.7], [629614.675, 5220107.2], [629614.85, 5220107.175], [629614.925, 5220107.325], [629614.925, 5220107.65], [629614.6, 5220107.825], [629614.5750000001, 5220107.975000001], [629614.65, 5220108.025], [629614.55, 5220108.175], [629614.55, 5220108.350000001], [629614.15, 5220108.7], [629614.125, 5220108.8], [629614.0, 5220108.825], [629613.975, 5220109.100000001], [629613.75, 5220109.4], [629613.55, 5220109.45], [629613.475, 5220109.75], [629612.875, 5220110.55], [629612.7000000001, 5220110.65], [629612.625, 5220110.875], [629612.425, 5220110.975000001], [629612.375, 5220111.2], [629612.0, 5220111.7], [629611.85, 5220111.7], [629611.875, 5220111.850000001], [629611.75, 5220112.025], [629611.275, 5220112.075]]]}}, {"type": "Feature", "properties": {"vineyard_id": "V01", "tile": "siret3_r021_c012.tif", "area_m2": 0.572}, "geometry": {"type": "Polygon", "coordinates": [[[629610.5, 5220113.55], [629610.525, 5220113.350000001], [629610.625, 5220113.275], [629610.525, 5220112.850000001], [629610.625, 5220112.525], [629610.9500000001, 5220112.100000001], [629611.175, 5220112.025], [629611.3, 5220112.2], [629611.275, 5220112.575], [629611.05, 5220112.75], [629610.9500000001, 5220113.075], [629610.775, 5220113.125], [629610.65, 5220113.475000001], [629610.5, 5220113.55]]]}}, {"type": "Feature", "properties": {"vineyard_id": "V01", "tile": "siret3_r021_c012.tif", "area_m2": 0.28}, "geometry": {"type": "Polygon", "coordinates": [[[629615.5, 5220107.100000001], [629615.225, 5220106.525], [629615.375, 5220106.475000001], [629615.475, 5220106.15], [629615.625, 5220106.025], [629615.7000000001, 5220106.175], [629615.5750000001, 5220106.3], [629615.5750000001, 5220106.425], [629615.725, 5220106.475000001], [629615.775, 5220106.725000001], [629615.5, 5220107.100000001]]]}}, {"type": "Feature", "properties": {"vineyard_id": "V01", "tile": "siret3_r021_c012.tif", "area_m2": 0.563}, "geometry": {"type": "Polygon", "coordinates": [[[629618.125, 5220103.525], [629618.0, 5220103.425], [629617.975, 5220103.075], [629618.0750000001, 5220103.0], [629618.125, 5220102.675], [629618.55, 5220102.175], [629618.775, 5220102.375], [629618.675, 5220102.425], [629618.775, 5220102.7], [629618.675, 5220102.75], [629618.6, 5220103.025], [629618.375, 5220103.325], [629618.2000000001, 5220103.4], [629618.125, 5220103.525]]]}}, {"type": "Feature", "properties": {"vineyard_id": "V01", "tile": "siret3_r021_c012.tif", "area_m2": 0.853}, "geometry": {"type": "Polygon", "coordinates": [[[629616.925, 5220105.075], [629616.8250000001, 5220104.975000001], [629616.875, 5220104.75], [629616.7000000001, 5220104.7], [629616.775, 5220104.45], [629617.4, 5220103.625], [629617.85, 5220103.600000001], [629617.975, 5220103.45], [629618.0750000001, 5220103.5], [629618.15, 5220103.600000001], [629617.85, 5220104.0], [629617.5750000001, 5220103.975000001], [629617.475, 5220104.05], [629617.475, 5220104.275], [629617.5750000001, 5220104.375], [629617.0750000001, 5220105.025], [629616.925, 5220105.075]]]}}, {"type": "Feature", "properties": {"vineyard_id": "V01", "tile": "siret3_r021_c012.tif", "area_m2": 1.882}, "geometry": {"type": "Polygon", "coordinates": [[[629619.0750000001, 5220102.2], [629618.9, 5220101.925], [629618.75, 5220101.850000001], [629619.525, 5220100.825], [629619.75, 5220100.675], [629619.775, 5220100.55], [629620.0750000001, 5220100.425], [629620.125, 5220100.15], [629620.275, 5220100.100000001], [629620.275, 5220099.975000001], [629620.4, 5220099.9], [629620.5750000001, 5220099.45], [629620.65, 5220099.375], [629620.925, 5220099.350000001], [629620.9500000001, 5220098.975000001], [629621.425, 5220098.350000001], [629621.5750000001, 5220098.625], [629621.55, 5220098.8], [629621.725, 5220098.925], [629621.55, 5220099.025], [629621.55, 5220099.15], [629621.4, 5220099.350000001], [629621.25, 5220099.375], [629621.225, 5220099.575], [629621.025, 5220099.825], [629620.7000000001, 5220099.825], [629620.6, 5220100.4], [629620.375, 5220100.675], [629620.175, 5220100.65], [629620.125, 5220100.775], [629619.9500000001, 5220100.8], [629619.9500000001, 5220101.25], [629619.8250000001, 5220101.225000001], [629619.525, 5220101.4], [629619.525, 5220101.5], [629619.425, 5220101.525], [629619.4500000001, 5220101.65], [629619.25, 5220101.8], [629619.25, 5220102.125], [629619.0750000001, 5220102.2]]]}}, {"type": "Feature", "properties": {"vineyard_id": "V01", "tile": "siret3_r021_c012.tif", "area_m2": 0.28}, "geometry": {"type": "Polygon", "coordinates": [[[629622.025, 5220098.425], [629621.85, 5220098.325], [629621.85, 5220098.05], [629622.05, 5220097.95], [629622.225, 5220097.55], [629622.55, 5220097.600000001], [629622.55, 5220097.775], [629622.3250000001, 5220097.925], [629622.225, 5220098.05], [629622.2000000001, 5220098.3], [629622.025, 5220098.425]]]}}, {"type": "Feature", "properties": {"vineyard_id": "V01", "tile": "siret3_r021_c012.tif", "area_m2": 0.735}, "geometry": {"type": "Polygon", "coordinates": [[[629622.75, 5220097.575], [629622.7000000001, 5220097.350000001], [629622.475, 5220097.325], [629622.475, 5220096.95], [629622.7000000001, 5220096.675], [629622.875, 5220096.7], [629622.9500000001, 5220096.55], [629623.2000000001, 5220096.5], [629623.225, 5220096.025], [629623.7000000001, 5220096.025], [629623.775, 5220096.225000001], [629623.525, 5220096.425], [629623.475, 5220096.625], [629623.225, 5220096.95], [629622.9500000001, 5220097.075], [629622.9500000001, 5220097.3], [629622.75, 5220097.575]]]}}, {"type": "Feature", "properties": {"vineyard_id": "V01", "tile": "siret3_r021_c012.tif", "area_m2": 0.555}, "geometry": {"type": "Polygon", "coordinates": [[[629606.4, 5220113.625], [629606.4, 5220113.45], [629606.55, 5220113.425], [629606.525, 5220113.25], [629606.625, 5220113.05], [629607.0750000001, 5220112.425], [629607.4500000001, 5220112.225000001], [629607.625, 5220112.275], [629607.475, 5220112.7], [629607.125, 5220112.850000001], [629607.025, 5220113.15], [629606.9, 5220113.075], [629606.75, 5220113.100000001], [629606.75, 5220113.2], [629606.875, 5220113.225000001], [629606.9500000001, 5220113.4], [629606.75, 5220113.5], [629606.725, 5220113.600000001], [629606.4, 5220113.625]]]}}, {"type": "Feature", "properties": {"vineyard_id": "V01", "tile": "siret3_r021_c012.tif", "area_m2": 0.309}, "geometry": {"type": "Polygon", "coordinates": [[[629607.875, 5220112.125], [629607.775, 5220112.0], [629607.8, 5220111.850000001], [629607.65, 5220111.7], [629607.925, 5220111.350000001], [629608.15, 5220111.325], [629608.25, 5220111.525], [629608.225, 5220111.825], [629608.0, 5220112.100000001], [629607.875, 5220112.125]]]}}, {"type": "Feature", "properties": {"vineyard_id": "V01", "tile": "siret3_r021_c012.tif", "area_m2": 0.672}, "geometry": {"type": "Polygon", "coordinates": [[[629609.05, 5220110.2], [629609.0750000001, 5220110.025], [629609.2000000001, 5220109.95], [629609.475, 5220109.95], [629609.5, 5220109.775], [629609.425, 5220109.675], [629609.3, 5220109.675], [629609.3, 5220109.575], [629609.375, 5220109.55], [629609.425, 5220109.65], [629609.6, 5220109.625], [629609.5750000001, 5220109.225000001], [629609.925, 5220109.175], [629609.9, 5220108.9], [629610.025, 5220108.75], [629610.225, 5220108.825], [629610.225, 5220109.350000001], [629609.4, 5220110.4], [629609.3250000001, 5220110.175], [629609.05, 5220110.2]]]}}, {"type": "Feature", "properties": {"vineyard_id": "V01", "tile": "siret3_r021_c012.tif", "area_m2": 0.405}, "geometry": {"type": "Polygon", "coordinates": [[[629610.5750000001, 5220108.825], [629610.35, 5220108.5], [629610.175, 5220108.45], [629610.525, 5220108.15], [629610.55, 5220107.975000001], [629610.675, 5220107.825], [629610.85, 5220108.025], [629611.15, 5220108.15], [629610.5750000001, 5220108.825]]]}}, {"type": "Feature", "properties": {"vineyard_id": "V01", "tile": "siret3_r021_c012.tif", "area_m2": 0.494}, "geometry": {"type": "Polygon", "coordinates": [[[629613.05, 5220105.275], [629612.925, 5220105.175], [629612.9500000001, 5220105.025], [629613.15, 5220104.7], [629613.275, 5220104.600000001], [629613.4500000001, 5220104.600000001], [629613.6, 5220104.425], [629613.525, 5220104.225000001], [629613.675, 5220103.95], [629613.775, 5220103.925], [629613.975, 5220104.125], [629614.05, 5220104.375], [629613.775, 5220104.55], [629613.525, 5220104.95], [629613.25, 5220105.0], [629613.05, 5220105.275]]]}}, {"type": "Feature", "properties": {"vineyard_id": "V01", "tile": "siret3_r021_c012.tif", "area_m2": 0.41}, "geometry": {"type": "Polygon", "coordinates": [[[629612.35, 5220106.350000001], [629612.3250000001, 5220106.05], [629612.2000000001, 5220106.0], [629612.175, 5220105.875], [629612.4, 5220105.75], [629612.425, 5220105.55], [629612.6, 5220105.350000001], [629612.875, 5220105.3], [629612.925, 5220105.2], [629613.025, 5220105.275], [629613.0, 5220105.45], [629612.8250000001, 5220105.525], [629612.8250000001, 5220105.7], [629612.925, 5220105.850000001], [629612.625, 5220105.925], [629612.6, 5220106.225000001], [629612.35, 5220106.350000001]]]}}, {"type": "Feature", "properties": {"vineyard_id": "V01", "tile": "siret3_r021_c012.tif", "area_m2": 0.407}, "geometry": {"type": "Polygon", "coordinates": [[[629614.275, 5220104.125], [629614.2000000001, 5220104.025], [629614.275, 5220103.8], [629614.15, 5220103.7], [629614.15, 5220103.475000001], [629614.0750000001, 5220103.45], [629614.2000000001, 5220103.425], [629614.175, 5220103.3], [629614.35, 5220103.100000001], [629614.525, 5220103.125], [629614.7000000001, 5220102.9], [629614.8, 5220102.975000001], [629614.85, 5220103.225000001], [629614.9500000001, 5220103.25], [629614.425, 5220103.65], [629614.425, 5220103.95], [629614.275, 5220104.125]]]}}, {"type": "Feature", "properties": {"vineyard_id": "V01", "tile": "siret3_r021_c012.tif", "area_m2": 0.461}, "geometry": {"type": "Polygon", "coordinates": [[[629615.125, 5220102.975000001], [629614.9, 5220102.825], [629614.85, 5220102.525], [629615.0, 5220102.4], [629615.0, 5220102.25], [629615.225, 5220101.975000001], [629615.475, 5220102.025], [629615.65, 5220102.375], [629615.125, 5220102.975000001]]]}}, {"type": "Feature", "properties": {"vineyard_id": "V01", "tile": "siret3_r021_c012.tif", "area_m2": 0.517}, "geometry": {"type": "Polygon", "coordinates": [[[629615.775, 5220102.125], [629615.675, 5220102.0], [629615.675, 5220101.825], [629615.875, 5220101.675], [629615.875, 5220101.425], [629615.7000000001, 5220101.350000001], [629615.8250000001, 5220101.325], [629615.9500000001, 5220101.125], [629615.975, 5220101.325], [629616.15, 5220101.350000001], [629616.15, 5220101.15], [629616.0, 5220101.100000001], [629616.0750000001, 5220100.875], [629616.175, 5220100.825], [629616.2000000001, 5220100.925], [629616.3250000001, 5220100.925], [629616.5, 5220100.825], [629616.75, 5220100.925], [629616.275, 5220101.575], [629616.025, 5220101.675], [629616.05, 5220101.850000001], [629615.775, 5220102.125]]]}}, {"type": "Feature", "properties": {"vineyard_id": "V01", "tile": "siret3_r021_c012.tif", "area_m2": 0.275}, "geometry": {"type": "Polygon", "coordinates": [[[629618.1, 5220099.225000001], [629617.8, 5220098.65], [629618.25, 5220098.275], [629618.375, 5220098.675], [629618.1, 5220099.225000001]]]}}, {"type": "Feature", "properties": {"vineyard_id": "V01", "tile": "siret3_r021_c012.tif", "area_m2": 0.6}, "geometry": {"type": "Polygon", "coordinates": [[[629618.625, 5220098.325], [629618.4500000001, 5220098.225000001], [629618.5, 5220097.75], [629618.8250000001, 5220097.325], [629618.975, 5220097.350000001], [629619.1, 5220097.25], [629619.375, 5220097.325], [629619.4, 5220097.525], [629619.3, 5220097.575], [629619.25, 5220097.75], [629618.8250000001, 5220098.275], [629618.625, 5220098.325]]]}}, {"type": "Feature", "properties": {"vineyard_id": "V01", "tile": "siret3_r021_c012.tif", "area_m2": 0.685}, "geometry": {"type": "Polygon", "coordinates": [[[629619.475, 5220097.25], [629619.475, 5220097.125], [629619.3, 5220097.075], [629619.25, 5220096.95], [629619.4500000001, 5220096.875], [629619.35, 5220096.65], [629619.625, 5220096.3], [629619.8250000001, 5220096.25], [629619.8, 5220096.025], [629620.5, 5220096.025], [629620.475, 5220096.175], [629620.125, 5220096.475000001], [629620.125, 5220096.625], [629619.8250000001, 5220096.9], [629619.7000000001, 5220097.175], [629619.475, 5220097.25]]]}}, {"type": "Feature", "properties": {"vineyard_id": "V01", "tile": "siret3_r021_c012.tif", "area_m2": 1.423}, "geometry": {"type": "Polygon", "coordinates": [[[629606.6, 5220109.5], [629606.6, 5220109.075], [629606.9, 5220108.75], [629606.875, 5220108.625], [629606.65, 5220108.55], [629606.9500000001, 5220108.15], [629607.1, 5220108.100000001], [629607.175, 5220107.850000001], [629607.375, 5220107.8], [629607.3250000001, 5220107.65], [629607.625, 5220107.25], [629607.85, 5220107.225000001], [629607.85, 5220106.95], [629608.1, 5220106.65], [629608.125, 5220106.775], [629608.375, 5220106.95], [629608.125, 5220107.575], [629607.85, 5220107.825], [629607.8250000001, 5220107.975000001], [629606.7000000001, 5220109.475000001], [629606.6, 5220109.5]]]}}, {"type": "Feature", "properties": {"vineyard_id": "V01", "tile": "siret3_r021_c012.tif", "area_m2": 1.207}, "geometry": {"type": "Polygon", "coordinates": [[[629608.975, 5220106.100000001], [629608.8250000001, 5220106.05], [629608.7000000001, 5220105.825], [629608.8250000001, 5220105.7], [629609.15, 5220105.625], [629609.3, 5220105.475000001], [629609.25, 5220105.225000001], [629609.675, 5220105.0], [629609.75, 5220104.575], [629610.1, 5220104.425], [629610.375, 5220104.05], [629610.375, 5220103.875], [629610.275, 5220103.825], [629610.3, 5220103.7], [629610.6, 5220103.3], [629610.775, 5220103.25], [629610.925, 5220102.975000001], [629611.025, 5220102.95], [629611.05, 5220103.175], [629610.925, 5220103.275], [629610.8, 5220104.025], [629610.6, 5220104.2], [629610.5750000001, 5220104.325], [629610.225, 5220104.600000001], [629610.0750000001, 5220104.9], [629609.75, 5220105.2], [629609.625, 5220105.475000001], [629609.525, 5220105.5], [629609.525, 5220105.600000001], [629609.25, 5220105.75], [629609.15, 5220105.975000001], [629608.975, 5220106.100000001]]]}}, {"type": "Feature", "properties": {"vineyard_id": "V01", "tile": "siret3_r021_c012.tif", "area_m2": 0.527}, "geometry": {"type": "Polygon", "coordinates": [[[629611.525, 5220103.025], [629611.05, 5220102.7], [629611.475, 5220102.15], [629611.85, 5220102.2], [629611.875, 5220101.975000001], [629612.05, 5220101.925], [629612.125, 5220102.025], [629612.0750000001, 5220102.325], [629611.9500000001, 5220102.5], [629611.725, 5220102.5], [629611.725, 5220102.8], [629611.525, 5220103.025]]]}}, {"type": "Feature", "properties": {"vineyard_id": "V01", "tile": "siret3_r021_c012.tif", "area_m2": 0.289}, "geometry": {"type": "Polygon", "coordinates": [[[629612.525, 5220101.7], [629612.225, 5220101.55], [629612.175, 5220101.375], [629612.2000000001, 5220101.175], [629612.55, 5220100.725000001], [629612.65, 5220100.9], [629612.875, 5220100.95], [629612.525, 5220101.25], [629612.475, 5220101.575], [629612.625, 5220101.600000001], [629612.525, 5220101.7]]]}}, {"type": "Feature", "properties": {"vineyard_id": "V01", "tile": "siret3_r021_c012.tif", "area_m2": 1.346}, "geometry": {"type": "Polygon", "coordinates": [[[629613.05, 5220100.600000001], [629612.975, 5220100.525], [629612.975, 5220100.15], [629613.6, 5220099.325], [629613.8, 5220099.325], [629613.975, 5220099.175], [629613.975, 5220099.05], [629614.375, 5220098.975000001], [629614.425, 5220098.350000001], [629614.525, 5220098.175], [629614.725, 5220098.175], [629614.725, 5220097.850000001], [629614.8, 5220097.850000001], [629614.8250000001, 5220097.725000001], [629615.0, 5220097.600000001], [629615.3, 5220097.65], [629615.425, 5220097.45], [629615.525, 5220097.475000001], [629615.6, 5220097.65], [629615.4500000001, 5220097.850000001], [629615.0, 5220097.9], [629615.125, 5220098.275], [629615.05, 5220098.375], [629614.725, 5220098.475000001], [629614.725, 5220098.600000001], [629614.6, 5220098.65], [629614.525, 5220098.825], [629614.5750000001, 5220099.0], [629614.0, 5220099.775], [629613.925, 5220099.850000001], [629613.8, 5220099.825], [629613.775, 5220099.5], [629613.475, 5220099.625], [629613.475, 5220099.75], [629613.725, 5220099.850000001], [629613.725, 5220099.925], [629613.675, 5220100.0], [629613.375, 5220100.025], [629613.275, 5220100.5], [629613.425, 5220100.5], [629613.4, 5220100.575], [629613.05, 5220100.600000001]]]}}, {"type": "Feature", "properties": {"vineyard_id": "V01", "tile": "siret3_r021_c012.tif", "area_m2": 0.617}, "geometry": {"type": "Polygon", "coordinates": [[[629615.75, 5220097.2], [629615.55, 5220097.075], [629615.425, 5220097.075], [629615.375, 5220097.175], [629615.275, 5220097.100000001], [629615.85, 5220096.325], [629616.0750000001, 5220096.225000001], [629616.0750000001, 5220096.125], [629616.375, 5220096.25], [629616.375, 5220096.025], [629616.725, 5220096.025], [629616.675, 5220096.2], [629616.4, 5220096.225000001], [629616.25, 5220096.4], [629616.275, 5220096.575], [629615.975, 5220097.15], [629615.75, 5220097.2]]]}}, {"type": "Feature", "properties": {"vineyard_id": "V01", "tile": "siret3_r021_c012.tif", "area_m2": 0.326}, "geometry": {"type": "Polygon", "coordinates": [[[629606.675, 5220105.125], [629606.5750000001, 5220104.925], [629606.4, 5220104.850000001], [629606.4, 5220104.65], [629606.625, 5220104.575], [629606.625, 5220104.275], [629607.025, 5220104.25], [629606.975, 5220104.7], [629606.8250000001, 5220105.0], [629606.675, 5220105.125]]]}}, {"type": "Feature", "properties": {"vineyard_id": "V01", "tile": "siret3_r021_c012.tif", "area_m2": 1.042}, "geometry": {"type": "Polygon", "coordinates": [[[629607.475, 5220103.975000001], [629607.225, 5220103.75], [629607.225, 5220103.625], [629607.5, 5220103.275], [629607.725, 5220103.225000001], [629607.725, 5220103.075], [629607.625, 5220102.95], [629608.0, 5220102.475000001], [629608.125, 5220102.45], [629608.275, 5220102.575], [629608.425, 5220102.55], [629608.4, 5220102.15], [629608.65, 5220102.125], [629608.725, 5220102.025], [629608.725, 5220101.875], [629608.525, 5220101.775], [629608.65, 5220101.600000001], [629608.9, 5220101.525], [629608.925, 5220101.8], [629609.0750000001, 5220101.925], [629609.05, 5220102.025], [629608.875, 5220102.125], [629608.8250000001, 5220102.325], [629608.625, 5220102.575], [629608.4500000001, 5220102.600000001], [629608.4, 5220102.875], [629608.2000000001, 5220103.0], [629608.0750000001, 5220103.325], [629607.875, 5220103.475000001], [629607.675, 5220103.475000001], [629607.6, 5220103.9], [629607.475, 5220103.975000001]]]}}, {"type": "Feature", "properties": {"vineyard_id": "V01", "tile": "siret3_r021_c012.tif", "area_m2": 0.858}, "geometry": {"type": "Polygon", "coordinates": [[[629609.3250000001, 5220101.600000001], [629609.175, 5220101.4], [629608.9, 5220101.25], [629609.525, 5220100.525], [629609.525, 5220100.425], [629609.675, 5220100.4], [629609.8250000001, 5220100.0], [629610.025, 5220099.850000001], [629610.375, 5220100.25], [629610.1, 5220100.525], [629609.8250000001, 5220100.600000001], [629609.9, 5220100.875], [629609.3250000001, 5220101.600000001]]]}}, {"type": "Feature", "properties": {"vineyard_id": "V01", "tile": "siret3_r021_c012.tif", "area_m2": 0.395}, "geometry": {"type": "Polygon", "coordinates": [[[629610.9500000001, 5220099.45], [629610.5750000001, 5220099.100000001], [629610.9500000001, 5220098.5], [629611.3250000001, 5220098.75], [629611.275, 5220099.05], [629610.9500000001, 5220099.45]]]}}, {"type": "Feature", "properties": {"vineyard_id": "V01", "tile": "siret3_r021_c012.tif", "area_m2": 0.438}, "geometry": {"type": "Polygon", "coordinates": [[[629611.725, 5220098.25], [629611.65, 5220098.100000001], [629611.475, 5220098.05], [629611.525, 5220097.725000001], [629611.75, 5220097.45], [629612.125, 5220097.375], [629612.35, 5220097.575], [629612.225, 5220097.65], [629612.175, 5220097.850000001], [629611.875, 5220098.175], [629611.725, 5220098.25]]]}}, {"type": "Feature", "properties": {"vineyard_id": "V01", "tile": "siret3_r021_c012.tif", "area_m2": 1.261}, "geometry": {"type": "Polygon", "coordinates": [[[629606.4, 5220101.2], [629606.4, 5220100.25], [629607.125, 5220099.475000001], [629607.625, 5220098.725000001], [629607.8, 5220098.825], [629608.025, 5220098.825], [629607.875, 5220099.025], [629607.925, 5220099.25], [629607.625, 5220099.7], [629607.225, 5220100.2], [629607.15, 5220100.125], [629606.9500000001, 5220100.15], [629606.9500000001, 5220100.575], [629606.4, 5220101.2]]]}}, {"type": "Feature", "properties": {"vineyard_id": "V01", "tile": "siret3_r021_c012.tif", "area_m2": 0.707}, "geometry": {"type": "Polygon", "coordinates": [[[629609.125, 5220097.275], [629609.05, 5220097.2], [629609.125, 5220096.850000001], [629609.35, 5220096.850000001], [629609.35, 5220096.725000001], [629609.225, 5220096.65], [629609.55, 5220096.375], [629609.675, 5220096.025], [629610.3250000001, 5220096.025], [629610.3, 5220096.125], [629610.1, 5220096.25], [629610.125, 5220096.45], [629609.625, 5220097.0], [629609.525, 5220097.225000001], [629609.125, 5220097.275]]]}}, {"type": "Feature", "properties": {"vineyard_id": "V01", "tile": "siret3_r021_c012.tif", "area_m2": 0.623}, "geometry": {"type": "Polygon", "coordinates": [[[629608.35, 5220098.600000001], [629608.25, 5220098.375], [629608.025, 5220098.2], [629608.35, 5220097.775], [629608.4500000001, 5220097.75], [629608.775, 5220097.25], [629609.05, 5220097.225000001], [629609.15, 5220097.375], [629608.925, 5220097.425], [629608.875, 5220097.600000001], [629609.1, 5220097.625], [629609.125, 5220097.75], [629608.8, 5220098.15], [629608.675, 5220098.15], [629608.475, 5220098.3], [629608.35, 5220098.600000001]]]}}], "crs": {"type": "name", "properties": {"name": "urn:ogc:def:crs:EPSG::32635"}}}