{"type": "FeatureCollection", "crs": {"type": "name", "properties": {"name": "urn:ogc:def:crs:EPSG::32635"}}, "features": [{"type": "Feature", "geometry": {"type": "Point", "coordinates": [629242.23, 5220943.03]}, "properties": {"type": "gap", "gap_m": 5.1, "vineyard_id": "V02", "row_id": "V02-R05", "reachable": true, "id": "T0001", "x": 629242.23, "y": 5220943.03, "order": null, "visited": false}}, {"type": "Feature", "geometry": {"type": "Point", "coordinates": [629238.54, 5220945.38]}, "properties": {"type": "gap", "gap_m": 3.3, "vineyard_id": "V02", "row_id": "V02-R06", "reachable": true, "id": "T0002", "x": 629238.54, "y": 5220945.38, "order": null, "visited": false}}, {"type": "Feature", "geometry": {"type": "Point", "coordinates": [629236.14, 5220939.06]}, "properties": {"type": "gap", "gap_m": 3.3, "vineyard_id": "V02", "row_id": "V02-R08", "reachable": true, "id": "T0003", "x": 629236.14, "y": 5220939.06, "order": null, "visited": false}}, {"type": "Feature", "geometry": {"type": "Point", "coordinates": [629240.73, 5220927.82]}, "properties": {"type": "gap", "gap_m": 3.3, "vineyard_id": "V02", "row_id": "V02-R08", "reachable": true, "id": "T0004", "x": 629240.73, "y": 5220927.82, "order": null, "visited": false}}, {"type": "Feature", "geometry": {"type": "Point", "coordinates": [629241.29, 5220913.4]}, "properties": {"type": "gap", "gap_m": 3.9, "vineyard_id": "V02", "row_id": "V02-R10", "reachable": true, "id": "T0005", "x": 629241.29, "y": 5220913.4, "order": null, "visited": false}}, {"type": "Feature", "geometry": {"type": "Point", "coordinates": [629227.89, 5220937.8]}, "properties": {"type": "gap", "gap_m": 3.3, "vineyard_id": "V02", "row_id": "V02-R11", "reachable": true, "id": "T0006", "x": 629227.89, "y": 5220937.8, "order": null, "visited": false}}, {"type": "Feature", "geometry": {"type": "Point", "coordinates": [629231.69, 5220922.51]}, "properties": {"type": "gap", "gap_m": 3.7, "vineyard_id": "V02", "row_id": "V02-R12", "reachable": true, "id": "T0007", "x": 629231.69, "y": 5220922.51, "order": null, "visited": false}}, {"type": "Feature", "geometry": {"type": "Point", "coordinates": [629226.75, 5220927.82]}, "properties": {"type": "gap", "gap_m": 5.6, "vineyard_id": "V02", "row_id": "V02-R14", "reachable": true, "id": "T0008", "x": 629226.75, "y": 5220927.82, "order": null, "visited": false}}, {"type": "Feature", "geometry": {"type": "Point", "coordinates": [629231.66, 5220916.23]}, "properties": {"type": "gap", "gap_m": 3.2, "vineyard_id": "V02", "row_id": "V02-R14", "reachable": true, "id": "T0009", "x": 629231.66, "y": 5220916.23, "order": null, "visited": false}}, {"type": "Feature", "geometry": {"type": "Point", "coordinates": [629236.92, 5220903.74]}, "properties": {"type": "gap", "gap_m": 6.2, "vineyard_id": "V02", "row_id": "V02-R14", "reachable": true, "id": "T0010", "x": 629236.92, "y": 5220903.74, "order": null, "visited": false}}, {"type": "Feature", "geometry": {"type": "Point", "coordinates": [629239.34, 5220897.94]}, "properties": {"type": "gap", "gap_m": 4.3, "vineyard_id": "V02", "row_id": "V02-R14", "reachable": true, "id": "T0011", "x": 629239.34, "y": 5220897.94, "order": null, "visited": false}}, {"type": "Feature", "geometry": {"type": "Point", "coordinates": [629276.92, 5220806.0]}, "properties": {"type": "gap", "gap_m": 3.5, "vineyard_id": "V02", "row_id": "V02-R15", "reachable": true, "id": "T0012", "x": 629276.92, "y": 5220806.0, "order": null, "visited": false}}, {"type": "Feature", "geometry": {"type": "Point", "coordinates": [629224.0, 5220927.68]}, "properties": {"type": "gap", "gap_m": 6.5, "vineyard_id": "V02", "row_id": "V02-R16", "reachable": true, "id": "T0013", "x": 629224.0, "y": 5220927.68, "order": null, "visited": false}}, {"type": "Feature", "geometry": {"type": "Point", "coordinates": [629226.79, 5220921.16]}, "properties": {"type": "gap", "gap_m": 4.6, "vineyard_id": "V02", "row_id": "V02-R16", "reachable": true, "id": "T0014", "x": 629226.79, "y": 5220921.16, "order": null, "visited": false}}, {"type": "Feature", "geometry": {"type": "Point", "coordinates": [629230.07, 5220913.02]}, "properties": {"type": "gap", "gap_m": 11.8, "vineyard_id": "V02", "row_id": "V02-R16", "reachable": true, "id": "T0015", "x": 629230.07, "y": 5220913.02, "order": null, "visited": false}}, {"type": "Feature", "geometry": {"type": "Point", "coordinates": [629228.37, 5220910.63]}, "properties": {"type": "gap", "gap_m": 4.7, "vineyard_id": "V02", "row_id": "V02-R18", "reachable": true, "id": "T0018", "x": 629228.37, "y": 5220910.63, "order": null, "visited": false}}, {"type": "Feature", "geometry": {"type": "Point", "coordinates": [629234.94, 5220894.98]}, "properties": {"type": "gap", "gap_m": 9.2, "vineyard_id": "V02", "row_id": "V02-R18", "reachable": true, "id": "T0019", "x": 629234.94, "y": 5220894.98, "order": null, "visited": false}}, {"type": "Feature", "geometry": {"type": "Point", "coordinates": [629239.43, 5220884.3]}, "properties": {"type": "gap", "gap_m": 4.3, "vineyard_id": "V02", "row_id": "V02-R18", "reachable": true, "id": "T0020", "x": 629239.43, "y": 5220884.3, "order": null, "visited": false}}, {"type": "Feature", "geometry": {"type": "Point", "coordinates": [629244.67, 5220871.82]}, "properties": {"type": "gap", "gap_m": 7.1, "vineyard_id": "V02", "row_id": "V02-R18", "reachable": true, "id": "T0021", "x": 629244.67, "y": 5220871.82, "order": null, "visited": false}}, {"type": "Feature", "geometry": {"type": "Point", "coordinates": [629224.63, 5220913.13]}, "properties": {"type": "gap", "gap_m": 7.5, "vineyard_id": "V02", "row_id": "V02-R19", "reachable": true, "id": "T0024", "x": 629224.63, "y": 5220913.13, "order": null, "visited": false}}, {"type": "Feature", "geometry": {"type": "Point", "coordinates": [629228.97, 5220902.85]}, "properties": {"type": "gap", "gap_m": 12.9, "vineyard_id": "V02", "row_id": "V02-R19", "reachable": true, "id": "T0025", "x": 629228.97, "y": 5220902.85, "order": null, "visited": false}}, {"type": "Feature", "geometry": {"type": "Point", "coordinates": [629234.22, 5220890.39]}, "properties": {"type": "gap", "gap_m": 4.7, "vineyard_id": "V02", "row_id": "V02-R19", "reachable": true, "id": "T0026", "x": 629234.22, "y": 5220890.39, "order": null, "visited": false}}, {"type": "Feature", "geometry": {"type": "Point", "coordinates": [629235.94, 5220886.33]}, "properties": {"type": "gap", "gap_m": 3.0, "vineyard_id": "V02", "row_id": "V02-R19", "reachable": true, "id": "T0027", "x": 629235.94, "y": 5220886.33, "order": null, "visited": false}}, {"type": "Feature", "geometry": {"type": "Point", "coordinates": [629241.44, 5220873.3]}, "properties": {"type": "gap", "gap_m": 12.9, "vineyard_id": "V02", "row_id": "V02-R19", "reachable": true, "id": "T0028", "x": 629241.44, "y": 5220873.3, "order": null, "visited": false}}, {"type": "Feature", "geometry": {"type": "Point", "coordinates": [629270.8, 5220800.89]}, "properties": {"type": "gap", "gap_m": 3.1, "vineyard_id": "V02", "row_id": "V02-R19", "reachable": true, "id": "T0030", "x": 629270.8, "y": 5220800.89, "order": null, "visited": false}}, {"type": "Feature", "geometry": {"type": "Point", "coordinates": [629225.15, 5220905.64]}, "properties": {"type": "gap", "gap_m": 5.5, "vineyard_id": "V02", "row_id": "V02-R20", "reachable": true, "id": "T0031", "x": 629225.15, "y": 5220905.64, "order": null, "visited": false}}, {"type": "Feature", "geometry": {"type": "Point", "coordinates": [629234.34, 5220876.67]}, "properties": {"type": "gap", "gap_m": 3.1, "vineyard_id": "V02", "row_id": "V02-R21", "reachable": true, "id": "T0033", "x": 629234.34, "y": 5220876.67, "order": null, "visited": false}}, {"type": "Feature", "geometry": {"type": "Point", "coordinates": [629240.69, 5220861.69]}, "properties": {"type": "gap", "gap_m": 4.2, "vineyard_id": "V02", "row_id": "V02-R21", "reachable": true, "id": "T0034", "x": 629240.69, "y": 5220861.69, "order": null, "visited": false}}, {"type": "Feature", "geometry": {"type": "Point", "coordinates": [629275.97, 5220775.27]}, "properties": {"type": "gap", "gap_m": 3.5, "vineyard_id": "V02", "row_id": "V02-R21", "reachable": true, "id": "T0036", "x": 629275.97, "y": 5220775.27, "order": null, "visited": false}}, {"type": "Feature", "geometry": {"type": "Point", "coordinates": [629213.06, 5220920.81]}, "properties": {"type": "gap", "gap_m": 5.3, "vineyard_id": "V02", "row_id": "V02-R22", "reachable": true, "id": "T0037", "x": 629213.06, "y": 5220920.81, "order": null, "visited": false}}, {"type": "Feature", "geometry": {"type": "Point", "coordinates": [629208.86, 5220924.29]}, "properties": {"type": "gap", "gap_m": 3.6, "vineyard_id": "V02", "row_id": "V02-R23", "reachable": true, "id": "T0039", "x": 629208.86, "y": 5220924.29, "order": null, "visited": false}}, {"type": "Feature", "geometry": {"type": "Point", "coordinates": [629230.28, 5220873.33]}, "properties": {"type": "gap", "gap_m": 3.1, "vineyard_id": "V02", "row_id": "V02-R23", "reachable": true, "id": "T0040", "x": 629230.28, "y": 5220873.33, "order": null, "visited": false}}, {"type": "Feature", "geometry": {"type": "Point", "coordinates": [629232.45, 5220868.17]}, "properties": {"type": "gap", "gap_m": 3.6, "vineyard_id": "V02", "row_id": "V02-R23", "reachable": true, "id": "T0041", "x": 629232.45, "y": 5220868.17, "order": null, "visited": false}}, {"type": "Feature", "geometry": {"type": "Point", "coordinates": [629265.38, 5220788.21]}, "properties": {"type": "gap", "gap_m": 4.3, "vineyard_id": "V02", "row_id": "V02-R23", "reachable": true, "id": "T0043", "x": 629265.38, "y": 5220788.21, "order": null, "visited": false}}, {"type": "Feature", "geometry": {"type": "Point", "coordinates": [629207.2, 5220921.64]}, "properties": {"type": "gap", "gap_m": 5.3, "vineyard_id": "V02", "row_id": "V02-R24", "reachable": true, "id": "T0044", "x": 629207.2, "y": 5220921.64, "order": null, "visited": false}}, {"type": "Feature", "geometry": {"type": "Point", "coordinates": [629262.74, 5220787.78]}, "properties": {"type": "gap", "gap_m": 6.0, "vineyard_id": "V02", "row_id": "V02-R24", "reachable": true, "id": "T0046", "x": 629262.74, "y": 5220787.78, "order": null, "visited": false}}, {"type": "Feature", "geometry": {"type": "Point", "coordinates": [629218.71, 5220887.59]}, "properties": {"type": "gap", "gap_m": 3.3, "vineyard_id": "V02", "row_id": "V02-R25", "reachable": true, "id": "T0047", "x": 629218.71, "y": 5220887.59, "order": null, "visited": false}}, {"type": "Feature", "geometry": {"type": "Point", "coordinates": [629225.77, 5220870.98]}, "properties": {"type": "gap", "gap_m": 4.0, "vineyard_id": "V02", "row_id": "V02-R25", "reachable": true, "id": "T0048", "x": 629225.77, "y": 5220870.98, "order": null, "visited": false}}, {"type": "Feature", "geometry": {"type": "Point", "coordinates": [629248.89, 5220815.11]}, "properties": {"type": "gap", "gap_m": 4.9, "vineyard_id": "V02", "row_id": "V02-R25", "reachable": true, "id": "T0049", "x": 629248.89, "y": 5220815.11, "order": null, "visited": false}}, {"type": "Feature", "geometry": {"type": "Point", "coordinates": [629255.84, 5220797.66]}, "properties": {"type": "gap", "gap_m": 3.8, "vineyard_id": "V02", "row_id": "V02-R25", "reachable": true, "id": "T0050", "x": 629255.84, "y": 5220797.66, "order": null, "visited": false}}, {"type": "Feature", "geometry": {"type": "Point", "coordinates": [629257.87, 5220792.66]}, "properties": {"type": "gap", "gap_m": 3.7, "vineyard_id": "V02", "row_id": "V02-R25", "reachable": true, "id": "T0051", "x": 629257.87, "y": 5220792.66, "order": null, "visited": false}}, {"type": "Feature", "geometry": {"type": "Point", "coordinates": [629212.79, 5220869.07]}, "properties": {"type": "gap", "gap_m": 3.2, "vineyard_id": "V02", "row_id": "V02-R32", "reachable": true, "id": "T0052", "x": 629212.79, "y": 5220869.07, "order": null, "visited": false}}, {"type": "Feature", "geometry": {"type": "Point", "coordinates": [629193.58, 5220908.29]}, "properties": {"type": "gap", "gap_m": 3.3, "vineyard_id": "V02", "row_id": "V02-R33", "reachable": true, "id": "T0053", "x": 629193.58, "y": 5220908.29, "order": null, "visited": false}}, {"type": "Feature", "geometry": {"type": "Point", "coordinates": [629211.04, 5220867.23]}, "properties": {"type": "gap", "gap_m": 3.3, "vineyard_id": "V02", "row_id": "V02-R33", "reachable": true, "id": "T0054", "x": 629211.04, "y": 5220867.23, "order": null, "visited": true}}, {"type": "Feature", "geometry": {"type": "Point", "coordinates": [629214.88, 5220857.81]}, "properties": {"type": "gap", "gap_m": 4.9, "vineyard_id": "V02", "row_id": "V02-R33", "reachable": true, "id": "T0055", "x": 629214.88, "y": 5220857.81, "order": null, "visited": true}}, {"type": "Feature", "geometry": {"type": "Point", "coordinates": [629222.05, 5220840.28]}, "properties": {"type": "gap", "gap_m": 4.1, "vineyard_id": "V02", "row_id": "V02-R33", "reachable": true, "id": "T0056", "x": 629222.05, "y": 5220840.28, "order": null, "visited": true}}, {"type": "Feature", "geometry": {"type": "Point", "coordinates": [629226.27, 5220830.0]}, "properties": {"type": "gap", "gap_m": 4.3, "vineyard_id": "V02", "row_id": "V02-R33", "reachable": true, "id": "T0057", "x": 629226.27, "y": 5220830.0, "order": 402, "visited": true}}, {"type": "Feature", "geometry": {"type": "Point", "coordinates": [629229.8, 5220821.36]}, "properties": {"type": "gap", "gap_m": 5.9, "vineyard_id": "V02", "row_id": "V02-R33", "reachable": true, "id": "T0058", "x": 629229.8, "y": 5220821.36, "order": null, "visited": true}}, {"type": "Feature", "geometry": {"type": "Point", "coordinates": [629238.44, 5220800.24]}, "properties": {"type": "gap", "gap_m": 4.9, "vineyard_id": "V02", "row_id": "V02-R33", "reachable": true, "id": "T0059", "x": 629238.44, "y": 5220800.24, "order": null, "visited": true}}, {"type": "Feature", "geometry": {"type": "Point", "coordinates": [629240.72, 5220794.61]}, "properties": {"type": "gap", "gap_m": 5.4, "vineyard_id": "V02", "row_id": "V02-R33", "reachable": true, "id": "T0060", "x": 629240.72, "y": 5220794.61, "order": null, "visited": true}}, {"type": "Feature", "geometry": {"type": "Point", "coordinates": [629245.67, 5220782.39]}, "properties": {"type": "gap", "gap_m": 3.7, "vineyard_id": "V02", "row_id": "V02-R33", "reachable": true, "id": "T0061", "x": 629245.67, "y": 5220782.39, "order": null, "visited": true}}, {"type": "Feature", "geometry": {"type": "Point", "coordinates": [629250.04, 5220772.15]}, "properties": {"type": "gap", "gap_m": 3.9, "vineyard_id": "V02", "row_id": "V02-R33", "reachable": true, "id": "T0062", "x": 629250.04, "y": 5220772.15, "order": null, "visited": true}}, {"type": "Feature", "geometry": {"type": "Point", "coordinates": [629192.95, 5220903.94]}, "properties": {"type": "gap", "gap_m": 6.0, "vineyard_id": "V02", "row_id": "V02-R34", "reachable": true, "id": "T0063", "x": 629192.95, "y": 5220903.94, "order": 398, "visited": true}}, {"type": "Feature", "geometry": {"type": "Point", "coordinates": [629196.18, 5220896.5]}, "properties": {"type": "gap", "gap_m": 8.5, "vineyard_id": "V02", "row_id": "V02-R34", "reachable": true, "id": "T0064", "x": 629196.18, "y": 5220896.5, "order": 396, "visited": true}}, {"type": "Feature", "geometry": {"type": "Point", "coordinates": [629211.96, 5220858.24]}, "properties": {"type": "gap", "gap_m": 7.2, "vineyard_id": "V02", "row_id": "V02-R34", "reachable": true, "id": "T0065", "x": 629211.96, "y": 5220858.24, "order": 401, "visited": true}}, {"type": "Feature", "geometry": {"type": "Point", "coordinates": [629190.13, 5220903.58]}, "properties": {"type": "gap", "gap_m": 5.3, "vineyard_id": "V02", "row_id": "V02-R35", "reachable": true, "id": "T0066", "x": 629190.13, "y": 5220903.58, "order": 397, "visited": true}}, {"type": "Feature", "geometry": {"type": "Point", "coordinates": [629198.68, 5220883.18]}, "properties": {"type": "gap", "gap_m": 4.9, "vineyard_id": "V02", "row_id": "V02-R35", "reachable": true, "id": "T0067", "x": 629198.68, "y": 5220883.18, "order": 399, "visited": true}}, {"type": "Feature", "geometry": {"type": "Point", "coordinates": [629205.63, 5220866.46]}, "properties": {"type": "gap", "gap_m": 8.4, "vineyard_id": "V02", "row_id": "V02-R35", "reachable": true, "id": "T0068", "x": 629205.63, "y": 5220866.46, "order": null, "visited": true}}, {"type": "Feature", "geometry": {"type": "Point", "coordinates": [629208.24, 5220860.6]}, "properties": {"type": "gap", "gap_m": 3.0, "vineyard_id": "V02", "row_id": "V02-R35", "reachable": true, "id": "T0069", "x": 629208.24, "y": 5220860.6, "order": 400, "visited": true}}, {"type": "Feature", "geometry": {"type": "Point", "coordinates": [629217.85, 5220837.1]}, "properties": {"type": "gap", "gap_m": 4.0, "vineyard_id": "V02", "row_id": "V02-R35", "reachable": true, "id": "T0070", "x": 629217.85, "y": 5220837.1, "order": null, "visited": false}}, {"type": "Feature", "geometry": {"type": "Point", "coordinates": [629234.41, 5220796.49]}, "properties": {"type": "gap", "gap_m": 4.3, "vineyard_id": "V02", "row_id": "V02-R35", "reachable": true, "id": "T0071", "x": 629234.41, "y": 5220796.49, "order": null, "visited": false}}, {"type": "Feature", "geometry": {"type": "Point", "coordinates": [629236.08, 5220792.42]}, "properties": {"type": "gap", "gap_m": 3.0, "vineyard_id": "V02", "row_id": "V02-R35", "reachable": true, "id": "T0072", "x": 629236.08, "y": 5220792.42, "order": null, "visited": false}}, {"type": "Feature", "geometry": {"type": "Point", "coordinates": [629214.3, 5220839.2]}, "properties": {"type": "gap", "gap_m": 4.6, "vineyard_id": "V02", "row_id": "V02-R36", "reachable": true, "id": "T0073", "x": 629214.3, "y": 5220839.2, "order": null, "visited": false}}, {"type": "Feature", "geometry": {"type": "Point", "coordinates": [629232.91, 5220793.63]}, "properties": {"type": "gap", "gap_m": 4.9, "vineyard_id": "V02", "row_id": "V02-R36", "reachable": true, "id": "T0074", "x": 629232.91, "y": 5220793.63, "order": null, "visited": false}}, {"type": "Feature", "geometry": {"type": "Point", "coordinates": [629243.76, 5220753.44]}, "properties": {"type": "gap", "gap_m": 5.1, "vineyard_id": "V02", "row_id": "V02-R38", "reachable": true, "id": "T0075", "x": 629243.76, "y": 5220753.44, "order": null, "visited": false}}, {"type": "Feature", "geometry": {"type": "Point", "coordinates": [629216.22, 5220807.48]}, "properties": {"type": "gap", "gap_m": 3.2, "vineyard_id": "V02", "row_id": "V02-R41", "reachable": true, "id": "T0076", "x": 629216.22, "y": 5220807.48, "order": null, "visited": false}}, {"type": "Feature", "geometry": {"type": "Point", "coordinates": [629226.13, 5220783.01]}, "properties": {"type": "gap", "gap_m": 3.5, "vineyard_id": "V02", "row_id": "V02-R41", "reachable": true, "id": "T0077", "x": 629226.13, "y": 5220783.01, "order": null, "visited": true}}, {"type": "Feature", "geometry": {"type": "Point", "coordinates": [629229.99, 5220773.49]}, "properties": {"type": "gap", "gap_m": 3.9, "vineyard_id": "V02", "row_id": "V02-R41", "reachable": true, "id": "T0078", "x": 629229.99, "y": 5220773.49, "order": null, "visited": true}}, {"type": "Feature", "geometry": {"type": "Point", "coordinates": [629215.59, 5220802.33]}, "properties": {"type": "gap", "gap_m": 3.7, "vineyard_id": "V02", "row_id": "V02-R42", "reachable": true, "id": "T0079", "x": 629215.59, "y": 5220802.33, "order": 403, "visited": true}}, {"type": "Feature", "geometry": {"type": "Point", "coordinates": [629176.59, 5220890.05]}, "properties": {"type": "gap", "gap_m": 3.1, "vineyard_id": "V02", "row_id": "V02-R43", "reachable": true, "id": "T0080", "x": 629176.59, "y": 5220890.05, "order": null, "visited": false}}, {"type": "Feature", "geometry": {"type": "Point", "coordinates": [629178.07, 5220886.52]}, "properties": {"type": "gap", "gap_m": 3.5, "vineyard_id": "V02", "row_id": "V02-R43", "reachable": true, "id": "T0081", "x": 629178.07, "y": 5220886.52, "order": null, "visited": false}}, {"type": "Feature", "geometry": {"type": "Point", "coordinates": [629187.36, 5220864.36]}, "properties": {"type": "gap", "gap_m": 4.5, "vineyard_id": "V02", "row_id": "V02-R43", "reachable": true, "id": "T0082", "x": 629187.36, "y": 5220864.36, "order": null, "visited": false}}, {"type": "Feature", "geometry": {"type": "Point", "coordinates": [629206.32, 5220818.28]}, "properties": {"type": "gap", "gap_m": 4.2, "vineyard_id": "V02", "row_id": "V02-R43", "reachable": true, "id": "T0083", "x": 629206.32, "y": 5220818.28, "order": 391, "visited": true}}, {"type": "Feature", "geometry": {"type": "Point", "coordinates": [629221.28, 5220781.73]}, "properties": {"type": "gap", "gap_m": 5.5, "vineyard_id": "V02", "row_id": "V02-R43", "reachable": true, "id": "T0084", "x": 629221.28, "y": 5220781.73, "order": null, "visited": false}}, {"type": "Feature", "geometry": {"type": "Point", "coordinates": [629191.3, 5220848.23]}, "properties": {"type": "gap", "gap_m": 6.4, "vineyard_id": "V02", "row_id": "V02-R44", "reachable": true, "id": "T0085", "x": 629191.3, "y": 5220848.23, "order": 389, "visited": true}}, {"type": "Feature", "geometry": {"type": "Point", "coordinates": [629194.4, 5220840.76]}, "properties": {"type": "gap", "gap_m": 5.7, "vineyard_id": "V02", "row_id": "V02-R44", "reachable": true, "id": "T0086", "x": 629194.4, "y": 5220840.76, "order": 390, "visited": true}}, {"type": "Feature", "geometry": {"type": "Point", "coordinates": [629211.8, 5220798.24]}, "properties": {"type": "gap", "gap_m": 3.6, "vineyard_id": "V02", "row_id": "V02-R44", "reachable": true, "id": "T0087", "x": 629211.8, "y": 5220798.24, "order": 393, "visited": true}}, {"type": "Feature", "geometry": {"type": "Point", "coordinates": [629228.91, 5220755.98]}, "properties": {"type": "gap", "gap_m": 4.2, "vineyard_id": "V02", "row_id": "V02-R44", "reachable": true, "id": "T0088", "x": 629228.91, "y": 5220755.98, "order": 394, "visited": true}}, {"type": "Feature", "geometry": {"type": "Point", "coordinates": [629234.8, 5220741.32]}, "properties": {"type": "gap", "gap_m": 12.4, "vineyard_id": "V02", "row_id": "V02-R44", "reachable": true, "id": "T0089", "x": 629234.8, "y": 5220741.32, "order": 395, "visited": true}}, {"type": "Feature", "geometry": {"type": "Point", "coordinates": [629192.24, 5220839.49]}, "properties": {"type": "gap", "gap_m": 6.5, "vineyard_id": "V02", "row_id": "V02-R45", "reachable": true, "id": "T0090", "x": 629192.24, "y": 5220839.49, "order": 392, "visited": true}}, {"type": "Feature", "geometry": {"type": "Point", "coordinates": [629219.83, 5220771.81]}, "properties": {"type": "gap", "gap_m": 6.4, "vineyard_id": "V02", "row_id": "V02-R45", "reachable": true, "id": "T0091", "x": 629219.83, "y": 5220771.81, "order": 385, "visited": true}}, {"type": "Feature", "geometry": {"type": "Point", "coordinates": [629231.82, 5220742.04]}, "properties": {"type": "gap", "gap_m": 10.2, "vineyard_id": "V02", "row_id": "V02-R45", "reachable": true, "id": "T0092", "x": 629231.82, "y": 5220742.04, "order": 383, "visited": true}}, {"type": "Feature", "geometry": {"type": "Point", "coordinates": [629189.7, 5220838.79]}, "properties": {"type": "gap", "gap_m": 4.4, "vineyard_id": "V02", "row_id": "V02-R46", "reachable": true, "id": "T0093", "x": 629189.7, "y": 5220838.79, "order": null, "visited": true}}, {"type": "Feature", "geometry": {"type": "Point", "coordinates": [629192.7, 5220831.69]}, "properties": {"type": "gap", "gap_m": 7.3, "vineyard_id": "V02", "row_id": "V02-R46", "reachable": true, "id": "T0094", "x": 629192.7, "y": 5220831.69, "order": 388, "visited": true}}, {"type": "Feature", "geometry": {"type": "Point", "coordinates": [629197.88, 5220819.21]}, "properties": {"type": "gap", "gap_m": 4.3, "vineyard_id": "V02", "row_id": "V02-R46", "reachable": true, "id": "T0095", "x": 629197.88, "y": 5220819.21, "order": 408, "visited": true}}, {"type": "Feature", "geometry": {"type": "Point", "coordinates": [629200.82, 5220811.58]}, "properties": {"type": "gap", "gap_m": 3.1, "vineyard_id": "V02", "row_id": "V02-R46", "reachable": true, "id": "T0096", "x": 629200.82, "y": 5220811.58, "order": 407, "visited": true}}, {"type": "Feature", "geometry": {"type": "Point", "coordinates": [629206.78, 5220796.87]}, "properties": {"type": "gap", "gap_m": 4.5, "vineyard_id": "V02", "row_id": "V02-R46", "reachable": true, "id": "T0097", "x": 629206.78, "y": 5220796.87, "order": 406, "visited": true}}, {"type": "Feature", "geometry": {"type": "Point", "coordinates": [629209.14, 5220791.06]}, "properties": {"type": "gap", "gap_m": 4.8, "vineyard_id": "V02", "row_id": "V02-R46", "reachable": true, "id": "T0098", "x": 629209.14, "y": 5220791.06, "order": 387, "visited": true}}, {"type": "Feature", "geometry": {"type": "Point", "coordinates": [629213.13, 5220781.23]}, "properties": {"type": "gap", "gap_m": 4.1, "vineyard_id": "V02", "row_id": "V02-R46", "reachable": true, "id": "T0099", "x": 629213.13, "y": 5220781.23, "order": 386, "visited": true}}, {"type": "Feature", "geometry": {"type": "Point", "coordinates": [629219.46, 5220765.61]}, "properties": {"type": "gap", "gap_m": 3.3, "vineyard_id": "V02", "row_id": "V02-R46", "reachable": true, "id": "T0100", "x": 629219.46, "y": 5220765.61, "order": 384, "visited": true}}, {"type": "Feature", "geometry": {"type": "Point", "coordinates": [629224.42, 5220753.52]}, "properties": {"type": "gap", "gap_m": 3.1, "vineyard_id": "V02", "row_id": "V02-R46", "reachable": true, "id": "T0101", "x": 629224.42, "y": 5220753.52, "order": 405, "visited": true}}, {"type": "Feature", "geometry": {"type": "Point", "coordinates": [629231.61, 5220735.8]}, "properties": {"type": "gap", "gap_m": 6.0, "vineyard_id": "V02", "row_id": "V02-R46", "reachable": true, "id": "T0102", "x": 629231.61, "y": 5220735.8, "order": 382, "visited": true}}, {"type": "Feature", "geometry": {"type": "Point", "coordinates": [629190.9, 5220829.07]}, "properties": {"type": "gap", "gap_m": 3.2, "vineyard_id": "V02", "row_id": "V02-R47", "reachable": true, "id": "T0103", "x": 629190.9, "y": 5220829.07, "order": 379, "visited": true}}, {"type": "Feature", "geometry": {"type": "Point", "coordinates": [629223.03, 5220750.58]}, "properties": {"type": "gap", "gap_m": 3.9, "vineyard_id": "V02", "row_id": "V02-R47", "reachable": true, "id": "T0104", "x": 629223.03, "y": 5220750.58, "order": 404, "visited": true}}, {"type": "Feature", "geometry": {"type": "Point", "coordinates": [629195.79, 5220810.71]}, "properties": {"type": "gap", "gap_m": 6.6, "vineyard_id": "V02", "row_id": "V02-R49", "reachable": true, "id": "T0105", "x": 629195.79, "y": 5220810.71, "order": 380, "visited": true}}, {"type": "Feature", "geometry": {"type": "Point", "coordinates": [629216.75, 5220759.36]}, "properties": {"type": "gap", "gap_m": 5.3, "vineyard_id": "V02", "row_id": "V02-R49", "reachable": true, "id": "T0106", "x": 629216.75, "y": 5220759.36, "order": 381, "visited": true}}, {"type": "Feature", "geometry": {"type": "Point", "coordinates": [629161.08, 5220887.06]}, "properties": {"type": "gap", "gap_m": 6.9, "vineyard_id": "V02", "row_id": "V02-R50", "reachable": true, "id": "T0107", "x": 629161.08, "y": 5220887.06, "order": 377, "visited": true}}, {"type": "Feature", "geometry": {"type": "Point", "coordinates": [629166.85, 5220873.48]}, "properties": {"type": "gap", "gap_m": 6.9, "vineyard_id": "V02", "row_id": "V02-R50", "reachable": true, "id": "T0108", "x": 629166.85, "y": 5220873.48, "order": 376, "visited": true}}, {"type": "Feature", "geometry": {"type": "Point", "coordinates": [629174.47, 5220855.51]}, "properties": {"type": "gap", "gap_m": 3.9, "vineyard_id": "V02", "row_id": "V02-R50", "reachable": true, "id": "T0109", "x": 629174.47, "y": 5220855.51, "order": 378, "visited": true}}, {"type": "Feature", "geometry": {"type": "Point", "coordinates": [629160.78, 5220880.74]}, "properties": {"type": "gap", "gap_m": 5.2, "vineyard_id": "V02", "row_id": "V02-R51", "reachable": true, "id": "T0110", "x": 629160.78, "y": 5220880.74, "order": 374, "visited": true}}, {"type": "Feature", "geometry": {"type": "Point", "coordinates": [629168.18, 5220863.08]}, "properties": {"type": "gap", "gap_m": 8.0, "vineyard_id": "V02", "row_id": "V02-R51", "reachable": true, "id": "T0111", "x": 629168.18, "y": 5220863.08, "order": 375, "visited": true}}, {"type": "Feature", "geometry": {"type": "Point", "coordinates": [629174.72, 5220847.81]}, "properties": {"type": "gap", "gap_m": 3.2, "vineyard_id": "V02", "row_id": "V02-R51", "reachable": true, "id": "T0112", "x": 629174.72, "y": 5220847.81, "order": 413, "visited": true}}, {"type": "Feature", "geometry": {"type": "Point", "coordinates": [629177.16, 5220841.98]}, "properties": {"type": "gap", "gap_m": 4.0, "vineyard_id": "V02", "row_id": "V02-R51", "reachable": true, "id": "T0113", "x": 629177.16, "y": 5220841.98, "order": 412, "visited": true}}, {"type": "Feature", "geometry": {"type": "Point", "coordinates": [629185.91, 5220821.12]}, "properties": {"type": "gap", "gap_m": 3.3, "vineyard_id": "V02", "row_id": "V02-R51", "reachable": true, "id": "T0114", "x": 629185.91, "y": 5220821.12, "order": 414, "visited": true}}, {"type": "Feature", "geometry": {"type": "Point", "coordinates": [629191.32, 5220807.43]}, "properties": {"type": "gap", "gap_m": 3.1, "vineyard_id": "V02", "row_id": "V02-R51", "reachable": true, "id": "T0115", "x": 629191.32, "y": 5220807.43, "order": 411, "visited": true}}, {"type": "Feature", "geometry": {"type": "Point", "coordinates": [629194.38, 5220800.01]}, "properties": {"type": "gap", "gap_m": 4.8, "vineyard_id": "V02", "row_id": "V02-R51", "reachable": true, "id": "T0116", "x": 629194.38, "y": 5220800.01, "order": 415, "visited": true}}, {"type": "Feature", "geometry": {"type": "Point", "coordinates": [629201.16, 5220783.69]}, "properties": {"type": "gap", "gap_m": 3.4, "vineyard_id": "V02", "row_id": "V02-R51", "reachable": true, "id": "T0117", "x": 629201.16, "y": 5220783.69, "order": 410, "visited": true}}, {"type": "Feature", "geometry": {"type": "Point", "coordinates": [629203.93, 5220777.06]}, "properties": {"type": "gap", "gap_m": 5.7, "vineyard_id": "V02", "row_id": "V02-R51", "reachable": true, "id": "T0118", "x": 629203.93, "y": 5220777.06, "order": 416, "visited": true}}, {"type": "Feature", "geometry": {"type": "Point", "coordinates": [629214.18, 5220752.31]}, "properties": {"type": "gap", "gap_m": 6.6, "vineyard_id": "V02", "row_id": "V02-R51", "reachable": true, "id": "T0119", "x": 629214.18, "y": 5220752.31, "order": 409, "visited": true}}, {"type": "Feature", "geometry": {"type": "Point", "coordinates": [629204.27, 5220769.61]}, "properties": {"type": "gap", "gap_m": 3.2, "vineyard_id": "V02", "row_id": "V02-R52", "reachable": true, "id": "T0120", "x": 629204.27, "y": 5220769.61, "order": 372, "visited": true}}, {"type": "Feature", "geometry": {"type": "Point", "coordinates": [629211.02, 5220753.25]}, "properties": {"type": "gap", "gap_m": 5.1, "vineyard_id": "V02", "row_id": "V02-R52", "reachable": true, "id": "T0121", "x": 629211.02, "y": 5220753.25, "order": 370, "visited": true}}, {"type": "Feature", "geometry": {"type": "Point", "coordinates": [629170.94, 5220843.91]}, "properties": {"type": "gap", "gap_m": 3.2, "vineyard_id": "V02", "row_id": "V02-R53", "reachable": true, "id": "T0122", "x": 629170.94, "y": 5220843.91, "order": null, "visited": true}}, {"type": "Feature", "geometry": {"type": "Point", "coordinates": [629186.9, 5220804.97]}, "properties": {"type": "gap", "gap_m": 4.1, "vineyard_id": "V02", "row_id": "V02-R53", "reachable": true, "id": "T0123", "x": 629186.9, "y": 5220804.97, "order": 373, "visited": true}}, {"type": "Feature", "geometry": {"type": "Point", "coordinates": [629206.67, 5220757.23]}, "properties": {"type": "gap", "gap_m": 4.2, "vineyard_id": "V02", "row_id": "V02-R53", "reachable": true, "id": "T0124", "x": 629206.67, "y": 5220757.23, "order": 371, "visited": true}}, {"type": "Feature", "geometry": {"type": "Point", "coordinates": [629210.4, 5220748.02]}, "properties": {"type": "gap", "gap_m": 3.6, "vineyard_id": "V02", "row_id": "V02-R53", "reachable": true, "id": "T0125", "x": 629210.4, "y": 5220748.02, "order": null, "visited": true}}, {"type": "Feature", "geometry": {"type": "Point", "coordinates": [629213.28, 5220740.89]}, "properties": {"type": "gap", "gap_m": 4.0, "vineyard_id": "V02", "row_id": "V02-R53", "reachable": true, "id": "T0126", "x": 629213.28, "y": 5220740.89, "order": 369, "visited": true}}, {"type": "Feature", "geometry": {"type": "Point", "coordinates": [629216.08, 5220733.97]}, "properties": {"type": "gap", "gap_m": 3.1, "vineyard_id": "V02", "row_id": "V02-R53", "reachable": true, "id": "T0127", "x": 629216.08, "y": 5220733.97, "order": 368, "visited": true}}, {"type": "Feature", "geometry": {"type": "Point", "coordinates": [629156.42, 5220871.78]}, "properties": {"type": "gap", "gap_m": 6.6, "vineyard_id": "V02", "row_id": "V02-R54", "reachable": true, "id": "T0128", "x": 629156.42, "y": 5220871.78, "order": 430, "visited": true}}, {"type": "Feature", "geometry": {"type": "Point", "coordinates": [629160.29, 5220862.85]}, "properties": {"type": "gap", "gap_m": 5.2, "vineyard_id": "V02", "row_id": "V02-R54", "reachable": true, "id": "T0129", "x": 629160.29, "y": 5220862.85, "order": 429, "visited": true}}, {"type": "Feature", "geometry": {"type": "Point", "coordinates": [629165.55, 5220850.16]}, "properties": {"type": "gap", "gap_m": 3.2, "vineyard_id": "V02", "row_id": "V02-R54", "reachable": true, "id": "T0130", "x": 629165.55, "y": 5220850.16, "order": 428, "visited": true}}, {"type": "Feature", "geometry": {"type": "Point", "coordinates": [629169.35, 5220840.99]}, "properties": {"type": "gap", "gap_m": 9.6, "vineyard_id": "V02", "row_id": "V02-R54", "reachable": true, "id": "T0131", "x": 629169.35, "y": 5220840.99, "order": 427, "visited": true}}, {"type": "Feature", "geometry": {"type": "Point", "coordinates": [629177.82, 5220820.55]}, "properties": {"type": "gap", "gap_m": 3.7, "vineyard_id": "V02", "row_id": "V02-R54", "reachable": true, "id": "T0132", "x": 629177.82, "y": 5220820.55, "order": 426, "visited": true}}, {"type": "Feature", "geometry": {"type": "Point", "coordinates": [629181.84, 5220810.56]}, "properties": {"type": "gap", "gap_m": 3.5, "vineyard_id": "V02", "row_id": "V02-R54", "reachable": true, "id": "T0133", "x": 629181.84, "y": 5220810.56, "order": 425, "visited": true}}, {"type": "Feature", "geometry": {"type": "Point", "coordinates": [629187.22, 5220797.75]}, "properties": {"type": "gap", "gap_m": 4.9, "vineyard_id": "V02", "row_id": "V02-R54", "reachable": true, "id": "T0134", "x": 629187.22, "y": 5220797.75, "order": 424, "visited": true}}, {"type": "Feature", "geometry": {"type": "Point", "coordinates": [629193.4, 5220783.05]}, "properties": {"type": "gap", "gap_m": 4.2, "vineyard_id": "V02", "row_id": "V02-R54", "reachable": true, "id": "T0135", "x": 629193.4, "y": 5220783.05, "order": 422, "visited": true}}, {"type": "Feature", "geometry": {"type": "Point", "coordinates": [629196.28, 5220776.19]}, "properties": {"type": "gap", "gap_m": 5.5, "vineyard_id": "V02", "row_id": "V02-R54", "reachable": true, "id": "T0136", "x": 629196.28, "y": 5220776.19, "order": 421, "visited": true}}, {"type": "Feature", "geometry": {"type": "Point", "coordinates": [629200.76, 5220764.77]}, "properties": {"type": "gap", "gap_m": 4.3, "vineyard_id": "V02", "row_id": "V02-R54", "reachable": true, "id": "T0137", "x": 629200.76, "y": 5220764.77, "order": 420, "visited": true}}, {"type": "Feature", "geometry": {"type": "Point", "coordinates": [629208.4, 5220746.04]}, "properties": {"type": "gap", "gap_m": 3.5, "vineyard_id": "V02", "row_id": "V02-R54", "reachable": true, "id": "T0138", "x": 629208.4, "y": 5220746.04, "order": 417, "visited": true}}, {"type": "Feature", "geometry": {"type": "Point", "coordinates": [629150.31, 5220879.61]}, "properties": {"type": "gap", "gap_m": 4.2, "vineyard_id": "V02", "row_id": "V02-R55", "reachable": true, "id": "T0139", "x": 629150.31, "y": 5220879.61, "order": 431, "visited": true}}, {"type": "Feature", "geometry": {"type": "Point", "coordinates": [629177.31, 5220814.81]}, "properties": {"type": "gap", "gap_m": 5.7, "vineyard_id": "V02", "row_id": "V02-R55", "reachable": true, "id": "T0140", "x": 629177.31, "y": 5220814.81, "order": 432, "visited": true}}, {"type": "Feature", "geometry": {"type": "Point", "coordinates": [629183.85, 5220799.24]}, "properties": {"type": "gap", "gap_m": 5.5, "vineyard_id": "V02", "row_id": "V02-R55", "reachable": true, "id": "T0141", "x": 629183.85, "y": 5220799.24, "order": 433, "visited": true}}, {"type": "Feature", "geometry": {"type": "Point", "coordinates": [629190.79, 5220782.43]}, "properties": {"type": "gap", "gap_m": 4.2, "vineyard_id": "V02", "row_id": "V02-R55", "reachable": true, "id": "T0142", "x": 629190.79, "y": 5220782.43, "order": 423, "visited": true}}, {"type": "Feature", "geometry": {"type": "Point", "coordinates": [629193.96, 5220774.77]}, "properties": {"type": "gap", "gap_m": 5.8, "vineyard_id": "V02", "row_id": "V02-R55", "reachable": true, "id": "T0143", "x": 629193.96, "y": 5220774.77, "order": null, "visited": true}}, {"type": "Feature", "geometry": {"type": "Point", "coordinates": [629198.82, 5220762.87]}, "properties": {"type": "gap", "gap_m": 5.6, "vineyard_id": "V02", "row_id": "V02-R55", "reachable": true, "id": "T0144", "x": 629198.82, "y": 5220762.87, "order": 419, "visited": true}}, {"type": "Feature", "geometry": {"type": "Point", "coordinates": [629202.79, 5220752.93]}, "properties": {"type": "gap", "gap_m": 3.1, "vineyard_id": "V02", "row_id": "V02-R55", "reachable": true, "id": "T0145", "x": 629202.79, "y": 5220752.93, "order": 418, "visited": true}}, {"type": "Feature", "geometry": {"type": "Point", "coordinates": [629160.92, 5220848.26]}, "properties": {"type": "gap", "gap_m": 16.1, "vineyard_id": "V02", "row_id": "V02-R56", "reachable": true, "id": "T0146", "x": 629160.92, "y": 5220848.26, "order": 365, "visited": true}}, {"type": "Feature", "geometry": {"type": "Point", "coordinates": [629145.65, 5220877.74]}, "properties": {"type": "gap", "gap_m": 3.4, "vineyard_id": "V02", "row_id": "V02-R57", "reachable": true, "id": "T0147", "x": 629145.65, "y": 5220877.74, "order": 362, "visited": true}}, {"type": "Feature", "geometry": {"type": "Point", "coordinates": [629148.78, 5220870.6]}, "properties": {"type": "gap", "gap_m": 11.2, "vineyard_id": "V02", "row_id": "V02-R57", "reachable": true, "id": "T0148", "x": 629148.78, "y": 5220870.6, "order": 363, "visited": true}}, {"type": "Feature", "geometry": {"type": "Point", "coordinates": [629152.51, 5220861.5]}, "properties": {"type": "gap", "gap_m": 7.4, "vineyard_id": "V02", "row_id": "V02-R57", "reachable": true, "id": "T0149", "x": 629152.51, "y": 5220861.5, "order": 364, "visited": true}}, {"type": "Feature", "geometry": {"type": "Point", "coordinates": [629161.8, 5220839.32]}, "properties": {"type": "gap", "gap_m": 3.5, "vineyard_id": "V02", "row_id": "V02-R57", "reachable": true, "id": "T0150", "x": 629161.8, "y": 5220839.32, "order": 361, "visited": true}}, {"type": "Feature", "geometry": {"type": "Point", "coordinates": [629168.04, 5220824.41]}, "properties": {"type": "gap", "gap_m": 3.7, "vineyard_id": "V02", "row_id": "V02-R57", "reachable": true, "id": "T0151", "x": 629168.04, "y": 5220824.41, "order": 366, "visited": true}}, {"type": "Feature", "geometry": {"type": "Point", "coordinates": [629204.0, 5220736.23]}, "properties": {"type": "gap", "gap_m": 3.5, "vineyard_id": "V02", "row_id": "V02-R57", "reachable": true, "id": "T0152", "x": 629204.0, "y": 5220736.23, "order": null, "visited": true}}, {"type": "Feature", "geometry": {"type": "Point", "coordinates": [629163.93, 5220827.82]}, "properties": {"type": "gap", "gap_m": 5.6, "vineyard_id": "V02", "row_id": "V02-R58", "reachable": true, "id": "T0154", "x": 629163.93, "y": 5220827.82, "order": 360, "visited": true}}, {"type": "Feature", "geometry": {"type": "Point", "coordinates": [629197.15, 5220746.52]}, "properties": {"type": "gap", "gap_m": 5.1, "vineyard_id": "V02", "row_id": "V02-R58", "reachable": true, "id": "T0155", "x": 629197.15, "y": 5220746.52, "order": 367, "visited": true}}, {"type": "Feature", "geometry": {"type": "Point", "coordinates": [629145.37, 5220865.22]}, "properties": {"type": "gap", "gap_m": 4.6, "vineyard_id": "V02", "row_id": "V02-R59", "reachable": true, "id": "T0157", "x": 629145.37, "y": 5220865.22, "order": null, "visited": false}}, {"type": "Feature", "geometry": {"type": "Point", "coordinates": [629157.92, 5220835.85]}, "properties": {"type": "gap", "gap_m": 3.1, "vineyard_id": "V02", "row_id": "V02-R59", "reachable": true, "id": "T0158", "x": 629157.92, "y": 5220835.85, "order": 355, "visited": true}}, {"type": "Feature", "geometry": {"type": "Point", "coordinates": [629163.34, 5220822.85]}, "properties": {"type": "gap", "gap_m": 4.6, "vineyard_id": "V02", "row_id": "V02-R59", "reachable": true, "id": "T0159", "x": 629163.34, "y": 5220822.85, "order": 359, "visited": true}}, {"type": "Feature", "geometry": {"type": "Point", "coordinates": [629165.48, 5220817.73]}, "properties": {"type": "gap", "gap_m": 4.9, "vineyard_id": "V02", "row_id": "V02-R59", "reachable": true, "id": "T0160", "x": 629165.48, "y": 5220817.73, "order": 356, "visited": true}}, {"type": "Feature", "geometry": {"type": "Point", "coordinates": [629180.55, 5220780.81]}, "properties": {"type": "gap", "gap_m": 4.1, "vineyard_id": "V02", "row_id": "V02-R59", "reachable": true, "id": "T0161", "x": 629180.55, "y": 5220780.81, "order": 358, "visited": true}}, {"type": "Feature", "geometry": {"type": "Point", "coordinates": [629187.73, 5220763.24]}, "properties": {"type": "gap", "gap_m": 3.9, "vineyard_id": "V02", "row_id": "V02-R59", "reachable": true, "id": "T0162", "x": 629187.73, "y": 5220763.24, "order": null, "visited": true}}, {"type": "Feature", "geometry": {"type": "Point", "coordinates": [629191.52, 5220753.71]}, "properties": {"type": "gap", "gap_m": 3.2, "vineyard_id": "V02", "row_id": "V02-R59", "reachable": true, "id": "T0163", "x": 629191.52, "y": 5220753.71, "order": 357, "visited": true}}, {"type": "Feature", "geometry": {"type": "Point", "coordinates": [629169.27, 5220801.68]}, "properties": {"type": "gap", "gap_m": 4.0, "vineyard_id": "V02", "row_id": "V02-R60", "reachable": true, "id": "T0164", "x": 629169.27, "y": 5220801.68, "order": 435, "visited": true}}, {"type": "Feature", "geometry": {"type": "Point", "coordinates": [629192.75, 5220737.64]}, "properties": {"type": "gap", "gap_m": 5.5, "vineyard_id": "V02", "row_id": "V02-R61", "reachable": true, "id": "T0165", "x": 629192.75, "y": 5220737.64, "order": 434, "visited": true}}, {"type": "Feature", "geometry": {"type": "Point", "coordinates": [629137.02, 5220865.49]}, "properties": {"type": "gap", "gap_m": 4.4, "vineyard_id": "V02", "row_id": "V02-R62", "reachable": true, "id": "T0166", "x": 629137.02, "y": 5220865.49, "order": null, "visited": false}}, {"type": "Feature", "geometry": {"type": "Point", "coordinates": [629139.47, 5220860.44]}, "properties": {"type": "gap", "gap_m": 4.1, "vineyard_id": "V02", "row_id": "V02-R62", "reachable": true, "id": "T0167", "x": 629139.47, "y": 5220860.44, "order": 352, "visited": true}}, {"type": "Feature", "geometry": {"type": "Point", "coordinates": [629143.03, 5220851.86]}, "properties": {"type": "gap", "gap_m": 9.0, "vineyard_id": "V02", "row_id": "V02-R62", "reachable": true, "id": "T0168", "x": 629143.03, "y": 5220851.86, "order": 439, "visited": true}}, {"type": "Feature", "geometry": {"type": "Point", "coordinates": [629150.42, 5220834.0]}, "properties": {"type": "gap", "gap_m": 3.3, "vineyard_id": "V02", "row_id": "V02-R62", "reachable": true, "id": "T0169", "x": 629150.42, "y": 5220834.0, "order": 351, "visited": true}}, {"type": "Feature", "geometry": {"type": "Point", "coordinates": [629171.07, 5220783.7]}, "properties": {"type": "gap", "gap_m": 4.6, "vineyard_id": "V02", "row_id": "V02-R62", "reachable": true, "id": "T0170", "x": 629171.07, "y": 5220783.7, "order": 438, "visited": true}}, {"type": "Feature", "geometry": {"type": "Point", "coordinates": [629177.02, 5220769.16]}, "properties": {"type": "gap", "gap_m": 3.4, "vineyard_id": "V02", "row_id": "V02-R62", "reachable": true, "id": "T0171", "x": 629177.02, "y": 5220769.16, "order": 437, "visited": true}}, {"type": "Feature", "geometry": {"type": "Point", "coordinates": [629178.53, 5220765.45]}, "properties": {"type": "gap", "gap_m": 3.5, "vineyard_id": "V02", "row_id": "V02-R62", "reachable": true, "id": "T0172", "x": 629178.53, "y": 5220765.45, "order": 436, "visited": true}}, {"type": "Feature", "geometry": {"type": "Point", "coordinates": [629135.61, 5220862.53]}, "properties": {"type": "gap", "gap_m": 3.3, "vineyard_id": "V02", "row_id": "V02-R63", "reachable": true, "id": "T0173", "x": 629135.61, "y": 5220862.53, "order": 346, "visited": true}}, {"type": "Feature", "geometry": {"type": "Point", "coordinates": [629142.47, 5220846.39]}, "properties": {"type": "gap", "gap_m": 4.5, "vineyard_id": "V02", "row_id": "V02-R63", "reachable": true, "id": "T0174", "x": 629142.47, "y": 5220846.39, "order": 345, "visited": true}}, {"type": "Feature", "geometry": {"type": "Point", "coordinates": [629148.1, 5220833.11]}, "properties": {"type": "gap", "gap_m": 9.8, "vineyard_id": "V02", "row_id": "V02-R63", "reachable": true, "id": "T0175", "x": 629148.1, "y": 5220833.11, "order": 353, "visited": true}}, {"type": "Feature", "geometry": {"type": "Point", "coordinates": [629172.6, 5220773.14]}, "properties": {"type": "gap", "gap_m": 3.8, "vineyard_id": "V02", "row_id": "V02-R63", "reachable": true, "id": "T0176", "x": 629172.6, "y": 5220773.14, "order": 354, "visited": true}}, {"type": "Feature", "geometry": {"type": "Point", "coordinates": [629180.61, 5220753.87]}, "properties": {"type": "gap", "gap_m": 3.1, "vineyard_id": "V02", "row_id": "V02-R63", "reachable": true, "id": "T0177", "x": 629180.61, "y": 5220753.87, "order": 350, "visited": true}}, {"type": "Feature", "geometry": {"type": "Point", "coordinates": [629190.81, 5220728.95]}, "properties": {"type": "gap", "gap_m": 4.4, "vineyard_id": "V02", "row_id": "V02-R63", "reachable": true, "id": "T0178", "x": 629190.81, "y": 5220728.95, "order": 349, "visited": true}}, {"type": "Feature", "geometry": {"type": "Point", "coordinates": [629193.62, 5220722.09]}, "properties": {"type": "gap", "gap_m": 3.6, "vineyard_id": "V02", "row_id": "V02-R63", "reachable": true, "id": "T0179", "x": 629193.62, "y": 5220722.09, "order": 348, "visited": true}}, {"type": "Feature", "geometry": {"type": "Point", "coordinates": [629146.39, 5220830.0]}, "properties": {"type": "gap", "gap_m": 5.5, "vineyard_id": "V02", "row_id": "V02-R64", "reachable": true, "id": "T0180", "x": 629146.39, "y": 5220830.0, "order": 344, "visited": true}}, {"type": "Feature", "geometry": {"type": "Point", "coordinates": [629172.16, 5220767.48]}, "properties": {"type": "gap", "gap_m": 3.7, "vineyard_id": "V02", "row_id": "V02-R64", "reachable": true, "id": "T0181", "x": 629172.16, "y": 5220767.48, "order": 347, "visited": true}}, {"type": "Feature", "geometry": {"type": "Point", "coordinates": [629180.38, 5220747.6]}, "properties": {"type": "gap", "gap_m": 5.0, "vineyard_id": "V02", "row_id": "V02-R64", "reachable": true, "id": "T0182", "x": 629180.38, "y": 5220747.6, "order": 336, "visited": true}}, {"type": "Feature", "geometry": {"type": "Point", "coordinates": [629152.29, 5220808.89]}, "properties": {"type": "gap", "gap_m": 4.2, "vineyard_id": "V02", "row_id": "V02-R65", "reachable": true, "id": "T0184", "x": 629152.29, "y": 5220808.89, "order": null, "visited": true}}, {"type": "Feature", "geometry": {"type": "Point", "coordinates": [629127.19, 5220862.95]}, "properties": {"type": "gap", "gap_m": 3.3, "vineyard_id": "V02", "row_id": "V02-R66", "reachable": true, "id": "T0185", "x": 629127.19, "y": 5220862.95, "order": 343, "visited": true}}, {"type": "Feature", "geometry": {"type": "Point", "coordinates": [629134.01, 5220846.54]}, "properties": {"type": "gap", "gap_m": 4.3, "vineyard_id": "V02", "row_id": "V02-R66", "reachable": true, "id": "T0186", "x": 629134.01, "y": 5220846.54, "order": 342, "visited": true}}, {"type": "Feature", "geometry": {"type": "Point", "coordinates": [629136.28, 5220841.06]}, "properties": {"type": "gap", "gap_m": 6.1, "vineyard_id": "V02", "row_id": "V02-R66", "reachable": true, "id": "T0187", "x": 629136.28, "y": 5220841.06, "order": 341, "visited": true}}, {"type": "Feature", "geometry": {"type": "Point", "coordinates": [629151.99, 5220802.9]}, "properties": {"type": "gap", "gap_m": 3.4, "vineyard_id": "V02", "row_id": "V02-R66", "reachable": true, "id": "T0188", "x": 629151.99, "y": 5220802.9, "order": null, "visited": false}}, {"type": "Feature", "geometry": {"type": "Point", "coordinates": [629156.46, 5220792.21]}, "properties": {"type": "gap", "gap_m": 3.7, "vineyard_id": "V02", "row_id": "V02-R66", "reachable": true, "id": "T0189", "x": 629156.46, "y": 5220792.21, "order": null, "visited": false}}, {"type": "Feature", "geometry": {"type": "Point", "coordinates": [629128.86, 5220852.39]}, "properties": {"type": "gap", "gap_m": 3.5, "vineyard_id": "V02", "row_id": "V02-R67", "reachable": true, "id": "T0190", "x": 629128.86, "y": 5220852.39, "order": 339, "visited": true}}, {"type": "Feature", "geometry": {"type": "Point", "coordinates": [629164.79, 5220765.78]}, "properties": {"type": "gap", "gap_m": 3.5, "vineyard_id": "V02", "row_id": "V02-R67", "reachable": true, "id": "T0191", "x": 629164.79, "y": 5220765.78, "order": null, "visited": false}}, {"type": "Feature", "geometry": {"type": "Point", "coordinates": [629178.13, 5220732.96]}, "properties": {"type": "gap", "gap_m": 3.6, "vineyard_id": "V02", "row_id": "V02-R67", "reachable": true, "id": "T0192", "x": 629178.13, "y": 5220732.96, "order": null, "visited": false}}, {"type": "Feature", "geometry": {"type": "Point", "coordinates": [629122.49, 5220860.96]}, "properties": {"type": "gap", "gap_m": 3.1, "vineyard_id": "V02", "row_id": "V02-R69", "reachable": true, "id": "T0193", "x": 629122.49, "y": 5220860.96, "order": 340, "visited": true}}, {"type": "Feature", "geometry": {"type": "Point", "coordinates": [629133.54, 5220834.38]}, "properties": {"type": "gap", "gap_m": 5.4, "vineyard_id": "V02", "row_id": "V02-R69", "reachable": true, "id": "T0194", "x": 629133.54, "y": 5220834.38, "order": 338, "visited": true}}, {"type": "Feature", "geometry": {"type": "Point", "coordinates": [629144.06, 5220809.05]}, "properties": {"type": "gap", "gap_m": 8.2, "vineyard_id": "V02", "row_id": "V02-R69", "reachable": true, "id": "T0195", "x": 629144.06, "y": 5220809.05, "order": 337, "visited": true}}, {"type": "Feature", "geometry": {"type": "Point", "coordinates": [629152.47, 5220788.49]}, "properties": {"type": "gap", "gap_m": 3.0, "vineyard_id": "V02", "row_id": "V02-R69", "reachable": true, "id": "T0196", "x": 629152.47, "y": 5220788.49, "order": 329, "visited": true}}, {"type": "Feature", "geometry": {"type": "Point", "coordinates": [629169.22, 5220747.54]}, "properties": {"type": "gap", "gap_m": 4.3, "vineyard_id": "V02", "row_id": "V02-R69", "reachable": true, "id": "T0197", "x": 629169.22, "y": 5220747.54, "order": null, "visited": false}}, {"type": "Feature", "geometry": {"type": "Point", "coordinates": [629121.11, 5220857.54]}, "properties": {"type": "gap", "gap_m": 5.1, "vineyard_id": "V02", "row_id": "V02-R71", "reachable": true, "id": "T0199", "x": 629121.11, "y": 5220857.54, "order": 325, "visited": true}}, {"type": "Feature", "geometry": {"type": "Point", "coordinates": [629124.76, 5220848.82]}, "properties": {"type": "gap", "gap_m": 4.5, "vineyard_id": "V02", "row_id": "V02-R71", "reachable": true, "id": "T0200", "x": 629124.76, "y": 5220848.82, "order": 327, "visited": true}}, {"type": "Feature", "geometry": {"type": "Point", "coordinates": [629141.99, 5220807.2]}, "properties": {"type": "gap", "gap_m": 3.5, "vineyard_id": "V02", "row_id": "V02-R71", "reachable": true, "id": "T0201", "x": 629141.99, "y": 5220807.2, "order": 330, "visited": true}}, {"type": "Feature", "geometry": {"type": "Point", "coordinates": [629145.98, 5220797.7]}, "properties": {"type": "gap", "gap_m": 4.1, "vineyard_id": "V02", "row_id": "V02-R71", "reachable": true, "id": "T0202", "x": 629145.98, "y": 5220797.7, "order": 328, "visited": true}}, {"type": "Feature", "geometry": {"type": "Point", "coordinates": [629170.28, 5220738.49]}, "properties": {"type": "gap", "gap_m": 6.3, "vineyard_id": "V02", "row_id": "V02-R71", "reachable": true, "id": "T0203", "x": 629170.28, "y": 5220738.49, "order": null, "visited": false}}, {"type": "Feature", "geometry": {"type": "Point", "coordinates": [629172.41, 5220733.33]}, "properties": {"type": "gap", "gap_m": 3.9, "vineyard_id": "V02", "row_id": "V02-R71", "reachable": true, "id": "T0204", "x": 629172.41, "y": 5220733.33, "order": null, "visited": false}}, {"type": "Feature", "geometry": {"type": "Point", "coordinates": [629117.51, 5220859.55]}, "properties": {"type": "gap", "gap_m": 4.0, "vineyard_id": "V02", "row_id": "V02-R72", "reachable": true, "id": "T0205", "x": 629117.51, "y": 5220859.55, "order": 326, "visited": true}}, {"type": "Feature", "geometry": {"type": "Point", "coordinates": [629145.36, 5220792.81]}, "properties": {"type": "gap", "gap_m": 3.1, "vineyard_id": "V02", "row_id": "V02-R72", "reachable": true, "id": "T0206", "x": 629145.36, "y": 5220792.81, "order": 333, "visited": true}}, {"type": "Feature", "geometry": {"type": "Point", "coordinates": [629153.66, 5220772.3]}, "properties": {"type": "gap", "gap_m": 3.6, "vineyard_id": "V02", "row_id": "V02-R72", "reachable": true, "id": "T0207", "x": 629153.66, "y": 5220772.3, "order": 331, "visited": true}}, {"type": "Feature", "geometry": {"type": "Point", "coordinates": [629134.38, 5220812.79]}, "properties": {"type": "gap", "gap_m": 3.5, "vineyard_id": "V02", "row_id": "V02-R73", "reachable": true, "id": "T0208", "x": 629134.38, "y": 5220812.79, "order": 332, "visited": true}}, {"type": "Feature", "geometry": {"type": "Point", "coordinates": [629139.99, 5220798.9]}, "properties": {"type": "gap", "gap_m": 3.1, "vineyard_id": "V02", "row_id": "V02-R73", "reachable": true, "id": "T0209", "x": 629139.99, "y": 5220798.9, "order": 322, "visited": true}}, {"type": "Feature", "geometry": {"type": "Point", "coordinates": [629154.05, 5220764.57]}, "properties": {"type": "gap", "gap_m": 3.4, "vineyard_id": "V02", "row_id": "V02-R73", "reachable": true, "id": "T0210", "x": 629154.05, "y": 5220764.57, "order": 334, "visited": true}}, {"type": "Feature", "geometry": {"type": "Point", "coordinates": [629162.37, 5220744.38]}, "properties": {"type": "gap", "gap_m": 3.5, "vineyard_id": "V02", "row_id": "V02-R73", "reachable": true, "id": "T0211", "x": 629162.37, "y": 5220744.38, "order": 324, "visited": true}}, {"type": "Feature", "geometry": {"type": "Point", "coordinates": [629168.05, 5220730.49]}, "properties": {"type": "gap", "gap_m": 4.9, "vineyard_id": "V02", "row_id": "V02-R73", "reachable": true, "id": "T0212", "x": 629168.05, "y": 5220730.49, "order": 335, "visited": true}}, {"type": "Feature", "geometry": {"type": "Point", "coordinates": [629124.65, 5220828.81]}, "properties": {"type": "gap", "gap_m": 3.6, "vineyard_id": "V02", "row_id": "V02-R74", "reachable": true, "id": "T0213", "x": 629124.65, "y": 5220828.81, "order": null, "visited": true}}, {"type": "Feature", "geometry": {"type": "Point", "coordinates": [629137.8, 5220797.35]}, "properties": {"type": "gap", "gap_m": 3.7, "vineyard_id": "V02", "row_id": "V02-R74", "reachable": true, "id": "T0214", "x": 629137.8, "y": 5220797.35, "order": 317, "visited": true}}, {"type": "Feature", "geometry": {"type": "Point", "coordinates": [629147.45, 5220773.81]}, "properties": {"type": "gap", "gap_m": 3.4, "vineyard_id": "V02", "row_id": "V02-R74", "reachable": true, "id": "T0215", "x": 629147.45, "y": 5220773.81, "order": 319, "visited": true}}, {"type": "Feature", "geometry": {"type": "Point", "coordinates": [629149.5, 5220768.91]}, "properties": {"type": "gap", "gap_m": 4.5, "vineyard_id": "V02", "row_id": "V02-R74", "reachable": true, "id": "T0216", "x": 629149.5, "y": 5220768.91, "order": 323, "visited": true}}, {"type": "Feature", "geometry": {"type": "Point", "coordinates": [629168.89, 5220721.5]}, "properties": {"type": "gap", "gap_m": 3.6, "vineyard_id": "V02", "row_id": "V02-R74", "reachable": true, "id": "T0217", "x": 629168.89, "y": 5220721.5, "order": 321, "visited": true}}, {"type": "Feature", "geometry": {"type": "Point", "coordinates": [629139.29, 5220787.0]}, "properties": {"type": "gap", "gap_m": 9.8, "vineyard_id": "V02", "row_id": "V02-R75", "reachable": true, "id": "T0218", "x": 629139.29, "y": 5220787.0, "order": 318, "visited": true}}, {"type": "Feature", "geometry": {"type": "Point", "coordinates": [629147.28, 5220767.82]}, "properties": {"type": "gap", "gap_m": 3.6, "vineyard_id": "V02", "row_id": "V02-R75", "reachable": true, "id": "T0219", "x": 629147.28, "y": 5220767.82, "order": 320, "visited": true}}, {"type": "Feature", "geometry": {"type": "Point", "coordinates": [629161.42, 5220732.87]}, "properties": {"type": "gap", "gap_m": 3.6, "vineyard_id": "V02", "row_id": "V02-R75", "reachable": true, "id": "T0220", "x": 629161.42, "y": 5220732.87, "order": null, "visited": true}}, {"type": "Feature", "geometry": {"type": "Point", "coordinates": [629129.95, 5220803.17]}, "properties": {"type": "gap", "gap_m": 9.4, "vineyard_id": "V02", "row_id": "V02-R76", "reachable": true, "id": "T0221", "x": 629129.95, "y": 5220803.17, "order": 316, "visited": true}}, {"type": "Feature", "geometry": {"type": "Point", "coordinates": [629146.56, 5220762.71]}, "properties": {"type": "gap", "gap_m": 5.7, "vineyard_id": "V02", "row_id": "V02-R76", "reachable": true, "id": "T0222", "x": 629146.56, "y": 5220762.71, "order": 315, "visited": true}}, {"type": "Feature", "geometry": {"type": "Point", "coordinates": [629145.01, 5220760.17]}, "properties": {"type": "gap", "gap_m": 3.1, "vineyard_id": "V02", "row_id": "V02-R78", "reachable": true, "id": "T0223", "x": 629145.01, "y": 5220760.17, "order": 315, "visited": true}}, {"type": "Feature", "geometry": {"type": "Point", "coordinates": [629108.45, 5220841.29]}, "properties": {"type": "gap", "gap_m": 3.8, "vineyard_id": "V02", "row_id": "V02-R80", "reachable": true, "id": "T0224", "x": 629108.45, "y": 5220841.29, "order": null, "visited": false}}, {"type": "Feature", "geometry": {"type": "Point", "coordinates": [629143.53, 5220756.61]}, "properties": {"type": "gap", "gap_m": 10.8, "vineyard_id": "V02", "row_id": "V02-R80", "reachable": true, "id": "T0225", "x": 629143.53, "y": 5220756.61, "order": null, "visited": false}}, {"type": "Feature", "geometry": {"type": "Point", "coordinates": [629142.13, 5220752.94]}, "properties": {"type": "gap", "gap_m": 18.8, "vineyard_id": "V02", "row_id": "V02-R82", "reachable": true, "id": "T0226", "x": 629142.13, "y": 5220752.94, "order": null, "visited": false}}, {"type": "Feature", "geometry": {"type": "Point", "coordinates": [629102.18, 5220808.69]}, "properties": {"type": "gap", "gap_m": 7.7, "vineyard_id": "V04", "row_id": "V04-R02", "reachable": true, "id": "T0227", "x": 629102.18, "y": 5220808.69, "order": null, "visited": false}}, {"type": "Feature", "geometry": {"type": "Point", "coordinates": [629113.28, 5220792.75]}, "properties": {"type": "gap", "gap_m": 15.1, "vineyard_id": "V04", "row_id": "V04-R02", "reachable": true, "id": "T0228", "x": 629113.28, "y": 5220792.75, "order": 312, "visited": true}}, {"type": "Feature", "geometry": {"type": "Point", "coordinates": [629127.93, 5220771.71]}, "properties": {"type": "gap", "gap_m": 13.5, "vineyard_id": "V04", "row_id": "V04-R02", "reachable": true, "id": "T0229", "x": 629127.93, "y": 5220771.71, "order": 313, "visited": true}}, {"type": "Feature", "geometry": {"type": "Point", "coordinates": [629109.62, 5220793.02]}, "properties": {"type": "gap", "gap_m": 12.1, "vineyard_id": "V04", "row_id": "V04-R04", "reachable": true, "id": "T0230", "x": 629109.62, "y": 5220793.02, "order": 314, "visited": true}}, {"type": "Feature", "geometry": {"type": "Point", "coordinates": [629139.79, 5220741.7]}, "properties": {"type": "gap", "gap_m": 11.9, "vineyard_id": "V04", "row_id": "V04-R06", "reachable": true, "id": "T0231", "x": 629139.79, "y": 5220741.7, "order": null, "visited": false}}, {"type": "Feature", "geometry": {"type": "Point", "coordinates": [629100.56, 5220795.78]}, "properties": {"type": "gap", "gap_m": 3.3, "vineyard_id": "V04", "row_id": "V04-R08", "reachable": true, "id": "T0232", "x": 629100.56, "y": 5220795.78, "order": null, "visited": false}}, {"type": "Feature", "geometry": {"type": "Point", "coordinates": [629115.88, 5220773.52]}, "properties": {"type": "gap", "gap_m": 4.5, "vineyard_id": "V04", "row_id": "V04-R08", "reachable": true, "id": "T0233", "x": 629115.88, "y": 5220773.52, "order": null, "visited": false}}, {"type": "Feature", "geometry": {"type": "Point", "coordinates": [629103.24, 5220786.85]}, "properties": {"type": "gap", "gap_m": 4.5, "vineyard_id": "V04", "row_id": "V04-R10", "reachable": true, "id": "T0234", "x": 629103.24, "y": 5220786.85, "order": null, "visited": false}}, {"type": "Feature", "geometry": {"type": "Point", "coordinates": [629116.44, 5220767.54]}, "properties": {"type": "gap", "gap_m": 3.0, "vineyard_id": "V04", "row_id": "V04-R10", "reachable": true, "id": "T0235", "x": 629116.44, "y": 5220767.54, "order": null, "visited": false}}, {"type": "Feature", "geometry": {"type": "Point", "coordinates": [629101.01, 5220784.77]}, "properties": {"type": "gap", "gap_m": 5.1, "vineyard_id": "V04", "row_id": "V04-R12", "reachable": true, "id": "T0236", "x": 629101.01, "y": 5220784.77, "order": 289, "visited": true}}, {"type": "Feature", "geometry": {"type": "Point", "coordinates": [629107.91, 5220774.6]}, "properties": {"type": "gap", "gap_m": 3.9, "vineyard_id": "V04", "row_id": "V04-R12", "reachable": true, "id": "T0237", "x": 629107.91, "y": 5220774.6, "order": 288, "visited": true}}, {"type": "Feature", "geometry": {"type": "Point", "coordinates": [629111.29, 5220764.28]}, "properties": {"type": "gap", "gap_m": 3.8, "vineyard_id": "V04", "row_id": "V04-R14", "reachable": true, "id": "T0238", "x": 629111.29, "y": 5220764.28, "order": 287, "visited": true}}, {"type": "Feature", "geometry": {"type": "Point", "coordinates": [629117.12, 5220749.3]}, "properties": {"type": "gap", "gap_m": 3.6, "vineyard_id": "V04", "row_id": "V04-R15", "reachable": true, "id": "T0239", "x": 629117.12, "y": 5220749.3, "order": 286, "visited": true}}, {"type": "Feature", "geometry": {"type": "Point", "coordinates": [629095.55, 5220785.11]}, "properties": {"type": "gap", "gap_m": 5.0, "vineyard_id": "V04", "row_id": "V04-R16", "reachable": true, "id": "T0240", "x": 629095.55, "y": 5220785.11, "order": null, "visited": true}}, {"type": "Feature", "geometry": {"type": "Point", "coordinates": [629101.49, 5220770.53]}, "properties": {"type": "gap", "gap_m": 10.9, "vineyard_id": "V04", "row_id": "V04-R16", "reachable": true, "id": "T0241", "x": 629101.49, "y": 5220770.53, "order": null, "visited": true}}, {"type": "Feature", "geometry": {"type": "Point", "coordinates": [629113.82, 5220748.99]}, "properties": {"type": "gap", "gap_m": 4.4, "vineyard_id": "V04", "row_id": "V04-R17", "reachable": true, "id": "T0242", "x": 629113.82, "y": 5220748.99, "order": 290, "visited": true}}, {"type": "Feature", "geometry": {"type": "Point", "coordinates": [629120.8, 5220738.26]}, "properties": {"type": "gap", "gap_m": 3.6, "vineyard_id": "V04", "row_id": "V04-R17", "reachable": true, "id": "T0243", "x": 629120.8, "y": 5220738.26, "order": 291, "visited": true}}, {"type": "Feature", "geometry": {"type": "Point", "coordinates": [629098.19, 5220770.56]}, "properties": {"type": "gap", "gap_m": 10.7, "vineyard_id": "V04", "row_id": "V04-R18", "reachable": true, "id": "T0244", "x": 629098.19, "y": 5220770.56, "order": null, "visited": true}}, {"type": "Feature", "geometry": {"type": "Point", "coordinates": [629143.74, 5220686.77]}, "properties": {"type": "gap", "gap_m": 6.0, "vineyard_id": "V04", "row_id": "V04-R24", "reachable": true, "id": "T0245", "x": 629143.74, "y": 5220686.77, "order": 311, "visited": true}}, {"type": "Feature", "geometry": {"type": "Point", "coordinates": [629141.52, 5220684.23]}, "properties": {"type": "gap", "gap_m": 3.5, "vineyard_id": "V04", "row_id": "V04-R25", "reachable": true, "id": "T0246", "x": 629141.52, "y": 5220684.23, "order": 310, "visited": true}}, {"type": "Feature", "geometry": {"type": "Point", "coordinates": [629110.15, 5220716.61]}, "properties": {"type": "gap", "gap_m": 5.7, "vineyard_id": "V04", "row_id": "V04-R28", "reachable": true, "id": "T0247", "x": 629110.15, "y": 5220716.61, "order": null, "visited": false}}, {"type": "Feature", "geometry": {"type": "Point", "coordinates": [629123.61, 5220695.93]}, "properties": {"type": "gap", "gap_m": 3.1, "vineyard_id": "V04", "row_id": "V04-R28", "reachable": true, "id": "T0248", "x": 629123.61, "y": 5220695.93, "order": 309, "visited": true}}, {"type": "Feature", "geometry": {"type": "Point", "coordinates": [629124.42, 5220678.32]}, "properties": {"type": "gap", "gap_m": 7.9, "vineyard_id": "V04", "row_id": "V04-R31", "reachable": true, "id": "T0249", "x": 629124.42, "y": 5220678.32, "order": 284, "visited": true}}, {"type": "Feature", "geometry": {"type": "Point", "coordinates": [629101.02, 5220709.43]}, "properties": {"type": "gap", "gap_m": 3.2, "vineyard_id": "V04", "row_id": "V04-R32", "reachable": true, "id": "T0250", "x": 629101.02, "y": 5220709.43, "order": 285, "visited": true}}, {"type": "Feature", "geometry": {"type": "Point", "coordinates": [629076.37, 5220740.34]}, "properties": {"type": "gap", "gap_m": 3.1, "vineyard_id": "V04", "row_id": "V04-R33", "reachable": true, "id": "T0251", "x": 629076.37, "y": 5220740.34, "order": null, "visited": false}}, {"type": "Feature", "geometry": {"type": "Point", "coordinates": [629102.05, 5220701.52]}, "properties": {"type": "gap", "gap_m": 3.1, "vineyard_id": "V04", "row_id": "V04-R33", "reachable": true, "id": "T0252", "x": 629102.05, "y": 5220701.52, "order": 292, "visited": true}}, {"type": "Feature", "geometry": {"type": "Point", "coordinates": [629119.71, 5220674.6]}, "properties": {"type": "gap", "gap_m": 6.4, "vineyard_id": "V04", "row_id": "V04-R33", "reachable": true, "id": "T0253", "x": 629119.71, "y": 5220674.6, "order": 293, "visited": true}}, {"type": "Feature", "geometry": {"type": "Point", "coordinates": [629087.02, 5220719.03]}, "properties": {"type": "gap", "gap_m": 4.3, "vineyard_id": "V04", "row_id": "V04-R34", "reachable": true, "id": "T0254", "x": 629087.02, "y": 5220719.03, "order": null, "visited": false}}, {"type": "Feature", "geometry": {"type": "Point", "coordinates": [629093.66, 5220709.07]}, "properties": {"type": "gap", "gap_m": 5.5, "vineyard_id": "V04", "row_id": "V04-R34", "reachable": true, "id": "T0255", "x": 629093.66, "y": 5220709.07, "order": 307, "visited": true}}, {"type": "Feature", "geometry": {"type": "Point", "coordinates": [629097.11, 5220703.74]}, "properties": {"type": "gap", "gap_m": 4.4, "vineyard_id": "V04", "row_id": "V04-R34", "reachable": true, "id": "T0256", "x": 629097.11, "y": 5220703.74, "order": 308, "visited": true}}, {"type": "Feature", "geometry": {"type": "Point", "coordinates": [629117.05, 5220672.9]}, "properties": {"type": "gap", "gap_m": 5.6, "vineyard_id": "V04", "row_id": "V04-R34", "reachable": true, "id": "T0257", "x": 629117.05, "y": 5220672.9, "order": 306, "visited": true}}, {"type": "Feature", "geometry": {"type": "Point", "coordinates": [629085.65, 5220715.64]}, "properties": {"type": "gap", "gap_m": 5.7, "vineyard_id": "V04", "row_id": "V04-R35", "reachable": true, "id": "T0258", "x": 629085.65, "y": 5220715.64, "order": null, "visited": false}}, {"type": "Feature", "geometry": {"type": "Point", "coordinates": [629103.5, 5220688.35]}, "properties": {"type": "gap", "gap_m": 6.5, "vineyard_id": "V04", "row_id": "V04-R35", "reachable": true, "id": "T0259", "x": 629103.5, "y": 5220688.35, "order": 305, "visited": true}}, {"type": "Feature", "geometry": {"type": "Point", "coordinates": [629111.65, 5220670.23]}, "properties": {"type": "gap", "gap_m": 5.9, "vineyard_id": "V04", "row_id": "V04-R36", "reachable": true, "id": "T0260", "x": 629111.65, "y": 5220670.23, "order": 304, "visited": true}}, {"type": "Feature", "geometry": {"type": "Point", "coordinates": [629108.63, 5220669.31]}, "properties": {"type": "gap", "gap_m": 6.5, "vineyard_id": "V04", "row_id": "V04-R37", "reachable": true, "id": "T0261", "x": 629108.63, "y": 5220669.31, "order": null, "visited": false}}, {"type": "Feature", "geometry": {"type": "Point", "coordinates": [629104.11, 5220665.09]}, "properties": {"type": "gap", "gap_m": 8.3, "vineyard_id": "V04", "row_id": "V04-R39", "reachable": true, "id": "T0262", "x": 629104.11, "y": 5220665.09, "order": null, "visited": false}}, {"type": "Feature", "geometry": {"type": "Point", "coordinates": [629101.19, 5220663.99]}, "properties": {"type": "gap", "gap_m": 5.2, "vineyard_id": "V04", "row_id": "V04-R40", "reachable": true, "id": "T0263", "x": 629101.19, "y": 5220663.99, "order": null, "visited": false}}, {"type": "Feature", "geometry": {"type": "Point", "coordinates": [629097.9, 5220662.8]}, "properties": {"type": "gap", "gap_m": 5.4, "vineyard_id": "V04", "row_id": "V04-R41", "reachable": true, "id": "T0264", "x": 629097.9, "y": 5220662.8, "order": null, "visited": false}}, {"type": "Feature", "geometry": {"type": "Point", "coordinates": [629017.41, 5220736.49]}, "properties": {"type": "gap", "gap_m": 3.0, "vineyard_id": "V04", "row_id": "V04-R52", "reachable": true, "id": "T0265", "x": 629017.41, "y": 5220736.49, "order": null, "visited": true}}, {"type": "Feature", "geometry": {"type": "Point", "coordinates": [629036.98, 5220706.76]}, "properties": {"type": "gap", "gap_m": 3.2, "vineyard_id": "V04", "row_id": "V04-R52", "reachable": true, "id": "T0266", "x": 629036.98, "y": 5220706.76, "order": null, "visited": false}}, {"type": "Feature", "geometry": {"type": "Point", "coordinates": [629050.26, 5220686.31]}, "properties": {"type": "gap", "gap_m": 4.5, "vineyard_id": "V04", "row_id": "V04-R52", "reachable": true, "id": "T0267", "x": 629050.26, "y": 5220686.31, "order": null, "visited": false}}, {"type": "Feature", "geometry": {"type": "Point", "coordinates": [629056.99, 5220676.07]}, "properties": {"type": "gap", "gap_m": 3.6, "vineyard_id": "V04", "row_id": "V04-R52", "reachable": true, "id": "T0268", "x": 629056.99, "y": 5220676.07, "order": null, "visited": false}}, {"type": "Feature", "geometry": {"type": "Point", "coordinates": [629061.51, 5220669.17]}, "properties": {"type": "gap", "gap_m": 4.0, "vineyard_id": "V04", "row_id": "V04-R52", "reachable": true, "id": "T0269", "x": 629061.51, "y": 5220669.17, "order": null, "visited": false}}, {"type": "Feature", "geometry": {"type": "Point", "coordinates": [629021.16, 5220725.02]}, "properties": {"type": "gap", "gap_m": 6.4, "vineyard_id": "V04", "row_id": "V04-R53", "reachable": true, "id": "T0270", "x": 629021.16, "y": 5220725.02, "order": 302, "visited": true}}, {"type": "Feature", "geometry": {"type": "Point", "coordinates": [629032.15, 5220708.82]}, "properties": {"type": "gap", "gap_m": 4.2, "vineyard_id": "V04", "row_id": "V04-R53", "reachable": true, "id": "T0271", "x": 629032.15, "y": 5220708.82, "order": 303, "visited": true}}, {"type": "Feature", "geometry": {"type": "Point", "coordinates": [629040.04, 5220696.29]}, "properties": {"type": "gap", "gap_m": 17.3, "vineyard_id": "V04", "row_id": "V04-R53", "reachable": true, "id": "T0272", "x": 629040.04, "y": 5220696.29, "order": null, "visited": true}}, {"type": "Feature", "geometry": {"type": "Point", "coordinates": [629048.1, 5220684.01]}, "properties": {"type": "gap", "gap_m": 3.0, "vineyard_id": "V04", "row_id": "V04-R53", "reachable": true, "id": "T0273", "x": 629048.1, "y": 5220684.01, "order": null, "visited": false}}, {"type": "Feature", "geometry": {"type": "Point", "coordinates": [629054.09, 5220674.92]}, "properties": {"type": "gap", "gap_m": 4.2, "vineyard_id": "V04", "row_id": "V04-R53", "reachable": true, "id": "T0274", "x": 629054.09, "y": 5220674.92, "order": null, "visited": false}}, {"type": "Feature", "geometry": {"type": "Point", "coordinates": [629058.72, 5220667.91]}, "properties": {"type": "gap", "gap_m": 4.2, "vineyard_id": "V04", "row_id": "V04-R53", "reachable": true, "id": "T0275", "x": 629058.72, "y": 5220667.91, "order": null, "visited": false}}, {"type": "Feature", "geometry": {"type": "Point", "coordinates": [629019.47, 5220722.3]}, "properties": {"type": "gap", "gap_m": 3.1, "vineyard_id": "V04", "row_id": "V04-R54", "reachable": true, "id": "T0276", "x": 629019.47, "y": 5220722.3, "order": 295, "visited": true}}, {"type": "Feature", "geometry": {"type": "Point", "coordinates": [629041.25, 5220688.94]}, "properties": {"type": "gap", "gap_m": 3.4, "vineyard_id": "V04", "row_id": "V04-R54", "reachable": true, "id": "T0277", "x": 629041.25, "y": 5220688.94, "order": 301, "visited": true}}, {"type": "Feature", "geometry": {"type": "Point", "coordinates": [629048.97, 5220677.43]}, "properties": {"type": "gap", "gap_m": 4.3, "vineyard_id": "V04", "row_id": "V04-R54", "reachable": true, "id": "T0278", "x": 629048.97, "y": 5220677.43, "order": 294, "visited": true}}, {"type": "Feature", "geometry": {"type": "Point", "coordinates": [629034.75, 5220693.78]}, "properties": {"type": "gap", "gap_m": 4.6, "vineyard_id": "V04", "row_id": "V04-R55", "reachable": true, "id": "T0279", "x": 629034.75, "y": 5220693.78, "order": 297, "visited": true}}, {"type": "Feature", "geometry": {"type": "Point", "coordinates": [629034.29, 5220688.42]}, "properties": {"type": "gap", "gap_m": 3.9, "vineyard_id": "V04", "row_id": "V04-R56", "reachable": true, "id": "T0280", "x": 629034.29, "y": 5220688.42, "order": 296, "visited": true}}, {"type": "Feature", "geometry": {"type": "Point", "coordinates": [629010.15, 5220720.03]}, "properties": {"type": "gap", "gap_m": 7.3, "vineyard_id": "V04", "row_id": "V04-R57", "reachable": true, "id": "T0281", "x": 629010.15, "y": 5220720.03, "order": 300, "visited": true}}, {"type": "Feature", "geometry": {"type": "Point", "coordinates": [629028.69, 5220691.9]}, "properties": {"type": "gap", "gap_m": 4.6, "vineyard_id": "V04", "row_id": "V04-R57", "reachable": true, "id": "T0282", "x": 629028.69, "y": 5220691.9, "order": 298, "visited": true}}, {"type": "Feature", "geometry": {"type": "Point", "coordinates": [629013.46, 5220710.15]}, "properties": {"type": "gap", "gap_m": 4.4, "vineyard_id": "V04", "row_id": "V04-R58", "reachable": true, "id": "T0283", "x": 629013.46, "y": 5220710.15, "order": 299, "visited": true}}, {"type": "Feature", "geometry": {"type": "Point", "coordinates": [629383.9, 5220630.62]}, "properties": {"type": "gap", "gap_m": 10.5, "vineyard_id": "V05", "row_id": "V05-R06", "reachable": true, "id": "T0284", "x": 629383.9, "y": 5220630.62, "order": null, "visited": false}}, {"type": "Feature", "geometry": {"type": "Point", "coordinates": [629389.97, 5220642.71]}, "properties": {"type": "gap", "gap_m": 8.8, "vineyard_id": "V05", "row_id": "V05-R07", "reachable": true, "id": "T0285", "x": 629389.97, "y": 5220642.71, "order": null, "visited": false}}, {"type": "Feature", "geometry": {"type": "Point", "coordinates": [629385.45, 5220628.11]}, "properties": {"type": "gap", "gap_m": 6.6, "vineyard_id": "V05", "row_id": "V05-R07", "reachable": true, "id": "T0286", "x": 629385.45, "y": 5220628.11, "order": null, "visited": false}}, {"type": "Feature", "geometry": {"type": "Point", "coordinates": [629396.45, 5220648.89]}, "properties": {"type": "gap", "gap_m": 3.2, "vineyard_id": "V05", "row_id": "V05-R08", "reachable": true, "id": "T0287", "x": 629396.45, "y": 5220648.89, "order": null, "visited": false}}, {"type": "Feature", "geometry": {"type": "Point", "coordinates": [629393.92, 5220640.68]}, "properties": {"type": "gap", "gap_m": 10.0, "vineyard_id": "V05", "row_id": "V05-R08", "reachable": true, "id": "T0288", "x": 629393.92, "y": 5220640.68, "order": null, "visited": false}}, {"type": "Feature", "geometry": {"type": "Point", "coordinates": [629206.62, 5220604.69]}, "properties": {"type": "gap", "gap_m": 4.7, "vineyard_id": "V06", "row_id": "V06-R05", "reachable": true, "id": "T0289", "x": 629206.62, "y": 5220604.69, "order": null, "visited": false}}, {"type": "Feature", "geometry": {"type": "Point", "coordinates": [629184.15, 5220598.07]}, "properties": {"type": "gap", "gap_m": 3.8, "vineyard_id": "V06", "row_id": "V06-R08", "reachable": true, "id": "T0290", "x": 629184.15, "y": 5220598.07, "order": null, "visited": false}}, {"type": "Feature", "geometry": {"type": "Point", "coordinates": [629214.91, 5220568.86]}, "properties": {"type": "gap", "gap_m": 5.8, "vineyard_id": "V06", "row_id": "V06-R12", "reachable": true, "id": "T0291", "x": 629214.91, "y": 5220568.86, "order": 447, "visited": true}}, {"type": "Feature", "geometry": {"type": "Point", "coordinates": [629221.05, 5220565.63]}, "properties": {"type": "gap", "gap_m": 4.3, "vineyard_id": "V06", "row_id": "V06-R12", "reachable": true, "id": "T0292", "x": 629221.05, "y": 5220565.63, "order": 448, "visited": true}}, {"type": "Feature", "geometry": {"type": "Point", "coordinates": [629229.08, 5220561.41]}, "properties": {"type": "gap", "gap_m": 4.0, "vineyard_id": "V06", "row_id": "V06-R12", "reachable": true, "id": "T0293", "x": 629229.08, "y": 5220561.41, "order": 449, "visited": true}}, {"type": "Feature", "geometry": {"type": "Point", "coordinates": [629166.1, 5220597.57]}, "properties": {"type": "gap", "gap_m": 5.4, "vineyard_id": "V06", "row_id": "V06-R13", "reachable": true, "id": "T0294", "x": 629166.1, "y": 5220597.57, "order": 442, "visited": true}}, {"type": "Feature", "geometry": {"type": "Point", "coordinates": [629216.47, 5220565.47]}, "properties": {"type": "gap", "gap_m": 3.9, "vineyard_id": "V06", "row_id": "V06-R14", "reachable": true, "id": "T0295", "x": 629216.47, "y": 5220565.47, "order": 446, "visited": true}}, {"type": "Feature", "geometry": {"type": "Point", "coordinates": [629222.21, 5220562.45]}, "properties": {"type": "gap", "gap_m": 4.8, "vineyard_id": "V06", "row_id": "V06-R14", "reachable": true, "id": "T0296", "x": 629222.21, "y": 5220562.45, "order": null, "visited": true}}, {"type": "Feature", "geometry": {"type": "Point", "coordinates": [629227.29, 5220559.76]}, "properties": {"type": "gap", "gap_m": 3.5, "vineyard_id": "V06", "row_id": "V06-R14", "reachable": true, "id": "T0297", "x": 629227.29, "y": 5220559.76, "order": 450, "visited": true}}, {"type": "Feature", "geometry": {"type": "Point", "coordinates": [629205.8, 5220566.0]}, "properties": {"type": "gap", "gap_m": 3.5, "vineyard_id": "V06", "row_id": "V06-R16", "reachable": true, "id": "T0298", "x": 629205.8, "y": 5220566.0, "order": null, "visited": false}}, {"type": "Feature", "geometry": {"type": "Point", "coordinates": [629198.1, 5220567.18]}, "properties": {"type": "gap", "gap_m": 3.4, "vineyard_id": "V06", "row_id": "V06-R17", "reachable": true, "id": "T0299", "x": 629198.1, "y": 5220567.18, "order": null, "visited": false}}, {"type": "Feature", "geometry": {"type": "Point", "coordinates": [629157.67, 5220586.73]}, "properties": {"type": "gap", "gap_m": 4.3, "vineyard_id": "V06", "row_id": "V06-R18", "reachable": true, "id": "T0300", "x": 629157.67, "y": 5220586.73, "order": null, "visited": false}}, {"type": "Feature", "geometry": {"type": "Point", "coordinates": [629179.29, 5220572.51]}, "properties": {"type": "gap", "gap_m": 3.6, "vineyard_id": "V06", "row_id": "V06-R19", "reachable": true, "id": "T0301", "x": 629179.29, "y": 5220572.51, "order": null, "visited": false}}, {"type": "Feature", "geometry": {"type": "Point", "coordinates": [629163.64, 5220578.45]}, "properties": {"type": "gap", "gap_m": 5.5, "vineyard_id": "V06", "row_id": "V06-R20", "reachable": true, "id": "T0302", "x": 629163.64, "y": 5220578.45, "order": null, "visited": false}}, {"type": "Feature", "geometry": {"type": "Point", "coordinates": [629177.43, 5220571.0]}, "properties": {"type": "gap", "gap_m": 5.0, "vineyard_id": "V06", "row_id": "V06-R20", "reachable": true, "id": "T0303", "x": 629177.43, "y": 5220571.0, "order": null, "visited": false}}, {"type": "Feature", "geometry": {"type": "Point", "coordinates": [629160.98, 5220577.33]}, "properties": {"type": "gap", "gap_m": 3.4, "vineyard_id": "V06", "row_id": "V06-R21", "reachable": true, "id": "T0304", "x": 629160.98, "y": 5220577.33, "order": null, "visited": false}}, {"type": "Feature", "geometry": {"type": "Point", "coordinates": [629217.72, 5220577.78]}, "properties": {"type": "gap", "gap_m": 3.7, "vineyard_id": "V07", "row_id": "V07-R02", "reachable": true, "id": "T0305", "x": 629217.72, "y": 5220577.78, "order": null, "visited": true}}, {"type": "Feature", "geometry": {"type": "Point", "coordinates": [629214.08, 5220577.15]}, "properties": {"type": "gap", "gap_m": 3.5, "vineyard_id": "V07", "row_id": "V07-R03", "reachable": true, "id": "T0306", "x": 629214.08, "y": 5220577.15, "order": null, "visited": false}}, {"type": "Feature", "geometry": {"type": "Point", "coordinates": [629218.59, 5220574.77]}, "properties": {"type": "gap", "gap_m": 4.3, "vineyard_id": "V07", "row_id": "V07-R03", "reachable": true, "id": "T0307", "x": 629218.59, "y": 5220574.77, "order": 440, "visited": true}}, {"type": "Feature", "geometry": {"type": "Point", "coordinates": [629215.55, 5220573.69]}, "properties": {"type": "gap", "gap_m": 3.2, "vineyard_id": "V07", "row_id": "V07-R04", "reachable": true, "id": "T0308", "x": 629215.55, "y": 5220573.69, "order": null, "visited": true}}, {"type": "Feature", "geometry": {"type": "Point", "coordinates": [629219.44, 5220571.65]}, "properties": {"type": "gap", "gap_m": 3.9, "vineyard_id": "V07", "row_id": "V07-R04", "reachable": true, "id": "T0309", "x": 629219.44, "y": 5220571.65, "order": 441, "visited": true}}, {"type": "Feature", "geometry": {"type": "Point", "coordinates": [629215.58, 5220571.24]}, "properties": {"type": "gap", "gap_m": 3.2, "vineyard_id": "V07", "row_id": "V07-R05", "reachable": true, "id": "T0310", "x": 629215.58, "y": 5220571.24, "order": 443, "visited": true}}, {"type": "Feature", "geometry": {"type": "Point", "coordinates": [629221.16, 5220568.31]}, "properties": {"type": "gap", "gap_m": 6.3, "vineyard_id": "V07", "row_id": "V07-R05", "reachable": true, "id": "T0311", "x": 629221.16, "y": 5220568.31, "order": 445, "visited": true}}, {"type": "Feature", "geometry": {"type": "Point", "coordinates": [629236.6, 5220560.2]}, "properties": {"type": "gap", "gap_m": 5.3, "vineyard_id": "V07", "row_id": "V07-R05", "reachable": true, "id": "T0312", "x": 629236.6, "y": 5220560.2, "order": 444, "visited": true}}, {"type": "Feature", "geometry": {"type": "Point", "coordinates": [629241.65, 5220544.46]}, "properties": {"type": "gap", "gap_m": 4.0, "vineyard_id": "V07", "row_id": "V07-R09", "reachable": true, "id": "T0314", "x": 629241.65, "y": 5220544.46, "order": null, "visited": false}}, {"type": "Feature", "geometry": {"type": "Point", "coordinates": [629461.78, 5220551.9]}, "properties": {"type": "gap", "gap_m": 7.7, "vineyard_id": "V08", "row_id": "V08-R02", "reachable": true, "id": "T0315", "x": 629461.78, "y": 5220551.9, "order": null, "visited": false}}, {"type": "Feature", "geometry": {"type": "Point", "coordinates": [629483.27, 5220556.12]}, "properties": {"type": "gap", "gap_m": 3.2, "vineyard_id": "V08", "row_id": "V08-R03", "reachable": true, "id": "T0316", "x": 629483.27, "y": 5220556.12, "order": null, "visited": false}}, {"type": "Feature", "geometry": {"type": "Point", "coordinates": [629475.31, 5220554.13]}, "properties": {"type": "gap", "gap_m": 3.2, "vineyard_id": "V08", "row_id": "V08-R03", "reachable": true, "id": "T0317", "x": 629475.31, "y": 5220554.13, "order": null, "visited": false}}, {"type": "Feature", "geometry": {"type": "Point", "coordinates": [629468.93, 5220552.54]}, "properties": {"type": "gap", "gap_m": 3.3, "vineyard_id": "V08", "row_id": "V08-R03", "reachable": true, "id": "T0318", "x": 629468.93, "y": 5220552.54, "order": null, "visited": false}}, {"type": "Feature", "geometry": {"type": "Point", "coordinates": [629462.67, 5220550.97]}, "properties": {"type": "gap", "gap_m": 3.6, "vineyard_id": "V08", "row_id": "V08-R03", "reachable": true, "id": "T0319", "x": 629462.67, "y": 5220550.97, "order": null, "visited": false}}, {"type": "Feature", "geometry": {"type": "Point", "coordinates": [629475.05, 5220548.55]}, "properties": {"type": "gap", "gap_m": 3.8, "vineyard_id": "V08", "row_id": "V08-R05", "reachable": true, "id": "T0320", "x": 629475.05, "y": 5220548.55, "order": null, "visited": false}}, {"type": "Feature", "geometry": {"type": "Point", "coordinates": [629493.92, 5220551.04]}, "properties": {"type": "gap", "gap_m": 3.6, "vineyard_id": "V08", "row_id": "V08-R06", "reachable": true, "id": "T0321", "x": 629493.92, "y": 5220551.04, "order": null, "visited": false}}, {"type": "Feature", "geometry": {"type": "Point", "coordinates": [629489.67, 5220549.97]}, "properties": {"type": "gap", "gap_m": 3.5, "vineyard_id": "V08", "row_id": "V08-R06", "reachable": true, "id": "T0322", "x": 629489.67, "y": 5220549.97, "order": null, "visited": false}}, {"type": "Feature", "geometry": {"type": "Point", "coordinates": [629481.45, 5220547.9]}, "properties": {"type": "gap", "gap_m": 3.6, "vineyard_id": "V08", "row_id": "V08-R06", "reachable": true, "id": "T0323", "x": 629481.45, "y": 5220547.9, "order": null, "visited": false}}, {"type": "Feature", "geometry": {"type": "Point", "coordinates": [629475.97, 5220546.52]}, "properties": {"type": "gap", "gap_m": 5.2, "vineyard_id": "V08", "row_id": "V08-R06", "reachable": true, "id": "T0324", "x": 629475.97, "y": 5220546.52, "order": null, "visited": false}}, {"type": "Feature", "geometry": {"type": "Point", "coordinates": [629487.18, 5220547.35]}, "properties": {"type": "gap", "gap_m": 8.9, "vineyard_id": "V08", "row_id": "V08-R07", "reachable": true, "id": "T0325", "x": 629487.18, "y": 5220547.35, "order": null, "visited": false}}, {"type": "Feature", "geometry": {"type": "Point", "coordinates": [629467.66, 5220542.47]}, "properties": {"type": "gap", "gap_m": 3.5, "vineyard_id": "V08", "row_id": "V08-R07", "reachable": true, "id": "T0326", "x": 629467.66, "y": 5220542.47, "order": null, "visited": false}}, {"type": "Feature", "geometry": {"type": "Point", "coordinates": [629484.85, 5220544.26]}, "properties": {"type": "gap", "gap_m": 5.0, "vineyard_id": "V08", "row_id": "V08-R08", "reachable": true, "id": "T0327", "x": 629484.85, "y": 5220544.26, "order": null, "visited": false}}, {"type": "Feature", "geometry": {"type": "Point", "coordinates": [629478.34, 5220542.63]}, "properties": {"type": "gap", "gap_m": 7.7, "vineyard_id": "V08", "row_id": "V08-R08", "reachable": true, "id": "T0328", "x": 629478.34, "y": 5220542.63, "order": null, "visited": false}}, {"type": "Feature", "geometry": {"type": "Point", "coordinates": [629480.03, 5220541.09]}, "properties": {"type": "gap", "gap_m": 4.4, "vineyard_id": "V08", "row_id": "V08-R09", "reachable": true, "id": "T0329", "x": 629480.03, "y": 5220541.09, "order": null, "visited": false}}, {"type": "Feature", "geometry": {"type": "Point", "coordinates": [629479.03, 5220538.71]}, "properties": {"type": "gap", "gap_m": 3.7, "vineyard_id": "V08", "row_id": "V08-R10", "reachable": true, "id": "T0330", "x": 629479.03, "y": 5220538.71, "order": null, "visited": false}}, {"type": "Feature", "geometry": {"type": "Point", "coordinates": [629479.28, 5220535.94]}, "properties": {"type": "gap", "gap_m": 29.1, "vineyard_id": "V08", "row_id": "V08-R11", "reachable": true, "id": "T0331", "x": 629479.28, "y": 5220535.94, "order": null, "visited": false}}, {"type": "Feature", "geometry": {"type": "Point", "coordinates": [629481.2, 5220534.3]}, "properties": {"type": "gap", "gap_m": 30.8, "vineyard_id": "V08", "row_id": "V08-R12", "reachable": true, "id": "T0332", "x": 629481.2, "y": 5220534.3, "order": 283, "visited": true}}, {"type": "Feature", "geometry": {"type": "Point", "coordinates": [629493.86, 5220535.22]}, "properties": {"type": "gap", "gap_m": 3.2, "vineyard_id": "V08", "row_id": "V08-R13", "reachable": true, "id": "T0333", "x": 629493.86, "y": 5220535.22, "order": null, "visited": false}}, {"type": "Feature", "geometry": {"type": "Point", "coordinates": [629479.3, 5220531.57]}, "properties": {"type": "gap", "gap_m": 25.8, "vineyard_id": "V08", "row_id": "V08-R13", "reachable": true, "id": "T0334", "x": 629479.3, "y": 5220531.57, "order": null, "visited": true}}, {"type": "Feature", "geometry": {"type": "Point", "coordinates": [629479.26, 5220529.31]}, "properties": {"type": "gap", "gap_m": 27.2, "vineyard_id": "V08", "row_id": "V08-R14", "reachable": true, "id": "T0335", "x": 629479.26, "y": 5220529.31, "order": 282, "visited": true}}, {"type": "Feature", "geometry": {"type": "Point", "coordinates": [629481.43, 5220527.65]}, "properties": {"type": "gap", "gap_m": 13.6, "vineyard_id": "V08", "row_id": "V08-R15", "reachable": true, "id": "T0336", "x": 629481.43, "y": 5220527.65, "order": null, "visited": true}}, {"type": "Feature", "geometry": {"type": "Point", "coordinates": [629471.02, 5220525.04]}, "properties": {"type": "gap", "gap_m": 7.0, "vineyard_id": "V08", "row_id": "V08-R15", "reachable": true, "id": "T0337", "x": 629471.02, "y": 5220525.04, "order": null, "visited": true}}, {"type": "Feature", "geometry": {"type": "Point", "coordinates": [629164.3, 5220541.68]}, "properties": {"type": "gap", "gap_m": 6.8, "vineyard_id": "V09", "row_id": "V09-R03", "reachable": true, "id": "T0339", "x": 629164.3, "y": 5220541.68, "order": null, "visited": false}}, {"type": "Feature", "geometry": {"type": "Point", "coordinates": [629171.54, 5220537.77]}, "properties": {"type": "gap", "gap_m": 3.5, "vineyard_id": "V09", "row_id": "V09-R03", "reachable": true, "id": "T0340", "x": 629171.54, "y": 5220537.77, "order": null, "visited": false}}, {"type": "Feature", "geometry": {"type": "Point", "coordinates": [629176.85, 5220534.89]}, "properties": {"type": "gap", "gap_m": 3.8, "vineyard_id": "V09", "row_id": "V09-R03", "reachable": true, "id": "T0341", "x": 629176.85, "y": 5220534.89, "order": null, "visited": false}}, {"type": "Feature", "geometry": {"type": "Point", "coordinates": [629191.25, 5220527.11]}, "properties": {"type": "gap", "gap_m": 7.1, "vineyard_id": "V09", "row_id": "V09-R03", "reachable": true, "id": "T0342", "x": 629191.25, "y": 5220527.11, "order": null, "visited": false}}, {"type": "Feature", "geometry": {"type": "Point", "coordinates": [629197.03, 5220523.84]}, "properties": {"type": "gap", "gap_m": 5.1, "vineyard_id": "V09", "row_id": "V09-R03", "reachable": true, "id": "T0343", "x": 629197.03, "y": 5220523.84, "order": null, "visited": false}}, {"type": "Feature", "geometry": {"type": "Point", "coordinates": [629222.95, 5220509.76]}, "properties": {"type": "gap", "gap_m": 5.0, "vineyard_id": "V09", "row_id": "V09-R03", "reachable": true, "id": "T0344", "x": 629222.95, "y": 5220509.76, "order": null, "visited": false}}, {"type": "Feature", "geometry": {"type": "Point", "coordinates": [629167.7, 5220537.25]}, "properties": {"type": "gap", "gap_m": 4.9, "vineyard_id": "V09", "row_id": "V09-R04", "reachable": true, "id": "T0345", "x": 629167.7, "y": 5220537.25, "order": 459, "visited": true}}, {"type": "Feature", "geometry": {"type": "Point", "coordinates": [629172.97, 5220534.42]}, "properties": {"type": "gap", "gap_m": 5.6, "vineyard_id": "V09", "row_id": "V09-R04", "reachable": true, "id": "T0346", "x": 629172.97, "y": 5220534.42, "order": null, "visited": false}}, {"type": "Feature", "geometry": {"type": "Point", "coordinates": [629181.62, 5220529.77]}, "properties": {"type": "gap", "gap_m": 9.8, "vineyard_id": "V09", "row_id": "V09-R04", "reachable": true, "id": "T0347", "x": 629181.62, "y": 5220529.77, "order": 457, "visited": true}}, {"type": "Feature", "geometry": {"type": "Point", "coordinates": [629190.21, 5220525.15]}, "properties": {"type": "gap", "gap_m": 4.0, "vineyard_id": "V09", "row_id": "V09-R04", "reachable": true, "id": "T0348", "x": 629190.21, "y": 5220525.15, "order": null, "visited": false}}, {"type": "Feature", "geometry": {"type": "Point", "coordinates": [629216.22, 5220510.91]}, "properties": {"type": "gap", "gap_m": 4.9, "vineyard_id": "V09", "row_id": "V09-R04", "reachable": true, "id": "T0349", "x": 629216.22, "y": 5220510.91, "order": null, "visited": false}}, {"type": "Feature", "geometry": {"type": "Point", "coordinates": [629158.68, 5220536.65]}, "properties": {"type": "gap", "gap_m": 4.2, "vineyard_id": "V09", "row_id": "V09-R10", "reachable": true, "id": "T0350", "x": 629158.68, "y": 5220536.65, "order": 456, "visited": true}}, {"type": "Feature", "geometry": {"type": "Point", "coordinates": [629170.6, 5220530.25]}, "properties": {"type": "gap", "gap_m": 12.6, "vineyard_id": "V09", "row_id": "V09-R10", "reachable": true, "id": "T0351", "x": 629170.6, "y": 5220530.25, "order": 455, "visited": true}}, {"type": "Feature", "geometry": {"type": "Point", "coordinates": [629178.96, 5220525.77]}, "properties": {"type": "gap", "gap_m": 3.6, "vineyard_id": "V09", "row_id": "V09-R10", "reachable": true, "id": "T0352", "x": 629178.96, "y": 5220525.77, "order": 458, "visited": true}}, {"type": "Feature", "geometry": {"type": "Point", "coordinates": [629176.38, 5220524.59]}, "properties": {"type": "gap", "gap_m": 3.2, "vineyard_id": "V09", "row_id": "V09-R11", "reachable": true, "id": "T0353", "x": 629176.38, "y": 5220524.59, "order": null, "visited": true}}, {"type": "Feature", "geometry": {"type": "Point", "coordinates": [629186.39, 5220513.33]}, "properties": {"type": "gap", "gap_m": 3.2, "vineyard_id": "V09", "row_id": "V09-R16", "reachable": true, "id": "T0354", "x": 629186.39, "y": 5220513.33, "order": null, "visited": false}}, {"type": "Feature", "geometry": {"type": "Point", "coordinates": [629206.17, 5220495.41]}, "properties": {"type": "gap", "gap_m": 4.7, "vineyard_id": "V09", "row_id": "V09-R18", "reachable": true, "id": "T0359", "x": 629206.17, "y": 5220495.41, "order": 452, "visited": true}}, {"type": "Feature", "geometry": {"type": "Point", "coordinates": [629214.48, 5220490.9]}, "properties": {"type": "gap", "gap_m": 6.5, "vineyard_id": "V09", "row_id": "V09-R18", "reachable": true, "id": "T0360", "x": 629214.48, "y": 5220490.9, "order": 451, "visited": true}}, {"type": "Feature", "geometry": {"type": "Point", "coordinates": [629202.58, 5220494.57]}, "properties": {"type": "gap", "gap_m": 3.5, "vineyard_id": "V09", "row_id": "V09-R19", "reachable": true, "id": "T0361", "x": 629202.58, "y": 5220494.57, "order": 453, "visited": true}}, {"type": "Feature", "geometry": {"type": "Point", "coordinates": [629208.61, 5220491.28]}, "properties": {"type": "gap", "gap_m": 4.8, "vineyard_id": "V09", "row_id": "V09-R19", "reachable": true, "id": "T0362", "x": 629208.61, "y": 5220491.28, "order": null, "visited": true}}, {"type": "Feature", "geometry": {"type": "Point", "coordinates": [629215.77, 5220487.37]}, "properties": {"type": "gap", "gap_m": 10.7, "vineyard_id": "V09", "row_id": "V09-R19", "reachable": true, "id": "T0363", "x": 629215.77, "y": 5220487.37, "order": 454, "visited": true}}, {"type": "Feature", "geometry": {"type": "Point", "coordinates": [629224.83, 5220482.42]}, "properties": {"type": "gap", "gap_m": 6.6, "vineyard_id": "V09", "row_id": "V09-R19", "reachable": true, "id": "T0364", "x": 629224.83, "y": 5220482.42, "order": null, "visited": true}}, {"type": "Feature", "geometry": {"type": "Point", "coordinates": [629205.83, 5220487.38]}, "properties": {"type": "gap", "gap_m": 8.1, "vineyard_id": "V09", "row_id": "V09-R20", "reachable": true, "id": "T0365", "x": 629205.83, "y": 5220487.38, "order": null, "visited": false}}, {"type": "Feature", "geometry": {"type": "Point", "coordinates": [629209.44, 5220480.35]}, "properties": {"type": "gap", "gap_m": 17.9, "vineyard_id": "V09", "row_id": "V09-R21", "reachable": true, "id": "T0367", "x": 629209.44, "y": 5220480.35, "order": null, "visited": false}}, {"type": "Feature", "geometry": {"type": "Point", "coordinates": [629485.79, 5220515.53]}, "properties": {"type": "gap", "gap_m": 6.1, "vineyard_id": "V10", "row_id": "V10-R01", "reachable": true, "id": "T0369", "x": 629485.79, "y": 5220515.53, "order": null, "visited": false}}, {"type": "Feature", "geometry": {"type": "Point", "coordinates": [629480.64, 5220511.78]}, "properties": {"type": "gap", "gap_m": 3.9, "vineyard_id": "V10", "row_id": "V10-R02", "reachable": true, "id": "T0370", "x": 629480.64, "y": 5220511.78, "order": null, "visited": false}}, {"type": "Feature", "geometry": {"type": "Point", "coordinates": [629487.96, 5220511.37]}, "properties": {"type": "gap", "gap_m": 14.1, "vineyard_id": "V10", "row_id": "V10-R03", "reachable": true, "id": "T0371", "x": 629487.96, "y": 5220511.37, "order": null, "visited": false}}, {"type": "Feature", "geometry": {"type": "Point", "coordinates": [629476.77, 5220508.51]}, "properties": {"type": "gap", "gap_m": 8.0, "vineyard_id": "V10", "row_id": "V10-R03", "reachable": true, "id": "T0372", "x": 629476.77, "y": 5220508.51, "order": null, "visited": false}}, {"type": "Feature", "geometry": {"type": "Point", "coordinates": [629491.03, 5220508.47]}, "properties": {"type": "gap", "gap_m": 8.1, "vineyard_id": "V10", "row_id": "V10-R04", "reachable": true, "id": "T0373", "x": 629491.03, "y": 5220508.47, "order": null, "visited": false}}, {"type": "Feature", "geometry": {"type": "Point", "coordinates": [629218.82, 5220464.65]}, "properties": {"type": "gap", "gap_m": 7.4, "vineyard_id": "V11", "row_id": "V11-R01", "reachable": true, "id": "T0374", "x": 629218.82, "y": 5220464.65, "order": null, "visited": false}}, {"type": "Feature", "geometry": {"type": "Point", "coordinates": [629215.92, 5220464.13]}, "properties": {"type": "gap", "gap_m": 4.0, "vineyard_id": "V11", "row_id": "V11-R02", "reachable": true, "id": "T0375", "x": 629215.92, "y": 5220464.13, "order": null, "visited": false}}, {"type": "Feature", "geometry": {"type": "Point", "coordinates": [629597.15, 5220280.43]}, "properties": {"type": "gap", "gap_m": 7.2, "vineyard_id": "V12", "row_id": "V12-R01", "reachable": true, "id": "T0376", "x": 629597.15, "y": 5220280.43, "order": 210, "visited": true}}, {"type": "Feature", "geometry": {"type": "Point", "coordinates": [629604.13, 5220271.16]}, "properties": {"type": "gap", "gap_m": 3.1, "vineyard_id": "V12", "row_id": "V12-R01", "reachable": true, "id": "T0377", "x": 629604.13, "y": 5220271.16, "order": 159, "visited": true}}, {"type": "Feature", "geometry": {"type": "Point", "coordinates": [629594.06, 5220280.22]}, "properties": {"type": "gap", "gap_m": 7.9, "vineyard_id": "V12", "row_id": "V12-R02", "reachable": true, "id": "T0378", "x": 629594.06, "y": 5220280.22, "order": 211, "visited": true}}, {"type": "Feature", "geometry": {"type": "Point", "coordinates": [629592.18, 5220278.34]}, "properties": {"type": "gap", "gap_m": 10.3, "vineyard_id": "V12", "row_id": "V12-R03", "reachable": true, "id": "T0379", "x": 629592.18, "y": 5220278.34, "order": 212, "visited": true}}, {"type": "Feature", "geometry": {"type": "Point", "coordinates": [629577.05, 5220274.64]}, "properties": {"type": "gap", "gap_m": 5.5, "vineyard_id": "V12", "row_id": "V12-R04", "reachable": true, "id": "T0380", "x": 629577.05, "y": 5220274.64, "order": 214, "visited": true}}, {"type": "Feature", "geometry": {"type": "Point", "coordinates": [629574.98, 5220273.29]}, "properties": {"type": "gap", "gap_m": 6.4, "vineyard_id": "V12", "row_id": "V12-R05", "reachable": true, "id": "T0381", "x": 629574.98, "y": 5220273.29, "order": 215, "visited": true}}, {"type": "Feature", "geometry": {"type": "Point", "coordinates": [629509.64, 5220232.15]}, "properties": {"type": "gap", "gap_m": 15.9, "vineyard_id": "V13", "row_id": "V13-R01", "reachable": true, "id": "T0382", "x": 629509.64, "y": 5220232.15, "order": null, "visited": false}}, {"type": "Feature", "geometry": {"type": "Point", "coordinates": [629516.92, 5220222.49]}, "properties": {"type": "gap", "gap_m": 5.8, "vineyard_id": "V13", "row_id": "V13-R01", "reachable": true, "id": "T0383", "x": 629516.92, "y": 5220222.49, "order": 2, "visited": true}}, {"type": "Feature", "geometry": {"type": "Point", "coordinates": [629521.79, 5220216.02]}, "properties": {"type": "gap", "gap_m": 9.1, "vineyard_id": "V13", "row_id": "V13-R01", "reachable": true, "id": "T0384", "x": 629521.79, "y": 5220216.02, "order": 7, "visited": true}}, {"type": "Feature", "geometry": {"type": "Point", "coordinates": [629531.31, 5220203.38]}, "properties": {"type": "gap", "gap_m": 4.4, "vineyard_id": "V13", "row_id": "V13-R01", "reachable": true, "id": "T0385", "x": 629531.31, "y": 5220203.38, "order": 9, "visited": true}}, {"type": "Feature", "geometry": {"type": "Point", "coordinates": [629517.1, 5220218.06]}, "properties": {"type": "gap", "gap_m": 10.8, "vineyard_id": "V13", "row_id": "V13-R02", "reachable": true, "id": "T0386", "x": 629517.1, "y": 5220218.06, "order": 6, "visited": true}}, {"type": "Feature", "geometry": {"type": "Point", "coordinates": [629523.22, 5220209.94]}, "properties": {"type": "gap", "gap_m": 5.0, "vineyard_id": "V13", "row_id": "V13-R02", "reachable": true, "id": "T0387", "x": 629523.22, "y": 5220209.94, "order": 8, "visited": true}}, {"type": "Feature", "geometry": {"type": "Point", "coordinates": [629653.86, 5220274.54]}, "properties": {"type": "gap", "gap_m": 3.8, "vineyard_id": "V14", "row_id": "V14-R02", "reachable": true, "id": "T0389", "x": 629653.86, "y": 5220274.54, "order": 167, "visited": true}}, {"type": "Feature", "geometry": {"type": "Point", "coordinates": [629656.79, 5220270.73]}, "properties": {"type": "gap", "gap_m": 3.3, "vineyard_id": "V14", "row_id": "V14-R02", "reachable": true, "id": "T0390", "x": 629656.79, "y": 5220270.73, "order": 169, "visited": true}}, {"type": "Feature", "geometry": {"type": "Point", "coordinates": [629661.13, 5220265.11]}, "properties": {"type": "gap", "gap_m": 4.4, "vineyard_id": "V14", "row_id": "V14-R02", "reachable": true, "id": "T0391", "x": 629661.13, "y": 5220265.11, "order": null, "visited": true}}, {"type": "Feature", "geometry": {"type": "Point", "coordinates": [629690.48, 5220227.07]}, "properties": {"type": "gap", "gap_m": 47.6, "vineyard_id": "V14", "row_id": "V14-R02", "reachable": true, "id": "T0392", "x": 629690.48, "y": 5220227.07, "order": 171, "visited": true}}, {"type": "Feature", "geometry": {"type": "Point", "coordinates": [629652.04, 5220272.11]}, "properties": {"type": "gap", "gap_m": 3.6, "vineyard_id": "V14", "row_id": "V14-R03", "reachable": true, "id": "T0393", "x": 629652.04, "y": 5220272.11, "order": 168, "visited": true}}, {"type": "Feature", "geometry": {"type": "Point", "coordinates": [629662.39, 5220258.76]}, "properties": {"type": "gap", "gap_m": 3.2, "vineyard_id": "V14", "row_id": "V14-R03", "reachable": true, "id": "T0394", "x": 629662.39, "y": 5220258.76, "order": 166, "visited": true}}, {"type": "Feature", "geometry": {"type": "Point", "coordinates": [629666.81, 5220252.98]}, "properties": {"type": "gap", "gap_m": 3.4, "vineyard_id": "V14", "row_id": "V14-R03", "reachable": true, "id": "T0395", "x": 629666.81, "y": 5220252.98, "order": 170, "visited": true}}, {"type": "Feature", "geometry": {"type": "Point", "coordinates": [629671.2, 5220247.31]}, "properties": {"type": "gap", "gap_m": 3.3, "vineyard_id": "V14", "row_id": "V14-R03", "reachable": true, "id": "T0396", "x": 629671.2, "y": 5220247.31, "order": 165, "visited": true}}, {"type": "Feature", "geometry": {"type": "Point", "coordinates": [629680.37, 5220235.43]}, "properties": {"type": "gap", "gap_m": 3.0, "vineyard_id": "V14", "row_id": "V14-R03", "reachable": true, "id": "T0397", "x": 629680.37, "y": 5220235.43, "order": 164, "visited": true}}, {"type": "Feature", "geometry": {"type": "Point", "coordinates": [629700.02, 5220210.0]}, "properties": {"type": "gap", "gap_m": 5.9, "vineyard_id": "V14", "row_id": "V14-R03", "reachable": true, "id": "T0398", "x": 629700.02, "y": 5220210.0, "order": 172, "visited": true}}, {"type": "Feature", "geometry": {"type": "Point", "coordinates": [629675.26, 5220237.6]}, "properties": {"type": "gap", "gap_m": 3.3, "vineyard_id": "V14", "row_id": "V14-R04", "reachable": true, "id": "T0399", "x": 629675.26, "y": 5220237.6, "order": 162, "visited": true}}, {"type": "Feature", "geometry": {"type": "Point", "coordinates": [629696.57, 5220210.11]}, "properties": {"type": "gap", "gap_m": 4.1, "vineyard_id": "V14", "row_id": "V14-R04", "reachable": true, "id": "T0400", "x": 629696.57, "y": 5220210.11, "order": 163, "visited": true}}, {"type": "Feature", "geometry": {"type": "Point", "coordinates": [629639.79, 5220279.32]}, "properties": {"type": "gap", "gap_m": 4.1, "vineyard_id": "V14", "row_id": "V14-R05", "reachable": true, "id": "T0401", "x": 629639.79, "y": 5220279.32, "order": 160, "visited": true}}, {"type": "Feature", "geometry": {"type": "Point", "coordinates": [629658.91, 5220254.33]}, "properties": {"type": "gap", "gap_m": 4.4, "vineyard_id": "V14", "row_id": "V14-R05", "reachable": true, "id": "T0402", "x": 629658.91, "y": 5220254.33, "order": 161, "visited": true}}, {"type": "Feature", "geometry": {"type": "Point", "coordinates": [629694.69, 5220207.9]}, "properties": {"type": "gap", "gap_m": 8.3, "vineyard_id": "V14", "row_id": "V14-R05", "reachable": true, "id": "T0403", "x": 629694.69, "y": 5220207.9, "order": 174, "visited": true}}, {"type": "Feature", "geometry": {"type": "Point", "coordinates": [629658.85, 5220249.77]}, "properties": {"type": "gap", "gap_m": 4.2, "vineyard_id": "V14", "row_id": "V14-R06", "reachable": true, "id": "T0404", "x": 629658.85, "y": 5220249.77, "order": 208, "visited": true}}, {"type": "Feature", "geometry": {"type": "Point", "coordinates": [629691.19, 5220208.07]}, "properties": {"type": "gap", "gap_m": 7.8, "vineyard_id": "V14", "row_id": "V14-R06", "reachable": true, "id": "T0405", "x": 629691.19, "y": 5220208.07, "order": 175, "visited": true}}, {"type": "Feature", "geometry": {"type": "Point", "coordinates": [629644.12, 5220264.38]}, "properties": {"type": "gap", "gap_m": 3.9, "vineyard_id": "V14", "row_id": "V14-R08", "reachable": true, "id": "T0406", "x": 629644.12, "y": 5220264.38, "order": 209, "visited": true}}, {"type": "Feature", "geometry": {"type": "Point", "coordinates": [629688.04, 5220207.49]}, "properties": {"type": "gap", "gap_m": 8.7, "vineyard_id": "V14", "row_id": "V14-R08", "reachable": true, "id": "T0407", "x": 629688.04, "y": 5220207.49, "order": 207, "visited": true}}, {"type": "Feature", "geometry": {"type": "Point", "coordinates": [629686.08, 5220205.58]}, "properties": {"type": "gap", "gap_m": 5.3, "vineyard_id": "V14", "row_id": "V14-R09", "reachable": true, "id": "T0408", "x": 629686.08, "y": 5220205.58, "order": 206, "visited": true}}, {"type": "Feature", "geometry": {"type": "Point", "coordinates": [629682.77, 5220205.1]}, "properties": {"type": "gap", "gap_m": 6.7, "vineyard_id": "V14", "row_id": "V14-R10", "reachable": true, "id": "T0409", "x": 629682.77, "y": 5220205.1, "order": 205, "visited": true}}, {"type": "Feature", "geometry": {"type": "Point", "coordinates": [629680.45, 5220203.62]}, "properties": {"type": "gap", "gap_m": 6.7, "vineyard_id": "V14", "row_id": "V14-R11", "reachable": true, "id": "T0410", "x": 629680.45, "y": 5220203.62, "order": 204, "visited": true}}, {"type": "Feature", "geometry": {"type": "Point", "coordinates": [629624.58, 5220271.69]}, "properties": {"type": "gap", "gap_m": 4.1, "vineyard_id": "V14", "row_id": "V14-R12", "reachable": true, "id": "T0411", "x": 629624.58, "y": 5220271.69, "order": null, "visited": false}}, {"type": "Feature", "geometry": {"type": "Point", "coordinates": [629677.19, 5220203.45]}, "properties": {"type": "gap", "gap_m": 6.6, "vineyard_id": "V14", "row_id": "V14-R12", "reachable": true, "id": "T0412", "x": 629677.19, "y": 5220203.45, "order": 203, "visited": true}}, {"type": "Feature", "geometry": {"type": "Point", "coordinates": [629674.21, 5220202.66]}, "properties": {"type": "gap", "gap_m": 6.9, "vineyard_id": "V14", "row_id": "V14-R13", "reachable": true, "id": "T0413", "x": 629674.21, "y": 5220202.66, "order": 202, "visited": true}}, {"type": "Feature", "geometry": {"type": "Point", "coordinates": [629631.48, 5220253.58]}, "properties": {"type": "gap", "gap_m": 3.8, "vineyard_id": "V14", "row_id": "V14-R14", "reachable": true, "id": "T0414", "x": 629631.48, "y": 5220253.58, "order": null, "visited": false}}, {"type": "Feature", "geometry": {"type": "Point", "coordinates": [629671.77, 5220201.48]}, "properties": {"type": "gap", "gap_m": 6.9, "vineyard_id": "V14", "row_id": "V14-R14", "reachable": true, "id": "T0415", "x": 629671.77, "y": 5220201.48, "order": 201, "visited": true}}, {"type": "Feature", "geometry": {"type": "Point", "coordinates": [629665.28, 5220200.58]}, "properties": {"type": "gap", "gap_m": 3.4, "vineyard_id": "V14", "row_id": "V14-R16", "reachable": true, "id": "T0416", "x": 629665.28, "y": 5220200.58, "order": 197, "visited": true}}, {"type": "Feature", "geometry": {"type": "Point", "coordinates": [629612.71, 5220260.05]}, "properties": {"type": "gap", "gap_m": 3.1, "vineyard_id": "V14", "row_id": "V14-R18", "reachable": true, "id": "T0417", "x": 629612.71, "y": 5220260.05, "order": null, "visited": false}}, {"type": "Feature", "geometry": {"type": "Point", "coordinates": [629622.98, 5220246.92]}, "properties": {"type": "gap", "gap_m": 4.1, "vineyard_id": "V14", "row_id": "V14-R18", "reachable": true, "id": "T0418", "x": 629622.98, "y": 5220246.92, "order": null, "visited": false}}, {"type": "Feature", "geometry": {"type": "Point", "coordinates": [629639.02, 5220216.85]}, "properties": {"type": "gap", "gap_m": 3.1, "vineyard_id": "V14", "row_id": "V14-R20", "reachable": true, "id": "T0419", "x": 629639.02, "y": 5220216.85, "order": null, "visited": false}}, {"type": "Feature", "geometry": {"type": "Point", "coordinates": [629589.07, 5220277.41]}, "properties": {"type": "gap", "gap_m": 9.3, "vineyard_id": "V14", "row_id": "V14-R21", "reachable": true, "id": "T0420", "x": 629589.07, "y": 5220277.41, "order": 157, "visited": true}}, {"type": "Feature", "geometry": {"type": "Point", "coordinates": [629608.56, 5220251.77]}, "properties": {"type": "gap", "gap_m": 3.0, "vineyard_id": "V14", "row_id": "V14-R21", "reachable": true, "id": "T0421", "x": 629608.56, "y": 5220251.77, "order": 158, "visited": true}}, {"type": "Feature", "geometry": {"type": "Point", "coordinates": [629586.11, 5220276.93]}, "properties": {"type": "gap", "gap_m": 7.2, "vineyard_id": "V14", "row_id": "V14-R22", "reachable": true, "id": "T0422", "x": 629586.11, "y": 5220276.93, "order": 156, "visited": true}}, {"type": "Feature", "geometry": {"type": "Point", "coordinates": [629614.35, 5220239.63]}, "properties": {"type": "gap", "gap_m": 5.2, "vineyard_id": "V14", "row_id": "V14-R22", "reachable": true, "id": "T0423", "x": 629614.35, "y": 5220239.63, "order": 139, "visited": true}}, {"type": "Feature", "geometry": {"type": "Point", "coordinates": [629583.91, 5220274.94]}, "properties": {"type": "gap", "gap_m": 7.6, "vineyard_id": "V14", "row_id": "V14-R23", "reachable": true, "id": "T0424", "x": 629583.91, "y": 5220274.94, "order": 155, "visited": true}}, {"type": "Feature", "geometry": {"type": "Point", "coordinates": [629580.19, 5220275.32]}, "properties": {"type": "gap", "gap_m": 7.2, "vineyard_id": "V14", "row_id": "V14-R24", "reachable": true, "id": "T0425", "x": 629580.19, "y": 5220275.32, "order": 213, "visited": true}}, {"type": "Feature", "geometry": {"type": "Point", "coordinates": [629616.67, 5220222.5]}, "properties": {"type": "gap", "gap_m": 3.1, "vineyard_id": "V14", "row_id": "V14-R25", "reachable": true, "id": "T0426", "x": 629616.67, "y": 5220222.5, "order": 142, "visited": true}}, {"type": "Feature", "geometry": {"type": "Point", "coordinates": [629572.24, 5220272.4]}, "properties": {"type": "gap", "gap_m": 7.7, "vineyard_id": "V14", "row_id": "V14-R27", "reachable": true, "id": "T0427", "x": 629572.24, "y": 5220272.4, "order": 154, "visited": true}}, {"type": "Feature", "geometry": {"type": "Point", "coordinates": [629588.54, 5220250.77]}, "properties": {"type": "gap", "gap_m": 3.7, "vineyard_id": "V14", "row_id": "V14-R27", "reachable": true, "id": "T0428", "x": 629588.54, "y": 5220250.77, "order": 216, "visited": true}}, {"type": "Feature", "geometry": {"type": "Point", "coordinates": [629569.78, 5220271.0]}, "properties": {"type": "gap", "gap_m": 6.0, "vineyard_id": "V14", "row_id": "V14-R28", "reachable": true, "id": "T0429", "x": 629569.78, "y": 5220271.0, "order": 217, "visited": true}}, {"type": "Feature", "geometry": {"type": "Point", "coordinates": [629595.61, 5220236.94]}, "properties": {"type": "gap", "gap_m": 4.2, "vineyard_id": "V14", "row_id": "V14-R28", "reachable": true, "id": "T0430", "x": 629595.61, "y": 5220236.94, "order": 153, "visited": true}}, {"type": "Feature", "geometry": {"type": "Point", "coordinates": [629602.83, 5220227.54]}, "properties": {"type": "gap", "gap_m": 3.4, "vineyard_id": "V14", "row_id": "V14-R28", "reachable": true, "id": "T0431", "x": 629602.83, "y": 5220227.54, "order": 152, "visited": true}}, {"type": "Feature", "geometry": {"type": "Point", "coordinates": [629566.69, 5220270.42]}, "properties": {"type": "gap", "gap_m": 7.0, "vineyard_id": "V14", "row_id": "V14-R29", "reachable": true, "id": "T0432", "x": 629566.69, "y": 5220270.42, "order": 218, "visited": true}}, {"type": "Feature", "geometry": {"type": "Point", "coordinates": [629563.67, 5220269.94]}, "properties": {"type": "gap", "gap_m": 8.3, "vineyard_id": "V14", "row_id": "V14-R30", "reachable": true, "id": "T0433", "x": 629563.67, "y": 5220269.94, "order": 219, "visited": true}}, {"type": "Feature", "geometry": {"type": "Point", "coordinates": [629560.51, 5220269.6]}, "properties": {"type": "gap", "gap_m": 9.3, "vineyard_id": "V14", "row_id": "V14-R31", "reachable": true, "id": "T0434", "x": 629560.51, "y": 5220269.6, "order": 221, "visited": true}}, {"type": "Feature", "geometry": {"type": "Point", "coordinates": [629576.39, 5220247.87]}, "properties": {"type": "gap", "gap_m": 4.1, "vineyard_id": "V14", "row_id": "V14-R31", "reachable": true, "id": "T0435", "x": 629576.39, "y": 5220247.87, "order": 220, "visited": true}}, {"type": "Feature", "geometry": {"type": "Point", "coordinates": [629558.0, 5220268.79]}, "properties": {"type": "gap", "gap_m": 8.2, "vineyard_id": "V14", "row_id": "V14-R32", "reachable": true, "id": "T0436", "x": 629558.0, "y": 5220268.79, "order": 222, "visited": true}}, {"type": "Feature", "geometry": {"type": "Point", "coordinates": [629597.23, 5220216.68]}, "properties": {"type": "gap", "gap_m": 4.8, "vineyard_id": "V14", "row_id": "V14-R32", "reachable": true, "id": "T0437", "x": 629597.23, "y": 5220216.68, "order": 229, "visited": true}}, {"type": "Feature", "geometry": {"type": "Point", "coordinates": [629602.17, 5220210.27]}, "properties": {"type": "gap", "gap_m": 10.2, "vineyard_id": "V14", "row_id": "V14-R32", "reachable": true, "id": "T0438", "x": 629602.17, "y": 5220210.27, "order": 228, "visited": true}}, {"type": "Feature", "geometry": {"type": "Point", "coordinates": [629597.68, 5220211.5]}, "properties": {"type": "gap", "gap_m": 19.4, "vineyard_id": "V14", "row_id": "V14-R33", "reachable": true, "id": "T0439", "x": 629597.68, "y": 5220211.5, "order": 226, "visited": true}}, {"type": "Feature", "geometry": {"type": "Point", "coordinates": [629557.53, 5220259.76]}, "properties": {"type": "gap", "gap_m": 3.1, "vineyard_id": "V14", "row_id": "V14-R35", "reachable": true, "id": "T0440", "x": 629557.53, "y": 5220259.76, "order": 223, "visited": true}}, {"type": "Feature", "geometry": {"type": "Point", "coordinates": [629562.45, 5220247.57]}, "properties": {"type": "gap", "gap_m": 4.5, "vineyard_id": "V14", "row_id": "V14-R36", "reachable": true, "id": "T0441", "x": 629562.45, "y": 5220247.57, "order": 224, "visited": true}}, {"type": "Feature", "geometry": {"type": "Point", "coordinates": [629590.66, 5220202.29]}, "properties": {"type": "gap", "gap_m": 3.5, "vineyard_id": "V14", "row_id": "V14-R39", "reachable": true, "id": "T0442", "x": 629590.66, "y": 5220202.29, "order": 235, "visited": true}}, {"type": "Feature", "geometry": {"type": "Point", "coordinates": [629572.06, 5220220.5]}, "properties": {"type": "gap", "gap_m": 59.5, "vineyard_id": "V14", "row_id": "V14-R42", "reachable": true, "id": "T0443", "x": 629572.06, "y": 5220220.5, "order": 237, "visited": true}}, {"type": "Feature", "geometry": {"type": "Point", "coordinates": [629592.1, 5220193.93]}, "properties": {"type": "gap", "gap_m": 3.6, "vineyard_id": "V14", "row_id": "V14-R42", "reachable": true, "id": "T0444", "x": 629592.1, "y": 5220193.93, "order": 239, "visited": true}}, {"type": "Feature", "geometry": {"type": "Point", "coordinates": [629546.8, 5220247.72]}, "properties": {"type": "gap", "gap_m": 3.7, "vineyard_id": "V14", "row_id": "V14-R43", "reachable": true, "id": "T0445", "x": 629546.8, "y": 5220247.72, "order": 241, "visited": true}}, {"type": "Feature", "geometry": {"type": "Point", "coordinates": [629554.36, 5220237.75]}, "properties": {"type": "gap", "gap_m": 3.6, "vineyard_id": "V14", "row_id": "V14-R43", "reachable": true, "id": "T0446", "x": 629554.36, "y": 5220237.75, "order": 242, "visited": true}}, {"type": "Feature", "geometry": {"type": "Point", "coordinates": [629564.43, 5220224.8]}, "properties": {"type": "gap", "gap_m": 3.1, "vineyard_id": "V14", "row_id": "V14-R43", "reachable": true, "id": "T0447", "x": 629564.43, "y": 5220224.8, "order": 238, "visited": true}}, {"type": "Feature", "geometry": {"type": "Point", "coordinates": [629567.89, 5220220.48]}, "properties": {"type": "gap", "gap_m": 3.8, "vineyard_id": "V14", "row_id": "V14-R43", "reachable": true, "id": "T0448", "x": 629567.89, "y": 5220220.48, "order": 243, "visited": true}}, {"type": "Feature", "geometry": {"type": "Point", "coordinates": [629570.79, 5220216.86]}, "properties": {"type": "gap", "gap_m": 4.6, "vineyard_id": "V14", "row_id": "V14-R43", "reachable": true, "id": "T0449", "x": 629570.79, "y": 5220216.86, "order": 244, "visited": true}}, {"type": "Feature", "geometry": {"type": "Point", "coordinates": [629588.64, 5220191.98]}, "properties": {"type": "gap", "gap_m": 5.4, "vineyard_id": "V14", "row_id": "V14-R44", "reachable": true, "id": "T0450", "x": 629588.64, "y": 5220191.98, "order": 236, "visited": true}}, {"type": "Feature", "geometry": {"type": "Point", "coordinates": [629599.21, 5220177.87]}, "properties": {"type": "gap", "gap_m": 6.2, "vineyard_id": "V14", "row_id": "V14-R44", "reachable": true, "id": "T0451", "x": 629599.21, "y": 5220177.87, "order": 240, "visited": true}}, {"type": "Feature", "geometry": {"type": "Point", "coordinates": [629596.69, 5220176.65]}, "properties": {"type": "gap", "gap_m": 6.4, "vineyard_id": "V14", "row_id": "V14-R45", "reachable": true, "id": "T0452", "x": 629596.69, "y": 5220176.65, "order": 245, "visited": true}}, {"type": "Feature", "geometry": {"type": "Point", "coordinates": [629593.83, 5220175.93]}, "properties": {"type": "gap", "gap_m": 5.6, "vineyard_id": "V14", "row_id": "V14-R46", "reachable": true, "id": "T0453", "x": 629593.83, "y": 5220175.93, "order": 246, "visited": true}}, {"type": "Feature", "geometry": {"type": "Point", "coordinates": [629540.83, 5220241.56]}, "properties": {"type": "gap", "gap_m": 3.1, "vineyard_id": "V14", "row_id": "V14-R47", "reachable": true, "id": "T0454", "x": 629540.83, "y": 5220241.56, "order": 251, "visited": true}}, {"type": "Feature", "geometry": {"type": "Point", "coordinates": [629558.45, 5220218.12]}, "properties": {"type": "gap", "gap_m": 3.4, "vineyard_id": "V14", "row_id": "V14-R47", "reachable": true, "id": "T0455", "x": 629558.45, "y": 5220218.12, "order": 248, "visited": true}}, {"type": "Feature", "geometry": {"type": "Point", "coordinates": [629570.55, 5220202.54]}, "properties": {"type": "gap", "gap_m": 3.4, "vineyard_id": "V14", "row_id": "V14-R47", "reachable": true, "id": "T0456", "x": 629570.55, "y": 5220202.54, "order": 250, "visited": true}}, {"type": "Feature", "geometry": {"type": "Point", "coordinates": [629573.69, 5220198.49]}, "properties": {"type": "gap", "gap_m": 5.4, "vineyard_id": "V14", "row_id": "V14-R47", "reachable": true, "id": "T0457", "x": 629573.69, "y": 5220198.49, "order": 247, "visited": true}}, {"type": "Feature", "geometry": {"type": "Point", "coordinates": [629591.2, 5220175.17]}, "properties": {"type": "gap", "gap_m": 6.0, "vineyard_id": "V14", "row_id": "V14-R47", "reachable": true, "id": "T0458", "x": 629591.2, "y": 5220175.17, "order": 249, "visited": true}}, {"type": "Feature", "geometry": {"type": "Point", "coordinates": [629552.46, 5220221.97]}, "properties": {"type": "gap", "gap_m": 4.3, "vineyard_id": "V14", "row_id": "V14-R48", "reachable": true, "id": "T0459", "x": 629552.46, "y": 5220221.97, "order": 254, "visited": true}}, {"type": "Feature", "geometry": {"type": "Point", "coordinates": [629570.73, 5220197.53]}, "properties": {"type": "gap", "gap_m": 3.7, "vineyard_id": "V14", "row_id": "V14-R48", "reachable": true, "id": "T0460", "x": 629570.73, "y": 5220197.53, "order": 252, "visited": true}}, {"type": "Feature", "geometry": {"type": "Point", "coordinates": [629588.56, 5220174.19]}, "properties": {"type": "gap", "gap_m": 5.2, "vineyard_id": "V14", "row_id": "V14-R48", "reachable": true, "id": "T0461", "x": 629588.56, "y": 5220174.19, "order": 253, "visited": true}}, {"type": "Feature", "geometry": {"type": "Point", "coordinates": [629555.24, 5220213.58]}, "properties": {"type": "gap", "gap_m": 5.6, "vineyard_id": "V14", "row_id": "V14-R49", "reachable": true, "id": "T0462", "x": 629555.24, "y": 5220213.58, "order": 255, "visited": true}}, {"type": "Feature", "geometry": {"type": "Point", "coordinates": [629528.11, 5220245.09]}, "properties": {"type": "gap", "gap_m": 3.9, "vineyard_id": "V14", "row_id": "V14-R50", "reachable": true, "id": "T0463", "x": 629528.11, "y": 5220245.09, "order": 258, "visited": true}}, {"type": "Feature", "geometry": {"type": "Point", "coordinates": [629531.27, 5220240.88]}, "properties": {"type": "gap", "gap_m": 5.2, "vineyard_id": "V14", "row_id": "V14-R50", "reachable": true, "id": "T0464", "x": 629531.27, "y": 5220240.88, "order": 263, "visited": true}}, {"type": "Feature", "geometry": {"type": "Point", "coordinates": [629539.2, 5220230.33]}, "properties": {"type": "gap", "gap_m": 6.5, "vineyard_id": "V14", "row_id": "V14-R50", "reachable": true, "id": "T0465", "x": 629539.2, "y": 5220230.33, "order": 264, "visited": true}}, {"type": "Feature", "geometry": {"type": "Point", "coordinates": [629544.0, 5220223.94]}, "properties": {"type": "gap", "gap_m": 3.7, "vineyard_id": "V14", "row_id": "V14-R50", "reachable": true, "id": "T0466", "x": 629544.0, "y": 5220223.94, "order": 259, "visited": true}}, {"type": "Feature", "geometry": {"type": "Point", "coordinates": [629548.38, 5220218.11]}, "properties": {"type": "gap", "gap_m": 3.6, "vineyard_id": "V14", "row_id": "V14-R50", "reachable": true, "id": "T0467", "x": 629548.38, "y": 5220218.11, "order": 265, "visited": true}}, {"type": "Feature", "geometry": {"type": "Point", "coordinates": [629550.59, 5220215.17]}, "properties": {"type": "gap", "gap_m": 3.0, "vineyard_id": "V14", "row_id": "V14-R50", "reachable": true, "id": "T0468", "x": 629550.59, "y": 5220215.17, "order": 257, "visited": true}}, {"type": "Feature", "geometry": {"type": "Point", "coordinates": [629552.72, 5220212.33]}, "properties": {"type": "gap", "gap_m": 3.1, "vineyard_id": "V14", "row_id": "V14-R50", "reachable": true, "id": "T0469", "x": 629552.72, "y": 5220212.33, "order": 266, "visited": true}}, {"type": "Feature", "geometry": {"type": "Point", "coordinates": [629555.46, 5220208.19]}, "properties": {"type": "gap", "gap_m": 5.1, "vineyard_id": "V14", "row_id": "V14-R50", "reachable": true, "id": "T0470", "x": 629555.46, "y": 5220208.19, "order": 267, "visited": true}}, {"type": "Feature", "geometry": {"type": "Point", "coordinates": [629582.89, 5220172.51]}, "properties": {"type": "gap", "gap_m": 5.3, "vineyard_id": "V14", "row_id": "V14-R50", "reachable": true, "id": "T0471", "x": 629582.89, "y": 5220172.51, "order": 260, "visited": true}}, {"type": "Feature", "geometry": {"type": "Point", "coordinates": [629523.89, 5220245.87]}, "properties": {"type": "gap", "gap_m": 4.7, "vineyard_id": "V14", "row_id": "V14-R51", "reachable": true, "id": "T0472", "x": 629523.89, "y": 5220245.87, "order": null, "visited": false}}, {"type": "Feature", "geometry": {"type": "Point", "coordinates": [629532.54, 5220234.34]}, "properties": {"type": "gap", "gap_m": 3.2, "vineyard_id": "V14", "row_id": "V14-R51", "reachable": true, "id": "T0473", "x": 629532.54, "y": 5220234.34, "order": 262, "visited": true}}, {"type": "Feature", "geometry": {"type": "Point", "coordinates": [629542.07, 5220221.64]}, "properties": {"type": "gap", "gap_m": 3.0, "vineyard_id": "V14", "row_id": "V14-R51", "reachable": true, "id": "T0474", "x": 629542.07, "y": 5220221.64, "order": 261, "visited": true}}, {"type": "Feature", "geometry": {"type": "Point", "coordinates": [629580.04, 5220171.71]}, "properties": {"type": "gap", "gap_m": 6.0, "vineyard_id": "V14", "row_id": "V14-R51", "reachable": true, "id": "T0475", "x": 629580.04, "y": 5220171.71, "order": 268, "visited": true}}, {"type": "Feature", "geometry": {"type": "Point", "coordinates": [629585.4, 5220164.67]}, "properties": {"type": "gap", "gap_m": 3.3, "vineyard_id": "V14", "row_id": "V14-R51", "reachable": true, "id": "T0476", "x": 629585.4, "y": 5220164.67, "order": 269, "visited": true}}, {"type": "Feature", "geometry": {"type": "Point", "coordinates": [629520.0, 5220246.58]}, "properties": {"type": "gap", "gap_m": 5.3, "vineyard_id": "V14", "row_id": "V14-R52", "reachable": true, "id": "T0477", "x": 629520.0, "y": 5220246.58, "order": null, "visited": true}}, {"type": "Feature", "geometry": {"type": "Point", "coordinates": [629523.37, 5220242.11]}, "properties": {"type": "gap", "gap_m": 4.4, "vineyard_id": "V14", "row_id": "V14-R52", "reachable": true, "id": "T0478", "x": 629523.37, "y": 5220242.11, "order": null, "visited": true}}, {"type": "Feature", "geometry": {"type": "Point", "coordinates": [629528.79, 5220234.91]}, "properties": {"type": "gap", "gap_m": 3.2, "vineyard_id": "V14", "row_id": "V14-R52", "reachable": true, "id": "T0479", "x": 629528.79, "y": 5220234.91, "order": null, "visited": true}}, {"type": "Feature", "geometry": {"type": "Point", "coordinates": [629533.73, 5220228.36]}, "properties": {"type": "gap", "gap_m": 5.6, "vineyard_id": "V14", "row_id": "V14-R52", "reachable": true, "id": "T0480", "x": 629533.73, "y": 5220228.36, "order": 281, "visited": true}}, {"type": "Feature", "geometry": {"type": "Point", "coordinates": [629549.02, 5220208.08]}, "properties": {"type": "gap", "gap_m": 6.7, "vineyard_id": "V14", "row_id": "V14-R52", "reachable": true, "id": "T0481", "x": 629549.02, "y": 5220208.08, "order": 279, "visited": true}}, {"type": "Feature", "geometry": {"type": "Point", "coordinates": [629555.44, 5220199.56]}, "properties": {"type": "gap", "gap_m": 3.5, "vineyard_id": "V14", "row_id": "V14-R52", "reachable": true, "id": "T0482", "x": 629555.44, "y": 5220199.56, "order": 278, "visited": true}}, {"type": "Feature", "geometry": {"type": "Point", "coordinates": [629578.12, 5220169.67]}, "properties": {"type": "gap", "gap_m": 8.2, "vineyard_id": "V14", "row_id": "V14-R52", "reachable": true, "id": "T0483", "x": 629578.12, "y": 5220169.67, "order": 271, "visited": true}}, {"type": "Feature", "geometry": {"type": "Point", "coordinates": [629585.95, 5220159.33]}, "properties": {"type": "gap", "gap_m": 3.3, "vineyard_id": "V14", "row_id": "V14-R52", "reachable": true, "id": "T0484", "x": 629585.95, "y": 5220159.33, "order": 272, "visited": true}}, {"type": "Feature", "geometry": {"type": "Point", "coordinates": [629523.44, 5220237.53]}, "properties": {"type": "gap", "gap_m": 5.0, "vineyard_id": "V14", "row_id": "V14-R53", "reachable": true, "id": "T0485", "x": 629523.44, "y": 5220237.53, "order": null, "visited": true}}, {"type": "Feature", "geometry": {"type": "Point", "coordinates": [629535.29, 5220221.87]}, "properties": {"type": "gap", "gap_m": 3.2, "vineyard_id": "V14", "row_id": "V14-R53", "reachable": true, "id": "T0486", "x": 629535.29, "y": 5220221.87, "order": null, "visited": true}}, {"type": "Feature", "geometry": {"type": "Point", "coordinates": [629545.92, 5220207.83]}, "properties": {"type": "gap", "gap_m": 4.3, "vineyard_id": "V14", "row_id": "V14-R53", "reachable": true, "id": "T0487", "x": 629545.92, "y": 5220207.83, "order": 280, "visited": true}}, {"type": "Feature", "geometry": {"type": "Point", "coordinates": [629554.21, 5220196.83]}, "properties": {"type": "gap", "gap_m": 4.0, "vineyard_id": "V14", "row_id": "V14-R53", "reachable": true, "id": "T0488", "x": 629554.21, "y": 5220196.83, "order": 277, "visited": true}}, {"type": "Feature", "geometry": {"type": "Point", "coordinates": [629574.43, 5220169.8]}, "properties": {"type": "gap", "gap_m": 6.9, "vineyard_id": "V14", "row_id": "V14-R53", "reachable": true, "id": "T0489", "x": 629574.43, "y": 5220169.8, "order": 276, "visited": true}}, {"type": "Feature", "geometry": {"type": "Point", "coordinates": [629517.43, 5220240.62]}, "properties": {"type": "gap", "gap_m": 4.9, "vineyard_id": "V14", "row_id": "V14-R54", "reachable": true, "id": "T0490", "x": 629517.43, "y": 5220240.62, "order": null, "visited": false}}, {"type": "Feature", "geometry": {"type": "Point", "coordinates": [629523.22, 5220232.92]}, "properties": {"type": "gap", "gap_m": 4.7, "vineyard_id": "V14", "row_id": "V14-R54", "reachable": true, "id": "T0491", "x": 629523.22, "y": 5220232.92, "order": null, "visited": false}}, {"type": "Feature", "geometry": {"type": "Point", "coordinates": [629527.02, 5220227.89]}, "properties": {"type": "gap", "gap_m": 3.3, "vineyard_id": "V14", "row_id": "V14-R54", "reachable": true, "id": "T0492", "x": 629527.02, "y": 5220227.89, "order": null, "visited": false}}, {"type": "Feature", "geometry": {"type": "Point", "coordinates": [629559.1, 5220185.53]}, "properties": {"type": "gap", "gap_m": 3.0, "vineyard_id": "V14", "row_id": "V14-R54", "reachable": true, "id": "T0494", "x": 629559.1, "y": 5220185.53, "order": null, "visited": false}}, {"type": "Feature", "geometry": {"type": "Point", "coordinates": [629571.33, 5220169.27]}, "properties": {"type": "gap", "gap_m": 6.9, "vineyard_id": "V14", "row_id": "V14-R54", "reachable": true, "id": "T0495", "x": 629571.33, "y": 5220169.27, "order": 275, "visited": true}}, {"type": "Feature", "geometry": {"type": "Point", "coordinates": [629530.16, 5220219.32]}, "properties": {"type": "gap", "gap_m": 8.7, "vineyard_id": "V14", "row_id": "V14-R55", "reachable": true, "id": "T0496", "x": 629530.16, "y": 5220219.32, "order": null, "visited": false}}, {"type": "Feature", "geometry": {"type": "Point", "coordinates": [629518.36, 5220229.79]}, "properties": {"type": "gap", "gap_m": 7.2, "vineyard_id": "V14", "row_id": "V14-R56", "reachable": true, "id": "T0497", "x": 629518.36, "y": 5220229.79, "order": 1, "visited": true}}, {"type": "Feature", "geometry": {"type": "Point", "coordinates": [629523.7, 5220222.75]}, "properties": {"type": "gap", "gap_m": 8.8, "vineyard_id": "V14", "row_id": "V14-R56", "reachable": true, "id": "T0498", "x": 629523.7, "y": 5220222.75, "order": null, "visited": false}}, {"type": "Feature", "geometry": {"type": "Point", "coordinates": [629530.49, 5220213.81]}, "properties": {"type": "gap", "gap_m": 3.0, "vineyard_id": "V14", "row_id": "V14-R56", "reachable": true, "id": "T0499", "x": 629530.49, "y": 5220213.81, "order": 3, "visited": true}}, {"type": "Feature", "geometry": {"type": "Point", "coordinates": [629535.22, 5220207.56]}, "properties": {"type": "gap", "gap_m": 8.4, "vineyard_id": "V14", "row_id": "V14-R56", "reachable": true, "id": "T0500", "x": 629535.22, "y": 5220207.56, "order": null, "visited": false}}, {"type": "Feature", "geometry": {"type": "Point", "coordinates": [629509.85, 5220236.86]}, "properties": {"type": "gap", "gap_m": 14.4, "vineyard_id": "V14", "row_id": "V14-R57", "reachable": true, "id": "T0501", "x": 629509.85, "y": 5220236.86, "order": null, "visited": true}}, {"type": "Feature", "geometry": {"type": "Point", "coordinates": [629523.35, 5220218.95]}, "properties": {"type": "gap", "gap_m": 3.9, "vineyard_id": "V14", "row_id": "V14-R57", "reachable": true, "id": "T0502", "x": 629523.35, "y": 5220218.95, "order": 4, "visited": true}}, {"type": "Feature", "geometry": {"type": "Point", "coordinates": [629526.1, 5220215.31]}, "properties": {"type": "gap", "gap_m": 3.8, "vineyard_id": "V14", "row_id": "V14-R57", "reachable": true, "id": "T0503", "x": 629526.1, "y": 5220215.31, "order": 5, "visited": true}}, {"type": "Feature", "geometry": {"type": "Point", "coordinates": [629737.31, 5220178.36]}, "properties": {"type": "gap", "gap_m": 3.6, "vineyard_id": "V15", "row_id": "V15-R01", "reachable": true, "id": "T0504", "x": 629737.31, "y": 5220178.36, "order": null, "visited": false}}, {"type": "Feature", "geometry": {"type": "Point", "coordinates": [629750.2, 5220161.93]}, "properties": {"type": "gap", "gap_m": 5.6, "vineyard_id": "V15", "row_id": "V15-R01", "reachable": true, "id": "T0505", "x": 629750.2, "y": 5220161.93, "order": null, "visited": false}}, {"type": "Feature", "geometry": {"type": "Point", "coordinates": [629744.99, 5220160.81]}, "properties": {"type": "gap", "gap_m": 20.3, "vineyard_id": "V15", "row_id": "V15-R02", "reachable": true, "id": "T0506", "x": 629744.99, "y": 5220160.81, "order": null, "visited": false}}, {"type": "Feature", "geometry": {"type": "Point", "coordinates": [629735.66, 5220154.55]}, "properties": {"type": "gap", "gap_m": 6.5, "vineyard_id": "V15", "row_id": "V15-R06", "reachable": true, "id": "T0507", "x": 629735.66, "y": 5220154.55, "order": 173, "visited": true}}, {"type": "Feature", "geometry": {"type": "Point", "coordinates": [629757.77, 5220121.12]}, "properties": {"type": "gap", "gap_m": 3.3, "vineyard_id": "V15", "row_id": "V15-R07", "reachable": true, "id": "T0508", "x": 629757.77, "y": 5220121.12, "order": 176, "visited": true}}, {"type": "Feature", "geometry": {"type": "Point", "coordinates": [629748.47, 5220119.41]}, "properties": {"type": "gap", "gap_m": 5.3, "vineyard_id": "V15", "row_id": "V15-R10", "reachable": true, "id": "T0509", "x": 629748.47, "y": 5220119.41, "order": 180, "visited": true}}, {"type": "Feature", "geometry": {"type": "Point", "coordinates": [629755.44, 5220110.26]}, "properties": {"type": "gap", "gap_m": 9.7, "vineyard_id": "V15", "row_id": "V15-R10", "reachable": true, "id": "T0510", "x": 629755.44, "y": 5220110.26, "order": 177, "visited": true}}, {"type": "Feature", "geometry": {"type": "Point", "coordinates": [629746.16, 5220117.76]}, "properties": {"type": "gap", "gap_m": 3.9, "vineyard_id": "V15", "row_id": "V15-R11", "reachable": true, "id": "T0511", "x": 629746.16, "y": 5220117.76, "order": 179, "visited": true}}, {"type": "Feature", "geometry": {"type": "Point", "coordinates": [629750.79, 5220111.62]}, "properties": {"type": "gap", "gap_m": 3.3, "vineyard_id": "V15", "row_id": "V15-R11", "reachable": true, "id": "T0512", "x": 629750.79, "y": 5220111.62, "order": 178, "visited": true}}, {"type": "Feature", "geometry": {"type": "Point", "coordinates": [629740.7, 5220115.73]}, "properties": {"type": "gap", "gap_m": 3.1, "vineyard_id": "V15", "row_id": "V15-R13", "reachable": true, "id": "T0513", "x": 629740.7, "y": 5220115.73, "order": 181, "visited": true}}, {"type": "Feature", "geometry": {"type": "Point", "coordinates": [629738.37, 5220114.36]}, "properties": {"type": "gap", "gap_m": 4.6, "vineyard_id": "V15", "row_id": "V15-R14", "reachable": true, "id": "T0514", "x": 629738.37, "y": 5220114.36, "order": 182, "visited": true}}, {"type": "Feature", "geometry": {"type": "Point", "coordinates": [629704.03, 5220154.41]}, "properties": {"type": "gap", "gap_m": 3.3, "vineyard_id": "V15", "row_id": "V15-R15", "reachable": true, "id": "T0515", "x": 629704.03, "y": 5220154.41, "order": 183, "visited": true}}, {"type": "Feature", "geometry": {"type": "Point", "coordinates": [629736.68, 5220112.12]}, "properties": {"type": "gap", "gap_m": 7.2, "vineyard_id": "V15", "row_id": "V15-R15", "reachable": true, "id": "T0516", "x": 629736.68, "y": 5220112.12, "order": 184, "visited": true}}, {"type": "Feature", "geometry": {"type": "Point", "coordinates": [629675.24, 5220186.69]}, "properties": {"type": "gap", "gap_m": 19.7, "vineyard_id": "V15", "row_id": "V15-R16", "reachable": true, "id": "T0517", "x": 629675.24, "y": 5220186.69, "order": 200, "visited": true}}, {"type": "Feature", "geometry": {"type": "Point", "coordinates": [629682.86, 5220176.79]}, "properties": {"type": "gap", "gap_m": 4.3, "vineyard_id": "V15", "row_id": "V15-R16", "reachable": true, "id": "T0518", "x": 629682.86, "y": 5220176.79, "order": 196, "visited": true}}, {"type": "Feature", "geometry": {"type": "Point", "coordinates": [629725.91, 5220120.91]}, "properties": {"type": "gap", "gap_m": 3.9, "vineyard_id": "V15", "row_id": "V15-R16", "reachable": true, "id": "T0519", "x": 629725.91, "y": 5220120.91, "order": 192, "visited": true}}, {"type": "Feature", "geometry": {"type": "Point", "coordinates": [629732.57, 5220112.27]}, "properties": {"type": "gap", "gap_m": 7.1, "vineyard_id": "V15", "row_id": "V15-R16", "reachable": true, "id": "T0520", "x": 629732.57, "y": 5220112.27, "order": 199, "visited": true}}, {"type": "Feature", "geometry": {"type": "Point", "coordinates": [629680.42, 5220175.79]}, "properties": {"type": "gap", "gap_m": 10.9, "vineyard_id": "V15", "row_id": "V15-R17", "reachable": true, "id": "T0521", "x": 629680.42, "y": 5220175.79, "order": 198, "visited": true}}, {"type": "Feature", "geometry": {"type": "Point", "coordinates": [629693.55, 5220158.67]}, "properties": {"type": "gap", "gap_m": 8.4, "vineyard_id": "V15", "row_id": "V15-R17", "reachable": true, "id": "T0522", "x": 629693.55, "y": 5220158.67, "order": 187, "visited": true}}, {"type": "Feature", "geometry": {"type": "Point", "coordinates": [629706.11, 5220142.63]}, "properties": {"type": "gap", "gap_m": 4.8, "vineyard_id": "V15", "row_id": "V15-R17", "reachable": true, "id": "T0523", "x": 629706.11, "y": 5220142.63, "order": 195, "visited": true}}, {"type": "Feature", "geometry": {"type": "Point", "coordinates": [629715.43, 5220130.29]}, "properties": {"type": "gap", "gap_m": 3.4, "vineyard_id": "V15", "row_id": "V15-R17", "reachable": true, "id": "T0524", "x": 629715.43, "y": 5220130.29, "order": 194, "visited": true}}, {"type": "Feature", "geometry": {"type": "Point", "coordinates": [629717.99, 5220126.95]}, "properties": {"type": "gap", "gap_m": 3.6, "vineyard_id": "V15", "row_id": "V15-R17", "reachable": true, "id": "T0525", "x": 629717.99, "y": 5220126.95, "order": 193, "visited": true}}, {"type": "Feature", "geometry": {"type": "Point", "coordinates": [629720.86, 5220123.22]}, "properties": {"type": "gap", "gap_m": 4.2, "vineyard_id": "V15", "row_id": "V15-R17", "reachable": true, "id": "T0526", "x": 629720.86, "y": 5220123.22, "order": 188, "visited": true}}, {"type": "Feature", "geometry": {"type": "Point", "coordinates": [629730.51, 5220110.63]}, "properties": {"type": "gap", "gap_m": 9.4, "vineyard_id": "V15", "row_id": "V15-R17", "reachable": true, "id": "T0527", "x": 629730.51, "y": 5220110.63, "order": 189, "visited": true}}, {"type": "Feature", "geometry": {"type": "Point", "coordinates": [629679.64, 5220172.9]}, "properties": {"type": "gap", "gap_m": 13.1, "vineyard_id": "V15", "row_id": "V15-R18", "reachable": true, "id": "T0528", "x": 629679.64, "y": 5220172.9, "order": 185, "visited": true}}, {"type": "Feature", "geometry": {"type": "Point", "coordinates": [629685.25, 5220165.67]}, "properties": {"type": "gap", "gap_m": 3.7, "vineyard_id": "V15", "row_id": "V15-R18", "reachable": true, "id": "T0529", "x": 629685.25, "y": 5220165.67, "order": 186, "visited": true}}, {"type": "Feature", "geometry": {"type": "Point", "coordinates": [629728.8, 5220108.89]}, "properties": {"type": "gap", "gap_m": 8.0, "vineyard_id": "V15", "row_id": "V15-R18", "reachable": true, "id": "T0530", "x": 629728.8, "y": 5220108.89, "order": 189, "visited": true}}, {"type": "Feature", "geometry": {"type": "Point", "coordinates": [629726.06, 5220108.31]}, "properties": {"type": "gap", "gap_m": 9.1, "vineyard_id": "V15", "row_id": "V15-R19", "reachable": true, "id": "T0531", "x": 629726.06, "y": 5220108.31, "order": 190, "visited": true}}, {"type": "Feature", "geometry": {"type": "Point", "coordinates": [629722.52, 5220108.87]}, "properties": {"type": "gap", "gap_m": 4.8, "vineyard_id": "V15", "row_id": "V15-R20", "reachable": true, "id": "T0532", "x": 629722.52, "y": 5220108.87, "order": 191, "visited": true}}, {"type": "Feature", "geometry": {"type": "Point", "coordinates": [629662.7, 5220185.68]}, "properties": {"type": "gap", "gap_m": 3.4, "vineyard_id": "V15", "row_id": "V15-R21", "reachable": true, "id": "T0533", "x": 629662.7, "y": 5220185.68, "order": null, "visited": false}}, {"type": "Feature", "geometry": {"type": "Point", "coordinates": [629686.49, 5220154.79]}, "properties": {"type": "gap", "gap_m": 3.8, "vineyard_id": "V15", "row_id": "V15-R21", "reachable": true, "id": "T0534", "x": 629686.49, "y": 5220154.79, "order": null, "visited": false}}, {"type": "Feature", "geometry": {"type": "Point", "coordinates": [629657.86, 5220187.15]}, "properties": {"type": "gap", "gap_m": 4.8, "vineyard_id": "V15", "row_id": "V15-R22", "reachable": true, "id": "T0535", "x": 629657.86, "y": 5220187.15, "order": null, "visited": false}}, {"type": "Feature", "geometry": {"type": "Point", "coordinates": [629649.0, 5220194.2]}, "properties": {"type": "gap", "gap_m": 6.0, "vineyard_id": "V15", "row_id": "V15-R23", "reachable": true, "id": "T0536", "x": 629649.0, "y": 5220194.2, "order": 138, "visited": true}}, {"type": "Feature", "geometry": {"type": "Point", "coordinates": [629716.13, 5220106.97]}, "properties": {"type": "gap", "gap_m": 4.9, "vineyard_id": "V15", "row_id": "V15-R23", "reachable": true, "id": "T0537", "x": 629716.13, "y": 5220106.97, "order": 137, "visited": true}}, {"type": "Feature", "geometry": {"type": "Point", "coordinates": [629646.44, 5220193.13]}, "properties": {"type": "gap", "gap_m": 6.8, "vineyard_id": "V15", "row_id": "V15-R24", "reachable": true, "id": "T0538", "x": 629646.44, "y": 5220193.13, "order": 140, "visited": true}}, {"type": "Feature", "geometry": {"type": "Point", "coordinates": [629713.25, 5220106.23]}, "properties": {"type": "gap", "gap_m": 6.2, "vineyard_id": "V15", "row_id": "V15-R24", "reachable": true, "id": "T0539", "x": 629713.25, "y": 5220106.23, "order": 136, "visited": true}}, {"type": "Feature", "geometry": {"type": "Point", "coordinates": [629643.78, 5220192.02]}, "properties": {"type": "gap", "gap_m": 5.6, "vineyard_id": "V15", "row_id": "V15-R25", "reachable": true, "id": "T0540", "x": 629643.78, "y": 5220192.02, "order": 141, "visited": true}}, {"type": "Feature", "geometry": {"type": "Point", "coordinates": [629640.93, 5220191.1]}, "properties": {"type": "gap", "gap_m": 6.3, "vineyard_id": "V15", "row_id": "V15-R26", "reachable": true, "id": "T0541", "x": 629640.93, "y": 5220191.1, "order": 143, "visited": true}}, {"type": "Feature", "geometry": {"type": "Point", "coordinates": [629679.45, 5220140.94]}, "properties": {"type": "gap", "gap_m": 5.3, "vineyard_id": "V15", "row_id": "V15-R26", "reachable": true, "id": "T0542", "x": 629679.45, "y": 5220140.94, "order": 135, "visited": true}}, {"type": "Feature", "geometry": {"type": "Point", "coordinates": [629637.92, 5220190.49]}, "properties": {"type": "gap", "gap_m": 6.1, "vineyard_id": "V15", "row_id": "V15-R27", "reachable": true, "id": "T0543", "x": 629637.92, "y": 5220190.49, "order": 144, "visited": true}}, {"type": "Feature", "geometry": {"type": "Point", "coordinates": [629705.05, 5220102.96]}, "properties": {"type": "gap", "gap_m": 4.6, "vineyard_id": "V15", "row_id": "V15-R27", "reachable": true, "id": "T0544", "x": 629705.05, "y": 5220102.96, "order": 134, "visited": true}}, {"type": "Feature", "geometry": {"type": "Point", "coordinates": [629631.7, 5220194.13]}, "properties": {"type": "gap", "gap_m": 3.0, "vineyard_id": "V15", "row_id": "V15-R28", "reachable": true, "id": "T0545", "x": 629631.7, "y": 5220194.13, "order": 147, "visited": true}}, {"type": "Feature", "geometry": {"type": "Point", "coordinates": [629635.54, 5220189.12]}, "properties": {"type": "gap", "gap_m": 5.9, "vineyard_id": "V15", "row_id": "V15-R28", "reachable": true, "id": "T0546", "x": 629635.54, "y": 5220189.12, "order": 146, "visited": true}}, {"type": "Feature", "geometry": {"type": "Point", "coordinates": [629640.18, 5220183.08]}, "properties": {"type": "gap", "gap_m": 3.4, "vineyard_id": "V15", "row_id": "V15-R28", "reachable": true, "id": "T0547", "x": 629640.18, "y": 5220183.08, "order": 145, "visited": true}}, {"type": "Feature", "geometry": {"type": "Point", "coordinates": [629702.08, 5220102.1]}, "properties": {"type": "gap", "gap_m": 4.4, "vineyard_id": "V15", "row_id": "V15-R28", "reachable": true, "id": "T0548", "x": 629702.08, "y": 5220102.1, "order": 133, "visited": true}}, {"type": "Feature", "geometry": {"type": "Point", "coordinates": [629632.49, 5220188.34]}, "properties": {"type": "gap", "gap_m": 6.2, "vineyard_id": "V15", "row_id": "V15-R29", "reachable": true, "id": "T0549", "x": 629632.49, "y": 5220188.34, "order": 148, "visited": true}}, {"type": "Feature", "geometry": {"type": "Point", "coordinates": [629646.21, 5220170.33]}, "properties": {"type": "gap", "gap_m": 3.2, "vineyard_id": "V15", "row_id": "V15-R29", "reachable": true, "id": "T0550", "x": 629646.21, "y": 5220170.33, "order": 149, "visited": true}}, {"type": "Feature", "geometry": {"type": "Point", "coordinates": [629699.16, 5220101.31]}, "properties": {"type": "gap", "gap_m": 4.6, "vineyard_id": "V15", "row_id": "V15-R29", "reachable": true, "id": "T0551", "x": 629699.16, "y": 5220101.31, "order": 43, "visited": true}}, {"type": "Feature", "geometry": {"type": "Point", "coordinates": [629629.54, 5220187.33]}, "properties": {"type": "gap", "gap_m": 6.6, "vineyard_id": "V15", "row_id": "V15-R30", "reachable": true, "id": "T0552", "x": 629629.54, "y": 5220187.33, "order": 151, "visited": true}}, {"type": "Feature", "geometry": {"type": "Point", "coordinates": [629696.58, 5220100.37]}, "properties": {"type": "gap", "gap_m": 4.1, "vineyard_id": "V15", "row_id": "V15-R30", "reachable": true, "id": "T0553", "x": 629696.58, "y": 5220100.37, "order": 42, "visited": true}}, {"type": "Feature", "geometry": {"type": "Point", "coordinates": [629626.62, 5220186.87]}, "properties": {"type": "gap", "gap_m": 5.2, "vineyard_id": "V15", "row_id": "V15-R31", "reachable": true, "id": "T0554", "x": 629626.62, "y": 5220186.87, "order": 150, "visited": true}}, {"type": "Feature", "geometry": {"type": "Point", "coordinates": [629693.84, 5220099.32]}, "properties": {"type": "gap", "gap_m": 4.1, "vineyard_id": "V15", "row_id": "V15-R31", "reachable": true, "id": "T0555", "x": 629693.84, "y": 5220099.32, "order": 44, "visited": true}}, {"type": "Feature", "geometry": {"type": "Point", "coordinates": [629623.74, 5220186.12]}, "properties": {"type": "gap", "gap_m": 6.6, "vineyard_id": "V15", "row_id": "V15-R32", "reachable": true, "id": "T0556", "x": 629623.74, "y": 5220186.12, "order": 227, "visited": true}}, {"type": "Feature", "geometry": {"type": "Point", "coordinates": [629620.92, 5220185.07]}, "properties": {"type": "gap", "gap_m": 6.6, "vineyard_id": "V15", "row_id": "V15-R33", "reachable": true, "id": "T0557", "x": 629620.92, "y": 5220185.07, "order": 230, "visited": true}}, {"type": "Feature", "geometry": {"type": "Point", "coordinates": [629618.59, 5220183.5]}, "properties": {"type": "gap", "gap_m": 7.4, "vineyard_id": "V15", "row_id": "V15-R34", "reachable": true, "id": "T0558", "x": 629618.59, "y": 5220183.5, "order": 231, "visited": true}}, {"type": "Feature", "geometry": {"type": "Point", "coordinates": [629615.08, 5220183.6]}, "properties": {"type": "gap", "gap_m": 6.3, "vineyard_id": "V15", "row_id": "V15-R35", "reachable": true, "id": "T0559", "x": 629615.08, "y": 5220183.6, "order": 225, "visited": true}}, {"type": "Feature", "geometry": {"type": "Point", "coordinates": [629612.57, 5220182.15]}, "properties": {"type": "gap", "gap_m": 7.0, "vineyard_id": "V15", "row_id": "V15-R36", "reachable": true, "id": "T0560", "x": 629612.57, "y": 5220182.15, "order": 232, "visited": true}}, {"type": "Feature", "geometry": {"type": "Point", "coordinates": [629617.55, 5220175.57]}, "properties": {"type": "gap", "gap_m": 3.8, "vineyard_id": "V15", "row_id": "V15-R36", "reachable": true, "id": "T0561", "x": 629617.55, "y": 5220175.57, "order": 233, "visited": true}}, {"type": "Feature", "geometry": {"type": "Point", "coordinates": [629609.81, 5220181.01]}, "properties": {"type": "gap", "gap_m": 6.3, "vineyard_id": "V15", "row_id": "V15-R37", "reachable": true, "id": "T0562", "x": 629609.81, "y": 5220181.01, "order": 234, "visited": true}}, {"type": "Feature", "geometry": {"type": "Point", "coordinates": [629640.05, 5220124.32]}, "properties": {"type": "gap", "gap_m": 58.0, "vineyard_id": "V15", "row_id": "V15-R41", "reachable": true, "id": "T0563", "x": 629640.05, "y": 5220124.32, "order": 38, "visited": true}}, {"type": "Feature", "geometry": {"type": "Point", "coordinates": [629659.87, 5220098.49]}, "properties": {"type": "gap", "gap_m": 3.2, "vineyard_id": "V15", "row_id": "V15-R41", "reachable": true, "id": "T0564", "x": 629659.87, "y": 5220098.49, "order": 37, "visited": true}}, {"type": "Feature", "geometry": {"type": "Point", "coordinates": [629655.3, 5220086.85]}, "properties": {"type": "gap", "gap_m": 5.6, "vineyard_id": "V15", "row_id": "V15-R45", "reachable": true, "id": "T0565", "x": 629655.3, "y": 5220086.85, "order": 34, "visited": true}}, {"type": "Feature", "geometry": {"type": "Point", "coordinates": [629585.88, 5220173.21]}, "properties": {"type": "gap", "gap_m": 6.5, "vineyard_id": "V15", "row_id": "V15-R46", "reachable": true, "id": "T0566", "x": 629585.88, "y": 5220173.21, "order": 256, "visited": true}}, {"type": "Feature", "geometry": {"type": "Point", "coordinates": [629652.78, 5220085.41]}, "properties": {"type": "gap", "gap_m": 6.6, "vineyard_id": "V15", "row_id": "V15-R46", "reachable": true, "id": "T0567", "x": 629652.78, "y": 5220085.41, "order": 33, "visited": true}}, {"type": "Feature", "geometry": {"type": "Point", "coordinates": [629619.47, 5220124.84]}, "properties": {"type": "gap", "gap_m": 7.6, "vineyard_id": "V15", "row_id": "V15-R47", "reachable": true, "id": "T0568", "x": 629619.47, "y": 5220124.84, "order": 31, "visited": true}}, {"type": "Feature", "geometry": {"type": "Point", "coordinates": [629636.65, 5220097.83]}, "properties": {"type": "gap", "gap_m": 3.5, "vineyard_id": "V15", "row_id": "V15-R48", "reachable": true, "id": "T0569", "x": 629636.65, "y": 5220097.83, "order": 30, "visited": true}}, {"type": "Feature", "geometry": {"type": "Point", "coordinates": [629609.29, 5220128.68]}, "properties": {"type": "gap", "gap_m": 3.1, "vineyard_id": "V15", "row_id": "V15-R49", "reachable": true, "id": "T0570", "x": 629609.29, "y": 5220128.68, "order": 270, "visited": true}}, {"type": "Feature", "geometry": {"type": "Point", "coordinates": [629601.84, 5220129.16]}, "properties": {"type": "gap", "gap_m": 3.4, "vineyard_id": "V15", "row_id": "V15-R51", "reachable": true, "id": "T0571", "x": 629601.84, "y": 5220129.16, "order": 273, "visited": true}}, {"type": "Feature", "geometry": {"type": "Point", "coordinates": [629619.95, 5220105.12]}, "properties": {"type": "gap", "gap_m": 3.1, "vineyard_id": "V15", "row_id": "V15-R51", "reachable": true, "id": "T0572", "x": 629619.95, "y": 5220105.12, "order": 26, "visited": true}}, {"type": "Feature", "geometry": {"type": "Point", "coordinates": [629568.79, 5220167.99]}, "properties": {"type": "gap", "gap_m": 5.9, "vineyard_id": "V15", "row_id": "V15-R52", "reachable": true, "id": "T0573", "x": 629568.79, "y": 5220167.99, "order": 274, "visited": true}}, {"type": "Feature", "geometry": {"type": "Point", "coordinates": [629566.22, 5220166.66]}, "properties": {"type": "gap", "gap_m": 6.3, "vineyard_id": "V15", "row_id": "V15-R53", "reachable": true, "id": "T0574", "x": 629566.22, "y": 5220166.66, "order": 14, "visited": true}}, {"type": "Feature", "geometry": {"type": "Point", "coordinates": [629601.25, 5220120.8]}, "properties": {"type": "gap", "gap_m": 3.7, "vineyard_id": "V15", "row_id": "V15-R53", "reachable": true, "id": "T0575", "x": 629601.25, "y": 5220120.8, "order": 16, "visited": true}}, {"type": "Feature", "geometry": {"type": "Point", "coordinates": [629563.0, 5220166.28]}, "properties": {"type": "gap", "gap_m": 7.5, "vineyard_id": "V15", "row_id": "V15-R54", "reachable": true, "id": "T0576", "x": 629563.0, "y": 5220166.28, "order": 13, "visited": true}}, {"type": "Feature", "geometry": {"type": "Point", "coordinates": [629588.25, 5220132.56]}, "properties": {"type": "gap", "gap_m": 6.3, "vineyard_id": "V15", "row_id": "V15-R54", "reachable": true, "id": "T0577", "x": 629588.25, "y": 5220132.56, "order": 15, "visited": true}}, {"type": "Feature", "geometry": {"type": "Point", "coordinates": [629560.32, 5220164.96]}, "properties": {"type": "gap", "gap_m": 5.9, "vineyard_id": "V15", "row_id": "V15-R55", "reachable": true, "id": "T0578", "x": 629560.32, "y": 5220164.96, "order": 10, "visited": true}}, {"type": "Feature", "geometry": {"type": "Point", "coordinates": [629574.6, 5220145.75]}, "properties": {"type": "gap", "gap_m": 3.1, "vineyard_id": "V15", "row_id": "V15-R55", "reachable": true, "id": "T0579", "x": 629574.6, "y": 5220145.75, "order": 11, "visited": true}}, {"type": "Feature", "geometry": {"type": "Point", "coordinates": [629577.21, 5220142.41]}, "properties": {"type": "gap", "gap_m": 3.0, "vineyard_id": "V15", "row_id": "V15-R55", "reachable": true, "id": "T0580", "x": 629577.21, "y": 5220142.41, "order": 12, "visited": true}}, {"type": "Feature", "geometry": {"type": "Point", "coordinates": [629885.11, 5219971.46]}, "properties": {"type": "gap", "gap_m": 10.9, "vineyard_id": "V16", "row_id": "V16-R01", "reachable": true, "id": "T0581", "x": 629885.11, "y": 5219971.46, "order": null, "visited": false}}, {"type": "Feature", "geometry": {"type": "Point", "coordinates": [629867.42, 5219989.67]}, "properties": {"type": "gap", "gap_m": 4.5, "vineyard_id": "V16", "row_id": "V16-R03", "reachable": true, "id": "T0583", "x": 629867.42, "y": 5219989.67, "order": null, "visited": false}}, {"type": "Feature", "geometry": {"type": "Point", "coordinates": [629872.31, 5219983.16]}, "properties": {"type": "gap", "gap_m": 6.0, "vineyard_id": "V16", "row_id": "V16-R03", "reachable": true, "id": "T0584", "x": 629872.31, "y": 5219983.16, "order": null, "visited": false}}, {"type": "Feature", "geometry": {"type": "Point", "coordinates": [629879.9, 5219973.06]}, "properties": {"type": "gap", "gap_m": 3.7, "vineyard_id": "V16", "row_id": "V16-R03", "reachable": true, "id": "T0585", "x": 629879.9, "y": 5219973.06, "order": null, "visited": false}}, {"type": "Feature", "geometry": {"type": "Point", "coordinates": [629885.42, 5219965.72]}, "properties": {"type": "gap", "gap_m": 8.3, "vineyard_id": "V16", "row_id": "V16-R03", "reachable": true, "id": "T0586", "x": 629885.42, "y": 5219965.72, "order": null, "visited": false}}, {"type": "Feature", "geometry": {"type": "Point", "coordinates": [629889.95, 5219959.7]}, "properties": {"type": "gap", "gap_m": 3.6, "vineyard_id": "V16", "row_id": "V16-R03", "reachable": true, "id": "T0587", "x": 629889.95, "y": 5219959.7, "order": null, "visited": false}}, {"type": "Feature", "geometry": {"type": "Point", "coordinates": [629894.76, 5219953.29]}, "properties": {"type": "gap", "gap_m": 4.4, "vineyard_id": "V16", "row_id": "V16-R03", "reachable": true, "id": "T0588", "x": 629894.76, "y": 5219953.29, "order": null, "visited": false}}, {"type": "Feature", "geometry": {"type": "Point", "coordinates": [629897.82, 5219949.23]}, "properties": {"type": "gap", "gap_m": 4.1, "vineyard_id": "V16", "row_id": "V16-R03", "reachable": true, "id": "T0589", "x": 629897.82, "y": 5219949.23, "order": null, "visited": false}}, {"type": "Feature", "geometry": {"type": "Point", "coordinates": [629901.05, 5219944.92]}, "properties": {"type": "gap", "gap_m": 3.6, "vineyard_id": "V16", "row_id": "V16-R03", "reachable": true, "id": "T0590", "x": 629901.05, "y": 5219944.92, "order": null, "visited": false}}, {"type": "Feature", "geometry": {"type": "Point", "coordinates": [629816.97, 5220040.3]}, "properties": {"type": "gap", "gap_m": 4.9, "vineyard_id": "V16", "row_id": "V16-R05", "reachable": true, "id": "T0593", "x": 629816.97, "y": 5220040.3, "order": null, "visited": false}}, {"type": "Feature", "geometry": {"type": "Point", "coordinates": [629843.07, 5220005.77]}, "properties": {"type": "gap", "gap_m": 4.9, "vineyard_id": "V16", "row_id": "V16-R05", "reachable": true, "id": "T0594", "x": 629843.07, "y": 5220005.77, "order": null, "visited": false}}, {"type": "Feature", "geometry": {"type": "Point", "coordinates": [629850.34, 5219996.15]}, "properties": {"type": "gap", "gap_m": 17.8, "vineyard_id": "V16", "row_id": "V16-R05", "reachable": true, "id": "T0595", "x": 629850.34, "y": 5219996.15, "order": null, "visited": false}}, {"type": "Feature", "geometry": {"type": "Point", "coordinates": [629858.84, 5219985.24]}, "properties": {"type": "gap", "gap_m": 8.5, "vineyard_id": "V16", "row_id": "V16-R05", "reachable": true, "id": "T0596", "x": 629858.84, "y": 5219985.24, "order": null, "visited": false}}, {"type": "Feature", "geometry": {"type": "Point", "coordinates": [629864.01, 5219978.84]}, "properties": {"type": "gap", "gap_m": 6.5, "vineyard_id": "V16", "row_id": "V16-R05", "reachable": true, "id": "T0597", "x": 629864.01, "y": 5219978.84, "order": null, "visited": false}}, {"type": "Feature", "geometry": {"type": "Point", "coordinates": [629870.8, 5219969.88]}, "properties": {"type": "gap", "gap_m": 14.3, "vineyard_id": "V16", "row_id": "V16-R05", "reachable": true, "id": "T0598", "x": 629870.8, "y": 5219969.88, "order": null, "visited": false}}, {"type": "Feature", "geometry": {"type": "Point", "coordinates": [629880.72, 5219956.79]}, "properties": {"type": "gap", "gap_m": 9.0, "vineyard_id": "V16", "row_id": "V16-R05", "reachable": true, "id": "T0599", "x": 629880.72, "y": 5219956.79, "order": null, "visited": false}}, {"type": "Feature", "geometry": {"type": "Point", "coordinates": [629814.06, 5220039.46]}, "properties": {"type": "gap", "gap_m": 8.5, "vineyard_id": "V16", "row_id": "V16-R06", "reachable": true, "id": "T0600", "x": 629814.06, "y": 5220039.46, "order": null, "visited": false}}, {"type": "Feature", "geometry": {"type": "Point", "coordinates": [629815.1, 5220032.41]}, "properties": {"type": "gap", "gap_m": 5.1, "vineyard_id": "V16", "row_id": "V16-R07", "reachable": true, "id": "T0601", "x": 629815.1, "y": 5220032.41, "order": null, "visited": false}}, {"type": "Feature", "geometry": {"type": "Point", "coordinates": [629790.44, 5220036.37]}, "properties": {"type": "gap", "gap_m": 3.0, "vineyard_id": "V16", "row_id": "V16-R15", "reachable": true, "id": "T0602", "x": 629790.44, "y": 5220036.37, "order": null, "visited": false}}, {"type": "Feature", "geometry": {"type": "Point", "coordinates": [629793.57, 5220027.32]}, "properties": {"type": "gap", "gap_m": 3.4, "vineyard_id": "V16", "row_id": "V16-R16", "reachable": true, "id": "T0603", "x": 629793.57, "y": 5220027.32, "order": null, "visited": false}}, {"type": "Feature", "geometry": {"type": "Point", "coordinates": [629789.64, 5220027.55]}, "properties": {"type": "gap", "gap_m": 3.0, "vineyard_id": "V16", "row_id": "V16-R17", "reachable": true, "id": "T0604", "x": 629789.64, "y": 5220027.55, "order": null, "visited": false}}, {"type": "Feature", "geometry": {"type": "Point", "coordinates": [629794.6, 5220020.8]}, "properties": {"type": "gap", "gap_m": 3.0, "vineyard_id": "V16", "row_id": "V16-R17", "reachable": true, "id": "T0605", "x": 629794.6, "y": 5220020.8, "order": null, "visited": false}}, {"type": "Feature", "geometry": {"type": "Point", "coordinates": [629789.78, 5220022.33]}, "properties": {"type": "gap", "gap_m": 11.5, "vineyard_id": "V16", "row_id": "V16-R18", "reachable": true, "id": "T0606", "x": 629789.78, "y": 5220022.33, "order": null, "visited": false}}, {"type": "Feature", "geometry": {"type": "Point", "coordinates": [629821.98, 5219969.95]}, "properties": {"type": "gap", "gap_m": 3.7, "vineyard_id": "V16", "row_id": "V16-R20", "reachable": true, "id": "T0609", "x": 629821.98, "y": 5219969.95, "order": null, "visited": false}}, {"type": "Feature", "geometry": {"type": "Point", "coordinates": [629834.24, 5219954.17]}, "properties": {"type": "gap", "gap_m": 6.7, "vineyard_id": "V16", "row_id": "V16-R20", "reachable": true, "id": "T0610", "x": 629834.24, "y": 5219954.17, "order": null, "visited": false}}, {"type": "Feature", "geometry": {"type": "Point", "coordinates": [629838.81, 5219948.29]}, "properties": {"type": "gap", "gap_m": 6.9, "vineyard_id": "V16", "row_id": "V16-R20", "reachable": true, "id": "T0611", "x": 629838.81, "y": 5219948.29, "order": null, "visited": false}}, {"type": "Feature", "geometry": {"type": "Point", "coordinates": [629761.4, 5220047.64]}, "properties": {"type": "gap", "gap_m": 7.3, "vineyard_id": "V16", "row_id": "V16-R21", "reachable": true, "id": "T0612", "x": 629761.4, "y": 5220047.64, "order": null, "visited": false}}, {"type": "Feature", "geometry": {"type": "Point", "coordinates": [629768.02, 5220038.97]}, "properties": {"type": "gap", "gap_m": 3.6, "vineyard_id": "V16", "row_id": "V16-R21", "reachable": true, "id": "T0613", "x": 629768.02, "y": 5220038.97, "order": null, "visited": false}}, {"type": "Feature", "geometry": {"type": "Point", "coordinates": [629781.18, 5220021.1]}, "properties": {"type": "gap", "gap_m": 9.2, "vineyard_id": "V16", "row_id": "V16-R21", "reachable": true, "id": "T0614", "x": 629781.18, "y": 5220021.1, "order": null, "visited": false}}, {"type": "Feature", "geometry": {"type": "Point", "coordinates": [629788.88, 5220010.64]}, "properties": {"type": "gap", "gap_m": 7.1, "vineyard_id": "V16", "row_id": "V16-R21", "reachable": true, "id": "T0615", "x": 629788.88, "y": 5220010.64, "order": 129, "visited": true}}, {"type": "Feature", "geometry": {"type": "Point", "coordinates": [629794.58, 5220002.91]}, "properties": {"type": "gap", "gap_m": 8.1, "vineyard_id": "V16", "row_id": "V16-R21", "reachable": true, "id": "T0616", "x": 629794.58, "y": 5220002.91, "order": null, "visited": false}}, {"type": "Feature", "geometry": {"type": "Point", "coordinates": [629778.14, 5220020.75]}, "properties": {"type": "gap", "gap_m": 7.7, "vineyard_id": "V16", "row_id": "V16-R22", "reachable": true, "id": "T0617", "x": 629778.14, "y": 5220020.75, "order": 131, "visited": true}}, {"type": "Feature", "geometry": {"type": "Point", "coordinates": [629785.66, 5220010.57]}, "properties": {"type": "gap", "gap_m": 4.3, "vineyard_id": "V16", "row_id": "V16-R22", "reachable": true, "id": "T0618", "x": 629785.66, "y": 5220010.57, "order": 130, "visited": true}}, {"type": "Feature", "geometry": {"type": "Point", "coordinates": [629790.97, 5220003.37]}, "properties": {"type": "gap", "gap_m": 3.7, "vineyard_id": "V16", "row_id": "V16-R22", "reachable": true, "id": "T0619", "x": 629790.97, "y": 5220003.37, "order": null, "visited": true}}, {"type": "Feature", "geometry": {"type": "Point", "coordinates": [629711.06, 5220104.45]}, "properties": {"type": "gap", "gap_m": 5.7, "vineyard_id": "V16", "row_id": "V16-R23", "reachable": true, "id": "T0620", "x": 629711.06, "y": 5220104.45, "order": 132, "visited": true}}, {"type": "Feature", "geometry": {"type": "Point", "coordinates": [629779.0, 5220014.86]}, "properties": {"type": "gap", "gap_m": 19.6, "vineyard_id": "V16", "row_id": "V16-R23", "reachable": true, "id": "T0621", "x": 629779.0, "y": 5220014.86, "order": null, "visited": true}}, {"type": "Feature", "geometry": {"type": "Point", "coordinates": [629775.77, 5220014.08]}, "properties": {"type": "gap", "gap_m": 23.2, "vineyard_id": "V16", "row_id": "V16-R25", "reachable": true, "id": "T0622", "x": 629775.77, "y": 5220014.08, "order": null, "visited": false}}, {"type": "Feature", "geometry": {"type": "Point", "coordinates": [629769.35, 5220017.72]}, "properties": {"type": "gap", "gap_m": 9.7, "vineyard_id": "V16", "row_id": "V16-R26", "reachable": true, "id": "T0623", "x": 629769.35, "y": 5220017.72, "order": 49, "visited": true}}, {"type": "Feature", "geometry": {"type": "Point", "coordinates": [629740.87, 5220032.52]}, "properties": {"type": "gap", "gap_m": 3.0, "vineyard_id": "V16", "row_id": "V16-R31", "reachable": true, "id": "T0624", "x": 629740.87, "y": 5220032.52, "order": null, "visited": false}}, {"type": "Feature", "geometry": {"type": "Point", "coordinates": [629730.14, 5220028.34]}, "properties": {"type": "gap", "gap_m": 5.9, "vineyard_id": "V16", "row_id": "V16-R35", "reachable": true, "id": "T0625", "x": 629730.14, "y": 5220028.34, "order": 48, "visited": true}}, {"type": "Feature", "geometry": {"type": "Point", "coordinates": [629674.1, 5220092.88]}, "properties": {"type": "gap", "gap_m": 4.9, "vineyard_id": "V16", "row_id": "V16-R37", "reachable": true, "id": "T0626", "x": 629674.1, "y": 5220092.88, "order": 41, "visited": true}}, {"type": "Feature", "geometry": {"type": "Point", "coordinates": [629670.71, 5220091.1]}, "properties": {"type": "gap", "gap_m": 6.7, "vineyard_id": "V16", "row_id": "V16-R39", "reachable": true, "id": "T0627", "x": 629670.71, "y": 5220091.1, "order": 40, "visited": true}}, {"type": "Feature", "geometry": {"type": "Point", "coordinates": [629698.46, 5220054.64]}, "properties": {"type": "gap", "gap_m": 5.3, "vineyard_id": "V16", "row_id": "V16-R39", "reachable": true, "id": "T0628", "x": 629698.46, "y": 5220054.64, "order": 45, "visited": true}}, {"type": "Feature", "geometry": {"type": "Point", "coordinates": [629665.76, 5220090.74]}, "properties": {"type": "gap", "gap_m": 11.7, "vineyard_id": "V16", "row_id": "V16-R40", "reachable": true, "id": "T0629", "x": 629665.76, "y": 5220090.74, "order": 39, "visited": true}}, {"type": "Feature", "geometry": {"type": "Point", "coordinates": [629662.91, 5220089.86]}, "properties": {"type": "gap", "gap_m": 5.2, "vineyard_id": "V16", "row_id": "V16-R41", "reachable": true, "id": "T0630", "x": 629662.91, "y": 5220089.86, "order": 36, "visited": true}}, {"type": "Feature", "geometry": {"type": "Point", "coordinates": [629694.74, 5220048.38]}, "properties": {"type": "gap", "gap_m": 7.0, "vineyard_id": "V16", "row_id": "V16-R41", "reachable": true, "id": "T0631", "x": 629694.74, "y": 5220048.38, "order": 47, "visited": true}}, {"type": "Feature", "geometry": {"type": "Point", "coordinates": [629660.77, 5220088.53]}, "properties": {"type": "gap", "gap_m": 4.6, "vineyard_id": "V16", "row_id": "V16-R42", "reachable": true, "id": "T0632", "x": 629660.77, "y": 5220088.53, "order": 35, "visited": true}}, {"type": "Feature", "geometry": {"type": "Point", "coordinates": [629692.07, 5220047.82]}, "properties": {"type": "gap", "gap_m": 6.7, "vineyard_id": "V16", "row_id": "V16-R42", "reachable": true, "id": "T0633", "x": 629692.07, "y": 5220047.82, "order": 46, "visited": true}}, {"type": "Feature", "geometry": {"type": "Point", "coordinates": [629649.59, 5220084.96]}, "properties": {"type": "gap", "gap_m": 4.4, "vineyard_id": "V16", "row_id": "V16-R46", "reachable": true, "id": "T0634", "x": 629649.59, "y": 5220084.96, "order": 32, "visited": true}}, {"type": "Feature", "geometry": {"type": "Point", "coordinates": [629646.89, 5220083.85]}, "properties": {"type": "gap", "gap_m": 4.8, "vineyard_id": "V16", "row_id": "V16-R47", "reachable": true, "id": "T0635", "x": 629646.89, "y": 5220083.85, "order": 29, "visited": true}}, {"type": "Feature", "geometry": {"type": "Point", "coordinates": [629644.11, 5220082.9]}, "properties": {"type": "gap", "gap_m": 5.9, "vineyard_id": "V16", "row_id": "V16-R48", "reachable": true, "id": "T0636", "x": 629644.11, "y": 5220082.9, "order": 28, "visited": true}}, {"type": "Feature", "geometry": {"type": "Point", "coordinates": [629641.18, 5220082.18]}, "properties": {"type": "gap", "gap_m": 5.3, "vineyard_id": "V16", "row_id": "V16-R49", "reachable": true, "id": "T0637", "x": 629641.18, "y": 5220082.18, "order": 27, "visited": true}}, {"type": "Feature", "geometry": {"type": "Point", "coordinates": [629638.79, 5220080.56]}, "properties": {"type": "gap", "gap_m": 6.5, "vineyard_id": "V16", "row_id": "V16-R50", "reachable": true, "id": "T0638", "x": 629638.79, "y": 5220080.56, "order": 25, "visited": true}}, {"type": "Feature", "geometry": {"type": "Point", "coordinates": [629655.74, 5220058.29]}, "properties": {"type": "gap", "gap_m": 3.3, "vineyard_id": "V16", "row_id": "V16-R50", "reachable": true, "id": "T0639", "x": 629655.74, "y": 5220058.29, "order": 24, "visited": true}}, {"type": "Feature", "geometry": {"type": "Point", "coordinates": [629635.34, 5220080.61]}, "properties": {"type": "gap", "gap_m": 4.5, "vineyard_id": "V16", "row_id": "V16-R51", "reachable": true, "id": "T0640", "x": 629635.34, "y": 5220080.61, "order": 23, "visited": true}}, {"type": "Feature", "geometry": {"type": "Point", "coordinates": [629633.83, 5220078.0]}, "properties": {"type": "gap", "gap_m": 7.5, "vineyard_id": "V16", "row_id": "V16-R52", "reachable": true, "id": "T0641", "x": 629633.83, "y": 5220078.0, "order": 22, "visited": true}}, {"type": "Feature", "geometry": {"type": "Point", "coordinates": [629630.18, 5220078.17]}, "properties": {"type": "gap", "gap_m": 5.1, "vineyard_id": "V16", "row_id": "V16-R53", "reachable": true, "id": "T0642", "x": 629630.18, "y": 5220078.17, "order": 21, "visited": true}}, {"type": "Feature", "geometry": {"type": "Point", "coordinates": [629627.17, 5220077.7]}, "properties": {"type": "gap", "gap_m": 5.9, "vineyard_id": "V16", "row_id": "V16-R54", "reachable": true, "id": "T0643", "x": 629627.17, "y": 5220077.7, "order": 17, "visited": true}}, {"type": "Feature", "geometry": {"type": "Point", "coordinates": [629635.13, 5220067.3]}, "properties": {"type": "gap", "gap_m": 3.8, "vineyard_id": "V16", "row_id": "V16-R54", "reachable": true, "id": "T0644", "x": 629635.13, "y": 5220067.3, "order": 20, "visited": true}}, {"type": "Feature", "geometry": {"type": "Point", "coordinates": [629639.02, 5220062.22]}, "properties": {"type": "gap", "gap_m": 3.2, "vineyard_id": "V16", "row_id": "V16-R54", "reachable": true, "id": "T0645", "x": 629639.02, "y": 5220062.22, "order": 19, "visited": true}}, {"type": "Feature", "geometry": {"type": "Point", "coordinates": [629624.51, 5220076.78]}, "properties": {"type": "gap", "gap_m": 4.1, "vineyard_id": "V16", "row_id": "V16-R55", "reachable": true, "id": "T0646", "x": 629624.51, "y": 5220076.78, "order": 18, "visited": true}}, {"type": "Feature", "geometry": {"type": "Point", "coordinates": [629951.31, 5219837.41]}, "properties": {"type": "gap", "gap_m": 3.9, "vineyard_id": "V17", "row_id": "V17-R04", "reachable": true, "id": "T0648", "x": 629951.31, "y": 5219837.41, "order": null, "visited": false}}, {"type": "Feature", "geometry": {"type": "Point", "coordinates": [629909.17, 5219885.96]}, "properties": {"type": "gap", "gap_m": 6.5, "vineyard_id": "V17", "row_id": "V17-R06", "reachable": true, "id": "T0649", "x": 629909.17, "y": 5219885.96, "order": null, "visited": false}}, {"type": "Feature", "geometry": {"type": "Point", "coordinates": [629915.31, 5219877.87]}, "properties": {"type": "gap", "gap_m": 12.1, "vineyard_id": "V17", "row_id": "V17-R06", "reachable": true, "id": "T0650", "x": 629915.31, "y": 5219877.87, "order": null, "visited": false}}, {"type": "Feature", "geometry": {"type": "Point", "coordinates": [629930.29, 5219858.73]}, "properties": {"type": "gap", "gap_m": 3.5, "vineyard_id": "V17", "row_id": "V17-R06", "reachable": true, "id": "T0651", "x": 629930.29, "y": 5219858.73, "order": null, "visited": false}}, {"type": "Feature", "geometry": {"type": "Point", "coordinates": [629910.5, 5219879.61]}, "properties": {"type": "gap", "gap_m": 23.4, "vineyard_id": "V17", "row_id": "V17-R07", "reachable": true, "id": "T0652", "x": 629910.5, "y": 5219879.61, "order": null, "visited": false}}, {"type": "Feature", "geometry": {"type": "Point", "coordinates": [629931.41, 5219852.56]}, "properties": {"type": "gap", "gap_m": 3.5, "vineyard_id": "V17", "row_id": "V17-R07", "reachable": true, "id": "T0653", "x": 629931.41, "y": 5219852.56, "order": null, "visited": false}}, {"type": "Feature", "geometry": {"type": "Point", "coordinates": [630006.22, 5219757.18]}, "properties": {"type": "gap", "gap_m": 7.2, "vineyard_id": "V17", "row_id": "V17-R07", "reachable": true, "id": "T0655", "x": 630006.22, "y": 5219757.18, "order": null, "visited": true}}, {"type": "Feature", "geometry": {"type": "Point", "coordinates": [630010.11, 5219752.21]}, "properties": {"type": "gap", "gap_m": 3.1, "vineyard_id": "V17", "row_id": "V17-R07", "reachable": true, "id": "T0656", "x": 630010.11, "y": 5219752.21, "order": null, "visited": true}}, {"type": "Feature", "geometry": {"type": "Point", "coordinates": [629905.55, 5219880.98]}, "properties": {"type": "gap", "gap_m": 4.7, "vineyard_id": "V17", "row_id": "V17-R08", "reachable": true, "id": "T0657", "x": 629905.55, "y": 5219880.98, "order": null, "visited": false}}, {"type": "Feature", "geometry": {"type": "Point", "coordinates": [629911.52, 5219873.49]}, "properties": {"type": "gap", "gap_m": 3.5, "vineyard_id": "V17", "row_id": "V17-R08", "reachable": true, "id": "T0658", "x": 629911.52, "y": 5219873.49, "order": null, "visited": false}}, {"type": "Feature", "geometry": {"type": "Point", "coordinates": [629916.2, 5219867.35]}, "properties": {"type": "gap", "gap_m": 4.5, "vineyard_id": "V17", "row_id": "V17-R08", "reachable": true, "id": "T0659", "x": 629916.2, "y": 5219867.35, "order": null, "visited": false}}, {"type": "Feature", "geometry": {"type": "Point", "coordinates": [629942.09, 5219834.22]}, "properties": {"type": "gap", "gap_m": 3.7, "vineyard_id": "V17", "row_id": "V17-R08", "reachable": true, "id": "T0660", "x": 629942.09, "y": 5219834.22, "order": null, "visited": false}}, {"type": "Feature", "geometry": {"type": "Point", "coordinates": [630004.87, 5219753.93]}, "properties": {"type": "gap", "gap_m": 5.5, "vineyard_id": "V17", "row_id": "V17-R08", "reachable": true, "id": "T0662", "x": 630004.87, "y": 5219753.93, "order": 69, "visited": true}}, {"type": "Feature", "geometry": {"type": "Point", "coordinates": [630009.44, 5219748.07]}, "properties": {"type": "gap", "gap_m": 7.1, "vineyard_id": "V17", "row_id": "V17-R08", "reachable": true, "id": "T0663", "x": 630009.44, "y": 5219748.07, "order": 68, "visited": true}}, {"type": "Feature", "geometry": {"type": "Point", "coordinates": [629900.96, 5219881.75]}, "properties": {"type": "gap", "gap_m": 4.5, "vineyard_id": "V17", "row_id": "V17-R09", "reachable": true, "id": "T0664", "x": 629900.96, "y": 5219881.75, "order": null, "visited": false}}, {"type": "Feature", "geometry": {"type": "Point", "coordinates": [629925.42, 5219850.36]}, "properties": {"type": "gap", "gap_m": 4.1, "vineyard_id": "V17", "row_id": "V17-R09", "reachable": true, "id": "T0665", "x": 629925.42, "y": 5219850.36, "order": null, "visited": false}}, {"type": "Feature", "geometry": {"type": "Point", "coordinates": [629928.3, 5219846.66]}, "properties": {"type": "gap", "gap_m": 3.0, "vineyard_id": "V17", "row_id": "V17-R09", "reachable": true, "id": "T0666", "x": 629928.3, "y": 5219846.66, "order": null, "visited": false}}, {"type": "Feature", "geometry": {"type": "Point", "coordinates": [629943.64, 5219827.34]}, "properties": {"type": "gap", "gap_m": 3.0, "vineyard_id": "V17", "row_id": "V17-R09", "reachable": true, "id": "T0667", "x": 629943.64, "y": 5219827.34, "order": null, "visited": false}}, {"type": "Feature", "geometry": {"type": "Point", "coordinates": [630003.2, 5219751.28]}, "properties": {"type": "gap", "gap_m": 5.0, "vineyard_id": "V17", "row_id": "V17-R09", "reachable": true, "id": "T0669", "x": 630003.2, "y": 5219751.28, "order": 70, "visited": true}}, {"type": "Feature", "geometry": {"type": "Point", "coordinates": [629891.2, 5219889.6]}, "properties": {"type": "gap", "gap_m": 3.2, "vineyard_id": "V17", "row_id": "V17-R10", "reachable": true, "id": "T0670", "x": 629891.2, "y": 5219889.6, "order": null, "visited": false}}, {"type": "Feature", "geometry": {"type": "Point", "coordinates": [629967.17, 5219792.96]}, "properties": {"type": "gap", "gap_m": 10.4, "vineyard_id": "V17", "row_id": "V17-R10", "reachable": true, "id": "T0671", "x": 629967.17, "y": 5219792.96, "order": 50, "visited": true}}, {"type": "Feature", "geometry": {"type": "Point", "coordinates": [630001.55, 5219748.74]}, "properties": {"type": "gap", "gap_m": 4.3, "vineyard_id": "V17", "row_id": "V17-R10", "reachable": true, "id": "T0672", "x": 630001.55, "y": 5219748.74, "order": 71, "visited": true}}, {"type": "Feature", "geometry": {"type": "Point", "coordinates": [629973.62, 5219770.77]}, "properties": {"type": "gap", "gap_m": 4.6, "vineyard_id": "V18", "row_id": "V18-R02", "reachable": true, "id": "T0673", "x": 629973.62, "y": 5219770.77, "order": 128, "visited": true}}, {"type": "Feature", "geometry": {"type": "Point", "coordinates": [629983.36, 5219758.43]}, "properties": {"type": "gap", "gap_m": 16.8, "vineyard_id": "V18", "row_id": "V18-R02", "reachable": true, "id": "T0674", "x": 629983.36, "y": 5219758.43, "order": 127, "visited": true}}, {"type": "Feature", "geometry": {"type": "Point", "coordinates": [629993.75, 5219745.26]}, "properties": {"type": "gap", "gap_m": 3.2, "vineyard_id": "V18", "row_id": "V18-R02", "reachable": true, "id": "T0675", "x": 629993.75, "y": 5219745.26, "order": 125, "visited": true}}, {"type": "Feature", "geometry": {"type": "Point", "coordinates": [629931.25, 5219821.6]}, "properties": {"type": "gap", "gap_m": 6.1, "vineyard_id": "V18", "row_id": "V18-R03", "reachable": true, "id": "T0676", "x": 629931.25, "y": 5219821.6, "order": null, "visited": false}}, {"type": "Feature", "geometry": {"type": "Point", "coordinates": [629936.77, 5219814.6]}, "properties": {"type": "gap", "gap_m": 3.2, "vineyard_id": "V18", "row_id": "V18-R03", "reachable": true, "id": "T0677", "x": 629936.77, "y": 5219814.6, "order": null, "visited": false}}, {"type": "Feature", "geometry": {"type": "Point", "coordinates": [629939.53, 5219811.11]}, "properties": {"type": "gap", "gap_m": 3.2, "vineyard_id": "V18", "row_id": "V18-R03", "reachable": true, "id": "T0678", "x": 629939.53, "y": 5219811.11, "order": null, "visited": false}}, {"type": "Feature", "geometry": {"type": "Point", "coordinates": [629950.65, 5219797.02]}, "properties": {"type": "gap", "gap_m": 10.7, "vineyard_id": "V18", "row_id": "V18-R03", "reachable": true, "id": "T0679", "x": 629950.65, "y": 5219797.02, "order": null, "visited": false}}, {"type": "Feature", "geometry": {"type": "Point", "coordinates": [630027.91, 5219778.32]}, "properties": {"type": "gap", "gap_m": 5.7, "vineyard_id": "V19", "row_id": "V19-R01", "reachable": true, "id": "T0682", "x": 630027.91, "y": 5219778.32, "order": 62, "visited": true}}, {"type": "Feature", "geometry": {"type": "Point", "coordinates": [630029.28, 5219772.73]}, "properties": {"type": "gap", "gap_m": 4.1, "vineyard_id": "V19", "row_id": "V19-R01", "reachable": true, "id": "T0683", "x": 630029.28, "y": 5219772.73, "order": 66, "visited": true}}, {"type": "Feature", "geometry": {"type": "Point", "coordinates": [630034.2, 5219752.63]}, "properties": {"type": "gap", "gap_m": 3.3, "vineyard_id": "V19", "row_id": "V19-R01", "reachable": true, "id": "T0684", "x": 630034.2, "y": 5219752.63, "order": 65, "visited": true}}, {"type": "Feature", "geometry": {"type": "Point", "coordinates": [630035.73, 5219746.39]}, "properties": {"type": "gap", "gap_m": 3.3, "vineyard_id": "V19", "row_id": "V19-R01", "reachable": true, "id": "T0685", "x": 630035.73, "y": 5219746.39, "order": 64, "visited": true}}, {"type": "Feature", "geometry": {"type": "Point", "coordinates": [630026.71, 5219772.4]}, "properties": {"type": "gap", "gap_m": 9.9, "vineyard_id": "V19", "row_id": "V19-R02", "reachable": true, "id": "T0686", "x": 630026.71, "y": 5219772.4, "order": 63, "visited": true}}, {"type": "Feature", "geometry": {"type": "Point", "coordinates": [630030.93, 5219754.86]}, "properties": {"type": "gap", "gap_m": 4.2, "vineyard_id": "V19", "row_id": "V19-R02", "reachable": true, "id": "T0687", "x": 630030.93, "y": 5219754.86, "order": 60, "visited": true}}, {"type": "Feature", "geometry": {"type": "Point", "coordinates": [630033.72, 5219743.23]}, "properties": {"type": "gap", "gap_m": 3.6, "vineyard_id": "V19", "row_id": "V19-R02", "reachable": true, "id": "T0688", "x": 630033.72, "y": 5219743.23, "order": 61, "visited": true}}, {"type": "Feature", "geometry": {"type": "Point", "coordinates": [630024.07, 5219769.87]}, "properties": {"type": "gap", "gap_m": 12.9, "vineyard_id": "V19", "row_id": "V19-R03", "reachable": true, "id": "T0689", "x": 630024.07, "y": 5219769.87, "order": 59, "visited": true}}, {"type": "Feature", "geometry": {"type": "Point", "coordinates": [630027.17, 5219757.3]}, "properties": {"type": "gap", "gap_m": 3.7, "vineyard_id": "V19", "row_id": "V19-R03", "reachable": true, "id": "T0690", "x": 630027.17, "y": 5219757.3, "order": 58, "visited": true}}, {"type": "Feature", "geometry": {"type": "Point", "coordinates": [630028.81, 5219750.65]}, "properties": {"type": "gap", "gap_m": 4.2, "vineyard_id": "V19", "row_id": "V19-R03", "reachable": true, "id": "T0691", "x": 630028.81, "y": 5219750.65, "order": 54, "visited": true}}, {"type": "Feature", "geometry": {"type": "Point", "coordinates": [630029.99, 5219745.86]}, "properties": {"type": "gap", "gap_m": 3.9, "vineyard_id": "V19", "row_id": "V19-R03", "reachable": true, "id": "T0692", "x": 630029.99, "y": 5219745.86, "order": 56, "visited": true}}, {"type": "Feature", "geometry": {"type": "Point", "coordinates": [630021.66, 5219767.32]}, "properties": {"type": "gap", "gap_m": 10.6, "vineyard_id": "V19", "row_id": "V19-R04", "reachable": true, "id": "T0693", "x": 630021.66, "y": 5219767.32, "order": 52, "visited": true}}, {"type": "Feature", "geometry": {"type": "Point", "coordinates": [630023.56, 5219759.57]}, "properties": {"type": "gap", "gap_m": 4.5, "vineyard_id": "V19", "row_id": "V19-R04", "reachable": true, "id": "T0694", "x": 630023.56, "y": 5219759.57, "order": null, "visited": true}}, {"type": "Feature", "geometry": {"type": "Point", "coordinates": [630025.08, 5219753.39]}, "properties": {"type": "gap", "gap_m": 3.2, "vineyard_id": "V19", "row_id": "V19-R04", "reachable": true, "id": "T0695", "x": 630025.08, "y": 5219753.39, "order": 53, "visited": true}}, {"type": "Feature", "geometry": {"type": "Point", "coordinates": [630026.54, 5219747.45]}, "properties": {"type": "gap", "gap_m": 3.2, "vineyard_id": "V19", "row_id": "V19-R04", "reachable": true, "id": "T0696", "x": 630026.54, "y": 5219747.45, "order": 57, "visited": true}}, {"type": "Feature", "geometry": {"type": "Point", "coordinates": [630028.03, 5219741.37]}, "properties": {"type": "gap", "gap_m": 3.3, "vineyard_id": "V19", "row_id": "V19-R04", "reachable": true, "id": "T0697", "x": 630028.03, "y": 5219741.37, "order": 55, "visited": true}}, {"type": "Feature", "geometry": {"type": "Point", "coordinates": [630018.7, 5219767.01]}, "properties": {"type": "gap", "gap_m": 3.3, "vineyard_id": "V19", "row_id": "V19-R05", "reachable": true, "id": "T0698", "x": 630018.7, "y": 5219767.01, "order": null, "visited": true}}, {"type": "Feature", "geometry": {"type": "Point", "coordinates": [630019.99, 5219761.73]}, "properties": {"type": "gap", "gap_m": 3.6, "vineyard_id": "V19", "row_id": "V19-R05", "reachable": true, "id": "T0699", "x": 630019.99, "y": 5219761.73, "order": null, "visited": true}}, {"type": "Feature", "geometry": {"type": "Point", "coordinates": [630021.61, 5219755.12]}, "properties": {"type": "gap", "gap_m": 4.2, "vineyard_id": "V19", "row_id": "V19-R05", "reachable": true, "id": "T0700", "x": 630021.61, "y": 5219755.12, "order": null, "visited": true}}, {"type": "Feature", "geometry": {"type": "Point", "coordinates": [630022.82, 5219750.21]}, "properties": {"type": "gap", "gap_m": 4.3, "vineyard_id": "V19", "row_id": "V19-R05", "reachable": true, "id": "T0701", "x": 630022.82, "y": 5219750.21, "order": null, "visited": true}}, {"type": "Feature", "geometry": {"type": "Point", "coordinates": [630024.43, 5219743.65]}, "properties": {"type": "gap", "gap_m": 3.7, "vineyard_id": "V19", "row_id": "V19-R05", "reachable": true, "id": "T0702", "x": 630024.43, "y": 5219743.65, "order": 67, "visited": true}}, {"type": "Feature", "geometry": {"type": "Point", "coordinates": [630017.83, 5219757.99]}, "properties": {"type": "gap", "gap_m": 3.3, "vineyard_id": "V19", "row_id": "V19-R06", "reachable": true, "id": "T0703", "x": 630017.83, "y": 5219757.99, "order": null, "visited": true}}, {"type": "Feature", "geometry": {"type": "Point", "coordinates": [630019.23, 5219752.2]}, "properties": {"type": "gap", "gap_m": 3.1, "vineyard_id": "V19", "row_id": "V19-R06", "reachable": true, "id": "T0704", "x": 630019.23, "y": 5219752.2, "order": null, "visited": true}}, {"type": "Feature", "geometry": {"type": "Point", "coordinates": [630020.68, 5219746.19]}, "properties": {"type": "gap", "gap_m": 3.7, "vineyard_id": "V19", "row_id": "V19-R06", "reachable": true, "id": "T0705", "x": 630020.68, "y": 5219746.19, "order": null, "visited": true}}, {"type": "Feature", "geometry": {"type": "Point", "coordinates": [630017.38, 5219748.73]}, "properties": {"type": "gap", "gap_m": 3.9, "vineyard_id": "V19", "row_id": "V19-R07", "reachable": true, "id": "T0706", "x": 630017.38, "y": 5219748.73, "order": null, "visited": false}}, {"type": "Feature", "geometry": {"type": "Point", "coordinates": [630018.98, 5219742.62]}, "properties": {"type": "gap", "gap_m": 4.8, "vineyard_id": "V19", "row_id": "V19-R07", "reachable": true, "id": "T0707", "x": 630018.98, "y": 5219742.62, "order": null, "visited": false}}, {"type": "Feature", "geometry": {"type": "Point", "coordinates": [629988.95, 5219760.13]}, "properties": {"type": "gap", "gap_m": 26.4, "vineyard_id": "V19", "row_id": "V19-R08", "reachable": true, "id": "T0708", "x": 629988.95, "y": 5219760.13, "order": 51, "visited": true}}, {"type": "Feature", "geometry": {"type": "Point", "coordinates": [629999.74, 5219746.33]}, "properties": {"type": "gap", "gap_m": 3.9, "vineyard_id": "V19", "row_id": "V19-R08", "reachable": true, "id": "T0709", "x": 629999.74, "y": 5219746.33, "order": 72, "visited": true}}, {"type": "Feature", "geometry": {"type": "Point", "coordinates": [629995.34, 5219747.39]}, "properties": {"type": "gap", "gap_m": 3.9, "vineyard_id": "V19", "row_id": "V19-R09", "reachable": true, "id": "T0710", "x": 629995.34, "y": 5219747.39, "order": 126, "visited": true}}, {"type": "Feature", "geometry": {"type": "Point", "coordinates": [629998.11, 5219743.87]}, "properties": {"type": "gap", "gap_m": 3.9, "vineyard_id": "V19", "row_id": "V19-R09", "reachable": true, "id": "T0711", "x": 629998.11, "y": 5219743.87, "order": null, "visited": true}}, {"type": "Feature", "geometry": {"type": "Point", "coordinates": [630064.47, 5219757.7]}, "properties": {"type": "gap", "gap_m": 6.1, "vineyard_id": "V20", "row_id": "V20-R01", "reachable": true, "id": "T0712", "x": 630064.47, "y": 5219757.7, "order": null, "visited": false}}, {"type": "Feature", "geometry": {"type": "Point", "coordinates": [629822.65, 5219722.88]}, "properties": {"type": "gap", "gap_m": 3.4, "vineyard_id": "V21", "row_id": "V21-R01", "reachable": true, "id": "T0713", "x": 629822.65, "y": 5219722.88, "order": null, "visited": false}}, {"type": "Feature", "geometry": {"type": "Point", "coordinates": [629836.91, 5219702.51]}, "properties": {"type": "gap", "gap_m": 4.9, "vineyard_id": "V21", "row_id": "V21-R01", "reachable": true, "id": "T0714", "x": 629836.91, "y": 5219702.51, "order": null, "visited": false}}, {"type": "Feature", "geometry": {"type": "Point", "coordinates": [629842.76, 5219694.16]}, "properties": {"type": "gap", "gap_m": 3.3, "vineyard_id": "V21", "row_id": "V21-R01", "reachable": true, "id": "T0715", "x": 629842.76, "y": 5219694.16, "order": null, "visited": false}}, {"type": "Feature", "geometry": {"type": "Point", "coordinates": [629839.24, 5219691.87]}, "properties": {"type": "gap", "gap_m": 3.7, "vineyard_id": "V21", "row_id": "V21-R02", "reachable": true, "id": "T0716", "x": 629839.24, "y": 5219691.87, "order": null, "visited": false}}, {"type": "Feature", "geometry": {"type": "Point", "coordinates": [629836.66, 5219689.99]}, "properties": {"type": "gap", "gap_m": 3.5, "vineyard_id": "V21", "row_id": "V21-R03", "reachable": true, "id": "T0717", "x": 629836.66, "y": 5219689.99, "order": null, "visited": false}}, {"type": "Feature", "geometry": {"type": "Point", "coordinates": [629786.83, 5219726.9]}, "properties": {"type": "gap", "gap_m": 4.2, "vineyard_id": "V21", "row_id": "V21-R10", "reachable": true, "id": "T0718", "x": 629786.83, "y": 5219726.9, "order": null, "visited": false}}, {"type": "Feature", "geometry": {"type": "Point", "coordinates": [630221.81, 5219688.32]}, "properties": {"type": "gap", "gap_m": 4.3, "vineyard_id": "V22", "row_id": "V22-R03", "reachable": true, "id": "T0720", "x": 630221.81, "y": 5219688.32, "order": null, "visited": false}}, {"type": "Feature", "geometry": {"type": "Point", "coordinates": [630220.34, 5219684.79]}, "properties": {"type": "gap", "gap_m": 3.8, "vineyard_id": "V22", "row_id": "V22-R04", "reachable": true, "id": "T0721", "x": 630220.34, "y": 5219684.79, "order": null, "visited": false}}, {"type": "Feature", "geometry": {"type": "Point", "coordinates": [630098.65, 5219660.8]}, "properties": {"type": "gap", "gap_m": 3.0, "vineyard_id": "V24", "row_id": "V24-R02", "reachable": true, "id": "T0725", "x": 630098.65, "y": 5219660.8, "order": null, "visited": false}}, {"type": "Feature", "geometry": {"type": "Point", "coordinates": [630111.85, 5219642.22]}, "properties": {"type": "gap", "gap_m": 3.7, "vineyard_id": "V24", "row_id": "V24-R02", "reachable": true, "id": "T0726", "x": 630111.85, "y": 5219642.22, "order": null, "visited": false}}, {"type": "Feature", "geometry": {"type": "Point", "coordinates": [630102.43, 5219650.24]}, "properties": {"type": "gap", "gap_m": 3.2, "vineyard_id": "V24", "row_id": "V24-R03", "reachable": true, "id": "T0727", "x": 630102.43, "y": 5219650.24, "order": null, "visited": false}}, {"type": "Feature", "geometry": {"type": "Point", "coordinates": [630072.13, 5219688.55]}, "properties": {"type": "gap", "gap_m": 3.7, "vineyard_id": "V24", "row_id": "V24-R04", "reachable": true, "id": "T0728", "x": 630072.13, "y": 5219688.55, "order": null, "visited": false}}, {"type": "Feature", "geometry": {"type": "Point", "coordinates": [630094.29, 5219657.18]}, "properties": {"type": "gap", "gap_m": 6.5, "vineyard_id": "V24", "row_id": "V24-R04", "reachable": true, "id": "T0729", "x": 630094.29, "y": 5219657.18, "order": null, "visited": false}}, {"type": "Feature", "geometry": {"type": "Point", "coordinates": [629880.56, 5219655.28]}, "properties": {"type": "gap", "gap_m": 3.2, "vineyard_id": "V25", "row_id": "V25-R01", "reachable": true, "id": "T0730", "x": 629880.56, "y": 5219655.28, "order": 74, "visited": true}}, {"type": "Feature", "geometry": {"type": "Point", "coordinates": [629868.2, 5219642.05]}, "properties": {"type": "gap", "gap_m": 5.5, "vineyard_id": "V25", "row_id": "V25-R01", "reachable": true, "id": "T0731", "x": 629868.2, "y": 5219642.05, "order": 73, "visited": true}}, {"type": "Feature", "geometry": {"type": "Point", "coordinates": [629877.8, 5219648.97]}, "properties": {"type": "gap", "gap_m": 3.7, "vineyard_id": "V25", "row_id": "V25-R02", "reachable": true, "id": "T0732", "x": 629877.8, "y": 5219648.97, "order": null, "visited": true}}, {"type": "Feature", "geometry": {"type": "Point", "coordinates": [629873.78, 5219644.65]}, "properties": {"type": "gap", "gap_m": 3.2, "vineyard_id": "V25", "row_id": "V25-R02", "reachable": true, "id": "T0733", "x": 629873.78, "y": 5219644.65, "order": 75, "visited": true}}, {"type": "Feature", "geometry": {"type": "Point", "coordinates": [629870.57, 5219641.19]}, "properties": {"type": "gap", "gap_m": 3.1, "vineyard_id": "V25", "row_id": "V25-R02", "reachable": true, "id": "T0734", "x": 629870.57, "y": 5219641.19, "order": 76, "visited": true}}, {"type": "Feature", "geometry": {"type": "Point", "coordinates": [630000.96, 5219630.86]}, "properties": {"type": "gap", "gap_m": 3.3, "vineyard_id": "V26", "row_id": "V26-R03", "reachable": true, "id": "T0735", "x": 630000.96, "y": 5219630.86, "order": 82, "visited": true}}, {"type": "Feature", "geometry": {"type": "Point", "coordinates": [629995.69, 5219624.7]}, "properties": {"type": "gap", "gap_m": 5.5, "vineyard_id": "V26", "row_id": "V26-R03", "reachable": true, "id": "T0736", "x": 629995.69, "y": 5219624.7, "order": 79, "visited": true}}, {"type": "Feature", "geometry": {"type": "Point", "coordinates": [629996.6, 5219621.81]}, "properties": {"type": "gap", "gap_m": 4.6, "vineyard_id": "V26", "row_id": "V26-R04", "reachable": true, "id": "T0737", "x": 629996.6, "y": 5219621.81, "order": 78, "visited": true}}, {"type": "Feature", "geometry": {"type": "Point", "coordinates": [629990.77, 5219614.98]}, "properties": {"type": "gap", "gap_m": 4.7, "vineyard_id": "V26", "row_id": "V26-R04", "reachable": true, "id": "T0738", "x": 629990.77, "y": 5219614.98, "order": 77, "visited": true}}, {"type": "Feature", "geometry": {"type": "Point", "coordinates": [630006.12, 5219628.96]}, "properties": {"type": "gap", "gap_m": 5.9, "vineyard_id": "V26", "row_id": "V26-R05", "reachable": true, "id": "T0739", "x": 630006.12, "y": 5219628.96, "order": 81, "visited": true}}, {"type": "Feature", "geometry": {"type": "Point", "coordinates": [630010.44, 5219630.05]}, "properties": {"type": "gap", "gap_m": 6.8, "vineyard_id": "V26", "row_id": "V26-R06", "reachable": true, "id": "T0740", "x": 630010.44, "y": 5219630.05, "order": null, "visited": false}}, {"type": "Feature", "geometry": {"type": "Point", "coordinates": [630006.46, 5219621.71]}, "properties": {"type": "gap", "gap_m": 3.0, "vineyard_id": "V26", "row_id": "V26-R07", "reachable": true, "id": "T0741", "x": 630006.46, "y": 5219621.71, "order": 80, "visited": true}}, {"type": "Feature", "geometry": {"type": "Point", "coordinates": [630022.53, 5219629.29]}, "properties": {"type": "gap", "gap_m": 5.8, "vineyard_id": "V26", "row_id": "V26-R10", "reachable": true, "id": "T0742", "x": 630022.53, "y": 5219629.29, "order": null, "visited": false}}, {"type": "Feature", "geometry": {"type": "Point", "coordinates": [630017.41, 5219622.97]}, "properties": {"type": "gap", "gap_m": 3.1, "vineyard_id": "V26", "row_id": "V26-R10", "reachable": true, "id": "T0743", "x": 630017.41, "y": 5219622.97, "order": null, "visited": false}}, {"type": "Feature", "geometry": {"type": "Point", "coordinates": [630022.77, 5219626.4]}, "properties": {"type": "gap", "gap_m": 9.7, "vineyard_id": "V26", "row_id": "V26-R11", "reachable": true, "id": "T0744", "x": 630022.77, "y": 5219626.4, "order": null, "visited": false}}, {"type": "Feature", "geometry": {"type": "Point", "coordinates": [629940.68, 5219579.34]}, "properties": {"type": "gap", "gap_m": 4.8, "vineyard_id": "V27", "row_id": "V27-R04", "reachable": true, "id": "T0745", "x": 629940.68, "y": 5219579.34, "order": null, "visited": false}}, {"type": "Feature", "geometry": {"type": "Point", "coordinates": [629924.37, 5219558.9]}, "properties": {"type": "gap", "gap_m": 4.3, "vineyard_id": "V27", "row_id": "V27-R04", "reachable": true, "id": "T0746", "x": 629924.37, "y": 5219558.9, "order": null, "visited": false}}, {"type": "Feature", "geometry": {"type": "Point", "coordinates": [629933.95, 5219567.1]}, "properties": {"type": "gap", "gap_m": 3.5, "vineyard_id": "V27", "row_id": "V27-R05", "reachable": true, "id": "T0747", "x": 629933.95, "y": 5219567.1, "order": null, "visited": false}}, {"type": "Feature", "geometry": {"type": "Point", "coordinates": [629929.72, 5219561.87]}, "properties": {"type": "gap", "gap_m": 4.7, "vineyard_id": "V27", "row_id": "V27-R05", "reachable": true, "id": "T0748", "x": 629929.72, "y": 5219561.87, "order": null, "visited": false}}, {"type": "Feature", "geometry": {"type": "Point", "coordinates": [629925.62, 5219552.89]}, "properties": {"type": "gap", "gap_m": 3.7, "vineyard_id": "V27", "row_id": "V27-R06", "reachable": true, "id": "T0749", "x": 629925.62, "y": 5219552.89, "order": null, "visited": false}}, {"type": "Feature", "geometry": {"type": "Point", "coordinates": [629932.32, 5219557.0]}, "properties": {"type": "gap", "gap_m": 4.0, "vineyard_id": "V27", "row_id": "V27-R07", "reachable": true, "id": "T0750", "x": 629932.32, "y": 5219557.0, "order": null, "visited": false}}, {"type": "Feature", "geometry": {"type": "Point", "coordinates": [630055.44, 5219592.5]}, "properties": {"type": "gap", "gap_m": 6.1, "vineyard_id": "V28", "row_id": "V28-R04", "reachable": true, "id": "T0751", "x": 630055.44, "y": 5219592.5, "order": null, "visited": false}}, {"type": "Feature", "geometry": {"type": "Point", "coordinates": [630048.14, 5219583.3]}, "properties": {"type": "gap", "gap_m": 16.4, "vineyard_id": "V28", "row_id": "V28-R04", "reachable": true, "id": "T0752", "x": 630048.14, "y": 5219583.3, "order": null, "visited": false}}, {"type": "Feature", "geometry": {"type": "Point", "coordinates": [630039.94, 5219572.32]}, "properties": {"type": "gap", "gap_m": 8.8, "vineyard_id": "V28", "row_id": "V28-R04", "reachable": true, "id": "T0753", "x": 630039.94, "y": 5219572.32, "order": null, "visited": false}}, {"type": "Feature", "geometry": {"type": "Point", "coordinates": [630024.39, 5219551.51]}, "properties": {"type": "gap", "gap_m": 5.4, "vineyard_id": "V28", "row_id": "V28-R04", "reachable": true, "id": "T0754", "x": 630024.39, "y": 5219551.51, "order": null, "visited": false}}, {"type": "Feature", "geometry": {"type": "Point", "coordinates": [630027.66, 5219550.89]}, "properties": {"type": "gap", "gap_m": 4.9, "vineyard_id": "V28", "row_id": "V28-R06", "reachable": true, "id": "T0755", "x": 630027.66, "y": 5219550.89, "order": null, "visited": false}}, {"type": "Feature", "geometry": {"type": "Point", "coordinates": [630058.75, 5219588.97]}, "properties": {"type": "gap", "gap_m": 7.3, "vineyard_id": "V28", "row_id": "V28-R07", "reachable": true, "id": "T0756", "x": 630058.75, "y": 5219588.97, "order": null, "visited": false}}, {"type": "Feature", "geometry": {"type": "Point", "coordinates": [630052.85, 5219579.42]}, "properties": {"type": "gap", "gap_m": 9.2, "vineyard_id": "V28", "row_id": "V28-R08", "reachable": true, "id": "T0757", "x": 630052.85, "y": 5219579.42, "order": null, "visited": false}}, {"type": "Feature", "geometry": {"type": "Point", "coordinates": [630047.14, 5219571.85]}, "properties": {"type": "gap", "gap_m": 7.0, "vineyard_id": "V28", "row_id": "V28-R08", "reachable": true, "id": "T0758", "x": 630047.14, "y": 5219571.85, "order": null, "visited": false}}, {"type": "Feature", "geometry": {"type": "Point", "coordinates": [630043.47, 5219566.98]}, "properties": {"type": "gap", "gap_m": 3.3, "vineyard_id": "V28", "row_id": "V28-R08", "reachable": true, "id": "T0759", "x": 630043.47, "y": 5219566.98, "order": null, "visited": false}}, {"type": "Feature", "geometry": {"type": "Point", "coordinates": [630029.76, 5219548.79]}, "properties": {"type": "gap", "gap_m": 3.9, "vineyard_id": "V28", "row_id": "V28-R08", "reachable": true, "id": "T0760", "x": 630029.76, "y": 5219548.79, "order": null, "visited": false}}, {"type": "Feature", "geometry": {"type": "Point", "coordinates": [630064.82, 5219593.23]}, "properties": {"type": "gap", "gap_m": 6.4, "vineyard_id": "V28", "row_id": "V28-R09", "reachable": true, "id": "T0761", "x": 630064.82, "y": 5219593.23, "order": null, "visited": false}}, {"type": "Feature", "geometry": {"type": "Point", "coordinates": [630046.72, 5219566.5]}, "properties": {"type": "gap", "gap_m": 3.0, "vineyard_id": "V28", "row_id": "V28-R10", "reachable": true, "id": "T0762", "x": 630046.72, "y": 5219566.5, "order": null, "visited": false}}, {"type": "Feature", "geometry": {"type": "Point", "coordinates": [630032.29, 5219547.42]}, "properties": {"type": "gap", "gap_m": 5.8, "vineyard_id": "V28", "row_id": "V28-R10", "reachable": true, "id": "T0763", "x": 630032.29, "y": 5219547.42, "order": null, "visited": false}}, {"type": "Feature", "geometry": {"type": "Point", "coordinates": [630033.78, 5219544.65]}, "properties": {"type": "gap", "gap_m": 3.6, "vineyard_id": "V28", "row_id": "V28-R11", "reachable": true, "id": "T0764", "x": 630033.78, "y": 5219544.65, "order": null, "visited": false}}, {"type": "Feature", "geometry": {"type": "Point", "coordinates": [630114.85, 5219565.57]}, "properties": {"type": "gap", "gap_m": 5.1, "vineyard_id": "V29", "row_id": "V29-R01", "reachable": true, "id": "T0765", "x": 630114.85, "y": 5219565.57, "order": null, "visited": false}}, {"type": "Feature", "geometry": {"type": "Point", "coordinates": [630129.66, 5219527.37]}, "properties": {"type": "gap", "gap_m": 3.6, "vineyard_id": "V31", "row_id": "V31-R06", "reachable": true, "id": "T0766", "x": 630129.66, "y": 5219527.37, "order": null, "visited": false}}, {"type": "Feature", "geometry": {"type": "Point", "coordinates": [630131.28, 5219524.61]}, "properties": {"type": "gap", "gap_m": 5.3, "vineyard_id": "V31", "row_id": "V31-R07", "reachable": true, "id": "T0767", "x": 630131.28, "y": 5219524.61, "order": null, "visited": false}}, {"type": "Feature", "geometry": {"type": "Point", "coordinates": [630132.45, 5219521.14]}, "properties": {"type": "gap", "gap_m": 5.0, "vineyard_id": "V31", "row_id": "V31-R08", "reachable": true, "id": "T0768", "x": 630132.45, "y": 5219521.14, "order": null, "visited": false}}, {"type": "Feature", "geometry": {"type": "Point", "coordinates": [630126.68, 5219514.05]}, "properties": {"type": "gap", "gap_m": 3.7, "vineyard_id": "V31", "row_id": "V31-R08", "reachable": true, "id": "T0769", "x": 630126.68, "y": 5219514.05, "order": null, "visited": false}}, {"type": "Feature", "geometry": {"type": "Point", "coordinates": [630137.41, 5219522.44]}, "properties": {"type": "gap", "gap_m": 13.7, "vineyard_id": "V31", "row_id": "V31-R09", "reachable": true, "id": "T0770", "x": 630137.41, "y": 5219522.44, "order": null, "visited": false}}, {"type": "Feature", "geometry": {"type": "Point", "coordinates": [630130.5, 5219513.84]}, "properties": {"type": "gap", "gap_m": 7.1, "vineyard_id": "V31", "row_id": "V31-R09", "reachable": true, "id": "T0771", "x": 630130.5, "y": 5219513.84, "order": null, "visited": false}}, {"type": "Feature", "geometry": {"type": "Point", "coordinates": [630124.02, 5219505.78]}, "properties": {"type": "gap", "gap_m": 3.3, "vineyard_id": "V31", "row_id": "V31-R09", "reachable": true, "id": "T0772", "x": 630124.02, "y": 5219505.78, "order": null, "visited": false}}, {"type": "Feature", "geometry": {"type": "Point", "coordinates": [630121.66, 5219502.84]}, "properties": {"type": "gap", "gap_m": 3.0, "vineyard_id": "V31", "row_id": "V31-R09", "reachable": true, "id": "T0773", "x": 630121.66, "y": 5219502.84, "order": null, "visited": false}}, {"type": "Feature", "geometry": {"type": "Point", "coordinates": [630136.98, 5219508.92]}, "properties": {"type": "gap", "gap_m": 3.4, "vineyard_id": "V31", "row_id": "V31-R14", "reachable": true, "id": "T0774", "x": 630136.98, "y": 5219508.92, "order": null, "visited": false}}, {"type": "Feature", "geometry": {"type": "Point", "coordinates": [630134.46, 5219505.81]}, "properties": {"type": "gap", "gap_m": 3.7, "vineyard_id": "V31", "row_id": "V31-R14", "reachable": true, "id": "T0775", "x": 630134.46, "y": 5219505.81, "order": null, "visited": false}}, {"type": "Feature", "geometry": {"type": "Point", "coordinates": [630123.28, 5219486.61]}, "properties": {"type": "gap", "gap_m": 3.9, "vineyard_id": "V31", "row_id": "V31-R15", "reachable": true, "id": "T0776", "x": 630123.28, "y": 5219486.61, "order": null, "visited": false}}, {"type": "Feature", "geometry": {"type": "Point", "coordinates": [630131.56, 5219462.23]}, "properties": {"type": "gap", "gap_m": 4.7, "vineyard_id": "V32", "row_id": "V32-R02", "reachable": true, "id": "T0779", "x": 630131.56, "y": 5219462.23, "order": null, "visited": false}}, {"type": "Feature", "geometry": {"type": "Point", "coordinates": [630133.59, 5219460.08]}, "properties": {"type": "gap", "gap_m": 3.4, "vineyard_id": "V32", "row_id": "V32-R03", "reachable": true, "id": "T0781", "x": 630133.59, "y": 5219460.08, "order": null, "visited": false}}, {"type": "Feature", "geometry": {"type": "Point", "coordinates": [630137.06, 5219459.8]}, "properties": {"type": "gap", "gap_m": 5.5, "vineyard_id": "V32", "row_id": "V32-R04", "reachable": true, "id": "T0783", "x": 630137.06, "y": 5219459.8, "order": null, "visited": false}}, {"type": "Feature", "geometry": {"type": "Point", "coordinates": [630139.42, 5219458.14]}, "properties": {"type": "gap", "gap_m": 5.1, "vineyard_id": "V32", "row_id": "V32-R05", "reachable": true, "id": "T0785", "x": 630139.42, "y": 5219458.14, "order": null, "visited": false}}, {"type": "Feature", "geometry": {"type": "Point", "coordinates": [630092.44, 5219397.53]}, "properties": {"type": "gap", "gap_m": 3.1, "vineyard_id": "V32", "row_id": "V32-R05", "reachable": true, "id": "T0786", "x": 630092.44, "y": 5219397.53, "order": null, "visited": false}}, {"type": "Feature", "geometry": {"type": "Point", "coordinates": [630119.88, 5219428.48]}, "properties": {"type": "gap", "gap_m": 5.3, "vineyard_id": "V32", "row_id": "V32-R07", "reachable": true, "id": "T0787", "x": 630119.88, "y": 5219428.48, "order": null, "visited": false}}, {"type": "Feature", "geometry": {"type": "Point", "coordinates": [630140.72, 5219428.75]}, "properties": {"type": "gap", "gap_m": 4.9, "vineyard_id": "V33", "row_id": "V33-R03", "reachable": true, "id": "T0789", "x": 630140.72, "y": 5219428.75, "order": null, "visited": false}}, {"type": "Feature", "geometry": {"type": "Point", "coordinates": [630135.65, 5219422.31]}, "properties": {"type": "gap", "gap_m": 10.3, "vineyard_id": "V33", "row_id": "V33-R03", "reachable": true, "id": "T0790", "x": 630135.65, "y": 5219422.31, "order": null, "visited": false}}, {"type": "Feature", "geometry": {"type": "Point", "coordinates": [630123.35, 5219406.68]}, "properties": {"type": "gap", "gap_m": 3.7, "vineyard_id": "V33", "row_id": "V33-R03", "reachable": true, "id": "T0791", "x": 630123.35, "y": 5219406.68, "order": null, "visited": false}}, {"type": "Feature", "geometry": {"type": "Point", "coordinates": [630120.65, 5219403.25]}, "properties": {"type": "gap", "gap_m": 3.7, "vineyard_id": "V33", "row_id": "V33-R03", "reachable": true, "id": "T0792", "x": 630120.65, "y": 5219403.25, "order": null, "visited": false}}, {"type": "Feature", "geometry": {"type": "Point", "coordinates": [630141.5, 5219426.38]}, "properties": {"type": "gap", "gap_m": 4.7, "vineyard_id": "V33", "row_id": "V33-R04", "reachable": true, "id": "T0793", "x": 630141.5, "y": 5219426.38, "order": null, "visited": false}}, {"type": "Feature", "geometry": {"type": "Point", "coordinates": [630137.65, 5219421.52]}, "properties": {"type": "gap", "gap_m": 4.8, "vineyard_id": "V33", "row_id": "V33-R04", "reachable": true, "id": "T0794", "x": 630137.65, "y": 5219421.52, "order": null, "visited": false}}, {"type": "Feature", "geometry": {"type": "Point", "coordinates": [630130.01, 5219411.87]}, "properties": {"type": "gap", "gap_m": 6.4, "vineyard_id": "V33", "row_id": "V33-R04", "reachable": true, "id": "T0795", "x": 630130.01, "y": 5219411.87, "order": null, "visited": false}}, {"type": "Feature", "geometry": {"type": "Point", "coordinates": [630122.17, 5219401.97]}, "properties": {"type": "gap", "gap_m": 16.7, "vineyard_id": "V33", "row_id": "V33-R04", "reachable": true, "id": "T0796", "x": 630122.17, "y": 5219401.97, "order": null, "visited": false}}, {"type": "Feature", "geometry": {"type": "Point", "coordinates": [630112.26, 5219389.18]}, "properties": {"type": "gap", "gap_m": 9.0, "vineyard_id": "V33", "row_id": "V33-R04", "reachable": true, "id": "T0797", "x": 630112.26, "y": 5219389.18, "order": null, "visited": false}}, {"type": "Feature", "geometry": {"type": "Point", "coordinates": [630126.35, 5219402.7]}, "properties": {"type": "gap", "gap_m": 3.6, "vineyard_id": "V33", "row_id": "V33-R05", "reachable": true, "id": "T0799", "x": 630126.35, "y": 5219402.7, "order": null, "visited": false}}, {"type": "Feature", "geometry": {"type": "Point", "coordinates": [630149.22, 5219423.92]}, "properties": {"type": "gap", "gap_m": 5.7, "vineyard_id": "V33", "row_id": "V33-R07", "reachable": true, "id": "T0800", "x": 630149.22, "y": 5219423.92, "order": null, "visited": false}}, {"type": "Feature", "geometry": {"type": "Point", "coordinates": [630144.66, 5219420.79]}, "properties": {"type": "gap", "gap_m": 4.5, "vineyard_id": "V33", "row_id": "V33-R07", "reachable": true, "id": "T0801", "x": 630144.66, "y": 5219420.79, "order": null, "visited": false}}, {"type": "Feature", "geometry": {"type": "Point", "coordinates": [630333.33, 5219447.47]}, "properties": {"type": "gap", "gap_m": 8.1, "vineyard_id": "V34", "row_id": "V34-R01", "reachable": true, "id": "T0802", "x": 630333.33, "y": 5219447.47, "order": null, "visited": true}}, {"type": "Feature", "geometry": {"type": "Point", "coordinates": [630327.66, 5219442.75]}, "properties": {"type": "gap", "gap_m": 3.7, "vineyard_id": "V34", "row_id": "V34-R01", "reachable": true, "id": "T0803", "x": 630327.66, "y": 5219442.75, "order": null, "visited": true}}, {"type": "Feature", "geometry": {"type": "Point", "coordinates": [630348.74, 5219463.19]}, "properties": {"type": "gap", "gap_m": 5.6, "vineyard_id": "V34", "row_id": "V34-R02", "reachable": true, "id": "T0804", "x": 630348.74, "y": 5219463.19, "order": null, "visited": false}}, {"type": "Feature", "geometry": {"type": "Point", "coordinates": [630348.15, 5219466.25]}, "properties": {"type": "gap", "gap_m": 4.8, "vineyard_id": "V34", "row_id": "V34-R03", "reachable": true, "id": "T0805", "x": 630348.15, "y": 5219466.25, "order": null, "visited": true}}, {"type": "Feature", "geometry": {"type": "Point", "coordinates": [630326.26, 5219448.0]}, "properties": {"type": "gap", "gap_m": 3.3, "vineyard_id": "V34", "row_id": "V34-R03", "reachable": true, "id": "T0806", "x": 630326.26, "y": 5219448.0, "order": null, "visited": false}}, {"type": "Feature", "geometry": {"type": "Point", "coordinates": [630347.28, 5219468.63]}, "properties": {"type": "gap", "gap_m": 5.6, "vineyard_id": "V34", "row_id": "V34-R04", "reachable": true, "id": "T0807", "x": 630347.28, "y": 5219468.63, "order": null, "visited": true}}, {"type": "Feature", "geometry": {"type": "Point", "coordinates": [630327.21, 5219451.96]}, "properties": {"type": "gap", "gap_m": 3.8, "vineyard_id": "V34", "row_id": "V34-R04", "reachable": true, "id": "T0808", "x": 630327.21, "y": 5219451.96, "order": 124, "visited": true}}, {"type": "Feature", "geometry": {"type": "Point", "coordinates": [630332.49, 5219443.56]}, "properties": {"type": "gap", "gap_m": 4.4, "vineyard_id": "V34", "row_id": "V34-R05", "reachable": true, "id": "T0809", "x": 630332.49, "y": 5219443.56, "order": 122, "visited": true}}, {"type": "Feature", "geometry": {"type": "Point", "coordinates": [630327.74, 5219439.59]}, "properties": {"type": "gap", "gap_m": 4.6, "vineyard_id": "V34", "row_id": "V34-R05", "reachable": true, "id": "T0810", "x": 630327.74, "y": 5219439.59, "order": 121, "visited": true}}, {"type": "Feature", "geometry": {"type": "Point", "coordinates": [630351.52, 5219456.19]}, "properties": {"type": "gap", "gap_m": 4.0, "vineyard_id": "V34", "row_id": "V34-R06", "reachable": true, "id": "T0811", "x": 630351.52, "y": 5219456.19, "order": null, "visited": true}}, {"type": "Feature", "geometry": {"type": "Point", "coordinates": [630336.26, 5219443.42]}, "properties": {"type": "gap", "gap_m": 5.4, "vineyard_id": "V34", "row_id": "V34-R06", "reachable": true, "id": "T0812", "x": 630336.26, "y": 5219443.42, "order": 123, "visited": true}}, {"type": "Feature", "geometry": {"type": "Point", "coordinates": [630332.21, 5219440.03]}, "properties": {"type": "gap", "gap_m": 4.3, "vineyard_id": "V34", "row_id": "V34-R06", "reachable": true, "id": "T0813", "x": 630332.21, "y": 5219440.03, "order": 120, "visited": true}}, {"type": "Feature", "geometry": {"type": "Point", "coordinates": [630327.22, 5219435.85]}, "properties": {"type": "gap", "gap_m": 4.6, "vineyard_id": "V34", "row_id": "V34-R06", "reachable": true, "id": "T0814", "x": 630327.22, "y": 5219435.85, "order": null, "visited": false}}, {"type": "Feature", "geometry": {"type": "Point", "coordinates": [630343.88, 5219446.43]}, "properties": {"type": "gap", "gap_m": 4.2, "vineyard_id": "V34", "row_id": "V34-R07", "reachable": true, "id": "T0815", "x": 630343.88, "y": 5219446.43, "order": null, "visited": false}}, {"type": "Feature", "geometry": {"type": "Point", "coordinates": [630340.08, 5219443.27]}, "properties": {"type": "gap", "gap_m": 4.5, "vineyard_id": "V34", "row_id": "V34-R07", "reachable": true, "id": "T0816", "x": 630340.08, "y": 5219443.27, "order": null, "visited": false}}, {"type": "Feature", "geometry": {"type": "Point", "coordinates": [630333.49, 5219437.79]}, "properties": {"type": "gap", "gap_m": 4.4, "vineyard_id": "V34", "row_id": "V34-R07", "reachable": true, "id": "T0817", "x": 630333.49, "y": 5219437.79, "order": null, "visited": false}}, {"type": "Feature", "geometry": {"type": "Point", "coordinates": [630356.38, 5219425.76]}, "properties": {"type": "gap", "gap_m": 8.3, "vineyard_id": "V34", "row_id": "V34-R09", "reachable": true, "id": "T0818", "x": 630356.38, "y": 5219425.76, "order": null, "visited": false}}, {"type": "Feature", "geometry": {"type": "Point", "coordinates": [630361.54, 5219408.86]}, "properties": {"type": "gap", "gap_m": 3.8, "vineyard_id": "V34", "row_id": "V34-R12", "reachable": true, "id": "T0819", "x": 630361.54, "y": 5219408.86, "order": null, "visited": false}}, {"type": "Feature", "geometry": {"type": "Point", "coordinates": [630351.87, 5219411.31]}, "properties": {"type": "gap", "gap_m": 4.3, "vineyard_id": "V34", "row_id": "V34-R14", "reachable": true, "id": "T0820", "x": 630351.87, "y": 5219411.31, "order": null, "visited": false}}, {"type": "Feature", "geometry": {"type": "Point", "coordinates": [630365.3, 5219395.78]}, "properties": {"type": "gap", "gap_m": 5.6, "vineyard_id": "V34", "row_id": "V34-R14", "reachable": true, "id": "T0821", "x": 630365.3, "y": 5219395.78, "order": null, "visited": false}}, {"type": "Feature", "geometry": {"type": "Point", "coordinates": [630353.47, 5219405.31]}, "properties": {"type": "gap", "gap_m": 3.6, "vineyard_id": "V34", "row_id": "V34-R15", "reachable": true, "id": "T0822", "x": 630353.47, "y": 5219405.31, "order": null, "visited": false}}, {"type": "Feature", "geometry": {"type": "Point", "coordinates": [630367.76, 5219388.81]}, "properties": {"type": "gap", "gap_m": 3.3, "vineyard_id": "V34", "row_id": "V34-R15", "reachable": true, "id": "T0823", "x": 630367.76, "y": 5219388.81, "order": null, "visited": false}}, {"type": "Feature", "geometry": {"type": "Point", "coordinates": [630334.24, 5219423.38]}, "properties": {"type": "gap", "gap_m": 4.8, "vineyard_id": "V34", "row_id": "V34-R16", "reachable": true, "id": "T0824", "x": 630334.24, "y": 5219423.38, "order": null, "visited": false}}, {"type": "Feature", "geometry": {"type": "Point", "coordinates": [630341.13, 5219415.45]}, "properties": {"type": "gap", "gap_m": 5.4, "vineyard_id": "V34", "row_id": "V34-R16", "reachable": true, "id": "T0825", "x": 630341.13, "y": 5219415.45, "order": null, "visited": false}}, {"type": "Feature", "geometry": {"type": "Point", "coordinates": [630347.77, 5219407.8]}, "properties": {"type": "gap", "gap_m": 7.1, "vineyard_id": "V34", "row_id": "V34-R16", "reachable": true, "id": "T0826", "x": 630347.77, "y": 5219407.8, "order": null, "visited": false}}, {"type": "Feature", "geometry": {"type": "Point", "coordinates": [630333.49, 5219416.18]}, "properties": {"type": "gap", "gap_m": 3.7, "vineyard_id": "V34", "row_id": "V34-R18", "reachable": true, "id": "T0827", "x": 630333.49, "y": 5219416.18, "order": null, "visited": false}}, {"type": "Feature", "geometry": {"type": "Point", "coordinates": [630336.53, 5219412.68]}, "properties": {"type": "gap", "gap_m": 4.3, "vineyard_id": "V34", "row_id": "V34-R18", "reachable": true, "id": "T0828", "x": 630336.53, "y": 5219412.68, "order": null, "visited": false}}, {"type": "Feature", "geometry": {"type": "Point", "coordinates": [630160.24, 5219409.3]}, "properties": {"type": "gap", "gap_m": 3.4, "vineyard_id": "V36", "row_id": "V36-R02", "reachable": true, "id": "T0829", "x": 630160.24, "y": 5219409.3, "order": null, "visited": false}}, {"type": "Feature", "geometry": {"type": "Point", "coordinates": [630147.42, 5219393.15]}, "properties": {"type": "gap", "gap_m": 4.7, "vineyard_id": "V36", "row_id": "V36-R02", "reachable": true, "id": "T0830", "x": 630147.42, "y": 5219393.15, "order": null, "visited": false}}, {"type": "Feature", "geometry": {"type": "Point", "coordinates": [630161.62, 5219407.27]}, "properties": {"type": "gap", "gap_m": 4.4, "vineyard_id": "V36", "row_id": "V36-R03", "reachable": true, "id": "T0831", "x": 630161.62, "y": 5219407.27, "order": null, "visited": false}}, {"type": "Feature", "geometry": {"type": "Point", "coordinates": [630157.58, 5219402.14]}, "properties": {"type": "gap", "gap_m": 3.7, "vineyard_id": "V36", "row_id": "V36-R03", "reachable": true, "id": "T0832", "x": 630157.58, "y": 5219402.14, "order": null, "visited": false}}, {"type": "Feature", "geometry": {"type": "Point", "coordinates": [630149.07, 5219391.33]}, "properties": {"type": "gap", "gap_m": 3.6, "vineyard_id": "V36", "row_id": "V36-R03", "reachable": true, "id": "T0833", "x": 630149.07, "y": 5219391.33, "order": null, "visited": false}}, {"type": "Feature", "geometry": {"type": "Point", "coordinates": [630159.27, 5219400.42]}, "properties": {"type": "gap", "gap_m": 5.0, "vineyard_id": "V36", "row_id": "V36-R04", "reachable": true, "id": "T0834", "x": 630159.27, "y": 5219400.42, "order": null, "visited": false}}, {"type": "Feature", "geometry": {"type": "Point", "coordinates": [630154.29, 5219393.98]}, "properties": {"type": "gap", "gap_m": 4.1, "vineyard_id": "V36", "row_id": "V36-R04", "reachable": true, "id": "T0835", "x": 630154.29, "y": 5219393.98, "order": null, "visited": false}}, {"type": "Feature", "geometry": {"type": "Point", "coordinates": [630150.56, 5219389.16]}, "properties": {"type": "gap", "gap_m": 4.7, "vineyard_id": "V36", "row_id": "V36-R04", "reachable": true, "id": "T0836", "x": 630150.56, "y": 5219389.16, "order": null, "visited": false}}, {"type": "Feature", "geometry": {"type": "Point", "coordinates": [630160.53, 5219384.73]}, "properties": {"type": "gap", "gap_m": 6.9, "vineyard_id": "V36", "row_id": "V36-R07", "reachable": true, "id": "T0837", "x": 630160.53, "y": 5219384.73, "order": null, "visited": false}}, {"type": "Feature", "geometry": {"type": "Point", "coordinates": [630277.71, 5219425.35]}, "properties": {"type": "gap", "gap_m": 4.8, "vineyard_id": "V38", "row_id": "V38-R02", "reachable": true, "id": "T0838", "x": 630277.71, "y": 5219425.35, "order": null, "visited": false}}, {"type": "Feature", "geometry": {"type": "Point", "coordinates": [630282.22, 5219426.26]}, "properties": {"type": "gap", "gap_m": 3.8, "vineyard_id": "V38", "row_id": "V38-R03", "reachable": true, "id": "T0839", "x": 630282.22, "y": 5219426.26, "order": null, "visited": false}}, {"type": "Feature", "geometry": {"type": "Point", "coordinates": [630278.05, 5219420.37]}, "properties": {"type": "gap", "gap_m": 8.7, "vineyard_id": "V38", "row_id": "V38-R03", "reachable": true, "id": "T0840", "x": 630278.05, "y": 5219420.37, "order": null, "visited": false}}, {"type": "Feature", "geometry": {"type": "Point", "coordinates": [630287.86, 5219424.7]}, "properties": {"type": "gap", "gap_m": 8.0, "vineyard_id": "V38", "row_id": "V38-R04", "reachable": true, "id": "T0841", "x": 630287.86, "y": 5219424.7, "order": null, "visited": false}}, {"type": "Feature", "geometry": {"type": "Point", "coordinates": [630278.3, 5219411.1]}, "properties": {"type": "gap", "gap_m": 4.2, "vineyard_id": "V38", "row_id": "V38-R04", "reachable": true, "id": "T0842", "x": 630278.3, "y": 5219411.1, "order": null, "visited": false}}, {"type": "Feature", "geometry": {"type": "Point", "coordinates": [630289.95, 5219420.98]}, "properties": {"type": "gap", "gap_m": 12.6, "vineyard_id": "V38", "row_id": "V38-R05", "reachable": true, "id": "T0843", "x": 630289.95, "y": 5219420.98, "order": null, "visited": true}}, {"type": "Feature", "geometry": {"type": "Point", "coordinates": [630280.11, 5219384.97]}, "properties": {"type": "gap", "gap_m": 3.4, "vineyard_id": "V38", "row_id": "V38-R11", "reachable": true, "id": "T0844", "x": 630280.11, "y": 5219384.97, "order": null, "visited": false}}, {"type": "Feature", "geometry": {"type": "Point", "coordinates": [630305.87, 5219389.15]}, "properties": {"type": "gap", "gap_m": 11.4, "vineyard_id": "V38", "row_id": "V38-R17", "reachable": true, "id": "T0845", "x": 630305.87, "y": 5219389.15, "order": null, "visited": false}}, {"type": "Feature", "geometry": {"type": "Point", "coordinates": [630320.48, 5219405.65]}, "properties": {"type": "gap", "gap_m": 3.2, "vineyard_id": "V38", "row_id": "V38-R18", "reachable": true, "id": "T0846", "x": 630320.48, "y": 5219405.65, "order": null, "visited": false}}, {"type": "Feature", "geometry": {"type": "Point", "coordinates": [630312.67, 5219360.45]}, "properties": {"type": "gap", "gap_m": 3.3, "vineyard_id": "V38", "row_id": "V38-R21", "reachable": true, "id": "T0847", "x": 630312.67, "y": 5219360.45, "order": null, "visited": false}}, {"type": "Feature", "geometry": {"type": "Point", "coordinates": [630335.7, 5219392.74]}, "properties": {"type": "gap", "gap_m": 4.5, "vineyard_id": "V38", "row_id": "V38-R22", "reachable": true, "id": "T0849", "x": 630335.7, "y": 5219392.74, "order": null, "visited": false}}, {"type": "Feature", "geometry": {"type": "Point", "coordinates": [630313.8, 5219357.58]}, "properties": {"type": "gap", "gap_m": 8.8, "vineyard_id": "V38", "row_id": "V38-R23", "reachable": true, "id": "T0850", "x": 630313.8, "y": 5219357.58, "order": null, "visited": false}}, {"type": "Feature", "geometry": {"type": "Point", "coordinates": [630321.67, 5219365.89]}, "properties": {"type": "gap", "gap_m": 9.1, "vineyard_id": "V38", "row_id": "V38-R24", "reachable": true, "id": "T0851", "x": 630321.67, "y": 5219365.89, "order": null, "visited": false}}, {"type": "Feature", "geometry": {"type": "Point", "coordinates": [630323.04, 5219363.67]}, "properties": {"type": "gap", "gap_m": 3.7, "vineyard_id": "V38", "row_id": "V38-R25", "reachable": true, "id": "T0852", "x": 630323.04, "y": 5219363.67, "order": null, "visited": false}}, {"type": "Feature", "geometry": {"type": "Point", "coordinates": [630306.37, 5219336.74]}, "properties": {"type": "gap", "gap_m": 5.6, "vineyard_id": "V38", "row_id": "V38-R25", "reachable": true, "id": "T0853", "x": 630306.37, "y": 5219336.74, "order": null, "visited": false}}, {"type": "Feature", "geometry": {"type": "Point", "coordinates": [630248.24, 5219370.38]}, "properties": {"type": "gap", "gap_m": 5.7, "vineyard_id": "V39", "row_id": "V39-R01", "reachable": true, "id": "T0854", "x": 630248.24, "y": 5219370.38, "order": null, "visited": false}}, {"type": "Feature", "geometry": {"type": "Point", "coordinates": [630225.72, 5219334.98]}, "properties": {"type": "gap", "gap_m": 3.8, "vineyard_id": "V39", "row_id": "V39-R01", "reachable": true, "id": "T0855", "x": 630225.72, "y": 5219334.98, "order": null, "visited": false}}, {"type": "Feature", "geometry": {"type": "Point", "coordinates": [630223.06, 5219330.8]}, "properties": {"type": "gap", "gap_m": 4.0, "vineyard_id": "V39", "row_id": "V39-R01", "reachable": true, "id": "T0856", "x": 630223.06, "y": 5219330.8, "order": null, "visited": false}}, {"type": "Feature", "geometry": {"type": "Point", "coordinates": [630209.58, 5219309.44]}, "properties": {"type": "gap", "gap_m": 4.1, "vineyard_id": "V39", "row_id": "V39-R01", "reachable": true, "id": "T0857", "x": 630209.58, "y": 5219309.44, "order": null, "visited": false}}, {"type": "Feature", "geometry": {"type": "Point", "coordinates": [630204.16, 5219300.93]}, "properties": {"type": "gap", "gap_m": 3.4, "vineyard_id": "V39", "row_id": "V39-R01", "reachable": true, "id": "T0858", "x": 630204.16, "y": 5219300.93, "order": null, "visited": false}}, {"type": "Feature", "geometry": {"type": "Point", "coordinates": [630250.14, 5219368.01]}, "properties": {"type": "gap", "gap_m": 7.2, "vineyard_id": "V39", "row_id": "V39-R02", "reachable": true, "id": "T0859", "x": 630250.14, "y": 5219368.01, "order": 85, "visited": true}}, {"type": "Feature", "geometry": {"type": "Point", "coordinates": [630213.77, 5219310.65]}, "properties": {"type": "gap", "gap_m": 4.6, "vineyard_id": "V39", "row_id": "V39-R02", "reachable": true, "id": "T0860", "x": 630213.77, "y": 5219310.65, "order": 86, "visited": true}}, {"type": "Feature", "geometry": {"type": "Point", "coordinates": [630206.73, 5219299.6]}, "properties": {"type": "gap", "gap_m": 4.2, "vineyard_id": "V39", "row_id": "V39-R02", "reachable": true, "id": "T0861", "x": 630206.73, "y": 5219299.6, "order": null, "visited": true}}, {"type": "Feature", "geometry": {"type": "Point", "coordinates": [630252.48, 5219366.22]}, "properties": {"type": "gap", "gap_m": 3.1, "vineyard_id": "V39", "row_id": "V39-R03", "reachable": true, "id": "T0862", "x": 630252.48, "y": 5219366.22, "order": 84, "visited": true}}, {"type": "Feature", "geometry": {"type": "Point", "coordinates": [630226.24, 5219324.98]}, "properties": {"type": "gap", "gap_m": 21.2, "vineyard_id": "V39", "row_id": "V39-R03", "reachable": true, "id": "T0863", "x": 630226.24, "y": 5219324.98, "order": null, "visited": true}}, {"type": "Feature", "geometry": {"type": "Point", "coordinates": [630213.56, 5219304.99]}, "properties": {"type": "gap", "gap_m": 4.3, "vineyard_id": "V39", "row_id": "V39-R03", "reachable": true, "id": "T0864", "x": 630213.56, "y": 5219304.99, "order": null, "visited": true}}, {"type": "Feature", "geometry": {"type": "Point", "coordinates": [630208.92, 5219297.69]}, "properties": {"type": "gap", "gap_m": 3.3, "vineyard_id": "V39", "row_id": "V39-R03", "reachable": true, "id": "T0865", "x": 630208.92, "y": 5219297.69, "order": null, "visited": true}}, {"type": "Feature", "geometry": {"type": "Point", "coordinates": [630223.4, 5219320.43]}, "properties": {"type": "gap", "gap_m": 4.1, "vineyard_id": "V39", "row_id": "V39-R04", "reachable": true, "id": "T0866", "x": 630223.4, "y": 5219320.43, "order": null, "visited": true}}, {"type": "Feature", "geometry": {"type": "Point", "coordinates": [630254.6, 5219363.8]}, "properties": {"type": "gap", "gap_m": 4.4, "vineyard_id": "V39", "row_id": "V39-R05", "reachable": true, "id": "T0867", "x": 630254.6, "y": 5219363.8, "order": null, "visited": true}}, {"type": "Feature", "geometry": {"type": "Point", "coordinates": [630249.4, 5219355.66]}, "properties": {"type": "gap", "gap_m": 5.3, "vineyard_id": "V39", "row_id": "V39-R05", "reachable": true, "id": "T0868", "x": 630249.4, "y": 5219355.66, "order": null, "visited": true}}, {"type": "Feature", "geometry": {"type": "Point", "coordinates": [630229.82, 5219325.23]}, "properties": {"type": "gap", "gap_m": 13.6, "vineyard_id": "V39", "row_id": "V39-R05", "reachable": true, "id": "T0869", "x": 630229.82, "y": 5219325.23, "order": 83, "visited": true}}, {"type": "Feature", "geometry": {"type": "Point", "coordinates": [630223.16, 5219314.72]}, "properties": {"type": "gap", "gap_m": 4.9, "vineyard_id": "V39", "row_id": "V39-R05", "reachable": true, "id": "T0870", "x": 630223.16, "y": 5219314.72, "order": null, "visited": false}}, {"type": "Feature", "geometry": {"type": "Point", "coordinates": [630257.06, 5219362.73]}, "properties": {"type": "gap", "gap_m": 3.8, "vineyard_id": "V39", "row_id": "V39-R06", "reachable": true, "id": "T0871", "x": 630257.06, "y": 5219362.73, "order": null, "visited": false}}, {"type": "Feature", "geometry": {"type": "Point", "coordinates": [630254.54, 5219358.79]}, "properties": {"type": "gap", "gap_m": 4.4, "vineyard_id": "V39", "row_id": "V39-R06", "reachable": true, "id": "T0872", "x": 630254.54, "y": 5219358.79, "order": null, "visited": false}}, {"type": "Feature", "geometry": {"type": "Point", "coordinates": [630251.71, 5219354.37]}, "properties": {"type": "gap", "gap_m": 3.6, "vineyard_id": "V39", "row_id": "V39-R06", "reachable": true, "id": "T0873", "x": 630251.71, "y": 5219354.37, "order": null, "visited": false}}, {"type": "Feature", "geometry": {"type": "Point", "coordinates": [630241.94, 5219339.06]}, "properties": {"type": "gap", "gap_m": 3.3, "vineyard_id": "V39", "row_id": "V39-R06", "reachable": true, "id": "T0874", "x": 630241.94, "y": 5219339.06, "order": null, "visited": false}}, {"type": "Feature", "geometry": {"type": "Point", "coordinates": [630230.43, 5219321.3]}, "properties": {"type": "gap", "gap_m": 20.3, "vineyard_id": "V39", "row_id": "V39-R06", "reachable": true, "id": "T0875", "x": 630230.43, "y": 5219321.3, "order": null, "visited": false}}, {"type": "Feature", "geometry": {"type": "Point", "coordinates": [630221.61, 5219307.27]}, "properties": {"type": "gap", "gap_m": 10.3, "vineyard_id": "V39", "row_id": "V39-R06", "reachable": true, "id": "T0876", "x": 630221.61, "y": 5219307.27, "order": null, "visited": false}}, {"type": "Feature", "geometry": {"type": "Point", "coordinates": [630259.37, 5219361.49]}, "properties": {"type": "gap", "gap_m": 3.1, "vineyard_id": "V39", "row_id": "V39-R07", "reachable": true, "id": "T0878", "x": 630259.37, "y": 5219361.49, "order": null, "visited": true}}, {"type": "Feature", "geometry": {"type": "Point", "coordinates": [630237.66, 5219327.52]}, "properties": {"type": "gap", "gap_m": 3.5, "vineyard_id": "V39", "row_id": "V39-R07", "reachable": true, "id": "T0879", "x": 630237.66, "y": 5219327.52, "order": null, "visited": true}}, {"type": "Feature", "geometry": {"type": "Point", "coordinates": [630233.66, 5219321.29]}, "properties": {"type": "gap", "gap_m": 8.6, "vineyard_id": "V39", "row_id": "V39-R07", "reachable": true, "id": "T0880", "x": 630233.66, "y": 5219321.29, "order": 118, "visited": true}}, {"type": "Feature", "geometry": {"type": "Point", "coordinates": [630227.21, 5219311.23]}, "properties": {"type": "gap", "gap_m": 7.4, "vineyard_id": "V39", "row_id": "V39-R07", "reachable": true, "id": "T0881", "x": 630227.21, "y": 5219311.23, "order": null, "visited": true}}, {"type": "Feature", "geometry": {"type": "Point", "coordinates": [630259.48, 5219357.02]}, "properties": {"type": "gap", "gap_m": 9.1, "vineyard_id": "V39", "row_id": "V39-R08", "reachable": true, "id": "T0882", "x": 630259.48, "y": 5219357.02, "order": null, "visited": true}}, {"type": "Feature", "geometry": {"type": "Point", "coordinates": [630255.71, 5219351.09]}, "properties": {"type": "gap", "gap_m": 3.2, "vineyard_id": "V39", "row_id": "V39-R08", "reachable": true, "id": "T0883", "x": 630255.71, "y": 5219351.09, "order": null, "visited": true}}, {"type": "Feature", "geometry": {"type": "Point", "coordinates": [630237.65, 5219322.88]}, "properties": {"type": "gap", "gap_m": 5.9, "vineyard_id": "V39", "row_id": "V39-R08", "reachable": true, "id": "T0884", "x": 630237.65, "y": 5219322.88, "order": 119, "visited": true}}, {"type": "Feature", "geometry": {"type": "Point", "coordinates": [630230.01, 5219311.09]}, "properties": {"type": "gap", "gap_m": 10.7, "vineyard_id": "V39", "row_id": "V39-R08", "reachable": true, "id": "T0885", "x": 630230.01, "y": 5219311.09, "order": null, "visited": true}}, {"type": "Feature", "geometry": {"type": "Point", "coordinates": [630223.41, 5219300.9]}, "properties": {"type": "gap", "gap_m": 5.2, "vineyard_id": "V39", "row_id": "V39-R08", "reachable": true, "id": "T0886", "x": 630223.41, "y": 5219300.9, "order": null, "visited": true}}, {"type": "Feature", "geometry": {"type": "Point", "coordinates": [630263.0, 5219357.84]}, "properties": {"type": "gap", "gap_m": 4.8, "vineyard_id": "V39", "row_id": "V39-R09", "reachable": true, "id": "T0887", "x": 630263.0, "y": 5219357.84, "order": null, "visited": true}}, {"type": "Feature", "geometry": {"type": "Point", "coordinates": [630251.78, 5219340.29]}, "properties": {"type": "gap", "gap_m": 3.9, "vineyard_id": "V39", "row_id": "V39-R09", "reachable": true, "id": "T0888", "x": 630251.78, "y": 5219340.29, "order": null, "visited": true}}, {"type": "Feature", "geometry": {"type": "Point", "coordinates": [630239.97, 5219321.93]}, "properties": {"type": "gap", "gap_m": 3.3, "vineyard_id": "V39", "row_id": "V39-R09", "reachable": true, "id": "T0889", "x": 630239.97, "y": 5219321.93, "order": null, "visited": true}}, {"type": "Feature", "geometry": {"type": "Point", "coordinates": [630264.94, 5219356.27]}, "properties": {"type": "gap", "gap_m": 5.6, "vineyard_id": "V39", "row_id": "V39-R10", "reachable": true, "id": "T0890", "x": 630264.94, "y": 5219356.27, "order": 117, "visited": true}}, {"type": "Feature", "geometry": {"type": "Point", "coordinates": [630258.61, 5219346.33]}, "properties": {"type": "gap", "gap_m": 4.2, "vineyard_id": "V39", "row_id": "V39-R10", "reachable": true, "id": "T0891", "x": 630258.61, "y": 5219346.33, "order": null, "visited": true}}, {"type": "Feature", "geometry": {"type": "Point", "coordinates": [630248.86, 5219331.0]}, "properties": {"type": "gap", "gap_m": 10.9, "vineyard_id": "V39", "row_id": "V39-R10", "reachable": true, "id": "T0892", "x": 630248.86, "y": 5219331.0, "order": null, "visited": true}}, {"type": "Feature", "geometry": {"type": "Point", "coordinates": [630243.01, 5219322.02]}, "properties": {"type": "gap", "gap_m": 3.1, "vineyard_id": "V39", "row_id": "V39-R10", "reachable": true, "id": "T0893", "x": 630243.01, "y": 5219322.02, "order": null, "visited": true}}, {"type": "Feature", "geometry": {"type": "Point", "coordinates": [630232.29, 5219305.41]}, "properties": {"type": "gap", "gap_m": 35.3, "vineyard_id": "V39", "row_id": "V39-R10", "reachable": true, "id": "T0894", "x": 630232.29, "y": 5219305.41, "order": 116, "visited": true}}, {"type": "Feature", "geometry": {"type": "Point", "coordinates": [630266.36, 5219353.68]}, "properties": {"type": "gap", "gap_m": 7.5, "vineyard_id": "V39", "row_id": "V39-R11", "reachable": true, "id": "T0895", "x": 630266.36, "y": 5219353.68, "order": null, "visited": true}}, {"type": "Feature", "geometry": {"type": "Point", "coordinates": [630258.45, 5219341.27]}, "properties": {"type": "gap", "gap_m": 5.2, "vineyard_id": "V39", "row_id": "V39-R11", "reachable": true, "id": "T0896", "x": 630258.45, "y": 5219341.27, "order": 113, "visited": true}}, {"type": "Feature", "geometry": {"type": "Point", "coordinates": [630254.88, 5219335.66]}, "properties": {"type": "gap", "gap_m": 6.9, "vineyard_id": "V39", "row_id": "V39-R11", "reachable": true, "id": "T0897", "x": 630254.88, "y": 5219335.66, "order": 114, "visited": true}}, {"type": "Feature", "geometry": {"type": "Point", "coordinates": [630244.72, 5219319.89]}, "properties": {"type": "gap", "gap_m": 7.7, "vineyard_id": "V39", "row_id": "V39-R11", "reachable": true, "id": "T0898", "x": 630244.72, "y": 5219319.89, "order": 115, "visited": true}}, {"type": "Feature", "geometry": {"type": "Point", "coordinates": [630237.56, 5219308.74]}, "properties": {"type": "gap", "gap_m": 16.4, "vineyard_id": "V39", "row_id": "V39-R11", "reachable": true, "id": "T0899", "x": 630237.56, "y": 5219308.74, "order": null, "visited": true}}, {"type": "Feature", "geometry": {"type": "Point", "coordinates": [630230.23, 5219297.32]}, "properties": {"type": "gap", "gap_m": 9.2, "vineyard_id": "V39", "row_id": "V39-R11", "reachable": true, "id": "T0900", "x": 630230.23, "y": 5219297.32, "order": null, "visited": true}}, {"type": "Feature", "geometry": {"type": "Point", "coordinates": [630224.76, 5219288.8]}, "properties": {"type": "gap", "gap_m": 8.1, "vineyard_id": "V39", "row_id": "V39-R11", "reachable": true, "id": "T0901", "x": 630224.76, "y": 5219288.8, "order": null, "visited": true}}, {"type": "Feature", "geometry": {"type": "Point", "coordinates": [630267.81, 5219350.88]}, "properties": {"type": "gap", "gap_m": 11.2, "vineyard_id": "V39", "row_id": "V39-R12", "reachable": true, "id": "T0902", "x": 630267.81, "y": 5219350.88, "order": null, "visited": true}}, {"type": "Feature", "geometry": {"type": "Point", "coordinates": [630259.44, 5219337.75]}, "properties": {"type": "gap", "gap_m": 3.1, "vineyard_id": "V39", "row_id": "V39-R12", "reachable": true, "id": "T0903", "x": 630259.44, "y": 5219337.75, "order": null, "visited": true}}, {"type": "Feature", "geometry": {"type": "Point", "coordinates": [630226.07, 5219285.41]}, "properties": {"type": "gap", "gap_m": 3.0, "vineyard_id": "V39", "row_id": "V39-R12", "reachable": true, "id": "T0904", "x": 630226.07, "y": 5219285.41, "order": null, "visited": true}}, {"type": "Feature", "geometry": {"type": "Point", "coordinates": [630267.45, 5219345.18]}, "properties": {"type": "gap", "gap_m": 10.0, "vineyard_id": "V39", "row_id": "V39-R13", "reachable": true, "id": "T0905", "x": 630267.45, "y": 5219345.18, "order": null, "visited": true}}, {"type": "Feature", "geometry": {"type": "Point", "coordinates": [630255.08, 5219325.86]}, "properties": {"type": "gap", "gap_m": 13.0, "vineyard_id": "V39", "row_id": "V39-R13", "reachable": true, "id": "T0906", "x": 630255.08, "y": 5219325.86, "order": null, "visited": true}}, {"type": "Feature", "geometry": {"type": "Point", "coordinates": [630248.19, 5219315.06]}, "properties": {"type": "gap", "gap_m": 9.6, "vineyard_id": "V39", "row_id": "V39-R13", "reachable": true, "id": "T0907", "x": 630248.19, "y": 5219315.06, "order": null, "visited": true}}, {"type": "Feature", "geometry": {"type": "Point", "coordinates": [630243.43, 5219307.59]}, "properties": {"type": "gap", "gap_m": 4.9, "vineyard_id": "V39", "row_id": "V39-R13", "reachable": true, "id": "T0908", "x": 630243.43, "y": 5219307.59, "order": null, "visited": true}}, {"type": "Feature", "geometry": {"type": "Point", "coordinates": [630240.06, 5219302.32]}, "properties": {"type": "gap", "gap_m": 4.1, "vineyard_id": "V39", "row_id": "V39-R13", "reachable": true, "id": "T0909", "x": 630240.06, "y": 5219302.32, "order": 112, "visited": true}}, {"type": "Feature", "geometry": {"type": "Point", "coordinates": [630234.72, 5219293.95]}, "properties": {"type": "gap", "gap_m": 3.6, "vineyard_id": "V39", "row_id": "V39-R13", "reachable": true, "id": "T0910", "x": 630234.72, "y": 5219293.95, "order": null, "visited": false}}, {"type": "Feature", "geometry": {"type": "Point", "coordinates": [630231.76, 5219289.31]}, "properties": {"type": "gap", "gap_m": 4.5, "vineyard_id": "V39", "row_id": "V39-R13", "reachable": true, "id": "T0911", "x": 630231.76, "y": 5219289.31, "order": null, "visited": false}}, {"type": "Feature", "geometry": {"type": "Point", "coordinates": [630228.2, 5219283.72]}, "properties": {"type": "gap", "gap_m": 3.8, "vineyard_id": "V39", "row_id": "V39-R13", "reachable": true, "id": "T0912", "x": 630228.2, "y": 5219283.72, "order": null, "visited": false}}, {"type": "Feature", "geometry": {"type": "Point", "coordinates": [630265.93, 5219337.87]}, "properties": {"type": "gap", "gap_m": 3.3, "vineyard_id": "V39", "row_id": "V39-R14", "reachable": true, "id": "T0913", "x": 630265.93, "y": 5219337.87, "order": null, "visited": true}}, {"type": "Feature", "geometry": {"type": "Point", "coordinates": [630261.89, 5219331.65]}, "properties": {"type": "gap", "gap_m": 4.5, "vineyard_id": "V39", "row_id": "V39-R14", "reachable": true, "id": "T0914", "x": 630261.89, "y": 5219331.65, "order": null, "visited": true}}, {"type": "Feature", "geometry": {"type": "Point", "coordinates": [630251.11, 5219314.76]}, "properties": {"type": "gap", "gap_m": 8.8, "vineyard_id": "V39", "row_id": "V39-R14", "reachable": true, "id": "T0916", "x": 630251.11, "y": 5219314.76, "order": null, "visited": true}}, {"type": "Feature", "geometry": {"type": "Point", "coordinates": [630245.81, 5219306.46]}, "properties": {"type": "gap", "gap_m": 7.0, "vineyard_id": "V39", "row_id": "V39-R14", "reachable": true, "id": "T0917", "x": 630245.81, "y": 5219306.46, "order": null, "visited": true}}, {"type": "Feature", "geometry": {"type": "Point", "coordinates": [630237.78, 5219293.88]}, "properties": {"type": "gap", "gap_m": 13.7, "vineyard_id": "V39", "row_id": "V39-R14", "reachable": true, "id": "T0918", "x": 630237.78, "y": 5219293.88, "order": null, "visited": true}}, {"type": "Feature", "geometry": {"type": "Point", "coordinates": [630231.22, 5219283.6]}, "properties": {"type": "gap", "gap_m": 7.4, "vineyard_id": "V39", "row_id": "V39-R14", "reachable": true, "id": "T0919", "x": 630231.22, "y": 5219283.6, "order": null, "visited": true}}, {"type": "Feature", "geometry": {"type": "Point", "coordinates": [630299.09, 5219319.28]}, "properties": {"type": "gap", "gap_m": 5.1, "vineyard_id": "V41", "row_id": "V41-R08", "reachable": true, "id": "T0920", "x": 630299.09, "y": 5219319.28, "order": null, "visited": false}}, {"type": "Feature", "geometry": {"type": "Point", "coordinates": [630293.0, 5219309.95]}, "properties": {"type": "gap", "gap_m": 4.8, "vineyard_id": "V41", "row_id": "V41-R08", "reachable": true, "id": "T0921", "x": 630293.0, "y": 5219309.95, "order": null, "visited": false}}, {"type": "Feature", "geometry": {"type": "Point", "coordinates": [630264.38, 5219265.71]}, "properties": {"type": "gap", "gap_m": 5.5, "vineyard_id": "V41", "row_id": "V41-R09", "reachable": true, "id": "T0922", "x": 630264.38, "y": 5219265.71, "order": null, "visited": false}}, {"type": "Feature", "geometry": {"type": "Point", "coordinates": [630301.81, 5219318.63]}, "properties": {"type": "gap", "gap_m": 3.4, "vineyard_id": "V41", "row_id": "V41-R10", "reachable": true, "id": "T0923", "x": 630301.81, "y": 5219318.63, "order": null, "visited": false}}, {"type": "Feature", "geometry": {"type": "Point", "coordinates": [630295.84, 5219309.48]}, "properties": {"type": "gap", "gap_m": 4.2, "vineyard_id": "V41", "row_id": "V41-R10", "reachable": true, "id": "T0924", "x": 630295.84, "y": 5219309.48, "order": null, "visited": false}}, {"type": "Feature", "geometry": {"type": "Point", "coordinates": [630291.47, 5219302.78]}, "properties": {"type": "gap", "gap_m": 3.5, "vineyard_id": "V41", "row_id": "V41-R10", "reachable": true, "id": "T0925", "x": 630291.47, "y": 5219302.78, "order": null, "visited": false}}, {"type": "Feature", "geometry": {"type": "Point", "coordinates": [630286.78, 5219295.59]}, "properties": {"type": "gap", "gap_m": 6.2, "vineyard_id": "V41", "row_id": "V41-R10", "reachable": true, "id": "T0926", "x": 630286.78, "y": 5219295.59, "order": null, "visited": false}}, {"type": "Feature", "geometry": {"type": "Point", "coordinates": [630281.97, 5219288.22]}, "properties": {"type": "gap", "gap_m": 5.9, "vineyard_id": "V41", "row_id": "V41-R10", "reachable": true, "id": "T0927", "x": 630281.97, "y": 5219288.22, "order": null, "visited": false}}, {"type": "Feature", "geometry": {"type": "Point", "coordinates": [630279.21, 5219283.99]}, "properties": {"type": "gap", "gap_m": 3.1, "vineyard_id": "V41", "row_id": "V41-R10", "reachable": true, "id": "T0928", "x": 630279.21, "y": 5219283.99, "order": null, "visited": false}}, {"type": "Feature", "geometry": {"type": "Point", "coordinates": [630210.65, 5219271.25]}, "properties": {"type": "gap", "gap_m": 3.1, "vineyard_id": "V42", "row_id": "V42-R05", "reachable": true, "id": "T0930", "x": 630210.65, "y": 5219271.25, "order": null, "visited": false}}, {"type": "Feature", "geometry": {"type": "Point", "coordinates": [630211.2, 5219263.77]}, "properties": {"type": "gap", "gap_m": 3.6, "vineyard_id": "V42", "row_id": "V42-R07", "reachable": true, "id": "T0931", "x": 630211.2, "y": 5219263.77, "order": null, "visited": false}}, {"type": "Feature", "geometry": {"type": "Point", "coordinates": [630175.28, 5219288.51]}, "properties": {"type": "gap", "gap_m": 3.2, "vineyard_id": "V42", "row_id": "V42-R08", "reachable": true, "id": "T0932", "x": 630175.28, "y": 5219288.51, "order": 110, "visited": true}}, {"type": "Feature", "geometry": {"type": "Point", "coordinates": [630180.6, 5219284.41]}, "properties": {"type": "gap", "gap_m": 3.1, "vineyard_id": "V42", "row_id": "V42-R08", "reachable": true, "id": "T0933", "x": 630180.6, "y": 5219284.41, "order": null, "visited": true}}, {"type": "Feature", "geometry": {"type": "Point", "coordinates": [630195.7, 5219272.6]}, "properties": {"type": "gap", "gap_m": 3.2, "vineyard_id": "V42", "row_id": "V42-R08", "reachable": true, "id": "T0934", "x": 630195.7, "y": 5219272.6, "order": null, "visited": true}}, {"type": "Feature", "geometry": {"type": "Point", "coordinates": [630200.66, 5219268.74]}, "properties": {"type": "gap", "gap_m": 7.0, "vineyard_id": "V42", "row_id": "V42-R08", "reachable": true, "id": "T0935", "x": 630200.66, "y": 5219268.74, "order": 111, "visited": true}}, {"type": "Feature", "geometry": {"type": "Point", "coordinates": [630213.27, 5219258.93]}, "properties": {"type": "gap", "gap_m": 4.9, "vineyard_id": "V42", "row_id": "V42-R08", "reachable": true, "id": "T0936", "x": 630213.27, "y": 5219258.93, "order": null, "visited": true}}, {"type": "Feature", "geometry": {"type": "Point", "coordinates": [630177.75, 5219283.29]}, "properties": {"type": "gap", "gap_m": 5.9, "vineyard_id": "V42", "row_id": "V42-R09", "reachable": true, "id": "T0937", "x": 630177.75, "y": 5219283.29, "order": 99, "visited": true}}, {"type": "Feature", "geometry": {"type": "Point", "coordinates": [630188.09, 5219275.21]}, "properties": {"type": "gap", "gap_m": 3.5, "vineyard_id": "V42", "row_id": "V42-R09", "reachable": true, "id": "T0938", "x": 630188.09, "y": 5219275.21, "order": 98, "visited": true}}, {"type": "Feature", "geometry": {"type": "Point", "coordinates": [630198.67, 5219266.93]}, "properties": {"type": "gap", "gap_m": 8.5, "vineyard_id": "V42", "row_id": "V42-R09", "reachable": true, "id": "T0939", "x": 630198.67, "y": 5219266.93, "order": 96, "visited": true}}, {"type": "Feature", "geometry": {"type": "Point", "coordinates": [630211.45, 5219256.93]}, "properties": {"type": "gap", "gap_m": 5.4, "vineyard_id": "V42", "row_id": "V42-R09", "reachable": true, "id": "T0940", "x": 630211.45, "y": 5219256.93, "order": 95, "visited": true}}, {"type": "Feature", "geometry": {"type": "Point", "coordinates": [630192.33, 5219268.35]}, "properties": {"type": "gap", "gap_m": 5.2, "vineyard_id": "V42", "row_id": "V42-R10", "reachable": true, "id": "T0941", "x": 630192.33, "y": 5219268.35, "order": 97, "visited": true}}, {"type": "Feature", "geometry": {"type": "Point", "coordinates": [630206.21, 5219257.4]}, "properties": {"type": "gap", "gap_m": 3.6, "vineyard_id": "V42", "row_id": "V42-R10", "reachable": true, "id": "T0942", "x": 630206.21, "y": 5219257.4, "order": 93, "visited": true}}, {"type": "Feature", "geometry": {"type": "Point", "coordinates": [630212.18, 5219252.7]}, "properties": {"type": "gap", "gap_m": 4.8, "vineyard_id": "V42", "row_id": "V42-R10", "reachable": true, "id": "T0943", "x": 630212.18, "y": 5219252.7, "order": 94, "visited": true}}, {"type": "Feature", "geometry": {"type": "Point", "coordinates": [630189.84, 5219266.78]}, "properties": {"type": "gap", "gap_m": 5.4, "vineyard_id": "V42", "row_id": "V42-R11", "reachable": true, "id": "T0944", "x": 630189.84, "y": 5219266.78, "order": 92, "visited": true}}, {"type": "Feature", "geometry": {"type": "Point", "coordinates": [630198.18, 5219256.79]}, "properties": {"type": "gap", "gap_m": 4.0, "vineyard_id": "V42", "row_id": "V42-R12", "reachable": true, "id": "T0945", "x": 630198.18, "y": 5219256.79, "order": null, "visited": true}}, {"type": "Feature", "geometry": {"type": "Point", "coordinates": [630192.37, 5219257.64]}, "properties": {"type": "gap", "gap_m": 3.0, "vineyard_id": "V42", "row_id": "V42-R13", "reachable": true, "id": "T0946", "x": 630192.37, "y": 5219257.64, "order": 88, "visited": true}}, {"type": "Feature", "geometry": {"type": "Point", "coordinates": [630178.0, 5219265.34]}, "properties": {"type": "gap", "gap_m": 12.9, "vineyard_id": "V42", "row_id": "V42-R14", "reachable": true, "id": "T0947", "x": 630178.0, "y": 5219265.34, "order": 109, "visited": true}}, {"type": "Feature", "geometry": {"type": "Point", "coordinates": [630188.93, 5219256.81]}, "properties": {"type": "gap", "gap_m": 7.6, "vineyard_id": "V42", "row_id": "V42-R14", "reachable": true, "id": "T0948", "x": 630188.93, "y": 5219256.81, "order": 87, "visited": true}}, {"type": "Feature", "geometry": {"type": "Point", "coordinates": [630194.04, 5219252.82]}, "properties": {"type": "gap", "gap_m": 3.2, "vineyard_id": "V42", "row_id": "V42-R14", "reachable": true, "id": "T0949", "x": 630194.04, "y": 5219252.82, "order": null, "visited": true}}, {"type": "Feature", "geometry": {"type": "Point", "coordinates": [630197.08, 5219250.44]}, "properties": {"type": "gap", "gap_m": 3.1, "vineyard_id": "V42", "row_id": "V42-R14", "reachable": true, "id": "T0950", "x": 630197.08, "y": 5219250.44, "order": null, "visited": true}}, {"type": "Feature", "geometry": {"type": "Point", "coordinates": [630202.43, 5219246.27]}, "properties": {"type": "gap", "gap_m": 5.0, "vineyard_id": "V42", "row_id": "V42-R14", "reachable": true, "id": "T0951", "x": 630202.43, "y": 5219246.27, "order": 89, "visited": true}}, {"type": "Feature", "geometry": {"type": "Point", "coordinates": [630207.09, 5219242.63]}, "properties": {"type": "gap", "gap_m": 3.0, "vineyard_id": "V42", "row_id": "V42-R14", "reachable": true, "id": "T0952", "x": 630207.09, "y": 5219242.63, "order": 90, "visited": true}}, {"type": "Feature", "geometry": {"type": "Point", "coordinates": [630213.91, 5219237.3]}, "properties": {"type": "gap", "gap_m": 5.3, "vineyard_id": "V42", "row_id": "V42-R14", "reachable": true, "id": "T0953", "x": 630213.91, "y": 5219237.3, "order": 91, "visited": true}}, {"type": "Feature", "geometry": {"type": "Point", "coordinates": [630167.53, 5219270.39]}, "properties": {"type": "gap", "gap_m": 7.9, "vineyard_id": "V42", "row_id": "V42-R15", "reachable": true, "id": "T0954", "x": 630167.53, "y": 5219270.39, "order": null, "visited": true}}, {"type": "Feature", "geometry": {"type": "Point", "coordinates": [630173.35, 5219265.69]}, "properties": {"type": "gap", "gap_m": 5.8, "vineyard_id": "V42", "row_id": "V42-R15", "reachable": true, "id": "T0955", "x": 630173.35, "y": 5219265.69, "order": 108, "visited": true}}, {"type": "Feature", "geometry": {"type": "Point", "coordinates": [630177.3, 5219262.59]}, "properties": {"type": "gap", "gap_m": 3.3, "vineyard_id": "V42", "row_id": "V42-R15", "reachable": true, "id": "T0956", "x": 630177.3, "y": 5219262.59, "order": 107, "visited": true}}, {"type": "Feature", "geometry": {"type": "Point", "coordinates": [630180.19, 5219260.32]}, "properties": {"type": "gap", "gap_m": 3.1, "vineyard_id": "V42", "row_id": "V42-R15", "reachable": true, "id": "T0957", "x": 630180.19, "y": 5219260.32, "order": 106, "visited": true}}, {"type": "Feature", "geometry": {"type": "Point", "coordinates": [630185.13, 5219256.45]}, "properties": {"type": "gap", "gap_m": 8.2, "vineyard_id": "V42", "row_id": "V42-R15", "reachable": true, "id": "T0958", "x": 630185.13, "y": 5219256.45, "order": null, "visited": true}}, {"type": "Feature", "geometry": {"type": "Point", "coordinates": [630190.9, 5219251.92]}, "properties": {"type": "gap", "gap_m": 3.4, "vineyard_id": "V42", "row_id": "V42-R15", "reachable": true, "id": "T0959", "x": 630190.9, "y": 5219251.92, "order": 105, "visited": true}}, {"type": "Feature", "geometry": {"type": "Point", "coordinates": [630202.6, 5219242.75]}, "properties": {"type": "gap", "gap_m": 3.8, "vineyard_id": "V42", "row_id": "V42-R15", "reachable": true, "id": "T0960", "x": 630202.6, "y": 5219242.75, "order": null, "visited": true}}, {"type": "Feature", "geometry": {"type": "Point", "coordinates": [630179.47, 5219257.43]}, "properties": {"type": "gap", "gap_m": 3.2, "vineyard_id": "V42", "row_id": "V42-R16", "reachable": true, "id": "T0961", "x": 630179.47, "y": 5219257.43, "order": null, "visited": true}}, {"type": "Feature", "geometry": {"type": "Point", "coordinates": [630187.4, 5219251.23]}, "properties": {"type": "gap", "gap_m": 6.6, "vineyard_id": "V42", "row_id": "V42-R16", "reachable": true, "id": "T0962", "x": 630187.4, "y": 5219251.23, "order": null, "visited": true}}, {"type": "Feature", "geometry": {"type": "Point", "coordinates": [630201.15, 5219240.47]}, "properties": {"type": "gap", "gap_m": 3.9, "vineyard_id": "V42", "row_id": "V42-R16", "reachable": true, "id": "T0963", "x": 630201.15, "y": 5219240.47, "order": 104, "visited": true}}, {"type": "Feature", "geometry": {"type": "Point", "coordinates": [630206.76, 5219236.08]}, "properties": {"type": "gap", "gap_m": 3.8, "vineyard_id": "V42", "row_id": "V42-R16", "reachable": true, "id": "T0964", "x": 630206.76, "y": 5219236.08, "order": null, "visited": false}}, {"type": "Feature", "geometry": {"type": "Point", "coordinates": [630160.07, 5219269.31]}, "properties": {"type": "gap", "gap_m": 5.2, "vineyard_id": "V42", "row_id": "V42-R17", "reachable": true, "id": "T0965", "x": 630160.07, "y": 5219269.31, "order": null, "visited": false}}, {"type": "Feature", "geometry": {"type": "Point", "coordinates": [630212.26, 5219228.34]}, "properties": {"type": "gap", "gap_m": 3.0, "vineyard_id": "V42", "row_id": "V42-R17", "reachable": true, "id": "T0966", "x": 630212.26, "y": 5219228.34, "order": null, "visited": false}}, {"type": "Feature", "geometry": {"type": "Point", "coordinates": [630216.37, 5219224.79]}, "properties": {"type": "gap", "gap_m": 5.6, "vineyard_id": "V42", "row_id": "V42-R17", "reachable": true, "id": "T0967", "x": 630216.37, "y": 5219224.79, "order": null, "visited": false}}, {"type": "Feature", "geometry": {"type": "Point", "coordinates": [630168.69, 5219258.66]}, "properties": {"type": "gap", "gap_m": 10.8, "vineyard_id": "V42", "row_id": "V42-R18", "reachable": true, "id": "T0968", "x": 630168.69, "y": 5219258.66, "order": null, "visited": false}}, {"type": "Feature", "geometry": {"type": "Point", "coordinates": [630178.87, 5219250.75]}, "properties": {"type": "gap", "gap_m": 4.3, "vineyard_id": "V42", "row_id": "V42-R18", "reachable": true, "id": "T0969", "x": 630178.87, "y": 5219250.75, "order": null, "visited": false}}, {"type": "Feature", "geometry": {"type": "Point", "coordinates": [630182.76, 5219247.73]}, "properties": {"type": "gap", "gap_m": 4.7, "vineyard_id": "V42", "row_id": "V42-R18", "reachable": true, "id": "T0970", "x": 630182.76, "y": 5219247.73, "order": null, "visited": false}}, {"type": "Feature", "geometry": {"type": "Point", "coordinates": [630187.26, 5219244.25]}, "properties": {"type": "gap", "gap_m": 3.9, "vineyard_id": "V42", "row_id": "V42-R18", "reachable": true, "id": "T0971", "x": 630187.26, "y": 5219244.25, "order": null, "visited": false}}, {"type": "Feature", "geometry": {"type": "Point", "coordinates": [630203.64, 5219228.01]}, "properties": {"type": "gap", "gap_m": 4.5, "vineyard_id": "V42", "row_id": "V42-R19", "reachable": true, "id": "T0972", "x": 630203.64, "y": 5219228.01, "order": null, "visited": true}}, {"type": "Feature", "geometry": {"type": "Point", "coordinates": [630173.99, 5219247.67]}, "properties": {"type": "gap", "gap_m": 9.7, "vineyard_id": "V42", "row_id": "V42-R20", "reachable": true, "id": "T0973", "x": 630173.99, "y": 5219247.67, "order": null, "visited": true}}, {"type": "Feature", "geometry": {"type": "Point", "coordinates": [630180.39, 5219242.67]}, "properties": {"type": "gap", "gap_m": 5.6, "vineyard_id": "V42", "row_id": "V42-R20", "reachable": true, "id": "T0974", "x": 630180.39, "y": 5219242.67, "order": 102, "visited": true}}, {"type": "Feature", "geometry": {"type": "Point", "coordinates": [630187.55, 5219237.08]}, "properties": {"type": "gap", "gap_m": 4.5, "vineyard_id": "V42", "row_id": "V42-R20", "reachable": true, "id": "T0975", "x": 630187.55, "y": 5219237.08, "order": null, "visited": true}}, {"type": "Feature", "geometry": {"type": "Point", "coordinates": [630196.7, 5219229.94]}, "properties": {"type": "gap", "gap_m": 10.2, "vineyard_id": "V42", "row_id": "V42-R20", "reachable": true, "id": "T0976", "x": 630196.7, "y": 5219229.94, "order": 100, "visited": true}}, {"type": "Feature", "geometry": {"type": "Point", "coordinates": [630166.64, 5219250.9]}, "properties": {"type": "gap", "gap_m": 8.4, "vineyard_id": "V42", "row_id": "V42-R21", "reachable": true, "id": "T0977", "x": 630166.64, "y": 5219250.9, "order": 103, "visited": true}}, {"type": "Feature", "geometry": {"type": "Point", "coordinates": [630186.12, 5219234.65]}, "properties": {"type": "gap", "gap_m": 4.9, "vineyard_id": "V42", "row_id": "V42-R21", "reachable": true, "id": "T0978", "x": 630186.12, "y": 5219234.65, "order": 101, "visited": true}}, {"type": "Feature", "geometry": {"type": "Point", "coordinates": [630180.07, 5219236.51]}, "properties": {"type": "gap", "gap_m": 4.1, "vineyard_id": "V42", "row_id": "V42-R22", "reachable": true, "id": "T0979", "x": 630180.07, "y": 5219236.51, "order": null, "visited": false}}, {"type": "Feature", "geometry": {"type": "Point", "coordinates": [630184.3, 5219233.05]}, "properties": {"type": "gap", "gap_m": 5.7, "vineyard_id": "V42", "row_id": "V42-R22", "reachable": true, "id": "T0980", "x": 630184.3, "y": 5219233.05, "order": null, "visited": false}}, {"type": "Feature", "geometry": {"type": "Point", "coordinates": [630190.64, 5219227.88]}, "properties": {"type": "gap", "gap_m": 3.6, "vineyard_id": "V42", "row_id": "V42-R22", "reachable": true, "id": "T0981", "x": 630190.64, "y": 5219227.88, "order": null, "visited": false}}]}